date,close,open,without_long,without_long_rank,without_long_partial_rank,raw_close
2014-01-02,18.658750534057617,18.87068686206995,,,,22.229999542236328
2014-01-03,18.927349090576172,18.761578811066883,,,,22.549999237060547
2014-01-06,18.96721649169922,19.20433235280474,,,,22.59749984741211
2014-01-07,19.070037841796875,19.25259710457417,,,,22.719999313354492
2014-01-08,19.214824676513672,19.139283029310477,,,,22.892499923706055
2014-01-09,19.384794235229492,19.382697012191418,,,,23.094999313354492
2014-01-10,19.328134536743164,19.368004178752447,,,,23.02750015258789
2014-01-13,18.53075408935547,19.294562666410688,,,,22.077499389648438
2014-01-14,18.9735107421875,18.776264535325375,,,,22.604999542236328
2014-01-15,19.552656173706055,19.2001291482581,,,,23.295000076293945
2014-01-16,19.237911224365234,19.34702607191083,,,,22.920000076293945
2014-01-17,19.120397567749023,19.277775725601963,,,,22.780000686645508
2014-01-21,19.210628509521484,19.384792460822894,,,,22.887500762939453
2014-01-22,19.374298095703125,19.30295250829636,,,,23.082500457763672
2014-01-23,18.524459838867188,19.097317091300102,,,,22.06999969482422
2014-01-24,17.231855392456055,18.140450514687544,,,,20.530000686645508
2014-01-27,16.8079833984375,17.311593717684012,,,,20.024999618530273
2014-01-28,17.450088500976562,17.066085464629854,,,,20.790000915527344
2014-01-29,16.900314331054688,16.885625768450275,,,,20.135000228881836
2014-01-30,17.550811767578125,17.355662790784248,,,,20.90999984741211
2014-01-31,16.925495147705078,16.80588622429571,,,,20.165000915527344
2014-02-03,15.721031188964844,16.90241779494326,,,,18.729999542236328
2014-02-04,16.11342430114746,15.941357588659086,,,,19.197500228881836
2014-02-05,16.10922622680664,16.008505110472896,,,,19.1924991607666
2014-02-06,16.78070831298828,16.218343642319354,,,,19.99250030517578
2014-02-07,17.37874412536621,17.04510322198189,,,,20.704999923706055
2014-02-10,17.479469299316406,17.450092169140763,,,,20.825000762939453
2014-02-11,17.943208694458008,17.584386689154552,,,,21.377500534057617
2014-02-12,17.97468376159668,18.014551804046523,,,,21.415000915527344
2014-02-13,18.148855209350586,17.59488402356132,,,,21.622499465942383
2014-02-14,18.255863189697266,18.146748389985518,,,,21.75
2014-02-18,18.411148071289062,18.289443496554128,,,,21.934999465942383
2014-02-19,17.796327590942383,18.245379958339146,,,,21.202499389648438
2014-02-20,17.86556625366211,17.83618912905362,,,,21.28499984741211
2014-02-21,17.915929794311523,17.94530692381345,,,,21.344999313354492
2014-02-24,18.287338256835938,18.03972994534886,,,,21.787500381469727
2014-02-25,18.11107635498047,18.268454499464994,,,,21.577499389648438
2014-02-26,18.075397491455078,18.26005386781477,,,,21.53499984741211
2014-02-27,18.327211380004883,18.03134125841063,,,,21.834999084472656
2014-02-28,18.574817657470703,18.289440086360102,,,,22.1299991607666
2014-03-03,18.15933609008789,18.014547713569293,,,,21.635000228881836
2014-03-04,19.14767837524414,18.677642663937917,,,,22.8125
2014-03-05,19.456134796142578,19.216920155282892,,,,23.18000030517578
2014-03-06,19.785581588745117,19.657580562887585,,,,23.572500228881836
2014-03-07,19.970239639282227,20.140209146736375,,,,23.792499542236328
2014-03-10,19.934566497802734,19.814959162853253,,,,23.75
2014-03-11,19.655481338500977,20.052074147929783,,,,23.417499542236328
2014-03-12,19.58414077758789,19.374303207745783,,,,23.332500457763672
2014-03-13,18.944133758544922,19.785582782337126,,,,22.56999969482422
2014-03-14,18.700721740722656,18.8245251182238,,,,22.280000686645508
2014-03-17,19.198034286499023,19.0217715378719,,,,22.872499465942383
2014-03-18,19.47501564025879,19.36799968014301,,,,23.202499389648438
2014-03-19,19.374298095703125,19.519084892056327,,,,23.082500457763672
2014-03-20,20.13600730895996,19.26728014384539,,,,23.989999771118164
2014-03-21,20.098236083984375,20.41509116654928,,,,23.94499969482422
2014-03-24,19.94925308227539,20.345845869384608,,,,23.767499923706055
2014-03-25,19.936668395996094,20.249325933653257,,,,23.752500534057617
2014-03-26,19.336530685424805,20.207356844089393,,,,23.037500381469727
2014-03-27,19.07213020324707,19.263083096257635,,,,22.72249984741211
2014-03-28,19.216922760009766,19.26938214627256,,,,22.895000457763672
2014-03-31,19.86322593688965,19.605125011084546,,,,23.665000915527344
2014-04-01,20.075153350830078,20.031087667700476,,,,23.917499542236328
2014-04-02,20.171682357788086,20.049977800006758,,,,24.032499313354492
2014-04-03,20.056276321411133,20.230441897389404,,,,23.895000457763672
2014-04-04,19.37010383605957,20.284995687228626,,,,23.077499389648438
2014-04-07,18.54754066467285,19.208529258387706,,,,22.09749984741211
2014-04-08,18.61888885498047,18.600002640622417,,,,22.1825008392334
2014-04-09,19.095212936401367,18.832916055406844,,,,22.75
2014-04-10,17.83618927001953,19.084721878547604,,,,21.25
2014-04-11,17.206676483154297,17.37664436050634,,,,20.5
2014-04-14,17.586483001708984,17.75015602012028,,,,20.952499389648438
2014-04-15,18.05651092529297,17.81099992318792,,,,21.512500762939453
2014-04-16,18.55803108215332,18.308323917003854,,,,22.110000610351562
2014-04-17,18.587406158447266,18.57061877420145,,,,22.145000457763672
2014-04-21,18.568519592285156,18.608389228865615,,,,22.122499465942383
2014-04-22,18.931543350219727,18.59370477854659,,,,22.55500030517578
2014-04-23,19.023866653442383,18.929438827139773,,,,22.665000915527344
2014-04-24,19.007080078125,19.18334279988336,,,,22.645000457763672
2014-04-25,18.406944274902344,18.811930681349526,,,,21.93000030517578
2014-04-28,18.180328369140625,18.392264779800357,,,,21.65999984741211
2014-04-29,18.62308120727539,18.38806259204194,,,,22.1875
2014-04-30,18.822425842285156,18.507669546588527,,,,22.424999237060547
2014-05-01,18.94623374938965,18.799346494775975,,,,22.572500228881836
2014-05-02,18.942033767700195,18.994493151969916,,,,22.5674991607666
2014-05-05,18.780452728271484,18.50556616711706,,,,22.375
2014-05-06,18.088001251220703,18.646170059479196,,,,21.549999237060547
2014-05-07,18.7531795501709,18.276847488037856,,,,22.342500686645508
2014-05-08,18.876981735229492,18.623078546593543,,,,22.489999771118164
2014-05-09,18.822425842285156,18.866493132503994,,,,22.424999237060547
2014-05-12,19.355417251586914,19.02597232658738,,,,23.059999465942383
2014-05-13,19.26308822631836,19.357514485876063,,,,22.950000762939453
2014-05-14,18.851797103881836,19.20222688745175,,,,22.459999084472656
2014-05-15,18.287338256835938,18.736390374136274,,,,21.787500381469727
2014-05-16,18.360790252685547,18.316724548191164,,,,21.875
2014-05-19,18.629377365112305,18.247473089538286,,,,22.19499969482422
2014-05-20,18.28524398803711,18.635672312487703,,,,21.78499984741211
2014-05-21,18.6650447845459,18.476192317316773,,,,22.237499237060547
2014-05-22,18.83501625061035,18.675539287088515,,,,22.440000534057617
2014-05-23,19.030162811279297,18.837111100413594,,,,22.672500610351562
2014-05-27,19.55685806274414,19.305053655437867,,,,23.299999237060547
2014-05-28,19.412067413330078,19.523281031264524,,,,23.127500534057617
2014-05-29,19.546361923217773,19.470820301025142,,,,23.287500381469727
2014-05-30,19.638696670532227,19.466629933629683,,,,23.397499084472656
2014-06-02,19.802364349365234,19.722625079205432,,,,23.592500686645508
2014-06-03,19.821256637573242,19.64079619959458,,,,23.614999771118164
2014-06-04,20.033187866210938,19.682759599457604,,,,23.86750030517578
2014-06-05,20.58086585998535,20.115026275163604,,,,24.520000457763672
2014-06-06,20.962770462036133,20.633325589910267,,,,24.975000381469727
2014-06-09,21.13484001159668,20.97116696543024,,,,25.18000030517578
2014-06-10,21.109661102294922,20.983758869266076,,,,25.149999618530273
2014-06-11,20.723552703857422,20.7948966880108,,,,24.690000534057617
2014-06-12,20.381519317626953,20.67109614222089,,,,24.282499313354492
2014-06-13,20.373126983642578,20.425586371200747,,,,24.272499084472656
2014-06-16,20.142303466796875,20.29338674012342,,,,23.997499465942383
2014-06-17,20.677392959594727,20.08565111573374,,,,24.635000228881836
2014-06-18,21.004737854003906,20.677391797354172,,,,25.024999618530273
2014-06-19,20.908203125,21.04669660869286,,,,24.90999984741211
2014-06-20,21.076078414916992,21.069783546244707,,,,25.110000610351562
2014-06-23,21.19988250732422,21.08237401885526,,,,25.25749969482422
2014-06-24,20.769718170166016,21.048800851511484,,,,24.7450008392334
2014-06-25,20.874637603759766,20.69207838144034,,,,24.8700008392334
2014-06-26,20.72984504699707,20.883025512394518,,,,24.697500228881836
2014-06-27,20.89562225341797,20.58086594890109,,,,24.895000457763672
2014-06-30,20.975358963012695,20.89771850184882,,,,24.989999771118164
2014-07-01,21.361454010009766,21.094959540015527,,,,25.450000762939453
2014-07-02,21.342571258544922,21.45378487388171,,,,25.427499771118164
2014-07-03,21.74966049194336,21.61326577608239,,,,25.912500381469727
2014-07-07,21.47686767578125,21.594377763709744,,,,25.587499618530273
2014-07-08,21.00893211364746,21.298507301609266,,,,25.030000686645508
2014-07-09,21.155824661254883,21.178906923031047,,,,25.204999923706055
2014-07-10,20.82847785949707,20.49903293526482,,,,24.815000534057617
2014-07-11,20.89562225341797,20.73194923121853,,,,24.895000457763672
2014-07-14,21.29011344909668,21.390836157723506,,,,25.364999771118164
2014-07-15,21.68040657043457,21.648930630859986,,,,25.829999923706055
2014-07-16,21.564998626708984,21.80211602032593,,,,25.6924991607666
2014-07-17,20.763423919677734,21.31949372024981,,,,24.737499237060547
2014-07-18,21.384546279907227,21.071887166170683,,,,25.477500915527344
2014-07-21,21.25864028930664,21.216673422421852,,,,25.327499389648438
2014-07-22,21.47686767578125,21.466376761404124,,,,25.587499618530273
2014-07-23,21.615365982055664,21.571300289670084,,,,25.752500534057617
2014-07-24,21.74966049194336,21.695102285412307,,,,25.912500381469727
2014-07-25,21.348876953125,21.571305897524404,,,,25.434999465942383
2014-07-28,21.37405014038086,21.36775527086388,,,,25.46500015258789
2014-07-29,21.04880714416504,21.485269694927304,,,,25.077499389648438
2014-07-30,21.252347946166992,21.33628329084942,,,,25.31999969482422
2014-07-31,20.052074432373047,20.941786737885245,,,,23.889999389648438
2014-08-01,19.60931968688965,19.976535423355248,,,,23.362499237060547
2014-08-04,20.035287857055664,19.777186993472906,,,,23.8700008392334
2014-08-05,19.481313705444336,19.787677879580922,,,,23.209999084472656
2014-08-06,19.676467895507812,19.20433337114163,,,,23.4424991607666
2014-08-07,19.403676986694336,19.966041640737732,,,,23.11750030517578
2014-08-08,19.938762664794922,19.523285225482784,,,,23.7549991607666
2014-08-11,20.058368682861328,20.167485094758817,,,,23.897499084472656
2014-08-12,20.10663414001465,20.03948618750746,,,,23.954999923706055
2014-08-13,20.494827270507812,20.28289255821306,,,,24.417499542236328
2014-08-14,20.76552391052246,20.545195441941818,,,,24.739999771118164
2014-08-15,20.55988311767578,20.91031142941168,,,,24.4950008392334
2014-08-18,21.174711227416992,20.88933198702243,,,,25.227500915527344
2014-08-19,21.2838191986084,21.300606584022994,,,,25.357500076293945
2014-08-20,21.485260009765625,21.172602604668306,,,,25.59749984741211
2014-08-21,22.085403442382812,21.57339927783311,,,,26.3125
2014-08-22,21.873458862304688,22.0455255349775,,,,26.059999465942383
2014-08-25,22.328813552856445,22.20500857092271,,,,26.602500915527344
2014-08-26,22.507179260253906,22.431637603442336,,,,26.815000534057617
2014-08-27,22.391761779785156,22.517663972794445,,,,26.677499771118164
2014-08-28,22.13365936279297,22.215495856606545,,,,26.3700008392334
2014-08-29,22.395963668823242,22.240682720464168,,,,26.6825008392334
2014-09-02,22.654056549072266,22.532350413552596,,,,26.989999771118164
2014-09-03,22.58271598815918,22.880684902251375,,,,26.905000686645508
2014-09-04,22.57851791381836,22.685535502408147,,,,26.899999618530273
2014-09-05,22.696029663085938,22.475699600196208,,,,27.040000915527344
2014-09-08,22.710721969604492,22.635180312790357,,,,27.0575008392334
2014-09-09,22.097990036010742,22.540747357675123,,,,26.327499389648438
2014-09-10,22.33930778503418,22.137863907466894,,,,26.614999771118164
2014-09-11,22.450515747070312,22.074906395320568,,,,26.747499465942383
2014-09-12,22.228092193603516,22.406453794592416,,,,26.482500076293945
2014-09-15,22.184022903442383,22.217596074206885,,,,26.43000030517578
2014-09-16,22.450515747070312,22.083300088206585,,,,26.747499465942383
2014-09-17,22.67923927307129,22.530254827775043,,,,27.020000457763672
2014-09-18,23.264690399169922,22.88698215817326,,,,27.717500686645508
2014-09-19,23.031768798828125,23.501804439353858,,,,27.440000534057617
2014-09-22,22.49458122253418,22.87019057075255,,,,26.799999237060547
2014-09-23,22.011959075927734,22.358191349851054,,,,26.225000381469727
2014-09-24,22.385465621948242,22.15254585786608,,,,26.670000076293945
2014-09-25,21.35936164855957,22.202907786224973,,,,25.447500228881836
2014-09-26,21.91334342956543,21.47058590896687,,,,26.107500076293945
2014-09-29,21.705595016479492,21.388739892064706,,,,25.860000610351562
2014-09-30,21.606969833374023,21.865069088157483,,,,25.74250030517578
2014-10-01,20.89352035522461,21.478967187587067,,,,24.892499923706055
2014-10-02,20.987951278686523,20.815884549821046,,,,25.0049991607666
2014-10-03,21.823101043701172,21.483163701107586,,,,26.0
2014-10-06,21.758052825927734,22.035038286569645,,,,25.922500610351562
2014-10-07,20.652204513549805,21.50834182098969,,,,24.604999542236328
2014-10-08,21.699302673339844,20.71516401256474,,,,25.852500915527344
2014-10-09,20.463359832763672,21.558712242359025,,,,24.3799991607666
2014-10-10,19.987031936645508,20.480149989698806,,,,23.8125
2014-10-13,19.441452026367188,20.00591402558577,,,,23.162500381469727
2014-10-14,19.72262954711914,19.680662680320694,,,,23.497499465942383
2014-10-15,18.774168014526367,18.996595330816845,,,,22.36750030517578
2014-10-16,18.845508575439453,17.838289364290933,,,,22.452499389648438
2014-10-17,19.46872901916504,19.49600892720498,,,,23.19499969482422
2014-10-20,19.903085708618164,19.357508552000418,,,,23.712499618530273
2014-10-21,20.98375701904297,20.171685046069907,,,,25.0
2014-10-22,20.505321502685547,21.076079779614407,,,,24.43000030517578
2014-10-23,21.0613956451416,21.057197997583927,,,,25.092500686645508
2014-10-24,21.552413940429688,21.09286920702043,,,,25.677499771118164
2014-10-27,21.69091033935547,21.31110324635701,,,,25.842500686645508
2014-10-28,22.35189437866211,21.869268990263574,,,,26.6299991607666
2014-10-29,22.448427200317383,22.410656368199422,,,,26.7450008392334
2014-10-30,23.082124710083008,22.341398600535996,,,,27.5
2014-10-31,23.871118545532227,23.684363266551944,,,,28.440000534057617
2014-11-03,24.133420944213867,23.885812531465763,,,,28.752500534057617
2014-11-04,24.18168067932129,23.994925373488055,,,,28.809999465942383
2014-11-05,24.71886444091797,24.620240534630614,,,,29.450000762939453
2014-11-06,24.77761459350586,24.720957566931546,,,,29.520000457763672
2014-11-07,24.813289642333984,24.718863387662527,,,,29.5625
2014-11-10,25.165813446044922,24.767121844062114,,,,29.982500076293945
2014-11-11,24.98116111755371,25.176310104260327,,,,29.762500762939453
2014-11-12,24.884628295898438,24.66010223548302,,,,29.647499084472656
2014-11-13,24.804895401000977,24.970667249644233,,,,29.552499771118164
2014-11-14,24.555187225341797,24.771321227514647,,,,29.2549991607666
2014-11-17,24.576175689697266,24.37473182350305,,,,29.280000686645508
2014-11-18,24.78391456604004,24.53211013211358,,,,29.52750015258789
2014-11-19,24.658002853393555,24.74823303430779,,,,29.377500534057617
2014-11-20,24.70626449584961,24.40200078962043,,,,29.434999465942383
2014-11-21,25.06719207763672,25.337882693555652,,,,29.864999771118164
2014-11-24,25.505754470825195,25.27073584191733,,,,30.387500762939453
2014-11-25,25.493165969848633,25.652642971552826,,,,30.372499465942383
2014-11-26,25.62745475769043,25.566601687113963,,,,30.532499313354492
2014-11-28,25.70299530029297,25.698799254642537,,,,30.622499465942383
2014-12-01,25.134340286254883,25.40293208131841,,,,29.94499969482422
2014-12-02,25.753358840942383,25.188895415034455,,,,30.6825008392334
2014-12-03,26.12896728515625,25.856179469724886,,,,31.1299991607666
2014-12-04,26.240182876586914,26.082804734426496,,,,31.262500762939453
2014-12-05,26.878087997436523,26.473103108240213,,,,32.022499084472656
2014-12-08,27.138290405273438,26.827730130529833,,,,32.33250045776367
2014-12-09,27.018678665161133,26.25487180037509,,,,32.189998626708984
2014-12-10,25.921232223510742,26.743795033007004,,,,30.88249969482422
2014-12-11,26.219196319580078,26.4206417386578,,,,31.237499237060547
2014-12-12,24.65591049194336,25.63165535500268,,,,29.375
2014-12-15,24.055776596069336,25.102865521966017,,,,28.65999984741211
2014-12-16,23.401079177856445,23.70744336131997,,,,27.8799991607666
2014-12-17,24.960180282592773,23.71794215429934,,,,29.737499237060547
2014-12-18,26.624181747436523,25.793225429443364,,,,31.719999313354492
2014-12-19,26.65776252746582,26.680844786026082,,,,31.760000228881836
2014-12-22,27.144580841064453,26.78575888553255,,,,32.34000015258789
2014-12-23,27.557960510253906,27.37120525485055,,,,32.83250045776367
2014-12-24,27.50550651550293,27.709049195724152,,,,32.77000045776367
2014-12-26,27.486621856689453,27.698556629744957,,,,32.747501373291016
2014-12-29,27.725839614868164,27.381706122356736,,,,33.032501220703125
2014-12-30,27.650291442871094,27.55166755041014,,,,32.942501068115234
2014-12-31,26.680843353271484,27.769899089974665,3.182430407340607,,,31.787500381469727
2015-01-02,26.762678146362305,27.13408986142025,5.960975338612747,,,31.885000228881836
2015-01-05,25.241355895996094,26.338805247468432,-7.430275080251707,,,30.072500228881836
2015-01-06,24.24882698059082,25.423918551751072,-21.307652673844004,,,28.889999389648438
2015-01-07,25.071386337280273,24.90771173510073,-22.32258538265374,,,29.8700008392334
2015-01-08,26.160444259643555,25.66313034234653,-13.27238305215411,,,31.167499542236328
2015-01-09,25.25184440612793,26.173032519474898,-16.29206751837506,,,30.084999084472656
2015-01-12,24.697874069213867,25.190993494119507,-21.99530241122497,,,29.424999237060547
2015-01-13,24.479646682739258,25.096567923849324,-26.380159351622552,,,29.165000915527344
2015-01-14,23.558456420898438,23.44724279732552,-31.678184161285493,,,28.0674991607666
2015-01-15,22.800947189331055,23.401081063092356,-38.029108947689515,,,27.165000915527344
2015-01-16,23.594133377075195,22.64776562874144,-35.96118003615161,,,28.110000610351562
2015-01-20,23.306652069091797,23.841738357610183,-36.21032537253968,,,27.767499923706055
2015-01-21,23.432554244995117,23.161863666282507,-35.56458095545251,,,27.917499542236328
2015-01-22,25.014732360839844,23.824953921347404,-24.45974877512633,,,29.802499771118164
2015-01-23,24.397808074951172,24.90771331946368,-22.78624944210155,,,29.0674991607666
2015-01-26,24.76712417602539,24.343253056721817,-19.27499362380799,,,29.50749969482422
2015-01-27,24.02010154724121,23.965543342924306,-22.3773915638603,,,28.61750030517578
2015-01-28,22.786258697509766,24.336959658842876,-31.262287695768386,,,27.147499084472656
2015-01-29,23.327640533447266,22.931047683790553,-32.258836337120556,,,27.792499542236328
2015-01-30,22.40225601196289,22.94783329074235,-37.67676244490377,,,26.690000534057617
2015-02-02,23.28986167907715,22.70651373526245,-33.14225883848807,,,27.747499465942383
2015-02-03,24.40410804748535,23.59203614126518,-21.010846518234697,,,29.075000762939453
2015-02-04,24.318071365356445,24.13131609064266,-14.608741607101091,,,28.97249984741211
2015-02-05,25.117555618286133,24.580371969998666,-3.4355471695484927,,,29.924999237060547
2015-02-06,25.325294494628906,25.512049786591298,4.403088728548111,,,30.172500610351562
2015-02-09,25.01263427734375,25.014733101017658,5.475789982826775,,,29.799999237060547
2015-02-10,25.54352378845215,25.52253875424779,12.259699653491719,,,30.4325008392334
2015-02-11,25.491065979003906,25.407130639803082,15.157228632227627,,,30.3700008392334
2015-02-12,26.395462036132812,25.789031726738514,23.081260513521393,,,31.447500228881836
2015-02-13,26.34090805053711,26.429039439505203,26.051534952248595,,,31.38249969482422
2015-02-17,26.588518142700195,26.114284789090547,28.68882259390741,,,31.677499771118164
2015-02-18,26.240182876586914,26.380773632692907,26.21604011559328,,,31.262500762939453
2015-02-19,25.93801498413086,26.045032563502804,22.041186945528988,,,30.90250015258789
2015-02-20,26.58431625366211,25.688309135530666,25.743256389223028,,,31.672500610351562
2015-02-23,26.376575469970703,26.45841197421931,24.939534436314144,,,31.424999237060547
2015-02-24,26.60110092163086,26.468903864264774,26.30011692016535,,,31.6924991607666
2015-02-25,26.632577896118164,26.571724822653362,27.09786457492881,,,31.729999542236328
2015-02-26,26.403854370117188,26.531855379789192,24.63871423657979,,,31.457500457763672
2015-02-27,26.09329605102539,26.248575372082104,19.979791902965637,,,31.087499618530273
2015-03-02,26.727008819580078,26.084904839963745,23.556784805342826,,,31.842500686645508
2015-03-03,26.521364212036133,26.563331075959237,23.093502669674905,,,31.59749984741211
2015-03-04,26.01565933227539,26.229692922109102,15.489433970559233,,,30.9950008392334
2015-03-05,26.322021484375,26.116379991119967,14.204174864426522,,,31.360000610351562
2015-03-06,25.62955665588379,26.290545218001597,1.5121396113050907,,,30.53499984741211
2015-03-09,25.93801498413086,25.656831885590154,-2.0262268341868688,,,30.90250015258789
2015-03-10,24.50482749938965,25.285423399061894,-21.77137537491946,,,29.19499969482422
2015-03-11,24.853166580200195,24.689493503582284,-27.183889422599457,,,29.610000610351562
2015-03-12,26.3660831451416,25.348371553660648,-8.654855530191986,,,31.412500381469727
2015-03-13,25.82680892944336,26.26956633758315,-6.80915320697758,,,30.770000457763672
2015-03-16,26.664058685302734,26.09539908981177,6.7525005437459,,,31.767499923706055
2015-03-17,26.54024887084961,26.345099923235527,11.820182366978997,,,31.6200008392334
2015-03-18,27.02707290649414,26.353493066195835,18.001221433571587,,,32.20000076293945
2015-03-19,26.458410263061523,26.938939943029894,13.359598317554266,,,31.522499084472656
2015-03-20,27.396385192871094,26.850807979100612,20.60393233645516,,,32.63999938964844
2015-03-23,27.085830688476562,27.438356227123897,19.195534844995414,,,32.27000045776367
2015-03-24,26.477291107177734,26.901162077415773,10.879801642329353,,,31.545000076293945
2015-03-25,25.323198318481445,26.5885186247641,-7.046336524777665,,,30.170000076293945
2015-03-26,25.193092346191406,25.08817358532813,-17.72785102028944,,,30.014999389648438
2015-03-27,25.119644165039062,25.17839840241584,-24.005116671884917,,,29.927499771118164
2015-03-30,26.066015243530273,25.566600954805185,-16.541313832900773,,,31.05500030517578
2015-03-31,25.646347045898438,25.705101307022264,-17.80015593774838,,,30.55500030517578
2015-04-01,25.5477237701416,25.497363202346875,-19.378411352357105,,,30.4375
2015-04-02,25.931716918945312,25.491058518279704,-15.487489801287795,,,30.895000457763672
2015-04-06,26.05972671508789,25.52044425765677,-11.431731229451499,,,31.047500610351562
2015-04-07,25.673620223999023,26.194017977445853,-14.586608336465181,,,30.587499618530273
2015-04-08,26.01985740661621,25.759659280811437,-11.509702730850176,,,31.0
2015-04-09,26.01985740661621,25.91703745060952,-10.373953777353902,,,31.0
2015-04-10,25.994672775268555,26.036641242046827,-10.691832901221241,,,30.969999313354492
2015-04-13,26.116384506225586,25.837300146035023,-8.68820911788476,,,31.114999771118164
2015-04-14,26.196117401123047,26.31782355704163,-6.2947996395878585,,,31.209999084472656
2015-04-15,26.431137084960938,26.284251443229266,-1.8787208862243978,,,31.489999771118164
2015-04-16,26.48989486694336,26.439534297495264,1.6179214954326397,,,31.559999465942383
2015-04-17,25.48896598815918,26.09959239104181,-12.173545268088754,,,30.36750030517578
2015-04-20,25.79742431640625,25.893949380109216,-15.318236149494965,,,30.735000610351562
2015-04-21,25.560306549072266,26.017752384341744,-19.710489684334668,,,30.452499389648438
2015-04-22,26.18143081665039,25.625362581240953,-9.759396314218495,,,31.1924991607666
2015-04-23,26.2779483795166,25.98837163191668,0.19844377628680188,,,31.3075008392334
2015-04-24,26.10798454284668,26.37028144976549,1.7999208756557563,,,31.104999542236328
2015-04-27,25.824705123901367,26.233887672903844,-4.485315239416375,,,30.767499923706055
2015-04-28,26.202415466308594,25.854084364575083,0.23313527557714064,,,31.217500686645508
2015-04-29,26.116384506225586,25.8519887123117,0.2934316373267977,,,31.114999771118164
2015-04-30,25.51833724975586,26.034537282291016,-12.350297933222292,,,30.40250015258789
2015-05-01,26.04923439025879,25.732379228587675,-9.192349663099808,,,31.03499984741211
2015-05-04,26.655658721923828,26.20031170803381,7.160012233067925,,,31.75749969482422
2015-05-05,26.05972671508789,26.538156088879422,-0.08631884297918944,,,31.047500610351562
2015-05-06,25.734474182128906,26.166738975432175,-10.792621482966151,,,30.65999984741211
2015-05-07,26.26327133178711,25.5456256174216,-4.165932327840014,,,31.290000915527344
2015-05-08,27.356515884399414,26.58431536388094,14.645366099278814,,,32.592498779296875
2015-05-11,27.05015754699707,27.295667080009142,16.326610628713876,,,32.227500915527344
2015-05-12,26.79834747314453,26.73329835913172,12.832254996841389,,,31.927499771118164
2015-05-13,26.836124420166016,26.886486585361205,11.706863518145294,,,31.97249984741211
2015-05-14,27.606218338012695,27.251592484751665,22.92257657059935,,,32.88999938964844
2015-05-15,27.304059982299805,27.555867594579258,22.382054317490596,,,32.529998779296875
2015-05-18,27.732126235961914,27.22431984331402,27.559523934885267,,,33.040000915527344
2015-05-19,28.208454132080078,27.90838803818931,31.431548540333893,,,33.60749816894531
2015-05-20,27.93357276916504,28.302888894960024,29.857280949078568,,,33.279998779296875
2015-05-21,27.706951141357422,27.790888089894217,25.239107873967015,,,33.0099983215332
2015-05-22,27.690162658691406,27.597833630555034,22.38659628049827,,,32.9900016784668
2015-05-26,26.951534271240234,27.48871786376007,8.926555673827663,,,32.11000061035156
2015-05-27,27.639799118041992,27.16136981599882,11.920058181500188,,,32.93000030517578
2015-05-28,27.581045150756836,27.48871612627832,12.777975864576382,,,32.86000061035156
2015-05-29,26.85920524597168,27.42156831891316,1.799422542323996,,,32.0
2015-06-01,26.97671127319336,27.287269908737702,-2.3760385947075764,,,32.13999938964844
2015-06-02,27.094215393066406,26.943132145740567,-2.4606572304093115,,,32.279998779296875
2015-06-03,27.555866241455078,27.41317505471242,4.65982336851117,,,32.83000183105469
2015-06-04,26.90956687927246,27.505504715499633,-2.0758420929727373,,,32.060001373291016
2015-06-05,27.24530601501465,27.3208476591248,-1.0513719090045646,,,32.459999084472656
2015-06-08,26.76688003540039,27.27888422076583,-12.679465379991269,,,31.889999389648438
2015-06-09,26.93474578857422,26.859204148830965,-15.59124477177879,,,32.09000015258789
2015-06-10,28.185382843017578,27.278883038979888,5.849126029957046,,,33.58000183105469
2015-06-11,28.395219802856445,28.3280702475956,17.972894106122965,,,33.83000183105469
2015-06-12,28.084651947021484,28.151801488018872,17.7069269931392,,,33.459999084472656
2015-06-15,27.715343475341797,27.6062270548383,10.123694009721065,,,33.02000045776367
2015-06-16,28.176982879638672,27.748915733224575,14.710520870296829,,,33.56999969482422
2015-06-17,28.051082611083984,28.311282330059917,14.76934752271038,,,33.41999816894531
2015-06-18,28.84007453918457,28.302890901972034,23.78537146199783,,,34.36000061035156
2015-06-19,28.118228912353516,28.63023299589204,15.887764733009895,,,33.5
2015-06-22,28.705772399902344,28.82328089480648,20.57683067865575,,,34.20000076293945
2015-06-23,28.93239974975586,28.865250203053886,26.34035334870482,,,34.470001220703125
2015-06-24,28.185382843017578,28.72256648902491,16.289100865005786,,,33.58000183105469
2015-06-25,27.614620208740234,28.56308353830913,1.1899497334947693,,,32.900001525878906
2015-06-26,27.94196128845215,27.908386521181825,-1.0191772997854878,,,33.290000915527344
2015-06-29,25.994672775268555,27.0858288975039,-22.2517236907171,,,30.969999313354492
2015-06-30,26.27165985107422,26.724909714262886,-29.914260512199654,,,31.299999237060547
2015-07-01,27.36281394958496,27.35442185680194,-22.54821877175189,,,32.599998474121094
2015-07-02,27.043865203857422,27.34603179637134,-22.16414735764585,,15.079365079365079,32.220001220703125
2015-07-06,26.867595672607422,26.229690996396357,-23.56680749250967,,11.023622047244094,32.0099983215332
2015-07-07,27.06904411315918,26.94314030165353,-20.80075532567564,,19.53125,32.25
2015-07-08,25.684112548828125,26.271656639250192,-31.64276027971799,,6.2015503875969,30.600000381469727
2015-07-09,26.196117401123047,26.573825608824393,-32.73059086826395,,4.615384615384616,31.209999084472656
2015-07-10,27.194944381713867,27.04386110833695,-22.85629075785134,,12.977099236641221,32.400001525878906
2015-07-13,27.975543975830078,27.70694896349206,-8.017039290136498,,40.909090909090914,33.33000183105469
2015-07-14,28.25252342224121,27.77409413520336,4.040076646009146,,59.3984962406015,33.65999984741211
2015-07-15,28.73934555053711,28.46235851227551,15.786188815466934,,76.86567164179104,34.2400016784668
2015-07-16,29.46119499206543,29.251357411774745,26.36444871103113,,96.29629629629629,35.099998474121094
2015-07-17,29.28492546081543,29.511550379655098,29.746446459723312,,98.52941176470588,34.88999938964844
2015-07-20,29.528337478637695,29.461187932139705,31.962516329702634,,100.0,35.18000030517578
2015-07-21,29.32689666748047,29.402438318274495,30.72070003052089,,98.55072463768117,34.939998626708984
2015-07-22,29.830503463745117,29.1925955916783,33.51747831980313,,100.0,35.540000915527344
2015-07-23,29.08348274230957,29.931224948962402,27.122252931015872,,94.28571428571428,34.650001525878906
2015-07-24,28.579870223999023,29.09187429656983,17.721850015222433,,76.59574468085107,34.04999923706055
2015-07-27,27.899995803833008,28.076258537880683,4.709486321216989,,57.74647887323944,33.2400016784668
2015-07-28,28.336462020874023,28.39521948199683,3.040190931174385,,54.54545454545454,33.7599983215332
2015-07-29,29.117055892944336,28.395217445031005,10.839965719867857,,63.19444444444444,34.689998626708984
2015-07-30,29.28492546081543,28.873645691039712,16.437402205468494,,75.86206896551724,34.88999938964844
2015-07-31,28.982759475708008,29.200992306404082,15.221457032597089,,71.91780821917808,34.529998779296875
2015-08-03,29.033126831054688,28.974372566556234,15.433531532051866,,72.10884353741497,34.59000015258789
2015-08-04,28.915616989135742,29.007946029688878,13.735415005463459,,67.56756756756756,34.45000076293945
2015-08-05,29.167417526245117,29.25135125996245,16.38979445461626,,75.83892617449665,34.75
2015-08-06,28.730955123901367,29.21777974565607,10.751077623411856,,60.66666666666667,34.22999954223633
2015-08-07,28.848466873168945,28.655416702053188,7.535725859662352,,58.94039735099338,34.369998931884766
2015-08-10,29.687816619873047,29.352078450335682,17.03680678308666,,76.97368421052632,35.369998931884766
2015-08-11,28.92400550842285,28.92400550842285,7.881996684423057,,58.82352941176471,34.459999084472656
2015-08-12,28.395219802856445,28.286103376491088,-3.145237805311554,,40.25974025974026,33.83000183105469
2015-08-13,28.579870223999023,28.47914910866483,-6.260098431642767,,38.064516129032256,34.04999923706055
2015-08-14,29.167417526245117,28.44557588955592,1.1701092236875965,,48.07692307692308,34.75
2015-08-17,29.419221878051758,28.907217778413877,9.69496341118066,,60.509554140127385,35.04999923706055
2015-08-18,29.32689666748047,29.284929795232035,12.28677933893366,,65.82278481012658,34.939998626708984
2015-08-19,28.57147789001465,29.05829927823175,1.009637739536093,,47.16981132075472,34.040000915527344
2015-08-20,26.985107421875,27.908391265708186,-21.281379114195044,,16.875,32.150001525878906
2015-08-21,24.58456802368164,26.045037173464692,-33.25270525845941,,3.1055900621118013,29.290000915527344
2015-08-24,21.588085174560547,20.983753645894783,-37.37395017342099,,1.2345679012345678,25.719999313354492
2015-08-25,20.211559295654297,23.38430465519794,-41.38652195558548,,0.0,24.079999923706055
2015-08-26,22.276355743408203,21.82310585338972,-38.665971607222346,,0.6097560975609756,26.540000915527344
2015-08-27,23.95505714416504,23.459840363614074,-31.954066843520295,,7.2727272727272725,28.540000915527344
2015-08-28,23.86273193359375,23.5857463678894,-28.725371525282256,,10.240963855421686,28.43000030517578
2015-08-31,23.216426849365234,23.317149579708463,-29.265297733346884,,10.179640718562874,27.65999984741211
2015-09-01,21.00893211364746,21.61326356715029,-35.18158174614487,,4.761904761904762,25.030000686645508
2015-09-02,21.932220458984375,21.78113876475545,-35.71812584438502,,4.142011834319527,26.1299991607666
2015-09-03,22.184022903442383,22.074906496357986,-35.270289308972025,,5.294117647058823,26.43000030517578
2015-09-04,20.99214744567871,21.4034288271072,-38.0702402594464,,1.1695906432748537,25.010000228881836
2015-09-08,22.461009979248047,22.024547521432464,-34.35608313886388,,6.976744186046512,26.760000228881836
2015-09-09,21.613264083862305,23.040159828801247,-35.31146062583716,,5.780346820809249,25.75
2015-09-10,21.764347076416016,21.31949097309429,-35.09261720605764,,7.471264367816093,25.93000030517578
2015-09-11,22.142059326171875,21.655236235632344,-33.04572786522135,,9.714285714285714,26.3799991607666
2015-09-14,21.97418975830078,22.016156630345527,-32.656657067320594,,10.795454545454545,26.18000030517578
2015-09-15,22.922653198242188,22.175632042822535,-28.465316651097766,,15.819209039548024,27.309999465942383
2015-09-16,23.308748245239258,22.94782751446857,-24.52962658835759,,17.415730337078653,27.770000457763672
2015-09-17,22.654056549072266,23.21642111909675,-24.99980238084328,,17.318435754189945,26.989999771118164
2015-09-18,21.495756149291992,21.76434791984466,-29.0536739557803,,15.0,25.610000610351562
2015-09-21,22.184022903442383,21.94900430435795,-26.40809231332061,,17.12707182320442,26.43000030517578
2015-09-22,21.37824821472168,21.38664190851844,-26.16042118666358,,18.13186813186813,25.469999313354492
2015-09-23,21.5041561126709,21.428614455058987,-24.823591586344993,,19.12568306010929,25.6200008392334
2015-09-24,21.067684173583984,20.99214254962067,-29.713957193146616,,14.130434782608695,25.100000381469727
2015-09-25,21.78113555908203,21.722379707773644,-26.098283200731142,,18.91891891891892,25.950000762939453
2015-09-28,20.194766998291016,21.41182552717239,-34.07249790633396,,8.064516129032258,24.059999465942383
2015-09-29,20.329059600830078,20.27030534779685,-35.92433154797815,,4.27807486631016,24.219999313354492
2015-09-30,21.076078414916992,20.983749405235386,-30.556159808938883,,14.361702127659576,25.110000610351562
2015-10-01,21.269134521484375,21.12644492126394,-26.03877695387979,,20.634920634920633,25.34000015258789
2015-10-02,21.403427124023438,20.144401999080884,-21.292724337419997,,29.47368421052631,25.5
2015-10-05,22.68763542175293,21.781137312166504,-6.558160101773783,,46.596858638743456,27.030000686645508
2015-10-06,22.419038772583008,22.578515728249602,-1.6987196115495133,,52.604166666666664,26.709999084472656
2015-10-07,23.023374557495117,22.838716502409408,7.332672577119125,,65.28497409326425,27.43000030517578
2015-10-08,23.417865753173828,22.87228854835385,15.973355593859006,,79.38144329896907,27.899999618530273
2015-10-09,23.14088249206543,23.552163857683766,17.268850139653246,,82.05128205128204,27.56999969482422
2015-10-12,23.31715202331543,23.208035587263883,19.51596895918294,,84.6938775510204,27.780000686645508
2015-10-13,22.89747428894043,22.973015935861675,16.297284645262827,,79.18781725888326,27.280000686645508
2015-10-14,22.267961502075195,22.889080461303056,7.306106384073916,,63.63636363636363,26.530000686645508
2015-10-15,23.66128158569336,22.62048757381758,17.840989364254774,,82.91457286432161,28.190000534057617
2015-10-16,23.92987632751465,23.736826150141283,24.83366639334149,,91.0,28.510000228881836
2015-10-19,24.055776596069336,23.526986674652747,28.826486134193775,,97.01492537313433,28.65999984741211
2015-10-20,24.39151382446289,24.064167792839918,32.13293988791924,,99.5049504950495,29.059999465942383
2015-10-21,23.778789520263672,24.592958583771363,26.572177208163396,,94.08866995073892,28.329999923706055
2015-10-22,24.89512825012207,24.198467607689306,31.26639274708892,,98.0392156862745,29.65999984741211
2015-10-23,25.58339500427246,25.482673871706673,35.440024088633635,,100.0,30.479999542236328
2015-10-26,25.465883255004883,25.541424895321597,36.88080190486568,,100.0,30.34000015258789
2015-10-27,24.987455368041992,25.10496388153216,33.86863028915586,,99.03381642512076,29.770000457763672
2015-10-28,26.60740089416504,25.17211127827325,37.438486110653336,,100.0,31.700000762939453
2015-10-29,26.313631057739258,26.397566404202056,37.71766854800527,,100.0,31.350000381469727
2015-10-30,25.39873504638672,26.380774759449213,31.589651833206723,,96.19047619047619,30.260000228881836
2015-11-02,26.355592727661133,25.533030016761202,33.51160583661016,,97.1563981042654,31.399999618530273
2015-11-03,26.36398696899414,26.128968360592594,34.54889943295955,,98.11320754716981,31.40999984741211
2015-11-04,26.196117401123047,26.582219302432573,33.534292137124424,,97.1830985915493,31.209999084472656
2015-11-05,26.590608596801758,26.24647522046771,35.88806494519393,,98.5981308411215,31.68000030517578
2015-11-06,27.085830688476562,27.807672355459395,35.774950726031626,,98.13953488372093,32.27000045776367
2015-11-09,26.246482849121094,27.236916405832616,28.82450149225486,,90.74074074074075,31.270000457763672
2015-11-10,26.5990047454834,26.187723394343926,27.971034000558397,,89.86175115207374,31.690000534057617
2015-11-11,26.46471405029297,26.909570260666385,26.030908487086585,,85.3211009174312,31.530000686645508
2015-11-12,25.22246742248535,26.09539221041321,10.949718625602017,,62.10045662100456,30.049999237060547
2015-11-13,24.559385299682617,24.920306116196112,-6.621386398939524,,40.45454545454545,29.260000228881836
2015-11-16,25.474281311035156,24.492241419673505,-6.001273347302175,,42.081447963800905,30.350000381469727
2015-11-17,25.339981079101562,25.65053973320529,-7.955523316641703,,38.73873873873874,30.190000534057617
2015-11-18,26.624181747436523,25.62535638796178,5.611039810720672,,56.05381165919282,31.719999313354492
2015-11-19,26.666152954101562,26.540250759793985,12.396786393886963,,65.17857142857143,31.770000457763672
2015-11-20,26.80884552001953,26.8592060831641,17.210790514350652,,74.66666666666667,31.940000534057617
2015-11-23,26.632577896118164,26.808842247004705,17.21283518782955,,74.77876106194691,31.729999542236328
2015-11-24,26.414352416992188,26.162547976399672,14.5492707148828,,66.96035242290749,31.469999313354492
2015-11-25,26.431137084960938,26.590614068079198,13.497314390310466,,65.78947368421053,31.489999771118164
2015-11-27,26.69972801208496,26.473104686691418,16.29551004836326,,72.0524017467249,31.809999465942383
2015-11-30,26.48989486694336,26.85081575001093,14.594746819532928,,66.95652173913044,31.559999465942383
2015-12-01,27.33763885498047,26.6997324385989,24.44282961218703,,83.54978354978356,32.56999969482422
2015-12-02,26.40595817565918,27.40478702534643,15.638235723489116,,69.82758620689656,31.459999084472656
2015-12-03,25.15532684326172,26.724912541821574,-4.475203671294383,,41.201716738197426,29.969999313354492
2015-12-04,26.97671127319336,25.432306985650584,7.318076704380948,,56.41025641025641,32.13999938964844
2015-12-07,26.338804244995117,26.78366035425602,4.901526542799693,,53.191489361702125,31.3799991607666
2015-12-08,25.474281311035156,25.600183532813087,-5.716636657462434,,40.25423728813559,30.350000381469727
2015-12-09,24.62653350830078,25.205685559573574,-20.011454425779736,,25.31645569620253,29.34000015258789
2015-12-10,24.651718139648438,24.676897623156393,-27.000828058372363,,14.705882352941178,29.3700008392334
2015-12-11,23.090518951416016,23.753604626377196,-34.308665240099316,,6.694560669456067,27.510000228881836
2015-12-14,23.22481346130371,23.124090761675557,-35.94548820631864,,3.3333333333333335,27.670000076293945
2015-12-15,24.72725486755371,23.92147948493039,-25.769896359240796,,17.842323651452283,29.459999084472656
2015-12-16,25.810016632080078,25.30640623126746,-10.059488497058911,,35.53719008264463,30.75
2015-12-17,24.7524356842041,26.07021516104277,-11.481733078974761,,33.744855967078195,29.489999771118164
2015-12-18,23.006587982177734,24.17328420367149,-24.152265165850444,,19.672131147540984,27.40999984741211
2015-12-21,23.602521896362305,23.6277013709031,-26.655699734245346,,15.510204081632653,28.1200008392334
2015-12-22,24.16489028930664,23.887903217784668,-23.467413276736703,,21.138211382113823,28.790000915527344
2015-12-23,25.08817481994629,24.534203863401295,-14.096782597981964,,32.388663967611336,29.889999389648438
2015-12-24,25.037817001342773,24.928702177141396,-9.620859879645922,,37.5,29.829999923706055
2015-12-28,24.90351676940918,24.6768918651161,-8.425494665681379,,38.95582329317269,29.670000076293945
2015-12-29,25.692502975463867,25.29800746678678,0.3329596747039836,,50.4,30.610000610351562
2015-12-30,25.08817481994629,25.549818351022665,-1.5562946026535556,,47.808764940239044,29.889999389648438
2015-12-31,24.3999080657959,24.660106158291466,-8.743954155504401,,37.698412698412696,29.06999969482422
2016-01-04,23.006587982177734,22.94783372655336,-21.26145896818832,,25.691699604743086,27.40999984741211
2016-01-05,23.28357696533203,23.19964161573851,-25.802396085058337,,17.322834645669293,27.739999771118164
2016-01-06,22.30152702331543,22.43582288186911,-33.27421249133351,,7.450980392156863,26.56999969482422
2016-01-07,20.480140686035156,20.933390476751914,-38.7340146229363,,0.390625,24.399999618530273
2016-01-08,19.523286819458008,21.126445653474075,-41.99231893031132,,0.0,23.260000228881836
2016-01-11,19.71633529663086,19.91777914527229,-42.02096400522068,,0.0,23.489999771118164
2016-01-12,20.035287857055664,20.312273329690843,-40.78686623857467,,1.1583011583011582,23.8700008392334
2016-01-13,18.46570587158203,20.35424397208474,-42.7854478526295,,0.0,22.0
2016-01-14,19.01967430114746,18.742688815244666,-41.57228239267216,,1.1494252873563218,22.65999984741211
2016-01-15,17.78582763671875,17.6011696049738,-41.95371087079767,,1.1450381679389312,21.190000534057617
2016-01-19,17.668319702148438,18.432128196957134,-42.56549632274559,,0.38022813688212925,21.049999237060547
2016-01-20,16.69467544555664,16.77021709380261,-41.95172888945166,,1.893939393939394,19.889999389648438
2016-01-21,16.593955993652344,16.736645610223974,-41.835972643441785,,2.2641509433962264,19.770000457763672
2016-01-22,17.534025192260742,17.290614466377438,-39.02800017728771,,3.7593984962406015,20.889999389648438
2016-01-25,16.46805191040039,17.39133586546342,-40.15043415971872,,3.7453183520599254,19.6200008392334
2016-01-26,17.34098243713379,16.686288424163294,-38.179588214288906,,5.223880597014925,20.65999984741211
2016-01-27,16.971656799316406,17.206675380854236,-37.99618241421542,,6.319702602230483,20.219999313354492
2016-01-28,16.963268280029297,17.46687876494073,-37.91735407889681,,6.666666666666667,20.209999084472656
2016-01-29,18.457307815551758,17.206676405507356,-32.074469718886306,,15.129151291512915,21.989999771118164
2016-02-01,18.339797973632812,18.16353363967284,-29.064217118502068,,18.38235294117647,21.850000381469727
2016-02-02,17.01363182067871,17.659931968399107,-31.756379049979454,,15.75091575091575,20.270000457763672
2016-02-03,17.09756088256836,17.25703623622198,-32.543192032152206,,14.5985401459854,20.3700008392334
2016-02-04,17.450088500976562,16.820575956513046,-30.460871609455882,,17.81818181818182,20.790000915527344
2016-02-05,16.62752342224121,17.39972550348511,-32.66131889999861,,14.130434782608695,19.809999465942383
2016-02-08,15.292961120605469,16.023196549293907,-36.38967977130502,,7.581227436823104,18.219999313354492
2016-02-09,15.141876220703125,14.646659545132316,-38.12388057958082,,5.39568345323741,18.040000915527344
2016-02-10,15.083122253417969,15.51119104003051,-39.313789310081205,,3.942652329749104,17.969999313354492
2016-02-11,13.916422843933105,13.899635459820182,-41.280252902547396,,3.214285714285714,16.579999923706055
2016-02-12,15.402077674865723,14.663448545529974,-34.48538398203624,,12.455516014234876,18.350000381469727
2016-02-16,16.241426467895508,16.08194948381685,-23.756758618835523,,28.01418439716312,19.350000381469727
2016-02-17,16.845754623413086,16.619129734082918,-13.088905668183468,,39.57597173144876,20.06999969482422
2016-02-18,16.577163696289062,16.93808447848416,-9.312307898355472,,44.014084507042256,19.75
2016-02-19,16.686283111572266,16.375724399849943,-6.266680544467042,,48.771929824561404,19.8799991607666
2016-02-22,17.374544143676758,17.248640373776034,1.2843315675611156,,57.692307692307686,20.700000762939453
2016-02-23,16.551982879638672,17.131134878844318,-1.3403059948302485,,54.00696864111498,19.719999313354492
2016-02-24,16.52680778503418,15.897295062709164,-3.0173427360920804,,51.388888888888886,19.690000534057617
2016-02-25,17.240249633789062,16.56876867847397,2.494708276156315,,59.515570934256054,20.540000915527344
2016-02-26,17.46687889099121,17.584389018909842,7.853499090803482,,65.51724137931035,20.809999465942383
2016-02-29,16.938085556030273,17.49205650317471,5.477985672067829,,62.19931271477663,20.18000030517578
2016-03-01,18.675546646118164,17.374554149346398,21.19489410626045,,83.9041095890411,22.25
2016-03-02,19.095212936401367,18.558029436423176,30.47947022737353,,94.19795221843003,22.75
2016-03-03,19.447738647460938,19.128786366903785,35.90204942342242,,98.9795918367347,23.170000076293945
2016-03-04,19.649185180664062,19.842235314210697,38.253294991748646,,100.0,23.40999984741211
2016-03-07,19.548471450805664,19.46453609119272,38.64115706256423,,100.0,23.290000915527344
2016-03-08,18.63357925415039,19.145581902200256,30.821942202953668,,93.60269360269359,22.200000762939453
2016-03-09,18.709117889404297,18.910561757814005,27.099376439423217,,89.93288590604027,22.290000915527344
2016-03-10,18.667146682739258,19.086821747371705,24.63105251625217,,85.28428093645485,22.239999771118164
2016-03-11,20.052074432373047,19.13718264713253,33.52234971017919,,96.0,23.889999389648438
2016-03-14,19.808666229248047,19.87581418524142,35.86162395344737,,97.67441860465115,23.600000381469727
2016-03-15,19.724727630615234,19.556856967853705,36.230468954854715,,98.34437086092716,23.5
2016-03-16,19.783479690551758,19.481313171430404,36.85358632098942,,98.34983498349835,23.56999969482422
2016-03-17,20.488534927368164,19.640791170897423,39.605295620485755,,100.0,24.40999984741211
2016-03-18,20.975358963012695,20.84106307408776,41.15580573430876,,100.0,24.989999771118164
2016-03-21,20.89982032775879,20.89982032775879,41.44058268314412,,100.0,24.899999618530273
2016-03-22,20.799100875854492,20.51372164762499,41.080983581525096,,99.3485342019544,24.780000686645508
2016-03-23,20.37102699279785,20.70676670736314,37.16689100427828,,97.40259740259741,24.270000457763672
2016-03-24,19.976533889770508,19.934567020626773,29.995665150642676,,89.96763754045307,23.799999237060547
2016-03-28,20.16119384765625,20.219948110342855,27.08091412991539,,86.45161290322581,24.020000457763672
2016-03-29,20.513715744018555,19.9177763738906,29.37154381735501,,89.06752411575563,24.440000534057617
2016-03-30,20.866243362426758,20.81588120528953,33.782655217663525,,93.91025641025641,24.860000610351562
2016-03-31,20.790700912475586,20.731946665719054,34.48881720740229,,94.24920127795528,24.770000457763672
2016-04-01,21.30270767211914,20.438177978520123,38.94947167930725,,98.72611464968153,25.3799991607666
2016-04-04,20.966968536376953,21.260741439518437,37.65789715525561,,97.46031746031746,24.979999542236328
2016-04-05,20.144399642944336,20.463351932880414,24.754088606000334,,81.32911392405063,24.0
2016-04-06,20.547290802001953,20.127615736923808,22.962042004887618,,78.86435331230284,24.479999542236328
2016-04-07,19.430946350097656,20.186360803269917,6.3332459053702355,,58.17610062893082,23.149999618530273
2016-04-08,19.68276023864746,19.817056124889383,0.6902230098070185,,51.410658307210035,23.450000762939453
2016-04-11,19.808666229248047,19.942962141234794,-6.37657940506988,,43.125,23.600000381469727
2016-04-12,20.547290802001953,19.959746671452546,2.997296999684854,,54.51713395638629,24.479999542236328
2016-04-13,21.806310653686523,21.1516187371916,23.02219323246669,,79.19254658385093,25.979999542236328
2016-04-14,21.932220458984375,21.63005546959304,30.895544000010588,,90.09287925696594,26.1299991607666
2016-04-15,21.789535522460938,22.007766817640654,33.39998493887916,,91.66666666666666,25.959999084472656
2016-04-18,22.251174926757812,21.529333212203507,38.49148368808975,,98.15384615384616,26.510000228881836
2016-04-19,22.8638973236084,22.45261595247873,41.23990270909866,,99.69325153374233,27.239999771118164
2016-04-20,23.342329025268555,22.956228694909587,42.2495593016791,,100.0,27.809999465942383
2016-04-21,22.68763542175293,23.501804501356773,38.33196996001755,,97.2560975609756,27.030000686645508
2016-04-22,23.19963836669922,22.662454766025455,39.54451903575239,,98.17629179331307,27.639999389648438
2016-04-25,23.048555374145508,22.98980111718555,38.946384212981684,,97.57575757575758,27.459999084472656
2016-04-26,23.392688751220703,23.174457526020415,40.80886638702233,,98.48942598187311,27.8700008392334
2016-04-27,23.56895637512207,23.485021024881355,41.80990710166926,,99.69879518072288,28.079999923706055
2016-04-28,22.8638973236084,23.132489108759746,35.90050108062749,,93.09309309309309,27.239999771118164
2016-04-29,22.42743492126465,22.57012450755468,27.567992543898107,,83.8323353293413,26.719999313354492
2016-05-02,23.124099731445312,22.61209714578582,30.005672591680277,,86.26865671641791,27.549999237060547
2016-05-03,22.284748077392578,22.62048945181572,21.03612543950338,,74.10714285714286,26.549999237060547
2016-05-04,21.90703773498535,21.8231024055466,12.198950687415785,,61.42433234421365,26.100000381469727
2016-05-05,21.88185691833496,22.12526921653362,7.221647237683395,,56.50887573964497,26.06999969482422
2016-05-06,22.200809478759766,21.420213675551878,7.119348290120156,,56.04719764011799,26.450000762939453
2016-05-09,22.184022903442383,22.133662346829016,6.234647737842248,,55.294117647058826,26.43000030517578
2016-05-10,23.023374557495117,22.502976767162668,16.343282301771435,,69.50146627565982,27.43000030517578
2016-05-11,22.30992889404297,22.897474691325932,7.678343571313065,,57.89473684210527,26.579999923706055
2016-05-12,22.377073287963867,22.603698196656353,2.0977156335466938,,50.72886297376093,26.65999984741211
2016-05-13,21.646839141845703,22.368679115681925,-12.794454691996334,,32.848837209302324,25.790000915527344
2016-05-16,21.982576370239258,21.697197249668527,-15.21289471152614,,31.30434782608696,26.190000534057617
2016-05-17,21.495756149291992,21.990972826598437,-22.799793763599183,,23.98843930635838,25.610000610351562
2016-05-18,22.452617645263672,21.378248822724363,-11.869448833153823,,34.293948126801155,26.75
2016-05-19,21.88185691833496,22.16723608128974,-15.405901737039393,,31.03448275862069,26.06999969482422
2016-05-20,22.276355743408203,22.242780965954907,-10.759449401002515,,35.816618911174785,26.540000915527344
2016-05-23,22.242773056030273,22.217591981895136,-9.047343052134075,,38.0,26.5
2016-05-24,23.258386611938477,22.654055217365727,8.046306986232953,,59.54415954415955,27.709999084472656
2016-05-25,23.812368392944336,23.63610399984581,21.606229814736757,,75.56818181818183,28.3700008392334
2016-05-26,23.51019859313965,24.1061364489233,23.790251470011896,,78.47025495750708,28.010000228881836
2016-05-27,23.95505714416504,23.62770945474081,30.450940115586,,87.00564971751412,28.540000915527344
2016-05-31,23.820758819580078,24.282402406574118,30.925069666591202,,88.16901408450704,28.3799991607666
2016-06-01,23.997018814086914,23.40107942731452,33.118883269972265,,89.60674157303372,28.59000015258789
2016-06-02,24.17328643798828,23.770398704239636,36.37828157371025,,94.11764705882352,28.799999237060547
2016-06-03,23.359121322631836,23.233219084140902,25.97263339955525,,79.88826815642457,27.829999923706055
2016-06-06,23.68646240234375,23.43465797915924,24.66973992143089,,78.27298050139275,28.219999313354492
2016-06-07,23.552162170410156,23.77878707020936,21.634145397894105,,74.16666666666667,28.059999465942383
2016-06-08,23.74521255493164,23.636096157092638,22.851784940346807,,75.06925207756233,28.290000915527344
2016-06-09,23.266788482666016,23.317150650617403,15.662424055875293,,66.29834254143645,27.719999313354492
2016-06-10,22.42743492126465,22.595305587817624,0.5367490646590833,,47.38292011019284,26.719999313354492
2016-06-13,21.823101043701172,22.14205335454468,-14.319877740258516,,31.043956043956044,26.0
2016-06-14,21.109661102294922,21.69720699100787,-25.680213348354126,,20.0,25.149999618530273
2016-06-15,21.109661102294922,21.277531813622552,-31.348949162029598,,14.48087431693989,25.149999618530273
2016-06-16,21.2607364654541,20.74033873584475,-30.296260808217028,,15.531335149863759,25.329999923706055
2016-06-17,21.109661102294922,21.37825295967213,-31.06572936485848,,14.945652173913043,25.149999618530273
2016-06-20,21.512544631958008,22.14205727348265,-27.146238961769516,,18.157181571815716,25.6299991607666
2016-06-21,21.77274513244629,21.672022401740172,-22.29477525409135,,25.135135135135133,25.940000534057617
2016-06-22,21.663625717163086,21.755954740821544,-20.515256712351775,,28.03234501347709,25.809999465942383
2016-06-23,22.947832107543945,22.32671321901193,-4.233958294177803,,43.27956989247312,27.34000015258789
2016-06-24,19.674367904663086,19.59882626331725,-22.982818429372493,,23.324396782841823,23.440000534057617
2016-06-27,18.03763771057129,19.053252403561522,-32.80922054219765,,11.497326203208557,21.489999771118164
2016-06-28,19.330232620239258,18.969311835263266,-31.090518955428625,,14.933333333333335,23.030000686645508
2016-06-29,20.58086585998535,19.691153557056122,-22.20361995265125,,26.063829787234045,24.520000457763672
2016-06-30,21.369848251342773,20.765516883678266,-12.331657932564841,,34.748010610079575,25.459999084472656
2016-07-01,21.13484001159668,21.168413189842664,-7.8781564459861215,,40.476190476190474,25.18000030517578
2016-07-05,20.379419326782227,20.62283000326032,-10.580492869187564,,36.93931398416886,24.280000686645508
2016-07-06,20.496929168701172,20.01849987572443,-10.777628514291974,,36.31578947368421,24.420000076293945
2016-07-07,20.564083099365234,20.639624757192703,-10.151416588122675,,37.53280839895013,24.5
2016-07-08,21.638450622558594,21.24395496950009,-0.992973832358247,,48.42931937172775,25.780000686645508
2016-07-11,22.016149520874023,21.915428420118147,8.892207086485058,,60.052219321148826,26.229999542236328
2016-07-12,22.77996063232422,22.477795692511346,20.43342799632515,,73.95833333333334,27.139999389648438
2016-07-13,22.821931838989258,22.704421725172413,26.594400990432774,,83.11688311688312,27.190000534057617
2016-07-14,23.359121322631836,23.871125573553304,29.77506598242478,,86.26943005181347,27.829999923706055
2016-07-15,23.22481346130371,23.67806160729791,30.178266033511502,,87.08010335917312,27.670000076293945
2016-07-18,23.417865753173828,23.27517618259631,32.005350107130766,,89.69072164948454,27.899999618530273
2016-07-19,23.56895637512207,23.174462310204447,34.24713267923485,,92.03084832904884,28.079999923706055
2016-07-20,23.728429794311523,23.753609274924706,36.276121562408925,,94.35897435897435,28.270000457763672
2016-07-21,23.451438903808594,23.75360380815899,34.75609220121831,,92.32736572890026,27.940000534057617
2016-07-22,23.86273193359375,23.53538579256147,37.01861022260453,,95.1530612244898,28.43000030517578
2016-07-25,23.694854736328125,23.72842951132316,36.60385629093814,,94.40203562340967,28.229999542236328
2016-07-26,23.812368392944336,23.63610399984581,37.37484992898655,,95.43147208121827,28.3700008392334
2016-07-27,23.694854736328125,23.77039637913357,36.13692353374967,,93.16455696202532,28.229999542236328
2016-07-28,23.938264846801758,23.54376928162203,37.19044716126181,,95.2020202020202,28.520000457763672
2016-07-29,23.812368392944336,23.720039348895888,35.66138804179204,,91.43576826196474,28.3700008392334
2016-08-01,23.669673919677734,23.837542982375233,32.77940767447735,,87.93969849246231,28.200000762939453
2016-08-02,23.05694580078125,23.476620834947926,23.444786416233796,,75.18796992481202,27.469999313354492
2016-08-03,23.610916137695312,22.89746987788763,24.990462963374156,,77.75,28.1299991607666
2016-08-04,23.543771743774414,23.577346519187365,24.23162696332283,,75.81047381546135,28.049999237060547
2016-08-05,24.71047019958496,24.047382776804515,33.42990945701202,,88.55721393034825,29.440000534057617
2016-08-08,24.71047019958496,24.861553490898654,36.26291549026536,,93.30024813895783,29.440000534057617
2016-08-09,24.81119155883789,24.802797864693705,38.26525295342334,,96.53465346534654,29.559999465942383
2016-08-10,24.332761764526367,24.836372197647965,30.973550649538385,,85.67901234567901,28.989999771118164
2016-08-11,24.3999080657959,24.567778732464003,27.23976226646973,,80.78817733990148,29.06999969482422
2016-08-12,24.290788650512695,24.097736940143687,22.721752972786902,,72.23587223587224,28.940000534057617
2016-08-15,24.668500900268555,24.517417614032034,27.63043055009661,,81.37254901960785,29.389999389648438
2016-08-16,24.39151382446289,24.483842849149696,23.710940351370013,,74.08312958435208,29.059999465942383
2016-08-17,24.59295654296875,24.450266966263566,25.510090370074106,,77.07317073170732,29.299999237060547
2016-08-18,24.58456802368164,24.618141199055902,26.280009059899378,,78.34549878345499,29.290000915527344
2016-08-19,24.458663940429688,24.383122295514053,23.528835568214284,,73.30097087378641,29.139999389648438
2016-08-22,24.559385299682617,24.458662578426132,23.860182530477868,,74.33414043583535,29.260000228881836
2016-08-23,24.676889419555664,24.802791598041207,26.76129720828578,,79.71014492753623,29.399999618530273
2016-08-24,24.509031295776367,24.676900408198318,23.45155237091501,,72.77108433734941,29.200000762939453
2016-08-25,24.693683624267578,24.500633457204977,25.811099841892133,,77.16346153846155,29.420000076293945
2016-08-26,24.744041442871094,24.945485281915907,26.135322203891683,,77.93764988009593,29.479999542236328
2016-08-29,25.356761932373047,24.903513779143445,33.180024310861704,,88.03827751196172,30.209999084472656
2016-08-30,25.902341842651367,25.54981477411799,38.70607490118635,,97.3747016706444,30.860000610351562
2016-08-31,25.952707290649414,25.877165647361448,41.2344124210591,,99.04761904761905,30.920000076293945
2016-09-01,25.717689514160156,26.036643485423568,39.04861366424501,,97.62470308788599,30.639999389648438
2016-09-02,26.170934677124023,25.89394922612217,40.035798251823756,,98.10426540284361,31.18000030517578
2016-09-06,26.070213317871094,26.238083976055933,39.47679854055942,,97.39952718676122,31.059999465942383
2016-09-07,26.238082885742188,25.90234318425729,40.704746142769125,,98.11320754716981,31.260000228881836
2016-09-08,26.103788375854492,26.145755240393836,39.85870719777068,,97.6470588235294,31.100000381469727
2016-09-09,24.517414093017578,25.87716187293567,10.317624481724591,,54.929577464788736,29.209999084472656
2016-09-12,25.33159065246582,24.03899050660462,7.1334220323496105,,51.52224824355972,30.18000030517578
2016-09-13,24.089353561401367,24.643324615482722,-12.673020482057462,,30.373831775700932,28.700000762939453
2016-09-14,23.86273193359375,24.1397174992981,-24.71522206236117,,19.114219114219114,28.43000030517578
2016-09-15,24.349546432495117,23.904690306093546,-23.56053233800227,,20.69767441860465,29.010000228881836
2016-09-16,23.753610610961914,24.05577720278292,-29.729818915416097,,14.385150812064964,28.299999237060547
2016-09-19,24.16489028930664,24.22364454050223,-27.612875801521636,,15.972222222222221,28.790000915527344
2016-09-20,24.18168067932129,24.4922409816913,-26.264923156497606,,17.551963048498845,28.809999465942383
2016-09-21,24.819580078125,24.517413555669524,-17.4093379880795,,27.64976958525346,29.56999969482422
2016-09-22,25.27284049987793,25.18051144561187,-6.222178246092032,,39.770114942528735,30.110000610351562
2016-09-23,24.928699493408203,25.062995386090627,-5.348948970661003,,40.36697247706422,29.700000762939453
2016-09-26,24.16489028930664,24.517415796480186,-15.203581109769843,,29.290617848970253,28.790000915527344
2016-09-27,24.433481216430664,24.02219987144115,-16.65842916039126,,27.62557077625571,29.110000610351562
2016-09-28,24.86993980407715,24.685283380350036,-11.753914087040275,,32.57403189066059,29.6299991607666
2016-09-29,23.85433006286621,24.794402885457302,-22.490711676609745,,22.5,28.420000076293945
2016-09-30,24.467056274414062,24.27400612633075,-20.218172692970878,,26.077097505668934,29.149999618530273
2016-10-03,23.97184181213379,24.29079579195312,-25.02960630149743,,18.778280542986426,28.559999465942383
2016-10-04,23.980236053466797,24.148106741509906,-27.318586182655146,,15.80135440180587,28.56999969482422
2016-10-05,24.3999080657959,24.19846422635417,-23.041108533276493,,21.62162162162162,29.06999969482422
2016-10-06,24.450271606445312,24.43348581847861,-19.901962956037202,,26.96629213483146,29.1299991607666
2016-10-07,24.374731063842773,24.509026970453466,-18.06585734804795,,27.802690582959645,29.040000915527344
2016-10-10,24.71047019958496,24.77761815117622,-9.36881563914599,,36.68903803131991,29.440000534057617
2016-10-11,23.95505714416504,24.584569837990816,-17.996939717871676,,27.901785714285715,28.540000915527344
2016-10-12,24.257213592529297,24.114524034887765,-16.545391981053882,,28.953229398663698,28.899999618530273
2016-10-13,23.778789520263672,23.711641572767505,-20.99865783966473,,25.77777777777778,28.329999923706055
2016-10-14,23.980236053466797,24.4922402111581,-19.42402336101999,,27.27272727272727,28.56999969482422
2016-10-17,23.77039337158203,24.047378826511913,-22.505637314544526,,22.566371681415927,28.31999969482422
2016-10-18,24.22364044189453,24.383115782175757,-16.148870116263886,,30.022075055187635,28.860000610351562
2016-10-19,24.72725486755371,24.450269379660273,-4.01242648688204,,43.61233480176212,29.459999084472656
2016-10-20,24.60135269165039,24.668500640277433,0.2282481725623709,,47.25274725274725,29.309999465942383
2016-10-21,24.702077865600586,24.282402744814803,5.770012649329351,,53.07017543859649,29.43000030517578
2016-10-24,24.911914825439453,25.054604427104127,11.708031305116936,,59.08096280087527,29.68000030517578
2016-10-25,24.744041442871094,24.886731028977835,11.874159624801642,,59.388646288209614,29.479999542236328
2016-10-26,24.794410705566406,24.483850364163878,13.122574139136155,,61.00217864923747,29.540000915527344
2016-10-27,24.500633239746094,25.021029476855425,7.7061799726794735,,55.869565217391305,29.190000534057617
2016-10-28,24.40830421447754,24.702077110230956,2.98470492579041,,50.108459869848154,29.079999923706055
2016-10-31,24.643320083618164,24.634926390289777,5.347801133213463,,51.94805194805194,29.360000610351562
2016-11-01,24.030590057373047,24.794400038552244,-5.818003050262986,,41.46868250539957,28.6299991607666
2016-11-02,23.38429832458496,23.778792363172595,-20.924065248183112,,25.43103448275862,27.860000610351562
2016-11-03,23.350723266601562,23.51020025941085,-28.924734552813604,,14.408602150537634,27.81999969482422
2016-11-04,23.216426849365234,23.367510144413334,-33.49223996765688,,8.369098712446352,27.65999984741211
2016-11-07,24.76082992553711,24.31597376070839,-10.47777179295985,,35.974304068522486,29.5
2016-11-08,24.987455368041992,24.584567663847047,6.179346559274719,,53.84615384615385,29.770000457763672
2016-11-09,26.71651840209961,25.608576327890802,22.875748866754282,,72.28144989339019,31.829999923706055
2016-11-10,28.302888870239258,27.513897658087696,32.29701139204063,,87.2340425531915,33.720001220703125
2016-11-11,28.579870223999023,27.899998693160075,38.12098967155948,,95.1167728237792,34.04999923706055
2016-11-14,30.006772994995117,29.016339392437505,40.85985308663071,,98.51694915254238,35.75
2016-11-15,29.93122673034668,29.561913810733095,41.98595841122946,,99.78858350951374,35.65999984741211
2016-11-16,29.259754180908203,29.24296678941582,40.374515702284555,,97.67932489451476,34.86000061035156
2016-11-17,30.006772994995117,29.35208079061093,41.67497301767741,,99.36842105263159,35.75
2016-11-18,30.208213806152344,30.17463903114991,42.65326031461145,,100.0,35.9900016784668
2016-11-21,30.451622009277344,30.518771557273404,43.06166725769351,,100.0,36.279998779296875
2016-11-22,30.72861099243164,30.879694282900136,43.35878666064317,,100.0,36.61000061035156
2016-11-23,30.9971981048584,30.728606340656047,43.87057903616815,,100.0,36.93000030517578
2016-11-25,31.20703887939453,31.08953037051907,44.182993720731304,,100.0,37.18000030517578
2016-11-28,30.38447380065918,30.77896616442131,41.2963224949727,,97.92099792099792,36.20000076293945
2016-11-29,30.619489669799805,30.39286477037336,40.4251358485601,,96.2655601659751,36.47999954223633
2016-11-30,31.06434440612793,31.47562734559829,40.684830274062925,,96.27329192546584,37.0099983215332
2016-12-01,31.609922409057617,31.400084898853606,41.28445885544729,,97.72727272727273,37.65999984741211
2016-12-02,31.19864845275879,31.316160181836317,39.92135447136641,,95.25773195876288,37.16999816894531
2016-12-05,32.26461410522461,31.769397457843013,41.330033944759045,,97.94238683127571,38.439998626708984
2016-12-06,32.9864616394043,32.52481967789783,42.6514087724213,,98.97330595482546,39.29999923706055
2016-12-07,34.60639953613281,33.05360334288798,43.52609751717579,,99.59016393442623,41.22999954223633
2016-12-08,35.46254348754883,34.891785135031846,43.218067990224974,,99.18200408997954,42.25
2016-12-09,35.605228424072266,35.48771992659872,43.16290612607352,,98.9795918367347,42.41999816894531
2016-12-12,34.93375778198242,35.38700770195369,40.708532700990276,,95.31568228105907,41.619998931884766
2016-12-13,35.076438903808594,35.16037262697536,39.5295782204534,,93.29268292682927,41.790000915527344
2016-12-14,34.32102966308594,34.53086721612693,35.05313686554772,,86.40973630831643,40.88999938964844
2016-12-15,34.9421501159668,35.01769176289206,35.23287114949197,,86.43724696356276,41.630001068115234
2016-12-16,34.4889030456543,35.219136890876285,32.74539108073256,,83.03030303030303,41.09000015258789
2016-12-19,34.78266906738281,34.698735333119714,32.11370731318921,,82.45967741935483,41.439998626708984
2016-12-20,35.62202072143555,35.252707792472194,35.774868161280544,,86.92152917505031,42.439998626708984
2016-12-21,35.252716064453125,35.54648741757652,35.19320829473634,,86.14457831325302,42.0
2016-12-22,34.9421501159668,35.25270879694091,32.84914576417287,,82.96593186372746,41.630001068115234
2016-12-23,35.110008239746094,34.90856285271132,32.49121412751027,,82.39999999999999,41.83000183105469
2016-12-27,35.30308532714844,35.33665691576801,33.36759995976485,,83.43313373253493,42.060001373291016
2016-12-28,34.37140655517578,35.54649543456084,25.31425450924288,,72.31075697211156,40.95000076293945
2016-12-29,34.035648345947266,34.270668568005064,16.94682566407143,,62.62425447316103,40.54999923706055
2016-12-30,34.329429626464844,34.16995101527249,14.576836502101767,58.53174603174603,58.53174603174603,40.900001525878906
2017-01-03,35.219120025634766,35.252694789119786,21.609233860313473,66.26984126984127,66.26984126984127,41.959999084472656
2017-01-04,36.31867218017578,35.35341847129573,29.91358765427324,78.57142857142857,78.57142857142857,43.27000045776367
2017-01-05,35.78989028930664,36.10044895180351,29.514836692720593,77.77777777777779,77.77777777777779,42.63999938964844
2017-01-06,36.108848571777344,36.05848640350189,31.023596110587892,80.55555555555556,80.55555555555556,43.02000045776367
2017-01-09,35.42058563232422,35.714356975918044,21.162928061033796,65.07936507936508,65.07936507936508,42.20000076293945
2017-01-10,35.45415115356445,35.462543246103145,16.470889996627104,61.50793650793651,61.50793650793651,42.2400016784668
2017-01-11,35.747928619384766,35.462549395582315,18.162860190688626,63.49206349206349,63.49206349206349,42.59000015258789
2017-01-12,35.29467010498047,35.28627801302992,11.285175789034078,53.57142857142857,53.57142857142857,42.04999923706055
2017-01-13,35.62202072143555,35.67238288523972,12.103733917675848,54.563492063492056,54.563492063492056,42.439998626708984
2017-01-17,34.11958312988281,35.12680069677735,-8.262784499920732,34.72222222222222,34.72222222222222,40.650001525878906
2017-01-18,34.707130432128906,34.463721300935156,-10.977216819644646,30.753968253968257,30.753968253968257,41.349998474121094
2017-01-19,34.0692253112793,34.79106700755327,-20.241504998200842,23.015873015873016,23.015873015873016,40.59000015258789
2017-01-20,34.497283935546875,34.41335021576708,-19.771607795826824,23.61111111111111,23.61111111111111,41.099998474121094
2017-01-23,34.329429626464844,34.36300120609767,-21.52459242207831,21.03174603174603,21.03174603174603,40.900001525878906
2017-01-24,35.21073532104492,34.56443539679433,-11.623392476779033,29.96031746031746,29.96031746031746,41.95000076293945
2017-01-25,36.34386444091797,36.07527262256356,8.842554342895978,51.388888888888886,51.388888888888886,43.29999923706055
2017-01-26,36.452980041503906,36.4445847463204,19.27768329638199,63.69047619047619,63.69047619047619,43.43000030517578
2017-01-27,35.88222122192383,36.411012746980184,15.746777136021667,58.92857142857143,58.92857142857143,42.75
2017-01-30,35.2610969543457,35.29467172742417,6.0790226491403,47.42063492063492,47.42063492063492,42.0099983215332
2017-01-31,34.833030700683594,34.84981808765491,-4.41631096030313,37.5,37.5,41.5
2017-02-01,34.61479187011719,35.40377963678638,-12.968350010580988,27.18253968253968,27.18253968253968,41.2400016784668
2017-02-02,34.62319564819336,34.32942435980394,-17.346290650532953,24.00793650793651,24.00793650793651,41.25
2017-02-03,36.32706832885742,35.8234595908407,1.3832802883297988,43.25396825396825,43.25396825396825,43.279998779296875
2017-02-06,35.991329193115234,35.840245935720915,6.794374240522464,48.214285714285715,48.214285714285715,42.880001068115234
2017-02-07,35.815067291259766,36.33546665949227,7.26222138988876,49.007936507936506,49.007936507936506,42.66999816894531
2017-02-08,35.46254348754883,35.52129774131969,2.9039896083462824,44.24603174603175,44.24603174603175,42.25
2017-02-09,36.56209182739258,35.77310067732017,14.211466146643872,56.34920634920635,56.34920634920635,43.560001373291016
2017-02-10,36.93141174316406,36.88944487019299,21.82405568332698,65.87301587301587,65.87301587301587,44.0
2017-02-13,37.963809967041016,37.40144685800863,27.73480236664248,76.38888888888889,76.38888888888889,45.22999954223633
2017-02-14,38.88709259033203,38.022559789599775,33.66899540985665,84.72222222222221,84.72222222222221,46.33000183105469
2017-02-15,39.533382415771484,39.34033230636061,36.96486069139075,89.68253968253968,89.68253968253968,47.099998474121094
2017-02-16,39.499820709228516,39.44945854564712,38.46268599681377,91.86507936507937,91.86507936507937,47.060001373291016
2017-02-17,39.44945526123047,38.996205432334314,38.90242279217343,92.46031746031747,92.46031746031747,47.0
2017-02-21,40.1796989440918,39.8439607370266,40.130761833177104,94.44444444444444,94.44444444444444,47.869998931884766
2017-02-22,40.246826171875,39.869118096899676,40.63650117790699,94.84126984126983,94.84126984126983,47.95000076293945
2017-02-23,40.50703048706055,40.51542578029127,41.48783092646274,97.42063492063492,97.42063492063492,48.2599983215332
2017-02-24,40.01180648803711,39.474623087267496,38.800558439036315,91.66666666666666,91.66666666666666,47.66999816894531
2017-02-27,40.47347640991211,39.96147216503258,39.47852336698065,92.65873015873017,92.65873015873017,48.220001220703125
2017-02-28,40.112552642822266,40.230061175562454,37.23740076358876,88.88888888888889,88.88888888888889,47.790000915527344
2017-03-01,42.5214729309082,41.79963138365647,39.34898330454297,92.26190476190477,92.26190476190477,50.65999984741211
2017-03-02,41.094581604003906,42.69774022452775,33.11702258617582,80.75396825396825,80.75396825396825,48.959999084472656
2017-03-03,41.39675521850586,41.27924669255538,30.86532045492752,77.38095238095238,77.38095238095238,49.31999969482422
2017-03-06,40.75044250488281,40.742050413571036,24.860918960109274,69.64285714285714,69.64285714285714,48.54999923706055
2017-03-07,40.38113784790039,40.549008525004595,17.42119137416313,61.50793650793651,61.50793650793651,48.11000061035156
2017-03-08,39.97825241088867,41.23727775776142,10.31233069439823,51.587301587301596,51.587301587301596,47.630001068115234
2017-03-09,40.02021026611328,40.20486829998466,6.812737736892076,47.61904761904761,47.61904761904761,47.68000030517578
2017-03-10,39.93629455566406,40.69170801320862,3.3605561010568357,44.44444444444444,44.44444444444444,47.58000183105469
2017-03-13,40.112552642822266,40.05379837645217,1.507120113550623,42.46031746031746,42.46031746031746,47.790000915527344
2017-03-14,39.877525329589844,39.76841211239147,-3.7323686755852203,37.301587301587304,37.301587301587304,47.5099983215332
2017-03-15,40.188087463378906,40.09575843139863,-4.149059878216508,36.904761904761905,36.904761904761905,47.880001068115234
2017-03-16,40.48185729980469,40.49864468700776,-4.048250389954091,37.10317460317461,37.10317460317461,48.22999954223633
2017-03-17,39.71805191040039,40.60776429081009,-13.489217521164825,26.190476190476193,26.190476190476193,47.31999969482422
2017-03-20,38.87031555175781,39.50822040385829,-26.221703733152506,13.690476190476192,13.690476190476192,46.310001373291016
2017-03-21,36.2347412109375,39.28997817435552,-35.66938911703178,5.158730158730158,5.158730158730158,43.16999816894531
2017-03-22,36.201175689697266,35.98294284062984,-37.97546609338366,3.968253968253968,3.968253968253968,43.130001068115234
2017-03-23,36.520118713378906,36.08365951163388,-38.05804384055721,3.7698412698412698,3.7698412698412698,43.5099983215332
2017-03-24,36.46975326538086,36.83906606334219,-38.245078303801634,3.1746031746031744,3.1746031746031744,43.45000076293945
2017-03-27,35.88222122192383,34.84142556011558,-38.51544862178103,3.1746031746031744,3.1746031746031744,42.75
2017-03-28,37.032135009765625,35.73953795778852,-34.327670912242255,7.341269841269842,7.341269841269842,44.119998931884766
2017-03-29,36.721580505371094,37.015351868666976,-33.201056012859794,8.531746031746032,8.531746031746032,43.75
2017-03-30,37.787532806396484,36.67119590474105,-27.127875543826228,14.285714285714285,14.285714285714285,45.02000045776367
2017-03-31,37.26715850830078,37.58610935039911,-25.432731869011015,16.666666666666664,16.666666666666664,44.400001525878906
2017-04-03,37.057308197021484,37.40144160995866,-25.354055300072947,16.865079365079367,16.865079365079367,44.150001525878906
2017-04-04,36.830692291259766,36.50334618450778,-26.255058648146658,15.277777777777779,15.277777777777779,43.880001068115234
2017-04-05,36.31867218017578,37.56930179401713,-28.946524879773712,13.095238095238097,13.095238095238097,43.27000045776367
2017-04-06,36.85586166381836,36.36064499151193,-27.219648850079846,14.285714285714285,14.285714285714285,43.90999984741211
2017-04-07,36.637638092041016,36.42780053871172,-27.32843398293886,14.087301587301587,14.087301587301587,43.650001525878906
2017-04-10,36.55369186401367,36.66280826054929,-27.767614679195873,13.88888888888889,13.88888888888889,43.54999923706055
2017-04-11,36.55369186401367,36.27670802895083,-27.92262665424564,13.88888888888889,13.88888888888889,43.54999923706055
2017-04-12,35.798282623291016,36.3858251248642,-31.69278620820533,10.515873015873016,10.515873015873016,42.650001525878906
2017-04-13,34.79106521606445,35.5464784485782,-37.75250648492937,4.9603174603174605,4.9603174603174605,41.45000076293945
2017-04-17,36.310272216796875,35.068034853311204,-32.742709673732506,9.325396825396826,9.325396825396826,43.2599983215332
2017-04-18,35.78150939941406,35.75632670947481,-32.22099257619903,10.317460317460316,10.317460317460316,42.630001068115234
2017-04-19,35.5716552734375,36.184380412931056,-32.7173939993232,9.722222222222223,9.722222222222223,42.380001068115234
2017-04-20,36.872657775878906,36.09206176527134,-17.682861150078068,26.785714285714285,26.785714285714285,43.93000030517578
2017-04-21,36.150794982910156,36.83906155044397,-16.824843451971017,27.18253968253968,27.18253968253968,43.06999969482422
2017-04-24,37.61127471923828,37.753962682595066,-0.7560702577650884,41.269841269841265,41.269841269841265,44.810001373291016
2017-04-25,38.34990692138672,38.20721893382246,9.913232247130985,52.38095238095239,52.38095238095239,45.689998626708984
2017-04-26,38.28274917602539,38.450619795191464,13.19005268758669,55.952380952380956,55.952380952380956,45.61000061035156
2017-04-27,38.03934860229492,38.576532186849825,12.512722612277786,55.158730158730165,55.158730158730165,45.31999969482422
2017-04-28,37.01533508300781,37.98058889931708,2.3114495504316435,44.047619047619044,44.047619047619044,44.099998474121094
2017-05-01,37.535743713378906,37.325906153624985,1.6443726523181181,43.452380952380956,43.452380952380956,44.720001220703125
2017-05-02,37.55252456665039,37.66163777338782,1.6404692109625567,43.25396825396825,43.25396825396825,44.7400016784668
2017-05-03,37.65324783325195,37.334293883185765,2.7342200029771817,44.24603174603175,44.24603174603175,44.86000061035156
2017-05-04,37.82111740112305,38.13167604769687,5.135334118168022,46.230158730158735,46.230158730158735,45.060001373291016
2017-05-05,37.87149429321289,38.16526889421868,6.946601488345326,48.41269841269841,48.41269841269841,45.119998931884766
2017-05-08,37.64485168457031,38.131676292143744,4.990813816752258,45.83333333333333,45.83333333333333,44.849998474121094
2017-05-09,37.20000457763672,37.82112520074084,-0.9248340611563624,40.27777777777778,40.27777777777778,44.31999969482422
2017-05-10,37.56090545654297,36.97335992634684,-0.41180553889478155,40.67460317460318,40.67460317460318,44.75
2017-05-11,37.01533508300781,37.30910951495102,-5.535121299701978,36.507936507936506,36.507936507936506,44.099998474121094
2017-05-12,36.587284088134766,36.68800523967805,-12.63293316575577,30.357142857142854,30.357142857142854,43.59000015258789
2017-05-15,37.3930549621582,36.82229650601507,-7.8510668437240625,34.92063492063492,34.92063492063492,44.54999923706055
2017-05-16,37.334293365478516,37.560918284604035,-6.870238202404217,35.11904761904761,35.11904761904761,44.47999954223633
2017-05-17,34.984100341796875,36.00810813473571,-24.696710518147373,20.03968253968254,20.03968253968254,41.68000030517578
2017-05-18,35.227516174316406,34.90017022703926,-31.46372780197201,11.706349206349206,11.706349206349206,41.970001220703125
2017-05-19,35.991329193115234,35.51289994532195,-29.346071188388567,13.690476190476192,13.690476190476192,42.880001068115234
2017-05-22,36.41940689086914,36.41940689086914,-23.949560407261323,21.03174603174603,21.03174603174603,43.38999938964844
2017-05-23,37.124446868896484,36.595655518621705,-14.958733423012143,29.563492063492063,29.563492063492063,44.22999954223633
2017-05-24,37.3846549987793,37.30911336013593,-7.024282070769672,36.11111111111111,36.11111111111111,44.540000915527344
2017-05-25,37.65324783325195,37.644852538797565,1.0919985290684424,43.84920634920635,43.84920634920635,44.86000061035156
2017-05-26,37.518951416015625,37.37626022907944,6.106679542593838,49.801587301587304,49.801587301587304,44.70000076293945
2017-05-30,36.83906936645508,37.35107335622094,0.650319298848774,43.452380952380956,43.452380952380956,43.88999938964844
2017-05-31,36.39422607421875,36.88944283240258,-6.608847647406908,36.7063492063492,36.7063492063492,43.36000061035156
2017-06-01,37.47698211669922,36.68799099727412,1.5813142503714899,45.23809523809524,45.23809523809524,44.650001525878906
2017-06-02,37.35947799682617,36.98177294806278,4.580452367142726,47.61904761904761,47.61904761904761,44.5099983215332
2017-06-05,37.418235778808594,37.38466100027353,7.641367834267293,52.77777777777778,52.77777777777778,44.58000183105469
2017-06-06,36.96498107910156,36.906226825220344,4.001757418072201,47.22222222222222,47.22222222222222,44.040000915527344
2017-06-07,37.64485168457031,37.225176623641474,11.326058156414806,55.952380952380956,55.952380952380956,44.849998474121094
2017-06-08,38.43384552001953,37.602887432795505,17.895999243649506,64.0873015873016,64.0873015873016,45.790000915527344
2017-06-09,39.877525329589844,38.90387925651619,26.806571496318316,73.01587301587301,73.01587301587301,47.5099983215332
2017-06-12,40.078975677490234,39.9530718553481,30.71231582611536,76.98412698412699,76.98412698412699,47.75
2017-06-13,40.67491912841797,40.46508153093104,34.31407021107866,83.33333333333334,83.33333333333334,48.459999084472656
2017-06-14,40.851165771484375,40.33916492585361,36.477029294836136,87.10317460317461,87.10317460317461,48.66999816894531
2017-06-15,40.58259201049805,40.028620854762586,35.506339983160764,84.52380952380952,84.52380952380952,48.349998474121094
2017-06-16,40.498634338378906,40.73365129543458,34.39811409355965,82.93650793650794,82.93650793650794,48.25
2017-06-19,41.36317443847656,41.04422368627255,36.43693770915134,86.90476190476191,86.90476190476191,49.279998779296875
2017-06-20,40.59097671508789,41.24566885505158,31.942059137347922,77.77777777777779,77.77777777777779,48.36000061035156
2017-06-21,39.91948699951172,40.70008275266608,23.536598344728247,66.86507936507937,66.86507936507937,47.560001373291016
2017-06-22,39.39070510864258,39.73483856227517,14.189767119095858,57.53968253968254,57.53968253968254,46.93000030517578
2017-06-23,39.17247009277344,39.73483636009851,6.788543314904004,49.801587301587304,49.801587301587304,46.66999816894531
2017-06-26,39.7935791015625,39.61731638892563,8.203999306094824,53.37301587301587,53.37301587301587,47.40999984741211
2017-06-27,39.953067779541016,39.995037850551626,10.38187466851929,54.563492063492056,54.563492063492056,47.599998474121094
2017-06-28,41.4387092590332,40.507030231995564,22.08236154280666,65.27777777777779,65.27777777777779,49.369998931884766
2017-06-29,41.5730094909668,43.352434010988596,22.68300433163331,65.27777777777779,65.27777777777779,49.529998779296875
2017-06-30,41.45552062988281,42.13539568668909,21.799416423986525,64.68253968253968,64.68253968253968,49.38999938964844
2017-07-03,42.75649642944336,41.92554155569854,28.500962705973294,73.21428571428571,73.21428571428571,50.939998626708984
2017-07-05,42.79845428466797,43.07543809624271,32.07784960762575,78.17460317460318,78.17460317460318,50.9900016784668
2017-07-06,41.55622100830078,42.68095024239329,24.805256666773094,68.25396825396825,68.25396825396825,49.5099983215332
2017-07-07,42.28646469116211,42.10180661942652,24.654181501948266,67.65873015873017,67.65873015873017,50.380001068115234
2017-07-10,42.110198974609375,42.17734852906424,22.303883629493654,64.28571428571429,64.28571428571429,50.16999816894531
2017-07-11,41.58979797363281,42.08501467450795,14.303267314042753,56.547619047619044,56.547619047619044,49.54999923706055
2017-07-12,42.110198974609375,41.547835864451336,15.536711875488846,57.53968253968254,57.53968253968254,50.16999816894531
2017-07-13,42.73131561279297,42.210919421133795,20.91833044192876,62.301587301587304,62.301587301587304,50.90999984741211
2017-07-14,42.60541534423828,41.94233111030262,22.696026615574528,64.48412698412699,64.48412698412699,50.7599983215332
2017-07-17,42.487884521484375,42.403950825110755,22.423603063468942,64.0873015873016,64.0873015873016,50.619998931884766
2017-07-18,42.4207649230957,42.08502352240698,21.508715515437682,62.698412698412696,62.698412698412696,50.540000915527344
2017-07-19,42.806854248046875,42.63898359101457,24.126170224269757,67.26190476190477,67.26190476190477,51.0
2017-07-20,42.77328872680664,42.88240515775612,25.231727255678354,69.44444444444444,69.44444444444444,50.959999084472656
2017-07-21,42.78167724609375,42.42914852573701,25.858897290309418,70.23809523809523,70.23809523809523,50.970001220703125
2017-07-24,43.16777801513672,42.71452817047146,29.28277973803406,74.20634920634922,74.20634920634922,51.43000030517578
2017-07-25,44.27571487426758,44.065877363015126,33.06521417779636,79.76190476190477,79.76190476190477,52.75
2017-07-26,43.93159103393555,44.62825005776608,30.981781665006686,76.98412698412699,76.98412698412699,52.34000015258789
2017-07-27,43.37761306762695,44.065879887820735,23.79329062061842,66.66666666666666,66.66666666666666,51.68000030517578
2017-07-28,43.243324279785156,43.125815759758986,17.68580457163057,60.11904761904761,60.11904761904761,51.52000045776367
2017-07-31,43.88121795654297,43.696563129683256,19.934517615719024,61.111111111111114,61.111111111111114,52.279998779296875
2017-08-01,44.737361907958984,44.384836385374705,28.146206023161724,73.01587301587301,73.01587301587301,53.29999923706055
2017-08-02,44.72897720336914,44.863273120135645,31.7207251276287,77.57936507936508,77.57936507936508,53.290000915527344
2017-08-03,44.191795349121094,44.56110833491199,27.761686521468093,72.42063492063492,72.42063492063492,52.650001525878906
2017-08-04,44.81289291381836,44.905221919783756,29.08208214058651,73.4126984126984,73.4126984126984,53.38999938964844
2017-08-07,44.79611587524414,45.039528183205206,29.531650293377602,74.0079365079365,74.0079365079365,53.369998931884766
2017-08-08,44.4435920715332,44.77933021788176,24.914485093727848,67.85714285714286,67.85714285714286,52.95000076293945
2017-08-09,44.26731872558594,43.65459043124231,19.86217007672312,59.72222222222222,59.72222222222222,52.7400016784668
2017-08-10,42.202518463134766,43.64620153862495,-6.230832727103083,35.317460317460316,35.317460317460316,50.279998779296875
2017-08-11,41.69892501831055,42.37879994427893,-23.455934826303814,21.23015873015873,21.23015873015873,49.68000030517578
2017-08-14,43.39440155029297,42.5130845706389,-16.508624259029983,26.984126984126984,26.984126984126984,51.70000076293945
2017-08-15,43.662994384765625,44.191785866069935,-9.733463467213394,32.142857142857146,32.142857142857146,52.02000045776367
2017-08-16,43.68817138671875,44.04070008821917,-5.7949002237526726,36.507936507936506,36.507936507936506,52.04999923706055
2017-08-17,41.715702056884766,43.226531648900185,-22.510707114375496,22.023809523809522,22.023809523809522,49.70000076293945
2017-08-18,41.45552062988281,41.37997895690434,-30.966125780293584,12.103174603174603,12.103174603174603,49.38999938964844
2017-08-21,41.55622100830078,41.539436824360905,-34.41535629398498,7.341269841269842,7.341269841269842,49.5099983215332
2017-08-22,42.504695892333984,42.01787441522969,-28.495639286452302,14.880952380952381,14.880952380952381,50.63999938964844
2017-08-23,42.49629592895508,41.79124172568304,-25.39890582772432,19.246031746031747,19.246031746031747,50.630001068115234
2017-08-24,42.42914962768555,42.87400738640045,-24.33538424203968,20.634920634920633,20.634920634920633,50.54999923706055
2017-08-25,42.74810028076172,42.78167505276327,-20.31614293533901,24.6031746031746,24.6031746031746,50.93000030517578
2017-08-28,42.24449157714844,42.966329965160895,-22.884990850223723,22.023809523809522,22.023809523809522,50.33000183105469
2017-08-29,41.84161376953125,41.20370891078602,-27.719785846569945,14.682539682539684,14.682539682539684,49.849998474121094
2017-08-30,42.40397262573242,42.05144387561844,-24.915373596853062,19.246031746031747,19.246031746031747,50.52000045776367
2017-08-31,42.61380386352539,42.69773759061671,-21.11115750429011,23.809523809523807,23.809523809523807,50.77000045776367
2017-09-01,42.89918899536133,42.80685996157687,-16.231764648021976,27.579365079365083,27.579365079365083,51.11000061035156
2017-09-05,40.75883865356445,42.25288068398349,-28.784597458808953,13.095238095238097,13.095238095238097,48.560001373291016
2017-09-06,41.010643005371094,41.17011835850529,-33.584210044591565,7.142857142857142,7.142857142857142,48.86000061035156
2017-09-07,39.99504089355469,41.13655454970338,-37.510261084148325,4.563492063492063,4.563492063492063,47.650001525878906
2017-09-08,40.54061508178711,39.80198598991236,-36.333822633797084,4.9603174603174605,4.9603174603174605,48.29999923706055
2017-09-11,42.44593811035156,41.63176741568287,-20.32841101721908,24.206349206349206,24.206349206349206,50.56999969482422
2017-09-12,43.30206298828125,42.7061253068212,-3.3093928017187446,39.08730158730159,39.08730158730159,51.59000015258789
2017-09-13,43.20134735107422,43.117410426405826,5.020821642381062,45.43650793650794,45.43650793650794,51.470001220703125
2017-09-14,43.075443267822266,43.117410128933784,8.137848304050987,50.595238095238095,50.595238095238095,51.31999969482422
2017-09-15,43.36081314086914,42.848809219858765,15.910231360400843,56.34920634920635,56.34920634920635,51.65999984741211
2017-09-18,44.21696090698242,43.71335215753724,22.580260906099028,62.698412698412696,62.698412698412696,52.68000030517578
2017-09-19,44.770931243896484,44.35964831563863,26.640436926345757,70.23809523809523,70.23809523809523,53.34000015258789
2017-09-20,45.2829475402832,44.930418763209175,29.734088967509404,74.0079365079365,74.0079365079365,53.95000076293945
2017-09-21,45.51796340942383,45.224192104373564,31.84301482862676,77.57936507936508,77.57936507936508,54.22999954223633
2017-09-22,45.38365936279297,45.12345968077255,31.848554985471694,77.57936507936508,77.57936507936508,54.06999969482422
2017-09-25,45.02274703979492,45.19061773069815,29.283078533713585,72.81746031746032,72.81746031746032,53.63999938964844
2017-09-26,44.980777740478516,45.182223199066286,27.366572139863727,70.43650793650794,70.43650793650794,53.59000015258789
2017-09-27,46.105506896972656,46.105506896972656,30.713453980576205,75.1984126984127,75.1984126984127,54.93000030517578
2017-09-28,46.50000762939453,46.3489243201268,34.20512361105465,82.14285714285714,82.14285714285714,55.400001525878906
2017-09-29,46.97843551635742,46.39928178234352,37.100765824264585,88.09523809523809,88.09523809523809,55.970001220703125
2017-10-02,47.842952728271484,47.137898559990724,39.35345168893826,92.26190476190477,92.26190476190477,57.0
2017-10-03,48.23746109008789,48.09476987907322,41.07674379708223,95.63492063492063,95.63492063492063,57.470001220703125
2017-10-04,47.97725296020508,48.019219826032135,40.37786794046217,94.04761904761905,94.04761904761905,57.15999984741211
2017-10-05,49.28664016723633,47.98564491720267,41.44877713141464,97.22222222222221,97.22222222222221,58.720001220703125
2017-10-06,49.22788619995117,49.5216574634794,41.12511896145723,95.63492063492063,95.63492063492063,58.650001525878906
2017-10-09,48.917327880859375,49.49648155916819,38.99420398031641,90.87301587301587,90.87301587301587,58.279998779296875
2017-10-10,49.49647521972656,49.25306292818912,40.005362102585615,92.85714285714286,92.85714285714286,58.970001220703125
2017-10-11,49.580406188964844,49.3705686807326,40.839181059149574,94.84126984126983,94.84126984126983,59.06999969482422
2017-10-12,49.00126647949219,49.93294573103544,36.375396091698825,84.72222222222221,84.72222222222221,58.380001068115234
2017-10-13,49.060028076171875,48.76625353567537,34.20893743025968,80.15873015873017,80.15873015873017,58.45000076293945
2017-10-16,49.42094039916992,49.19431546219938,34.781103479934316,81.34920634920636,81.34920634920636,58.880001068115234
2017-10-17,48.8417854309082,49.73149776726465,29.224757349051256,69.64285714285714,69.64285714285714,58.189998626708984
2017-10-18,49.395748138427734,49.345389185665475,30.105471903373214,71.62698412698413,71.62698412698413,58.849998474121094
2017-10-19,49.49647521972656,48.556400825209494,31.142474671461056,74.0079365079365,74.0079365079365,58.970001220703125
2017-10-20,50.78070068359375,50.688371624597465,35.94135398245783,83.73015873015873,83.73015873015873,60.5
2017-10-23,50.41976547241211,51.01570333668054,34.90759563297562,81.15079365079364,81.15079365079364,60.06999969482422
2017-10-24,51.02409362792969,50.86461505885845,36.6124154474835,85.51587301587301,85.51587301587301,60.790000915527344
2017-10-25,50.54568099975586,51.31788181385817,32.43313535447512,75.79365079365078,75.79365079365078,60.220001220703125
2017-10-26,51.09123992919922,50.89818978952118,33.4558087172743,78.17460317460318,78.17460317460318,60.869998931884766
2017-10-27,51.2171516418457,50.98213460101979,34.73693538744419,80.75396825396825,80.75396825396825,61.02000045776367
2017-10-30,50.7555046081543,50.982129532936604,29.708129913313968,70.23809523809523,70.23809523809523,60.470001220703125
2017-10-31,50.6547737121582,50.71352795890042,25.056436689815065,63.888888888888886,63.888888888888886,60.349998474121094
2017-11-01,50.86461639404297,51.09963660677335,23.850977184764478,61.50793650793651,61.50793650793651,60.599998474121094
2017-11-02,51.94738006591797,50.982129318352435,30.548423230917898,72.61904761904762,72.61904761904762,61.88999938964844
2017-11-03,51.603248596191406,51.62842807695206,29.402426927380652,70.23809523809523,70.23809523809523,61.47999954223633
2017-11-06,51.980960845947266,51.410202424109826,31.573556556323805,75.0,75.0,61.93000030517578
2017-11-07,50.713523864746094,51.955764643236115,17.68744890927766,54.761904761904766,54.761904761904766,60.41999816894531
2017-11-08,50.38618469238281,50.51208848616534,6.323448082344404,44.047619047619044,44.047619047619044,60.029998779296875
2017-11-09,49.98330307006836,49.53005319996391,-4.270781259441389,34.72222222222222,34.72222222222222,59.54999923706055
2017-11-10,49.723106384277344,49.97491079948528,-12.133495652519995,27.18253968253968,27.18253968253968,59.2400016784668
2017-11-13,50.01688003540039,49.11038025551191,-14.513470055314675,25.396825396825395,25.396825396825395,59.59000015258789
2017-11-14,50.04206466674805,49.479701495033304,-15.359246094242174,24.801587301587304,24.801587301587304,59.619998931884766
2017-11-15,49.80703353881836,49.10197934830648,-18.43094858722067,22.42063492063492,22.42063492063492,59.34000015258789
2017-11-16,50.20991897583008,50.36939433024742,-15.467603870978838,24.801587301587304,24.801587301587304,59.81999969482422
2017-11-17,49.88258361816406,49.924550488611814,-18.16836165997077,22.61904761904762,22.61904761904762,59.43000030517578
2017-11-20,50.37778854370117,50.19313051485398,-13.535508583300757,26.785714285714285,26.785714285714285,60.02000045776367
2017-11-21,51.07445526123047,50.83104615155676,-3.536630163627652,36.7063492063492,36.7063492063492,60.849998474121094
2017-11-22,50.478519439697266,51.108032076278526,-5.272827845689171,35.11904761904761,35.11904761904761,60.13999938964844
2017-11-24,50.57923889160156,50.87301336673999,-5.1846953190915634,35.317460317460316,35.317460317460316,60.2599983215332
2017-11-27,50.36940002441406,50.562453372462386,-7.776930608725029,32.73809523809524,32.73809523809524,60.0099983215332
2017-11-28,53.013343811035156,50.62958977562879,13.177343366076116,51.98412698412699,51.98412698412699,63.15999984741211
2017-11-29,54.339534759521484,53.961829699009435,24.91021970729497,64.48412698412699,64.48412698412699,64.73999786376953
2017-11-30,55.304786682128906,55.271211904153155,29.62300166230744,71.03174603174604,71.03174603174604,65.88999938964844
2017-12-01,55.523014068603516,55.44746922466502,32.80957719533169,77.77777777777779,77.77777777777779,66.1500015258789
2017-12-04,56.42951965332031,58.16697440014361,34.05970411175019,80.15873015873017,80.15873015873017,67.2300033569336
2017-12-05,55.66569137573242,56.91632107441694,31.29392786069373,74.8015873015873,74.8015873015873,66.31999969482422
2017-12-06,55.564971923828125,55.321566039464315,29.114801392019608,68.84920634920636,68.84920634920636,66.19999694824219
2017-12-07,56.17770767211914,55.19566950071275,30.417212312189683,72.02380952380952,72.02380952380952,66.93000030517578
2017-12-08,57.02545928955078,56.86598068934508,33.84363938730082,79.96031746031747,79.96031746031747,67.94000244140625
2017-12-11,56.84919357299805,57.07581531616928,34.84722132648671,81.94444444444444,81.94444444444444,67.7300033569336
2017-12-12,58.242488861083984,57.151331433106336,38.483280638259934,88.88888888888889,88.88888888888889,69.38999938964844
2017-12-13,56.65613555908203,58.334835871943724,31.384685017249115,74.20634920634922,74.20634920634922,67.5
2017-12-14,55.91751480102539,57.1597495591794,23.177450288038443,58.92857142857143,58.92857142857143,66.62000274658203
2017-12-15,57.37797927856445,56.61416753482929,25.200230850859878,63.095238095238095,63.095238095238095,68.36000061035156
2017-12-18,58.57825469970703,58.4523508814951,30.46973868128273,71.42857142857143,71.42857142857143,69.79000091552734
2017-12-19,57.34892654418945,59.189135908933814,25.605352136151744,63.49206349206349,63.49206349206349,68.25
2017-12-20,56.718711853027344,58.248016123595235,18.901574197664672,53.17460317460318,53.17460317460318,67.5
2017-12-21,57.542179107666016,57.26488612376484,19.696017923556678,53.37301587301587,53.37301587301587,68.4800033569336
2017-12-22,57.45814895629883,57.886692095938926,19.401668521819452,53.17460317460318,53.17460317460318,68.37999725341797
2017-12-26,57.222869873046875,57.399327296739834,17.784776016804464,52.182539682539684,52.182539682539684,68.0999984741211
2017-12-27,57.466552734375,57.21446702962029,18.125305272671476,52.38095238095239,52.38095238095239,68.38999938964844
2017-12-28,58.19759750366211,57.74384707102922,21.615015736453618,55.35714285714286,55.35714285714286,69.26000213623047
2017-12-29,57.45814895629883,58.44127808968562,17.547571515947567,51.19047619047619,51.19047619047619,68.37999725341797
2018-01-02,57.08843994140625,58.13038196421277,12.889926455573452,48.01587301587302,48.01587301587302,67.94000244140625
2018-01-03,57.86149215698242,57.13044863894995,12.21276070958385,47.61904761904761,47.61904761904761,68.86000061035156
2018-01-04,58.75218200683594,58.390862543817086,15.946459167523386,50.198412698412696,50.198412698412696,69.91999816894531
2018-01-05,59.609249114990234,59.44118987785766,23.969354673718257,60.11904761904761,60.11904761904761,70.94000244140625
2018-01-08,59.70169448852539,59.42440148849654,28.592622144798835,67.26190476190477,67.26190476190477,71.05000305175781
2018-01-09,60.323486328125,60.07980522992385,30.111282729272943,70.63492063492063,70.63492063492063,71.79000091552734
2018-01-10,60.92008590698242,60.3823091097714,33.2567662580955,77.97619047619048,77.97619047619048,72.5
2018-01-11,61.61754608154297,61.52511505047671,37.53711665579984,87.5,87.5,73.33000183105469
2018-01-12,62.60904312133789,62.07126633653969,40.31120922409415,93.05555555555556,93.05555555555556,74.51000213623047
2018-01-16,62.23093032836914,63.86947479246939,35.50004348325118,82.14285714285714,82.14285714285714,74.05999755859375
2018-01-17,63.760215759277344,62.68466223669331,38.08699939705208,87.5,87.5,75.87999725341797
2018-01-18,63.298072814941406,63.91987604772024,36.805007166655045,85.31746031746032,85.31746031746032,75.33000183105469
2018-01-19,64.60892486572266,63.693025632302074,40.38611156320505,93.45238095238095,93.45238095238095,76.88999938964844
2018-01-22,66.20542907714844,64.36522029902251,42.4457921587744,98.21428571428571,98.21428571428571,78.79000091552734
2018-01-23,66.78523254394531,66.1886301094885,43.248905234576185,99.20634920634922,99.20634920634922,79.4800033569336
2018-01-24,67.54987335205078,67.45744236120227,42.928906862477966,98.4126984126984,98.4126984126984,80.38999938964844
2018-01-25,67.3818359375,68.07086303842593,42.317636140195205,97.61904761904762,97.61904761904762,80.19000244140625
2018-01-26,68.65904998779297,67.87759192688031,43.50351999494714,99.40476190476191,99.40476190476191,81.70999908447266
2018-01-29,67.31462097167969,68.88594196959644,38.564956292431624,87.6984126984127,87.6984126984127,80.11000061035156
2018-01-30,65.28953552246094,65.21391365205706,26.034429901104755,61.111111111111114,61.111111111111114,77.69999694824219
2018-01-31,66.21385192871094,65.79371329061203,21.95394519344482,52.57936507936508,52.57936507936508,78.80000305175781
2018-02-01,66.97008514404297,65.87772871422939,22.54202048304652,53.17460317460318,53.17460317460318,79.69999694824219
2018-02-02,62.86953353881836,66.17182285987681,2.844197548452242,34.523809523809526,34.523809523809526,74.81999969482422
2018-02-05,54.64323043823242,60.331911208216916,-19.8295133130044,16.071428571428573,16.071428571428573,65.02999877929688
2018-02-06,57.13044357299805,51.256907890122804,-24.234991931516277,11.30952380952381,11.30952380952381,67.98999786376953
2018-02-07,57.080020904541016,56.643079654383826,-26.58673174391884,8.73015873015873,8.73015873015873,67.93000030517578
2018-02-08,50.84516525268555,57.48335874435108,-36.32598224079517,1.984126984126984,1.984126984126984,60.5099983215332
2018-02-09,52.93745803833008,52.92905667759012,-35.75525713903362,1.984126984126984,1.984126984126984,63.0
2018-02-12,54.8196907043457,54.19788728095457,-32.66931080540589,3.968253968253968,3.968253968253968,65.23999786376953
2018-02-13,55.60955810546875,53.82816772504914,-29.631620711035378,5.753968253968254,5.753968253968254,66.18000030517578
2018-02-14,58.550514221191406,54.903707922488195,-22.795701295578873,12.896825396825399,12.896825396825399,69.68000030517578
2018-02-15,59.85295104980469,59.7773227640497,-16.385513645795406,18.650793650793652,18.650793650793652,71.2300033569336
2018-02-16,60.04621887207031,59.24795795109664,-12.47019152609288,22.023809523809522,22.023809523809522,71.45999908447266
2018-02-20,59.24794006347656,59.36557834450778,-12.223240666415942,22.42063492063492,22.42063492063492,70.51000213623047
2018-02-21,58.48330307006836,59.256356703946565,-13.72002466226941,20.833333333333336,20.833333333333336,69.5999984741211
2018-02-22,57.878292083740234,59.14711246952331,-15.534784110284253,19.246031746031747,19.246031746031747,68.87999725341797
2018-02-23,60.49995040893555,58.61773152457196,-10.09196458657256,25.0,25.0,72.0
2018-02-26,62.59224319458008,61.38224845626354,-2.1475957860583463,30.753968253968257,30.753968253968257,74.48999786376953
2018-02-27,60.61760330200195,62.56704636204445,-3.5962956526605416,30.357142857142854,30.357142857142854,72.13999938964844
2018-02-28,58.777400970458984,61.22261125688495,-6.978258594971151,26.785714285714285,26.785714285714285,69.94999694824219
2018-03-01,56.273372650146484,58.83621460707378,-13.52518426976973,21.428571428571427,21.428571428571427,66.97000122070312
2018-03-02,56.84475326538086,55.03815602218603,-15.632354813224383,19.246031746031747,19.246031746031747,67.6500015258789
2018-03-05,59.13870620727539,55.811209310757185,-11.025722931553307,24.206349206349206,24.206349206349206,70.37999725341797
2018-03-06,59.81092834472656,60.04620492316623,-3.8241829828626144,30.952380952380953,30.952380952380953,71.18000030517578
2018-03-07,59.88655090332031,58.11357197794492,0.20633389049331805,32.93650793650794,32.93650793650794,71.2699966430664
2018-03-08,60.3907356262207,60.28990003603978,4.572190131127953,36.904761904761905,36.904761904761905,71.87000274658203
2018-03-09,64.01231384277344,61.65113709168973,15.531139670854913,46.62698412698413,46.62698412698413,76.18000030517578
2018-03-12,63.718231201171875,64.08794886544862,19.822889248392794,50.79365079365079,50.79365079365079,75.83000183105469
2018-03-13,62.205718994140625,64.27280010041973,16.581368124177065,48.214285714285715,48.214285714285715,74.02999877929688
2018-03-14,60.87807846069336,63.003985087913854,8.430536035106396,42.26190476190476,42.26190476190476,72.44999694824219
2018-03-15,60.87807846069336,61.49148361613762,4.067526316825444,36.904761904761905,36.904761904761905,72.44999694824219
2018-03-16,61.483062744140625,61.05452611645667,4.839464868294154,37.5,37.5,73.16999816894531
2018-03-19,59.87815856933594,60.90329783902597,-1.936529531747779,32.142857142857146,32.142857142857146,71.26000213623047
2018-03-20,60.43119430541992,60.271254560208945,-3.297236771887789,31.944444444444443,31.944444444444443,71.79000091552734
2018-03-21,59.9261474609375,60.55748064051837,-6.114157088104202,28.57142857142857,28.57142857142857,71.19000244140625
2018-03-22,54.530330657958984,58.19206050706867,-24.022232294426804,11.30952380952381,11.30952380952381,64.77999877929688
2018-03-23,50.237281799316406,54.79971433907413,-34.58821340422637,1.984126984126984,1.984126984126984,59.68000030517578
2018-03-26,54.47140884399414,52.914122108244584,-31.908627824124597,4.166666666666666,4.166666666666666,64.70999908447266
2018-03-27,51.701969146728516,54.97648289502239,-35.80250639730239,1.5873015873015872,1.5873015873015872,61.41999816894531
2018-03-28,52.23228073120117,52.156520645888975,-36.8000975161789,1.1904761904761905,1.1904761904761905,62.04999923706055
2018-03-29,54.10945129394531,53.06564909593028,-33.003476190079226,3.571428571428571,3.571428571428571,64.27999877929688
2018-04-02,50.81809997558594,53.823244991557935,-36.29481924343423,1.7857142857142856,1.7857142857142856,60.369998931884766
2018-04-03,52.577415466308594,51.78614586882754,-34.412602097958754,2.976190476190476,2.976190476190476,62.459999084472656
2018-04-04,54.06736373901367,50.254110038448246,-29.943881806522548,6.746031746031746,6.746031746031746,64.2300033569336
2018-04-05,55.094329833984375,55.06066438860493,-25.57958021238133,11.11111111111111,11.11111111111111,65.44999694824219
2018-04-06,51.56727981567383,53.461278881365644,-30.511779582715675,6.547619047619048,6.547619047619048,61.2599983215332
2018-04-09,52.08076858520508,52.442733136232185,-31.70637980971151,5.357142857142857,5.357142857142857,61.869998931884766
2018-04-10,54.00002670288086,54.33673897980793,-28.425690654171465,8.73015873015873,8.73015873015873,64.1500015258789
2018-04-11,52.585838317871094,53.01514340438425,-29.41183042344942,7.738095238095238,7.738095238095238,62.470001220703125
2018-04-12,54.4461669921875,53.68856598507518,-25.053173291789044,12.698412698412698,12.698412698412698,64.68000030517578
2018-04-13,52.72893142700195,56.06236888247319,-26.27120129200047,11.11111111111111,11.11111111111111,62.63999938964844
2018-04-16,53.49495315551758,53.60438511668959,-25.144828102683764,12.896825396825399,12.896825396825399,63.54999923706055
2018-04-17,54.10945129394531,54.58926416436167,-22.754169122614414,16.26984126984127,16.26984126984127,64.27999877929688
2018-04-18,53.722232818603516,54.64818666394073,-22.602292343346267,16.46825396825397,16.46825396825397,63.81999969482422
2018-04-19,54.808128356933594,53.62122232259494,-18.884028971737198,20.238095238095237,20.238095238095237,65.11000061035156
2018-04-20,54.580848693847656,55.02699615272174,-14.028746174717194,25.198412698412696,25.198412698412696,64.83999633789062
2018-04-23,54.429325103759766,54.94280336529871,-6.988892106918858,31.547619047619047,31.547619047619047,64.66000366210938
2018-04-24,53.402366638183594,55.01016163090659,-8.434827679930827,30.555555555555557,30.555555555555557,63.439998626708984
2018-04-25,53.14140701293945,53.19191160072764,-10.215989368577134,29.563492063492063,29.563492063492063,63.130001068115234
2018-04-26,54.0421028137207,53.46127760346415,-6.4347777162204105,32.73809523809524,32.73809523809524,64.19999694824219
2018-04-27,54.35356521606445,53.9326765257055,-2.4749759580278483,37.10317460317461,37.10317460317461,64.56999969482422
2018-04-30,53.419189453125,54.60609859025813,-5.7501217853613396,33.92857142857143,33.92857142857143,63.459999084472656
2018-05-01,53.873756408691406,53.28451155574612,-6.247438702906673,32.93650793650794,32.93650793650794,64.0
2018-05-02,52.47641372680664,53.62964809605429,-14.407087089288991,25.0,25.0,62.34000015258789
2018-05-03,51.75248718261719,52.02185576147436,-20.941013884791435,18.253968253968253,18.253968253968253,61.47999954223633
2018-05-04,53.49495315551758,51.0622169820361,-14.92554381222922,25.0,25.0,63.54999923706055
2018-05-07,54.52192306518555,53.94951413752405,-5.243957634178604,35.51587301587302,35.51587301587302,64.7699966430664
2018-05-08,55.254268646240234,54.40407166440791,4.747929506633585,43.84920634920635,43.84920634920635,65.63999938964844
2018-05-09,57.19035339355469,55.68357121435057,14.189136506282768,52.182539682539684,52.182539682539684,67.94000244140625
2018-05-10,58.511940002441406,57.400794259769384,20.99142794474407,58.333333333333336,58.333333333333336,69.51000213623047
2018-05-11,58.44460678100586,58.78131903491683,23.101844899215838,62.10317460317461,62.10317460317461,69.43000030517578
2018-05-14,57.99005126953125,58.91600523201994,21.649799519866477,59.32539682539682,59.32539682539682,68.88999938964844
2018-05-15,57.25769805908203,57.7375109380987,17.969765993277633,55.55555555555556,55.55555555555556,68.0199966430664
2018-05-16,57.35029602050781,57.123018932167334,16.326101420136016,53.57142857142857,53.57142857142857,68.12999725341797
2018-05-17,57.09777069091797,57.23245175447097,14.393252588653985,51.98412698412699,51.98412698412699,67.83000183105469
2018-05-18,56.213897705078125,57.02200329534425,8.921158925921128,48.01587301587302,48.01587301587302,66.77999877929688
2018-05-21,57.476558685302734,57.148266019703605,11.638777014261038,49.2063492063492,49.2063492063492,68.27999877929688
2018-05-22,58.06581497192383,57.65333937150867,15.08926583696589,52.182539682539684,52.182539682539684,68.9800033569336
2018-05-23,57.69542694091797,57.34188195480733,15.453877154103779,52.182539682539684,52.182539682539684,68.54000091552734
2018-05-24,56.82838439941406,57.24085345697676,11.268632998570336,48.214285714285715,48.214285714285715,67.51000213623047
2018-05-25,56.348575592041016,56.399080175884095,6.20882550746462,44.24603174603175,44.24603174603175,66.94000244140625
2018-05-29,52.510074615478516,55.144838751724535,-12.16973738632651,27.380952380952383,27.380952380952383,62.380001068115234
2018-05-30,55.035400390625,53.73906572245316,-12.131107762383122,27.77777777777778,27.77777777777778,65.37999725341797
2018-05-31,54.0168571472168,54.6818620999653,-15.82096891961905,23.214285714285715,23.214285714285715,64.16999816894531
2018-06-01,55.38896179199219,55.34687034830156,-11.836208494574867,28.174603174603174,28.174603174603174,65.80000305175781
2018-06-04,56.4495849609375,56.05394859341984,-5.25102129676472,34.92063492063492,34.92063492063492,67.05999755859375
2018-06-05,56.0623779296875,56.31491373829178,-5.14074507221163,35.51587301587302,35.51587301587302,66.5999984741211
2018-06-06,58.62137985229492,56.60111273098952,7.2384750779882445,46.82539682539682,46.82539682539682,69.63999938964844
2018-06-07,58.385677337646484,58.98333848371427,12.619030785507798,51.388888888888886,51.388888888888886,69.36000061035156
2018-06-08,58.94965362548828,58.3940840381554,17.805383615309964,56.94444444444444,56.94444444444444,70.02999877929688
2018-06-11,58.55402755737305,59.34530028293253,17.789470096412174,56.94444444444444,56.94444444444444,69.55999755859375
2018-06-12,58.44460678100586,58.80657133006604,17.123846906414595,55.75396825396825,55.75396825396825,69.43000030517578
2018-06-13,57.51022720336914,58.705549476337474,12.336053464134215,50.99206349206349,50.99206349206349,68.31999969482422
2018-06-14,56.79472351074219,57.88903030253898,5.472610829305299,44.24603174603175,44.24603174603175,67.47000122070312
2018-06-15,56.69371032714844,56.39908950225874,1.2556431684189948,39.88095238095239,39.88095238095239,67.3499984741211
2018-06-18,56.8368034362793,55.76774903528042,-0.023277787541043482,38.88888888888889,38.88888888888889,67.5199966430664
2018-06-19,56.34149169921875,55.39642357325326,-3.7564060368248415,36.30952380952381,36.30952380952381,66.7699966430664
2018-06-20,56.535579681396484,57.0503071159074,-4.449685648803233,34.72222222222222,34.72222222222222,67.0
2018-06-21,56.17273712158203,56.13054381687203,-7.528132321755534,30.555555555555557,30.555555555555557,66.56999969482422
2018-06-22,55.75082015991211,56.81402816388601,-11.289688511676124,27.380952380952383,27.380952380952383,66.06999969482422
2018-06-25,53.852230072021484,55.31203168982865,-21.339747524443283,16.46825396825397,16.46825396825397,63.81999969482422
2018-06-26,53.60752868652344,53.97880908874363,-27.35479456269364,9.325396825396826,9.325396825396826,63.529998779296875
2018-06-27,51.73426055908203,53.776289804236455,-36.57146089563077,1.3888888888888888,1.3888888888888888,61.310001373291016
2018-06-28,53.134986877441406,51.8355120981573,-35.919833196749416,2.1825396825396823,2.1825396825396823,62.970001220703125
2018-06-29,53.160308837890625,54.55260392834639,-35.43199255940379,2.976190476190476,2.976190476190476,63.0
2018-07-02,53.717227935791016,52.36712609888731,-32.73624518472089,4.9603174603174605,4.9603174603174605,63.65999984741211
2018-07-03,52.74683380126953,54.046311896605594,-35.1985103643309,3.1746031746031744,3.1746031746031744,62.5099983215332
2018-07-05,53.66659927368164,53.55690570963698,-32.23462765208468,5.753968253968254,5.753968253968254,63.599998474121094
2018-07-06,54.45135498046875,53.354396646816454,-27.001282004324743,11.11111111111111,11.11111111111111,64.52999877929688
2018-07-09,56.95746612548828,54.94919037822444,-10.07066605741105,29.365079365079367,29.365079365079367,67.5
2018-07-10,56.60307693481445,57.29500455177483,-2.6877802912024253,37.301587301587304,37.301587301587304,67.08000183105469
2018-07-11,56.214927673339844,55.69176033441071,0.315902025727114,39.285714285714285,39.285714285714285,66.62000274658203
2018-07-12,56.814029693603516,57.03341682014207,5.211158309321947,44.047619047619044,44.047619047619044,67.33000183105469
2018-07-13,55.93647384643555,56.19805432749233,4.937357906644477,43.452380952380956,43.452380952380956,66.29000091552734
2018-07-16,57.472206115722656,56.21492431318023,15.827961203546936,54.761904761904766,54.761904761904766,68.11000061035156
2018-07-17,57.70002365112305,57.52282340796011,20.23822526844166,59.92063492063492,59.92063492063492,68.37999725341797
2018-07-18,59.43830871582031,58.08820006403447,26.504472718924386,69.84126984126983,69.84126984126983,70.44000244140625
2018-07-19,58.05443572998047,58.88981021843491,22.76514082401367,63.69047619047619,63.69047619047619,68.80000305175781
2018-07-20,58.09663009643555,57.94474322092641,21.05000496193185,60.51587301587301,60.51587301587301,68.8499984741211
2018-07-23,59.55643081665039,58.13038220698181,26.440757431365668,70.23809523809523,70.23809523809523,70.58000183105469
2018-07-24,59.607051849365234,60.04583896570562,27.361568488450054,71.42857142857143,71.42857142857143,70.63999938964844
2018-07-25,60.62807846069336,59.48049007569592,30.893019041575403,76.98412698412699,76.98412698412699,71.8499984741211
2018-07-26,60.24835205078125,60.48461906294305,30.327071862542642,75.79365079365078,75.79365079365078,71.4000015258789
2018-07-27,59.615501403808594,60.56056961384243,26.71052032609872,70.83333333333334,70.83333333333334,70.6500015258789
2018-07-30,58.898258209228516,59.818012979276176,20.673224466216368,60.11904761904761,60.11904761904761,69.80000305175781
2018-07-31,58.66199493408203,59.345489216717155,16.266654797041785,55.35714285714286,55.35714285714286,69.5199966430664
2018-08-01,59.15138626098633,59.092319512386794,16.246830255688703,55.35714285714286,55.35714285714286,70.0999984741211
2018-08-02,59.42140197753906,58.39194749254224,17.56482851810945,57.14285714285714,57.14285714285714,70.41999816894531
2018-08-03,60.332733154296875,59.25265168871444,22.763978033968364,64.68253968253968,64.68253968253968,71.5
2018-08-06,60.90652084350586,60.636500505457605,27.224180474127436,72.02380952380952,72.02380952380952,72.18000030517578
2018-08-07,61.497196197509766,61.36218923009078,29.670952231353198,75.59523809523809,75.59523809523809,72.87999725341797
2018-08-08,61.72501754760742,61.57313071556656,31.900117886635236,80.35714285714286,80.35714285714286,73.1500015258789
2018-08-09,61.15968322753906,61.72503744770835,29.761488584945273,76.19047619047619,76.19047619047619,72.4800033569336
2018-08-10,59.55643081665039,59.834891155424835,18.162611295288556,58.92857142857143,58.92857142857143,70.58000183105469
2018-08-13,58.366641998291016,59.497356670912424,-0.11591199606369486,38.69047619047619,38.69047619047619,69.16999816894531
2018-08-14,59.649234771728516,58.805420473926354,-1.6064579978108184,38.095238095238095,38.095238095238095,70.69000244140625
2018-08-15,58.813880920410156,58.84763428031747,-10.618262711036328,28.57142857142857,28.57142857142857,69.69999694824219
2018-08-16,60.70402526855469,59.69988381983006,-0.21831498535170554,39.08730158730159,39.08730158730159,71.94000244140625
2018-08-17,61.379066467285156,60.391805022587405,10.570807363188703,50.39682539682539,50.39682539682539,72.73999786376953
2018-08-20,61.82628631591797,61.58158577327317,18.903053944121375,60.51587301587301,60.51587301587301,73.2699966430664
2018-08-21,62.12163162231445,61.919111488146676,21.996074074900584,64.48412698412699,64.48412698412699,73.62000274658203
2018-08-22,61.775665283203125,61.68284516339701,20.80793384731096,62.301587301587304,62.301587301587304,73.20999908447266
2018-08-23,61.20186233520508,61.59845616521989,15.136405119540749,54.96031746031746,54.96031746031746,72.52999877929688
2018-08-24,61.978172302246094,61.581584895937524,18.12578499492058,60.11904761904761,60.11904761904761,73.44999694824219
2018-08-27,63.7079963684082,62.653228216613364,25.35141354943956,70.43650793650794,70.43650793650794,75.5
2018-08-28,63.935829162597656,64.11303589317285,29.978624404298927,76.78571428571429,76.78571428571429,75.7699966430664
2018-08-29,64.21427154541016,64.12989139692012,32.1650830767178,81.34920634920636,81.34920634920636,76.0999984741211
2018-08-30,63.07515335083008,63.75020773438534,26.1857516399442,71.23015873015873,71.23015873015873,74.75
2018-08-31,63.0498046875,62.66165088719741,22.475588415290414,65.87301587301587,65.87301587301587,74.72000122070312
2018-09-04,63.73331832885742,62.94013051214493,24.513673018857,68.84920634920636,68.84920634920636,75.52999877929688
2018-09-05,63.04136657714844,63.353580190689726,20.199275463577305,62.301587301587304,62.301587301587304,74.70999908447266
2018-09-06,62.76293182373047,63.20171905021177,15.382517371746369,55.158730158730165,55.158730158730165,74.37999725341797
2018-09-07,62.020362854003906,62.77979715610142,7.730653094831999,48.61111111111111,48.61111111111111,73.5
2018-09-10,62.256629943847656,62.45914361203989,5.311545137223681,45.23809523809524,45.23809523809524,73.77999877929688
2018-09-11,62.59416580200195,61.92755151126567,6.088237862174151,46.230158730158735,46.230158730158735,74.18000030517578
2018-09-12,61.79253387451172,62.66166171204829,0.39830301259378637,40.27777777777778,40.27777777777778,73.2300033569336
2018-09-13,61.78409957885742,62.06255991279857,-2.7247348688781283,37.5,37.5,73.22000122070312
2018-09-14,62.38318634033203,62.03721941556527,-1.4927033956337825,38.492063492063494,38.492063492063494,73.93000030517578
2018-09-17,61.67438888549805,62.56039654440799,-11.209857057840399,27.77777777777778,27.77777777777778,73.08999633789062
2018-09-18,62.31569290161133,61.97816584999492,-11.952708943649505,26.785714285714285,26.785714285714285,73.8499984741211
2018-09-19,63.75861358642578,62.298818289148336,2.568524914836929,42.26190476190476,42.26190476190476,75.55999755859375
2018-09-20,65.39562225341797,64.60243458147612,17.30025589842938,58.53174603174603,58.53174603174603,77.5
2018-09-21,64.8808822631836,66.11285039240664,19.400973377345814,61.904761904761905,61.904761904761905,76.88999938964844
2018-09-24,62.83887481689453,64.6699509691175,2.032789698859899,41.46825396825397,41.46825396825397,74.47000122070312
2018-09-25,62.59352493286133,63.43104264213508,-9.394029164541651,28.76984126984127,28.76984126984127,73.98999786376953
2018-09-26,60.52935791015625,62.73734748879282,-24.842897772162335,13.293650793650794,13.293650793650794,71.55000305175781
2018-09-27,60.284027099609375,60.825449207281245,-33.662981919176964,4.166666666666666,4.166666666666666,71.26000213623047
2018-09-28,59.50572204589844,59.742599845075766,-38.027986655475644,0.5952380952380952,0.5952380952380952,70.33999633789062
2018-10-01,59.52265167236328,60.61395744959301,-39.92019903596085,0.0,0.0,70.36000061035156
2018-10-02,59.21810531616211,59.26886162678378,-40.360200768458235,0.0,0.0,70.0
2018-10-03,60.072532653808594,60.17404526300011,-36.6039958496257,1.984126984126984,1.984126984126984,71.01000213623047
2018-10-04,60.10637664794922,60.174049574171825,-34.324611498681904,4.9603174603174605,4.9603174603174605,71.05000305175781
2018-10-05,59.30270004272461,60.28403172203884,-36.34753781698689,2.380952380952381,2.380952380952381,70.0999984741211
2018-10-08,59.674922943115234,58.81202706034305,-35.005508932163906,4.365079365079365,4.365079365079365,70.54000091552734
2018-10-09,59.30270004272461,59.218104042088136,-35.77877845880324,3.571428571428571,3.571428571428571,70.0999984741211
2018-10-10,54.00691604614258,59.32808372382216,-40.661965520630936,0.0,0.0,63.84000015258789
2018-10-11,49.61630630493164,53.330126402602914,-42.60179184883341,0.0,0.0,58.650001525878906
2018-10-12,50.40306854248047,52.45032147691141,-41.877304096172594,0.1984126984126984,0.1984126984126984,59.58000183105469
2018-10-15,49.78550338745117,50.225409678406365,-42.227034702455065,0.1984126984126984,0.1984126984126984,58.849998474121094
2018-10-16,52.518001556396484,50.724536603744625,-38.63448801757648,1.1904761904761905,1.1904761904761905,62.08000183105469
2018-10-17,53.41471862792969,52.25573687033426,-35.34696152119562,5.357142857142857,5.357142857142857,63.13999938964844
2018-10-18,51.29978942871094,52.907139019292494,-36.46786040117984,3.373015873015873,3.373015873015873,60.63999938964844
2018-10-19,51.83275604248047,51.60434298953346,-36.24674722681416,4.365079365079365,4.365079365079365,61.27000045776367
2018-10-22,49.5401725769043,52.15422888209563,-39.13096509280816,1.1904761904761905,1.1904761904761905,58.560001373291016
2018-10-23,48.68572998046875,46.9937845199685,-38.99516548995885,1.3888888888888888,1.3888888888888888,57.54999923706055
2018-10-24,45.53025436401367,48.71111379624201,-42.015989027332964,0.3968253968253968,0.3968253968253968,53.81999969482422
2018-10-25,47.92436981201172,46.48621512446781,-39.78020392778407,1.3888888888888888,1.3888888888888888,56.650001525878906
2018-10-26,45.5048828125,46.283176327149974,-40.91921932705211,0.7936507936507936,0.7936507936507936,53.790000915527344
2018-10-29,45.9786262512207,46.84151900449135,-40.64741458162596,1.1904761904761905,1.1904761904761905,54.349998474121094
2018-10-30,47.755165100097656,46.3846900707168,-37.606481134902346,3.7698412698412698,3.7698412698412698,56.45000076293945
2018-10-31,49.53170394897461,48.95644221985302,-31.693044137300173,11.30952380952381,11.30952380952381,58.54999923706055
2018-11-01,50.4369010925293,50.115433728734615,-26.20794111410364,16.46825396825397,16.46825396825397,59.619998931884766
2018-11-02,49.937782287597656,51.62972819036843,-24.07547299494099,18.849206349206348,18.849206349206348,59.029998779296875
2018-11-05,51.7481575012207,50.2169487135362,-17.242618252433566,23.41269841269841,23.41269841269841,61.16999816894531
2018-11-06,52.52647018432617,51.748173250124786,-10.40707472489466,30.158730158730158,30.158730158730158,62.09000015258789
2018-11-07,54.929019927978516,53.567003060669045,1.1022099384749189,41.46825396825397,41.46825396825397,64.93000030517578
2018-11-08,55.352012634277344,54.31992456050041,14.971720939716112,54.761904761904766,54.761904761904766,65.43000030517578
2018-11-09,54.00691604614258,54.70907195279577,16.840934548058588,57.738095238095234,57.738095238095234,63.84000015258789
2018-11-12,51.249046325683594,53.91385936211025,6.348129042691815,47.61904761904761,47.61904761904761,60.58000183105469
2018-11-13,51.76508712768555,51.64665142306681,2.7894952551285668,43.452380952380956,43.452380952380956,61.189998626708984
2018-11-14,50.174644470214844,52.78870037106036,-4.269123786817748,35.91269841269841,35.91269841269841,59.310001373291016
2018-11-15,51.76508712768555,49.5317189059295,-2.0749312806256497,38.69047619047619,38.69047619047619,61.189998626708984
2018-11-16,52.001953125,51.18981672071952,0.10608597076989137,40.67460317460318,40.67460317460318,61.470001220703125
2018-11-19,51.03755569458008,52.02734261481461,-2.7829456782746145,37.89682539682539,37.89682539682539,60.33000183105469
2018-11-20,48.195068359375,49.26099259911194,-13.178050402368385,26.785714285714285,26.785714285714285,56.970001220703125
2018-11-21,48.55039596557617,49.32023136181841,-17.644381933994676,22.817460317460316,22.817460317460316,57.38999938964844
2018-11-23,47.4675407409668,47.865149043396826,-22.97291954975928,19.246031746031747,19.246031746031747,56.11000061035156
2018-11-26,50.03083038330078,48.6772752074733,-16.760908011944046,23.809523809523807,23.809523809523807,59.13999938964844
2018-11-27,50.2423210144043,49.71781881395855,-13.035526112884643,27.579365079365083,27.579365079365083,59.38999938964844
2018-11-28,53.110172271728516,50.75836887965292,0.08110120732828345,41.86507936507937,41.86507936507937,62.779998779296875
2018-11-29,51.951202392578125,52.32342935505024,0.865549382373466,43.05555555555556,43.05555555555556,61.40999984741211
2018-11-30,53.16094207763672,51.6635695190103,6.690667891743543,50.198412698412696,50.198412698412696,62.84000015258789
2018-12-03,54.438358306884766,55.25895310506473,15.201913385821095,57.936507936507944,57.936507936507944,64.3499984741211
2018-12-04,48.3642578125,53.719266563873795,-7.460568496356553,32.93650793650794,32.93650793650794,57.16999816894531
2018-12-06,47.92436981201172,46.10552664436343,-14.490450672956332,26.190476190476193,26.190476190476193,56.650001525878906
2018-12-07,45.23416519165039,47.61134661771606,-25.72851222438445,16.26984126984127,16.26984126984127,53.470001220703125
2018-12-10,43.99903869628906,45.00574827440559,-30.83184805205806,11.904761904761903,11.904761904761903,52.0099983215332
2018-12-11,43.16153335571289,45.50487843764955,-34.90531838699279,7.738095238095238,7.738095238095238,51.02000045776367
2018-12-12,43.288421630859375,44.53200253601356,-36.73048337962646,4.365079365079365,4.365079365079365,51.16999816894531
2018-12-13,42.82314682006836,43.601443557555335,-38.489987367810855,2.7777777777777777,2.7777777777777777,50.619998931884766
2018-12-14,41.58802795410156,41.85028071688133,-40.924745616755615,0.7936507936507936,0.7936507936507936,49.15999984741211
2018-12-17,39.4307975769043,41.114281848889945,-42.33931467638279,0.1984126984126984,0.1984126984126984,46.61000061035156
2018-12-18,39.193931579589844,40.00606490456782,-43.16980548824514,0.0,0.0,46.33000183105469
2018-12-19,37.76422119140625,39.23621512414532,-43.50827269014502,0.0,0.0,44.63999938964844
2018-12-20,36.469879150390625,37.053599080192015,-43.83362513040297,0.0,0.0,43.11000061035156
2018-12-21,34.29574966430664,36.57987764082432,-44.59823142532445,0.0,0.0,40.540000915527344
2018-12-24,31.766273498535156,33.08599204151567,-45.34798909884522,0.0,0.0,37.54999923706055
2018-12-26,36.08074188232422,32.24002452433622,-39.99116992609838,2.976190476190476,2.976190476190476,42.650001525878906
2018-12-27,37.133705139160156,34.509804939130774,-35.58293170812643,8.928571428571429,8.928571428571429,43.72999954223633
2018-12-28,37.0827522277832,37.447890662481925,-33.235964440090235,11.507936507936508,11.507936507936508,43.66999816894531
2018-12-31,38.01682662963867,37.677161932175125,-29.517237467921937,15.277777777777779,15.277777777777779,44.77000045776367
2019-01-02,38.16967010498047,36.47135333269464,-27.137993967674934,17.857142857142858,17.857142857142858,44.95000076293945
2019-01-03,36.06376647949219,37.32052080835591,-29.740704800794877,15.079365079365079,15.079365079365079,42.470001220703125
2019-01-04,39.30754470825195,37.61771799840647,-23.081558545486168,22.817460317460316,22.817460317460316,46.290000915527344
2019-01-07,39.91045379638672,39.273584852827355,-15.383975994955742,29.166666666666668,29.166666666666668,47.0
2019-01-08,40.530330657958984,40.98038358021406,-8.970916834999331,36.11111111111111,36.11111111111111,47.72999954223633
2019-01-09,41.18418502807617,40.954911856731755,-0.07522189120467662,46.230158730158735,46.230158730158735,48.5
2019-01-10,41.710655212402344,40.51334212681979,6.7740272389362435,55.158730158730165,55.158730158730165,49.119998931884766
2019-01-11,41.81257247924805,41.201177227428595,11.97083332390047,59.523809523809526,59.523809523809526,49.2400016784668
2019-01-14,42.17768478393555,40.75959219371751,17.85253521281329,67.65873015873017,67.65873015873017,49.66999816894531
2019-01-15,43.2051887512207,41.880500221930575,25.151109714082082,78.17460317460318,78.17460317460318,50.880001068115234
2019-01-16,45.29411315917969,44.64875414384715,31.556843531935268,87.5,87.5,53.34000015258789
2019-01-17,46.00740432739258,44.88651545087459,35.65482849687165,92.85714285714286,92.85714285714286,54.18000030517578
2019-01-18,47.960472106933594,46.6697507870337,39.293306512260756,96.23015873015873,96.23015873015873,56.47999954223633
2019-01-22,46.593318939208984,46.95845729811225,38.02489453978629,94.64285714285714,94.64285714285714,54.869998931884766
2019-01-23,46.70370864868164,47.170745087312056,37.564262484612506,94.44444444444444,94.44444444444444,55.0
2019-01-24,47.11131286621094,46.31310504786043,38.48722735366506,95.23809523809523,95.23809523809523,55.47999954223633
2019-01-25,48.49543762207031,48.07085841436776,40.15663477806539,97.22222222222221,97.22222222222221,57.11000061035156
2019-01-28,48.30013656616211,47.23868843722481,40.530017562110594,97.81746031746032,97.81746031746032,56.880001068115234
2019-01-29,47.935001373291016,48.25768253318065,39.64760467220498,96.42857142857143,96.42857142857143,56.45000076293945
2019-01-30,49.03890609741211,48.45298786602639,40.53247697278356,97.81746031746032,97.81746031746032,57.75
2019-01-31,48.99644088745117,48.43599646662155,40.86228290864389,98.21428571428571,98.21428571428571,57.70000076293945
2019-02-01,49.786155700683594,49.251185025306285,42.2459555405929,99.0079365079365,99.0079365079365,58.630001068115234
2019-02-04,50.60982894897461,49.80313122609696,43.43923732140129,99.8015873015873,99.8015873015873,59.599998474121094
2019-02-05,50.7457160949707,50.77968321612034,43.9282361048582,100.0,100.0,59.7599983215332
2019-02-06,50.270179748535156,50.38906141055564,43.12382360024956,99.20634920634922,99.20634920634922,59.20000076293945
2019-02-07,49.45499801635742,49.641810704614024,39.67518791121426,95.23809523809523,95.23809523809523,58.2400016784668
2019-02-08,49.14080047607422,48.61432312391478,36.29786002239822,90.27777777777779,90.27777777777779,57.869998931884766
2019-02-11,49.582359313964844,49.40403682431308,35.93932648911326,89.88095238095238,89.88095238095238,58.38999938964844
2019-02-12,51.02593231201172,50.51643852851911,39.06976108922459,94.04761904761905,94.04761904761905,60.09000015258789
2019-02-13,51.611846923828125,51.671287753155895,39.85386619458465,95.23809523809523,95.23809523809523,60.779998779296875
2019-02-14,50.507938385009766,50.762685242737035,34.78416731438331,88.29365079365078,88.29365079365078,59.47999954223633
2019-02-15,52.82612991333008,51.5354090833697,39.45294087404484,94.44444444444444,94.44444444444444,62.209999084472656
2019-02-19,53.06391143798828,52.427042618824764,40.96440846090665,97.42063492063492,97.42063492063492,62.4900016784668
2019-02-20,53.42904281616211,53.02994058698617,42.62510988891968,98.80952380952381,98.80952380952381,62.91999816894531
2019-02-21,52.80917739868164,53.08940131929405,41.13876641962778,97.61904761904762,97.61904761904762,62.189998626708984
2019-02-22,53.16581344604492,53.097879212156855,41.45013766102113,97.81746031746032,97.81746031746032,62.61000061035156
2019-02-25,53.36960220336914,54.05742164849648,39.026770868063714,92.85714285714286,92.85714285714286,62.849998474121094
2019-02-26,53.14882278442383,52.86010880755026,36.57577453449651,90.27777777777779,90.27777777777779,62.59000015258789
2019-02-27,53.48000717163086,52.86861195526597,36.471508883374426,90.07936507936508,90.07936507936508,62.97999954223633
2019-02-28,53.454524993896484,53.378100603941654,36.19256011108132,89.48412698412699,89.48412698412699,62.95000076293945
2019-03-01,54.18479537963867,54.49898306155984,37.66250383734946,92.06349206349206,92.06349206349206,63.810001373291016
2019-03-04,53.37810134887695,54.60089160521932,34.10757271957221,86.70634920634922,86.70634920634922,62.86000061035156
2019-03-05,53.055419921875,53.463015591885224,29.92595780428949,80.35714285714286,80.35714285714286,62.47999954223633
2019-03-06,52.078895568847656,52.96201800140902,20.804709737827118,67.26190476190477,67.26190476190477,61.33000183105469
2019-03-07,50.7626838684082,51.68826657654132,6.8356934631153745,53.37301587301587,53.37301587301587,59.779998779296875
2019-03-08,50.728729248046875,49.21722494415434,-0.9667430079327476,43.452380952380956,43.452380952380956,59.7400016784668
2019-03-11,52.49496841430664,51.06838214139192,6.290684922557276,52.38095238095239,52.38095238095239,61.81999969482422
2019-03-12,53.021446228027344,52.74122565684741,11.790856340825808,56.74603174603175,56.74603174603175,62.439998626708984
2019-03-13,54.023460388183594,53.496983049300674,21.178281471596772,68.45238095238095,68.45238095238095,63.619998931884766
2019-03-14,54.583900451660156,54.14233769869801,28.766839744668065,78.17460317460318,78.17460317460318,64.27999877929688
2019-03-15,55.33115768432617,54.864118030039464,33.75118334936691,86.30952380952381,86.30952380952381,65.16000366210938
2019-03-18,56.290706634521484,55.764226136128975,37.58383760401688,92.06349206349206,92.06349206349206,66.29000091552734
2019-03-19,55.35103225708008,57.027821479907814,33.7585955055053,86.11111111111111,86.11111111111111,65.02999877929688
2019-03-20,53.0614128112793,55.17229313146362,18.30566056840759,64.28571428571429,64.28571428571429,62.34000015258789
2019-03-21,53.81894302368164,52.499643304718504,13.495386709683526,57.14285714285714,57.14285714285714,63.22999954223633
2019-03-22,50.303646087646484,52.74648206331667,-7.832537180191536,34.92063492063492,34.92063492063492,59.099998474121094
2019-03-25,49.91210174560547,50.13340551799092,-20.852657093652052,24.404761904761905,24.404761904761905,58.63999938964844
2019-03-26,51.52081298828125,50.95053624846858,-19.384340098625234,25.0,25.0,60.529998779296875
2019-03-27,50.96754455566406,51.418659049926234,-21.423242380602662,23.41269841269841,23.41269841269841,59.880001068115234
2019-03-28,52.21875,51.34205480694149,-15.429783619173474,27.976190476190478,27.976190476190478,61.349998474121094
2019-03-29,52.652854919433594,53.11248294369948,-9.85792955929109,33.730158730158735,33.730158730158735,61.86000061035156
2019-04-01,55.299964904785156,53.62317567405705,6.30935549519213,51.19047619047619,51.19047619047619,64.97000122070312
2019-04-02,55.504234313964844,55.11270084782101,15.891430095397727,59.72222222222222,59.72222222222222,65.20999908447266
2019-04-03,55.90428161621094,56.4234905953325,22.383083786411113,69.24603174603175,69.24603174603175,65.68000030517578
2019-04-04,56.304344177246094,55.87876335427953,27.850162565422455,76.78571428571429,76.78571428571429,66.1500015258789
2019-04-05,56.670326232910156,56.83204247927773,32.24853893968096,84.72222222222221,84.72222222222221,66.58000183105469
2019-04-08,56.68735122680664,56.27028393491051,34.551750449314426,87.5,87.5,66.5999984741211
2019-04-09,55.5553092956543,56.11707901329754,29.135062482850994,77.57936507936508,77.57936507936508,65.2699966430664
2019-04-10,56.31284713745117,55.81917191611303,29.832525925855986,79.56349206349206,79.56349206349206,66.16000366210938
2019-04-11,56.76396560668945,56.55117522009229,31.965101921131144,83.92857142857143,83.92857142857143,66.69000244140625
2019-04-12,59.18124771118164,58.68757256895214,37.42142433529511,91.46825396825396,91.46825396825396,69.52999877929688
2019-04-15,58.38969039916992,59.12168996911843,36.723254948403046,90.87301587301587,90.87301587301587,68.5999984741211
2019-04-16,59.104671478271484,58.73015824620618,38.6989450061409,93.25396825396825,93.25396825396825,69.44000244140625
2019-04-17,59.01953887939453,59.53874794545307,38.81218326632683,93.25396825396825,93.25396825396825,69.33999633789062
2019-04-18,58.78972244262695,58.985492437917856,37.747399489955384,91.86507936507937,91.86507936507937,69.06999969482422
2019-04-22,58.29605484008789,58.69610182200657,34.3755524561397,86.11111111111111,86.11111111111111,68.48999786376953
2019-04-23,59.547264099121094,58.304568956106664,36.98841240242346,90.47619047619048,90.47619047619048,69.95999908447266
2019-04-24,59.589813232421875,59.26636773458941,37.79853314650811,91.86507936507937,91.86507936507937,70.01000213623047
2019-04-25,59.879207611083984,59.096140623806676,38.82090916759923,93.25396825396825,93.25396825396825,70.3499984741211
2019-04-26,61.29215621948242,60.015413661479265,41.592063817861444,98.01587301587301,98.01587301587301,72.01000213623047
2019-04-29,62.27098083496094,61.51344109669396,41.55233195964288,97.81746031746032,97.81746031746032,73.16000366210938
2019-04-30,63.09660339355469,62.50079290581183,42.555176430987395,98.61111111111111,98.61111111111111,74.12999725341797
2019-05-01,61.69218826293945,63.41153163245983,37.13923702233388,89.68253968253968,89.68253968253968,72.4800033569336
2019-05-02,61.81985855102539,61.78581131113381,34.47952832582194,84.92063492063492,84.92063492063492,72.62999725341797
2019-05-03,63.24130630493164,62.60293513695661,38.17847652150317,91.46825396825396,91.46825396825396,74.30000305175781
2019-05-06,62.492271423339844,60.36436782139681,36.09403956770937,86.90476190476191,86.90476190476191,73.41999816894531
2019-05-07,59.411067962646484,61.02826941790923,17.571079786443548,57.341269841269835,57.341269841269835,69.80000305175781
2019-05-08,59.07059860229492,58.891855499225855,5.146002762492268,45.23809523809524,45.23809523809524,69.4000015258789
2019-05-09,59.011024475097656,57.65767440224451,-2.0845377947683312,38.2936507936508,38.2936507936508,69.33000183105469
2019-05-10,60.109031677246094,58.61098551406015,-0.7447576827195076,39.682539682539684,39.682539682539684,70.62000274658203
2019-05-13,56.03196334838867,57.24061112514733,-18.083821519565404,22.22222222222222,22.22222222222222,65.83000183105469
2019-05-14,57.453399658203125,56.56819094346698,-21.062091593557504,20.436507936507937,20.436507936507937,67.5
2019-05-15,57.58106994628906,56.26176718018216,-22.163155705894983,19.841269841269842,19.841269841269842,67.6500015258789
2019-05-16,59.40255355834961,58.15985872136999,-13.582983767141865,26.785714285714285,26.785714285714285,69.79000091552734
2019-05-17,58.40671157836914,58.287549473369786,-14.142427548208394,26.38888888888889,26.38888888888889,68.62000274658203
2019-05-20,58.06624221801758,57.6661952488623,-16.119489419424436,24.00793650793651,24.00793650793651,68.22000122070312
2019-05-21,59.44511795043945,58.89186815276418,-9.940190983754302,30.952380952380953,30.952380952380953,69.83999633789062
2019-05-22,59.1727409362793,58.908882965748504,-8.14564346736103,31.944444444444443,31.944444444444443,69.5199966430664
2019-05-23,56.95122528076172,57.70024514450205,-17.823128100458536,22.22222222222222,22.22222222222222,66.91000366210938
2019-05-24,58.023681640625,57.82791811954704,-17.943196801969176,22.023809523809522,22.023809523809522,68.16999816894531
2019-05-28,56.65331268310547,57.98112916363591,-23.747101360380594,17.46031746031746,17.46031746031746,66.55999755859375
2019-05-29,56.06601333618164,55.376568068555876,-27.13401850674597,14.484126984126986,14.484126984126986,65.87000274658203
2019-05-30,55.768096923828125,56.380934224174595,-30.203178732544245,12.3015873015873,12.3015873015873,65.5199966430664
2019-05-31,54.193450927734375,53.9636401809546,-34.623210868818816,8.928571428571429,8.928571428571429,63.66999816894531
2019-06-03,54.176429748535156,54.150892696110475,-35.8639340408546,7.142857142857142,7.142857142857142,63.650001525878906
2019-06-04,57.63215637207031,55.85323158413617,-22.95280331033255,19.047619047619047,19.047619047619047,67.70999908447266
2019-06-05,59.513221740722656,58.11731713707885,-4.545316590402612,36.507936507936506,36.507936507936506,69.91999816894531
2019-06-06,60.406925201416016,59.6578990182598,11.280578542612243,50.198412698412696,50.198412698412696,70.97000122070312
2019-06-07,60.738887786865234,60.57716501683865,18.515998285612667,59.72222222222222,59.72222222222222,71.36000061035156
2019-06-10,61.75178909301758,61.85392434948984,23.242755000618654,66.86507936507937,66.86507936507937,72.55000305175781
2019-06-11,61.658145904541016,62.6454899440677,24.982557419998983,68.84920634920636,68.84920634920636,72.44000244140625
2019-06-12,60.91763687133789,61.52196084215405,22.6032157249821,65.27777777777779,65.27777777777779,71.56999969482422
2019-06-13,60.96019744873047,61.15596098441136,21.520396507233595,62.89682539682539,62.89682539682539,71.62000274658203
2019-06-14,61.43683624267578,61.045302738865296,22.59928828892451,65.47619047619048,65.47619047619048,72.18000030517578
2019-06-17,60.628238677978516,61.22404915182083,19.182823989126128,59.72222222222222,59.72222222222222,71.2300033569336
2019-06-18,61.93902587890625,61.079357350909625,23.00787709368544,66.86507936507937,66.86507936507937,72.7699966430664
2019-06-19,62.26245880126953,62.10073605440107,26.403360802319142,71.62698412698413,71.62698412698413,73.1500015258789
2019-06-20,63.44560241699219,63.26685921525164,31.25639179720419,79.56349206349206,79.56349206349206,74.54000091552734
2019-06-21,62.534828186035156,63.41152337624846,28.51168212323446,74.0079365079365,74.0079365079365,73.47000122070312
2019-06-24,61.77729797363281,62.49227045576943,23.266007293849157,67.65873015873017,67.65873015873017,72.58000183105469
2019-06-25,60.48049545288086,61.70051418188978,14.6503014219106,52.57936507936508,52.57936507936508,70.88999938964844
2019-06-26,59.60173416137695,61.060636393820324,6.121104647010673,46.230158730158735,46.230158730158735,69.86000061035156
2019-06-27,61.0435905456543,60.26721194921081,7.875458189960118,48.41269841269841,48.41269841269841,71.55000305175781
2019-06-28,63.11676788330078,62.71578171668949,17.209863640211292,56.15079365079365,56.15079365079365,73.9800033569336
2019-07-01,64.74629211425781,64.76335895414061,25.74065558890576,71.03174603174604,71.03174603174604,75.88999938964844
2019-07-02,65.26673126220703,64.5842007499453,31.30604896362804,80.15873015873017,80.15873015873017,76.5
2019-07-03,67.02423858642578,65.8554137079865,36.94240164560894,88.88888888888889,88.88888888888889,78.55999755859375
2019-07-05,67.35696411132812,67.33990377920102,39.41105700204333,93.65079365079364,93.65079365079364,78.94999694824219
2019-07-08,66.63176727294922,66.58911319596191,36.84409161218129,88.4920634920635,88.4920634920635,78.0999984741211
2019-07-09,67.51905822753906,65.76155132609887,39.24956040711203,93.05555555555556,93.05555555555556,79.13999938964844
2019-07-10,67.27163696289062,67.57024153796068,37.117277298155784,88.88888888888889,88.88888888888889,78.8499984741211
2019-07-11,67.8261947631836,67.55318392512942,38.137338059290535,90.87301587301587,90.87301587301587,79.5
2019-07-12,68.61112213134766,68.15894839591172,40.76027943390873,95.83333333333334,95.83333333333334,80.41999816894531
2019-07-15,68.07363891601562,69.03770739731195,38.26983882296357,90.87301587301587,90.87301587301587,79.79000091552734
2019-07-16,67.34843444824219,67.95417710494418,32.404930410578025,80.75396825396825,80.75396825396825,78.94000244140625
2019-07-17,66.0430908203125,67.0327526174387,21.562043253227383,62.698412698412696,62.698412698412696,77.41000366210938
2019-07-18,67.34843444824219,65.70183582880715,21.561367091294265,62.698412698412696,62.698412698412696,78.94000244140625
2019-07-19,65.87246704101562,67.98830619822745,14.10043388984735,51.587301587301596,51.587301587301596,77.20999908447266
2019-07-22,66.16255950927734,65.86394830694113,11.338819000064818,49.801587301587304,49.801587301587304,77.55000305175781
2019-07-23,68.0650634765625,66.78532423393244,18.445500178962035,59.12698412698413,59.12698412698413,79.77999877929688
2019-07-24,69.45573425292969,67.72381459550019,27.609366369339387,71.62698412698413,71.62698412698413,81.41000366210938
2019-07-25,68.16747283935547,69.34483108083542,25.02849471334055,68.25396825396825,68.25396825396825,79.9000015258789
2019-07-26,70.14675903320312,68.64519683525712,30.317512143260856,76.38888888888889,76.38888888888889,82.22000122070312
2019-07-29,69.05474853515625,70.03587698763167,26.437318411347064,70.23809523809523,70.23809523809523,80.94000244140625
2019-07-30,68.90118408203125,67.97976997848895,22.19091426806942,64.28571428571429,64.28571428571429,80.76000213623047
2019-07-31,67.67264556884766,69.02063982404772,11.946141358294827,50.39682539682539,50.39682539682539,79.31999969482422
2019-08-01,64.80602264404297,67.67264031469738,-10.258371231472092,31.150793650793652,31.150793650793652,75.95999908447266
2019-08-02,64.09789276123047,63.88460281345826,-17.94749585923434,23.214285714285715,23.214285714285715,75.12999725341797
2019-08-05,58.117252349853516,60.61701101478682,-27.93112957775491,14.484126984126986,14.484126984126986,68.12000274658203
2019-08-06,60.61701202392578,59.68706437082126,-27.051365806292143,15.476190476190476,15.476190476190476,71.05000305175781
2019-08-07,60.369598388671875,58.08312951896363,-27.231772050252335,15.079365079365079,15.079365079365079,70.76000213623047
2019-08-08,63.51774215698242,61.31659490130844,-18.87059212956495,23.214285714285715,23.214285714285715,74.44999694824219
2019-08-09,62.79256820678711,62.74138069498895,-16.185328541775593,25.793650793650798,25.793650793650798,73.5999984741211
2019-08-12,59.8832893371582,61.34219183580442,-21.854605109861726,21.03174603174603,21.03174603174603,70.19000244140625
2019-08-13,61.70905303955078,59.52495941411321,-19.836460527544503,22.817460317460316,22.817460317460316,72.33000183105469
2019-08-14,56.325618743896484,58.78272364026418,-30.666772311823117,12.5,12.5,66.0199966430664
2019-08-15,57.468833923339844,57.16169593193348,-33.42919096129484,10.515873015873016,10.515873015873016,67.36000061035156
2019-08-16,60.053916931152344,58.458505784994856,-28.553708226536855,14.484126984126986,14.484126984126986,70.38999938964844
2019-08-19,61.674930572509766,62.314800503946536,-21.701053704306357,21.626984126984127,21.626984126984127,72.29000091552734
2019-08-20,59.91741180419922,60.992388397229156,-22.27348924408568,21.23015873015873,21.23015873015873,70.2300033569336
2019-08-21,60.88148498535156,61.180089619107804,-19.981800589249048,23.41269841269841,23.41269841269841,71.36000061035156
2019-08-22,61.726104736328125,61.40190638444586,-16.2563406109127,26.38888888888889,26.38888888888889,72.3499984741211
2019-08-23,57.315277099609375,60.8814854157642,-25.40689577512157,17.261904761904763,17.261904761904763,67.18000030517578
2019-08-26,59.106903076171875,58.76563789376672,-25.436065929274903,17.063492063492063,17.063492063492063,69.27999877929688
2019-08-27,58.20256805419922,59.43112036429102,-27.398984444769642,14.880952380952381,14.880952380952381,68.22000122070312
2019-08-28,59.29460144042969,57.39205237193764,-25.339794213333523,17.658730158730158,17.658730158730158,69.5
2019-08-29,61.59813690185547,60.65112897321811,-17.207223329764577,25.793650793650798,25.793650793650798,72.19999694824219
2019-08-30,61.879676818847656,62.2806629505319,-6.719870982935127,36.30952380952381,36.30952380952381,72.52999877929688
2019-09-03,60.87294006347656,60.838812896196195,-2.6253387084467525,40.67460317460318,40.67460317460318,71.3499984741211
2019-09-04,62.903465270996094,62.09295967984127,8.671337587700442,50.595238095238095,50.595238095238095,73.7300033569336
2019-09-05,65.46294403076172,64.82307428131469,16.14165249831736,56.547619047619044,56.547619047619044,76.7300033569336
2019-09-06,65.54827117919922,65.76156113630262,20.532250671983657,62.89682539682539,62.89682539682539,76.83000183105469
2019-09-09,66.20521545410156,66.35878451621876,24.5441732428359,68.84920634920636,68.84920634920636,77.5999984741211
2019-09-10,65.2411117553711,66.35874868168436,23.369223527200703,68.05555555555556,68.05555555555556,76.47000122070312
2019-09-11,65.78716278076172,65.33498905891989,24.377503348668846,68.45238095238095,68.45238095238095,77.11000061035156
2019-09-12,67.25459289550781,65.48855225697538,27.435207788274578,72.81746031746032,72.81746031746032,78.83000183105469
2019-09-13,67.51905822753906,67.89445057895036,28.91449192211536,73.80952380952381,73.80952380952381,79.13999938964844
2019-09-16,67.3825454711914,66.41847099458407,28.950212524176365,73.80952380952381,73.80952380952381,78.9800033569336
2019-09-17,68.05656433105469,67.16928373734646,31.3447173751979,78.96825396825396,78.96825396825396,79.7699966430664
2019-09-18,68.2442398071289,67.67262439354042,33.00181719142926,81.34920634920636,81.34920634920636,79.98999786376953
2019-09-19,67.97122192382812,68.21010556388583,31.081160562472775,77.77777777777779,77.77777777777779,79.66999816894531
2019-09-20,66.83653259277344,68.23572059002417,25.299558856226373,68.84920634920636,68.84920634920636,78.33999633789062
2019-09-23,67.08392333984375,65.97481999122097,23.02879054533708,65.67460317460318,65.67460317460318,78.62999725341797
2019-09-24,65.71710205078125,67.48653995465425,16.698197299829758,55.55555555555556,55.55555555555556,76.87999725341797
2019-09-25,66.845458984375,65.75131436492994,16.918584707492187,55.952380952380956,55.952380952380956,78.19999694824219
2019-09-26,66.81126403808594,66.89674285263145,16.884281605114477,55.952380952380956,55.952380952380956,78.16000366210938
2019-09-27,66.16163635253906,67.94816832876162,12.747934893383258,51.19047619047619,51.19047619047619,77.4000015258789
2019-09-30,66.36679077148438,66.5206553089176,11.091680539409765,49.2063492063492,49.2063492063492,77.63999938964844
2019-10-01,63.21256637573242,67.10191568997688,-3.8015199794592696,37.5,37.5,73.94999694824219
2019-10-02,59.93867874145508,62.12696831979426,-21.21807739865374,20.634920634920633,20.634920634920633,70.12000274658203
2019-10-03,60.94732666015625,59.93866100825682,-24.36824559441444,17.46031746031746,17.46031746031746,71.30000305175781
2019-10-04,63.776737213134766,61.39184036608521,-15.96851844375652,25.595238095238095,25.595238095238095,74.61000061035156
2019-10-07,62.94757080078125,63.05014931041419,-14.383519489684108,27.976190476190478,27.976190476190478,73.63999938964844
2019-10-08,59.83609390258789,61.43457475891046,-23.103423446889153,18.452380952380953,18.452380952380953,70.0
2019-10-09,61.40037155151367,61.058449768358166,-22.683555482965527,19.642857142857142,19.642857142857142,71.83000183105469
2019-10-10,62.73386001586914,61.57987969155407,-17.70902090171302,24.404761904761905,24.404761904761905,73.38999938964844
2019-10-11,64.36654663085938,64.75120464385927,-9.34731217245665,34.12698412698413,34.12698412698413,75.30000305175781
2019-10-14,64.6913833618164,64.1101180308057,-3.7367108169213585,39.48412698412698,39.48412698412698,75.68000030517578
2019-10-15,66.51206970214844,65.37518922637591,5.268907922071032,47.42063492063492,47.42063492063492,77.80999755859375
2019-10-16,66.27274322509766,66.81981553107215,9.06045358755397,51.19047619047619,51.19047619047619,77.52999877929688
2019-10-17,66.43513488769531,67.06768580282628,11.654117584182137,52.57936507936508,52.57936507936508,77.72000122070312
2019-10-18,66.55484008789062,66.28985373060692,14.88586858234251,55.55555555555556,55.55555555555556,77.86000061035156
2019-10-21,68.67474365234375,67.58914870739117,24.10437651092124,71.03174603174604,71.03174603174604,80.33999633789062
2019-10-22,66.93096160888672,68.65765780936819,21.04784620510502,65.87301587301587,65.87301587301587,78.30000305175781
2019-10-23,67.4438247680664,66.64885928766714,21.51323777886307,66.46825396825396,66.46825396825396,78.9000015258789
2019-10-24,68.30717468261719,67.93960986453236,24.75624136484751,72.22222222222221,72.22222222222221,79.91000366210938
2019-10-25,68.73458099365234,67.89687278517798,27.25589712585053,75.9920634920635,75.9920634920635,80.41000366210938
2019-10-28,69.37567138671875,69.4440505291141,29.77438070045452,79.36507936507937,79.36507936507937,81.16000366210938
2019-10-29,69.78598022460938,69.23890789384413,31.075853832374484,81.54761904761905,81.54761904761905,81.63999938964844
2019-10-30,70.21339416503906,69.8201862605634,32.95629762434813,84.52380952380952,84.52380952380952,82.13999938964844
2019-10-31,69.1961669921875,69.58083151442717,28.773753223725613,77.57936507936508,77.57936507936508,80.94999694824219
2019-11-01,71.33318328857422,70.09372370967232,33.387358509782224,85.11904761904762,85.11904761904762,83.44999694824219
2019-11-04,71.72638702392578,72.6581173990194,34.54486025719167,86.5079365079365,86.5079365079365,83.91000366210938
2019-11-05,71.17073822021484,72.23068971062641,32.71438157412723,83.92857142857143,83.92857142857143,83.26000213623047
2019-11-06,71.8033218383789,71.13657775048134,33.672232121636355,84.92063492063492,84.92063492063492,84.0
2019-11-07,72.78633880615234,72.72650297042128,35.50941127089679,87.3015873015873,87.3015873015873,85.1500015258789
2019-11-08,72.88038635253906,72.85474334795917,36.325874324237404,88.29365079365078,88.29365079365078,85.26000213623047
2019-11-11,72.77778625488281,72.19652107731511,36.02303915320443,87.5,87.5,85.13999938964844
2019-11-12,72.60681915283203,72.86325561094532,34.345498664449465,85.31746031746032,85.31746031746032,84.94000244140625
2019-11-13,72.23070526123047,71.70072614111781,30.501324162621334,79.96031746031747,79.96031746031747,84.5
2019-11-14,73.0855484008789,72.14526779595177,32.79060464556038,82.93650793650794,82.93650793650794,85.5
2019-11-15,73.77789306640625,73.6667712527938,37.31157731011666,90.07936507936508,90.07936507936508,86.30999755859375
2019-11-18,74.256591796875,73.58984130006529,39.77103965542847,95.23809523809523,95.23809523809523,86.87000274658203
2019-11-19,75.23106384277344,74.85494918583738,41.07932781127588,97.02380952380952,97.02380952380952,88.01000213623047
2019-11-20,74.50448608398438,74.63270106452322,38.67364177618832,92.65873015873017,92.65873015873017,87.16000366210938
2019-11-21,73.21372985839844,74.70108223764763,27.293734578653606,74.0079365079365,74.0079365079365,85.6500015258789
2019-11-22,74.12837219238281,73.51291419289066,26.035540147882806,72.22222222222221,72.22222222222221,86.72000122070312
2019-11-25,75.62427520751953,74.5044875447486,32.97387522317873,82.53968253968253,82.53968253968253,88.47000122070312
2019-11-26,76.46198272705078,75.82943151622916,37.744445366722914,90.47619047619048,90.47619047619048,89.44999694824219
2019-11-27,77.53901672363281,76.98339463462169,40.93605148135865,96.62698412698413,96.62698412698413,90.70999908447266
2019-11-29,77.01761627197266,77.22276681238253,40.22660801179319,95.23809523809523,95.23809523809523,90.0999984741211
2019-12-02,74.70106506347656,77.27401811291199,23.901132677773454,68.05555555555556,68.05555555555556,87.38999938964844
2019-12-03,73.17098236083984,72.68374593141074,5.162758874744958,44.84126984126984,44.84126984126984,85.5999984741211
2019-12-04,74.47027587890625,73.68385389253585,1.7767187164047165,42.857142857142854,42.857142857142854,87.12000274658203
2019-12-05,75.37639617919922,74.96608859160162,4.65695444660912,44.24603174603175,44.24603174603175,88.18000030517578
2019-12-06,77.2398452758789,76.88937361574212,16.609413551922113,56.547619047619044,56.547619047619044,90.36000061035156
2019-12-09,76.86373901367188,77.23985371018338,19.86721214264506,62.301587301587304,62.301587301587304,89.91999816894531
2019-12-10,76.3337631225586,76.73551427868428,17.37857115209728,58.13492063492064,58.13492063492064,89.30000305175781
2019-12-11,75.77813720703125,76.61583883619683,12.502372706221687,51.78571428571429,51.78571428571429,88.6500015258789
2019-12-12,78.32544708251953,75.87217132767415,21.832456592634852,66.07142857142857,66.07142857142857,91.62999725341797
2019-12-13,78.20580291748047,78.06048819885225,24.225583255433467,70.23809523809523,70.23809523809523,91.48999786376953
2019-12-16,79.22298431396484,79.77005662125997,28.437772652657046,75.79365079365078,75.79365079365078,92.68000030517578
2019-12-17,79.47943878173828,79.6418466165946,31.838943624055343,80.95238095238095,80.95238095238095,92.9800033569336
2019-12-18,79.23152923583984,80.03503796890439,31.49965375506988,80.55555555555556,80.55555555555556,92.69000244140625
2019-12-19,79.90682220458984,79.12894995146154,35.03565493572424,85.31746031746032,85.31746031746032,93.4800033569336
2019-12-20,80.33423614501953,80.43680813625238,35.85003751844334,85.9126984126984,85.9126984126984,93.9800033569336
2019-12-23,79.58628845214844,81.23791814032536,30.871324991675074,78.76984126984127,78.76984126984127,93.0
2019-12-24,79.92859649658203,79.80023020921612,29.748535006360616,76.78571428571429,76.78571428571429,93.4000015258789
2019-12-26,81.10955047607422,79.92859501791274,34.89149765263696,84.92063492063492,84.92063492063492,94.77999877929688
2019-12-27,81.03252410888672,81.58021409340701,36.280399138616914,86.70634920634922,86.70634920634922,94.69000244140625
2019-12-30,80.17677307128906,81.40051954340231,30.396275256512528,77.97619047619048,77.97619047619048,93.69000244140625
2019-12-31,80.98973083496094,79.86011945842348,31.18827205934537,78.96825396825396,78.96825396825396,94.63999938964844
2020-01-02,82.36753845214844,81.72571347719663,36.75566778697765,87.6984126984127,87.6984126984127,96.25
2020-01-03,80.88707733154297,79.74891241765243,28.66979796011102,74.40476190476191,74.40476190476191,94.5199966430664
2020-01-06,80.9298324584961,79.15839617815496,23.931866859560554,68.05555555555556,68.05555555555556,94.56999969482422
2020-01-07,79.38945007324219,80.45060516381372,9.695348825491857,49.404761904761905,49.404761904761905,92.7699966430664
2020-01-08,81.0582046508789,79.53494131186805,11.830055048023901,51.19047619047619,51.19047619047619,94.72000122070312
2020-01-09,82.6413803100586,82.3247443175901,21.743400008762475,64.48412698412699,64.48412698412699,96.56999969482422
2020-01-10,81.76849365234375,82.94088960698132,19.08491244997186,60.71428571428571,60.71428571428571,95.55000305175781
2020-01-13,83.96781158447266,82.47877316910187,27.135547877908195,72.61904761904762,72.61904761904762,98.12000274658203
2020-01-14,83.11205291748047,84.42993423919184,23.703591992550695,68.25396825396825,68.25396825396825,97.12000274658203
2020-01-15,83.30886840820312,82.49589283563193,21.499558953148725,63.69047619047619,63.69047619047619,97.3499984741211
2020-01-16,85.53385925292969,84.32723188032584,30.857357880148896,78.37301587301587,78.37301587301587,99.94999694824219
2020-01-17,86.62068176269531,86.43241209764781,36.770052242107134,88.09523809523809,88.09523809523809,101.22000122070312
2020-01-21,85.86759185791016,85.70500069218991,33.65633281436881,82.93650793650794,82.93650793650794,100.33999633789062
2020-01-22,86.26982116699219,86.77472681105712,33.19065071402577,82.73809523809523,82.73809523809523,100.80999755859375
2020-01-23,86.44097900390625,85.74780367505596,33.918480202744526,83.92857142857143,83.92857142857143,101.01000213623047
2020-01-24,83.89080047607422,86.65492952358771,16.542604182235443,56.34920634920635,56.34920634920635,98.02999877929688
2020-01-27,80.50196838378906,79.58629833081953,-7.784314757545355,33.730158730158735,33.730158730158735,94.06999969482422
2020-01-28,82.6841812133789,81.65725725215279,-11.479457778477936,30.357142857142854,30.357142857142854,96.62000274658203
2020-01-29,82.53010559082031,83.75385168365939,-14.115848233416752,27.976190476190478,27.976190476190478,96.44000244140625
2020-01-30,84.84925842285156,80.78436713383479,-5.344319808000524,36.11111111111111,36.11111111111111,99.1500015258789
2020-01-31,79.65475463867188,83.05214899760527,-21.725894135013128,20.634920634920633,20.634920634920633,93.08000183105469
2020-02-03,81.53744506835938,81.2293685531706,-22.732579526077448,19.642857142857142,19.642857142857142,95.27999877929688
2020-02-04,84.33580780029297,84.10474714354632,-12.991502520942724,29.761904761904763,29.761904761904763,98.55000305175781
2020-02-05,87.24540710449219,86.78329886032748,4.532153351927951,45.43650793650794,45.43650793650794,101.94999694824219
2020-02-06,87.26251220703125,88.29798890228753,11.458022438790238,51.98412698412699,51.98412698412699,101.97000122070312
2020-02-07,86.42385864257812,86.28693939505646,11.179286129144602,51.19047619047619,51.19047619047619,100.98999786376953
2020-02-10,87.87010955810547,85.69646173903914,17.304843565864317,59.72222222222222,59.72222222222222,102.68000030517578
2020-02-11,88.82001495361328,88.87135885962032,20.602397865438206,63.888888888888886,63.888888888888886,103.79000091552734
2020-02-12,89.36769104003906,89.85547765759252,24.195096763304882,70.43650793650794,70.43650793650794,104.43000030517578
2020-02-13,90.36894226074219,88.7087596690181,28.33073667847984,75.59523809523809,75.59523809523809,105.5999984741211
2020-02-14,91.60125732421875,90.53154907799373,33.36983282262209,83.92857142857143,83.92857142857143,107.04000091552734
2020-02-18,90.24058532714844,91.22471822260374,29.542536513686805,76.98412698412699,76.98412698412699,105.44999694824219
2020-02-19,91.14769744873047,90.94230877500787,30.34296702651072,78.76984126984127,78.76984126984127,106.51000213623047
2020-02-20,91.52420806884766,90.71979214352666,30.913053563454618,79.76190476190477,79.76190476190477,106.94999694824219
2020-02-21,89.05107879638672,90.71126824793436,20.031494823780722,61.904761904761905,61.904761904761905,104.05999755859375
2020-02-24,81.20368194580078,81.16089100958645,-7.501341966270056,32.93650793650794,32.93650793650794,94.88999938964844
2020-02-25,72.5604476928711,81.72570680324414,-26.00550291332104,14.880952380952381,14.880952380952381,84.79000091552734
2020-02-26,70.6606674194336,73.66441084327218,-35.988499663048366,6.349206349206349,6.349206349206349,82.56999969482422
2020-02-27,61.4782600402832,66.40747673314364,-40.92516008983075,1.984126984126984,1.984126984126984,71.83999633789062
2020-02-28,57.64442443847656,55.86442878384916,-41.09597570805118,1.984126984126984,1.984126984126984,67.36000061035156
2020-03-02,66.03950500488281,58.192127081573126,-36.19209660310279,6.746031746031746,6.746031746031746,77.16999816894531
2020-03-03,60.177513122558594,66.41605304948496,-36.929769247570796,5.158730158730158,5.158730158730158,70.31999969482422
2020-03-04,66.38180541992188,63.14700917856557,-33.129933495056335,10.714285714285714,10.714285714285714,77.56999969482422
2020-03-05,58.551551818847656,61.59808549055523,-36.11023912345574,7.142857142857142,7.142857142857142,68.41999816894531
2020-03-06,53.81916427612305,53.33137754515141,-38.638080671934716,4.365079365079365,4.365079365079365,62.88999938964844
2020-03-09,38.5180549621582,42.249198028302715,-41.75406927904731,1.984126984126984,1.984126984126984,45.0099983215332
2020-03-10,44.936309814453125,42.7369895668592,-40.56364337528548,3.373015873015873,3.373015873015873,52.5099983215332
2020-03-11,37.51679992675781,40.785827385064884,-42.5300586600477,1.1904761904761905,1.1904761904761905,43.84000015258789
2020-03-12,27.11924934387207,28.33443822012174,-44.01452292432278,0.3968253968253968,0.3968253968253968,31.690000534057617
2020-03-13,34.86392593383789,31.45797265608189,-41.7990076439778,2.380952380952381,2.380952380952381,40.7400016784668
2020-03-16,21.274356842041016,23.627714842010327,-43.71140091800981,0.7936507936507936,0.7936507936507936,24.860000610351562
2020-03-17,22.31839370727539,21.539646202385907,-43.66293684691415,0.992063492063492,0.992063492063492,26.079999923706055
2020-03-18,16.482059478759766,18.86964665695327,-44.064017096450584,0.3968253968253968,0.3968253968253968,19.260000228881836
2020-03-19,17.218027114868164,15.934377035592805,-44.01439266626746,0.7936507936507936,0.7936507936507936,20.1200008392334
2020-03-20,15.29255199432373,18.330523195386466,-44.48814311187197,0.3968253968253968,0.3968253968253968,17.8700008392334
2020-03-23,12.83650016784668,14.838994324610393,-44.92992344177272,0.1984126984126984,0.1984126984126984,15.0
2020-03-24,17.317235946655273,14.953049436853222,-43.227964039799396,2.1825396825396823,2.1825396825396823,20.06999969482422
2020-03-25,19.284517288208008,17.972997171629824,-41.09991862814894,4.166666666666666,4.166666666666666,22.350000381469727
2020-03-26,22.787654876708984,19.931648594703,-38.05931860682662,7.5396825396825395,7.5396825396825395,26.40999984741211
2020-03-27,20.898027420043945,20.44935094303989,-37.17575295707387,8.134920634920634,8.134920634920634,24.219999313354492
2020-03-30,22.123268127441406,20.95843275592905,-36.0043444378107,10.515873015873016,10.515873015873016,25.639999389648438
2020-03-31,20.242265701293945,21.571042722985,-36.275792980980356,9.722222222222223,9.722222222222223,23.459999084472656
2020-04-01,16.601078033447266,17.558833073407406,-38.010604030554084,7.936507936507936,7.936507936507936,19.239999771118164
2020-04-02,17.601974487304688,16.290454400120726,-38.17739187008813,7.5396825396825395,7.5396825396825395,20.399999618530273
2020-04-03,16.540679931640625,17.17055414814139,-38.48796834915699,7.5396825396825395,7.5396825396825395,19.170000076293945
2020-04-06,20.457979202270508,19.120575010800668,-34.43878683186002,13.293650793650794,13.293650793650794,23.709999084472656
2020-04-07,20.90665626525879,23.59872338558492,-31.85709504950574,14.880952380952381,14.880952380952381,24.229999542236328
2020-04-08,23.987003326416016,22.13189363516367,-26.39263128186467,18.650793650793652,18.650793650793652,27.799999237060547
2020-04-09,27.058719635009766,26.083707470013227,-15.751422538721224,28.76984126984127,28.76984126984127,31.360000610351562
2020-04-13,24.280372619628906,27.3952326721372,-14.182173459302142,29.96031746031746,29.96031746031746,28.139999389648438
2020-04-14,25.134586334228516,26.489249635003294,-5.340964496381676,37.301587301587304,37.301587301587304,29.1299991607666
2020-04-15,22.114639282226562,22.779028003575377,-6.55407498463077,36.30952380952381,36.30952380952381,25.6299991607666
2020-04-16,20.98431968688965,22.313097315797513,-9.194455301275804,34.12698412698413,34.12698412698413,24.31999969482422
2020-04-17,23.97838020324707,23.305362844232533,-4.232626719893213,38.492063492063494,38.492063492063494,27.790000915527344
2020-04-20,22.31308937072754,22.615082682729092,-5.233333019393033,37.5,37.5,25.860000610351562
2020-04-21,20.35444450378418,20.88077869159101,-9.357695545945539,33.33333333333333,33.33333333333333,23.59000015258789
2020-04-22,21.39847755432129,21.588303817545686,-11.718941634468507,30.952380952380953,30.952380952380953,24.799999237060547
2020-04-23,21.156885147094727,21.67459064962251,-14.372689594627913,28.57142857142857,28.57142857142857,24.520000457763672
2020-04-24,21.864408493041992,21.70046811160882,-13.728926891651724,29.365079365079367,29.365079365079367,25.34000015258789
2020-04-27,24.12506103515625,22.528804684493387,-6.83640782626998,35.51587301587302,35.51587301587302,27.959999084472656
2020-04-28,24.677278518676758,25.988798593657357,-1.5809748073327885,40.67460317460318,40.67460317460318,28.600000381469727
2020-04-29,27.179521560668945,26.523761477906813,8.068141956787722,48.61111111111111,48.61111111111111,31.5
2020-04-30,25.32440757751465,25.885254427631978,8.237812531238903,48.61111111111111,48.61111111111111,29.350000381469727
2020-05-01,22.95159149169922,23.452039654225995,1.6517920443310175,43.05555555555556,43.05555555555556,26.600000381469727
2020-05-04,22.735889434814453,22.131899312610535,-2.3752770150353495,39.285714285714285,39.285714285714285,26.350000381469727
2020-05-05,22.934337615966797,23.90934823798214,-7.387252992799284,35.11904761904761,35.11904761904761,26.579999923706055
2020-05-06,21.890296936035156,23.52106739246923,-16.5418856551678,25.992063492063494,25.992063492063494,25.3700008392334
2020-05-07,23.469301223754883,22.68411519679031,-14.481589245241205,27.976190476190478,27.976190476190478,27.200000762939453
2020-05-08,24.737680435180664,24.53922716831846,-8.036013105268536,34.12698412698413,34.12698412698413,28.670000076293945
2020-05-11,23.685007095336914,23.978373426944895,-8.758241172985372,33.92857142857143,33.92857142857143,27.450000762939453
2020-05-12,21.579675674438477,24.107802652969337,-18.23945915873186,24.206349206349206,24.206349206349206,25.010000228881836
2020-05-13,19.84536361694336,21.208653747408118,-27.737735142104036,16.666666666666664,16.666666666666664,23.0
2020-05-14,21.0792236328125,19.042916632495555,-25.6347308763227,19.047619047619047,19.047619047619047,24.43000030517578
2020-05-15,20.90665626525879,20.41483670619443,-25.187069659491357,19.841269841269842,19.841269841269842,24.229999542236328
2020-05-18,24.08191680908203,22.90845132223704,-13.148681923220087,30.555555555555557,30.555555555555557,27.90999984741211
2020-05-19,22.76176643371582,23.84894732183695,-11.066248660242248,32.73809523809524,32.73809523809524,26.3799991607666
2020-05-20,24.18545913696289,23.874835525202236,-5.133457120842118,38.492063492063494,38.492063492063494,28.030000686645508
2020-05-21,23.831689834594727,23.986999967013233,-3.191695813987346,40.07936507936508,40.07936507936508,27.6200008392334
2020-05-22,23.995634078979492,23.97837849080672,-1.555057622138378,42.06349206349206,42.06349206349206,27.809999465942383
2020-05-26,26.79987144470215,26.178625811413188,9.295634838272678,50.99206349206349,50.99206349206349,31.059999465942383
2020-05-27,29.060514450073242,29.276224917611504,19.86948819084613,62.301587301587304,62.301587301587304,33.68000030517578
2020-05-28,28.447898864746094,29.768045935571536,21.56351806442951,65.47619047619048,65.47619047619048,32.970001220703125
2020-05-29,27.8525333404541,27.65408011366727,20.16209206387173,62.301587301587304,62.301587301587304,32.279998779296875
2020-06-01,28.844804763793945,28.042361539499062,22.712583144478753,67.06349206349206,67.06349206349206,33.43000030517578
2020-06-02,29.57822036743164,29.569593396365583,26.665374222295178,72.81746031746032,72.81746031746032,34.279998779296875
2020-06-03,32.33931350708008,31.17447827704003,32.52272175358021,82.53968253968253,82.53968253968253,37.47999954223633
2020-06-04,32.995079040527344,32.356574521713895,36.449729059649485,88.88888888888889,88.88888888888889,38.2400016784668
2020-06-05,36.5586051940918,37.80109946034213,38.795436911218175,93.84920634920636,93.84920634920636,42.369998931884766
2020-06-08,38.241153717041016,38.62080297776134,41.284399825012045,98.21428571428571,98.21428571428571,44.31999969482422
2020-06-09,36.43780517578125,36.0754132359256,39.57937929209182,95.23809523809523,95.23809523809523,42.22999954223633
2020-06-10,33.46100616455078,36.25661522976329,29.49709976899743,75.39682539682539,75.39682539682539,38.779998779296875
2020-06-11,26.230396270751953,29.155431747541712,8.235953146635525,48.80952380952381,48.80952380952381,30.399999618530273
2020-06-12,28.473785400390625,28.948347832100946,1.2192664528098784,43.65079365079365,43.65079365079365,33.0
2020-06-15,29.42290687561035,25.824857805624113,-1.6584866600796362,40.476190476190474,40.476190476190474,34.099998474121094
2020-06-16,30.881114959716797,32.81387913325936,-2.1487692463960344,40.07936507936508,40.07936507936508,35.790000915527344
2020-06-17,29.914722442626953,31.079560801432695,-4.5487945469744595,37.5,37.5,34.66999816894531
2020-06-18,29.759418487548828,29.06914233649138,-6.587475452262962,36.507936507936506,36.507936507936506,34.4900016784668
2020-06-19,28.732635498046875,31.062309358208672,-10.346769959264499,32.53968253968254,32.53968253968254,33.29999923706055
2020-06-22,28.939716339111328,28.47378095176353,-11.734864525954263,31.150793650793652,31.150793650793652,33.540000915527344
2020-06-23,29.247217178344727,29.938231679439177,-14.439866937553361,28.76984126984127,28.76984126984127,33.86000061035156
2020-06-24,26.189476013183594,28.33162275387739,-24.687451634549397,20.238095238095237,20.238095238095237,30.31999969482422
2020-06-25,27.865188598632812,25.878520407313523,-24.77678826457213,20.238095238095237,20.238095238095237,32.2599983215332
2020-06-26,25.066570281982422,26.664542847534157,-31.815253153104855,15.079365079365079,15.079365079365079,29.020000457763672
2020-06-29,25.869882583618164,25.67985234646087,-32.637031470998934,14.682539682539684,14.682539682539684,29.950000762939453
2020-06-30,27.02733039855957,25.714401239853338,-29.55552034142847,16.26984126984127,16.26984126984127,31.290000915527344
2020-07-01,27.217355728149414,27.19144207043477,-27.423099770487692,17.063492063492063,17.063492063492063,31.510000228881836
2020-07-02,27.26055145263672,28.56484294913524,-25.979588190165437,18.849206349206348,18.849206349206348,31.559999465942383
2020-07-06,28.322982788085938,28.69440367562236,-22.01446051170707,22.817460317460316,22.817460317460316,32.790000915527344
2020-07-07,26.785478591918945,27.744261122615328,-24.658434347554014,20.436507936507937,20.436507936507937,31.010000228881836
2020-07-08,27.441940307617188,26.923678601114247,-23.206916084417852,21.03174603174603,21.03174603174603,31.770000457763672
2020-07-09,26.06854820251465,27.407389468803313,-26.877495428889663,17.46031746031746,17.46031746031746,30.18000030517578
2020-07-10,27.597423553466797,25.913073140341098,-20.636317525438734,24.404761904761905,24.404761904761905,31.950000762939453
2020-07-13,27.113710403442383,28.357539964949627,-19.251154566324267,25.198412698412696,25.198412698412696,31.389999389648438
2020-07-14,27.87381935119629,26.794108359726103,-15.17852510388448,29.166666666666668,29.166666666666668,32.27000045776367
2020-07-15,29.350866317749023,29.368142090851542,-6.421113307102157,37.89682539682539,37.89682539682539,33.97999954223633
2020-07-16,28.936264038085938,28.677133974360316,-0.18873718732136108,43.25396825396825,43.25396825396825,33.5
2020-07-17,28.95353889465332,29.19539317377371,3.340225063079859,46.03174603174603,46.03174603174603,33.52000045776367
2020-07-20,28.95353889465332,28.74623287325197,5.2831702669765015,47.22222222222222,47.22222222222222,33.52000045776367
2020-07-21,29.83458709716797,29.514990140697407,14.07634721584348,53.769841269841265,53.769841269841265,34.540000915527344
2020-07-22,30.257827758789062,29.437249824647772,21.353645305425477,63.095238095238095,63.095238095238095,35.029998779296875
2020-07-23,30.11098289489746,30.188722223860854,22.680120265524657,65.87301587301587,65.87301587301587,34.86000061035156
2020-07-24,29.540903091430664,29.808669396480624,19.9557831635552,60.912698412698404,60.912698412698404,34.20000076293945
2020-07-27,29.584081649780273,29.679096745785127,18.84828878492912,59.72222222222222,59.72222222222222,34.25
2020-07-28,29.618633270263672,29.342227514809085,18.568885403583348,59.72222222222222,59.72222222222222,34.290000915527344
2020-07-29,31.33753204345703,29.627270158435444,26.222411376639805,71.62698412698413,71.62698412698413,36.279998779296875
2020-07-30,30.292381286621094,29.96414811454129,22.646836970255045,66.46825396825396,66.46825396825396,35.06999969482422
2020-07-31,30.20600128173828,30.59469467381442,20.31126995835288,62.10317460317461,62.10317460317461,34.970001220703125
2020-08-03,30.378751754760742,30.542869960640424,20.155329007580647,61.50793650793651,61.50793650793651,35.16999816894531
2020-08-04,30.326929092407227,30.214638203596888,19.468483618609746,60.51587301587301,60.51587301587301,35.11000061035156
2020-08-05,31.518938064575195,30.879747437049396,25.87825728827581,71.23015873015873,71.23015873015873,36.4900016784668
2020-08-06,31.69168472290039,31.484381999612285,29.76759682387283,76.5873015873016,76.5873015873016,36.689998626708984
2020-08-07,32.89232635498047,31.37209101184178,34.521919276719224,85.11904761904762,85.11904761904762,38.08000183105469
2020-08-10,32.961429595947266,33.45377773236724,35.58303414256456,86.30952380952381,86.30952380952381,38.15999984741211
2020-08-11,33.31555938720703,34.17069187290475,34.23149008679485,84.12698412698413,84.12698412698413,38.56999969482422
2020-08-12,33.48832321166992,34.611222208615644,33.20317537808711,82.34126984126983,82.34126984126983,38.77000045776367
2020-08-13,32.95278549194336,33.16872772113036,28.32612805296578,73.4126984126984,73.4126984126984,38.150001525878906
2020-08-14,33.03915786743164,32.66773700558206,26.12664581265968,71.03174603174604,71.03174603174604,38.25
2020-08-17,32.65047073364258,32.8836887818493,21.584767045184822,64.0873015873016,64.0873015873016,37.79999923706055
2020-08-18,32.18403244018555,32.71957160840576,14.889457485568888,53.96825396825397,53.96825396825397,37.2599983215332
2020-08-19,31.752138137817383,32.34814069046518,7.428936610056579,48.41269841269841,48.41269841269841,36.7599983215332
2020-08-20,31.639860153198242,30.8883787327209,2.4178638949418936,44.84126984126984,44.84126984126984,36.630001068115234
2020-08-21,31.423917770385742,31.475741802610038,-1.9355517565354883,41.46825396825397,41.46825396825397,36.380001068115234
2020-08-24,33.05643844604492,32.045827050920536,8.476249084540367,50.0,50.0,38.27000045776367
2020-08-25,33.48832321166992,33.686989678474255,16.452546074907254,55.75396825396825,55.75396825396825,38.77000045776367
2020-08-26,33.22920227050781,33.471056592772406,18.056188593740828,58.13492063492064,58.13492063492064,38.470001220703125
2020-08-27,34.61122512817383,33.28965955294585,27.80685658782065,73.01587301587301,73.01587301587301,40.06999969482422
2020-08-28,35.36270523071289,35.19859029041178,35.34391930243713,85.9126984126984,85.9126984126984,40.939998626708984
2020-08-31,34.13615417480469,35.319516882710445,28.8023325003455,74.60317460317461,74.60317460317461,39.52000045776367
2020-09-01,34.56803512573242,33.98067195316991,28.320901005924913,73.21428571428571,73.21428571428571,40.02000045776367
2020-09-02,36.14873123168945,34.827165719761986,34.49831703971488,84.52380952380952,84.52380952380952,41.849998474121094
2020-09-03,33.9720344543457,36.2955717483751,18.622998130477594,59.12698412698413,59.12698412698413,39.33000183105469
2020-09-04,33.678348541259766,35.146752934112044,7.913957357197965,49.404761904761905,49.404761904761905,38.9900016784668
2020-09-08,31.28571319580078,32.607278667522706,-12.636217588681465,32.142857142857146,32.142857142857146,36.220001220703125
2020-09-09,32.50362777709961,32.17539464071037,-16.05686916603206,28.373015873015873,28.373015873015873,37.630001068115234
2020-09-10,31.095680236816406,33.03916025161743,-25.559697253225266,18.849206349206348,18.849206349206348,36.0
2020-09-11,31.112958908081055,31.41527673164659,-29.1738067687723,15.674603174603174,15.674603174603174,36.02000045776367
2020-09-14,32.78866958618164,31.803973479302094,-21.717980960329005,23.809523809523807,23.809523809523807,37.959999084472656
2020-09-15,32.39134216308594,33.350126418316115,-19.890388452413134,25.396825396825395,25.396825396825395,37.5
2020-09-16,33.06507873535156,32.503630820425215,-14.747569571932548,30.357142857142854,30.357142857142854,38.279998779296875
2020-09-17,32.04582977294922,31.847163290968016,-18.162409572037298,26.58730158730159,26.58730158730159,37.099998474121094
2020-09-18,31.251163482666016,32.227223400227835,-24.402131916029706,20.833333333333336,20.833333333333336,36.18000030517578
2020-09-21,29.169479370117188,29.36814584365751,-30.311864838297335,14.880952380952381,14.880952380952381,33.77000045776367
2020-09-22,28.27596092224121,29.149585337511123,-34.86146374695705,12.3015873015873,12.3015873015873,32.689998626708984
2020-09-23,26.520069122314453,28.63060182162027,-39.178421113576846,6.547619047619048,6.547619047619048,30.65999984741211
2020-09-24,26.658466339111328,26.47682280958207,-39.307910444067694,6.547619047619048,6.547619047619048,30.81999969482422
2020-09-25,27.523439407348633,26.21733003578029,-36.91725312572309,9.523809523809524,9.523809523809524,31.81999969482422
2020-09-28,29.417722702026367,28.5268017973465,-29.34029913297888,16.666666666666664,16.666666666666664,34.0099983215332
2020-09-29,28.431652069091797,29.31392462971911,-28.86888910289871,17.063492063492063,17.063492063492063,32.869998931884766
2020-09-30,29.296628952026367,28.62195119765,-24.79303865308069,21.23015873015873,21.23015873015873,33.869998931884766
2020-10-01,29.651275634765625,29.82427090781863,-21.363741880531045,25.595238095238095,25.595238095238095,34.279998779296875
2020-10-02,30.30864715576172,27.999168105732736,-16.562452286083037,29.761904761904763,29.761904761904763,35.040000915527344
2020-10-05,31.882905960083008,31.121728780622753,-4.9201537765480365,40.87301587301587,40.87301587301587,36.86000061035156
2020-10-06,30.966026306152344,32.44512903692728,-1.2648286046472608,44.24603174603175,44.24603174603175,35.79999923706055
2020-10-07,32.47107696533203,32.16833453109936,7.842911716075071,49.801587301587304,49.801587301587304,37.540000915527344
2020-10-08,33.83773422241211,33.05926070034557,18.80959528555674,59.72222222222222,59.72222222222222,39.119998931884766
2020-10-09,33.91557693481445,34.399962808390626,23.860824237574956,67.46031746031747,67.46031746031747,39.209999084472656
2020-10-12,35.07464599609375,34.20102492948596,29.462020444461697,75.1984126984127,75.1984126984127,40.54999923706055
2020-10-13,33.214962005615234,35.0400521257913,23.146773686283616,66.26984126984127,66.26984126984127,38.400001525878906
2020-10-14,32.22024154663086,33.42255338781588,15.251268059928314,54.96031746031746,54.96031746031746,37.25
2020-10-15,32.97275161743164,31.164958914320263,14.096090389453137,53.57142857142857,53.57142857142857,38.119998931884766
2020-10-16,33.06791687011719,33.24956040533279,13.894204248411315,53.17460317460318,53.17460317460318,38.22999954223633
2020-10-19,31.649349212646484,33.38794277727478,7.047040322097827,48.01587301587302,48.01587301587302,36.59000015258789
2020-10-20,32.44512939453125,32.142390223939806,7.481304052378852,48.214285714285715,48.214285714285715,37.5099983215332
2020-10-21,32.2894401550293,32.41053583389512,6.806366088501058,47.42063492063492,47.42063492063492,37.33000183105469
2020-10-22,33.92424011230469,32.24619047966006,14.003713299925646,53.17460317460318,53.17460317460318,39.220001220703125
2020-10-23,34.42591857910156,34.37402232013958,19.43272734169601,59.72222222222222,59.72222222222222,39.79999923706055
2020-10-26,32.19429016113281,33.24955478221334,9.375626513928907,49.801587301587304,49.801587301587304,37.220001220703125
2020-10-27,30.291351318359375,32.099144809219524,-6.121727772912739,36.904761904761905,36.904761904761905,35.02000045776367
2020-10-28,28.16351890563965,28.71710103554543,-22.099674592172555,20.634920634920633,20.634920634920633,32.560001373291016
2020-10-29,28.829544067382812,28.180814488544595,-25.779156640016865,15.674603174603174,15.674603174603174,33.33000183105469
2020-10-30,29.071741104125977,28.431659675315185,-26.857844114316563,14.682539682539684,14.682539682539684,33.61000061035156
2020-11-02,30.741132736206055,30.031855335731183,-19.263245770819644,23.61111111111111,23.61111111111111,35.540000915527344
2020-11-03,32.75651168823242,31.92613877779791,-5.326137509272992,37.301587301587304,37.301587301587304,37.869998931884766
2020-11-04,31.62340545654297,31.92614460426052,-3.3620437385350246,39.08730158730159,39.08730158730159,36.560001373291016
2020-11-05,33.84638977050781,32.4883826107815,8.22649632437244,48.41269841269841,48.41269841269841,39.130001068115234
2020-11-06,33.059261322021484,34.17507372126052,10.12313235576965,50.0,50.0,38.220001220703125
2020-11-09,40.55857849121094,38.50859365533664,23.735191270806624,67.06349206349206,67.06349206349206,46.88999938964844
2020-11-10,41.64844512939453,40.56722903880391,32.604146717457034,80.55555555555556,80.55555555555556,48.150001525878906
2020-11-11,40.94781494140625,42.400969596583906,34.947472374094524,85.51587301587301,85.51587301587301,47.34000015258789
2020-11-12,38.96702575683594,39.70225465012538,30.299546018745282,76.19047619047619,76.19047619047619,45.04999923706055
2020-11-13,40.8007698059082,39.736853542769644,31.98690977398399,79.56349206349206,79.56349206349206,47.16999816894531
2020-11-16,43.62058639526367,43.52543884225286,37.365636154628646,90.47619047619048,90.47619047619048,50.43000030517578
2020-11-17,43.404335021972656,42.279871050858155,39.552334867431775,95.03968253968253,95.03968253968253,50.18000030517578
2020-11-18,42.24527359008789,43.88007172791236,35.87162491205489,86.30952380952381,86.30952380952381,48.84000015258789
2020-11-19,42.66912078857422,41.63980077993201,34.77976088615776,84.32539682539682,84.32539682539682,49.33000183105469
2020-11-20,41.536006927490234,42.15878858941942,30.829227327668157,75.9920634920635,75.9920634920635,48.02000045776367
2020-11-23,43.6638298034668,42.790208662160836,33.531553217499,81.34920634920636,81.34920634920636,50.47999954223633
2020-11-24,48.17033386230469,45.67921458342705,38.76616132987705,93.05555555555556,93.05555555555556,55.689998626708984
2020-11-25,47.45240783691406,47.31401232235385,40.437791650597575,96.42857142857143,96.42857142857143,54.86000061035156
2020-11-27,46.87287139892578,47.52160095124334,39.8952649254612,95.83333333333334,95.83333333333334,54.189998626708984
2020-11-30,44.355804443359375,46.21549729641986,32.71051417813152,78.76984126984127,78.76984126984127,51.279998779296875
2020-12-01,46.23280334472656,46.466346429639465,32.5528651469822,78.37301587301587,78.37301587301587,53.45000076293945
2020-12-02,47.5302619934082,45.73111675948356,35.25205301071182,84.52380952380952,84.52380952380952,54.95000076293945
2020-12-03,47.582157135009766,47.487012888966014,36.625634040600154,87.6984126984127,87.6984126984127,55.0099983215332
2020-12-04,49.41590118408203,48.308733662331626,39.67602938170358,95.23809523809523,95.23809523809523,57.130001068115234
2020-12-07,48.2481803894043,48.68931835294549,37.35557730102952,89.28571428571429,89.28571428571429,55.779998779296875
2020-12-08,48.360633850097656,47.45241298111267,35.80463811520287,84.72222222222221,84.72222222222221,55.90999984741211
2020-12-09,48.10114669799805,49.052615631473,33.74359637994688,80.15873015873017,80.15873015873017,55.61000061035156
2020-12-10,48.412540435791016,47.10642934263371,33.620651557184374,79.56349206349206,79.56349206349206,55.970001220703125
2020-12-11,47.11507797241211,46.93343114393613,28.126243919466265,68.25396825396825,68.25396825396825,54.470001220703125
2020-12-14,45.54947280883789,48.61147766854732,18.1842201329177,52.976190476190474,52.976190476190474,52.65999984741211
2020-12-15,47.91084289550781,46.69123137869172,20.725394936281468,56.94444444444444,56.94444444444444,55.38999938964844
2020-12-16,48.153038024902344,48.248185568413064,23.43919571055162,62.10317460317461,62.10317460317461,55.66999816894531
2020-12-17,48.5682258605957,48.395230634188486,26.617696110195197,66.46825396825396,66.46825396825396,56.150001525878906
2020-12-18,47.48701477050781,48.61147890996404,23.292444202883054,61.50793650793651,61.50793650793651,54.900001525878906
2020-12-21,48.957454681396484,48.43847236871813,27.50299340600967,67.46031746031747,67.46031746031747,56.599998474121094
2020-12-22,47.56204605102539,49.21645328017325,22.073728086951355,58.730158730158735,58.730158730158735,54.90999984741211
2020-12-23,49.88341522216797,48.22900794294774,26.45413679549062,66.07142857142857,66.07142857142857,57.59000015258789
2020-12-24,49.952701568603516,50.20389507732396,29.04628399227637,70.43650793650794,70.43650793650794,57.66999816894531
2020-12-28,50.723609924316406,51.23465734394309,30.16877097961792,72.22222222222221,72.22222222222221,58.560001373291016
2020-12-29,50.15193176269531,51.407892835025436,27.921455481132966,67.65873015873017,67.65873015873017,57.900001525878906
2020-12-30,50.86220932006836,50.53305922697347,29.035066026680944,70.03968253968253,70.03968253968253,58.720001220703125
2020-12-31,52.66385269165039,50.68895924828267,34.87781325135942,82.93650793650794,82.93650793650794,60.79999923706055
2021-01-04,50.53303909301758,53.374113931991616,25.012884649762725,62.89682539682539,62.89682539682539,58.34000015258789
2021-01-05,51.20866394042969,50.34248219371772,22.71425031131322,58.730158730158735,58.730158730158735,59.119998931884766
2021-01-06,57.71368408203125,53.296158749788084,31.184752382201143,74.20634920634922,74.20634920634922,66.62999725341797
2021-01-07,60.468143463134766,60.44215906901242,35.83237602467295,84.72222222222221,84.72222222222221,69.80999755859375
2021-01-08,60.01773452758789,61.15243051062473,37.4721618255942,89.68253968253968,89.68253968253968,69.29000091552734
2021-01-11,60.77996826171875,58.48458543658838,39.41150346870765,94.04761904761905,94.04761904761905,70.16999816894531
2021-01-12,62.685577392578125,61.498905982606836,41.23342874696266,98.01587301587301,98.01587301587301,72.37000274658203
2021-01-13,62.3477668762207,62.25248635259482,41.71234386037719,98.80952380952381,98.80952380952381,71.9800033569336
2021-01-14,63.19663619995117,62.91945823186365,42.268293302434294,99.0079365079365,99.0079365079365,72.95999908447266
2021-01-15,60.04372787475586,60.624068150431604,36.09060876679987,84.52380952380952,84.52380952380952,69.31999969482422
2021-01-19,60.546104431152344,60.935883567450134,33.86589502923624,78.96825396825396,78.96825396825396,69.9000015258789
2021-01-20,59.81852340698242,61.02251578990757,30.291579037009065,70.63492063492063,70.63492063492063,69.05999755859375
2021-01-21,57.92157745361328,59.77520591640773,22.62929036982239,56.74603174603175,56.74603174603175,66.87000274658203
2021-01-22,56.89081954956055,56.310479343243586,14.609394753338576,45.43650793650794,45.43650793650794,65.68000030517578
2021-01-25,55.82542037963867,55.88605284783175,6.453039719392474,38.2936507936508,38.2936507936508,64.44999694824219
2021-01-26,54.68205261230469,56.43174007372469,-2.8230742974595673,33.13492063492063,33.13492063492063,63.130001068115234
2021-01-27,49.56292724609375,52.3866786649259,-21.574556965677196,17.063492063492063,17.063492063492063,57.220001220703125
2021-01-28,52.3260498046875,51.17402956598797,-23.642678270238328,14.484126984126986,14.484126984126986,60.40999984741211
2021-01-29,49.38102722167969,51.87563194594168,-30.890859620630064,7.738095238095238,7.738095238095238,57.0099983215332
2021-02-01,51.34725570678711,50.61100250334883,-29.61777699039823,8.531746031746032,8.531746031746032,59.279998779296875
2021-02-02,54.959232330322266,53.20088114272628,-19.17984135727762,20.238095238095237,20.238095238095237,63.45000076293945
2021-02-03,55.730140686035156,55.19311213346799,-11.381489726515925,27.380952380952383,27.380952380952383,64.33999633789062
2021-02-04,59.2468376159668,56.4577311073356,1.9217552259970891,37.5,37.5,68.4000015258789
2021-02-05,59.50669860839844,60.372880577128804,9.544479477983781,43.452380952380956,43.452380952380956,68.69999694824219
2021-02-08,61.60284423828125,60.19962751992873,19.13069290844004,52.77777777777778,52.77777777777778,71.12000274658203
2021-02-09,62.157203674316406,61.09179722363273,25.245199753907038,64.48412698412699,64.48412698412699,71.76000213623047
2021-02-10,62.00129318237305,62.79817883116996,27.850857898175985,68.45238095238095,68.45238095238095,71.58000183105469
2021-02-11,61.83671188354492,62.35641958899382,28.729604628149545,70.23809523809523,70.23809523809523,71.38999938964844
2021-02-12,63.387168884277344,61.40361225442837,33.185968750698635,80.15873015873017,80.15873015873017,73.18000030517578
2021-02-16,66.6700210571289,65.20617154994132,37.29508113370418,91.07142857142857,91.07142857142857,76.97000122070312
2021-02-17,67.29364776611328,65.92507931010122,39.91522444813976,96.82539682539682,96.82539682539682,77.69000244140625
2021-02-18,66.30622863769531,65.89912207783186,39.178521857405066,95.03968253968253,95.03968253968253,76.55000305175781
2021-02-19,68.52365112304688,67.44958740980316,40.55266616624411,97.42063492063492,97.42063492063492,79.11000061035156
2021-02-22,70.15206909179688,67.70943643778797,41.40991576694045,98.80952380952381,98.80952380952381,80.98999786376953
2021-02-23,71.18281555175781,70.99225451189024,42.354090016190995,99.8015873015873,99.8015873015873,82.18000030517578
2021-02-24,75.45309448242188,71.76315829337173,43.230573395188415,100.0,100.0,87.11000061035156
2021-02-25,71.28675842285156,77.31538241993746,37.19614059141286,90.87301587301587,90.87301587301587,82.30000305175781
2021-02-26,67.40625,70.51584529515277,26.042854870857013,65.47619047619048,65.47619047619048,77.81999969482422
2021-03-01,73.57347869873047,70.94028543084752,29.06821612985915,72.02380952380952,72.02380952380952,84.94000244140625
2021-03-02,72.84589385986328,73.6774276610747,29.082563362623574,72.22222222222221,72.22222222222221,84.0999984741211
2021-03-03,74.07588195800781,73.07111427133708,30.501957406670403,75.59523809523809,75.59523809523809,85.5199966430664
2021-03-04,71.40802001953125,73.74670791888914,24.746892318907808,63.69047619047619,63.69047619047619,82.44000244140625
2021-03-05,75.35783386230469,74.38770764503741,28.665269475821596,70.43650793650794,70.43650793650794,87.0
2021-03-08,78.38945007324219,77.09017742009453,31.573549564397673,78.17460317460318,78.17460317460318,90.5
2021-03-09,76.73505401611328,77.1681449811667,29.229728475046567,72.61904761904762,72.61904761904762,88.58999633789062
2021-03-10,80.9013900756836,77.73116117729649,34.23796192443269,83.92857142857143,83.92857142857143,93.4000015258789
2021-03-11,80.43363952636719,80.60687323663589,35.36149826304671,86.70634920634922,86.70634920634922,92.86000061035156
2021-03-12,83.04951477050781,82.72036804111153,37.9946832157065,93.05555555555556,93.05555555555556,95.87999725341797
2021-03-15,82.1226806640625,84.01962060478947,37.56950709535207,92.06349206349206,92.06349206349206,94.80999755859375
2021-03-16,79.65409088134766,81.00533260105193,30.916713707082945,75.59523809523809,75.59523809523809,91.95999908447266
2021-03-17,81.02265167236328,80.88405940323237,29.9992502274651,73.21428571428571,73.21428571428571,93.54000091552734
2021-03-18,82.3219223022461,83.15345606993226,29.480899821446744,72.02380952380952,72.02380952380952,95.04000091552734
2021-03-19,79.60211181640625,80.83208843388918,21.0578469606964,54.96031746031746,54.96031746031746,91.9000015258789
2021-03-22,76.50115966796875,78.04296187918139,9.471976534832061,42.857142857142854,42.857142857142854,88.31999969482422
2021-03-23,73.30809783935547,75.53744092671668,-4.172098144871638,33.53174603174603,33.53174603174603,84.51000213623047
2021-03-24,73.87195587158203,74.57458740436049,-9.826139248779116,28.57142857142857,28.57142857142857,85.16000366210938
2021-03-25,77.2549819946289,73.33411663590104,-5.128294928388769,32.53968253968254,32.53968253968254,89.05999755859375
2021-03-26,81.0544204711914,79.98745550255937,4.52974687881338,37.89682539682539,37.89682539682539,93.44000244140625
2021-03-29,78.92050170898438,77.85353667874472,4.096060006292912,37.698412698412696,37.698412698412696,90.9800033569336
2021-03-30,80.89826965332031,79.80528241071191,7.565499812960025,40.476190476190474,40.476190476190474,93.26000213623047
2021-03-31,78.8250732421875,80.40382976149083,4.82646434748465,38.095238095238095,38.095238095238095,90.87000274658203
2021-04-01,81.53150939941406,78.27857645764561,8.731029766570678,42.26190476190476,42.26190476190476,93.98999786376953
2021-04-05,83.41387939453125,83.82157476941262,15.00070311434116,47.61904761904761,47.61904761904761,96.16000366210938
2021-04-06,83.15364837646484,83.09292722089619,16.270956561158357,48.214285714285715,48.214285714285715,95.86000061035156
2021-04-07,83.99505615234375,83.34446965102187,19.443236552465486,52.77777777777778,52.77777777777778,96.83000183105469
2021-04-08,84.13385772705078,83.49194746454974,21.564582598506046,56.94444444444444,56.94444444444444,96.98999786376953
2021-04-09,86.04225158691406,85.44370977627007,27.346180413711814,67.26190476190477,67.26190476190477,99.19000244140625
2021-04-12,87.32608032226562,86.63212516401182,32.77166849815802,80.15873015873017,80.15873015873017,100.66999816894531
2021-04-13,85.15745544433594,86.74488849208748,28.418273548450518,69.44444444444444,69.44444444444444,98.16999816894531
2021-04-14,86.74488067626953,84.75842211460986,28.79019687884645,70.83333333333334,70.83333333333334,100.0
2021-04-15,86.49331665039062,87.62100270629865,28.246935048051796,68.84920634920636,68.84920634920636,99.70999908447266
2021-04-16,88.17615509033203,88.01133773185207,31.490566695284695,78.37301587301587,78.37301587301587,101.6500015258789
2021-04-19,87.49088287353516,88.04604955309117,30.611133506775516,75.9920634920635,75.9920634920635,100.86000061035156
2021-04-20,82.99750518798828,86.09429727878285,16.81647553379168,49.2063492063492,49.2063492063492,95.68000030517578
2021-04-21,86.29381561279297,82.18210324620692,17.500989778753436,50.39682539682539,50.39682539682539,99.4800033569336
2021-04-22,83.73483276367188,86.31115679421579,10.60329088704663,43.84920634920635,43.84920634920635,96.52999877929688
2021-04-23,88.41038513183594,83.6394164607115,17.399706380776802,50.595238095238095,50.595238095238095,101.91999816894531
2021-04-26,89.2344741821289,89.26049659123933,19.904536284561498,54.36507936507936,54.36507936507936,102.87000274658203
2021-04-27,91.6546401977539,89.62480663491684,27.357770703837943,68.45238095238095,68.45238095238095,105.66000366210938
2021-04-28,91.92354583740234,92.27052666382114,29.81124690945241,75.39682539682539,75.39682539682539,105.97000122070312
2021-04-29,96.41692352294922,94.1355292254235,35.49755915220085,88.4920634920635,88.4920634920635,111.1500015258789
2021-04-30,93.83193969726562,94.8034847833062,31.4390020905705,79.96031746031747,79.96031746031747,108.16999816894531
2021-05-03,95.27190399169922,95.88779185004711,32.18543448752585,81.15079365079364,81.15079365079364,109.83000183105469
2021-05-04,97.26702117919922,94.29167184806363,35.968643018346654,90.07936507936508,90.07936507936508,112.12999725341797
2021-05-05,99.9040756225586,98.34267177038306,38.28333773878112,94.84126984126983,94.84126984126983,115.16999816894531
2021-05-06,103.83362579345703,100.62406766183209,40.86797174696753,98.21428571428571,98.21428571428571,119.69999694824219
2021-05-07,105.33430480957031,101.10115717826388,42.35032529098194,99.60317460317461,99.60317460317461,121.43000030517578
2021-05-10,104.64035034179688,106.63548530493159,39.37278952189112,95.43650793650794,95.43650793650794,120.62999725341797
2021-05-11,99.6091537475586,101.14453531109162,27.632155469095576,68.65079365079364,68.65079365079364,114.83000183105469
2021-05-12,95.41938018798828,101.8298271093507,11.646529616727042,44.44444444444444,44.44444444444444,110.0
2021-05-13,100.75418090820312,94.83818027093142,12.40717183225885,45.03968253968254,45.03968253968254,116.1500015258789
2021-05-14,105.5164794921875,102.41101096469734,21.49865490580611,55.952380952380956,55.952380952380956,121.63999938964844
2021-05-17,105.8981704711914,104.37145845074005,26.79880390917707,66.86507936507937,66.86507936507937,122.08000183105469
2021-05-18,101.81245422363281,105.77669443700246,19.373042246376475,52.182539682539684,52.182539682539684,117.37000274658203
2021-05-19,99.65251922607422,97.70075935821788,11.441431060794079,43.25396825396825,43.25396825396825,114.87999725341797
2021-05-20,100.1643295288086,99.72192871912863,7.459140217075418,38.2936507936508,38.2936507936508,115.47000122070312
2021-05-21,102.53245544433594,101.07514105445203,9.226222405931436,40.87301587301587,40.87301587301587,118.19999694824219
2021-05-24,103.65145874023438,103.59073758691932,10.778489775875224,42.26190476190476,42.26190476190476,119.48999786376953
2021-05-25,100.62405395507812,104.22396755381688,4.211054620414036,35.317460317460316,35.317460317460316,116.0
2021-05-26,101.66498565673828,101.84715570886341,2.074915469348337,34.523809523809526,34.523809523809526,117.19999694824219
2021-05-27,105.24757385253906,103.89434910387581,9.168721550584937,40.476190476190474,40.476190476190474,121.33000183105469
2021-05-28,105.61190795898438,106.14972868182905,13.831037347799708,44.84126984126984,44.84126984126984,121.75
2021-06-01,107.13860321044922,108.25761295734694,19.7851261698331,52.77777777777778,52.77777777777778,123.51000213623047
2021-06-02,107.46825408935547,107.95402340255961,23.656505691218317,61.111111111111114,61.111111111111114,123.88999938964844
2021-06-03,108.1795425415039,106.2711577672218,26.47327573330832,66.26984126984127,66.26984126984127,124.70999908447266
2021-06-04,108.68266296386719,108.604589129001,29.403328848510668,73.4126984126984,73.4126984126984,125.29000091552734
2021-06-07,106.65283966064453,109.30723779627556,22.613842382940692,57.936507936507944,57.936507936507944,122.94999694824219
2021-06-08,106.24514770507812,105.33432368264822,17.71088274797636,48.80952380952381,48.80952380952381,122.4800033569336
2021-06-09,103.37386322021484,105.0740619311587,6.140396983278618,35.714285714285715,35.714285714285715,119.16999816894531
2021-06-10,99.97345733642578,105.74199220700818,-9.226031393848276,25.198412698412696,25.198412698412696,115.25
2021-06-11,101.48285675048828,100.64143016081485,-13.490843912965689,22.61904761904762,22.61904761904762,116.98999786376953
2021-06-14,98.38605499267578,101.11852041637026,-22.96223483033226,14.484126984126986,14.484126984126986,113.41999816894531
2021-06-15,99.02796173095703,98.5508622266281,-26.173577876644345,10.912698412698413,10.912698412698413,114.16000366210938
2021-06-16,99.04529571533203,98.02170595479654,-27.742637904937872,9.325396825396826,9.325396825396826,114.18000030517578
2021-06-17,90.48358154296875,100.24238047100624,-35.47385323560899,5.952380952380952,5.952380952380952,104.30999755859375
2021-06-18,83.78688049316406,87.31740363437724,-40.3536142124921,2.976190476190476,2.976190476190476,96.58999633789062
2021-06-21,89.63347625732422,85.71260440540028,-37.6984505334621,4.563492063492063,4.563492063492063,103.33000183105469
2021-06-22,89.88626098632812,90.35531757575224,-35.77001842945074,6.349206349206349,6.349206349206349,103.4800033569336
2021-06-23,90.48562622070312,90.2858440588497,-34.15624552543337,7.142857142857142,7.142857142857142,104.16999816894531
2021-06-24,93.49976348876953,91.63219905816713,-29.704677445236623,8.928571428571429,8.928571428571429,107.63999938964844
2021-06-25,97.17408752441406,95.54973956601724,-21.787108557689404,17.46031746031746,17.46031746031746,111.87000274658203
2021-06-28,94.82878112792969,96.6181718430585,-21.096495919516332,18.849206349206348,18.849206349206348,109.16999816894531
2021-06-29,94.12521362304688,96.14044494134453,-21.69633893641358,18.253968253968253,18.253968253968253,108.36000061035156
2021-06-30,94.94171142578125,93.20444319568207,-20.864951598659616,19.246031746031747,19.246031746031747,109.30000305175781
2021-07-01,97.25228118896484,96.0361920216451,-16.670769587001143,22.023809523809522,22.023809523809522,111.95999908447266
2021-07-02,96.74845886230469,97.33044871700635,-15.011459266963556,23.809523809523807,23.809523809523807,111.37999725341797
2021-07-06,92.16207885742188,95.97538211615375,-21.30112493476377,18.849206349206348,18.849206349206348,106.0999984741211
2021-07-07,92.68325805664062,90.5985414680345,-22.777198978518403,16.26984126984127,16.26984126984127,106.69999694824219
2021-07-08,87.02845001220703,87.64517940961251,-30.292850663803407,8.928571428571429,8.928571428571429,100.19000244140625
2021-07-09,94.24681091308594,90.33795700424827,-24.21484722906165,15.674603174603174,15.674603174603174,108.5
2021-07-12,97.00907135009766,92.85700077911737,-12.498097772986636,27.18253968253968,27.18253968253968,111.68000030517578
2021-07-13,93.67350769042969,96.05357013805369,-12.542687035860087,27.18253968253968,27.18253968253968,107.83999633789062
2021-07-14,92.24895477294922,93.48242044557273,-14.269022656897661,25.793650793650798,25.793650793650798,106.19999694824219
2021-07-15,93.24789428710938,89.96445756994679,-13.32493327184874,26.785714285714285,26.785714285714285,107.3499984741211
2021-07-16,89.64303588867188,94.39446544524921,-19.5420480382683,21.03174603174603,21.03174603174603,103.19999694824219
2021-07-19,82.32044982910156,84.35305704670337,-30.374688243627418,8.73015873015873,8.73015873015873,94.7699966430664
2021-07-20,88.27059936523438,82.38994281451977,-26.325173998036544,12.698412698412698,12.698412698412698,101.62000274658203
2021-07-21,92.64852142333984,90.33795140821194,-15.6316378603325,25.0,25.0,106.66000366210938
2021-07-22,90.00788116455078,92.24895243798227,-14.737547359243253,25.793650793650798,25.793650793650798,103.62000274658203
2021-07-23,90.54641723632812,91.60615190461719,-13.138270937814115,28.174603174603174,28.174603174603174,104.23999786376953
2021-07-26,91.95362091064453,89.90364358000075,-9.610600099825135,30.753968253968257,30.753968253968257,105.86000061035156
2021-07-27,91.94491577148438,89.97311933164484,-7.672384458355289,32.34126984126984,32.34126984126984,105.8499984741211
2021-07-28,91.87544250488281,92.77014135696594,-6.751998777836849,33.13492063492063,33.13492063492063,105.7699966430664
2021-07-29,94.68112182617188,93.560582983613,0.4406247425621782,39.08730158730159,39.08730158730159,109.0
2021-07-30,92.92649841308594,93.93411073418123,0.31301457570352403,39.08730158730159,39.08730158730159,106.9800033569336
2021-08-02,92.63114929199219,94.06439702783697,-0.578434630852338,38.88888888888889,38.88888888888889,106.63999938964844
2021-08-03,95.69741821289062,93.96883819131455,5.659845759888467,42.65873015873016,42.65873015873016,110.16999816894531
2021-08-04,93.93408966064453,93.49108442056517,4.962393011405237,41.86507936507937,41.86507936507937,108.13999938964844
2021-08-05,97.28704071044922,95.52371415791693,12.427532461264466,49.801587301587304,49.801587301587304,112.0
2021-08-06,102.9244613647461,99.89292995476514,20.88876483393268,59.72222222222222,59.72222222222222,118.48999786376953
2021-08-09,103.69754028320312,102.61174761829926,25.161047866314316,67.06349206349206,67.06349206349206,119.37999725341797
2021-08-10,106.71170806884766,103.74098075315001,31.02802693350589,80.15873015873017,80.15873015873017,122.8499984741211
2021-08-11,110.15150451660156,107.519543861695,36.09948619956008,91.66666666666666,91.66666666666666,126.80999755859375
2021-08-12,110.53369140625,110.48157547991028,38.43076152045533,94.84126984126983,94.84126984126983,127.25
2021-08-13,108.57926940917969,110.67268090442195,36.32648560172721,91.86507936507937,91.86507936507937,125.0
2021-08-16,107.91910552978516,106.24264134604323,33.17451168634869,83.92857142857143,83.92857142857143,124.23999786376953
2021-08-17,105.17424011230469,105.6693613863449,24.307036341190965,64.88095238095238,64.88095238095238,121.08000183105469
2021-08-18,101.72573852539062,103.95812786535716,10.9097756713484,46.42857142857143,46.42857142857143,117.11000061035156
2021-08-19,99.17194366455078,98.42491788326753,-1.6714664729260464,35.51587301587302,35.51587301587302,114.16999816894531
2021-08-20,101.49990844726562,99.31963467442294,-3.4457485425065104,33.92857142857143,33.92857142857143,116.8499984741211
2021-08-23,104.03630828857422,103.19373873750322,0.4113880363298658,36.904761904761905,36.904761904761905,119.7699966430664
2021-08-24,106.23396301269531,104.53143418563157,6.104993702295243,40.67460317460318,40.67460317460318,122.30000305175781
2021-08-25,109.62162780761719,106.84200116000655,16.543008387787424,51.388888888888886,51.388888888888886,126.19999694824219
2021-08-26,108.02333068847656,110.83770314706595,17.19129867065504,52.38095238095239,52.38095238095239,124.36000061035156
2021-08-27,112.14067077636719,108.3794767995563,25.819509723991185,66.46825396825396,66.46825396825396,129.10000610351562
2021-08-30,108.16232299804688,112.3057050372053,19.98234460344786,56.547619047619044,56.547619047619044,124.5199966430664
2021-08-31,107.92779541015625,108.00596930426912,16.419280509051717,50.198412698412696,50.198412698412696,124.25
2021-09-01,106.23396301269531,108.24919404801358,9.95086490717658,44.642857142857146,44.642857142857146,122.30000305175781
2021-09-02,107.38923645019531,107.15470814810708,8.138025497285572,41.66666666666667,41.66666666666667,123.62999725341797
2021-09-03,106.10367584228516,107.19815686195882,2.490430455175582,36.904761904761905,36.904761904761905,122.1500015258789
2021-09-07,103.75833129882812,106.24262513244194,-6.441592625371083,29.563492063492063,29.563492063492063,119.44999694824219
2021-09-08,102.9765625,102.92443995396766,-13.567658452241535,23.61111111111111,23.61111111111111,118.55000305175781
2021-09-09,103.75833129882812,102.67253877110011,-14.781114951495661,21.626984126984127,21.626984126984127,119.44999694824219
2021-09-10,101.44779205322266,105.73884725049652,-21.508884673078693,17.063492063492063,17.063492063492063,116.79000091552734
2021-09-13,104.65306091308594,103.56726806368003,-16.800449609292333,20.03968253968254,20.03968253968254,120.4800033569336
2021-09-14,100.56177520751953,105.46087803609166,-24.355061922913706,14.087301587301587,14.087301587301587,115.7699966430664
2021-09-15,103.39350891113281,100.51833235413014,-21.17831425941811,18.055555555555554,18.055555555555554,119.02999877929688
2021-09-16,102.8115463256836,104.55750295527243,-21.139937866331277,18.253968253968253,18.253968253968253,118.36000061035156
2021-09-17,101.2566909790039,102.55095411399631,-24.86254223436583,12.896825396825399,12.896825396825399,116.56999969482422
2021-09-20,94.16864013671875,94.68113115182811,-30.424120044701368,8.333333333333332,8.333333333333332,108.41000366210938
2021-09-21,93.65802001953125,95.46733418732668,-33.789411514106476,7.341269841269842,7.341269841269842,107.66999816894531
2021-09-22,97.65068817138672,96.18932007227096,-30.588777579660814,8.531746031746032,8.531746031746032,112.26000213623047
2021-09-23,104.66178131103516,100.22548704292575,-16.323191792641804,22.22222222222222,22.22222222222222,120.31999969482422
2021-09-24,105.94917297363281,103.93978764440455,-5.873045043457751,32.53968253968254,32.53968253968254,121.80000305175781
2021-09-27,109.98532104492188,108.09771601651838,6.79363458099633,42.857142857142854,42.857142857142854,126.44000244140625
2021-09-28,104.74005126953125,109.87223002887927,3.063051594494776,39.88095238095239,39.88095238095239,120.41000366210938
2021-09-29,105.34027862548828,105.54034978989345,3.3223085739354348,40.07936507936508,40.07936507936508,121.0999984741211
2021-09-30,100.5560302734375,106.72335434769103,-5.9150850080848745,32.53968253968254,32.53968253968254,115.5999984741211
2021-10-01,104.94882202148438,101.19971334626538,-2.303890834171539,36.11111111111111,36.11111111111111,120.6500015258789
2021-10-04,102.48712158203125,104.27034100618023,-5.3297157320217705,33.13492063492063,33.13492063492063,117.81999969482422
2021-10-05,108.03682708740234,104.48779617827878,3.778180933120781,40.476190476190474,40.476190476190474,124.19999694824219
2021-10-06,108.70663452148438,105.25328197660718,9.77818937789843,48.01587301587302,48.01587301587302,124.97000122070312
2021-10-07,110.92477416992188,111.85552603343139,13.567821357055113,50.79365079365079,50.79365079365079,127.5199966430664
2021-10-08,112.84717559814453,110.89868688622661,19.20660862753501,56.94444444444444,56.94444444444444,129.72999572753906
2021-10-11,109.68086242675781,113.57785253646534,14.320074426337696,51.587301587301596,51.587301587301596,126.08999633789062
2021-10-12,108.90670776367188,109.73308055466806,10.145826282867821,47.817460317460316,47.817460317460316,125.19999694824219
2021-10-13,107.66279602050781,109.2198494960824,5.647417620573674,41.46825396825397,41.46825396825397,123.7699966430664
2021-10-14,113.0472412109375,111.16833660650329,12.588081535257386,50.198412698412696,50.198412698412696,129.9600067138672
2021-10-15,117.62271881103516,116.03956389461713,21.233957613019875,60.71428571428571,60.71428571428571,135.22000122070312
2021-10-18,117.78800964355469,117.06602263346355,25.74212691951091,67.46031746031747,67.46031746031747,135.41000366210938
2021-10-19,121.26744079589844,119.44072564533911,32.396046958731574,81.94444444444444,81.94444444444444,139.41000366210938
2021-10-20,124.38155364990234,120.99779150433913,36.724154339416124,92.26190476190477,92.26190476190477,142.99000549316406
2021-10-21,124.09447479248047,124.17275916088856,37.568129735651446,93.84920634920636,93.84920634920636,142.66000366210938
2021-10-22,128.12191772460938,124.71206161913344,39.66644965941116,96.42857142857143,96.42857142857143,147.2899932861328
2021-10-25,128.3046112060547,129.1483781856595,40.2273716043456,97.42063492063492,97.42063492063492,147.5
2021-10-26,128.9483184814453,129.36584843052032,39.969281628693686,97.02380952380952,97.02380952380952,148.24000549316406
2021-10-27,122.28517150878906,127.86968258397788,26.940192583450333,68.65079365079364,68.65079365079364,140.5800018310547
2021-10-28,127.42608642578125,123.61608670010949,28.306504576888013,71.03174603174604,71.03174603174604,146.49000549316406
2021-10-29,125.877685546875,126.99980123822785,25.090012213459552,65.87301587301587,65.87301587301587,144.7100067138672
2021-11-01,126.01687622070312,128.13064732187812,23.384862053801896,63.49206349206349,63.49206349206349,144.8699951171875
2021-11-02,127.69573974609375,126.382239677723,25.35268941680012,66.66666666666666,66.66666666666666,146.8000030517578
2021-11-03,129.6180877685547,126.40830922930795,30.190040629205583,76.78571428571429,76.78571428571429,149.00999450683594
2021-11-04,124.55551147460938,129.41803568115847,20.200946925027907,58.92857142857143,58.92857142857143,143.19000244140625
2021-11-05,124.68598175048828,126.34742090104993,15.014426618180766,51.78571428571429,51.78571428571429,143.33999633789062
2021-11-08,126.2430648803711,126.49531899740015,14.84262513270807,51.388888888888886,51.388888888888886,145.1300048828125
2021-11-09,124.39022827148438,124.28584911051642,11.231561863198314,48.214285714285715,48.214285714285715,143.0
2021-11-10,123.1463394165039,123.64215373255014,6.6306507062247055,42.06349206349206,42.06349206349206,141.57000732421875
2021-11-11,124.17277526855469,123.5203789011192,4.631660765089847,40.07936507936508,40.07936507936508,142.75
2021-11-12,124.9556655883789,124.68601050372385,2.4901026843401075,38.2936507936508,38.2936507936508,143.64999389648438
2021-11-15,124.87735748291016,125.69502969596788,0.5387448848611077,37.10317460317461,37.10317460317461,143.55999755859375
2021-11-16,124.61637878417969,125.19918451367461,-3.2839841373056475,33.92857142857143,33.92857142857143,143.25999450683594
2021-11-17,120.72811889648438,123.97271311527815,-19.727375264647534,19.246031746031747,19.246031746031747,138.7899932861328
2021-11-18,119.17105865478516,121.2761224776746,-28.36148837357365,10.714285714285714,10.714285714285714,137.0
2021-11-19,115.52632141113281,116.69193281439028,-33.32523287907683,7.5396825396825395,7.5396825396825395,132.80999755859375
2021-11-22,120.19750213623047,119.94524804390882,-27.851961069264263,11.11111111111111,11.11111111111111,138.17999267578125
2021-11-23,125.37318420410156,122.16339207111608,-13.130093848640945,26.190476190476193,26.190476190476193,144.1300048828125
2021-11-24,124.7642822265625,124.18147636370138,-6.43901183389248,31.547619047619047,31.547619047619047,143.42999267578125
2021-11-26,113.16902160644531,113.95189189037036,-21.044665939678826,19.246031746031747,19.246031746031747,130.10000610351562
2021-11-29,114.35203552246094,117.01381044751915,-27.063304211295282,11.904761904761903,11.904761904761903,131.4600067138672
2021-11-30,105.84477233886719,110.14189127749897,-36.07612923919788,5.952380952380952,5.952380952380952,121.68000030517578
2021-12-01,102.35662078857422,110.6725028399939,-40.890310803940075,2.7777777777777777,2.7777777777777777,117.66999816894531
2021-12-02,110.97698974609375,104.90535038371237,-35.71175245367084,6.944444444444445,6.944444444444445,127.58000183105469
2021-12-03,105.73170471191406,112.04689661758628,-37.32416964113028,4.9603174603174605,4.9603174603174605,121.55000305175781
2021-12-06,109.75916290283203,109.14156181720024,-34.05147443412244,8.134920634920634,8.134920634920634,126.18000030517578
2021-12-07,115.43065643310547,112.97765309674774,-24.67959194681255,16.071428571428573,16.071428571428573,132.6999969482422
2021-12-08,114.01280212402344,116.12656010544595,-20.707148274769967,21.03174603174603,21.03174603174603,131.07000732421875
2021-12-09,112.51663208007812,112.00340351715514,-20.643849146906582,21.23015873015873,21.23015873015873,129.35000610351562
2021-12-10,112.89936065673828,114.52601129846983,-20.067702546604227,21.626984126984127,21.626984126984127,129.7899932861328
2021-12-13,108.89800262451172,111.80333789790711,-25.385467548683994,15.079365079365079,15.079365079365079,125.19000244140625
2021-12-14,111.01176452636719,108.22820280398336,-25.156572118732257,15.476190476190476,15.476190476190476,127.62000274658203
2021-12-15,111.95121002197266,111.49887817349554,-23.330105991511598,17.658730158730158,17.658730158730158,128.6999969482422
2021-12-16,115.16969299316406,115.6568267335224,-15.89290526107107,25.198412698412696,25.198412698412696,132.39999389648438
2021-12-17,108.13253021240234,113.33430063616382,-23.5779719550276,17.658730158730158,17.658730158730158,124.30999755859375
2021-12-20,101.78251647949219,103.10470330580775,-31.08996973674889,9.523809523809524,9.523809523809524,117.01000213623047
2021-12-21,108.1328125,104.72121166220408,-27.90577040848852,12.3015873015873,12.3015873015873,123.93000030517578
2021-12-22,110.27925109863281,107.87978957489078,-22.85461064605368,18.849206349206348,18.849206349206348,126.38999938964844
2021-12-23,112.37330627441406,112.08538264614533,-16.82513274440482,24.801587301587304,24.801587301587304,128.7899932861328
2021-12-27,115.62784576416016,113.27201403589385,-2.705226677553006,39.682539682539684,39.682539682539684,132.52000427246094
2021-12-28,115.61912536621094,115.59295049059294,4.630826776314062,45.83333333333333,45.83333333333333,132.50999450683594
2021-12-29,115.42716979980469,116.57019708520872,8.083921141386153,50.0,50.0,132.2899932861328
2021-12-30,114.54591369628906,116.16882252756164,8.222762193894575,50.39682539682539,50.39682539682539,131.27999877929688
2021-12-31,114.06602478027344,114.05730425933966,7.530256552225896,49.2063492063492,49.2063492063492,130.72999572753906
2022-01-03,117.3903579711914,116.57018971370468,12.736658184904941,56.34920634920635,56.34920634920635,134.5399932861328
2022-01-04,125.6881103515625,121.12477632716167,21.93223959532516,68.25396825396825,68.25396825396825,144.0500030517578
2022-01-05,121.06373596191406,127.38958883199606,18.130202347517717,61.50793650793651,61.50793650793651,138.75
2022-01-06,126.77879333496094,125.29549287216268,23.70287131759176,70.83333333333334,70.83333333333334,145.3000030517578
2022-01-07,130.58306884765625,127.04059305090207,30.117302009569592,81.74603174603175,81.74603174603175,149.66000366210938
2022-01-10,129.59707641601562,132.5375027158415,30.440745478902198,82.73809523809523,82.73809523809523,148.52999877929688
2022-01-11,132.895263671875,130.48708165100808,34.836642882332335,89.68253968253968,89.68253968253968,152.30999755859375
2022-01-12,133.29660034179688,133.98589415857614,36.11518492104823,92.26190476190477,92.26190476190477,152.77000427246094
2022-01-13,131.23744201660156,134.09060991187496,32.59913171160139,85.51587301587301,85.51587301587301,150.41000366210938
2022-01-14,128.06141662597656,125.5572428589954,25.527622549268376,72.22222222222221,72.22222222222221,146.77000427246094
2022-01-18,119.62406921386719,124.8941534060306,9.178336909859171,51.98412698412699,51.98412698412699,137.10000610351562
2022-01-19,113.60357666015625,122.50339357569447,-6.754128656396927,34.72222222222222,34.72222222222222,130.1999969482422
2022-01-20,111.23902893066406,114.63318228059347,-20.202086169532652,23.015873015873016,23.015873015873016,127.48999786376953
2022-01-21,104.29366302490234,109.45904661433948,-32.022839177048965,9.126984126984127,9.126984126984127,119.52999877929688
2022-01-24,105.30580139160156,98.72691479916406,-32.07004254615612,9.126984126984127,9.126984126984127,120.69000244140625
2022-01-25,105.4628677368164,101.15256069405174,-31.862510077612825,9.523809523809524,9.523809523809524,120.87000274658203
2022-01-26,106.3441390991211,109.11006907254189,-30.98252219825963,10.317460317460316,10.317460317460316,121.87999725341797
2022-01-27,103.90975189208984,109.72081368914198,-32.26602622419675,9.126984126984127,9.126984126984127,119.08999633789062
2022-01-28,108.2462387084961,103.23791055135263,-29.4196123018193,12.5,12.5,124.05999755859375
2022-01-31,111.61420440673828,106.03000264987568,-24.3348521983233,18.849206349206348,18.849206349206348,127.91999816894531
2022-02-01,116.36951446533203,112.37331885280418,-15.267814067584421,28.174603174603174,28.174603174603174,133.3699951171875
2022-02-02,118.6555404663086,116.10775057807115,-7.3745922721762645,35.317460317460316,35.317460317460316,135.99000549316406
2022-02-03,114.30158996582031,117.95749791248751,-8.873270508678171,34.12698412698413,34.12698412698413,131.0
2022-02-04,119.80726623535156,115.01707809658497,-2.8623636524582907,40.476190476190474,40.476190476190474,137.30999755859375
2022-02-07,120.55767059326172,120.4006213206005,1.430312487688564,44.24603174603175,44.24603174603175,138.1699981689453
2022-02-08,125.05117797851562,122.90474536838998,9.237293152858609,53.57142857142857,53.57142857142857,143.32000732421875
2022-02-09,127.31104278564453,126.97947663746919,16.00994134258923,59.92063492063492,59.92063492063492,145.91000366210938
2022-02-10,124.44912719726562,125.39146247487173,15.474474362952368,59.92063492063492,59.92063492063492,142.6300048828125
2022-02-11,118.00113677978516,122.91347890274331,6.502878111437455,49.007936507936506,49.007936507936506,135.24000549316406
2022-02-14,114.17073822021484,118.0273253836978,-1.9599412189518235,41.66666666666667,41.66666666666667,130.85000610351562
2022-02-15,118.78641510009766,118.46358276740862,0.2445575157389926,43.452380952380956,43.452380952380956,136.13999938964844
2022-02-16,119.56298065185547,117.11988998787865,2.429254408900753,45.63492063492063,45.63492063492063,137.02999877929688
2022-02-17,110.33159637451172,116.09902964440016,-8.261503919256178,34.523809523809526,34.523809523809526,126.44999694824219
2022-02-18,109.9913101196289,110.05238705355563,-14.313972520503135,29.761904761904763,29.761904761904763,126.05999755859375
2022-02-22,107.89723205566406,108.23751875629723,-19.075658278012135,25.595238095238095,25.595238095238095,123.66000366210938
2022-02-23,102.78418731689453,110.89872421651124,-27.342950893893452,14.484126984126986,14.484126984126986,117.80000305175781
2022-02-24,99.69544982910156,92.58431686008929,-31.370505335303413,10.317460317460316,10.317460317460316,114.26000213623047
2022-02-25,108.86573028564453,101.21363350887403,-25.194761385105753,16.865079365079367,16.865079365079367,124.7699966430664
2022-02-28,105.30580139160156,102.57477424870116,-25.258830266489856,16.666666666666664,16.666666666666664,120.69000244140625
2022-03-01,94.02397918701172,101.77205510000742,-33.50035187270273,7.936507936507936,7.936507936507936,107.76000213623047
2022-03-02,101.49285125732422,96.17041109717844,-31.84115677011442,9.523809523809524,9.523809523809524,116.31999969482422
2022-03-03,100.3847427368164,102.95870776826854,-31.748843102070513,9.722222222222223,9.722222222222223,115.05000305175781
2022-03-04,94.44277954101562,95.35894000564687,-35.817305829322855,5.952380952380952,5.952380952380952,108.23999786376953
2022-03-07,83.59724426269531,91.615811201904,-40.74314824980978,2.579365079365079,2.579365079365079,95.80999755859375
2022-03-08,82.47166442871094,85.5255243075947,-42.81200120651991,1.5873015873015872,1.5873015873015872,94.5199966430664
2022-03-09,91.22315216064453,89.87072595201049,-38.54802917911796,3.571428571428571,3.571428571428571,104.55000305175781
2022-03-10,89.1988754272461,87.25312774940481,-37.27632304508762,4.761904761904762,4.761904761904762,102.2300033569336
2022-03-11,87.47998809814453,91.50235783615854,-37.72291930481452,4.166666666666666,4.166666666666666,100.26000213623047
2022-03-14,89.61769104003906,90.69090749220969,-36.02714324177577,5.555555555555555,5.555555555555555,102.70999908447266
2022-03-15,93.19507598876953,91.61579629708996,-31.06562418255142,10.119047619047619,10.119047619047619,106.80999755859375
2022-03-16,101.51901245117188,96.85097146422804,-18.57278241473334,25.793650793650798,25.793650793650798,116.3499984741211
2022-03-17,104.80847930908203,98.72693408746301,-7.772638856707909,35.317460317460316,35.317460317460316,120.12000274658203
2022-03-18,106.14344024658203,104.3198462602765,0.983358957286022,44.84126984126984,44.84126984126984,121.6500015258789
2022-03-21,105.94275665283203,107.72272143478295,7.714181663463146,51.98412698412699,51.98412698412699,121.41999816894531
2022-03-22,111.07325744628906,109.06643242687977,18.432454243128728,63.888888888888886,63.888888888888886,127.30000305175781
2022-03-23,105.0091552734375,109.02279848200328,14.81015011585275,59.92063492063492,59.92063492063492,120.3499984741211
2022-03-24,107.08577728271484,107.00724599833747,15.913865436926535,61.111111111111114,61.111111111111114,122.7300033569336
2022-03-25,111.01216125488281,107.96702219675795,22.198662184017547,69.84126984126983,69.84126984126983,127.2300033569336
2022-03-28,110.18326568603516,110.40139853912183,24.036560966877616,72.61904761904762,72.61904761904762,126.27999877929688
2022-03-29,112.12026977539062,114.66805952205051,25.666540540576165,74.20634920634922,74.20634920634922,128.5
2022-03-30,109.08386993408203,112.00684871861766,21.896028594604505,68.84920634920636,68.84920634920636,125.0199966430664
2022-03-31,102.58350372314453,108.94425763996749,10.37557145377448,55.158730158730165,55.158730158730165,117.56999969482422
2022-04-01,101.71097564697266,104.17151370166626,3.094880670501033,45.03968253968254,45.03968253968254,116.56999969482422
2022-04-04,100.53307342529297,101.2398217603883,-2.721544575225247,39.08730158730159,39.08730158730159,115.22000122070312
2022-04-05,98.07254028320312,99.1370297604156,-8.600506597825202,32.34126984126984,32.34126984126984,112.4000015258789
2022-04-06,95.54219818115234,95.97846392627176,-17.207833546259575,23.41269841269841,23.41269841269841,109.5
2022-04-07,95.00993347167969,95.48982835320815,-22.176670779074225,17.46031746031746,17.46031746031746,108.88999938964844
2022-04-08,97.21744537353516,95.77776725610101,-22.036732476363944,17.658730158730158,17.658730158730158,111.41999816894531
2022-04-11,95.95227813720703,96.60667668048319,-24.72868265752852,14.484126984126986,14.484126984126986,109.97000122070312
2022-04-12,92.9071273803711,96.21401485129982,-30.98566073107775,6.944444444444445,6.944444444444445,106.4800033569336
2022-04-13,93.50045013427734,90.72580054674464,-33.36150236054504,4.563492063492063,4.563492063492063,107.16000366210938
2022-04-14,90.38550567626953,93.33466545348175,-38.47429890798501,1.3888888888888888,1.3888888888888888,103.58999633789062
2022-04-18,91.19698333740234,88.49213720010438,-38.52170779577774,1.3888888888888888,1.3888888888888888,104.5199966430664
2022-04-19,95.36769104003906,92.13059347219168,-32.346027711199554,5.555555555555555,5.555555555555555,109.30000305175781
2022-04-20,97.57518005371094,97.26979542014469,-24.722000011455027,15.674603174603174,15.674603174603174,111.83000183105469
2022-04-21,92.43598937988281,100.0880877174155,-29.085125639103055,10.515873015873016,10.515873015873016,105.94000244140625
2022-04-22,84.26036071777344,91.96481491446475,-36.851348338533356,2.7777777777777777,2.7777777777777777,96.56999969482422
2022-04-25,84.69662475585938,82.28843617037876,-37.013652191157114,2.579365079365079,2.579365079365079,97.06999969482422
2022-04-26,77.84725952148438,81.87835068887868,-41.46834006245376,0.1984126984126984,0.1984126984126984,89.22000122070312
2022-04-27,78.0217514038086,77.98684935112344,-43.21836487060236,0.0,0.0,89.41999816894531
2022-04-28,81.05816650390625,80.45611772172158,-41.30434798458365,0.5952380952380952,0.5952380952380952,92.9000015258789
2022-04-29,72.60332489013672,79.84533696544207,-43.369828665600394,0.0,0.0,83.20999908447266
2022-05-02,73.31005859375,73.54564571378718,-41.97818256133092,0.5952380952380952,0.5952380952380952,84.0199966430664
2022-05-03,76.34649658203125,74.53162969419999,-38.46026976300173,2.7777777777777777,2.7777777777777777,87.5
2022-05-04,83.16097259521484,76.66061578147846,-27.781008804817287,13.095238095238097,13.095238095238097,95.30999755859375
2022-05-05,75.94511413574219,80.23796591145417,-29.77392862504792,10.912698412698413,10.912698412698413,87.04000091552734
2022-05-06,74.13899993896484,74.77594418307386,-32.70031223527885,6.944444444444445,6.944444444444445,84.97000122070312
2022-05-09,68.37156677246094,70.90190937611675,-38.146930575823916,2.976190476190476,2.976190476190476,78.36000061035156
2022-05-10,66.90569305419922,70.42199274464451,-40.00807519224711,1.7857142857142856,1.7857142857142856,76.68000030517578
2022-05-11,64.63713073730469,66.94934038698759,-42.547386686362884,0.5952380952380952,0.5952380952380952,74.08000183105469
2022-05-12,63.9740104675293,63.520297008376644,-42.31622072381848,0.7936507936507936,0.7936507936507936,73.31999969482422
2022-05-13,67.14129638671875,66.35602336077257,-39.64541846632413,2.380952380952381,2.380952380952381,76.94999694824219
2022-05-16,65.57071685791016,66.45197517801607,-39.25502698670622,2.7777777777777777,2.7777777777777777,75.1500015258789
2022-05-17,70.91934967041016,69.26153871307977,-33.25716334710532,8.134920634920634,8.134920634920634,81.27999877929688
2022-05-18,65.00357818603516,68.84271702101695,-35.28302318878781,6.746031746031746,6.746031746031746,74.5
2022-05-19,63.82565689086914,62.63901395830594,-37.33540467876243,4.563492063492063,4.563492063492063,73.1500015258789
2022-05-20,63.76457977294922,65.38748828861509,-37.52124773394128,4.563492063492063,4.563492063492063,73.08000183105469
2022-05-23,69.3575210571289,66.86208065095586,-28.35916018944361,15.079365079365079,15.079365079365079,79.48999786376953
2022-05-24,68.66822052001953,68.1447029961279,-23.934564955695166,21.23015873015873,21.23015873015873,78.69999694824219
2022-05-25,70.55288696289062,68.03999901903596,-17.600299104042783,28.76984126984127,28.76984126984127,80.86000061035156
2022-05-26,75.67464447021484,72.56842843786418,-3.8194378726033076,39.48412698412698,39.48412698412698,86.7300033569336
2022-05-27,79.6446533203125,76.78275181766482,10.752536122519222,55.75396825396825,55.75396825396825,91.27999877929688
2022-05-31,78.68486785888672,77.6552807245776,16.499722297268292,61.70634920634921,61.70634920634921,90.18000030517578
2022-06-01,74.89808654785156,78.04792519751328,12.303782485587776,56.94444444444444,56.94444444444444,85.83999633789062
2022-06-02,78.4580078125,75.05513463170578,16.747801475247943,62.301587301587304,62.301587301587304,89.91999816894531
2022-06-03,75.0376968383789,76.12836103661115,14.732207802735356,59.523809523809526,59.523809523809526,86.0
2022-06-06,75.84913635253906,76.97470238260047,15.891279325998259,61.111111111111114,61.111111111111114,86.93000030517578
2022-06-07,77.42842864990234,74.10408640037069,19.50820688018606,66.66666666666666,66.66666666666666,88.73999786376953
2022-06-08,73.42352294921875,75.70955109093539,12.909816311011335,57.936507936507944,57.936507936507944,84.1500015258789
2022-06-09,68.05744934082031,72.91744898260087,-1.5233102794622695,42.26190476190476,42.26190476190476,78.0
2022-06-10,60.6845588684082,63.58136272294902,-20.784313048118207,25.992063492063494,25.992063492063494,69.55000305175781
2022-06-13,54.89095687866211,56.1910302863911,-32.00510777158534,10.119047619047619,10.119047619047619,62.90999984741211
2022-06-14,53.713035583496094,55.38829431754725,-37.575102096004564,4.563492063492063,4.563492063492063,61.560001373291016
2022-06-15,55.51044464111328,55.57152157053283,-38.52818796036058,3.373015873015873,3.373015873015873,63.619998931884766
2022-06-16,51.11288833618164,52.159923298661724,-41.10230194096198,1.5873015873015872,1.5873015873015872,58.58000183105469
2022-06-17,51.392093658447266,51.48806930323415,-41.97106038796421,1.1904761904761905,1.1904761904761905,58.900001525878906
2022-06-21,54.50703811645508,54.53321299359018,-38.79585418663671,3.571428571428571,3.571428571428571,62.470001220703125
2022-06-22,54.272735595703125,52.47180282247822,-37.46395564710546,5.753968253968254,5.753968253968254,62.08000183105469
2022-06-23,53.9580192565918,54.63992444649807,-37.1965927684225,6.547619047619048,6.547619047619048,61.720001220703125
2022-06-24,60.208831787109375,54.89345799718374,-27.554122464299812,17.658730158730158,17.658730158730158,68.87000274658203
2022-06-27,59.49195098876953,61.19671392294368,-23.098396404796333,23.809523809523807,23.809523809523807,68.05000305175781
2022-06-28,57.76969909667969,61.24042805519022,-23.65189033171746,22.817460317460316,22.817460317460316,66.08000183105469
2022-06-29,56.4758186340332,57.97076600926771,-25.50541738512051,19.642857142857142,19.642857142857142,64.5999984741211
2022-06-30,55.16445541381836,53.93177909690915,-27.75876747804228,17.063492063492063,17.063492063492063,63.099998474121094
2022-07-01,57.280113220214844,54.517522563878316,-25.454371820730014,19.642857142857142,19.642857142857142,65.5199966430664
2022-07-05,57.044071197509766,54.666141032128884,-24.73194929908088,20.833333333333336,20.833333333333336,65.25
2022-07-06,56.4758186340332,56.571985424537644,-25.283487924140026,19.642857142857142,19.642857142857142,64.5999984741211
2022-07-07,58.89746856689453,57.82215194081874,-20.20774939566975,28.373015873015873,28.373015873015873,67.37000274658203
2022-07-08,58.31171798706055,59.150992999443936,-18.151046470598224,30.555555555555557,30.555555555555557,66.69999694824219
2022-07-11,56.790550231933594,57.06156211880573,-19.063701061651912,29.96031746031746,29.96031746031746,64.95999908447266
2022-07-12,55.820133209228516,55.732710683315354,-17.781799174832255,30.555555555555557,30.555555555555557,63.849998474121094
2022-07-13,54.08040237426758,54.03669110960606,-20.37896913514175,27.579365079365083,27.579365079365083,61.86000061035156
2022-07-14,50.9418830871582,50.80200504602555,-28.96510539328501,15.674603174603174,15.674603174603174,58.27000045776367
2022-07-15,56.02995300292969,53.46843677511236,-18.30752740884217,30.158730158730158,30.158730158730158,64.08999633789062
2022-07-18,55.29560089111328,58.084424635645725,-14.24961161562005,34.32539682539682,34.32539682539682,63.25
2022-07-19,60.47983932495117,57.42000358191068,3.1726075194903216,46.42857142857143,46.42857142857143,69.18000030517578
2022-07-20,61.35407638549805,60.22630758577648,14.790358263347958,60.11904761904761,60.11904761904761,70.18000030517578
2022-07-21,62.40315246582031,60.803300804684284,23.76394181890821,73.4126984126984,73.4126984126984,71.37999725341797
2022-07-22,61.10054397583008,62.490587017370586,23.385538728170467,72.42063492063492,72.42063492063492,69.88999938964844
2022-07-25,62.237056732177734,62.06220498589051,26.415178809281226,76.78571428571429,76.78571428571429,71.19000244140625
2022-07-26,59.70175552368164,61.31035136577422,20.453786102666363,68.45238095238095,68.45238095238095,68.29000091552734
2022-07-27,62.61298370361328,60.49732079097351,25.60335833004035,75.1984126984127,75.1984126984127,71.62000274658203
2022-07-28,64.26529693603516,62.64795646785951,31.501416179787434,86.11111111111111,86.11111111111111,73.51000213623047
2022-07-29,66.91423034667969,64.53630003509988,35.03302755633778,90.87301587301587,90.87301587301587,76.54000091552734
2022-08-01,65.27940368652344,65.33186254531583,33.62129360393784,88.69047619047619,88.69047619047619,74.66999816894531
2022-08-02,63.04135513305664,64.13415354172852,26.848894908959142,76.98412698412699,76.98412698412699,72.11000061035156
2022-08-03,65.86515045166016,64.55379220265793,29.985782436779658,82.53968253968253,82.53968253968253,75.33999633789062
2022-08-04,65.1570053100586,65.66406532622449,29.893827436052494,82.34126984126983,82.34126984126983,74.52999877929688
2022-08-05,66.65194702148438,64.35270197278052,33.0743563939965,87.5,87.5,76.23999786376953
2022-08-08,66.38969421386719,67.75350455834709,33.03886322654851,87.3015873015873,87.3015873015873,75.94000244140625
2022-08-09,67.28142547607422,66.89675822265765,34.64936758738186,89.88095238095238,89.88095238095238,76.95999908447266
2022-08-10,72.0634994506836,70.41118876921475,38.26515445375792,95.43650793650794,95.43650793650794,82.43000030517578
2022-08-11,74.36274719238281,74.26658039467104,39.77716431201916,97.22222222222221,97.22222222222221,85.05999755859375
2022-08-12,77.9471206665039,75.48176128838718,42.052936537515166,99.20634920634922,99.20634920634922,89.16000366210938
2022-08-15,78.01705932617188,75.7964922390039,42.81584277750014,99.8015873015873,99.8015873015873,89.23999786376953
2022-08-16,79.51200103759766,77.19527399507997,42.759506894276264,99.60317460317461,99.60317460317461,90.94999694824219
2022-08-17,78.331787109375,76.871810063944,41.052740933590705,98.01587301587301,98.01587301587301,89.5999984741211
2022-08-18,78.61153411865234,78.17441481416263,40.42130171496994,97.22222222222221,97.22222222222221,89.91999816894531
2022-08-19,73.90814971923828,77.37013460276927,32.82262042738181,86.30952380952381,86.30952380952381,84.54000091552734
2022-08-22,68.99491119384766,70.58602523630385,16.917596583737797,62.89682539682539,62.89682539682539,78.91999816894531
2022-08-23,68.28678894042969,69.02989054007686,6.417611173858383,49.007936507936506,49.007936507936506,78.11000061035156
2022-08-24,69.32713317871094,67.9982865888775,3.0163028132706335,45.63492063492063,45.63492063492063,79.30000305175781
2022-08-25,72.43942260742188,69.87790282968743,8.762016913060638,52.77777777777778,52.77777777777778,82.86000061035156
2022-08-26,65.79519653320312,72.90275369397455,-6.715541784530988,38.492063492063494,38.492063492063494,75.26000213623047
2022-08-29,64.35270690917969,64.55377806149542,-17.874130448467433,30.753968253968257,30.753968253968257,73.61000061035156
2022-08-30,63.48720932006836,65.25316835137986,-25.172959296696163,20.238095238095237,20.238095238095237,72.62000274658203
2022-08-31,61.878604888916016,64.26527911867765,-31.618805379317283,12.103174603174603,12.103174603174603,70.77999877929688
2022-09-01,62.586753845214844,61.196717324683775,-30.350616151094577,14.087301587301587,14.087301587301587,71.58999633789062
2022-09-02,60.94317626953125,64.45761942257134,-32.40435157579415,10.515873015873016,10.515873015873016,69.70999908447266
2022-09-06,60.64594268798828,61.74747867794494,-33.816309596717765,9.325396825396826,9.325396825396826,69.37000274658203
2022-09-07,64.08171081542969,59.894105894625994,-26.173504164972037,19.444444444444446,19.444444444444446,73.30000305175781
2022-09-08,67.43876647949219,62.927698677590456,-14.839748709311577,34.72222222222222,34.72222222222222,77.13999938964844
2022-09-09,69.22221374511719,68.66270156557388,-4.533430203275929,41.86507936507937,41.86507936507937,79.18000030517578
2022-09-12,70.98818969726562,70.07898719166778,5.095509136379391,49.801587301587304,49.801587301587304,81.19999694824219
2022-09-13,63.04135513305664,66.71315511822931,-7.634226709383643,38.88888888888889,38.88888888888889,72.11000061035156
2022-09-14,62.56926727294922,63.53092856707518,-14.903515879444623,34.12698412698413,34.12698412698413,71.56999969482422
2022-09-15,63.12003707885742,62.464357995614805,-17.43862959422877,31.944444444444443,31.944444444444443,72.19999694824219
2022-09-16,61.31910705566406,61.20545841624798,-22.89216903812312,24.6031746031746,24.6031746031746,70.13999938964844
2022-09-19,63.242431640625,59.413268094755125,-19.9663358155113,29.365079365079367,29.365079365079367,72.33999633789062
2022-09-20,60.5440788269043,61.903334965207705,-24.602231018944106,22.42063492063492,22.42063492063492,69.04000091552734
2022-09-21,56.720619201660156,61.57010827813197,-32.43908918129919,10.714285714285714,10.714285714285714,64.68000030517578
2022-09-22,53.77408981323242,57.010008333825226,-37.825211005397676,4.9603174603174605,4.9603174603174605,61.31999969482422
2022-09-23,51.38880157470703,52.37097905603664,-39.0421138679493,3.571428571428571,3.571428571428571,58.599998474121094
2022-09-26,48.86320495605469,50.07338239961692,-41.62786223776639,1.3888888888888888,1.3888888888888888,55.720001220703125
2022-09-27,48.19673156738281,50.06461896600528,-42.65313647351327,0.5952380952380952,0.5952380952380952,54.959999084472656
2022-09-28,50.92402267456055,48.57381780068718,-39.39001490893702,3.373015873015873,3.373015873015873,58.06999969482422
2022-09-29,49.1525993347168,49.433220512255126,-39.50383334168399,3.373015873015873,3.373015873015873,56.04999923706055
2022-09-30,47.539039611816406,49.1438455702272,-41.34489727249856,1.984126984126984,1.984126984126984,54.209999084472656
2022-10-03,51.4414176940918,49.09998415490921,-35.512712940058556,9.126984126984127,9.126984126984127,58.65999984741211
2022-10-04,57.29062271118164,53.896854748048426,-20.666347644441647,28.373015873015873,28.373015873015873,65.33000183105469
2022-10-05,55.983978271484375,54.72118297643494,-14.402802894452481,34.92063492063492,34.92063492063492,63.84000015258789
2022-10-06,53.5636100769043,55.02810136814475,-15.48538969015891,33.730158730158735,33.730158730158735,61.08000183105469
2022-10-07,49.80154037475586,52.20435974505725,-23.294998925944423,24.404761904761905,24.404761904761905,56.790000915527344
2022-10-10,49.08244705200195,50.60832432833609,-28.436163645449287,17.063492063492063,17.063492063492063,55.970001220703125
2022-10-11,47.12688064575195,48.23182647117302,-33.52222729116292,10.515873015873016,10.515873015873016,53.7400016784668
2022-10-12,46.74101638793945,47.15318027299935,-36.46410388752993,8.134920634920634,8.134920634920634,53.29999923706055
2022-10-13,52.414825439453125,44.110183359931646,-22.29572432111692,26.190476190476193,26.190476190476193,59.77000045776367
2022-10-14,49.827850341796875,54.1599431538769,-19.149562188343666,31.547619047619047,31.547619047619047,56.81999969482422
2022-10-17,53.48469924926758,52.98483918304713,-8.928414320930926,39.285714285714285,39.285714285714285,60.9900016784668
2022-10-18,56.185672760009766,57.3081574312965,3.0116264558476473,48.41269841269841,48.41269841269841,64.06999969482422
2022-10-19,53.519771575927734,54.528256259002745,3.6898133961197788,49.60317460317461,49.60317460317461,61.029998779296875
2022-10-20,50.81002426147461,53.06376519935937,1.1322118350154216,47.22222222222222,47.22222222222222,57.939998626708984
2022-10-21,55.28242492675781,50.959100564421966,11.469767445080228,59.32539682539682,59.32539682539682,63.040000915527344
2022-10-24,57.53616714477539,56.2470612897138,21.745038043189343,69.84126984126983,69.84126984126983,65.61000061035156
2022-10-25,59.5706787109375,56.62415264103321,29.4520364202049,80.75396825396825,80.75396825396825,67.93000030517578
2022-10-26,60.06175994873047,59.87760291858809,31.78104256807761,84.92063492063492,84.92063492063492,68.48999786376953
2022-10-27,61.4736328125,61.62271134665146,34.05989230587819,88.4920634920635,88.4920634920635,70.0999984741211
2022-10-28,65.97235870361328,61.99104067159305,38.20606362787884,94.04761904761905,94.04761904761905,75.2300033569336
2022-10-31,64.65693664550781,64.76216540363227,38.58991356418293,94.64285714285714,94.64285714285714,73.7300033569336
2022-11-01,65.3935775756836,66.24421255401471,39.0571692875862,94.84126984126983,94.84126984126983,74.56999969482422
2022-11-02,62.850433349609375,64.85863139047747,34.726877418383424,88.29365079365078,88.29365079365078,71.66999816894531
2022-11-03,60.79839324951172,60.763314765041194,28.04028624591879,76.78571428571429,76.78571428571429,69.33000183105469
2022-11-04,64.26232147216797,63.33276490823815,30.762157095904513,82.14285714285714,82.14285714285714,73.27999877929688
2022-11-07,66.02495574951172,65.7004848413803,34.170746044237596,87.6984126984127,87.6984126984127,75.29000091552734
2022-11-08,67.1562271118164,66.39328508203867,37.236039900663684,92.06349206349206,92.06349206349206,76.58000183105469
2022-11-09,63.806297302246094,65.8758808118182,33.50804632764393,86.11111111111111,86.11111111111111,72.76000213623047
2022-11-10,73.54034423828125,69.6905700435415,38.417314526882336,94.04761904761905,94.04761904761905,83.86000061035156
2022-11-11,75.28547668457031,74.53130595597261,40.35584740391286,97.02380952380952,97.02380952380952,85.8499984741211
2022-11-14,71.8917236328125,74.10161500632417,37.690097116650755,92.85714285714286,92.85714285714286,81.9800033569336
2022-11-15,72.39156341552734,74.40852596329418,36.82694091197096,91.07142857142857,91.07142857142857,82.55000305175781
2022-11-16,71.47078704833984,72.26880763665676,35.07138829259733,88.29365079365078,88.29365079365078,81.5
2022-11-17,70.3132095336914,68.98026064309958,32.679772170253784,83.92857142857143,83.92857142857143,80.18000030517578
2022-11-18,71.85662841796875,72.9440346064135,33.05913080894679,84.92063492063492,84.92063492063492,81.94000244140625
2022-11-21,72.55818939208984,71.5058615205827,33.20785454131616,85.71428571428571,85.71428571428571,82.73999786376953
2022-11-22,74.7593002319336,73.73327976996298,36.41290752875924,90.87301587301587,90.87301587301587,85.25
2022-11-23,75.56608581542969,74.48745096948716,38.89418783985249,94.64285714285714,94.64285714285714,86.16999816894531
2022-11-25,76.46934509277344,75.97825967926552,40.974292525585234,97.81746031746032,97.81746031746032,87.19999694824219
2022-11-28,72.40910339355469,75.20655061965606,34.35825572950875,87.3015873015873,87.3015873015873,82.56999969482422
2022-11-29,73.71574401855469,72.11970981067843,33.30294272351455,85.71428571428571,85.71428571428571,84.05999755859375
2022-11-30,77.34628295898438,73.40004389596402,37.730927496518625,93.25396825396825,93.25396825396825,88.19999694824219
2022-12-01,75.99579620361328,77.96014439144966,36.30394456508186,90.47619047619048,90.47619047619048,86.66000366210938
2022-12-02,74.94345092773438,73.32110981672366,33.62604168429867,86.11111111111111,86.11111111111111,85.45999908447266
2022-12-05,69.29596710205078,73.38252081229194,18.034940908167396,63.69047619047619,63.69047619047619,79.0199966430664
2022-12-06,67.53331756591797,69.2521233954055,3.513417538871862,48.41269841269841,48.41269841269841,77.01000213623047
2022-12-07,66.51604461669922,66.61250876506047,-6.970147744171866,40.07936507936508,40.07936507936508,75.8499984741211
2022-12-08,66.84930419921875,67.08607563999388,-11.490652773811899,37.698412698412696,37.698412698412696,76.2300033569336
2022-12-09,66.26174926757812,66.00743523140919,-19.64036767279456,30.357142857142854,30.357142857142854,75.55999755859375
2022-12-12,68.72595977783203,66.31436882765459,-15.55401817117038,34.32539682539682,34.32539682539682,78.37000274658203
2022-12-13,69.38365173339844,73.75081903873968,-11.366017385393523,38.492063492063494,38.492063492063494,79.12000274658203
2022-12-14,66.67391967773438,69.04166781964129,-17.058560937601673,33.13492063492063,33.13492063492063,76.02999877929688
2022-12-15,62.789039611816406,63.72736719079299,-24.85926690547587,22.023809523809522,22.023809523809522,71.5999984741211
2022-12-16,61.15793991088867,60.84224022103821,-30.022214777015783,16.26984126984127,16.26984126984127,69.73999786376953
2022-12-19,60.78963088989258,61.28071636358015,-33.08738088746052,11.706349206349206,11.706349206349206,69.31999969482422
2022-12-20,61.31473922729492,61.10328058084398,-33.61009640849238,10.714285714285714,10.714285714285714,69.58999633789062
2022-12-21,64.44258880615234,63.085716416371156,-25.103424032329162,22.42063492063492,22.42063492063492,73.13999938964844
2022-12-22,62.54826736450195,63.08573013977908,-25.15489909517161,22.42063492063492,22.42063492063492,70.98999786376953
2022-12-23,63.552696228027344,62.41609509895269,-22.338181207904842,26.984126984126984,26.984126984126984,72.12999725341797
2022-12-27,63.57033157348633,63.940385936555664,-20.654181732257012,30.357142857142854,30.357142857142854,72.1500015258789
2022-12-28,62.77735900878906,63.67606350632646,-21.736790795186906,27.976190476190478,27.976190476190478,71.25
2022-12-29,65.4822769165039,63.75535006864937,-14.94295790533048,37.10317460317461,37.10317460317461,74.31999969482422
2022-12-30,64.8038330078125,64.04609903599172,-12.931946774856625,39.88095238095239,39.88095238095239,73.55000305175781
2023-01-03,65.57038879394531,66.08142005569192,-7.9233807012859385,42.46031746031746,42.46031746031746,74.41999816894531
2023-01-04,68.63656616210938,67.13871668350457,4.151517616202922,52.77777777777778,52.77777777777778,77.9000015258789
2023-01-05,66.9272689819336,67.69381596109778,5.3551185604602525,54.36507936507936,54.36507936507936,75.95999908447266
2023-01-06,71.42961120605469,68.28413580002348,18.2313583022092,68.25396825396825,68.25396825396825,81.06999969482422
2023-01-09,70.58377075195312,72.44286197942581,22.539788298686318,72.42063492063492,72.42063492063492,80.11000061035156
2023-01-10,71.87014770507812,70.31062924669143,27.9006119105772,78.37301587301587,78.37301587301587,81.56999969482422
2023-01-11,73.65876007080078,72.43405153719515,34.4558146317278,88.88888888888889,88.88888888888889,83.5999984741211
2023-01-12,74.20503997802734,74.46936165918424,36.61181810784772,91.86507936507937,91.86507936507937,84.22000122070312
2023-01-13,75.702880859375,70.97145500700803,39.4329116205187,96.03174603174604,96.03174603174604,85.91999816894531
2023-01-17,74.25789642333984,74.9803863769157,38.23649676458095,94.24603174603175,94.24603174603175,84.27999877929688
2023-01-18,70.02867889404297,73.07723393463709,26.92009762276274,77.38095238095238,77.38095238095238,79.4800033569336
2023-01-19,67.52639770507812,67.44710323022426,14.602376791904865,63.49206349206349,63.49206349206349,76.63999938964844
2023-01-20,70.6806869506836,68.25770158348546,15.560665395081449,65.27777777777779,65.27777777777779,80.22000122070312
2023-01-23,73.0860595703125,70.75999375046894,21.655738956613966,72.02380952380952,72.02380952380952,82.94999694824219
2023-01-24,73.341552734375,72.71598285653297,25.49122292791177,75.79365079365078,75.79365079365078,83.23999786376953
2023-01-25,74.89227294921875,71.26219800511814,30.821443599911376,83.73015873015873,83.73015873015873,85.0
2023-01-26,76.00244140625,75.80860150975445,35.13986959294797,90.27777777777779,90.27777777777779,86.26000213623047
2023-01-27,76.00244140625,75.72049429920628,36.035535464831916,90.87301587301587,90.87301587301587,86.26000213623047
2023-01-30,74.98921203613281,74.89229206157516,33.50814342505218,87.5,87.5,85.11000061035156
2023-01-31,77.83509063720703,75.26232256428315,37.63934799550551,93.45238095238095,93.45238095238095,88.33999633789062
2023-02-01,77.94963836669922,75.77335601943439,37.28206416271785,92.65873015873017,92.65873015873017,88.47000122070312
2023-02-02,78.43423461914062,79.47391586242253,37.740047878501095,93.84920634920636,93.84920634920636,89.0199966430664
2023-02-03,78.10823059082031,76.60157519881683,36.88839218485954,91.86507936507937,91.86507936507937,88.6500015258789
2023-02-06,77.72936248779297,76.65443712157875,35.399269162969304,89.48412698412699,89.48412698412699,88.22000122070312
2023-02-07,80.56646728515625,76.6896894032165,38.37923923475826,94.84126984126983,94.84126984126983,91.44000244140625
2023-02-08,79.17434692382812,79.12148394267501,36.91518714806708,91.66666666666666,91.66666666666666,89.86000061035156
2023-02-09,76.30200958251953,80.6105175139483,27.738567694152614,76.5873015873016,76.5873015873016,86.5999984741211
2023-02-10,77.17427062988281,75.42091248269217,24.848915848792068,72.61904761904762,72.61904761904762,87.58999633789062
2023-02-13,79.65894317626953,77.14784412687175,29.695478627032028,79.56349206349206,79.56349206349206,90.41000366210938
2023-02-14,78.47830200195312,79.56204035650103,29.024774509368044,78.17460317460318,78.17460317460318,89.06999969482422
2023-02-15,78.85717010498047,76.56634863071838,29.411151729995854,79.16666666666666,79.16666666666666,89.5
2023-02-16,76.26677703857422,76.54872419737642,21.55498620089076,69.44444444444444,69.44444444444444,86.55999755859375
2023-02-17,76.22272491455078,75.06849808973318,16.583677484698388,64.68253968253968,64.68253968253968,86.51000213623047
2023-02-21,71.61463165283203,74.42529667797882,-5.415520538236784,43.84920634920635,43.84920634920635,81.27999877929688
2023-02-22,71.13885498046875,71.80848197061766,-18.500650057274285,32.53968253968254,32.53968253968254,80.73999786376953
2023-02-23,71.56177520751953,72.08161249723662,-22.130299440657904,26.984126984126984,26.984126984126984,81.22000122070312
2023-02-24,71.54415130615234,69.67625405082308,-23.729426159501855,24.6031746031746,24.6031746031746,81.19999694824219
2023-02-27,71.5970230102539,73.27108711795367,-24.307208712115568,24.206349206349206,24.206349206349206,81.26000213623047
2023-02-28,71.82610321044922,71.74680872418719,-23.2939374291519,25.793650793650798,25.793650793650798,81.5199966430664
2023-03-01,71.04193878173828,70.94501881531451,-26.268309885068785,20.03968253968254,20.03968253968254,80.62999725341797
2023-03-02,70.04631805419922,69.88772234820934,-28.4078352227729,17.857142857142858,17.857142857142858,79.5
2023-03-03,73.2270278930664,70.58377097974811,-17.194465732048318,35.317460317460316,35.317460317460316,83.11000061035156
2023-03-06,73.4384765625,73.59707222458628,-10.268380016426457,41.46825396825397,41.46825396825397,83.3499984741211
2023-03-07,67.90525817871094,72.87457978502164,-24.29328077981897,24.801587301587304,24.801587301587304,77.06999969482422
2023-03-08,67.00655364990234,67.54401633213494,-31.265714918727888,14.682539682539684,14.682539682539684,76.05000305175781
2023-03-09,58.84770202636719,65.72016497187302,-37.73544136902285,5.952380952380952,5.952380952380952,66.79000091552734
2023-03-10,55.455528259277344,56.80359155669223,-40.34645242875704,3.1746031746031744,3.1746031746031744,62.939998626708984
2023-03-13,48.98835754394531,50.12495876366089,-42.64404379292866,0.7936507936507936,0.7936507936507936,55.599998474121094
2023-03-14,51.92237091064453,54.424653967581904,-41.825436487015224,1.7857142857142856,1.7857142857142856,58.93000030517578
2023-03-15,47.66672897338867,47.48170180653938,-42.654980803111954,0.5952380952380952,0.5952380952380952,54.099998474121094
2023-03-16,50.415714263916016,46.88255946515763,-40.90274114924994,3.1746031746031744,3.1746031746031744,57.220001220703125
2023-03-17,45.40234375,48.78571287590602,-43.123639628164604,0.3968253968253968,0.3968253968253968,51.529998779296875
2023-03-20,46.96186828613281,46.371542466013814,-43.034736674348096,0.5952380952380952,0.5952380952380952,53.29999923706055
2023-03-21,50.53787612915039,50.22853406136235,-38.83042787600551,5.753968253968254,5.753968253968254,57.18000030517578
2023-03-22,46.98484420776367,50.53787460214505,-39.727061084119406,4.761904761904762,4.761904761904762,53.15999984741211
2023-03-23,45.92423629760742,47.28534806029688,-41.17531322280187,3.373015873015873,3.373015873015873,51.959999084472656
2023-03-24,45.82701873779297,44.13888756378294,-40.94960929794302,3.7698412698412698,3.7698412698412698,51.849998474121094
2023-03-27,47.736106872558594,48.169189139137714,-38.3376735555157,7.738095238095238,7.738095238095238,54.0099983215332
2023-03-28,47.64772033691406,47.45327484131933,-36.99504755603229,10.515873015873016,10.515873015873016,53.90999984741211
2023-03-29,49.7424201965332,48.91161337904758,-32.74109301713714,14.880952380952381,14.880952380952381,56.279998779296875
2023-03-30,49.3712043762207,50.73231606811671,-30.861846203717665,18.650793650793652,18.650793650793652,55.86000061035156
2023-03-31,50.97096252441406,50.20202400592356,-26.761891591477475,23.41269841269841,23.41269841269841,57.66999816894531
2023-04-03,51.28913879394531,50.873737058696115,-23.689250290169326,29.166666666666668,29.166666666666668,58.029998779296875
2023-04-04,49.71590805053711,51.704544372558594,-24.410011383561454,27.77777777777778,27.77777777777778,56.25
2023-04-05,49.61868667602539,48.61111145085972,-23.984801990519568,28.968253968253972,28.968253968253972,56.13999938964844
2023-04-06,50.016414642333984,49.30934460440359,-22.218943641650196,32.142857142857146,32.142857142857146,56.59000015258789
2023-04-10,50.361106872558594,49.54797723968681,-17.254448215965727,39.682539682539684,39.682539682539684,56.97999954223633
2023-04-11,51.70454025268555,50.75883354684965,-3.5420394012172762,50.99206349206349,50.99206349206349,58.5
2023-04-12,51.41287612915039,52.402777526552725,2.5422128253180127,55.55555555555556,55.55555555555556,58.16999816894531
2023-04-13,52.63257598876953,51.41287805404722,12.971171480651469,66.26984126984127,66.26984126984127,59.54999923706055
2023-04-14,54.267677307128906,54.19696861911975,19.213493126682852,72.42063492063492,72.42063492063492,61.400001525878906
2023-04-17,56.11489486694336,54.02019567899353,26.569556944447765,79.96031746031747,79.96031746031747,63.4900016784668
2023-04-18,56.618682861328125,56.38004947247391,30.309856196859226,84.12698412698413,84.12698412698413,64.05999755859375
2023-04-19,57.02524185180664,56.220952537645225,32.67409720111872,86.5079365079365,86.5079365079365,64.5199966430664
2023-04-20,56.477272033691406,55.779038926528905,32.06663462095584,85.71428571428571,85.71428571428571,63.900001525878906
2023-04-21,55.76136016845703,56.03535126351154,29.525242546285526,82.73809523809523,82.73809523809523,63.09000015258789
2023-04-24,55.390140533447266,55.62877726133273,27.089346053452935,80.55555555555556,80.55555555555556,62.66999816894531
2023-04-25,52.46464538574219,54.3118676858469,13.433857724664373,66.26984126984127,66.26984126984127,59.36000061035156
2023-04-26,50.9267578125,52.11110117425932,-0.6289918403136999,52.976190476190474,52.976190476190474,57.619998931884766
2023-04-27,53.34848403930664,51.53661607255649,0.8850903273154097,54.36507936507936,54.36507936507936,60.36000061035156
2023-04-28,55.266414642333984,52.659094032739596,9.58829832688294,63.095238095238095,63.095238095238095,62.529998779296875
2023-05-01,54.824485778808594,55.814387050138414,11.999430454251016,65.47619047619048,65.47619047619048,62.029998779296875
2023-05-02,51.032833099365234,54.09975019891856,-2.740213003356518,51.78571428571429,51.78571428571429,57.7400016784668
2023-05-03,49.21211624145508,51.21842956371341,-18.214275629044295,38.69047619047619,38.69047619047619,55.68000030517578
2023-05-04,47.338382720947266,48.03661244739724,-26.499015890347046,23.61111111111111,23.61111111111111,53.560001373291016
2023-05-05,50.705806732177734,49.72474559449302,-18.307346722670946,38.88888888888889,38.88888888888889,57.369998931884766
2023-05-08,51.07701110839844,51.616152957463285,-12.231206478372718,46.42857142857143,46.42857142857143,57.790000915527344
2023-05-09,50.47600173950195,49.91918271183224,-11.637050573802062,46.62698412698413,46.62698412698413,57.11000061035156
2023-05-10,49.592166900634766,51.51009436807012,-14.507290750770474,44.047619047619044,44.047619047619044,56.11000061035156
2023-05-11,49.273983001708984,48.761355192482995,-17.516705119915198,40.07936507936508,40.07936507936508,55.75
2023-05-12,48.655296325683594,50.051762417427604,-21.623106194269504,33.730158730158735,33.730158730158735,55.04999923706055
2023-05-15,49.83964157104492,48.95580326442146,-18.276768900674018,39.285714285714285,39.285714285714285,56.38999938964844
2023-05-16,48.4078254699707,49.53030054742877,-22.391575168306616,31.944444444444443,31.944444444444443,54.77000045776367
2023-05-17,51.36867904663086,49.4242341882229,-12.247758465729412,47.42063492063492,47.42063492063492,58.119998931884766
2023-05-18,52.42045593261719,51.191917742894375,-2.119018221546266,54.761904761904766,54.761904761904766,59.310001373291016
2023-05-19,51.784088134765625,52.88888605249695,1.0970429198139702,57.341269841269835,57.341269841269835,58.59000015258789
2023-05-22,52.09341812133789,52.111095288510896,3.880745176185857,60.71428571428571,60.71428571428571,58.939998626708984
2023-05-23,50.15781784057617,51.42170673606472,-1.7804375888822475,55.158730158730165,55.158730158730165,56.75
2023-05-24,48.21337890625,49.19443996512331,-13.825768161296415,45.83333333333333,45.83333333333333,54.54999923706055
2023-05-25,48.17802429199219,47.95706471679733,-20.128882774108373,37.10317460317461,37.10317460317461,54.5099983215332
2023-05-26,49.18560028076172,48.47852697890654,-18.184999169177825,40.07936507936508,40.07936507936508,55.650001525878906
2023-05-30,49.22979736328125,49.52146226908086,-16.887042312901894,42.26190476190476,42.26190476190476,55.70000076293945
2023-05-31,47.55049133300781,48.48736097665885,-22.819627738118147,31.746031746031743,31.746031746031743,53.79999923706055
2023-06-01,49.12373733520508,48.222221809507936,-15.272555696270878,44.24603174603175,44.24603174603175,55.58000183105469
2023-06-02,52.23484420776367,50.49368498188867,4.355579320000098,62.301587301587304,62.301587301587304,59.099998474121094
2023-06-05,51.421714782714844,52.411612777390516,10.474788537546717,67.65873015873017,67.65873015873017,58.18000030517578
2023-06-06,53.419185638427734,51.34216698205037,21.8546680309515,77.38095238095238,77.38095238095238,60.439998626708984
2023-06-07,53.98484420776367,53.61363037387069,28.281875608374634,83.53174603174604,83.53174603174604,61.08000183105469
2023-06-08,53.83458709716797,53.69317311354264,30.69211037392723,85.9126984126984,85.9126984126984,60.90999984741211
2023-06-09,53.86111068725586,53.61363701505601,31.679582478069314,86.70634920634922,86.70634920634922,60.939998626708984
2023-06-12,53.74620819091797,53.99368183580268,31.275919683357568,86.30952380952381,86.30952380952381,60.810001373291016
2023-06-13,54.683074951171875,53.6931769942491,33.182717046253174,88.88888888888889,88.88888888888889,61.869998931884766
2023-06-14,54.08206558227539,55.107317898522176,29.81235633771211,83.92857142857143,83.92857142857143,61.189998626708984
2023-06-15,56.08837890625,53.54292697544166,34.52079601427907,90.87301587301587,90.87301587301587,63.459999084472656
2023-06-16,55.717166900634766,56.9191875207401,34.30772707305624,90.27777777777779,90.27777777777779,63.040000915527344
2023-06-20,54.54166030883789,54.87751980456995,28.49860300146394,82.34126984126983,82.34126984126983,61.709999084472656
2023-06-21,54.21220779418945,54.07828299631544,24.049719126084053,77.77777777777779,77.77777777777779,60.720001220703125
2023-06-22,52.93547058105469,53.86400721485578,16.209416241356294,71.23015873015873,71.23015873015873,59.290000915527344
2023-06-23,52.23906707763672,51.89086668692531,9.086506540374389,64.48412698412699,64.48412698412699,58.5099983215332
2023-06-26,51.935508728027344,52.10514726618478,4.0555211242035805,60.317460317460316,60.317460317460316,58.16999816894531
2023-06-27,52.99797058105469,52.149788101800056,5.855309644479146,62.10317460317461,62.10317460317461,59.36000061035156
2023-06-28,52.77476501464844,52.997970751705246,5.8543543318403115,61.904761904761905,61.904761904761905,59.11000061035156
2023-06-29,55.38180923461914,53.569379646452646,17.607704951674418,72.61904761904762,72.61904761904762,62.029998779296875
2023-06-30,56.765689849853516,56.43534287673011,27.589589552656935,81.15079365079364,81.15079365079364,63.58000183105469
2023-07-03,57.85493087768555,56.89960717140731,34.04147004471171,89.68253968253968,89.68253968253968,64.80000305175781
2023-07-05,57.38172149658203,56.60496997759428,35.164076672813685,92.06349206349206,92.06349206349206,64.2699966430664
2023-07-06,55.792510986328125,55.9889297311171,26.04014956994124,79.36507936507937,79.36507936507937,62.4900016784668
2023-07-07,56.00678253173828,55.15860005886721,22.152065142675674,75.39682539682539,75.39682539682539,62.72999954223633
2023-07-10,56.747825622558594,56.158562635733105,24.670234753738765,77.18253968253968,77.18253968253968,63.560001373291016
2023-07-11,58.75666809082031,57.301369334385065,32.802589585327944,86.90476190476191,86.90476190476191,65.80999755859375
2023-07-12,59.88163757324219,60.328049067544484,35.25255340416213,92.06349206349206,92.06349206349206,67.06999969482422
2023-07-13,60.47091293334961,60.31020449923218,37.969920176815975,95.83333333333334,95.83333333333334,67.7300033569336
2023-07-14,59.23880386352539,61.88155908935531,33.98031478916252,88.88888888888889,88.88888888888889,66.3499984741211
2023-07-17,60.92622756958008,58.96202008251992,36.56115052452893,93.25396825396825,93.25396825396825,68.23999786376953
2023-07-18,63.095802307128906,61.42622758961877,40.17117565669875,98.4126984126984,98.4126984126984,70.66999816894531
2023-07-19,63.84577178955078,63.24757522934108,41.23218715597949,99.40476190476191,99.40476190476191,71.51000213623047
2023-07-20,65.11358642578125,63.55114606148263,42.845554234219605,100.0,100.0,72.93000030517578
2023-07-21,64.43502044677734,65.62247641674487,41.71769818613318,99.20634920634922,99.20634920634922,72.16999816894531
2023-07-24,66.35459899902344,64.48860236985745,42.44263492548168,99.40476190476191,99.40476190476191,74.31999969482422
2023-07-25,64.91715240478516,65.85461917682102,39.99805788895843,97.42063492063492,97.42063492063492,72.70999908447266
2023-07-26,66.23854064941406,64.72073746011084,40.71479092696002,98.21428571428571,98.21428571428571,74.19000244140625
2023-07-27,63.56006622314453,66.31888579232844,33.77725824727886,87.10317460317461,87.10317460317461,71.19000244140625
2023-07-28,63.854698181152344,65.08679828485182,30.2567778064487,81.34920634920636,81.34920634920636,71.5199966430664
2023-07-31,64.63143920898438,64.25645528367777,30.64873353513801,81.74603174603175,81.74603174603175,72.38999938964844
2023-08-01,64.58680725097656,64.20289993170748,30.47193515113033,81.54761904761905,81.54761904761905,72.33999633789062
2023-08-02,62.845794677734375,63.0243565083124,22.433825466372006,72.22222222222221,72.22222222222221,70.38999938964844
2023-08-03,62.93509292602539,61.62264199355242,18.312803417397895,68.65079365079364,68.65079365079364,70.48999786376953
2023-08-04,62.21190643310547,62.92616755228143,12.924995140809525,63.095238095238095,63.095238095238095,69.68000030517578
2023-08-07,64.68502044677734,63.14937068406439,19.361603141055095,69.24603174603175,69.24603174603175,72.44999694824219
2023-08-08,62.988651275634766,61.94404342256306,13.981113712694636,63.49206349206349,63.49206349206349,70.55000305175781
2023-08-09,61.54228973388672,62.78331316039099,1.8386631725745795,51.98412698412699,51.98412698412699,68.93000030517578
2023-08-10,61.67621612548828,62.50654181017878,-3.9375692986055135,47.42063492063492,47.42063492063492,69.08000183105469
2023-08-11,62.015472412109375,60.94408775015702,-5.310816295498964,47.22222222222222,47.22222222222222,69.45999908447266
2023-08-14,61.613712310791016,61.461927235789865,-8.066707128415953,44.642857142857146,44.642857142857146,69.01000213623047
2023-08-15,58.319183349609375,59.97090411986092,-23.051486998525462,28.76984126984127,28.76984126984127,65.31999969482422
2023-08-16,57.9531364440918,57.74778418442535,-31.18110386273755,16.865079365079367,16.865079365079367,64.91000366210938
2023-08-17,56.988887786865234,58.40847293933645,-35.89449843658491,11.11111111111111,11.11111111111111,63.83000183105469
2023-08-18,56.7924690246582,55.82821859315033,-36.88316336443789,10.317460317460316,10.317460317460316,63.61000061035156
2023-08-21,56.6764030456543,57.16745500941031,-37.268900500757795,9.722222222222223,9.722222222222223,63.47999954223633
2023-08-22,55.11396408081055,56.756758557895054,-40.104317844492265,4.761904761904762,4.761904761904762,61.72999954223633
2023-08-23,56.587120056152344,55.30145281633273,-37.14961261844686,10.317460317460316,10.317460317460316,63.380001068115234
2023-08-24,56.14963150024414,56.36391049429942,-36.838836032108475,11.30952380952381,11.30952380952381,62.88999938964844
2023-08-25,56.694252014160156,56.71210888018933,-33.92121403802882,13.293650793650794,13.293650793650794,63.5
2023-08-28,57.69422149658203,57.36387455278255,-27.15521492494925,23.015873015873016,23.015873015873016,64.62000274658203
2023-08-29,59.21201705932617,57.604933043976864,-16.575193244312846,41.07142857142857,41.07142857142857,66.31999969482422
2023-08-30,59.4709358215332,59.37272475444712,-9.681700726138,46.03174603174603,46.03174603174603,66.61000061035156
2023-08-31,58.76560592651367,59.774493401449725,-9.399735792446966,46.230158730158735,46.230158730158735,65.81999969482422
2023-09-01,60.10484313964844,59.70307552066408,-3.1115042756625253,51.19047619047619,51.19047619047619,67.31999969482422
2023-09-05,58.37276077270508,59.90841730379518,-7.573626421812098,48.01587301587302,48.01587301587302,65.37999725341797
2023-09-06,58.104915618896484,57.872779759010946,-9.864342798286833,46.03174603174603,46.03174603174603,65.08000183105469
2023-09-07,57.79243087768555,57.506727814423954,-12.76320165123272,44.84126984126984,44.84126984126984,64.7300033569336
2023-09-08,58.042423248291016,57.747790033072086,-12.85482397199034,44.84126984126984,44.84126984126984,65.01000213623047
2023-09-11,58.667388916015625,58.7298862433246,-7.63975106948379,48.41269841269841,48.41269841269841,65.70999908447266
2023-09-12,60.14054870605469,58.64953615693895,4.391760396801573,58.730158730158735,58.730158730158735,67.36000061035156
2023-09-13,59.908409118652344,60.542312495607874,11.685104563008544,64.0873015873016,64.0873015873016,67.0999984741211
2023-09-14,61.50657272338867,61.042307784703134,22.725304851013302,74.0079365079365,74.0079365079365,68.88999938964844
2023-09-15,60.461971282958984,60.44411100940217,21.724336353213946,72.22222222222221,72.22222222222221,67.72000122070312
2023-09-18,61.078025817871094,60.4619757568484,24.515104573330913,75.1984126984127,75.1984126984127,68.41000366210938
2023-09-19,60.84757995605469,61.116581717249915,24.248323870206512,75.0,75.0,67.86000061035156
2023-09-20,59.56534957885742,61.385575175394884,16.306994624774983,67.85714285714286,67.85714285714286,66.43000030517578
2023-09-21,56.615325927734375,58.80318678962932,-5.503835692188073,48.80952380952381,48.80952380952381,63.13999938964844
2023-09-22,55.34206008911133,56.78568855248366,-23.427766736270858,29.166666666666668,29.166666666666668,61.720001220703125
2023-09-25,55.5751953125,54.741298104004414,-28.59028608906673,20.634920634920633,20.634920634920633,61.97999954223633
2023-09-26,53.351470947265625,54.319869036551474,-35.580199075853905,12.698412698412698,12.698412698412698,59.5
2023-09-27,53.07350540161133,53.80876911579115,-36.98687747647757,10.912698412698413,10.912698412698413,59.189998626708984
2023-09-28,54.0777702331543,53.1542046163537,-34.74875582454236,13.492063492063492,13.492063492063492,60.310001373291016
2023-09-29,52.696903228759766,55.06409382390482,-37.15310430957808,10.317460317460316,10.317460317460316,58.77000045776367
2023-10-02,51.289146423339844,52.14097732513689,-39.45261595356543,5.753968253968254,5.753968253968254,57.20000076293945
2023-10-03,48.72468566894531,50.48214498131527,-41.624007139621696,2.7777777777777777,2.7777777777777777,54.34000015258789
2023-10-04,49.82758331298828,48.93091994090572,-40.55467784609644,4.761904761904762,4.761904761904762,55.56999969482422
2023-10-05,50.50008010864258,49.52271691044675,-38.37197216001045,8.333333333333332,8.333333333333332,56.31999969482422
2023-10-06,51.78230667114258,49.908280197652694,-33.45988158204808,15.873015873015872,15.873015873015872,57.75
2023-10-09,51.78230667114258,50.365576985313304,-30.713997377161217,21.03174603174603,21.03174603174603,57.75
2023-10-10,52.956939697265625,52.436873302459254,-24.694689289985178,28.57142857142857,28.57142857142857,59.060001373291016
2023-10-11,53.17213821411133,53.494937581009374,-21.054762929953615,34.72222222222222,34.72222222222222,59.29999923706055
2023-10-12,52.13200378417969,53.58459737437536,-22.454654898904,32.93650793650794,32.93650793650794,58.13999938964844
2023-10-13,52.38307189941406,53.17213661470783,-21.963109184809863,34.523809523809526,34.523809523809526,58.41999816894531
2023-10-16,53.91637420654297,53.46804248154045,-15.690773064232182,42.857142857142854,42.857142857142854,60.130001068115234
2023-10-17,54.839927673339844,53.252833210820064,-8.422075082366346,48.61111111111111,48.61111111111111,61.15999984741211
2023-10-18,52.02440643310547,53.96119907479144,-15.023412972994713,43.84920634920635,43.84920634920635,58.02000045776367
2023-10-19,50.02484893798828,51.934739403878346,-23.983729321271646,30.158730158730158,30.158730158730158,55.790000915527344
2023-10-20,47.63972854614258,49.64825269499604,-33.21029883779874,16.666666666666664,16.666666666666664,53.130001068115234
2023-10-23,46.581661224365234,47.13759153775086,-38.56469926405781,7.341269841269842,7.341269841269842,51.95000076293945
2023-10-24,47.576961517333984,47.298994630306886,-38.22209773306883,8.928571428571429,8.928571428571429,53.060001373291016
2023-10-25,47.12862777709961,47.119659227954536,-39.3004963930048,6.547619047619048,6.547619047619048,52.560001373291016
2023-10-26,46.78788757324219,46.644421593390305,-40.54128500636768,4.9603174603174605,4.9603174603174605,52.18000030517578
2023-10-27,44.142730712890625,46.55475358717453,-42.0183871193616,1.984126984126984,1.984126984126984,49.22999954223633
2023-10-30,46.38439178466797,45.03939684376923,-37.002847732872915,12.698412698412698,12.698412698412698,51.72999954223633
2023-10-31,47.92665481567383,46.75202464299646,-28.491533736408897,24.00793650793651,24.00793650793651,53.45000076293945
2023-11-01,48.83229446411133,48.20462931619347,-20.007312462560655,39.285714285714285,39.285714285714285,54.459999084472656
2023-11-02,52.29340744018555,50.16831621202401,-3.3223760150179174,54.761904761904766,54.761904761904766,58.31999969482422
2023-11-03,54.42747116088867,53.835673430909964,12.797301399039512,66.86507936507937,66.86507936507937,60.70000076293945
2023-11-06,53.79084014892578,54.696468699421004,18.609958029712743,72.61904761904762,72.61904761904762,59.9900016784668
2023-11-07,53.52183151245117,53.36940039224597,20.532812277534315,73.80952380952381,73.80952380952381,59.689998626708984
2023-11-08,53.65633010864258,53.57563027768051,22.048905301817907,75.1984126984127,75.1984126984127,59.84000015258789
2023-11-09,53.010738372802734,54.275033609055576,20.440651356479524,73.21428571428571,73.21428571428571,59.119998931884766
2023-11-10,54.81303024291992,53.73703356434576,26.095752672067817,78.96825396825396,78.96825396825396,61.130001068115234
2023-11-13,54.481266021728516,54.21226768907354,27.91287967536978,80.55555555555556,80.55555555555556,60.7599983215332
2023-11-14,57.67338562011719,56.34632429048442,33.77197163596007,88.4920634920635,88.4920634920635,64.31999969482422
2023-11-15,58.73145294189453,57.924454510371014,37.889352124850774,95.03968253968253,95.03968253968253,65.5
2023-11-16,59.15287399291992,58.910771091435976,40.31015007547715,97.61904761904762,97.61904761904762,65.97000122070312
2023-11-17,60.1123161315918,59.88815027795713,41.99564938189261,99.0079365079365,99.0079365079365,67.04000091552734
2023-11-20,60.69514465332031,59.78951274982415,42.31815362551053,99.20634920634922,99.20634920634922,67.69000244140625
2023-11-21,60.623416900634766,60.47098575472026,42.33381846422462,99.20634920634922,99.20634920634922,67.61000061035156
2023-11-22,61.32280731201172,61.09864146956658,42.795228114172055,99.60317460317461,99.60317460317461,68.38999938964844
2023-11-24,61.76217269897461,61.2869421902284,43.106135268706645,100.0,100.0,68.87999725341797
2023-11-27,61.30487823486328,61.206244715008694,42.27659096974985,98.4126984126984,98.4126984126984,68.37000274658203
2023-11-28,61.152435302734375,61.10760624161545,41.457866242294614,97.61904761904762,97.61904761904762,68.19999694824219
2023-11-29,62.4795036315918,61.86977226892477,41.501285243377126,97.61904761904762,97.61904761904762,69.68000030517578
2023-11-30,64.38043212890625,62.739536534583486,42.965758630816914,99.8015873015873,99.8015873015873,71.80000305175781
2023-12-01,65.74337005615234,64.07557533520333,43.34651557238991,100.0,100.0,73.31999969482422
2023-12-04,65.68058776855469,64.59562597923623,42.815740727458454,99.0079365079365,99.0079365079365,73.25
2023-12-05,64.73013305664062,64.83772828643714,40.650940687786814,95.83333333333334,95.83333333333334,72.19000244140625
2023-12-06,63.77070999145508,65.68060076598603,36.82113072913742,90.47619047619048,90.47619047619048,71.12000274658203
2023-12-07,64.41629028320312,64.04866187556648,36.093857004990035,89.28571428571429,89.28571428571429,71.83999633789062
2023-12-08,65.43850708007812,64.48803909147257,37.86195418346596,92.26190476190477,92.26190476190477,72.9800033569336
2023-12-11,66.78348541259766,65.59989013345324,40.424402200731265,95.63492063492063,95.63492063492063,74.4800033569336
2023-12-12,68.15538787841797,66.99869125573267,42.33170546451799,98.01587301587301,98.01587301587301,76.01000213623047
2023-12-13,71.4371566772461,68.33470277513283,43.18407008494757,99.8015873015873,99.8015873015873,79.66999816894531
2023-12-14,73.43673706054688,73.17670384218155,42.87510370115727,99.20634920634922,99.20634920634922,81.9000015258789
2023-12-15,72.15450286865234,71.73306998791357,40.6763119998778,95.23809523809523,95.23809523809523,80.47000122070312
2023-12-18,72.8539047241211,73.16773556088671,40.39835628966981,94.44444444444444,94.44444444444444,81.25
2023-12-19,74.5306625366211,72.86286810414651,42.333829935894585,97.81746031746032,97.81746031746032,83.12000274658203
2023-12-20,70.61224365234375,73.69676797688007,34.65657976785849,85.71428571428571,85.71428571428571,78.75
2023-12-21,72.40802001953125,71.46191945438946,33.8441079544668,83.73015873015873,83.73015873015873,80.36000061035156
2023-12-22,72.8134994506836,72.903609518539,34.29654526318275,84.52380952380952,84.52380952380952,80.80999755859375
2023-12-26,73.6784896850586,72.98468765432916,36.29485109716599,87.89682539682539,87.89682539682539,81.7699966430664
2023-12-27,74.2641830444336,73.30907682668413,38.476230990188476,92.26190476190477,92.26190476190477,82.41999816894531
2023-12-28,74.9579849243164,74.09298198178202,39.58873209876833,93.05555555555556,93.05555555555556,83.19000244140625
2023-12-29,74.47142028808594,74.81381514162683,38.64869856970046,92.26190476190477,92.26190476190477,82.6500015258789
2024-01-02,75.12918853759766,73.27303658191698,39.45396732067958,92.85714285714286,92.85714285714286,83.37999725341797
2024-01-03,73.3090591430664,74.11098905215651,34.303512995810095,83.53174603174604,83.53174603174604,81.36000061035156
2024-01-04,74.02992248535156,73.55236246096881,32.852333551965685,79.76190476190477,79.76190476190477,82.16000366210938
2024-01-05,74.85887145996094,74.06594691789654,33.43378239661123,80.95238095238095,80.95238095238095,83.08000183105469
2024-01-08,76.37262725830078,75.01204647251676,36.93038181859318,88.69047619047619,88.69047619047619,84.76000213623047
2024-01-09,74.73273468017578,75.14721488901475,33.24443887464155,80.35714285714286,80.35714285714286,82.94000244140625
2024-01-10,75.21027374267578,74.57053222213783,32.653963512710696,78.17460317460318,78.17460317460318,83.47000122070312
2024-01-11,74.12000274658203,74.78677447367521,27.640751086201348,72.22222222222221,72.22222222222221,82.26000213623047
2024-01-12,73.71453094482422,75.12917212000083,22.238408489645366,67.65873015873017,67.65873015873017,81.80999755859375
2024-01-16,72.12870025634766,71.92145675156614,5.7068985217405235,55.952380952380956,55.952380952380956,80.05000305175781
2024-01-17,71.73223876953125,70.39868829389586,-5.093643475510352,48.80952380952381,48.80952380952381,79.61000061035156
2024-01-18,71.98452758789062,71.61510249146596,-8.158988163662864,46.230158730158735,46.230158730158735,79.88999938964844
2024-01-19,75.66079711914062,72.82250221727338,10.028268470703418,58.53174603174603,58.53174603174603,83.97000122070312
2024-01-22,76.57086181640625,76.39966094430707,19.892028027817656,66.07142857142857,66.07142857142857,84.9800033569336
2024-01-23,76.78711700439453,76.706019315263,25.782470065316797,71.42857142857143,71.42857142857143,85.22000122070312
2024-01-24,77.89539337158203,78.03956397471538,29.076844901979694,74.60317460317461,74.60317460317461,86.44999694824219
2024-01-25,79.16586303710938,78.70632787907414,34.70940037834629,84.92063492063492,84.92063492063492,87.86000061035156
2024-01-26,79.7335205078125,78.56216539230397,37.18898673168856,88.69047619047619,88.69047619047619,88.48999786376953
2024-01-29,80.49040985107422,79.18388952926068,39.85100910370411,93.25396825396825,93.25396825396825,89.33000183105469
2024-01-30,83.37374114990234,80.50841611155751,41.3812095466588,95.83333333333334,95.83333333333334,92.52999877929688
2024-01-31,80.19304656982422,82.89618297105424,32.16787430079944,77.57936507936508,77.57936507936508,89.0
2024-02-01,80.4994125366211,79.82362832039922,27.755504570251798,72.22222222222221,72.22222222222221,89.33999633789062
2024-02-02,81.54461669921875,80.09393291295768,27.61275909645765,71.62698412698413,71.62698412698413,90.5
2024-02-05,79.9677963256836,80.12998480729325,22.864537758392085,67.46031746031747,67.46031746031747,88.75
2024-02-06,80.68864440917969,79.80561660691693,21.988880869985117,65.87301587301587,65.87301587301587,89.55000305175781
2024-02-07,82.43665313720703,81.59868052418511,25.89111774810514,69.84126984126983,69.84126984126983,91.48999786376953
2024-02-08,81.26531982421875,81.26531982421875,24.39242929271965,68.25396825396825,68.25396825396825,90.19000244140625
2024-02-09,81.85098266601562,81.21124108632758,25.181768342449136,68.84920634920636,68.84920634920636,90.83999633789062
2024-02-12,82.95024871826172,81.88701472523823,28.299321222733838,73.01587301587301,73.01587301587301,92.05999755859375
2024-02-13,79.74252319335938,81.10310376251621,19.70022977177697,62.89682539682539,62.89682539682539,88.5
2024-02-14,81.88703155517578,80.87786476078169,21.288745405385583,63.69047619047619,63.69047619047619,90.87999725341797
2024-02-15,85.90567779541016,82.64389736638704,28.358721132303998,73.01587301587301,73.01587301587301,95.33999633789062
2024-02-16,85.18484497070312,85.43713661842273,29.91914844374694,74.8015873015873,74.8015873015873,94.54000091552734
2024-02-20,84.32884979248047,83.40978635549263,26.815397506195172,70.03968253968253,70.03968253968253,93.58999633789062
2024-02-21,84.94157409667969,83.92339494267304,26.932525108183714,70.43650793650794,70.43650793650794,94.2699966430664
2024-02-22,88.26642608642578,86.23006110707605,31.60497188639666,76.78571428571429,76.78571428571429,97.95999908447266
2024-02-23,89.04132080078125,88.83407729993905,33.43932637079544,80.35714285714286,80.35714285714286,98.81999969482422
2024-02-26,87.83393096923828,88.99627378153889,30.258255470408535,74.8015873015873,74.8015873015873,97.4800033569336
2024-02-27,88.57278442382812,88.29345561575579,30.12221046465564,74.40476190476191,74.40476190476191,98.30000305175781
2024-02-28,89.49185180664062,88.0231499027308,32.20826452043977,77.38095238095238,77.38095238095238,99.31999969482422
2024-02-29,89.23956298828125,90.37488244468364,32.505110313524696,77.38095238095238,77.38095238095238,99.04000091552734
2024-03-01,88.89716339111328,89.17648533105091,31.340405504994152,75.79365079365078,75.79365079365078,98.66000366210938
2024-03-04,89.42875671386719,88.43760814028734,32.03724438842489,76.5873015873016,76.5873015873016,99.25
2024-03-05,89.80720520019531,88.73496570754122,32.94180720170973,78.57142857142857,78.57142857142857,99.66999816894531
2024-03-06,90.89746856689453,90.38387290121197,35.24085551454198,85.31746031746032,85.31746031746032,100.87999725341797
2024-03-07,90.42894744873047,91.95171688907251,33.70037677016647,80.95238095238095,80.95238095238095,100.36000061035156
2024-03-08,90.90648651123047,90.90648651123047,34.061192906733886,82.14285714285714,82.14285714285714,100.88999938964844
2024-03-11,91.47415161132812,90.10456524436421,35.84707022941162,85.71428571428571,85.71428571428571,101.5199966430664
2024-03-12,92.61847686767578,91.91566240854866,38.2879521419417,90.67460317460318,90.67460317460318,102.79000091552734
2024-03-13,94.24037170410156,92.78969437090599,40.31907250714307,93.65079365079364,93.65079365079364,104.58999633789062
2024-03-14,92.18595886230469,94.33045145789275,33.63824539063722,79.96031746031747,79.96031746031747,102.30999755859375
2024-03-15,92.05982208251953,90.41090707814611,28.54028595355105,69.84126984126983,69.84126984126983,102.16999816894531
2024-03-18,93.23119354248047,92.82571887950871,29.315368769922845,70.23809523809523,70.23809523809523,103.47000122070312
2024-03-19,94.500732421875,93.46991455678837,33.73582565571516,80.15873015873017,80.15873015873017,104.51000213623047
2024-03-20,98.15380096435547,94.3560450751532,38.34790374105687,90.47619047619048,90.47619047619048,108.55000305175781
2024-03-21,100.4957504272461,98.86813967998005,40.33537685027785,93.65079365079364,93.65079365079364,111.13999938964844
2024-03-22,96.81553649902344,100.63137364643549,30.532236666008917,72.22222222222221,72.22222222222221,107.06999969482422
2024-03-25,95.9926986694336,96.81554128384049,22.132145143468282,60.11904761904761,60.11904761904761,106.16000366210938
2024-03-26,96.73417663574219,96.869805123511,19.532507481011,57.14285714285714,57.14285714285714,106.9800033569336
2024-03-27,100.15213775634766,98.06336966910325,27.128574798958173,66.26984126984127,66.26984126984127,110.76000213623047
2024-03-28,101.45421600341797,100.37819110159488,32.84920530993119,76.19047619047619,76.19047619047619,112.19999694824219
2024-04-01,99.64579010009766,101.75264018920578,29.299249967828324,69.04761904761905,69.04761904761905,110.19999694824219
2024-04-02,98.49739837646484,98.62398954158034,23.011105635392852,61.111111111111114,61.111111111111114,108.93000030517578
2024-04-03,98.1809310913086,98.43411344894541,18.466096413857493,55.952380952380956,55.952380952380956,108.58000183105469
2024-04-04,94.78103637695312,100.21544042921485,5.284878083608404,48.61111111111111,48.61111111111111,104.81999969482422
2024-04-05,97.19532012939453,95.37782954019718,4.6615727847111845,48.41269841269841,48.41269841269841,107.48999786376953
2024-04-08,98.52452850341797,97.53892483084572,8.221924062669471,49.801587301587304,49.801587301587304,108.95999908447266
2024-04-09,96.95116424560547,98.85003847300776,4.653114223311678,48.01587301587302,48.01587301587302,107.22000122070312
2024-04-10,92.41194915771484,93.78637735478522,-11.501996565989913,38.69047619047619,38.69047619047619,102.19999694824219
2024-04-11,90.7572250366211,92.49333842827689,-22.157497706152917,28.174603174603174,28.174603174603174,100.37000274658203
2024-04-12,87.00469207763672,88.38815779144969,-30.882601358232247,17.46031746031746,17.46031746031746,96.22000122070312
2024-04-15,85.4041976928711,89.89820489775582,-36.535962320124355,12.5,12.5,94.44999694824219
2024-04-16,83.79468536376953,85.8834537002409,-40.051398083121654,5.158730158730158,5.158730158730158,92.66999816894531
2024-04-17,84.28295135498047,84.79836018475297,-40.97228733576427,3.968253968253968,3.968253968253968,93.20999908447266
2024-04-18,85.12388610839844,85.22335157991033,-40.232973484096334,5.158730158730158,5.158730158730158,94.13999938964844
2024-04-19,88.55091857910156,86.25418199622811,-33.10352721457607,15.674603174603174,15.674603174603174,97.93000030517578
2024-04-22,91.86038208007812,89.96150749444735,-22.533287672344088,27.18253968253968,27.18253968253968,101.58999633789062
2024-04-23,93.64170837402344,92.89120550789488,-13.063821434527418,37.301587301587304,37.301587301587304,103.55999755859375
2024-04-24,93.3161849975586,92.74652470699299,-8.720248212880602,40.07936507936508,40.07936507936508,103.19999694824219
2024-04-25,91.71569061279297,91.69760911892277,-10.204043749863096,39.08730158730159,39.08730158730159,101.43000030517578
2024-04-26,90.9923095703125,90.9923095703125,-12.520868126919261,37.5,37.5,100.62999725341797
2024-04-29,90.72105407714844,91.32688422772324,-14.246436233036633,36.30952380952381,36.30952380952381,100.33000183105469
2024-04-30,88.08975982666016,90.07906262386908,-19.875723831613755,29.96031746031746,29.96031746031746,97.41999816894531
2024-05-01,87.98124694824219,87.79135329999934,-22.946143464618494,25.396825396825395,25.396825396825395,97.30000305175781
2024-05-02,88.52378845214844,89.74449302284478,-23.579156526272328,24.206349206349206,24.206349206349206,97.9000015258789
2024-05-03,89.36471557617188,90.12426260065685,-20.749908671125425,28.373015873015873,28.373015873015873,98.83000183105469
2024-05-06,92.4300537109375,90.91999678852063,-11.842099015297762,37.89682539682539,37.89682539682539,102.22000122070312
2024-05-07,93.37043762207031,93.2890536433827,-4.659690881818733,42.65873015873016,42.65873015873016,103.26000213623047
2024-05-08,94.40125274658203,93.16245989549627,8.559651356042695,49.801587301587304,49.801587301587304,104.4000015258789
2024-05-09,96.37246704101562,93.83158575266893,18.344058940945533,55.952380952380956,55.952380952380956,106.58000183105469
2024-05-10,97.60221099853516,97.3942358672951,23.933247800661718,61.70634920634921,61.70634920634921,107.94000244140625
2024-05-13,96.50811004638672,98.41602186498103,22.197790601384508,59.92063492063492,59.92063492063492,106.7300033569336
2024-05-14,97.66551208496094,97.13201483047163,24.028638318571044,61.70634920634921,61.70634920634921,108.01000213623047
2024-05-15,99.93512725830078,98.80484393521752,29.01147319229095,68.45238095238095,68.45238095238095,110.5199966430664
2024-05-16,99.75428009033203,100.07075802647458,29.52690237269751,69.84126984126983,69.84126984126983,110.31999969482422
2024-05-17,101.5627212524414,100.19733729171092,33.59374249585062,78.76984126984127,78.76984126984127,112.31999969482422
2024-05-20,97.93677520751953,101.08348663002732,23.655424625172277,60.51587301587301,60.51587301587301,108.30999755859375
2024-05-21,99.47396087646484,98.06336282152742,21.914167528317797,57.936507936507944,57.936507936507944,110.01000213623047
2024-05-22,98.0362319946289,98.90428857597415,16.60734434311929,52.976190476190474,52.976190476190474,108.41999816894531
2024-05-23,93.3975601196289,97.6655104910871,1.485992796723125,43.25396825396825,43.25396825396825,103.29000091552734
2024-05-24,95.26931762695312,94.30179541552162,-2.0352850994013503,41.86507936507937,41.86507936507937,105.36000061035156
2024-05-28,92.15878295898438,94.69062046062659,-11.347436188282023,35.91269841269841,35.91269841269841,101.91999816894531
2024-05-29,89.81681823730469,90.0700005488237,-21.1191790312077,24.6031746031746,24.6031746031746,99.33000183105469
2024-05-30,91.44442749023438,90.1513832623187,-22.63676641944351,22.42063492063492,22.42063492063492,101.12999725341797
2024-05-31,95.25123596191406,92.1678265444744,-14.414605257375849,32.73809523809524,32.73809523809524,105.33999633789062
2024-06-03,93.49702453613281,95.39589886846636,-15.639213235328105,31.150793650793652,31.150793650793652,103.4000015258789
2024-06-04,92.09548950195312,92.13165939838129,-21.135581075240115,24.801587301587304,24.801587301587304,101.8499984741211
2024-06-05,92.85501861572266,92.99064706756,-21.972569807290217,24.206349206349206,24.206349206349206,102.69000244140625
2024-06-06,92.81886291503906,93.02683117210832,-22.483066112075797,22.817460317460316,22.817460317460316,102.6500015258789
2024-06-07,93.73213195800781,92.36674787070469,-20.26758786051109,26.785714285714285,26.785714285714285,103.66000366210938
2024-06-10,92.64706420898438,92.58376861773962,-21.919855380108427,24.801587301587304,24.801587301587304,102.45999908447266
2024-06-11,89.22907257080078,91.58910432141559,-29.655477797507263,14.682539682539684,14.682539682539684,98.68000030517578
2024-06-12,89.31045532226562,92.07739331878436,-33.3095157318786,11.706349206349206,11.706349206349206,98.7699966430664
2024-06-13,88.90354919433594,89.23811548283163,-34.52504704424244,10.714285714285714,10.714285714285714,98.31999969482422
2024-06-14,88.13495635986328,86.99562906018926,-35.48485816685694,10.515873015873016,10.515873015873016,97.47000122070312
2024-06-17,90.28702545166016,87.52009423807203,-30.96823224145001,14.087301587301587,14.087301587301587,99.8499984741211
2024-06-18,91.86038208007812,90.08809867357594,-24.704217249332842,19.246031746031747,19.246031746031747,101.58999633789062
2024-06-20,93.28905487060547,91.41730612058252,-16.02601865598292,32.34126984126984,32.34126984126984,103.16999816894531
2024-06-21,92.39386749267578,93.03586750378133,-14.425097420600707,34.32539682539682,34.32539682539682,102.18000030517578
2024-06-24,94.94380187988281,92.92737333786208,-2.7243823035273387,43.25396825396825,43.25396825396825,105.0
2024-06-25,92.52326202392578,94.59927965875596,-3.529455075526962,42.46031746031746,42.46031746031746,102.05999755859375
2024-06-26,91.2722396850586,91.67112733079072,-8.074242977182685,39.285714285714285,39.285714285714285,100.68000030517578
2024-06-27,90.56511688232422,90.27501869091873,-12.657355673622828,35.51587301587302,35.51587301587302,99.9000015258789
2024-06-28,91.55326080322266,91.29035823847299,-11.70805188912195,36.30952380952381,36.30952380952381,100.98999786376953
2024-07-01,92.02466583251953,92.60486215530527,-9.41002258373562,38.095238095238095,38.095238095238095,101.51000213623047
2024-07-02,95.06163787841797,91.56232471709906,2.4444264302566387,45.03968253968254,45.03968253968254,104.86000061035156
2024-07-03,94.58116912841797,95.51492247871978,7.03505312162454,49.007936507936506,49.007936507936506,104.33000183105469
2024-07-05,93.91938018798828,94.63556163033459,6.853248810217394,48.80952380952381,48.80952380952381,103.5999984741211
2024-07-08,93.5658187866211,94.52676772917917,5.813817678097124,48.01587301587302,48.01587301587302,103.20999908447266
2024-07-09,95.31548309326172,93.96471395670508,10.49769006380061,50.39682539682539,50.39682539682539,105.13999938964844
2024-07-10,96.52120971679688,94.31827399425887,16.586645957348445,53.17460317460318,53.17460317460318,106.47000122070312
2024-07-11,99.01422882080078,96.57558649993416,23.47452916514603,60.317460317460316,60.317460317460316,109.22000122070312
2024-07-12,99.63068389892578,98.50655438586591,26.105364195142837,63.69047619047619,63.69047619047619,109.9000015258789
2024-07-15,103.72833251953125,100.63697429516337,32.90129216316953,76.19047619047619,76.19047619047619,114.41999816894531
2024-07-16,107.52680969238281,104.45357963292517,37.81502447351123,88.69047619047619,88.69047619047619,118.61000061035156
2024-07-17,110.11956024169922,106.89221718024999,40.57416816587137,94.44444444444444,94.44444444444444,121.47000122070312
2024-07-18,105.8949966430664,108.65093272279456,31.643314852057223,72.81746031746032,72.81746031746032,116.80999755859375
2024-07-19,102.84896087646484,105.61396442852707,19.940653827932323,54.761904761904766,54.761904761904766,113.44999694824219
2024-07-22,104.58049774169922,103.34757870557694,16.441100973080008,51.388888888888886,51.388888888888886,115.36000061035156
2024-07-23,104.85247039794922,104.9521853851065,15.115989748652506,50.595238095238095,50.595238095238095,115.66000366210938
2024-07-24,100.90894317626953,103.34758579110743,6.047168807843035,46.42857142857143,46.42857142857143,111.30999755859375
2024-07-25,101.83362579345703,101.19903126794482,3.1512340136516075,43.25396825396825,43.25396825396825,112.33000183105469
2024-07-26,106.4026870727539,103.25693053029441,9.835320239496198,48.41269841269841,48.41269841269841,117.37000274658203
2024-07-29,105.6502456665039,107.00101483685873,11.161933159961064,49.2063492063492,49.2063492063492,116.54000091552734
2024-07-30,109.24927520751953,107.6084009945556,18.766992086133186,54.36507936507936,54.36507936507936,120.51000213623047
2024-07-31,108.61468505859375,110.78135759249429,20.885136557237917,56.15079365079365,56.15079365079365,119.80999755859375
2024-08-01,104.01841735839844,109.58468048358219,11.486042853414405,49.60317460317461,49.60317460317461,114.73999786376953
2024-08-02,96.25830078125,100.06584050965704,-8.742274715666625,35.91269841269841,35.91269841269841,106.18000030517578
2024-08-05,88.2533950805664,89.84893864816779,-24.64818655935375,17.063492063492063,17.063492063492063,97.3499984741211
2024-08-06,91.8071060180664,89.07837200045938,-27.92563715961579,14.880952380952381,14.880952380952381,101.2699966430664
2024-08-07,92.14253234863281,95.18856704747084,-29.096090761132213,14.087301587301587,14.087301587301587,101.63999938964844
2024-08-08,96.50306701660156,93.92844639866375,-23.41579375012026,19.642857142857142,19.642857142857142,106.44999694824219
2024-08-09,97.7359848022461,96.5574639255154,-18.360661491499933,26.785714285714285,26.785714285714285,107.80999755859375
2024-08-12,96.31269073486328,98.60628067170099,-17.842785965630338,27.976190476190478,27.976190476190478,106.23999786376953
2024-08-13,98.56095886230469,97.89010806953176,-13.75360596596292,32.73809523809524,32.73809523809524,108.72000122070312
2024-08-14,102.25970458984375,99.26806161033518,-5.756919201219844,39.682539682539684,39.682539682539684,112.80000305175781
2024-08-15,105.2785415649414,105.60490288515737,3.10218002122823,45.03968253968254,45.03968253968254,116.12999725341797
2024-08-16,107.10979461669922,104.60769340522742,11.048166933302749,51.19047619047619,51.19047619047619,118.1500015258789
2024-08-19,108.88665008544922,107.43615909299591,17.71338793963636,55.55555555555556,55.55555555555556,120.11000061035156
2024-08-20,107.74437713623047,108.68719793810875,19.159830988196607,57.14285714285714,57.14285714285714,118.8499984741211
2024-08-21,107.34550476074219,108.56028880617536,19.043513002580752,57.14285714285714,57.14285714285714,118.41000366210938
2024-08-22,108.98637390136719,107.5540109952311,21.568754296499193,59.72222222222222,59.72222222222222,120.22000122070312
2024-08-23,111.6788558959961,109.9382596899504,26.199855122864058,66.46825396825396,66.46825396825396,123.19000244140625
2024-08-26,112.86643981933594,113.00242486506622,28.661021580164203,70.23809523809523,70.23809523809523,124.5
2024-08-27,114.4166488647461,113.14746667507359,32.34359357997369,76.5873015873016,76.5873015873016,126.20999908447266
2024-08-28,115.43199920654297,113.66420745580399,33.793943029927235,81.54761904761905,81.54761904761905,127.33000183105469
2024-08-29,118.3148422241211,116.73744065553237,36.534847161203956,86.90476190476191,86.90476190476191,130.50999450683594
2024-08-30,121.53312683105469,119.36645441394283,39.23721624948033,92.65873015873017,92.65873015873017,134.05999755859375
2024-09-03,118.93132019042969,119.946660501544,36.08514762498571,85.71428571428571,85.71428571428571,131.19000244140625
2024-09-04,119.01290130615234,119.32112762380989,34.327208500611675,82.73809523809523,82.73809523809523,131.27999877929688
2024-09-05,115.3594741821289,120.41806810877554,25.241932706130072,63.69047619047619,63.69047619047619,127.25
2024-09-06,110.1376953125,114.86086019713102,11.214824216768871,50.0,50.0,121.48999786376953
2024-09-09,114.68861389160156,113.02054416589134,9.915968087944758,48.80952380952381,48.80952380952381,126.51000213623047
2024-09-10,111.34342193603516,116.2841657949256,3.5889808985520175,44.047619047619044,44.047619047619044,122.81999969482422
2024-09-11,109.6662826538086,109.87478704507043,-2.67014612173587,40.87301587301587,40.87301587301587,120.97000122070312
2024-09-12,110.42778778076172,110.52750967797145,-6.371059804575424,37.89682539682539,37.89682539682539,121.80999755859375
2024-09-13,111.53379821777344,111.53379821777344,-8.566661166039168,36.11111111111111,36.11111111111111,123.02999877929688
2024-09-16,115.53170776367188,112.79389981980107,-2.1152504772831775,41.269841269841265,41.269841269841265,127.44000244140625
2024-09-17,117.42642974853516,116.28417190992735,4.855711657243432,45.83333333333333,45.83333333333333,129.52999877929688
2024-09-18,116.26602935791016,117.78903971084159,6.103504001607621,47.22222222222222,47.22222222222222,128.25
2024-09-19,120.2186279296875,119.9829278864237,14.3338563132124,51.78571428571429,51.78571428571429,132.61000061035156
2024-09-20,119.00384521484375,119.21234963374607,15.615906792405479,52.38095238095239,52.38095238095239,131.27000427246094
2024-09-23,119.42992401123047,119.74721092672623,17.07471618484691,53.57142857142857,53.57142857142857,131.74000549316406
2024-09-24,116.20027160644531,118.20858073563693,10.699009153661981,48.80952380952381,48.80952380952381,127.87000274658203
2024-09-25,113.97386169433594,116.10031116352108,2.567809602242664,42.06349206349206,42.06349206349206,125.41999816894531
2024-09-26,115.83676147460938,115.1370297699783,1.8532642623326385,41.46825396825397,41.46825396825397,127.47000122070312
2024-09-27,116.70913696289062,116.25477519858914,3.4456008779755374,42.65873015873016,42.65873015873016,128.42999267578125
2024-09-30,117.94503021240234,116.05486154265297,6.642482800940211,46.42857142857143,46.42857142857143,129.7899932861328
2024-10-01,116.04576873779297,117.39069627135062,3.784235330405763,43.05555555555556,43.05555555555556,127.69999694824219
2024-10-02,116.27295684814453,115.80950572895371,3.586427580234669,42.46031746031746,42.46031746031746,127.94999694824219
2024-10-03,114.57362365722656,115.27334846939966,0.12704656592923047,39.48412698412698,39.48412698412698,126.08000183105469
2024-10-04,120.36227416992188,117.75420208898217,11.28822310503458,49.404761904761905,49.404761904761905,132.4499969482422
2024-10-07,116.0094223022461,120.05330104580875,6.911237396504112,46.42857142857143,46.42857142857143,127.66000366210938
2024-10-08,118.00865173339844,117.39070302594818,8.902289671482977,47.023809523809526,47.023809523809526,129.86000061035156
2024-10-09,120.82573699951172,117.52701563120193,15.074014694961688,51.587301587301596,51.587301587301596,132.9600067138672
2024-10-10,119.77159881591797,121.30736732671643,14.983734709517968,51.388888888888886,51.388888888888886,131.8000030517578
2024-10-11,126.4053955078125,121.77082857524601,21.773614387823738,58.730158730158735,58.730158730158735,139.10000610351562
2024-10-14,128.76809692382812,127.38681208475805,27.366991901322518,66.26984126984127,66.26984126984127,141.6999969482422
2024-10-15,129.90403747558594,131.76695233354872,27.391357479553697,66.26984126984127,66.26984126984127,142.9499969482422
2024-10-16,134.3568572998047,131.1580971225571,33.96578680090486,80.95238095238095,80.95238095238095,147.85000610351562
2024-10-17,135.6745147705078,136.31062826248592,36.59386834588754,86.90476190476191,86.90476190476191,149.3000030517578
2024-10-18,135.78355407714844,135.66541376626645,38.05654904738454,90.27777777777779,90.27777777777779,149.4199981689453
2024-10-21,132.121337890625,134.98385532440972,30.334303583340127,71.62698412698413,71.62698412698413,145.38999938964844
2024-10-22,131.53973388671875,130.61281788973895,24.267872607621378,61.30952380952381,61.30952380952381,144.75
2024-10-23,131.06719970703125,130.86727635693867,20.110773370865186,55.35714285714286,55.35714285714286,144.22999572753906
2024-10-24,131.35800170898438,131.3125620630516,18.421373662355958,52.976190476190474,52.976190476190474,144.5500030517578
2024-10-25,127.10511779785156,132.96648613982805,7.753250783401794,44.24603174603175,44.24603174603175,139.8699951171875
2024-10-28,131.41250610351562,128.84077779062733,9.842334695290862,45.63492063492063,45.63492063492063,144.61000061035156
2024-10-29,129.11341857910156,130.53104678271458,5.910919243479569,43.05555555555556,43.05555555555556,142.0800018310547
2024-10-30,130.86729431152344,129.5859848580716,7.069249833437745,44.44444444444444,44.44444444444444,144.00999450683594
2024-10-31,125.6874771118164,130.53104948526556,-2.637301102253557,36.11111111111111,36.11111111111111,138.30999755859375
2024-11-01,126.13275909423828,126.52350953655909,-7.835826220477404,32.53968253968254,32.53968253968254,138.8000030517578
2024-11-04,123.59738159179688,126.30542930814637,-15.075971506063754,25.198412698412696,25.198412698412696,136.00999450683594
2024-11-05,127.21416473388672,123.47925313887882,-13.10337265785926,26.984126984126984,26.984126984126984,139.99000549316406
2024-11-06,150.5050811767578,146.00683389693657,13.300051797969658,50.0,50.0,165.6199951171875
2024-11-07,143.2806396484375,148.76032565218304,14.738646725426252,50.99206349206349,50.99206349206349,157.6699981689453
2024-11-08,146.58843994140625,145.5433973911666,19.31683032441928,56.15079365079365,56.15079365079365,161.30999755859375
2024-11-11,152.76785278320312,150.79589418698833,26.505591220062648,65.87301587301587,65.87301587301587,168.11000061035156
2024-11-12,151.3865966796875,152.53161495445983,28.00593252219897,69.04761904761905,69.04761904761905,166.58999633789062
2024-11-13,151.5592498779297,152.41346540704407,28.990119656448233,70.43650793650794,70.43650793650794,166.77999877929688
2024-11-14,150.1870574951172,152.7406077703257,26.935689307854922,66.86507936507937,66.86507936507937,165.27000427246094
2024-11-15,152.3589324951172,149.7508464424952,28.53699990204958,70.23809523809523,70.23809523809523,167.66000366210938
2024-11-18,153.51300048828125,152.91324434979836,30.860367692545076,75.1984126984127,75.1984126984127,168.92999267578125
2024-11-19,150.45968627929688,149.45098702088418,26.444361594326605,65.87301587301587,65.87301587301587,165.57000732421875
2024-11-20,149.0874786376953,152.5770274644264,21.49541586531054,58.333333333333336,58.333333333333336,164.05999755859375
2024-11-21,154.67620849609375,151.41383049052268,25.616027902705884,64.88095238095238,64.88095238095238,170.2100067138672
2024-11-22,159.5924835205078,154.330899226052,31.506660068310154,76.38888888888889,76.38888888888889,175.6199951171875
2024-11-25,162.6458282470703,162.32777845280114,34.94988419272114,85.31746031746032,85.31746031746032,178.97999572753906
2024-11-26,163.70904541015625,162.80940421267704,37.5314372716096,89.68253968253968,89.68253968253968,180.14999389648438
2024-11-27,164.61776733398438,164.2179345429361,38.05491488444929,91.26984126984127,91.26984126984127,181.14999389648438
2024-11-29,165.39024353027344,166.66247062631984,38.905285138463746,92.85714285714286,92.85714285714286,182.0
2024-12-02,160.53758239746094,166.01726883367033,31.579593783957616,76.5873015873016,76.5873015873016,176.66000366210938
2024-12-03,156.8480987548828,162.20964448260418,21.42534256209033,58.333333333333336,58.333333333333336,172.60000610351562
2024-12-04,155.01243591308594,156.75721015345468,13.347906596663222,50.198412698412696,50.198412698412696,170.5800018310547
2024-12-05,156.0938720703125,155.46684086499081,5.254215145888492,42.65873015873016,42.65873015873016,171.77000427246094
2024-12-06,156.0483856201172,156.1392649055518,0.7353287468517324,38.095238095238095,38.095238095238095,171.72000122070312
2024-12-09,149.5600128173828,156.0574801093089,-13.65131936437913,26.984126984126984,26.984126984126984,164.5800018310547
2024-12-10,149.36917114257812,149.8508008847565,-23.714930938132696,15.277777777777779,15.277777777777779,164.3699951171875
2024-12-11,150.2960968017578,150.75046555850372,-27.06919273975042,12.3015873015873,12.3015873015873,165.38999938964844
2024-12-12,148.31504821777344,150.64141391669693,-32.21615896064116,9.523809523809524,9.523809523809524,163.2100067138672
2024-12-13,146.83380126953125,149.55093128192664,-37.03540920478336,5.753968253968254,5.753968253968254,161.5800018310547
2024-12-16,146.88833618164062,147.969736078512,-39.005191159558365,3.968253968253968,3.968253968253968,161.63999938964844
2024-12-17,143.49874877929688,144.94363814513582,-40.739179926664654,2.1825396825396823,2.1825396825396823,157.91000366210938
2024-12-18,130.9127197265625,144.28933660035344,-43.089316133040754,0.1984126984126984,0.1984126984126984,144.05999755859375
2024-12-19,131.97592163085938,134.40224869459036,-43.6569198000235,0.0,0.0,145.22999572753906
2024-12-20,137.46473693847656,130.8036888456266,-40.340030746518266,3.373015873015873,3.373015873015873,151.27000427246094
2024-12-23,138.51199340820312,135.55486280838124,-37.43839104704812,6.15079365079365,6.15079365079365,152.22999572753906
2024-12-24,143.23431396484375,139.54017743982607,-31.261884585963763,10.912698412698413,10.912698412698413,157.4199981689453
2024-12-26,144.2988739013672,141.85127738172397,-26.67955955750348,13.88888888888889,13.88888888888889,158.58999633789062
2024-12-27,140.87770080566406,142.07874353033162,-27.999091207128927,13.095238095238097,13.095238095238097,154.8300018310547
2024-12-30,136.92881774902344,136.81052806694933,-32.11887008609497,10.714285714285714,10.714285714285714,150.49000549316406
2024-12-31,137.37466430664062,137.96609888094724,-33.34713994461799,9.722222222222223,9.722222222222223,150.97999572753906
2025-01-02,136.19178771972656,139.28540976528035,-34.95120057523458,8.928571428571429,8.928571428571429,149.67999267578125
2025-01-03,139.4127960205078,138.51200348181794,-31.041583443495714,11.904761904761903,11.904761904761903,153.22000122070312
2025-01-06,137.7386016845703,140.95959329163335,-30.770890311223376,12.698412698412698,12.698412698412698,151.3800048828125
2025-01-07,137.10166931152344,139.89502708566837,-31.227875434484297,11.706349206349206,11.706349206349206,150.67999267578125
2025-01-08,138.14804077148438,137.07436770101253,-29.866340458529805,13.293650793650794,13.293650793650794,151.8300018310547
2025-01-10,128.15750122070312,134.59948452534599,-36.4667400839999,8.333333333333332,8.333333333333332,140.85000610351562
2025-01-13,130.63238525390625,126.21943106099124,-36.53320560516976,8.333333333333332,8.333333333333332,143.57000732421875
2025-01-14,135.56398010253906,132.3338805970086,-30.46613677737381,13.690476190476192,13.690476190476192,148.99000549316406
2025-01-15,146.19143676757812,144.31707312619776,-9.470591114120179,32.53968253968254,32.53968253968254,160.6699981689453
2025-01-16,148.58445739746094,145.8547980964069,6.703737680951806,45.83333333333333,45.83333333333333,163.3000030517578
2025-01-17,152.32408142089844,149.90378033049984,16.73630159592934,54.96031746031746,54.96031746031746,167.41000366210938
2025-01-21,156.09100341796875,153.91637563445303,24.178360469170496,64.48412698412699,64.48412698412699,171.5500030517578
2025-01-22,153.87091064453125,155.7998656328008,24.198808488095704,64.68253968253968,64.68253968253968,169.11000061035156
2025-01-23,156.5823211669922,154.40769358850088,27.412429074685047,70.03968253968253,70.03968253968253,172.08999633789062
2025-01-24,157.43763732910156,154.86265723858796,29.617574654422,74.60317460317461,74.60317460317461,173.02999877929688
2025-01-27,162.88784790039062,156.4367435376944,34.371904875393746,85.51587301587301,85.51587301587301,179.02000427246094
2025-01-28,161.94158935546875,162.05987903887146,34.540652835992695,85.71428571428571,85.71428571428571,177.97999572753906
2025-01-29,161.65042114257812,160.59494958656293,33.351780828940676,81.34920634920636,81.34920634920636,177.66000366210938
2025-01-30,166.0906524658203,165.5902260675393,35.94122682594777,87.5,87.5,182.5399932861328
2025-01-31,163.33370971679688,166.5729171029925,32.64079797246675,79.36507936507937,79.36507936507937,179.50999450683594
2025-02-03,161.18634033203125,155.9363067733891,27.33907514046534,68.84920634920636,68.84920634920636,177.14999389648438
2025-02-04,159.6941375732422,161.24095537144606,22.057622970766484,61.30952380952381,61.30952380952381,175.50999450683594
2025-02-05,164.82589721679688,161.8687667503134,25.82098903938423,66.46825396825396,66.46825396825396,181.14999389648438
2025-02-06,168.88400268554688,167.97411635329001,32.215038149770564,79.56349206349206,79.56349206349206,185.61000061035156
2025-02-07,165.72669982910156,169.8120945534353,29.347759887320603,74.0079365079365,74.0079365079365,182.13999938964844
2025-02-10,161.95977783203125,166.70029204484766,22.441231032744405,62.5,62.5,178.0
2025-02-11,163.2517852783203,161.01347293349036,20.29002260336726,58.53174603174603,58.53174603174603,179.4199981689453
2025-02-12,160.940673828125,159.90340412624306,15.24030856679185,53.17460317460318,53.17460317460318,176.8800048828125
2025-02-13,164.4437713623047,162.64220011007808,15.444933722591218,53.37301587301587,53.37301587301587,180.72999572753906
2025-02-14,164.9897003173828,165.0715867601573,15.964078515649616,53.769841269841265,53.769841269841265,181.3300018310547
2025-02-18,168.8476104736328,165.84498285142502,22.59915602076599,63.49206349206349,63.49206349206349,185.57000732421875
2025-02-19,168.8567352294922,167.37361581897287,25.756850757047197,67.26190476190477,67.26190476190477,185.5800018310547
2025-02-20,160.8314971923828,168.25617272337024,9.159683769614189,47.817460317460316,47.817460317460316,176.75999450683594
2025-02-21,154.88995361328125,161.60491949857789,-12.697644636637834,29.96031746031746,29.96031746031746,170.22999572753906
2025-02-24,157.07369995117188,156.97361188782196,-19.5390666293708,24.206349206349206,24.206349206349206,172.6300048828125
2025-02-25,156.6460418701172,159.6122664585903,-21.554411813817236,22.61904761904762,22.61904761904762,172.16000366210938
2025-02-26,155.66334533691406,156.95538217923655,-24.52736180333443,17.261904761904763,17.261904761904763,171.0800018310547
2025-02-27,158.18374633789062,157.2829538598591,-21.014901665900478,23.61111111111111,23.61111111111111,173.85000610351562
2025-02-28,167.93772888183594,160.4493542875356,-0.3422000905642354,39.682539682539684,39.682539682539684,184.57000732421875
2025-03-03,163.57936096191406,169.12967304919934,0.0002698629431703524,39.682539682539684,39.682539682539684,179.77999877929688
2025-03-04,146.2642364501953,158.4840039416719,-20.116883991797966,23.809523809523807,23.809523809523807,160.75
2025-03-05,148.8665008544922,146.2733192979763,-26.651136202906457,16.26984126984127,16.26984126984127,163.61000061035156
2025-03-06,141.2325439453125,143.30708347153276,-33.868113693959,10.119047619047619,10.119047619047619,155.22000122070312
2025-03-07,138.8031768798828,139.24901234242483,-35.470761484751996,9.325396825396826,9.325396825396826,152.5500030517578
2025-03-10,129.43133544921875,131.89713360775778,-38.58189363880233,5.158730158730158,5.158730158730158,142.25
2025-03-11,126.03746032714844,128.84900579954018,-41.23211909466388,1.7857142857142856,1.7857142857142856,138.52000427246094
2025-03-12,126.72896575927734,130.09554237237904,-41.96098142142027,1.3888888888888888,1.3888888888888888,139.27999877929688
2025-03-13,124.57254028320312,127.2385005554273,-43.39718224970561,0.1984126984126984,0.1984126984126984,136.91000366210938
2025-03-14,133.1163787841797,127.893626019226,-39.373807728000365,5.158730158730158,5.158730158730158,146.3000030517578
2025-03-17,137.78408813476562,131.56046861522162,-33.68009622033503,11.11111111111111,11.11111111111111,151.42999267578125
2025-03-18,137.1380615234375,138.02065232761223,-31.023214136684253,13.492063492063492,13.492063492063492,150.72000122070312
2025-03-19,141.43275451660156,137.88418896843638,-25.694945290127098,17.261904761904763,17.261904761904763,155.44000244140625
2025-03-20,142.34263610839844,139.03065004045152,-21.654965938915254,22.22222222222222,22.22222222222222,156.44000244140625
2025-03-21,140.04971313476562,139.96782669080318,-21.746891037232892,22.023809523809522,22.023809523809522,153.9199981689453
2025-03-24,147.7473602294922,144.6719397098368,-13.575523325425747,29.365079365079367,29.365079365079367,162.3800048828125
2025-03-25,150.1708221435547,149.52297738257133,-7.016543567267017,35.317460317460316,35.317460317460316,164.5800018310547
2025-03-26,148.9025115966797,151.3478675285041,-4.847716123741756,36.30952380952381,36.30952380952381,163.19000244140625
2025-03-27,147.81668090820312,147.65244683461194,-4.76250697552806,36.30952380952381,36.30952380952381,162.0
2025-03-28,139.00244140625,146.63964703067344,-14.357477111904696,27.77777777777778,27.77777777777778,152.33999633789062
2025-03-31,144.2855224609375,135.316149753735,-13.340008125894476,28.76984126984127,28.76984126984127,158.1300048828125
2025-04-01,143.64678955078125,142.50622869648288,-9.721546504532544,31.944444444444443,31.944444444444443,157.42999267578125
2025-04-02,147.44259643554688,140.41674354660537,-0.1859701648203181,39.48412698412698,39.48412698412698,161.58999633789062
2025-04-03,125.2609634399414,130.38892096592033,-20.57037160786887,22.023809523809522,22.023809523809522,137.27999877929688
2025-04-04,98.04261016845703,112.8242833061261,-32.98211534307619,9.920634920634921,9.920634920634921,107.44999694824219
2025-04-07,97.38565826416016,87.74107524386405,-35.46635957223382,7.738095238095238,7.738095238095238,106.7300033569336
2025-04-08,96.08995819091797,108.2437730560884,-37.168266689330316,4.9603174603174605,4.9603174603174605,105.30999755859375
2025-04-09,117.57814025878906,91.75583921592815,-28.4862142730494,13.88888888888889,13.88888888888889,128.86000061035156
2025-04-10,107.55033111572266,112.1855652357146,-28.35613531104198,14.087301587301587,14.087301587301587,117.87000274658203
2025-04-11,112.48666381835938,105.36956881878133,-25.92026892169312,15.674603174603174,15.674603174603174,123.27999877929688
2025-04-14,116.1729736328125,117.77888536903683,-22.247474954783772,19.444444444444446,19.444444444444446,127.31999969482422
2025-04-15,116.966796875,118.22598049104072,-19.684357742836333,23.41269841269841,23.41269841269841,128.19000244140625
2025-04-16,111.39173889160156,116.12734290763389,-21.791794980910232,20.436507936507937,20.436507936507937,122.08000183105469
2025-04-17,112.32243347167969,111.29136894776823,-22.02171115603215,19.841269841269842,19.841269841269842,123.0999984741211
2025-04-21,105.03197479248047,110.40629730261038,-25.98677900658427,15.674603174603174,15.674603174603174,115.11000061035156
2025-04-22,115.18753051757812,109.58509563924216,-21.680657584078595,21.23015873015873,21.23015873015873,126.23999786376953
2025-04-23,119.3117904663086,121.62028463055165,-16.303775259634726,26.38888888888889,26.38888888888889,130.75999450683594
2025-04-24,123.38131713867188,118.22598743536932,-10.237131097162104,32.53968253968254,32.53968253968254,135.22000122070312
2025-04-25,121.67504119873047,121.50167371595721,-7.3082756338548105,36.11111111111111,36.11111111111111,133.35000610351562
2025-04-28,122.80647277832031,122.92509557003271,-4.583270168642218,38.095238095238095,38.095238095238095,134.58999633789062
2025-04-29,126.20991516113281,122.60573153521447,-0.3120159411720776,41.07142857142857,41.07142857142857,138.32000732421875
2025-04-30,126.62963104248047,122.2590078413406,2.4437601312257127,43.05555555555556,43.05555555555556,138.77999877929688
2025-05-01,126.7391128540039,125.91791463206982,4.106678089052506,45.03968253968254,45.03968253968254,138.89999389648438
2025-05-02,134.732177734375,132.3050608625814,15.731049332103552,55.75396825396825,55.75396825396825,147.66000366210938
2025-05-05,131.91270446777344,131.2466069467173,19.177944925236762,59.32539682539682,59.32539682539682,144.57000732421875
2025-05-06,129.77760314941406,128.65529490080928,18.762349758105128,58.53174603174603,58.53174603174603,142.22999572753906
2025-05-07,131.92184448242188,130.60791602949874,20.369302991723377,60.912698412698404,60.912698412698404,144.5800018310547
2025-05-08,135.0059051513672,135.0697693154519,22.475193524478808,64.88095238095238,64.88095238095238,147.9600067138672
2025-05-09,135.051513671875,136.10083792645443,23.248502686838602,65.67460317460318,65.67460317460318,148.00999450683594
2025-05-12,143.31832885742188,146.28378723309487,28.00593244993986,73.21428571428571,73.21428571428571,157.07000732421875
2025-05-13,144.98809814453125,144.4771290815684,31.893972096467348,79.96031746031747,79.96031746031747,158.89999389648438
2025-05-14,143.7927703857422,145.15232380112937,32.34813795970945,80.95238095238095,80.95238095238095,157.58999633789062
2025-05-15,146.8403778076172,143.25446072840927,35.26952147159578,88.4920634920635,88.4920634920635,160.92999267578125
2025-05-16,149.44998168945312,146.0556849882996,37.697659946757305,90.87301587301587,90.87301587301587,163.7899932861328
2025-05-19,149.23098754882812,145.80930492659664,38.27378366193395,92.06349206349206,92.06349206349206,163.5500030517578
2025-05-20,146.6852569580078,146.97724724281386,34.97139035135236,87.3015873015873,87.3015873015873,160.75999450683594
2025-05-21,137.92575073242188,143.68329988103272,20.911615628143355,59.72222222222222,59.72222222222222,151.16000366210938
2025-05-22,137.09544372558594,136.8673315064086,11.397137790291977,50.0,50.0,150.25
2025-05-23,135.58987426757812,132.03131619701142,4.403887647421198,42.857142857142854,42.857142857142854,148.60000610351562
2025-05-27,142.67047119140625,138.9111872160868,10.241328951708397,48.41269841269841,48.41269841269841,156.36000061035156
2025-05-28,139.85101318359375,142.48798931379486,9.194092435405986,47.42063492063492,47.42063492063492,153.27000427246094
2025-05-29,141.7215118408203,141.29265991947037,11.2947485289183,49.801587301587304,49.801587301587304,155.32000732421875
2025-05-30,142.36026000976562,140.4349925614591,11.422531667703396,50.0,50.0,156.02000427246094
2025-06-02,143.0263214111328,139.91486827052677,11.256861995468757,49.2063492063492,49.2063492063492,156.75
2025-06-03,143.83840942382812,141.64853815997503,12.652777257266756,50.39682539682539,50.39682539682539,157.63999938964844
2025-06-04,141.29269409179688,144.21252729865137,7.983962431274478,45.43650793650794,45.43650793650794,154.85000610351562
2025-06-05,139.8875274658203,141.7215585190657,1.1320536357616517,38.095238095238095,38.095238095238095,153.30999755859375
2025-06-06,145.2344512939453,143.7745417941503,8.268263825773964,45.63492063492063,45.63492063492063,159.1699981689453
2025-06-09,142.5792236328125,145.5994404145074,5.362966330394757,42.26190476190476,42.26190476190476,156.25999450683594
2025-06-10,143.2453155517578,142.71609367518656,5.3954458847387095,42.46031746031746,42.46031746031746,156.99000549316406
2025-06-11,142.68873596191406,143.23619684277867,3.826343319202224,40.476190476190474,40.476190476190474,156.3800048828125
2025-06-12,142.44236755371094,140.15212632187013,2.3292798848280527,38.69047619047619,38.69047619047619,156.11000061035156
2025-06-13,133.75584411621094,136.9950396047523,-16.64588628344389,24.00793650793651,24.00793650793651,146.58999633789062
2025-06-16,138.45497131347656,136.56619581381898,-17.237782342184314,24.00793650793651,24.00793650793651,151.74000549316406
2025-06-17,135.49862670898438,136.00047625914556,-23.170155041055846,17.857142857142858,17.857142857142858,148.5
2025-06-18,135.52598571777344,135.58073040461048,-25.50073984161172,16.071428571428573,16.071428571428573,148.52999877929688
2025-06-20,136.5205535888672,136.72129339250836,-23.932755244794272,17.261904761904763,17.261904761904763,149.6199951171875
2025-06-23,141.60292053222656,136.75782000714756,-10.1075454330616,30.555555555555557,30.555555555555557,155.19000244140625
2025-06-24,147.79537963867188,145.5435673565505,8.371869600135694,47.61904761904761,47.61904761904761,161.4600067138672
2025-06-25,146.184326171875,148.02422553819753,13.75137831488234,53.17460317460318,53.17460317460318,159.6999969482422
2025-06-26,149.42474365234375,146.8342493867777,22.821113789421414,65.67460317460318,65.67460317460318,163.24000549316406
2025-06-27,150.5872344970703,149.6627175393159,25.719521071411616,69.04761904761905,69.04761904761905,164.50999450683594
2025-06-30,154.33111572265625,153.04959159968186,31.85996920504878,79.36507936507937,79.36507936507937,168.60000610351562
2025-07-01,156.93077087402344,153.58966761762287,35.7436988523702,88.09523809523809,88.09523809523809,171.44000244140625
2025-07-02,156.52798461914062,157.65388375552567,36.968942253390566,90.07936507936508,90.07936507936508,171.0
2025-07-03,161.690673828125,157.39759379174131,39.44548536640905,93.25396825396825,93.25396825396825,176.63999938964844
2025-07-07,156.93077087402344,160.76616695271082,33.630808269719545,82.73809523809523,82.73809523809523,171.44000244140625
2025-07-08,152.59190368652344,156.02453505604967,22.9031727815223,64.88095238095238,64.88095238095238,166.6999969482422
2025-07-09,154.20297241210938,154.86202483403358,19.609514385759805,58.730158730158735,58.730158730158735,168.4600067138672
2025-07-10,156.83006286621094,153.8642643501936,21.856936194198134,62.10317460317461,62.10317460317461,171.3300018310547
2025-07-11,151.89622497558594,153.82765273678388,13.81114740292671,52.57936507936508,52.57936507936508,165.94000244140625
2025-07-14,155.10916137695312,151.7680725453752,14.658345160911884,53.17460317460318,53.17460317460318,169.4499969482422
2025-07-15,147.35598754882812,153.36996408726623,2.2416185889831772,39.88095238095239,39.88095238095239,160.97999572753906
2025-07-16,150.56895446777344,149.54373235292064,0.033813356520602106,38.69047619047619,38.69047619047619,164.49000549316406
2025-07-17,154.42263793945312,148.95788776944823,5.559427423939367,44.44444444444444,44.44444444444444,168.6999969482422
2025-07-18,154.58741760253906,155.1549415326734,8.694461134815032,48.01587301587302,48.01587301587302,168.8800048828125
2025-07-21,153.39744567871094,154.8895007135315,7.802649401599228,47.023809523809526,47.023809523809526,167.5800018310547
2025-07-22,155.7865447998047,154.54164326050753,11.594981884806522,52.182539682539684,52.182539682539684,170.19000244140625
2025-07-23,158.9903564453125,156.60124410994786,17.19381760916264,57.53968253968254,57.53968253968254,173.69000244140625
2025-07-24,158.98117065429688,159.4297061806409,19.921061046340753,61.111111111111114,61.111111111111114,173.67999267578125
2025-07-25,162.3955078125,159.69517388224693,27.792729289942407,74.40476190476191,74.40476190476191,177.41000366210938
2025-07-28,158.75233459472656,162.12089756314177,23.18540880165394,67.46031746031747,67.46031746031747,173.42999267578125
2025-07-29,156.19847106933594,159.73179382965114,14.346318670504326,54.36507936507936,54.36507936507936,170.63999938964844
2025-07-30,155.49362182617188,156.38153026979597,7.854272051242905,47.22222222222222,47.22222222222222,169.8699951171875
2025-07-31,152.28982543945312,153.3058848501002,-2.6648341434311087,37.301587301587304,37.301587301587304,166.3699951171875
2025-08-01,143.93252563476562,147.0356238095722,-19.616393976596214,24.00793650793651,24.00793650793651,157.24000549316406
2025-08-04,148.12490844726562,145.63510549610237,-21.28691667390532,21.825396825396826,21.825396825396826,161.82000732421875
2025-08-05,146.2484130859375,148.89382720155984,-24.878172925983293,16.26984126984127,16.26984126984127,159.77000427246094
2025-08-06,148.42697143554688,147.18206992865046,-23.33294570610929,18.452380952380953,18.452380952380953,162.14999389648438
2025-08-07,143.61215209960938,150.52318652398134,-29.72322091462446,13.095238095238097,13.095238095238097,156.88999938964844
2025-08-08,147.28277587890625,145.8548033524323,-27.259225524650855,14.880952380952381,14.880952380952381,160.89999389648438
2025-08-11,147.21871948242188,148.0517081806424,-26.09116063408681,15.873015873015872,15.873015873015872,160.8300018310547
2025-08-12,152.17083740234375,148.9029657342259,-16.576430734342388,26.38888888888889,26.38888888888889,166.24000549316406
2025-08-13,155.03594970703125,153.96497029800182,-5.596165501026862,36.30952380952381,36.30952380952381,169.3699951171875
2025-08-14,157.30606079101562,154.19379993635332,4.601618651838089,44.84126984126984,44.84126984126984,171.85000610351562
2025-08-15,152.1067657470703,158.05666036252762,-1.1858737719919674,39.682539682539684,39.682539682539684,166.1699981689453
2025-08-18,152.40884399414062,151.42939306711693,-3.719870812384073,37.698412698412696,37.698412698412696,166.5
2025-08-19,153.0679168701172,152.27155076975276,-3.5366381486383056,37.698412698412696,37.698412698412696,167.22000122070312
2025-08-20,155.46617126464844,153.5622032484563,1.8696081543636844,41.66666666666667,41.66666666666667,169.83999633789062
2025-08-21,153.80935668945312,153.95581899092184,0.9501584225804725,40.87301587301587,40.87301587301587,168.02999877929688
2025-08-22,161.3977813720703,156.28086081812975,15.735413085177433,57.936507936507944,57.936507936507944,176.32000732421875
2025-08-25,158.64248657226562,160.72037663853902,17.506485052677682,59.523809523809526,59.523809523809526,173.30999755859375
2025-08-26,162.20327758789062,157.4159047696773,25.161902055610952,71.03174603174604,71.03174603174604,177.1999969482422
2025-08-27,163.04542541503906,161.04992887917527,28.354994609483636,76.78571428571429,76.78571428571429,178.1199951171875
2025-08-28,163.64041137695312,164.1621640974283,30.90059869240202,80.35714285714286,80.35714285714286,178.77000427246094
2025-08-29,164.77545166015625,163.85093465489715,32.298634331942374,82.53968253968253,82.53968253968253,180.00999450683594
2025-09-02,161.03160095214844,161.97442924987072,25.27586010595836,70.83333333333334,70.83333333333334,175.9199981689453
2025-09-03,160.29931640625,160.44577870852146,20.146348728505494,62.10317460317461,62.10317460317461,175.1199951171875
2025-09-04,165.25144958496094,161.77304700934275,26.843175329161667,73.21428571428571,73.21428571428571,180.52999877929688
2025-09-05,156.0611572265625,165.5992938923477,11.068282121444074,50.79365079365079,50.79365079365079,170.49000549316406
2025-09-08,156.1893310546875,156.38155061723384,1.8270590409984637,39.285714285714285,39.285714285714285,170.6300048828125
2025-09-09,158.1756591796875,155.38378282151783,-0.3231819124062805,37.301587301587304,37.301587301587304,172.8000030517578
2025-09-10,156.61953735351562,156.57376614046356,-6.455119847238167,32.93650793650794,32.93650793650794,171.10000610351562
2025-09-11,164.29946899414062,157.19620170982327,8.305473430490567,47.817460317460316,47.817460317460316,179.49000549316406
2025-09-12,162.0751190185547,163.4115629651305,9.742609481681825,49.007936507936506,49.007936507936506,177.05999755859375
2025-09-15,161.10482788085938,162.8074135523877,7.488207617481013,46.230158730158735,46.230158730158735,176.0
2025-09-16,159.83248901367188,160.79362870010317,3.116326570714276,40.27777777777778,40.27777777777778,174.61000061035156
2025-09-17,164.41845703125,160.49153299186233,12.336941816346334,52.77777777777778,52.77777777777778,179.6199951171875
2025-09-18,164.7022247314453,164.4733826380815,16.310596976047265,56.74603174603175,56.74603174603175,179.92999267578125
2025-09-19,165.4345245361328,165.92883128645929,20.24391457682677,62.10317460317461,62.10317460317461,180.72999572753906
2025-09-22,165.04092407226562,162.4962010567967,20.281878822548915,62.301587301587304,62.301587301587304,180.3000030517578
2025-09-23,162.61912536621094,164.75655894626217,10.758219227233244,50.39682539682539,50.39682539682539,177.27000427246094
2025-09-24,161.4815673828125,163.38049386992702,2.4423175335824348,39.48412698412698,39.48412698412698,176.02999877929688
2025-09-25,160.0963897705078,159.98629793313395,-5.655041220941293,32.73809523809524,32.73809523809524,174.52000427246094
2025-09-26,163.4171905517578,162.06868111862644,-0.40585703805380635,36.30952380952381,36.30952380952381,178.13999938964844
2025-09-29,165.62803649902344,165.12348970316987,8.724782804776648,48.41269841269841,48.41269841269841,180.5500030517578
2025-09-30,163.197021484375,164.96751927622068,5.341325403596714,43.25396825396825,43.25396825396825,177.89999389648438
2025-10-01,159.0414276123047,161.28895284762837,-7.510021409706649,31.150793650793652,31.150793650793652,173.3699951171875
2025-10-02,158.7386932373047,158.69283680386994,-14.872733580322189,25.0,25.0,173.0399932861328
2025-10-03,161.8209991455078,159.14233113217972,-10.98015095841328,28.373015873015873,28.373015873015873,176.39999389648438
2025-10-06,161.6742401123047,163.60985481204617,-9.23269458227836,29.563492063492063,29.563492063492063,176.24000549316406
2025-10-07,162.06869506835938,162.87596989990615,-7.453057923125263,31.150793650793652,31.150793650793652,176.6699981689453
2025-10-08,160.01380920410156,163.4263620365438,-12.743951474607865,26.38888888888889,26.38888888888889,174.42999267578125
2025-10-09,157.91310119628906,160.71102987218626,-22.836547343339934,16.071428571428573,16.071428571428573,172.13999938964844
2025-10-10,147.68460083007812,159.13315741430006,-33.67127705884565,6.349206349206349,6.349206349206349,160.99000549316406
2025-10-13,151.895263671875,150.89535257564125,-33.944456915980595,5.952380952380952,5.952380952380952,165.5800018310547
2025-10-14,156.6929931640625,149.1798732360284,-25.89942443203424,12.896825396825399,12.896825396825399,170.80999755859375
2025-10-15,156.57374572753906,159.2615963076509,-21.705554003230233,18.452380952380953,18.452380952380953,170.67999267578125
2025-10-16,143.5198211669922,155.03259987436005,-31.59005944544684,8.134920634920634,8.134920634920634,156.4499969482422
2025-10-17,146.9507293701172,144.62982818866442,-33.197828578930064,7.341269841269842,7.341269841269842,160.19000244140625
2025-10-20,151.9136199951172,148.17998760839964,-27.65086101991205,11.904761904761903,11.904761904761903,165.60000610351562
2025-10-21,151.2530975341797,151.0879667913474,-25.524895573773556,13.88888888888889,13.88888888888889,164.8800048828125
2025-10-22,148.5836181640625,151.82187208015625,-26.87447746080548,12.5,12.5,161.97000122070312
2025-10-23,149.72113037109375,149.93211755871172,-25.80642672504042,13.88888888888889,13.88888888888889,163.2100067138672
2025-10-24,154.42715454101562,151.97782444222946,-16.99143100283913,23.015873015873016,23.015873015873016,168.33999633789062
2025-10-27,155.99581909179688,156.32606660180866,-9.643016085038594,28.968253968253972,28.968253968253972,170.0500030517578
2025-10-28,153.1520233154297,156.11506847874384,-10.587819744530226,27.976190476190478,27.976190476190478,166.9499969482422
2025-10-29,145.3545379638672,148.26254445214667,-22.87858382513773,16.26984126984127,16.26984126984127,158.4499969482422
2025-10-30,146.60214233398438,144.8408267145313,-26.915955247525968,11.706349206349206,11.706349206349206,159.80999755859375
2025-10-31,147.32684326171875,144.8041234387283,-27.89015527430616,10.912698412698413,10.912698412698413,160.60000610351562
2025-11-03,145.57470703125,147.3268541058135,-30.766015311768875,8.73015873015873,8.73015873015873,158.69000244140625
2025-11-04,147.73048400878906,144.1161258509228,-28.655696370342437,9.722222222222223,9.722222222222223,161.0399932861328
2025-11-05,149.12484741210938,148.17997528425428,-24.332468545848176,14.682539682539684,14.682539682539684,162.55999755859375
2025-11-06,147.76715087890625,148.62028203408576,-24.227272254709646,14.880952380952381,14.880952380952381,161.0800018310547
2025-11-07,150.65682983398438,146.69387345319416,-17.560329521408132,22.42063492063492,22.42063492063492,164.22999572753906
2025-11-10,152.23468017578125,151.67509446001372,-10.235732464419796,28.57142857142857,28.57142857142857,165.9499969482422
2025-11-11,153.98681640625,152.5924364587396,-2.0608633551352504,35.714285714285715,35.714285714285715,167.86000061035156
2025-11-12,158.15159606933594,154.66566709150285,12.018671214734772,53.57142857142857,53.57142857142857,172.39999389648438
2025-11-13,151.87689208984375,157.5461383572637,5.235998064457256,43.25396825396825,43.25396825396825,165.55999755859375
2025-11-14,147.50112915039062,150.44583737009413,-8.18911227932986,30.753968253968257,30.753968253968257,160.7899932861328
2025-11-17,138.88717651367188,147.66624751802524,-24.57505342897295,14.484126984126986,14.484126984126986,151.39999389648438
2025-11-18,138.21754455566406,137.6029198600125,-32.69361102371356,6.547619047619048,6.547619047619048,150.6699981689453
2025-11-19,139.9146270751953,138.43768878068957,-34.61553949538353,4.563492063492063,4.563492063492063,152.52000427246094
2025-11-20,136.1626434326172,143.25378930338937,-39.277821594223504,2.1825396825396823,2.1825396825396823,148.42999267578125
2025-11-21,140.56593322753906,138.69454010583556,-35.788263604615764,3.968253968253968,3.968253968253968,153.22999572753906
2025-11-24,142.2447052001953,140.98793650009003,-31.198902392527234,8.333333333333332,8.333333333333332,155.05999755859375
2025-11-25,147.41856384277344,143.67576345800623,-19.089321368210044,23.214285714285715,23.214285714285715,160.6999969482422
2025-11-26,150.84030151367188,148.1708157281703,-6.279064008334408,34.12698412698413,34.12698412698413,164.42999267578125
2025-11-28,153.84922790527344,151.91361314296478,6.270078551500645,47.42063492063492,47.42063492063492,167.7100067138672
2025-12-01,149.99632263183594,151.59252123804953,4.8388607505663455,44.84126984126984,44.84126984126984,163.50999450683594
2025-12-02,149.7578125,150.61094370224208,3.5812366906874997,43.05555555555556,43.05555555555556,163.25
2025-12-03,155.3720245361328,150.1339483831184,14.008220354844594,57.53968253968254,57.53968253968254,169.3699951171875
2025-12-04,156.40863037109375,155.94995403569465,21.886644445730408,67.85714285714286,67.85714285714286,170.5
2025-12-05,156.60128784179688,155.53715533495438,26.285518821810687,75.0,75.0,170.7100067138672
2025-12-08,154.71151733398438,156.74804131719358,24.232661233496298,72.22222222222221,72.22222222222221,168.64999389648438
2025-12-09,152.83096313476562,154.73904440427782,18.85511648180243,63.095238095238095,63.095238095238095,166.60000610351562
2025-12-10,158.44447326660156,153.35027856335725,26.640170637257782,75.9920634920635,75.9920634920635,160.17999267578125
2025-12-11,167.3667449951172,158.94895476920397,34.58283067985227,91.07142857142857,91.07142857142857,169.1999969482422
2025-12-12,167.64369201660156,169.66159721389647,37.590400975511514,94.64285714285714,94.64285714285714,169.47999572753906
2025-12-15,168.43502807617188,169.7802931844074,39.1964491848593,96.82539682539682,96.82539682539682,170.27999877929688
2025-12-16,164.7355499267578,168.60318910929678,35.732445076699705,92.46031746031747,92.46031746031747,166.5399932861328
2025-12-17,164.6069793701172,166.298443356505,33.63222300546833,88.69047619047619,88.69047619047619,166.41000366210938
2025-12-18,163.9244384765625,166.17973365439525,31.466585923551744,83.53174603174604,83.53174603174604,165.72000122070312
2025-12-19,166.654541015625,164.25087693488416,33.589598038369424,88.4920634920635,88.4920634920635,168.47999572753906
2025-12-22,172.52029418945312,167.41619848901158,38.26239362704836,96.42857142857143,96.42857142857143,174.41000366210938
2025-12-23,173.3401641845703,172.49749794265978,40.500911067339715,99.40476190476191,99.40476190476191,174.85000610351562
2025-12-24,176.21510314941406,174.14315423091452,41.6786855799462,100.0,100.0,177.75
2025-12-26,174.89659118652344,175.54098743795345,40.909779409383745,99.60317460317461,99.60317460317461,176.4199981689453
2025-12-29,172.2000732421875,174.50995518237892,37.18581578883213,94.64285714285714,94.64285714285714,173.6999969482422
2025-12-30,170.75270080566406,172.58671684797864,32.743332517463045,86.90476190476191,86.90476190476191,172.24000549316406
2025-12-31,166.87644958496094,171.05008719658278,22.760439227137912,70.03968253968253,70.03968253968253,168.3300018310547
2026-01-02,168.18504333496094,167.77859523675863,18.730941222759704,62.698412698412696,62.698412698412696,169.64999389648438
2026-01-05,179.14955139160156,167.223418150014,28.233657082565987,79.56349206349206,79.56349206349206,180.7100067138672
2026-01-06,181.8758087158203,177.86077790047304,35.45151980359681,93.25396825396825,93.25396825396825,183.4600067138672
2026-01-07,174.01426696777344,180.8051220872269,28.652761839290847,80.75396825396825,80.75396825396825,175.52999877929688
2026-01-08,176.9586181640625,172.5272162637415,28.389915578804924,80.35714285714286,80.35714285714286,178.5
2026-01-09,174.95606994628906,177.35517114283232,25.304816631649356,74.20634920634922,74.20634920634922,176.47999572753906
2026-01-12,170.7725067138672,168.5320275579444,12.639625113233933,56.547619047619044,56.547619047619044,172.25999450683594
2026-01-13,161.19593811035156,169.56304512432789,-12.194791952310897,28.57142857142857,28.57142857142857,162.60000610351562
2026-01-14,160.6011199951172,159.43131662896593,-22.229618054330803,18.849206349206348,18.849206349206348,162.0
2026-01-15,161.9691925048828,160.5911959814703,-25.207713201011174,14.880952380952381,14.880952380952381,163.3800048828125
2026-01-16,162.47479248046875,162.1575635792563,-25.84633018251444,14.087301587301587,14.087301587301587,163.88999938964844
2026-01-20,151.3715057373047,155.47575572972374,-34.52704043494557,5.158730158730158,5.158730158730158,152.69000244140625
2026-01-21,153.41372680664062,153.09648276002466,-36.93423027714387,3.373015873015873,3.373015873015873,154.75
2026-01-22,156.4869384765625,155.3964311544924,-34.919265986906275,5.158730158730158,5.158730158730158,157.85000610351562
2026-01-23,149.92410278320312,153.67146072486898,-38.3514019624782,2.7777777777777777,2.7777777777777777,151.22999572753906
2026-01-26,152.69992065429688,150.1521209556447,-37.59511751119426,2.976190476190476,2.976190476190476,154.02999877929688
2026-01-27,149.28964233398438,152.2042576710733,-39.67369515270729,1.984126984126984,1.984126984126984,150.58999633789062
2026-01-28,149.0517120361328,148.3775760685155,-40.54361224795056,1.3888888888888888,1.3888888888888888,150.35000610351562
2026-01-29,153.54258728027344,151.3120164480862,-36.2760740505342,4.9603174603174605,4.9603174603174605,154.8800048828125
2026-01-30,152.7098388671875,152.19434002304618,-34.779805638358546,6.349206349206349,6.349206349206349,154.0399932861328
2026-02-02,157.3692626953125,152.9180290459124,-27.725187623282338,13.690476190476192,13.690476190476192,158.74000549316406
2026-02-03,153.3145751953125,155.38653932557108,-28.899015324742443,12.5,12.5,154.64999389648438
2026-02-04,156.67529296875,153.28482702446226,-24.973970013137883,17.46031746031746,17.46031746031746,158.0399932861328
2026-02-05,150.9650421142578,156.81408883212345,-29.794027471735372,11.904761904761903,11.904761904761903,152.27999877929688
2026-02-06,158.95542907714844,155.45591252843596,-21.322622837157837,24.00793650793651,24.00793650793651,160.33999633789062
2026-02-09,156.22918701171875,157.62701511587443,-20.17550617503096,25.595238095238095,25.595238095238095,157.58999633789062
2026-02-10,152.85855102539062,154.14732837589233,-22.702131997699347,21.03174603174603,21.03174603174603,154.19000244140625
2026-02-11,145.99830627441406,153.91930177604857,-32.045831254129965,9.523809523809524,9.523809523809524,147.27000427246094
2026-02-12,137.01654052734375,147.21767802554524,-37.01290087000323,4.166666666666666,4.166666666666666,138.2100067138672
2026-02-13,136.81826782226562,136.22345794361846,-38.81610531776685,2.976190476190476,2.976190476190476,138.00999450683594
2026-02-17,141.01174926757812,138.61264801723604,-35.56723426190271,5.753968253968254,5.753968253968254,142.24000549316406
2026-02-18,144.17417907714844,142.24102069597097,-28.69182402834648,13.690476190476192,13.690476190476192,145.42999267578125
2026-02-19,140.45657348632812,140.36735427472524,-29.476465592558082,13.293650793650794,13.293650793650794,141.67999267578125
2026-02-20,142.98455810546875,139.5346124211392,-26.272284176031896,16.865079365079367,16.865079365079367,144.22999572753906
2026-02-23,128.87744140625,140.55571911736178,-34.98915832634173,6.547619047619048,6.547619047619048,130.0
2026-02-24,130.4041290283203,127.11280550870042,-36.26974433087594,5.555555555555555,5.555555555555555,131.5399932861328
2026-02-25,136.93724060058594,132.61488896449544,-30.53838289241676,12.698412698412698,12.698412698412698,138.1300048828125
2026-02-26,142.14190673828125,138.24583474572574,-20.580394738545568,27.380952380952383,27.380952380952383,143.3800048828125
2026-02-27,133.62606811523438,136.75878482737966,-24.874033550021025,20.03968253968254,20.03968253968254,134.7899932861328
2026-03-02,132.42652893066406,127.33091380454844,-28.21345037333149,15.277777777777779,15.277777777777779,133.5800018310547
2026-03-03,131.76231384277344,125.20939118138944,-29.543616038736136,13.88888888888889,13.88888888888889,132.91000366210938
2026-03-04,134.0226287841797,132.97178436712215,-27.449311481699517,16.666666666666664,16.666666666666664,135.19000244140625
2026-03-05,131.85153198242188,131.99032246363805,-28.708104439209052,14.682539682539684,14.682539682539684,133.0
2026-03-06,126.5576400756836,125.65549443387695,-32.50239370009785,10.119047619047619,10.119047619047619,127.66000366210938
2026-03-09,124.56500244140625,121.65038718598117,-34.089936874938466,8.134920634920634,8.134920634920634,125.6500015258789
2026-03-10,122.6417465209961,124.22792879202781,-36.18663740295718,5.753968253968254,5.753968253968254,123.70999908447266
2026-03-11,119.61808776855469,122.01718891712812,-38.94257972841732,2.976190476190476,2.976190476190476,120.66000366210938
2026-03-12,113.76903533935547,115.32547789284374,-42.10293865165719,0.5952380952380952,0.5952380952380952,114.76000213623047
2026-03-13,113.84834289550781,115.68237403403317,-43.57598711416254,0.1984126984126984,0.1984126984126984,114.83999633789062
2026-03-16,116.75303649902344,116.38623634064035,-42.30203267695815,0.7936507936507936,0.7936507936507936,117.7699966430664
2026-03-17,118.54741668701172,119.2612006259553,-39.80932986197093,2.7777777777777777,2.7777777777777777,119.58000183105469
2026-03-18,114.2944564819336,117.12976060807057,-41.93093816919463,1.3888888888888888,1.3888888888888888,115.29000091552734
2026-03-19,114.33411407470703,112.99577299181216,-41.53054234208377,1.5873015873015872,1.5873015873015872,115.33000183105469
2026-03-20,115.01815032958984,114.1754916922417,-40.59043114196559,2.380952380952381,2.380952380952381,116.0199966430664
2026-03-23,118.06163787841797,120.97625299532626,-36.68760127922617,6.349206349206349,6.349206349206349,119.08999633789062
2026-03-24,118.04669189453125,114.72858861008524,-34.58304567296878,9.722222222222223,9.722222222222223,118.47000122070312
2026-03-25,118.44526672363281,120.61747764007927,-32.88082440401758,12.3015873015873,12.3015873015873,118.87000274658203
2026-03-26,116.33283996582031,116.70152065365792,-34.20535914214501,10.317460317460316,10.317460317460316,116.75
2026-03-27,107.52442932128906,114.6787670916018,-39.094363360840845,4.166666666666666,4.166666666666666,107.91000366210938
2026-03-30,111.02188110351562,110.22474416109439,-38.10541096316366,5.357142857142857,5.357142857142857,111.41999816894531
2026-03-31,118.07658386230469,114.93783770756352,-27.490878547466835,20.238095238095237,20.238095238095237,118.5
2026-04-01,118.11643981933594,120.7470060975723,-21.470825407778296,30.753968253968257,30.753968253968257,118.54000091552734
2026-04-02,119.2324447631836,113.73216409824872,-16.405243892697612,35.51587301587302,35.51587301587302,119.66000366210938
2026-04-06,121.5042953491211,119.14276092289946,-4.720982583563138,46.230158730158735,46.230158730158735,121.94000244140625
2026-04-07,121.54415130615234,119.68083034764733,1.653276148119693,51.388888888888886,51.388888888888886,121.9800033569336
2026-04-08,130.98031616210938,130.4821026999452,18.091645855095027,73.01587301587301,73.01587301587301,131.4499969482422
2026-04-09,131.98670959472656,129.26645329864124,26.999688911914966,85.51587301587301,85.51587301587301,132.4600067138672
2026-04-10,127.8714599609375,131.77745140296318,24.12571043172941,81.34920634920636,81.34920634920636,128.3300018310547
2026-04-13,134.31834411621094,125.41028553209125,31.76152072993102,90.47619047619048,90.47619047619048,134.8000030517578
2026-04-14,135.1951904296875,133.22226948419285,35.25913344737794,94.84126984126983,94.84126984126983,135.67999267578125
2026-04-15,138.22433471679688,137.50690616394795,37.80672506351894,97.42063492063492,97.42063492063492,138.72000122070312
2026-04-16,137.27774047851562,137.516873207631,37.49086125876174,96.62698412698413,96.62698412698413,137.77000427246094
2026-04-17,140.32679748535156,139.8385428470506,37.587194015160506,96.82539682539682,96.82539682539682,140.8300018310547
2026-04-20,141.6520538330078,138.99159579545446,38.47519847936889,98.4126984126984,98.4126984126984,142.16000366210938
2026-04-21,139.00155639648438,142.18016072812634,35.44217899465302,94.24603174603175,94.24603174603175,139.5
2026-04-22,138.005126953125,140.33676227211737,32.20152444815802,89.68253968253968,89.68253968253968,138.5
2026-04-23,134.9660186767578,137.34747832628435,25.671464917243235,81.54761904761905,81.54761904761905,135.4499969482422
2026-04-24,132.20591735839844,133.11266951086998,16.97889000530694,70.03968253968253,70.03968253968253,132.67999267578125
2026-04-27,134.8663787841797,131.03012937107638,16.794570464284483,69.84126984126983,69.84126984126983,135.35000610351562
2026-04-28,135.34466552734375,137.80584114805822,16.870803467174415,69.84126984126983,69.84126984126983,135.8300018310547
2026-04-29,135.7731170654297,137.00869183258334,16.960174695604397,69.84126984126983,69.84126984126983,136.25999450683594
2026-04-30,137.4272003173828,132.5247816478541,20.295406205257894,74.60317460317461,74.60317460317461,137.9199981689453
2026-05-01,135.52401733398438,139.0613358734535,17.2192298576515,70.23809523809523,70.23809523809523,136.00999450683594
2026-05-04,132.9133758544922,134.50766488349834,8.032489660047913,57.936507936507944,57.936507936507944,133.38999938964844
2026-05-05,132.94326782226562,133.41158965571077,3.180330727363845,51.19047619047619,51.19047619047619,133.4199981689453
2026-05-06,134.68702697753906,135.334713607841,1.406061821951177,48.214285714285715,48.214285714285715,135.1699981689453
2026-05-07,132.4151611328125,134.11905770587964,-4.980507838379529,42.65873015873016,42.65873015873016,132.88999938964844
2026-05-08,129.94403076171875,133.23224244816606,-13.471088242887086,35.714285714285715,35.714285714285715,130.41000366210938
2026-05-11,129.36610412597656,130.21305785450005,-19.111188230895223,31.547619047619047,31.547619047619047,129.8300018310547
2026-05-12,132.23582458496094,129.6251756891666,-17.196183831129062,32.73809523809524,32.73809523809524,132.7100067138672
2026-05-13,128.01095581054688,129.78459434806,-25.36642222962442,22.61904761904762,22.61904761904762,128.47000122070312
2026-05-14,130.11341857910156,129.88424466311852,-24.607985855080813,24.00793650793651,24.00793650793651,130.5800018310547
2026-05-15,128.57891845703125,129.8045344717628,-27.555287831843312,19.047619047619047,19.047619047619047,129.0399932861328
2026-05-18,133.20233154296875,128.14049661847187,-18.449539070098684,32.53968253968254,32.53968253968254,133.67999267578125
2026-05-19,128.4493865966797,132.22583760109762,-23.988945688602964,25.198412698412696,25.198412698412696,128.91000366210938
2026-05-20,132.31552124023438,129.3362145426878,-15.915031501841659,35.11904761904761,35.11904761904761,132.7899932861328
2026-05-21,133.05288696289062,131.34900542421053,-8.430568796646563,41.269841269841265,41.269841269841265,133.52999877929688
2026-05-22,134.42794799804688,134.47777238066476,-0.7508960916785514,47.22222222222222,47.22222222222222,134.91000366210938
2026-05-26,134.06924438476562,134.89628054830007,1.8693592225400912,50.595238095238095,50.595238095238095,134.5500030517578
2026-05-27,130.57177734375,133.53116652239208,-6.637105138156938,42.857142857142854,42.857142857142854,131.0399932861328
2026-05-28,129.35614013671875,129.23655857658284,-13.885897694704779,36.507936507936506,36.507936507936506,129.82000732421875
2026-05-29,131.40878295898438,129.08710648359167,-12.18869161210697,38.69047619047619,38.69047619047619,131.8800048828125
2026-06-01,130.2927703857422,128.82802168918408,-14.477673455035617,35.91269841269841,35.91269841269841,130.75999450683594
2026-06-02,130.6016845703125,128.8977878359119,-12.698481126997796,38.2936507936508,38.2936507936508,131.07000732421875
2026-06-03,126.06792449951172,128.04085305099508,-21.383194046282874,29.761904761904763,29.761904761904763,126.5199966430664
2026-06-04,135.86280822753906,130.3724865069031,1.9989322280980757,51.388888888888886,51.388888888888886,136.35000610351562
2026-06-05,136.3311309814453,136.94891077244364,15.380604644425228,68.84920634920636,68.84920634920636,136.82000732421875
2026-06-08,133.9496612548828,135.81298990215353,15.296136380577794,68.65079365079364,68.65079365079364,134.42999267578125
2026-06-09,137.78590393066406,135.16529644354108,22.844369569085917,79.16666666666666,79.16666666666666,138.27999877929688
2026-06-10,135.6436004638672,137.4670635382527,20.275861434242287,75.39682539682539,75.39682539682539,136.1300048828125
2026-06-11,138.61294555664062,136.64998336302594,26.01378403858981,82.73809523809523,82.73809523809523,139.11000061035156
2026-06-12,144.36233520507812,140.83497543859954,32.387107179876125,90.67460317460318,90.67460317460318,144.8800048828125
2026-06-15,146.03631591796875,147.59073936292668,34.465594095759485,92.85714285714286,92.85714285714286,146.55999755859375
2026-06-16,152.45330810546875,149.3344871984685,38.797978678329194,98.4126984126984,98.4126984126984,153.0
2026-06-17,150.19142150878906,152.00492575432045,36.36556016544795,95.03968253968253,95.03968253968253,150.72999572753906
2026-06-18,145.8470001220703,153.68889014431687,29.723712786282793,86.90476190476191,86.90476190476191,146.3699951171875
2026-06-22,148.35800170898438,147.27190002839825,29.313574220527666,86.30952380952381,86.30952380952381,148.88999938964844
2026-06-23,149.88999938964844,147.38999938964844,30.53859007056758,87.10317460317461,87.10317460317461,149.88999938964844
2026-06-24,148.50999450683594,149.85000610351562,29.24608193689074,85.9126984126984,85.9126984126984,148.50999450683594
2026-06-25,146.17999267578125,150.07000732421875,24.753873615293713,79.16666666666666,79.16666666666666,146.17999267578125
2026-06-26,147.00999450683594,147.17999267578125,23.72125834162273,77.97619047619048,77.97619047619048,147.00999450683594
2026-06-29,148.1199951171875,147.75999450683594,24.441477871796884,78.96825396825396,78.96825396825396,148.1199951171875
2026-06-30,147.17999267578125,147.94000244140625,23.4431454755133,77.38095238095238,77.38095238095238,147.17999267578125
2026-07-01,157.02999877929688,148.5500030517578,32.00747867810589,88.88888888888889,88.88888888888889,157.02999877929688
2026-07-02,163.85000610351562,160.69000244140625,38.10757377932455,97.61904761904762,97.61904761904762,163.85000610351562
2026-07-06,168.5800018310547,165.0,41.28970311234322,99.8015873015873,99.8015873015873,168.5800018310547
2026-07-07,167.5399932861328,169.75,40.207087336568286,99.0079365079365,99.0079365079365,167.5399932861328
2026-07-08,157.97000122070312,165.10000610351562,30.739463053031525,86.30952380952381,86.30952380952381,157.97000122070312
2026-07-09,162.7899932861328,158.58999633789062,30.24313625131587,85.71428571428571,85.71428571428571,162.7899932861328
2026-07-10,163.97000122070312,166.0500030517578,31.001032439191412,86.70634920634922,86.70634920634922,163.97000122070312
2026-07-13,167.00999450683594,166.02000427246094,33.525410006565956,90.27777777777779,90.27777777777779,167.00999450683594
2026-07-14,168.1999969482422,163.25,34.56424325896188,92.06349206349206,92.06349206349206,168.1999969482422
2026-07-15,171.61000061035156,169.7899932861328,37.51291132471471,95.43650793650794,95.43650793650794,171.61000061035156
2026-07-16,173.1199951171875,172.97000122070312,40.039653229317786,98.80952380952381,98.80952380952381,173.1199951171875
2026-07-17,168.4199981689453,170.3300018310547,35.91842518968542,93.45238095238095,93.45238095238095,168.4199981689453
2026-07-20,166.6699981689453,168.8300018310547,31.26216458177155,85.71428571428571,85.71428571428571,166.6699981689453
2026-07-21,167.22999572753906,166.39999389648438,29.54786406214301,83.92857142857143,83.92857142857143,167.22999572753906
2026-07-22,166.58999633789062,167.5500030517578,27.454631900389693,81.34920634920636,81.34920634920636,166.58999633789062
2026-07-23,164.6300048828125,163.27000427246094,22.61688042472895,74.0079365079365,74.0079365079365,164.6300048828125
2026-07-24,168.74000549316406,164.6300048828125,26.32425341295631,79.56349206349206,79.56349206349206,168.74000549316406
2026-07-27,173.8000030517578,172.64999389648438,32.36733085782161,88.88888888888889,88.88888888888889,173.8000030517578
2026-07-28,180.05999755859375,176.17999267578125,37.99584447550452,96.62698412698413,96.62698412698413,180.05999755859375
2026-07-29,171.75,176.39999389648438,31.661031692537627,86.70634920634922,86.70634920634922,171.75
2026-07-30,174.47000122070312,173.2100067138672,30.94181418237016,85.51587301587301,85.51587301587301,174.47000122070312
2026-07-31,174.02000427246094,173.1199951171875,27.807810025472772,81.15079365079364,81.15079365079364,174.02000427246094
2026-08-03,177.74000549316406,177.94000244140625,31.675410077164557,86.70634920634922,86.70634920634922,177.74000549316406
2026-08-04,182.35000610351562,176.75,35.86196808993806,93.45238095238095,93.45238095238095,182.35000610351562
2026-08-05,183.6999969482422,184.94000244140625,36.707366642965496,94.64285714285714,94.64285714285714,183.6999969482422
2026-08-06,181.44000244140625,187.1199951171875,34.391079564989234,90.67460317460318,90.67460317460318,181.44000244140625
2026-08-07,179.57000732421875,180.0,29.999583134589724,83.33333333333334,83.33333333333334,179.57000732421875
2026-08-10,181.3699951171875,178.92999267578125,29.702493644442974,82.93650793650794,82.93650793650794,181.3699951171875
2026-08-11,181.25,181.4499969482422,29.133697348384214,81.74603174603175,81.74603174603175,181.25
2026-08-12,182.16000366210938,181.60000610351562,30.261503566243626,83.53174603174604,83.53174603174604,182.16000366210938
2026-08-13,185.30999755859375,184.89999389648438,34.45882409658245,90.67460317460318,90.67460317460318,185.30999755859375
2026-08-14,184.5500030517578,184.7899932861328,35.38856602340479,92.26190476190477,92.26190476190477,184.5500030517578
2026-08-17,178.80999755859375,182.5,25.323327851387983,74.8015873015873,74.8015873015873,178.80999755859375
2026-08-18,181.1699981689453,180.14999389648438,23.88500866516464,72.42063492063492,72.42063492063492,181.1699981689453
2026-08-19,178.0,182.30999755859375,16.923433910379597,63.095238095238095,63.095238095238095,178.0
2026-08-20,172.88999938964844,177.22000122070312,4.036274995986678,48.214285714285715,48.214285714285715,172.88999938964844
2026-08-21,177.52000427246094,175.7899932861328,4.46725837898129,48.61111111111111,48.61111111111111,177.52000427246094
2026-08-24,184.22999572753906,179.08999633789062,15.343134110566359,60.912698412698404,60.912698412698404,184.22999572753906
2026-08-25,184.97999572753906,184.02999877929688,22.343383269822105,69.84126984126983,69.84126984126983,184.97999572753906
2026-08-26,184.47999572753906,184.6699981689453,24.811864358158253,73.80952380952381,73.80952380952381,184.47999572753906
2026-08-27,181.13999938964844,181.2899932861328,19.062806623551847,65.47619047619048,65.47619047619048,181.13999938964844
2026-08-28,182.72999572753906,181.69000244140625,17.643566236393895,64.48412698412699,64.48412698412699,182.72999572753906
2026-08-31,179.05999755859375,180.86000061035156,6.93515728520621,51.78571428571429,51.78571428571429,179.05999755859375
2026-09-01,174.33999633789062,178.1699981689453,-10.07178656277527,35.51587301587302,35.51587301587302,174.33999633789062
2026-09-02,178.35000610351562,175.9600067138672,-9.346140769620296,36.30952380952381,36.30952380952381,178.35000610351562
2026-09-03,186.50999450683594,181.50999450683594,10.82027647363136,56.547619047619044,56.547619047619044,186.50999450683594
2026-09-04,182.1300048828125,182.2100067138672,10.616961902111358,56.15079365079365,56.15079365079365,182.1300048828125
2026-09-08,174.86000061035156,179.05999755859375,-7.07462668775012,38.095238095238095,38.095238095238095,174.86000061035156
2026-09-09,172.41000366210938,173.08999633789062,-17.156427273158535,30.357142857142854,30.357142857142854,172.41000366210938
2026-09-10,170.6699981689453,171.39999389648438,-25.40731349502792,21.428571428571427,21.428571428571427,170.6699981689453
2026-09-11,173.91000366210938,175.38999938964844,-23.06596679057341,24.6031746031746,24.6031746031746,173.91000366210938
2026-09-14,172.08999633789062,174.8300018310547,-25.147886592153974,22.023809523809522,22.023809523809522,172.08999633789062
2026-09-15,170.17999267578125,171.3800048828125,-27.418413051082318,18.253968253968253,18.253968253968253,170.17999267578125
2026-09-16,161.85000610351562,169.89999389648438,-31.920654076627425,12.5,12.5,161.85000610351562
2026-09-17,161.4499969482422,165.0,-34.6956282352613,8.928571428571429,8.928571428571429,161.4499969482422
2026-09-18,161.41000366210938,159.07000732421875,-36.167221251079006,7.341269841269842,7.341269841269842,161.41000366210938
2026-09-21,163.1099998620106,164.49000473849168,-34.705942360720954,9.126984126984127,9.126984126984127,163.11
2026-09-22,153.44071855717618,164.42807833216645,-38.82468345981028,4.166666666666666,4.166666666666666,152.5
2026-09-23,151.30764594000271,151.04603226610513,-41.74104423102246,1.5873015873015872,1.5873015873015872,150.38
2026-09-24,150.98566460379496,151.52900427041678,-42.51034293810716,0.7936507936507936,0.7936507936507936,150.06
2026-09-25,153.22941638617544,151.76041876024414,-41.129934029843646,2.380952380952381,2.380952380952381,152.29
2026-09-28,148.10801820241005,151.62960830912496,-43.206076077693716,0.5952380952380952,0.5952380952380952,147.2
2026-09-29,146.6289503575898,148.40986878298563,-43.49756967717887,0.3968253968253968,0.3968253968253968,145.73
2026-09-30,141.37675025557496,146.4075932651677,-44.861486302078994,0.0,0.0,140.51
2026-10-01,141.91001961459182,140.3403965955989,-43.40005965999859,0.7936507936507936,0.7936507936507936,141.04
2026-10-02,141.75909432430402,142.78538629826096,-42.682199981687354,1.5873015873015872,1.5873015873015872,140.89
2026-10-05,145.05932733859686,141.91001961459182,-40.00523054791115,4.365079365079365,4.365079365079365,144.17
2026-10-06,145.9447557082852,146.11077352760174,-37.02612891570819,7.738095238095238,7.738095238095238,145.05
