date,close,open,without_long,without_long_rank,without_long_partial_rank,raw_close
2014-01-02,87.95762634277344,93.4873734436335,,,,101.80000305175781
2014-01-03,87.33551788330078,89.0290035579382,,,,101.08000183105469
2014-01-06,84.74346160888672,86.09133671847698,,,,98.08000183105469
2014-01-07,85.74571990966797,86.19501597635545,,,,99.23999786376953
2014-01-08,85.26187896728516,86.05677937555588,,,,98.68000030517578
2014-01-09,83.74119567871094,84.29417045311594,,,,96.91999816894531
2014-01-10,88.06130981445312,84.98538699677059,,,,101.91999816894531
2014-01-13,85.05451965332031,88.54517719849544,,,,98.44000244140625
2014-01-14,87.7848129272461,86.22957411036454,,,,101.5999984741211
2014-01-15,87.61201477050781,87.26640393159097,,,,101.4000015258789
2014-01-16,86.2295913696289,87.54290485066007,,,,99.80000305175781
2014-01-17,84.98538208007812,86.12589324024597,,,,98.36000061035156
2014-01-21,84.63977813720703,86.195023751447,,,,97.95999908447266
2014-01-22,87.81937408447266,86.57517776566307,,,,101.63999938964844
2014-01-23,81.39103698730469,84.53608300168432,,,,94.19999694824219
2014-01-24,74.99723815917969,78.28052331672555,,,,86.80000305175781
2014-01-27,73.9258804321289,75.23920041002302,,,,85.55999755859375
2014-01-28,75.48112487792969,75.44656313251924,,,,87.36000061035156
2014-01-29,72.23239135742188,72.50887872120997,,,,83.5999984741211
2014-01-30,74.09870910644531,75.27378241685577,,,,85.76000213623047
2014-01-31,74.40973663330078,71.61029460185758,,,,86.12000274658203
2014-02-03,68.22330474853516,72.50886114438087,,,,78.95999908447266
2014-02-04,72.23239135742188,71.541176243941,,,,83.5999984741211
2014-02-05,71.54115295410156,71.4029060212237,,,,82.80000305175781
2014-02-06,76.10320281982422,73.2000828992004,,,,88.08000183105469
2014-02-07,77.20916748046875,77.76214218643624,,,,89.36000061035156
2014-02-10,74.78990173339844,76.44883252170153,,,,86.55999755859375
2014-02-11,79.49021911621094,75.96499912115573,,,,92.0
2014-02-12,79.3173828125,81.21823242392837,,,,91.80000305175781
2014-02-13,79.9049072265625,76.13776371843267,,,,92.4800033569336
2014-02-14,82.77349090576172,81.56385614710955,,,,95.80000305175781
2014-02-18,80.52700805664062,82.53154282309843,,,,93.19999694824219
2014-02-19,78.8680648803711,79.6284097874795,,,,91.27999877929688
2014-02-20,79.83580017089844,78.48791856486929,,,,92.4000015258789
2014-02-21,81.11455535888672,80.8726297394985,,,,93.87999725341797
2014-02-24,81.2528076171875,80.94175848862315,,,,94.04000091552734
2014-02-25,78.66072082519531,80.76894082658063,,,,91.04000091552734
2014-02-26,78.5224838256836,79.69755676974923,,,,90.87999725341797
2014-02-27,82.91171264648438,80.80349272976149,,,,95.95999908447266
2014-02-28,81.32190704345703,83.11907119753988,,,,94.12000274658203
2014-03-03,77.38196563720703,76.6216271034741,,,,89.55999755859375
2014-03-04,80.94176483154297,81.52930138798632,,,,93.68000030517578
2014-03-05,81.21826171875,80.18143548253686,,,,94.0
2014-03-06,84.50152587890625,83.36101478594333,,,,97.80000305175781
2014-03-07,81.56383514404297,83.43012282917445,,,,94.4000015258789
2014-03-10,79.66300201416016,79.83581075167085,,,,92.19999694824219
2014-03-11,76.8635482788086,80.00859404882267,,,,88.95999908447266
2014-03-12,77.52021026611328,75.58479895277739,,,,89.72000122070312
2014-03-13,73.3729019165039,78.00407016350871,,,,84.91999816894531
2014-03-14,74.47883605957031,73.58025726370971,,,,86.19999694824219
2014-03-17,77.17461395263672,76.51795394740651,,,,89.31999969482422
2014-03-18,80.21595764160156,77.72757174327276,,,,92.83999633789062
2014-03-19,75.30831146240234,78.7644063820101,,,,87.16000366210938
2014-03-20,76.31059265136719,73.7530826291287,,,,88.31999969482422
2014-03-21,77.62389373779297,78.0731897978339,,,,89.83999633789062
2014-03-24,79.73210906982422,79.59386870029768,,,,92.27999877929688
2014-03-25,82.6352310180664,82.35874368142625,,,,95.63999938964844
2014-03-26,83.0154037475586,84.6743277707891,,,,96.08000183105469
2014-03-27,86.54061889648438,84.22503506488735,,,,100.16000366210938
2014-03-28,88.30322265625,88.7525186878005,,,,102.19999694824219
2014-03-31,90.27322387695312,90.34234078203835,,,,104.4800033569336
2014-04-01,93.1417465209961,92.93437611120862,,,,107.80000305175781
2014-04-02,94.17858123779297,92.34684866079003,,,,109.0
2014-04-03,92.89984130859375,92.45055180775572,,,,107.5199966430664
2014-04-04,92.07037353515625,95.76839432502344,,,,106.55999755859375
2014-04-07,93.24543762207031,92.38141390816979,,,,107.91999816894531
2014-04-08,96.35594177246094,97.25452741338948,,,,111.5199966430664
2014-04-09,98.70606994628906,97.0817076925713,,,,114.23999786376953
2014-04-10,95.6301498413086,98.67151057033998,,,,110.68000030517578
2014-04-11,95.52647399902344,93.69474767022409,,,,110.55999755859375
2014-04-14,95.07720184326172,96.28683676283106,,,,110.04000091552734
2014-04-15,90.79161071777344,93.1417562038669,,,,105.08000183105469
2014-04-16,94.10948944091797,91.93215193211674,,,,108.91999816894531
2014-04-17,96.59784698486328,94.1785781211081,,,,111.80000305175781
2014-04-21,94.97349548339844,96.04488975255954,,,,109.91999816894531
2014-04-22,94.04033660888672,95.008045528726,,,,108.83999633789062
2014-04-23,92.10493469238281,92.6579093906052,,,,106.5999984741211
2014-04-24,92.38143157958984,92.20862944054595,,,,106.91999816894531
2014-04-25,88.545166015625,88.68340640218348,,,,102.4800033569336
2014-04-28,89.78936767578125,88.8562202238208,,,,103.91999816894531
2014-04-29,92.34687042236328,91.58653177695014,,,,106.87999725341797
2014-04-30,91.75932312011719,90.23864600822333,,,,106.19999694824219
2014-05-01,92.24320220947266,91.58654213707511,,,,106.76000213623047
2014-05-02,93.55650329589844,91.69021517037204,,,,108.27999877929688
2014-05-05,92.20860290527344,91.7593069258887,,,,106.72000122070312
2014-05-06,93.38368225097656,92.31228812624195,,,,108.08000183105469
2014-05-07,94.7315673828125,92.48510685729678,,,,109.63999938964844
2014-05-08,94.2131576538086,95.69927967151092,,,,109.04000091552734
2014-05-09,93.8329849243164,94.35139789455447,,,,108.5999984741211
2014-05-12,98.46414947509766,97.87661303924432,,,,113.95999908447266
2014-05-13,99.57011413574219,98.8443372111691,,,,115.23999786376953
2014-05-14,101.64376068115234,101.15990945603289,,,,117.63999938964844
2014-05-15,98.91344451904297,101.29814538836074,,,,114.4800033569336
2014-05-16,102.5077896118164,101.19447625291805,,,,118.63999938964844
2014-05-19,102.6114730834961,102.02393660862072,,,,118.76000213623047
2014-05-20,100.22675323486328,101.64375163254967,,,,116.0
2014-05-21,102.33497619628906,101.85111840836872,,,,118.44000244140625
2014-05-22,104.40864562988281,103.82111570214234,,,,120.83999633789062
2014-05-23,104.09757995605469,104.06301821645972,,,,120.4800033569336
2014-05-27,101.57465362548828,102.64604807153755,,,,117.55999755859375
2014-05-28,102.92251586914062,102.85339238411349,,,,119.12000274658203
2014-05-29,103.82110595703125,103.68285898090696,,,,120.16000366210938
2014-05-30,99.63921356201172,102.23128468130649,,,,115.31999969482422
2014-06-02,100.71060180664062,101.02165087045893,,,,116.55999755859375
2014-06-03,102.26585388183594,101.02165754436601,,,,118.36000061035156
2014-06-04,100.64149475097656,100.15763694222687,,,,116.4800033569336
2014-06-05,103.61373901367188,103.33725164400681,,,,119.91999816894531
2014-06-06,106.62053680419922,106.17124074273495,,,,123.4000015258789
2014-06-09,107.93385314941406,106.58597811042323,,,,124.91999816894531
2014-06-10,109.59276580810547,108.21032917037043,,,,126.83999633789062
2014-06-11,108.48683166503906,107.65736956643417,,,,125.55999755859375
2014-06-12,106.96617126464844,109.00526838297404,,,,123.80000305175781
2014-06-13,106.93158721923828,105.96387819116238,,,,123.76000213623047
2014-06-16,105.58370208740234,106.30948548223857,,,,122.19999694824219
2014-06-17,105.68738555908203,105.3417747383229,,,,122.31999969482422
2014-06-18,109.2471694946289,105.03072920458469,,,,126.44000244140625
2014-06-19,107.3463134765625,108.00297340059204,,,,124.23999786376953
2014-06-20,106.65511322021484,106.1366936022822,,,,123.44000244140625
2014-06-23,105.89476013183594,106.55142009853782,,,,122.55999755859375
2014-06-24,105.86019897460938,106.79334631268402,,,,122.5199966430664
2014-06-25,106.44773864746094,106.10213437141995,,,,123.19999694824219
2014-06-26,106.93158721923828,107.38087669428661,,,,123.76000213623047
2014-06-27,107.76103973388672,106.82789253143436,,,,124.72000122070312
2014-06-30,106.79332733154297,107.62278928730129,,,,123.5999984741211
2014-07-01,109.66190338134766,108.93612652525418,,,,126.91999816894531
2014-07-02,111.56275939941406,110.97522948808859,,,,129.1199951171875
2014-07-03,113.35990905761719,110.94064001271369,,,,131.1999969482422
2014-07-07,113.46361541748047,112.9451958471148,,,,131.32000732421875
2014-07-08,111.94293975830078,113.11801284617256,,,,129.55999755859375
2014-07-09,113.74008178710938,111.7701087634531,,,,131.63999938964844
2014-07-10,111.87379455566406,108.76331028794743,,,,129.47999572753906
2014-07-11,111.42449951171875,110.49134576378601,,,,128.9600067138672
2014-07-14,113.98200988769531,113.35991174187639,,,,131.9199981689453
2014-07-15,113.74008178710938,114.29305643964524,,,,131.63999938964844
2014-07-16,114.77693176269531,115.53727701389884,,,,132.83999633789062
2014-07-17,108.38313293457031,112.08115324410444,,,,125.44000244140625
2014-07-18,113.15254974365234,112.73780887450545,,,,130.9600067138672
2014-07-21,114.32762908935547,111.49361905612346,,,,132.32000732421875
2014-07-22,117.68004608154297,118.19846566666057,,,,136.1999969482422
2014-07-23,117.78370666503906,118.30211292868388,,,,136.32000732421875
2014-07-24,119.30440521240234,118.47493658205012,,,,138.0800018310547
2014-07-25,117.88741302490234,117.68004256026879,,,,136.44000244140625
2014-07-28,120.54861450195312,118.47494929552708,,,,139.52000427246094
2014-07-29,118.16388702392578,120.79052668963564,,,,136.75999450683594
2014-07-30,116.57410430908203,119.8228294631738,,,,134.9199981689453
2014-07-31,110.28399658203125,112.49589538610519,,,,127.63999938964844
2014-08-01,112.15029907226562,111.28627521683055,,,,129.8000030517578
2014-08-04,115.53723907470703,113.84374698511046,,,,133.72000122070312
2014-08-05,110.04206085205078,111.83923176103626,,,,127.36000061035156
2014-08-06,107.65735626220703,108.03752881574484,,,,124.5999984741211
2014-08-07,106.34405517578125,108.41771369782418,,,,123.08000183105469
2014-08-08,109.28173065185547,107.72648521025316,,,,126.4800033569336
2014-08-11,113.60184478759766,110.73329264606453,,,,131.47999572753906
2014-08-12,113.87832641601562,111.97747691081662,,,,131.8000030517578
2014-08-13,115.7446517944336,116.67778603961581,,,,133.9600067138672
2014-08-14,116.22847747802734,116.12478566388593,,,,134.52000427246094
2014-08-15,115.4681167602539,117.1270405387916,,,,133.63999938964844
2014-08-18,118.54408264160156,117.19620739655767,,,,137.1999969482422
2014-08-19,120.30671691894531,119.02795179581517,,,,139.24000549316406
2014-08-20,119.47723388671875,118.57865475607943,,,,138.27999877929688
2014-08-21,118.12933349609375,118.75143167893926,,,,136.72000122070312
2014-08-22,116.95426940917969,118.47494664605188,,,,135.36000061035156
2014-08-25,119.71915435791016,117.81830433716618,,,,138.55999755859375
2014-08-26,121.79281616210938,120.44492778790041,,,,140.9600067138672
2014-08-27,123.52086639404297,122.34579332606754,,,,142.9600067138672
2014-08-28,120.13388061523438,118.88969723895933,,,,139.0399932861328
2014-08-29,119.37351989746094,120.34122224157508,,,,138.16000366210938
2014-09-02,118.85511016845703,119.33896138030644,,,,137.55999755859375
2014-09-03,123.555419921875,124.93786346031861,,,,143.0
2014-09-04,122.48399353027344,124.55765829634348,,,,141.75999450683594
2014-09-05,125.55995178222656,123.10611403678463,,,,145.32000732421875
2014-09-08,121.10157012939453,124.10836904233217,,,,140.16000366210938
2014-09-09,116.67777252197266,119.02791840072898,,,,135.0399932861328
2014-09-10,115.36445617675781,113.53271683967284,,,,133.52000427246094
2014-09-11,112.91061401367188,112.91061401367188,,,,130.67999267578125
2014-09-12,109.48908996582031,110.9406435283883,,,,126.72000122070312
2014-09-15,107.72648620605469,108.45226302419249,,,,124.68000030517578
2014-09-16,111.87379455566406,107.20807145007824,,,,129.47999572753906
2014-09-17,108.72874450683594,112.18483947412727,,,,125.83999633789062
2014-09-18,109.28173065185547,109.86926708624097,,,,126.4800033569336
2014-09-19,106.86247253417969,110.31856801511438,,,,123.68000030517578
2014-09-22,101.88568878173828,103.92478555450532,,,,117.91999816894531
2014-09-23,100.19218444824219,100.98708464626536,,,,115.95999908447266
2014-09-24,104.30494689941406,102.19672686535336,,,,120.72000122070312
2014-09-25,97.6001205444336,99.60465535067561,,,,112.95999908447266
2014-09-26,98.77520751953125,97.80749842216065,,,,114.31999969482422
2014-09-29,92.89984130859375,91.62108970406938,,,,107.5199966430664
2014-09-30,92.89984130859375,92.1049409498917,,,,107.5199966430664
2014-10-01,87.2318344116211,91.37915092492533,,,,100.95999908447266
2014-10-02,88.5105972290039,87.88849905903855,,,,102.44000244140625
2014-10-03,90.82617950439453,89.61654492892323,,,,105.12000274658203
2014-10-06,94.28227996826172,96.25225318881039,,,,109.12000274658203
2014-10-07,91.89755249023438,94.17857431321463,,,,106.36000061035156
2014-10-08,95.87208557128906,92.20862629432986,,,,110.95999908447266
2014-10-09,91.3100357055664,94.86981614473255,,,,105.68000030517578
2014-10-10,85.33099365234375,88.57971844432066,,,,98.76000213623047
2014-10-13,87.9230728149414,89.78936098787331,,,,101.76000213623047
2014-10-14,89.4782943725586,88.82164109129796,,,,103.55999755859375
2014-10-15,86.19502258300781,86.09133734613766,,,,99.76000213623047
2014-10-16,83.84486389160156,80.18140510724005,,,,97.04000091552734
2014-10-17,86.50605010986328,86.5406118468601,,,,100.12000274658203
2014-10-20,87.33551788330078,86.29868547974183,,,,101.08000183105469
2014-10-21,88.5105972290039,86.81711142853057,,,,102.44000244140625
2014-10-22,86.67887878417969,88.30324136930054,,,,100.31999969482422
2014-10-23,86.95533752441406,87.3009482945256,,,,100.63999938964844
2014-10-24,88.5105972290039,86.88622832032142,,,,102.44000244140625
2014-10-27,86.64431762695312,84.19049285875438,,,,100.27999877929688
2014-10-28,91.62107849121094,89.54742018978614,,,,106.04000091552734
2014-10-29,91.93212127685547,94.07489632122191,,,,106.4000015258789
2014-10-30,94.69701385498047,92.41599138911147,,,,109.5999984741211
2014-10-31,95.83753204345703,96.07945768739836,,,,110.91999816894531
2014-11-03,93.38368225097656,94.93892094201522,,,,108.08000183105469
2014-11-04,93.69473266601562,93.4873622306218,,,,108.44000244140625
2014-11-05,91.17178344726562,91.48283252546906,,,,105.5199966430664
2014-11-06,87.81937408447266,90.27320498079399,,,,101.63999938964844
2014-11-07,89.58200073242188,88.57972981611375,,,,103.68000030517578
2014-11-10,90.13496398925781,92.2086224607119,,,,104.31999969482422
2014-11-11,90.13496398925781,89.20181668830669,,,,104.31999969482422
2014-11-12,89.30552673339844,90.13498903405775,,,,103.36000061035156
2014-11-13,88.68341064453125,90.61882229278561,,,,102.63999938964844
2014-11-14,90.82617950439453,88.13042301551376,,,,105.12000274658203
2014-11-17,87.88850402832031,88.40691700194348,,,,101.72000122070312
2014-11-18,89.23636627197266,88.40690431481457,,,,103.27999877929688
2014-11-19,89.27095031738281,88.4760499004782,,,,103.31999969482422
2014-11-20,88.68341064453125,88.99445976914095,,,,102.63999938964844
2014-11-21,97.18539428710938,95.66471064156458,,,,112.4800033569336
2014-11-24,94.7661361694336,95.7684004080039,,,,109.68000030517578
2014-11-25,92.96894836425781,95.38821734966811,,,,107.5999984741211
2014-11-26,96.35594177246094,95.21543049589378,,,,111.5199966430664
2014-11-28,90.72251892089844,93.17634388756096,,,,105.0
2014-12-01,86.0567855834961,87.68115485633457,,,,99.5999984741211
2014-12-02,85.95308685302734,86.88622750726508,,,,99.4800033569336
2014-12-03,86.57518005371094,86.57518005371094,,,,100.19999694824219
2014-12-04,86.88622283935547,87.81937003543861,,,,100.55999755859375
2014-12-05,86.54061889648438,85.78027380457088,,,,100.16000366210938
2014-12-08,82.9462890625,84.81258373055607,,,,96.0
2014-12-09,80.52700805664062,79.83579303591804,,,,93.19999694824219
2014-12-10,76.79443359375,79.59387547468013,,,,88.87999725341797
2014-12-11,74.72077941894531,75.75760531848806,,,,86.4800033569336
2014-12-12,71.09188079833984,74.27148880654072,,,,82.27999877929688
2014-12-15,68.0850830078125,71.43749322149655,,,,78.80000305175781
2014-12-16,67.53211975097656,65.87318864272594,,,,78.16000366210938
2014-12-17,72.43975830078125,68.43068806004223,,,,83.83999633789062
2014-12-18,75.34285736083984,75.79215333673656,,,,87.19999694824219
2014-12-19,76.89812469482422,75.93041558397915,,,,89.0
2014-12-22,80.11228942871094,80.18141291619908,,,,92.72000122070312
2014-12-23,77.93494415283203,78.03862938198368,,,,90.19999694824219
2014-12-24,78.24600219726562,78.17688529523811,,,,90.55999755859375
2014-12-26,80.18141174316406,80.49246084033155,,,,92.80000305175781
2014-12-29,79.00635528564453,80.25054534130626,,,,91.44000244140625
2014-12-30,79.28279876708984,78.59157732540541,,,,91.76000213623047
2014-12-31,79.28279876708984,80.56154986463697,0.46738501050479925,,,91.76000213623047
2015-01-02,76.37969207763672,78.72983746340667,-5.807900475081626,,,88.4000015258789
2015-01-05,72.19781494140625,74.82444765961624,-15.88897003680938,,,83.55999755859375
2015-01-06,71.23011779785156,72.23238188820072,-22.192655772708896,,,82.44000244140625
2015-01-07,75.86129760742188,74.96271200124254,-15.132210757437822,,,87.80000305175781
2015-01-08,79.83580017089844,79.07545501057983,1.474712720840449,,,92.4000015258789
2015-01-09,79.11002349853516,80.38878172774983,8.850197498554598,,,91.55999755859375
2015-01-12,77.14004516601562,78.34967982568627,7.944369270244985,,,89.27999877929688
2015-01-13,78.90264892578125,79.93947479345073,11.92155529124426,,,91.31999969482422
2015-01-14,77.8312759399414,76.3797154972967,11.324635309305426,,,90.08000183105469
2015-01-15,78.17688751220703,80.80351443915727,12.085031866142653,,,90.4800033569336
2015-01-16,80.18141174316406,77.96950631975324,16.642636427471512,,,92.80000305175781
2015-01-20,79.76668548583984,79.62844509087955,17.02284472366758,,,92.31999969482422
2015-01-21,84.88170623779297,81.77122151078196,25.90518446897488,,,98.23999786376953
2015-01-22,89.85847473144531,86.29869432089505,33.71181195051621,,,104.0
2015-01-23,87.85393524169922,88.23410780146982,33.38476031006763,,,101.68000030517578
2015-01-26,87.99217224121094,87.16271026330537,33.3696805451186,,,101.83999633789062
2015-01-27,86.50605010986328,84.84711969390217,29.92920400215017,,,100.12000274658203
2015-01-28,83.74119567871094,85.98765652372866,21.245730962994365,,,96.91999816894531
2015-01-29,83.87943267822266,83.46469835082432,16.84572532885056,,,97.08000183105469
2015-01-30,77.00180053710938,78.66072458872934,-1.1164723558435532,,,89.12000274658203
2015-02-02,81.04544067382812,79.90492944274301,-1.1813195395228626,,,93.80000305175781
2015-02-03,85.50379180908203,83.5683804027718,8.469216851923228,,,98.95999908447266
2015-02-04,84.08677673339844,85.2964110953194,9.754972647263818,,,97.31999969482422
2015-02-05,85.8148422241211,83.60294343978887,13.19344842946459,,,99.31999969482422
2015-02-06,81.42559814453125,82.1168197965202,2.01058152460033,,,94.23999786376953
2015-02-09,81.07998657226562,80.4924567430544,-5.045111632340217,,,93.83999633789062
2015-02-10,80.3887710571289,80.2505240920059,-10.881880561699916,,,93.04000091552734
2015-02-11,78.7298583984375,78.45337102023667,-18.679482406365434,,,91.12000274658203
2015-02-12,83.70661926269531,81.25279495527491,-8.634036541619922,,,96.87999725341797
2015-02-13,86.50605010986328,85.08905185287995,4.172701204943159,,,100.12000274658203
2015-02-17,85.88396453857422,85.78027931247993,8.900078606303161,,,99.4000015258789
2015-02-18,85.7802734375,84.5706389171594,10.938668762846778,,,99.27999877929688
2015-02-19,84.77803802490234,83.81032876297986,8.463993909982696,,,98.12000274658203
2015-02-20,86.29869842529297,83.74118866003006,12.184294431762401,,,99.87999725341797
2015-02-23,83.91400909423828,84.81259480074094,6.80918276099084,,,97.12000274658203
2015-02-24,87.43920135498047,85.22730265197339,16.490891019514038,,,101.19999694824219
2015-02-25,86.88622283935547,86.7134207328117,20.5160737426474,,,100.55999755859375
2015-02-26,86.98992156982422,87.19728544828027,22.992718096352853,,,100.68000030517578
2015-02-27,86.6097640991211,86.43696193554423,22.086693618552616,,,100.23999786376953
2015-03-02,86.26411437988281,86.19499750072764,20.163021637739426,,,99.83999633789062
2015-03-03,84.3978500366211,84.91626302886993,12.379025291752638,,,97.68000030517578
2015-03-04,81.73664855957031,82.32418499573377,-1.0007467020138219,,,94.5999984741211
2015-03-05,81.2528076171875,82.04770801597233,-9.73614229562175,,,94.04000091552734
2015-03-06,77.58934783935547,79.24827212352683,-24.84235672592676,,,89.80000305175781
2015-03-09,76.65619659423828,77.34741171515128,-33.79979990736715,,,88.72000122070312
2015-03-10,71.54115295410156,73.23463832999589,-39.27129163225926,,,82.80000305175781
2015-03-11,73.30377960205078,72.71624971770288,-39.20216189841362,,,84.83999633789062
2015-03-12,74.61708068847656,76.03407890433556,-36.75319453307267,,,86.36000061035156
2015-03-13,71.85221099853516,72.68167292420074,-38.70130923068463,,,83.16000366210938
2015-03-16,74.34060668945312,73.96043411749912,-34.79656294484847,,,86.04000091552734
2015-03-17,76.82899475097656,74.65165767439704,-27.411879530825388,,,88.91999816894531
2015-03-18,82.56611633300781,76.3797090445551,-9.853650526515443,,,95.55999755859375
2015-03-19,78.3842544555664,80.18142586870157,-9.93234067778604,,,90.72000122070312
2015-03-20,81.66752624511719,80.66526207022821,-3.0713040614931724,,,94.5199966430664
2015-03-23,82.53155517578125,82.42787653274286,2.8794810137446256,,,95.5199966430664
2015-03-24,83.56837463378906,82.91171476570179,8.80927402736064,,,96.72000122070312
2015-03-25,79.55931854248047,83.43014174044467,2.343433505244795,,,92.08000183105469
2015-03-26,77.41653442382812,78.52248387971473,-6.1284649187986435,,,89.5999984741211
2015-03-27,77.96951293945312,77.34741469230131,-9.215705138047321,,,90.23999786376953
2015-03-30,82.42786407470703,80.73437837724993,1.3786109363163745,,,95.4000015258789
2015-03-31,81.8749008178711,80.87263000062235,6.976926723729846,,,94.76000213623047
2015-04-01,84.91625213623047,83.84486454408469,19.372223148654996,,,98.27999877929688
2015-04-02,88.6142807006836,87.05904178283828,27.82416732134983,,,102.55999755859375
2015-04-06,92.10493469238281,91.27547264504923,33.532337457218375,,,106.5999984741211
2015-04-07,90.86074829101562,91.58652513738859,33.86271635878024,,,105.16000366210938
2015-04-08,96.35594177246094,97.01260177775087,37.93996053124207,,,111.5199966430664
2015-04-09,99.36273956298828,98.11854314946206,41.097775958172264,,,115.0
2015-04-10,99.57011413574219,98.04943679130926,42.86927303767402,,,115.23999786376953
2015-04-13,97.77294158935547,100.08851916861636,41.083185983899845,,,113.16000366210938
2015-04-14,99.12081146240234,98.49871327123589,41.057599399869154,,,114.72000122070312
2015-04-15,100.98710632324219,99.05169472375472,42.497055030243786,,,116.87999725341797
2015-04-16,103.68285369873047,102.02392962162557,42.44070795354488,,,120.0
2015-04-17,98.083984375,97.0471583936576,35.06515360027264,,,113.5199966430664
2015-04-20,97.66923522949219,97.80747558713946,30.270320188242213,,,113.04000091552734
2015-04-21,99.5009994506836,100.26133813985085,30.15352905399083,,,115.16000366210938
2015-04-22,102.57688903808594,101.50550155517232,34.25172877731188,,,118.72000122070312
2015-04-23,104.89249420166016,101.88568837504654,38.282208720978524,,,121.4000015258789
2015-04-24,106.17125701904297,106.30950401052661,40.897767525286795,,,122.87999725341797
2015-04-27,107.24263763427734,107.31175452915043,42.000256152529516,,,124.12000274658203
2015-04-28,107.79562377929688,107.55369814163305,42.708181474870386,,,124.76000213623047
2015-04-29,103.9247817993164,104.58144173427112,37.216590602677826,,,120.27999877929688
2015-04-30,99.32818603515625,101.2635977114156,23.779985529961213,,,114.95999908447266
2015-05-01,101.09078216552734,100.67604785104447,19.288714943811797,,,117.0
2015-05-04,102.68058776855469,101.15991058915189,18.286877706322844,,,118.83999633789062
2015-05-05,99.5355453491211,101.22903790398948,9.004424510988041,,,115.19999694824219
2015-05-06,95.73384094238281,99.74291090002403,-9.937629010990776,,,110.80000305175781
2015-05-07,95.18087768554688,93.93668113792529,-18.7826297735887,,,110.16000366210938
2015-05-08,98.87889099121094,98.4641566448887,-14.588138421861748,,,114.44000244140625
2015-05-11,96.01033020019531,98.56783994162876,-18.87195674686376,,,111.12000274658203
2015-05-12,95.14630889892578,93.69474856474747,-23.28637798683145,,,110.12000274658203
2015-05-13,95.59558868408203,97.6692470352638,-24.16588425751918,,,110.63999938964844
2015-05-14,98.36045837402344,97.60011986384673,-18.262209699491212,,,113.83999633789062
2015-05-15,100.5378189086914,98.18767290728151,-8.509379066866698,,,116.36000061035156
2015-05-18,97.6001205444336,98.98255720529396,-11.607833514910272,,,112.95999908447266
2015-05-19,98.04942321777344,98.32591056866548,-12.24105976424998,,,113.4800033569336
2015-05-20,97.91117095947266,97.42731976953249,-12.887078782868432,,,113.31999969482422
2015-05-21,96.80521392822266,95.76838155671497,-15.631488613760528,,,112.04000091552734
2015-05-22,97.63469696044922,98.32591869076612,-15.055284581494242,,,113.0
2015-05-26,93.1417465209961,95.9757428683224,-24.89698599353807,,,107.80000305175781
2015-05-27,93.17633056640625,90.89530808700763,-27.548238724631936,,,107.83999633789062
2015-05-28,89.51286315917969,88.95988846196606,-32.65129700867122,,,103.5999984741211
2015-05-29,86.64431762695312,88.89077850014422,-38.2425571272233,,,100.27999877929688
2015-06-01,86.0567855834961,86.95537129800724,-40.219896424513294,,,99.5999984741211
2015-06-02,86.81712341308594,85.53836515474619,-39.850149477063965,,,100.4800033569336
2015-06-03,85.46924591064453,85.74573330565592,-41.104865950517514,,,98.91999816894531
2015-06-04,81.73664855957031,83.22277052115895,-43.062216989853994,,,94.5999984741211
2015-06-05,80.45790100097656,79.66299407163942,-43.26401701635546,,,93.12000274658203
2015-06-08,80.3887710571289,80.83806050982241,-43.43768832022446,,,93.04000091552734
2015-06-09,79.07545471191406,79.49018903342854,-44.305220091019734,,,91.5199966430664
2015-06-10,82.3241958618164,81.18368458131187,-40.00901190567771,,,95.27999877929688
2015-06-11,81.39103698730469,81.70208607373593,-39.0223720250634,,,94.19999694824219
2015-06-12,81.21826171875,81.32194697916349,-38.74050569363437,,,94.0
2015-06-15,78.5224838256836,78.2459964619022,-40.789096986448115,,,90.87999725341797
2015-06-16,78.66072082519531,77.62388839855659,-41.07956413415694,,,91.04000091552734
2015-06-17,80.00858306884766,78.55702317481688,-38.734319856214256,,,92.5999984741211
2015-06-18,82.22050476074219,81.80577045247055,-32.982655566888575,,,95.16000366210938
2015-06-19,80.21595764160156,81.01086446043712,-33.324848128894075,,,92.83999633789062
2015-06-22,83.46468353271484,84.15590509166817,-26.102844568902654,,,96.5999984741211
2015-06-23,85.88396453857422,84.39784259111417,-14.620065852913843,,,99.4000015258789
2015-06-24,84.19047546386719,85.64203561296759,-11.255585836486755,,,97.44000244140625
2015-06-25,83.22278594970703,84.4669825374137,-9.552963771911479,,,96.31999969482422
2015-06-26,80.90718078613281,81.11454463362162,-15.339258122640937,,,93.63999938964844
2015-06-29,75.4119873046875,76.96723259783658,-29.020855067036212,,,87.27999877929688
2015-06-30,78.7298583984375,79.49019704049499,-26.724742121786342,,,91.12000274658203
2015-07-01,78.76441192626953,80.07772518769485,-24.48316184450238,,,91.16000366210938
2015-07-02,79.9049072265625,80.11227104947525,-18.81936354547177,,27.77777777777778,92.4800033569336
2015-07-06,72.99274444580078,73.54571923317977,-29.015600289093367,,18.89763779527559,84.4800033569336
2015-07-07,69.74400329589844,68.98365812098359,-32.185465617209594,,17.96875,80.72000122070312
2015-07-08,62.693565368652344,64.28337260243042,-38.84295490541763,,10.077519379844961,72.55999755859375
2015-07-09,66.18421936035156,68.2924394652956,-37.822955602836764,,13.846153846153847,76.5999984741211
2015-07-10,71.16100311279297,71.16100311279297,-28.983526677109435,,21.374045801526716,82.36000061035156
2015-07-13,72.68169403076172,72.57800878795209,-21.343189188713044,,29.545454545454547,84.12000274658203
2015-07-14,73.02727508544922,71.57571510789951,-16.344723663355992,,33.83458646616541,84.5199966430664
2015-07-15,70.57344818115234,71.64483560348972,-18.058267400007207,,33.582089552238806,81.68000030517578
2015-07-16,73.13097381591797,72.88904820692802,-13.660344410625546,,40.0,84.63999938964844
2015-07-17,72.85448455810547,73.47658273179358,-11.695096897628698,,41.911764705882355,84.31999969482422
2015-07-20,71.33380889892578,70.78083414714953,-14.002455827165997,,39.416058394160586,82.55999755859375
2015-07-21,71.50659942626953,72.19781439404606,-14.6250906162114,,37.68115942028986,82.76000213623047
2015-07-22,68.53436279296875,69.64031212544981,-19.94684125377241,,28.776978417266186,79.31999969482422
2015-07-23,66.42615509033203,68.29244987936552,-26.12301234254278,,22.857142857142858,76.87999725341797
2015-07-24,63.6267204284668,64.76723172999253,-33.2560190876837,,16.312056737588655,73.63999938964844
2015-07-27,59.997825622558594,60.30887477412095,-38.41013808507169,,11.971830985915492,69.44000244140625
2015-07-28,61.82954025268555,61.380250782721404,-38.066517833919214,,13.286713286713287,71.55999755859375
2015-07-29,63.66127014160156,62.209709978425835,-34.26544543204436,,15.972222222222221,73.68000030517578
2015-07-30,61.760433197021484,61.553062708334465,-35.01961378670395,,15.172413793103448,71.4800033569336
2015-07-31,63.6267204284668,63.41935653509284,-31.687237174563222,,21.232876712328768,73.63999938964844
2015-08-03,60.48167419433594,61.34569811139788,-34.51092889640918,,16.3265306122449,70.0
2015-08-04,61.20744705200195,62.07147091163142,-34.02468978424342,,17.56756756756757,70.83999633789062
2015-08-05,61.17288589477539,62.79724821834415,-33.82351232833008,,18.120805369127517,70.80000305175781
2015-08-06,59.58306884765625,60.13604344455509,-36.45312130741676,,14.666666666666666,68.95999908447266
2015-08-07,59.44485855102539,59.51397546660188,-38.1002235600278,,12.582781456953644,68.80000305175781
2015-08-10,62.624446868896484,60.585350207908455,-30.341748471789725,,24.342105263157894,72.4800033569336
2015-08-11,58.26976776123047,58.09695904432391,-32.67823945601072,,22.22222222222222,67.44000244140625
2015-08-12,55.57400894165039,55.228398113271346,-36.220780144444845,,15.584415584415584,64.31999969482422
2015-08-13,55.40119934082031,55.60856317304934,-38.31841045472467,,11.612903225806452,64.12000274658203
2015-08-14,55.643131256103516,55.643131256103516,-38.71516497438945,,10.256410256410255,64.4000015258789
2015-08-17,53.74227523803711,53.22385903621061,-40.22644474331137,,4.45859872611465,62.20000076293945
2015-08-18,52.048789978027344,52.01422823843237,-41.976882791620916,,2.5316455696202533,60.2400016784668
2015-08-19,50.00968933105469,50.735469322308006,-42.432040628526245,,2.515723270440252,57.880001068115234
2015-08-20,47.69411849975586,47.970605875732105,-43.770849986721885,,0.625,55.20000076293945
2015-08-21,43.166629791259766,45.55133740977481,-44.93872155351851,,0.0,49.959999084472656
2015-08-24,37.67142868041992,34.38813956907868,-42.379996615990976,,4.320987654320987,43.599998474121094
2015-08-25,39.088443756103516,44.6181948898615,-39.900558685084526,,9.202453987730062,45.2400016784668
2015-08-26,43.02839279174805,42.02612512432866,-34.35919905953815,,22.5609756097561,49.79999923706055
2015-08-27,48.76549530029297,45.4822059763223,-21.222691484042848,,39.39393939393939,56.439998626708984
2015-08-28,46.657283782958984,46.38079643903539,-16.89191610064706,,43.97590361445783,54.0
2015-08-31,46.864654541015625,45.58589635709448,-13.587333058597151,,50.898203592814376,54.2400016784668
2015-09-01,41.36945724487305,42.64821197376027,-19.999375405214277,,39.285714285714285,47.880001068115234
2015-09-02,43.374000549316406,43.374000549316406,-19.326151227280455,,40.23668639053255,50.20000076293945
2015-09-03,43.82327651977539,43.477665773422174,-18.059432671406373,,43.529411764705884,50.720001220703125
2015-09-04,39.84877395629883,41.33489584345638,-23.259913136093246,,36.84210526315789,46.119998931884766
2015-09-08,43.65047836303711,43.09750371424308,-18.462913782060927,,43.02325581395349,50.52000045776367
2015-09-09,43.166629791259766,45.93150670873128,-15.120417035114297,,48.554913294797686,49.959999084472656
2015-09-10,44.341705322265625,43.235755808977416,-10.064586333409945,,56.32183908045977,51.31999969482422
2015-09-11,44.929237365722656,43.857846409074014,-5.499577349393724,,62.28571428571429,52.0
2015-09-14,44.68731689453125,44.34170601820955,-3.678866566131305,,63.06818181818182,51.720001220703125
2015-09-15,46.00062942504883,44.54906915014341,2.232685767379718,,67.79661016949152,53.2400016784668
2015-09-16,49.318485260009766,48.10885049471295,14.483491848259211,,79.21348314606742,57.08000183105469
2015-09-17,49.18022918701172,48.0397181257577,20.1731051614704,,83.79888268156425,56.91999816894531
2015-09-18,46.13886642456055,47.48674127328534,16.159438338350725,,78.88888888888889,53.400001525878906
2015-09-21,45.966060638427734,46.17342447679084,13.717237819313327,,77.90055248618785,53.20000076293945
2015-09-22,43.339439392089844,42.924708308910716,5.683871172652543,,68.13186813186813,50.15999984741211
2015-09-23,41.1966552734375,42.7173357195356,-10.340367536164702,,53.551912568306015,47.68000030517578
2015-09-24,40.74736404418945,39.43404741568591,-19.241631221729968,,38.04347826086957,47.15999984741211
2015-09-25,40.470882415771484,42.40629753628898,-24.543010747324974,,32.432432432432435,46.84000015258789
2015-09-28,37.775123596191406,39.43404779818858,-32.196482118220416,,25.268817204301076,43.720001220703125
2015-09-29,38.466346740722656,38.15529759062679,-33.810625235866034,,21.92513368983957,44.52000045776367
2015-09-30,41.7496337890625,41.33490272048116,-24.499297110968243,,33.51063829787234,48.31999969482422
2015-10-01,42.33717346191406,42.613660861659625,-17.775109050857722,,43.91534391534391,49.0
2015-10-02,45.79325866699219,41.784189001617534,-3.388859786257955,,62.63157894736842,53.0
2015-10-05,48.69638442993164,47.27938585153728,11.926945335518978,,76.43979057591623,56.36000061035156
2015-10-06,48.385337829589844,48.10885044852849,19.005586035090317,,82.8125,56.0
2015-10-07,52.25615310668945,52.01422752482159,28.95098496027272,,88.60103626943005,60.47999954223633
2015-10-08,54.018760681152344,51.323007731809476,35.42153895941681,,93.81443298969072,62.52000045776367
2015-10-09,54.50262451171875,55.64313569805751,37.1791908636567,,93.84615384615384,63.08000183105469
2015-10-12,53.431236267089844,54.77911469121059,36.46192928763327,,93.36734693877551,61.84000015258789
2015-10-13,50.77003479003906,51.426694694720936,31.5703675150531,,88.83248730964468,58.7599983215332
2015-10-14,51.910552978515625,51.84142949045348,30.808315506809418,,88.38383838383838,60.08000183105469
2015-10-15,55.78137969970703,54.50262804614828,36.200886288705284,,92.96482412060301,64.55999755859375
2015-10-16,55.78137969970703,55.055602803143266,38.955807977829046,,95.5,64.55999755859375
2015-10-19,54.018760681152344,54.053322419269385,37.3252906355838,,94.02985074626866,62.52000045776367
2015-10-20,54.05332946777344,53.74228037613706,36.49650429569364,,92.57425742574257,62.560001373291016
2015-10-21,51.80686950683594,52.98194247590719,31.240861282222383,,86.69950738916256,59.959999084472656
2015-10-22,54.98648452758789,53.39668030239347,34.442925849044855,,90.19607843137256,63.63999938964844
2015-10-23,55.78137969970703,56.161552317133236,36.79178045374936,,92.6829268292683,64.55999755859375
2015-10-26,54.29525375366211,54.95191036759917,35.48343929539286,,90.77669902912622,62.84000015258789
2015-10-27,52.56721496582031,52.60177671335617,30.5236134066578,,84.54106280193237,60.84000015258789
2015-10-28,50.77003479003906,52.84369313662833,22.04764217338899,,79.8076923076923,58.7599983215332
2015-10-29,49.35303497314453,49.14567112185626,12.527136625266325,,71.77033492822966,57.119998931884766
2015-10-30,49.594966888427734,50.320747004218994,8.462256969857226,,64.76190476190476,57.400001525878906
2015-11-02,52.29071807861328,50.804596164430116,10.089529480665645,,68.24644549763033,60.52000045776367
2015-11-03,54.39892578125,51.97966032859249,18.69866475727913,,76.41509433962264,62.959999084472656
2015-11-04,53.15474319458008,55.470323886286394,16.270903789077792,,73.70892018779342,61.52000045776367
2015-11-05,53.36210632324219,53.08561898187739,15.919486448439399,,72.89719626168224,61.7599983215332
2015-11-06,51.219337463378906,49.90602069560128,5.5105193917998365,,61.395348837209305,59.279998779296875
2015-11-09,47.348506927490234,48.97287270918067,-12.826042368355436,,45.83333333333333,54.79999923706055
2015-11-10,46.83009719848633,46.69185350290366,-21.635286766482448,,31.797235023041477,54.20000076293945
2015-11-11,47.03745651245117,47.86692190114753,-25.441099458437073,,27.522935779816514,54.439998626708984
2015-11-12,45.6550178527832,46.3807979786726,-30.164520041283726,,23.74429223744292,52.84000015258789
2015-11-13,43.68504333496094,44.68731078405788,-33.764874119258764,,19.545454545454547,50.560001373291016
2015-11-16,46.34623718261719,44.168896760455326,-27.124802811789394,,26.69683257918552,53.63999938964844
2015-11-17,45.89693832397461,46.51903644679596,-25.11506085903093,,28.82882882882883,53.119998931884766
2015-11-18,47.31393814086914,45.724134341249595,-18.628648808103378,,38.11659192825112,54.7599983215332
2015-11-19,48.7309455871582,48.316211246102355,-10.283368379068772,,50.44642857142857,56.400001525878906
2015-11-20,49.97512435913086,49.97512435913086,-1.9704237425117337,,57.77777777777777,57.84000015258789
2015-11-23,48.7309455871582,49.422163995602354,-0.7139354648959206,,59.29203539823009,56.400001525878906
2015-11-24,49.456722259521484,47.624989486065374,2.3873184862336188,,62.11453744493392,57.2400016784668
2015-11-25,48.35076904296875,48.489012713370805,0.04157396540088817,,59.210526315789465,55.959999084472656
2015-11-27,45.13661193847656,46.415366970266305,-12.695569136556598,,46.724890829694324,52.2400016784668
2015-11-30,45.240291595458984,44.72187528171435,-18.831198391889938,,35.65217391304348,52.36000061035156
2015-12-01,46.449920654296875,45.93150766349027,-17.098695825876927,,39.82683982683983,53.7599983215332
2015-12-02,44.68731689453125,45.585899240186414,-22.458809210616558,,31.46551724137931,51.720001220703125
2015-12-03,43.89240646362305,45.20572297777732,-27.639856483364728,,24.463519313304722,50.79999923706055
2015-12-04,44.82554626464844,42.85557017258133,-25.07204432259066,,28.205128205128204,51.880001068115234
2015-12-07,42.544532775878906,43.546800238225906,-30.017785094723493,,22.97872340425532,49.2400016784668
2015-12-08,41.05841064453125,39.98701970126623,-31.901149112437587,,21.610169491525426,47.52000045776367
2015-12-09,40.15981674194336,40.747353056686855,-35.659080397585505,,14.345991561181433,46.47999954223633
2015-12-10,39.330360412597656,39.77965314574553,-38.74223331682332,,8.823529411764707,45.52000045776367
2015-12-11,36.04707336425781,36.911097149242025,-41.48770451456254,,3.765690376569038,41.720001220703125
2015-12-14,37.67142868041992,37.15301582451972,-39.63466651718293,,7.5,43.599998474121094
2015-12-15,39.503177642822266,39.19212848091186,-32.57499332459326,,21.991701244813278,45.720001220703125
2015-12-16,41.81875228881836,40.43631226261585,-21.31974624983115,,35.53719008264463,48.400001525878906
2015-12-17,40.22895050048828,41.887874663317824,-19.84866625185434,,37.03703703703704,46.560001373291016
2015-12-18,39.74510955810547,40.19440249645508,-20.740571478089187,,36.0655737704918,46.0
2015-12-21,40.74736404418945,40.85104598181123,-17.08034256504778,,43.26530612244898,47.15999984741211
2015-12-22,41.54226303100586,40.643677549725396,-11.618574272358702,,51.21951219512195,48.08000183105469
2015-12-23,43.40856170654297,42.54453781609099,-2.1603441923312685,,59.91902834008097,50.2400016784668
2015-12-24,42.92470169067383,42.717334533061816,2.3190458215522094,,64.51612903225806,49.68000030517578
2015-12-28,41.991554260253906,41.887872329850246,3.4648619698145073,,65.86345381526104,48.599998474121094
2015-12-29,42.16437530517578,42.30261902895707,4.98140950523122,,66.4,48.79999923706055
2015-12-30,40.09070587158203,40.885606190130716,-2.7742543411673193,,58.964143426294825,46.400001525878906
2015-12-31,39.779659271240234,40.09070838793115,-7.3928683189805025,,55.952380952380956,46.040000915527344
2016-01-04,36.60005569458008,36.6691758978839,-20.97389991495573,,34.78260869565217,42.36000061035156
2016-01-05,36.807411193847656,37.0493400901303,-26.72740599618199,,26.77165354330709,42.599998474121094
2016-01-06,34.63007354736328,34.664631992476764,-34.10780582165746,,16.862745098039216,40.08000183105469
2016-01-07,31.450469970703125,31.934321225151514,-39.461224069377735,,7.421875,36.400001525878906
2016-01-08,30.448204040527344,32.072566618315726,-42.33129711097751,,3.11284046692607,35.2400016784668
2016-01-11,30.41363525390625,31.346779146875132,-42.628987037366656,,2.3255813953488373,35.20000076293945
2016-01-12,30.586442947387695,31.035732409829006,-42.32145061079425,,3.861003861003861,35.400001525878906
2016-01-13,29.549612045288086,31.657828747096403,-43.73055600402771,,1.153846153846154,34.20000076293945
2016-01-14,30.759246826171875,29.68785912981174,-41.31568627991283,,5.363984674329502,35.599998474121094
2016-01-15,27.095783233642578,27.164905062381692,-42.09943173661571,,4.580152671755725,31.360000610351562
2016-01-19,28.27085304260254,29.2039968099513,-40.12163355362891,,7.984790874524715,32.720001220703125
2016-01-20,26.50824546813965,26.300879992852337,-40.19503242414863,,7.954545454545454,30.68000030517578
2016-01-21,26.715618133544922,26.370008915050402,-39.71875389511588,,9.811320754716983,30.920000076293945
2016-01-22,29.51505470275879,29.307687527690195,-32.112961021047,,25.18796992481203,34.15999984741211
2016-01-25,27.95981216430664,28.96207969312405,-31.202949341439083,,26.217228464419474,32.36000061035156
2016-01-26,29.169443130493164,28.409104531122054,-26.89396274002461,,30.223880597014922,33.7599983215332
2016-01-27,28.858396530151367,29.16944233266506,-25.139415384918724,,32.342007434944236,33.400001525878906
2016-01-28,30.24083709716797,30.551886234668615,-19.49404302420712,,40.370370370370374,35.0
2016-01-29,33.1093864440918,31.65782642913256,-6.732203588718702,,59.040590405904055,38.31999969482422
2016-02-01,32.245357513427734,31.519577624547217,-1.9641962341413517,,62.86764705882353,37.31999969482422
2016-02-02,29.100326538085938,30.621007220954834,-6.865544499661959,,58.60805860805861,33.68000030517578
2016-02-03,31.55414390563965,30.03346044494042,-0.1548457994610573,,64.59854014598541,36.52000045776367
2016-02-04,32.27993392944336,32.3490541285953,8.410639774488514,,71.27272727272728,37.36000061035156
2016-02-05,31.139423370361328,31.899762059119,11.783295939940691,,75.36231884057972,36.040000915527344
2016-02-08,29.89522361755371,29.722421485929328,8.626224768805907,,72.20216606498195,34.599998474121094
2016-02-09,28.616466522216797,28.16717376342972,1.2940028789516616,,64.74820143884892,33.119998931884766
2016-02-10,28.996644973754883,29.61873997702243,-0.33394620814102577,,63.44086021505376,33.560001373291016
2016-02-11,27.57963752746582,27.303150197545477,-7.824574264850531,,56.785714285714285,31.920000076293945
2016-02-12,28.962081909179688,28.30542189068138,-4.259095745964152,,59.430604982206404,33.52000045776367
2016-02-16,30.966611862182617,30.621001037867973,6.454128380639851,,69.8581560283688,35.84000015258789
2016-02-17,32.72922134399414,31.72695390221977,19.194526813226346,,82.68551236749117,37.880001068115234
2016-02-18,32.107120513916016,33.00570595165909,23.389871838480794,,85.91549295774648,37.15999984741211
2016-02-19,31.657825469970703,31.51958182016252,22.87295185357673,,85.26315789473684,36.63999938964844
2016-02-22,34.04254150390625,33.31676132750249,30.947550612424358,,89.16083916083916,39.400001525878906
2016-02-23,31.86519432067871,32.93658184079469,25.399395953407467,,86.06271777003485,36.880001068115234
2016-02-24,31.657825469970703,30.309950708338093,21.29570745558896,,83.68055555555556,36.63999938964844
2016-02-25,31.934316635131836,31.554147376138243,20.76598858856479,,83.04498269896193,36.959999084472656
2016-02-26,31.00118064880371,32.625543322645925,15.726425367395928,,77.24137931034483,35.880001068115234
2016-02-29,31.83063507080078,31.934316997887894,17.473802814514443,,79.72508591065292,36.84000015258789
2016-03-01,35.14848327636719,33.662361504300165,28.55278327416394,,86.98630136986301,40.68000030517578
2016-03-02,36.565486907958984,35.321293824024586,34.600798454652306,,92.4914675767918,42.31999969482422
2016-03-03,37.913368225097656,36.738295238053375,38.56070170300626,,96.5986394557823,43.880001068115234
2016-03-04,40.021583557128906,38.984754301537045,39.95357697550499,,96.94915254237289,46.31999969482422
2016-03-07,39.88334274291992,38.88107515953591,40.396300325886095,,96.95945945945947,46.15999984741211
2016-03-08,37.8787956237793,38.43177021309178,36.09041648734909,,92.5925925925926,43.84000015258789
2016-03-09,38.57002258300781,38.57002258300781,35.328352353466805,,91.61073825503355,44.63999938964844
2016-03-10,38.77738952636719,39.22668230320976,35.33674900864439,,91.63879598662207,44.880001068115234
2016-03-11,41.1966552734375,40.470875145620646,38.644807179132144,,96.0,47.68000030517578
2016-03-14,40.50543975830078,40.78192713172349,38.947051469498405,,96.01328903654485,46.880001068115234
2016-03-15,38.742835998535156,38.53546878986944,33.81929808958296,,88.74172185430463,44.84000015258789
2016-03-16,41.02385330200195,37.74056322719441,36.804677981979374,,93.3993399339934,47.47999954223633
2016-03-17,43.75416946411133,42.6827816813224,39.60021086605043,,96.38157894736842,50.63999938964844
2016-03-18,44.341705322265625,44.47994901142665,40.69429534126138,,97.04918032786885,51.31999969482422
2016-03-21,44.68731689453125,44.34170601820955,41.703951648978936,,98.36601307189542,51.720001220703125
2016-03-22,44.44538116455078,43.47767547325122,41.760111246120466,,98.37133550488599,51.439998626708984
2016-03-23,42.12978744506836,43.27030157954743,36.30331783719926,,90.9090909090909,48.7599983215332
2016-03-24,41.81875228881836,40.73008047978483,32.19655523116179,,85.43689320388349,48.400001525878906
2016-03-28,42.2161979675293,41.85330630427267,30.82202603239599,,84.19354838709677,48.86000061035156
2016-03-29,44.013370513916016,41.43858002471923,34.193538550656065,,87.45980707395499,50.939998626708984
2016-03-30,45.36988067626953,45.95741702538041,36.173769027247104,,90.38461538461539,52.5099983215332
2016-03-31,45.205726623535156,45.75870134861985,36.571276330161076,,91.69329073482429,52.31999969482422
2016-04-01,44.83418655395508,42.29395821615059,35.20502417988759,,88.21656050955414,51.88999938964844
2016-04-04,43.132057189941406,44.71322198421119,27.957342623552584,,80.63492063492063,49.91999816894531
2016-04-05,40.635047912597656,41.15346429334686,14.446230675286408,,70.56962025316456,47.029998779296875
2016-04-06,42.04338836669922,40.30670237587243,12.929845342293952,,69.71608832807571,48.65999984741211
2016-04-07,39.6154899597168,40.53135637538523,1.9584047026923723,,58.490566037735846,45.849998474121094
2016-04-08,41.611392974853516,42.15572898197519,4.835003918305522,,61.12852664576802,48.15999984741211
2016-04-11,43.149349212646484,43.67640428032344,10.964927190725096,,67.1875,49.939998626708984
2016-04-12,45.23164367675781,43.70232448283626,21.53939550898478,,77.88161993769471,52.349998474121094
2016-04-13,47.659549713134766,47.460824647008344,31.654082176397146,,84.472049689441,55.15999984741211
2016-04-14,47.02016830444336,47.44354136887166,34.646202263449624,,87.92569659442725,54.41999816894531
2016-04-15,46.2771110534668,46.75232343435119,33.19537720186209,,84.5679012345679,53.560001373291016
2016-04-18,46.812808990478516,45.663655772991326,34.167172610936916,,86.46153846153845,54.18000030517578
2016-04-19,48.92966079711914,48.27300096965217,37.69092823586569,,93.55828220858896,56.630001068115234
2016-04-20,48.2125244140625,47.84099393924535,37.15291800909098,,92.35474006116208,55.79999923706055
2016-04-21,46.795528411865234,47.89283902249666,32.11463985035553,,83.23170731707317,54.15999984741211
2016-04-22,46.052467346191406,46.21663397571874,27.0786998938511,,78.72340425531915,53.29999923706055
2016-04-25,45.102046966552734,45.8019041963715,21.246471172629533,,75.45454545454545,52.20000076293945
2016-04-26,46.501766204833984,46.087035126832,22.753577849021777,,76.73716012084593,53.81999969482422
2016-04-27,47.3830680847168,45.89694600740812,26.376556232938896,,78.6144578313253,54.84000015258789
2016-04-28,45.8451042175293,45.92286649171315,22.927120613628823,,76.87687687687688,53.060001373291016
2016-04-29,45.309410095214844,45.47357673827771,19.119272156949254,,72.15568862275448,52.439998626708984
2016-05-02,44.94651412963867,45.30940250850845,15.851133101829099,,68.65671641791045,52.02000045776367
2016-05-03,41.22257995605469,42.30260984358068,-1.867187583116621,,52.083333333333336,47.709999084472656
2016-05-04,39.07115936279297,40.35855304731387,-19.036035788766437,,33.23442136498516,45.220001220703125
2016-05-05,39.088443756103516,40.3412758086024,-26.913400396020492,,23.964497041420117,45.2400016784668
2016-05-06,39.22667694091797,38.6736990093267,-29.85358689043791,,21.828908554572273,45.400001525878906
2016-05-09,37.792396545410156,38.99338891202301,-33.725601642332165,,17.352941176470587,43.7400016784668
2016-05-10,39.857421875,39.02795645840616,-27.05220202421479,,24.34017595307918,46.130001068115234
2016-05-11,39.60685729980469,39.82286328348687,-24.710453844473644,,28.07017543859649,45.84000015258789
2016-05-12,39.32172393798828,40.28079093823009,-24.67120711900509,,28.279883381924197,45.5099983215332
2016-05-13,37.196224212646484,38.26761518299992,-30.479194059223243,,20.930232558139537,43.04999923706055
2016-05-16,38.54410171508789,38.30217610913274,-28.290507727660554,,23.18840579710145,44.61000061035156
2016-05-17,37.93064880371094,38.25033670929782,-28.838453289047145,,23.121387283236995,43.900001525878906
2016-05-18,36.841976165771484,37.17894493743571,-31.502325301350574,,20.461095100864554,42.63999938964844
2016-05-19,35.856990814208984,35.87427168722855,-34.085176509164675,,15.517241379310345,41.5
2016-05-20,36.88517761230469,36.79013775578066,-30.780209879378127,,21.20343839541547,42.689998626708984
2016-05-23,36.643245697021484,36.643245697021484,-29.764017723235458,,22.857142857142858,42.40999984741211
2016-05-24,37.78376007080078,37.25670502973442,-23.251288992941884,,31.62393162393162,43.72999954223633
2016-05-25,39.157562255859375,38.86379400273464,-14.716894247663934,,42.04545454545455,45.31999969482422
2016-05-26,39.900611877441406,40.082056050433806,-7.141674718338639,,50.14164305949008,46.18000030517578
2016-05-27,39.83150100708008,40.35855612052389,-2.392748444800307,,53.38983050847458,46.099998474121094
2016-05-31,40.09070587158203,40.22030746474232,2.291384001913928,,58.59154929577465,46.400001525878906
2016-06-01,39.926536560058594,39.6500492246823,8.16150965019275,,62.64044943820225,46.209999084472656
2016-06-02,40.8769645690918,39.89197473100233,21.163214533438925,,75.91036414565826,47.310001373291016
2016-06-03,42.76917266845703,42.414923087285125,30.0762369591032,,81.84357541899442,49.5
2016-06-06,44.13433837890625,43.322153877362254,35.460296879229915,,89.97214484679665,51.08000183105469
2016-06-07,45.36988067626953,44.981072668289436,39.1660184103945,,95.83333333333334,52.5099983215332
2016-06-08,46.3548698425293,46.22526497746804,41.38478219766635,,98.06094182825484,53.650001525878906
2016-06-09,44.72187423706055,44.479948607224586,37.428471974446474,,93.37016574585635,51.7599983215332
2016-06-10,41.421295166015625,42.00019276136961,24.05812956117714,,78.23691460055096,47.939998626708984
2016-06-13,39.6154899597168,39.70189431741527,10.216787026727824,,64.56043956043956,45.849998474121094
2016-06-14,39.22667694091797,39.26123538365151,1.3365276033834945,,55.61643835616439,45.400001525878906
2016-06-15,40.280784606933594,40.39310861258345,0.6622752077421623,,55.19125683060109,46.619998931884766
2016-06-16,40.03886413574219,38.23305421175422,-0.6532268642779514,,53.950953678474114,46.34000015258789
2016-06-17,40.23759078979492,40.185748171776225,-0.5684468179995998,,54.07608695652174,46.56999969482422
2016-06-20,42.43220520019531,42.656849916014714,6.92220139015331,,60.97560975609756,49.11000061035156
2016-06-21,43.46039581298828,43.01110304837342,14.264081247379428,,68.64864864864865,50.29999923706055
2016-06-22,43.63319396972656,44.28121170195023,18.08362503469035,,71.96765498652292,50.5
2016-06-23,46.925132751464844,45.51677306499368,30.444096270116944,,81.98924731182797,54.310001373291016
2016-06-24,38.44042205810547,38.898353638187054,5.359057714610041,,59.24932975871313,44.4900016784668
2016-06-27,36.850616455078125,37.86152272083257,-11.36580350448035,,43.31550802139038,42.650001525878906
2016-06-28,40.151180267333984,39.546363050166974,-7.409847075719483,,47.199999999999996,46.470001220703125
2016-06-29,43.166629791259766,42.41492998141864,4.5589049350948425,,58.77659574468085,49.959999084472656
2016-06-30,44.53178024291992,43.754157630254085,14.731943227235755,,69.23076923076923,51.540000915527344
2016-07-01,45.69821548461914,45.30076535174821,23.246147186133573,,78.04232804232805,52.88999938964844
2016-07-05,42.8469352722168,43.80600210338261,19.182254084066365,,73.08707124010554,49.59000015258789
2016-07-06,42.440853118896484,41.075697068438075,15.702009406177334,,68.94736842105263,49.119998931884766
2016-07-07,42.19028854370117,43.097512977882474,12.715553635864966,,66.92913385826772,48.83000183105469
2016-07-08,44.79100036621094,43.60728851283248,19.121185821214556,,73.03664921465969,51.84000015258789
2016-07-11,46.15614318847656,46.00062195911083,26.543856797125308,,79.89556135770235,53.41999816894531
2016-07-12,48.005165100097656,47.94468369577918,32.21338322926249,,84.89583333333334,55.560001373291016
2016-07-13,47.858280181884766,48.18661016541376,34.71414726944963,,88.31168831168831,55.38999938964844
2016-07-14,49.871456146240234,49.34440108655642,37.63972961478439,,93.78238341968913,57.720001220703125
2016-07-15,49.56040573120117,49.8109734244198,38.26618363257542,,94.31524547803618,57.36000061035156
2016-07-18,50.804595947265625,49.07654844364442,40.36678478982834,,96.3917525773196,58.79999923706055
2016-07-19,49.344398498535156,49.59496618524128,37.70098313574982,,93.573264781491,57.11000061035156
2016-07-20,50.096092224121094,49.63816073160726,37.86404815290044,,93.58974358974359,57.97999954223633
2016-07-21,49.594966888427734,49.71592969172808,36.43469852079183,,90.02557544757033,57.400001525878906
2016-07-22,50.64044189453125,50.096105908331864,38.13007937329932,,93.87755102040816,58.61000061035156
2016-07-25,49.20615768432617,50.052900640600704,34.846843945165716,,86.76844783715013,56.95000076293945
2016-07-26,50.2689094543457,49.94922154256229,35.61227886205611,,88.57868020304569,58.18000030517578
2016-07-27,50.761390686035156,50.54538476822224,36.592114135621244,,90.63291139240506,58.75
2016-07-28,50.778682708740234,50.51083412526215,37.02701112379516,,91.16161616161617,58.77000045776367
2016-07-29,51.642704010009766,50.804599851628204,38.71922880582624,,94.96221662468514,59.77000045776367
2016-08-01,51.28844451904297,51.99694365012772,37.47491540794433,,92.21105527638191,59.36000061035156
2016-08-02,50.1911506652832,51.011974065172694,32.303274802663545,,81.95488721804512,58.09000015258789
2016-08-03,50.74411392211914,49.08518992118918,31.40904878673011,,80.5,58.72999954223633
2016-08-04,51.59086608886719,51.10701481607399,33.755118670905496,,83.29177057356608,59.709999084472656
2016-08-05,53.3793830871582,52.65360304791861,38.06026268858313,,93.53233830845771,61.779998779296875
2016-08-08,54.4853401184082,54.44213629312036,40.26176081411007,,96.27791563275434,63.060001373291016
2016-08-09,55.57400894165039,55.12471618315328,40.92340755842419,,97.27722772277228,64.31999969482422
2016-08-10,55.565364837646484,56.51579622912328,40.5940525555102,,96.54320987654322,64.30999755859375
2016-08-11,57.67359924316406,56.213396643529116,42.20477730099583,,99.01477832512316,66.75
2016-08-12,57.163814544677734,57.28477734248989,41.786122967263964,,98.52579852579852,66.16000366210938
2016-08-15,58.909141540527344,58.477129650846734,42.31506126372593,,99.01960784313727,68.18000030517578
2016-08-16,58.06240463256836,58.563540086908716,40.68230787985139,,95.84352078239608,67.19999694824219
2016-08-17,57.09469223022461,56.72316174592344,36.80437180375811,,88.53658536585365,66.08000183105469
2016-08-18,58.59809494018555,58.05376230919234,38.663742455077596,,93.18734793187348,67.81999969482422
2016-08-19,57.65629196166992,56.60218222038599,36.39267150464994,,86.6504854368932,66.7300033569336
2016-08-22,55.2716064453125,55.936901905804135,25.001854658099347,,73.36561743341404,63.970001220703125
2016-08-23,54.649505615234375,56.67131815289733,16.397507276226158,,64.97584541062803,63.25
2016-08-24,55.055599212646484,54.36437751549181,13.044300202249826,,61.9277108433735,63.720001220703125
2016-08-25,55.23703384399414,54.51125382466101,11.779702842075078,,59.61538461538461,63.93000030517578
2016-08-26,53.75956726074219,55.51353469522887,4.732635584858201,,53.23741007194245,62.220001220703125
2016-08-29,54.934635162353516,53.84596332114261,6.249021230665894,,54.54545454545454,63.58000183105469
2016-08-30,54.580379486083984,55.22839730785253,5.197224899800075,,53.699284009546545,63.16999816894531
2016-08-31,52.809139251708984,53.742286635298264,-3.4849529656042217,,44.761904761904766,61.119998931884766
2016-09-01,53.89781188964844,52.89554429591164,-6.112712440436269,,43.46793349168646,62.380001068115234
2016-09-02,56.481239318847656,56.16154813328436,2.7291293954826767,,52.13270142180095,65.37000274658203
2016-09-06,60.12740707397461,58.77953218999648,21.62518150808486,,71.39479905437352,69.58999633789062
2016-09-07,59.66083526611328,60.2915688348436,28.855551334268313,,75.94339622641509,69.05000305175781
2016-09-08,59.13378143310547,59.678113966099886,29.981238988679294,,76.47058823529412,68.44000244140625
2016-09-09,53.2152214050293,56.33434428660503,2.6940464067467342,,51.64319248826291,61.59000015258789
2016-09-12,54.31254577636719,50.977412817237045,-4.205673684358445,,44.02810304449648,62.86000061035156
2016-09-13,50.23434066772461,51.80686364063047,-19.92306134911998,,28.504672897196258,58.13999938964844
2016-09-14,50.63179397583008,50.649074847558424,-26.085459005265776,,22.61072261072261,58.599998474121094
2016-09-15,53.20658874511719,51.763667242922764,-20.47113985097203,,28.13953488372093,61.58000183105469
2016-09-16,52.02288055419922,51.83279752897247,-21.484216201914748,,26.91415313225058,60.209999084472656
2016-09-19,53.29299545288086,54.113818833053855,-17.39271349196649,,32.870370370370374,61.68000030517578
2016-09-20,53.396663665771484,54.493974153405205,-14.887712401801743,,35.33487297921478,61.79999923706055
2016-09-21,57.906864166259766,54.87414249795973,2.525367618013461,,52.30414746543779,67.0199966430664
2016-09-22,59.159706115722656,59.44483552998857,15.754692213999997,,64.82758620689654,68.47000122070312
2016-09-23,56.75772476196289,57.55262506511152,14.045352369135088,,63.30275229357798,65.69000244140625
2016-09-26,54.41621017456055,55.19383279357641,4.304765587602018,,53.31807780320366,62.97999954223633
2016-09-27,56.60219192504883,55.44439679051541,6.902572975968189,,55.93607305936074,65.51000213623047
2016-09-28,58.17472457885742,56.9391702696503,13.645094680846245,,63.097949886104786,67.33000183105469
2016-09-29,55.12471389770508,57.302054115847504,6.248552651073324,,55.00000000000001,63.79999923706055
2016-09-30,55.98011016845703,55.764104189998086,5.478683514152721,,54.421768707483,64.79000091552734
2016-10-03,57.06877136230469,56.152901704149535,8.693829494050123,,58.144796380090504,66.05000305175781
2016-10-04,55.03831100463867,56.999645222514495,2.824937913865311,,51.91873589164786,63.70000076293945
2016-10-05,57.46623229980469,56.8009301952814,8.887165363274505,,58.78378378378378,66.51000213623047
2016-10-06,57.66494369506836,56.51579710818879,13.096862214779645,,63.146067415730336,66.73999786376953
2016-10-07,56.86140060424805,57.898233054441974,12.191892291079018,,61.88340807174888,65.80999755859375
2016-10-10,58.6672248840332,57.92416379310419,18.3425431791331,,68.45637583892618,67.9000015258789
2016-10-11,54.597660064697266,55.65177339983912,6.02934661033937,,54.46428571428571,63.189998626708984
2016-10-12,54.34709548950195,54.04468519776087,-3.294544656738003,,44.097995545657014,62.900001525878906
2016-10-13,52.8696174621582,51.86734994188945,-13.478537226024883,,35.77777777777777,61.189998626708984
2016-10-14,53.05105972290039,54.24341012826086,-18.19390070740983,,30.820399113082043,61.400001525878906
2016-10-17,52.92145919799805,52.85233571003191,-21.629883453546338,,25.663716814159294,61.25
2016-10-18,55.755462646484375,55.591295991828154,-10.789191988435068,,38.41059602649007,64.52999877929688
2016-10-19,56.731807708740234,56.46395583952366,-1.091997716925717,,46.69603524229075,65.66000366210938
2016-10-20,56.17018508911133,56.10970369109171,1.7888407701196187,,49.67032967032967,65.01000213623047
2016-10-21,56.17018508911133,55.17655647137931,5.034091334592272,,53.94736842105263,65.01000213623047
2016-10-24,56.79228973388672,57.48350484863303,9.683497633163874,,59.73741794310722,65.7300033569336
2016-10-25,57.0082893371582,56.766357152393304,13.527272351379699,,64.19213973799127,65.9800033569336
2016-10-26,55.25432205200195,55.12471716505396,5.479839172401203,,54.46623093681917,63.95000076293945
2016-10-27,53.802757263183594,55.39256103460085,-5.539923801530026,,42.391304347826086,62.27000045776367
2016-10-28,53.18930435180664,54.01012429472601,-13.96174220514282,,34.924078091106296,61.560001373291016
2016-10-31,54.1310920715332,53.79412002287476,-14.229203345221942,,34.63203463203463,62.650001525878906
2016-11-01,52.72272491455078,54.66677817852689,-20.053876193800626,,26.78185745140389,61.02000045776367
2016-11-02,50.85643005371094,52.22158563934904,-28.897101296946193,,18.103448275862068,58.86000061035156
2016-11-03,50.424434661865234,51.046532916322214,-34.23001246974596,,11.397849462365592,58.36000061035156
2016-11-04,48.92966079711914,49.25798741486393,-38.63169192022241,,8.15450643776824,56.630001068115234
2016-11-07,54.14836502075195,52.42031757850442,-21.290510713058346,,26.33832976445396,62.66999816894531
2016-11-08,55.25432205200195,53.45715098600169,-4.301568608169509,,43.8034188034188,63.95000076293945
2016-11-09,49.8628044128418,50.16521467013276,-17.991944463351313,,31.556503198294244,57.709999084472656
2016-11-10,45.62909698486328,48.54085619908716,-29.173134459032333,,17.659574468085108,52.810001373291016
2016-11-11,43.00246810913086,42.94198670232674,-34.46676785974368,,11.040339702760086,49.77000045776367
2016-11-14,42.07795715332031,42.121157681488135,-38.11484875619219,,8.898305084745763,48.70000076293945
2016-11-15,44.5836181640625,43.09749975591948,-35.39661196952268,,10.570824524312897,51.599998474121094
2016-11-16,43.425838470458984,42.93334512580556,-35.87081522930728,,10.337552742616033,50.2599983215332
2016-11-17,43.624568939208984,43.85785249589836,-35.636391948110415,,10.73684210526316,50.4900016784668
2016-11-18,43.140708923339844,43.918331667605656,-36.379705096602954,,10.084033613445378,49.93000030517578
2016-11-21,44.24665832519531,44.21209658190932,-34.0444168943402,,13.20754716981132,51.209999084472656
2016-11-22,46.2857551574707,46.216634966705406,-27.31878312331445,,20.920502092050206,53.56999969482422
2016-11-23,44.83418655395508,44.33305455217903,-27.02365085454503,,21.50313152400835,51.88999938964844
2016-11-25,45.47356414794922,45.55132640576741,-24.45782045362997,,25.416666666666664,52.630001068115234
2016-11-28,46.02656173706055,45.92287977349168,-21.564798625517696,,27.234927234927238,53.27000045776367
2016-11-29,46.233909606933594,45.52541039262957,-19.363815237418017,,30.29045643153527,53.5099983215332
2016-11-30,46.544960021972656,46.83872823848363,-17.36004998199069,,33.95445134575569,53.869998931884766
2016-12-01,45.05019760131836,46.00062569976993,-20.673561818649148,,28.719008264462808,52.13999938964844
2016-12-02,44.929237365722656,44.77371281885448,-22.6785730727223,,26.18556701030928,52.0
2016-12-05,45.94877624511719,45.53404530421064,-20.264872258560413,,29.218106995884774,53.18000030517578
2016-12-06,46.76960754394531,46.50175898897003,-16.181121677317726,,35.318275154004105,54.130001068115234
2016-12-07,49.0419921875,47.62499360340859,-5.497427346999104,,45.69672131147541,56.7599983215332
2016-12-08,49.802337646484375,48.69638809636903,8.344138276108728,,59.71370143149284,57.63999938964844
2016-12-09,49.02471160888672,48.84326410687259,15.85408524901117,,68.77551020408164,56.7400016784668
2016-12-12,48.031089782714844,48.12613294115066,15.212931828249445,,67.82077393075356,55.59000015258789
2016-12-13,49.594966888427734,48.82598294632419,22.019777897588153,,75.0,57.400001525878906
2016-12-14,45.240291595458984,48.35941837865848,2.2587759198130346,,52.53549695740365,52.36000061035156
2016-12-15,45.39580535888672,45.20571909280892,-7.385965128663901,,43.522267206477736,52.540000915527344
2016-12-16,44.730506896972656,45.03291387055142,-16.251688800391946,,34.74747474747475,51.77000045776367
2016-12-19,43.89240646362305,44.87739302524148,-25.167289986459124,,22.58064516129032,50.79999923706055
2016-12-20,44.25529861450195,44.22073687261741,-30.43016929729386,,17.102615694164992,51.220001220703125
2016-12-21,43.69367980957031,44.4540216156677,-35.32167297422554,,10.843373493975903,50.56999969482422
2016-12-22,42.181640625,42.35444603998922,-37.5906290862147,,9.218436873747494,48.81999969482422
2016-12-23,42.91606521606445,42.26804729581874,-35.739789536680064,,10.4,49.66999816894531
2016-12-27,43.434471130371094,43.22710399530681,-32.44325313521006,,15.768463073852296,50.27000045776367
2016-12-28,44.45402526855469,44.55770720190944,-25.391997708627272,,23.306772908366533,51.45000076293945
2016-12-29,46.553611755371094,45.758708000515504,-10.94936952559385,,41.15308151093439,53.880001068115234
2016-12-30,45.6550178527832,46.63136567241769,-8.26222099051587,43.84920634920635,43.84920634920635,52.84000015258789
2017-01-03,47.262107849121094,47.24482697565356,1.9451135466388907,52.77777777777778,52.77777777777778,54.70000076293945
2017-01-04,48.307579040527344,48.0483725140392,12.18230762044614,64.88095238095238,64.88095238095238,55.90999984741211
2017-01-05,49.966495513916016,49.37031701138306,23.87910713985107,77.38095238095238,77.38095238095238,57.83000183105469
2017-01-06,49.2407112121582,49.37895486978887,26.41243598351427,78.37301587301587,78.37301587301587,56.9900016784668
2017-01-09,49.15430450439453,49.24070884625516,27.26421026953732,78.76984126984127,78.76984126984127,56.88999938964844
2017-01-10,50.03561782836914,50.02697904065582,29.571030140800598,79.76190476190477,79.76190476190477,57.90999984741211
2017-01-11,51.83279037475586,50.251625203218204,34.971966200462894,86.5079365079365,86.5079365079365,59.9900016784668
2017-01-12,52.3943977355957,52.41167860547551,38.16923476436886,93.45238095238095,93.45238095238095,60.63999938964844
2017-01-13,52.37710952758789,51.824134952862615,39.7173626230771,95.43650793650794,95.43650793650794,60.619998931884766
2017-01-17,52.22159194946289,52.01422810440521,39.729061014271764,95.43650793650794,95.43650793650794,60.439998626708984
2017-01-18,51.31436538696289,52.31663271531213,35.75588636405217,87.5,87.5,59.38999938964844
2017-01-19,50.87371826171875,51.452612580069044,31.556767091938042,81.15079365079364,81.15079365079364,58.880001068115234
2017-01-20,51.17612838745117,51.03788471369771,30.169318130296414,79.36507936507937,79.36507936507937,59.22999954223633
2017-01-23,53.4571418762207,52.23886867127784,35.89449254067255,87.5,87.5,61.869998931884766
2017-01-24,54.46805953979492,54.17429132460229,38.54772743490983,93.45238095238095,93.45238095238095,63.040000915527344
2017-01-25,56.265228271484375,55.56536456016659,41.35183441138038,97.81746031746032,97.81746031746032,65.12000274658203
2017-01-26,55.6258544921875,56.222033073150094,41.28951229740217,97.61904761904762,97.61904761904762,64.37999725341797
2017-01-27,55.58264923095703,55.53944540681241,41.026260453569094,96.82539682539682,96.82539682539682,64.33000183105469
2017-01-30,54.70134735107422,54.442137577189904,37.06239546300358,89.48412698412699,89.48412698412699,63.310001373291016
2017-01-31,54.960548400878906,54.91734787482788,35.72794423339841,86.11111111111111,86.11111111111111,63.61000061035156
2017-02-01,55.1938362121582,55.772733819056455,35.477332637636344,85.51587301587301,85.51587301587301,63.880001068115234
2017-02-02,55.85049819946289,55.67769607534209,37.51533445031179,90.67460317460318,90.67460317460318,64.63999938964844
2017-02-03,56.87004089355469,56.593553567286754,39.91436681141801,94.84126984126983,94.84126984126983,65.81999969482422
2017-02-06,56.49851608276367,56.67131820697586,39.357137259471536,94.04761904761905,94.04761904761905,65.38999938964844
2017-02-07,55.66905212402344,56.1010640118113,34.27965062518369,82.34126984126983,82.34126984126983,64.43000030517578
2017-02-08,56.619483947753906,55.703620742024405,35.84546858658006,85.71428571428571,85.71428571428571,65.52999877929688
2017-02-09,57.448936462402344,57.31933158337773,38.51002471433432,92.26190476190477,92.26190476190477,66.48999786376953
2017-02-10,58.92641830444336,57.84638859510988,41.28626792211577,97.42063492063492,97.42063492063492,68.19999694824219
2017-02-13,59.539886474609375,58.96962757130843,42.46416137324085,99.40476190476191,99.40476190476191,68.91000366210938
2017-02-14,59.69540023803711,59.53988228478482,43.42639040530691,100.0,100.0,69.08999633789062
2017-02-15,61.12104415893555,59.729965259121066,43.93511800846051,100.0,100.0,70.73999786376953
2017-02-16,60.4384651184082,61.328415213037864,42.32737865345187,98.61111111111111,98.61111111111111,69.94999694824219
2017-02-17,59.57443618774414,59.01282601192935,38.14602869460202,90.47619047619048,90.47619047619048,68.94999694824219
2017-02-21,61.63945388793945,60.78407218334901,40.711394704924444,95.23809523809523,95.23809523809523,71.33999633789062
2017-02-22,62.14923095703125,61.37160823415878,42.17262397420145,98.01587301587301,98.01587301587301,71.93000030517578
2017-02-23,62.19243240356445,63.229258266408024,40.637728909121456,94.44444444444444,94.44444444444444,71.9800033569336
2017-02-24,60.058284759521484,60.006438858838216,29.472559766480906,74.40476190476191,74.40476190476191,69.51000213623047
2017-02-27,59.43620300292969,59.57444339475321,19.491797115023193,67.85714285714286,67.85714285714286,68.79000091552734
2017-02-28,57.81184005737305,59.246116247579415,5.023778629376988,54.36507936507936,54.36507936507936,66.91000366210938
2017-03-01,60.31749725341797,59.16835064961863,8.939608066371889,58.92857142857143,58.92857142857143,69.80999755859375
2017-03-02,57.26749038696289,58.6585690860336,-5.153134563902376,45.23809523809524,45.23809523809524,66.27999877929688
2017-03-03,58.63265609741211,58.02784206902465,-7.095934558233171,43.84920634920635,43.84920634920635,67.86000061035156
2017-03-06,58.63265609741211,58.80545822210038,-8.037232650259392,42.857142857142854,42.857142857142854,67.86000061035156
2017-03-07,58.87458419799805,59.15107156437634,-7.0829721834798365,44.047619047619044,44.047619047619044,68.13999938964844
2017-03-08,57.28478240966797,58.41665151445,-15.26618871595306,35.714285714285715,35.714285714285715,66.30000305175781
2017-03-09,55.841854095458984,56.32571189105386,-24.319138970493018,25.396825396825395,25.396825396825395,64.62999725341797
2017-03-10,57.604461669921875,57.111968397473234,-21.08762104171481,28.174603174603174,28.174603174603174,66.66999816894531
2017-03-13,59.9632568359375,59.4448438415015,-7.558903801199521,42.857142857142854,42.857142857142854,69.4000015258789
2017-03-14,59.10786437988281,59.48803032468666,-4.875842995358854,45.63492063492063,45.63492063492063,68.41000366210938
2017-03-15,63.55758285522461,59.85956238127421,14.525201351626846,63.69047619047619,63.69047619047619,73.55999755859375
2017-03-16,64.62897491455078,64.90546223280862,24.97137805913019,71.82539682539682,71.82539682539682,74.80000305175781
2017-03-17,64.43889617919922,64.9573091375302,29.544002589534628,74.40476190476191,74.40476190476191,74.58000183105469
2017-03-20,66.71129608154297,65.63126601949497,34.56480924281094,80.35714285714286,80.35714285714286,77.20999908447266
2017-03-21,64.36976623535156,67.6789786185188,27.91285469509245,73.01587301587301,73.01587301587301,74.5
2017-03-22,65.37202453613281,64.25743337277393,27.116089077869848,72.42063492063492,72.42063492063492,75.66000366210938
2017-03-23,65.38931274414062,64.64625184768626,26.725238469288954,72.02380952380952,72.02380952380952,75.68000030517578
2017-03-24,65.98551177978516,65.20788890232146,28.207441538447608,73.21428571428571,73.21428571428571,76.37000274658203
2017-03-27,65.37202453613281,64.62032167936245,26.65771061364504,71.62698412698413,71.62698412698413,75.66000366210938
2017-03-28,65.82997131347656,65.24243490255043,27.203418829162107,72.22222222222221,72.22222222222221,76.19000244140625
2017-03-29,66.18421936035156,65.45844255883338,28.73758538890771,73.4126984126984,73.4126984126984,76.5999984741211
2017-03-30,65.20787048339844,65.40659224529749,25.174549551857755,70.23809523809523,70.23809523809523,75.47000122070312
2017-03-31,63.65261459350586,63.94638603408922,17.33976904945551,63.69047619047619,63.69047619047619,73.66999816894531
2017-04-03,64.87952423095703,64.36975350826178,17.224269736663995,63.69047619047619,63.69047619047619,75.08999633789062
2017-04-04,64.93138122558594,64.46480764479637,17.261411288234033,63.888888888888886,63.888888888888886,75.1500015258789
2017-04-05,64.28338623046875,65.69174296228447,14.839084776324125,61.70634920634921,61.70634920634921,74.4000015258789
2017-04-06,63.96369171142578,64.13650045593175,11.797924708068447,58.333333333333336,58.333333333333336,74.02999877929688
2017-04-07,63.66127014160156,63.609430826052524,6.9700489015713005,55.35714285714286,55.35714285714286,73.68000030517578
2017-04-10,62.79726028442383,62.94414277229269,-2.39637223027213,46.03174603174603,46.03174603174603,72.68000030517578
2017-04-11,62.50348663330078,62.771338528581154,-8.728220301618512,40.67460317460318,40.67460317460318,72.33999633789062
2017-04-12,63.35021209716797,63.1860454985296,-8.334922090972428,41.07142857142857,41.07142857142857,73.31999969482422
2017-04-13,62.555335998535156,63.69584736162094,-16.82052112370431,33.730158730158735,33.730158730158735,72.4000015258789
2017-04-17,64.37841033935547,63.27246101329339,-9.364304230195307,40.87301587301587,40.87301587301587,74.51000213623047
2017-04-18,61.98507308959961,62.278844645084526,-20.55856134105811,27.976190476190478,27.976190476190478,71.73999786376953
2017-04-19,60.76677322387695,62.45161638122155,-29.13525822585884,17.857142857142858,17.857142857142858,70.33000183105469
2017-04-20,62.98734664916992,62.762698578641974,-20.14054143102401,28.76984126984127,28.76984126984127,72.9000015258789
2017-04-21,63.1082878112793,63.0996457290771,-14.574588874728942,37.10317460317461,37.10317460317461,73.04000091552734
2017-04-24,65.72628021240234,65.80404577041134,4.957063317563796,54.166666666666664,54.166666666666664,76.06999969482422
2017-04-25,67.59258270263672,67.15192873238959,19.137364195630855,68.45238095238095,68.45238095238095,78.2300033569336
2017-04-26,66.6594467163086,67.18650183462906,21.41445844920943,70.43650793650794,70.43650793650794,77.1500015258789
2017-04-27,66.3916015625,67.07418131936339,21.34889328251573,70.43650793650794,70.43650793650794,76.83999633789062
2017-04-28,66.78903198242188,66.624865376538,23.06811534033184,72.22222222222221,72.22222222222221,77.30000305175781
2017-05-01,67.83451843261719,67.5925927946282,27.556306613935323,75.9920634920635,75.9920634920635,78.51000213623047
2017-05-02,69.22559356689453,68.81950130073162,32.4113235566077,81.34920634920636,81.34920634920636,80.12000274658203
2017-05-03,67.84314727783203,68.43068373765541,28.22716769710099,76.38888888888889,76.38888888888889,78.5199966430664
2017-05-04,65.74356842041016,66.82359818096607,15.371759242329542,64.48412698412699,64.48412698412699,76.08999633789062
2017-05-05,67.27289581298828,65.31155803082545,15.649025828917843,64.48412698412699,64.48412698412699,77.86000061035156
2017-05-08,67.22106170654297,67.79995613445169,15.573210812896656,64.28571428571429,64.28571428571429,77.80000305175781
2017-05-09,69.77857971191406,68.78495079884145,24.070558963554248,72.81746031746032,72.81746031746032,80.76000213623047
2017-05-10,71.07459259033203,70.37472889914248,31.346346875148424,79.56349206349206,79.56349206349206,82.26000213623047
2017-05-11,71.64485931396484,71.48069925755446,35.36304017733297,84.52380952380952,84.52380952380952,82.91999816894531
2017-05-12,72.49158477783203,71.94724566529025,37.93083020819863,91.26984126984127,91.26984126984127,83.9000015258789
2017-05-15,74.66893005371094,73.68394351713958,40.298212101695356,95.43650793650794,95.43650793650794,86.41999816894531
2017-05-16,74.9367904663086,74.55661786766787,41.76050072736028,98.4126984126984,98.4126984126984,86.7300033569336
2017-05-17,71.0227279663086,72.94086116140043,29.669538963149854,76.78571428571429,76.78571428571429,82.19999694824219
2017-05-18,67.68761444091797,65.8818080468009,9.056001275869614,57.341269841269835,57.341269841269835,78.33999633789062
2017-05-19,71.7831039428711,70.41794466062694,11.688094971309198,58.13492063492064,58.13492063492064,83.08000183105469
2017-05-22,72.08551025390625,72.05959059305644,12.982751905566955,59.92063492063492,59.92063492063492,83.43000030517578
2017-05-23,72.12007141113281,72.20647247725414,13.752021035839535,60.912698412698404,60.912698412698404,83.47000122070312
2017-05-24,73.10504913330078,72.27558713434044,17.84488695830399,65.67460317460318,65.67460317460318,84.61000061035156
2017-05-25,73.97769927978516,74.2369023915462,23.234348426664077,70.63492063492063,70.63492063492063,85.62000274658203
2017-05-26,74.77262115478516,74.44429448077211,28.917593368401413,75.79365079365078,75.79365079365078,86.54000091552734
2017-05-30,73.6926040649414,73.59756090233705,26.795228189705956,73.21428571428571,73.21428571428571,85.29000091552734
2017-05-31,71.6016616821289,73.09641931081607,15.670066603056185,62.301587301587304,62.301587301587304,82.87000274658203
2017-06-01,73.75308227539062,72.5261698921165,19.099212735159142,65.87301587301587,65.87301587301587,85.36000061035156
2017-06-02,74.85903930664062,74.69487263616755,24.929754572807763,71.23015873015873,71.23015873015873,86.63999938964844
2017-06-05,74.76397705078125,74.8331005356463,26.78253239529873,73.01587301587301,73.01587301587301,86.52999877929688
2017-06-06,74.66893005371094,74.34060340551315,27.37996962027215,74.0079365079365,74.0079365079365,86.41999816894531
2017-06-07,74.4183578491211,74.02954982644383,26.49934491255402,72.02380952380952,72.02380952380952,86.12999725341797
2017-06-08,75.80945587158203,75.92178319853235,30.29023758301246,77.38095238095238,77.38095238095238,87.73999786376953
2017-06-09,74.01229858398438,75.98227223808408,23.10262958217786,69.04761904761905,69.04761904761905,85.66000366210938
2017-06-12,72.79401397705078,72.81993363947727,13.660659720451735,58.13492063492064,58.13492063492064,84.25
2017-06-13,73.97769927978516,73.95177303583012,13.776357845372326,58.53174603174603,58.53174603174603,85.62000274658203
2017-06-14,73.87400817871094,75.51565412329973,13.27878568430538,57.341269841269835,57.341269841269835,85.5
2017-06-15,71.50659942626953,71.09186517202174,2.3605702291324215,46.62698412698413,46.62698412698413,82.76000213623047
2017-06-16,71.9126968383789,71.99045580872928,-1.7679656214045343,43.05555555555556,43.05555555555556,83.2300033569336
2017-06-19,74.02957153320312,73.08778200962469,1.0288729375565955,44.642857142857146,44.642857142857146,85.68000030517578
2017-06-20,71.61028289794922,73.34697240532019,-12.673288832496358,33.730158730158735,33.730158730158735,82.87999725341797
2017-06-21,72.08551025390625,72.50888009573711,-16.772599029833813,29.761904761904763,29.761904761904763,83.43000030517578
2017-06-22,73.16557312011719,73.15693103193709,-12.702696606874008,33.33333333333333,33.33333333333333,84.68000030517578
2017-06-23,74.33197021484375,73.5197856923757,-2.8426613588089484,41.269841269841265,41.269841269841265,86.02999877929688
2017-06-26,76.49202728271484,76.33650273234488,12.54339889639896,56.15079365079365,56.15079365079365,88.52999877929688
2017-06-27,73.7962875366211,75.10960101884717,3.8543840481634866,47.61904761904761,47.61904761904761,85.41000366210938
2017-06-28,75.45519256591797,74.32331701742969,8.885716090260054,52.976190476190474,52.976190476190474,87.33000183105469
2017-06-29,72.6644058227539,74.38381147058942,-4.5315434051028864,39.08730158730159,39.08730158730159,84.0999984741211
2017-06-30,73.84811401367188,73.77899052874558,-5.408014794292947,38.492063492063494,38.492063492063494,85.47000122070312
2017-07-03,74.73805236816406,74.81581133942663,-0.6039881130801488,42.857142857142854,42.857142857142854,86.5
2017-07-05,74.34060668945312,73.56298397044642,-0.5631396607917697,43.05555555555556,43.05555555555556,86.04000091552734
2017-07-06,71.73989868164062,72.67304601483279,-14.5050420627512,30.555555555555557,30.555555555555557,83.02999877929688
2017-07-07,72.1114273071289,72.17190871091768,-19.93250583514781,24.206349206349206,24.206349206349206,83.45999908447266
2017-07-10,73.94317626953125,72.69033750134005,-13.08446588055807,31.746031746031743,31.746031746031743,85.58000183105469
2017-07-11,75.93038940429688,75.23053241792036,2.1375770121932494,45.03968253968254,45.03968253968254,87.87999725341797
2017-07-12,80.40604400634766,79.02360739453421,18.931512771097307,64.28571428571429,64.28571428571429,93.05999755859375
2017-07-13,81.46881103515625,80.5875030012045,29.189919115812117,75.79365079365078,75.79365079365078,94.29000091552734
2017-07-14,84.44969177246094,82.99813139748035,35.18178040806617,83.13492063492063,83.13492063492063,97.73999786376953
2017-07-17,83.36966705322266,83.58567303544615,35.6115234205347,84.72222222222221,84.72222222222221,96.48999786376953
2017-07-18,84.18183135986328,82.92899960181231,37.43597640806304,89.48412698412699,89.48412698412699,97.43000030517578
2017-07-19,86.2209243774414,86.53197343161699,39.34632072468934,93.65079365079364,93.65079365079364,99.79000091552734
2017-07-20,85.97900390625,86.38509611731692,39.590128262156995,93.84920634920636,93.84920634920636,99.51000213623047
2017-07-21,85.64204406738281,85.98764832444667,39.04137872511582,93.05555555555556,93.05555555555556,99.12000274658203
2017-07-24,86.5233383178711,86.77390599791502,40.29611136396495,95.03968253968253,95.03968253968253,100.13999938964844
2017-07-25,85.84940338134766,86.86030962273469,38.44897406783001,91.07142857142857,91.07142857142857,99.36000061035156
2017-07-26,87.948974609375,86.13452612898375,40.31042395128661,95.23809523809523,95.23809523809523,101.79000091552734
2017-07-27,86.31597137451172,88.64019071029462,35.99374312309615,84.32539682539682,84.32539682539682,99.9000015258789
2017-07-28,86.32462310791016,85.40011129127295,33.66051876470862,78.76984126984127,78.76984126984127,99.91000366210938
2017-07-31,86.47150421142578,86.89487403122318,32.655123345895205,78.37301587301587,78.37301587301587,100.08000183105469
2017-08-01,87.43920135498047,87.68113354360271,34.260985666012886,79.56349206349206,79.56349206349206,101.19999694824219
2017-08-02,87.55152893066406,87.86257801072627,35.31686985462476,81.54761904761905,81.54761904761905,101.33000183105469
2017-08-03,86.50605010986328,86.4023648988728,32.17946422687534,76.98412698412699,76.98412698412699,100.12000274658203
2017-08-04,87.4910659790039,86.98128842675605,32.9766788273326,77.97619047619048,77.97619047619048,101.26000213623047
2017-08-07,89.42644500732422,88.26001443431976,37.09219037494482,87.3015873015873,87.3015873015873,103.5
2017-08-08,89.3746337890625,90.01400962547119,36.79544516771816,86.30952380952381,86.30952380952381,103.44000244140625
2017-08-09,86.74800109863281,86.09134108721149,25.20210570922475,67.26190476190477,67.26190476190477,100.4000015258789
2017-08-10,80.49247741699219,84.67435033038323,-8.08846519681671,30.555555555555557,30.555555555555557,93.16000366210938
2017-08-11,81.29598999023438,80.8553426319975,-21.894980265437074,17.063492063492063,17.063492063492063,94.08999633789062
2017-08-14,83.76710510253906,83.96583347779088,-20.091922779648883,20.03968253968254,20.03968253968254,96.94999694824219
2017-08-15,83.91400909423828,83.43879328099852,-18.64248324512133,22.22222222222222,22.22222222222222,97.12000274658203
2017-08-16,86.57518005371094,85.96172396141245,-6.929274629631228,32.34126984126984,32.34126984126984,100.19999694824219
2017-08-17,83.101806640625,86.03948878332524,-15.134769393260406,25.198412698412696,25.198412698412696,96.18000030517578
2017-08-18,85.14954376220703,84.05222990094506,-11.555904805499658,28.174603174603174,28.174603174603174,98.55000305175781
2017-08-21,86.26411437988281,85.98762708733102,-4.995154657085063,33.92857142857143,33.92857142857143,99.83999633789062
2017-08-22,89.11541748046875,88.00082594645964,8.797158928407248,48.61111111111111,48.61111111111111,103.13999938964844
2017-08-23,90.29048919677734,88.64884262025839,19.527972223475683,61.904761904761905,61.904761904761905,104.5
2017-08-24,91.180419921875,91.71611698849105,25.984803582469524,67.46031746031747,67.46031746031747,105.52999877929688
2017-08-25,92.5628433227539,92.70973234057462,30.236812960246045,73.61111111111111,73.61111111111111,107.12999725341797
2017-08-28,91.83709716796875,92.77888001427003,29.90968033075461,72.81746031746032,72.81746031746032,106.29000091552734
2017-08-29,91.25819396972656,88.96852963550977,27.65554322491236,69.84126984126983,69.84126984126983,105.62000274658203
2017-08-30,91.76798248291016,90.99900169858589,27.81725387632062,69.84126984126983,69.84126984126983,106.20999908447266
2017-08-31,92.07901000976562,91.69883745348724,28.906849040899544,71.23015873015873,71.23015873015873,106.56999969482422
2017-09-01,94.10948944091797,93.17634196915468,34.05553047095579,78.37301587301587,78.37301587301587,108.91999816894531
2017-09-05,90.40279388427734,91.88891564589146,23.65570203118201,64.28571428571429,64.28571428571429,104.62999725341797
2017-09-06,92.15678405761719,91.51740168284236,23.201180572126216,63.49206349206349,63.49206349206349,106.66000366210938
2017-09-07,94.17858123779297,93.53920555954699,28.640738420479288,70.43650793650794,70.43650793650794,109.0
2017-09-08,92.29501342773438,93.65153040329434,25.084949078243334,65.27777777777779,65.27777777777779,106.81999969482422
2017-09-11,96.09671783447266,94.52419494998456,30.381506684620437,73.61111111111111,73.61111111111111,111.22000122070312
2017-09-12,95.59558868408203,95.57831110927921,31.014215661027826,74.60317460317461,74.60317460317461,110.63999938964844
2017-09-13,94.20451354980469,94.3859577561712,26.775632021698048,66.86507936507937,66.86507936507937,109.02999877929688
2017-09-14,94.89573669433594,93.48737366427979,26.742174194184678,66.66666666666666,66.66666666666666,109.83000183105469
2017-09-15,96.6583480834961,95.32775059634717,30.276600364281986,73.01587301587301,73.01587301587301,111.87000274658203
2017-09-18,97.53099060058594,98.35181705156457,31.36173966279018,75.0,75.0,112.87999725341797
2017-09-19,98.17902374267578,97.74701183509949,33.54007406915515,77.57936507936508,77.57936507936508,113.62999725341797
2017-09-20,96.9002456665039,98.17899687143205,28.90257720908197,69.84126984126983,69.84126984126983,112.1500015258789
2017-09-21,96.87431335449219,97.62600955084167,25.890689101041414,64.28571428571429,64.28571428571429,112.12000274658203
2017-09-22,95.12903594970703,95.25864086111127,16.3063364446638,54.36507936507936,54.36507936507936,110.0999984741211
2017-09-25,90.51512145996094,92.8307051578332,-7.175589821052631,28.373015873015873,28.373015873015873,104.76000213623047
2017-09-26,89.7720947265625,90.88668647521833,-21.991948074103185,14.682539682539684,14.682539682539684,103.9000015258789
2017-09-27,88.7093276977539,88.66613046014888,-29.732789412016945,8.928571428571429,8.928571428571429,102.66999816894531
2017-09-28,88.46739196777344,87.28367704735854,-34.21430661805698,4.9603174603174605,4.9603174603174605,102.38999938964844
2017-09-29,91.35324096679688,90.32505051631645,-27.765695282138964,9.920634920634921,9.920634920634921,105.7300033569336
2017-10-02,91.61243438720703,91.37915088223242,-23.015048174877585,14.087301587301587,14.087301587301587,106.02999877929688
2017-10-03,95.802978515625,93.5997212761315,-5.642254712956581,29.761904761904763,29.761904761904763,110.87999725341797
2017-10-04,95.82887268066406,95.6042246706844,3.796762048058164,39.48412698412698,39.48412698412698,110.91000366210938
2017-10-05,97.79885864257812,96.90027307554925,15.68610117557304,52.77777777777778,52.77777777777778,113.19000244140625
2017-10-06,96.31273651123047,95.04262043793422,15.318822239264748,51.98412698412699,51.98412698412699,111.47000122070312
2017-10-09,96.07945251464844,95.44007669122932,14.221559691595143,50.79365079365079,50.79365079365079,111.19999694824219
2017-10-10,98.87889099121094,98.2999900048059,22.85704935873851,60.71428571428571,60.71428571428571,114.44000244140625
2017-10-11,100.2958755493164,98.98255579621156,29.477290854625878,71.23015873015873,71.23015873015873,116.08000183105469
2017-10-12,100.2958755493164,100.58100496055366,31.973341490060143,76.19047619047619,76.19047619047619,116.08000183105469
2017-10-13,102.86201477050781,102.84473060657163,35.91405333599613,84.12698412698413,84.12698412698413,119.05000305175781
2017-10-16,102.7669906616211,103.69149584397223,37.08345201300877,87.3015873015873,87.3015873015873,118.94000244140625
2017-10-17,101.159912109375,102.11033700877931,32.121342649794094,76.19047619047619,76.19047619047619,117.08000183105469
2017-10-18,101.83385467529297,102.24858244476391,31.0400460214361,74.60317460317461,74.60317460317461,117.86000061035156
2017-10-19,99.25042724609375,98.76656938208303,20.82573627684847,58.730158730158735,58.730158730158735,114.87000274658203
2017-10-20,100.13172912597656,100.63286456946268,17.90727111721656,56.15079365079365,56.15079365079365,115.88999938964844
2017-10-23,97.83341217041016,99.70834212693623,8.328314894456108,44.047619047619044,44.047619047619044,113.2300033569336
2017-10-24,97.8938980102539,98.39502679837865,3.5372150345618594,39.48412698412698,39.48412698412698,113.30000305175781
2017-10-25,97.14219665527344,98.74063937605278,-1.2264794103288974,34.12698412698413,34.12698412698413,112.43000030517578
2017-10-26,95.15493774414062,97.30636173028115,-8.835640960498626,26.190476190476193,26.190476190476193,110.12999725341797
2017-10-27,99.37138366699219,96.48554061406163,-2.556304827285415,32.93650793650794,32.93650793650794,115.01000213623047
2017-10-30,97.4532241821289,98.28268606025956,-7.018033307861906,29.166666666666668,29.166666666666668,112.79000091552734
2017-10-31,99.97618103027344,99.14671907350626,-2.7805332335754174,32.93650793650794,32.93650793650794,115.70999908447266
2017-11-01,101.63511657714844,102.69786874488767,5.594351491828778,43.65079365079365,43.65079365079365,117.62999725341797
2017-11-02,101.99801635742188,101.95481252888086,11.450042064531546,48.01587301587302,48.01587301587302,118.05000305175781
2017-11-03,100.58963775634766,101.6523898097663,7.490838210688776,45.23809523809524,45.23809523809524,116.41999816894531
2017-11-06,103.80380249023438,101.84247167295902,18.70978667347825,57.936507936507944,57.936507936507944,120.13999938964844
2017-11-07,101.8597640991211,103.51868819422705,15.306105263412844,53.57142857142857,53.57142857142857,117.88999938964844
2017-11-08,103.18173217773438,102.65467707330785,19.05500403305152,58.13492063492064,58.13492063492064,119.41999816894531
2017-11-09,101.34134674072266,101.0907790614134,12.106973680778614,48.80952380952381,48.80952380952381,117.29000091552734
2017-11-10,100.03665924072266,100.79700428753766,2.7393588618612146,39.682539682539684,39.682539682539684,115.77999877929688
2017-11-13,99.34546661376953,98.89617051374753,-5.008981425038706,30.555555555555557,30.555555555555557,114.9800033569336
2017-11-14,97.38410949707031,98.67150295190464,-16.168434172240666,21.428571428571427,21.428571428571427,112.70999908447266
2017-11-15,95.83753204345703,95.74248888448302,-26.41454083401656,11.30952380952381,11.30952380952381,110.91999816894531
2017-11-16,101.68695831298828,99.85522557067284,-10.722419202911823,25.0,25.0,117.69000244140625
2017-11-17,103.20765686035156,102.60284273993952,2.5515200312429793,39.08730158730159,39.08730158730159,119.44999694824219
2017-11-20,104.66786193847656,102.8793326057856,14.189605857922128,51.78571428571429,51.78571428571429,121.13999938964844
2017-11-21,108.96204376220703,108.5300318550036,24.048128845791368,64.0873015873016,64.0873015873016,126.11000061035156
2017-11-22,109.79151153564453,110.00751750046574,30.39609906563206,74.8015873015873,74.8015873015873,127.06999969482422
2017-11-24,108.89290618896484,108.78058548073366,30.354015476848822,74.40476190476191,74.40476190476191,126.02999877929688
2017-11-27,104.40864562988281,106.41318741996838,15.274920304992728,52.57936507936508,52.57936507936508,120.83999633789062
2017-11-28,106.65511322021484,106.74151429254385,13.372298131136674,49.60317460317461,49.60317460317461,123.44000244140625
2017-11-29,101.52278137207031,105.19488197488988,-2.2880798094101578,32.73809523809524,32.73809523809524,117.5
2017-11-30,98.4814224243164,100.62419746959733,-16.852335469319264,19.841269841269842,19.841269841269842,113.9800033569336
2017-12-01,96.69290924072266,97.39276642824262,-27.64365391620997,9.722222222222223,9.722222222222223,111.91000366210938
2017-12-04,97.06443786621094,99.78611436037347,-32.26520995455073,6.349206349206349,6.349206349206349,112.33999633789062
2017-12-05,96.80521392822266,97.20266403010847,-35.2266065923856,4.563492063492063,4.563492063492063,112.04000091552734
2017-12-06,92.89984130859375,92.35550865704364,-38.990699291600365,2.380952380952381,2.380952380952381,107.5199966430664
2017-12-07,93.62561798095703,91.73340378013063,-40.01603507113302,1.7857142857142856,1.7857142857142856,108.36000061035156
2017-12-08,96.9002456665039,96.9002456665039,-35.15438373027824,5.158730158730158,5.158730158730158,112.1500015258789
2017-12-11,98.21357727050781,98.08397239068098,-30.46963950046256,8.134920634920634,8.134920634920634,113.66999816894531
2017-12-12,96.52009582519531,95.60423272638197,-30.61958666064018,7.738095238095238,7.738095238095238,111.70999908447266
2017-12-13,99.67378997802734,98.2567914181882,-24.49088407883795,12.896825396825399,12.896825396825399,115.36000061035156
2017-12-14,97.73837280273438,98.84432219135161,-25.353707167952123,11.904761904761903,11.904761904761903,113.12000274658203
2017-12-15,98.21357727050781,98.30862040958229,-24.90012767323101,12.3015873015873,12.3015873015873,113.66999816894531
2017-12-18,101.52278137207031,100.6414801278637,-17.003664701936607,19.642857142857142,19.642857142857142,117.5
2017-12-19,99.98062896728516,102.12925573848959,-16.548451276565444,20.238095238095237,20.238095238095237,115.4000015258789
2017-12-20,100.43982696533203,101.26288854428364,-15.383314270049544,20.833333333333336,20.833333333333336,115.93000030517578
2017-12-21,102.31985473632812,101.44480585235098,-10.077899281291584,24.404761904761905,24.404761904761905,118.0999984741211
2017-12-22,104.75440979003906,103.42883776569818,0.9227841144656648,35.317460317460316,35.317460317460316,120.91000366210938
2017-12-26,104.58113098144531,104.31255426431242,8.028928495525733,43.65079365079365,43.65079365079365,120.70999908447266
2017-12-27,105.3955307006836,104.88436111196559,14.413780823904842,51.388888888888886,51.388888888888886,121.6500015258789
2017-12-28,107.45750427246094,108.0986259719711,22.103749867941637,61.111111111111114,61.111111111111114,124.02999877929688
2017-12-29,108.93901062011719,110.05664562746664,27.455413920540373,68.84920634920636,68.84920634920636,125.73999786376953
2018-01-02,115.20299530029297,113.87742983016685,35.09264434688512,81.94444444444444,81.94444444444444,132.97000122070312
2018-01-03,118.65121459960938,117.23034622530817,39.54525961450732,93.25396825396825,93.25396825396825,136.9499969482422
2018-01-04,119.8468017578125,119.50891280445335,41.425476571432675,97.81746031746032,97.81746031746032,138.3300018310547
2018-01-05,123.04376220703125,121.05107793677165,42.862709579375064,99.60317460317461,99.60317460317461,142.02000427246094
2018-01-08,123.3036880493164,122.7058814064696,43.44311128053,99.8015873015873,99.8015873015873,142.32000732421875
2018-01-09,122.51527404785156,123.22570152830923,42.929619704488616,99.40476190476191,99.40476190476191,141.41000366210938
2018-01-10,120.26266479492188,119.7255113746768,39.88680261179894,93.25396825396825,93.25396825396825,138.80999755859375
2018-01-11,122.42863464355469,119.93344625164136,40.50986462425619,94.84126984126983,94.84126984126983,141.30999755859375
2018-01-12,126.14543914794922,123.42499556740509,42.18772355236137,98.21428571428571,98.21428571428571,145.60000610351562
2018-01-16,124.41268157958984,127.74825027520689,39.36163394907941,91.66666666666666,91.66666666666666,143.60000610351562
2018-01-17,129.4549560546875,127.45361328866717,41.049906076953775,96.03174603174604,96.03174603174604,149.4199981689453
2018-01-18,129.8621826171875,129.47231280527367,42.20278557078119,98.21428571428571,98.21428571428571,149.88999938964844
2018-01-19,132.70391845703125,131.9155065407566,43.098373970400374,99.40476190476191,99.40476190476191,153.1699981689453
2018-01-22,135.23382568359375,132.90325146497378,43.84477226522503,99.8015873015873,99.8015873015873,156.08999633789062
2018-01-23,137.22647094726562,135.3724109358862,44.257952271689994,100.0,100.0,158.38999938964844
2018-01-24,140.65731811523438,139.86890622872212,44.02319369408332,99.8015873015873,99.8015873015873,162.35000610351562
2018-01-25,140.30210876464844,141.1944824745516,42.37534101674766,98.01587301587301,98.01587301587301,161.94000244140625
2018-01-26,146.07225036621094,143.41244691273982,43.49032644505911,99.20634920634922,99.20634920634922,168.60000610351562
2018-01-29,139.40972900390625,140.72662199789235,38.26708522644466,87.5,87.5,160.91000366210938
2018-01-30,133.6310272216797,134.8266277432427,25.70898767714109,61.50793650793651,61.50793650793651,154.24000549316406
2018-01-31,137.07920837402344,139.4704222483425,22.78651950284919,57.14285714285714,57.14285714285714,158.22000122070312
2018-02-01,131.62095642089844,133.70894345886526,8.795601161803857,40.07936507936508,40.07936507936508,151.9199981689453
2018-02-02,121.70954132080078,127.3843554674744,-14.693859005558844,18.055555555555554,18.055555555555554,140.47999572753906
2018-02-05,109.44154357910156,120.92112947918945,-30.072738729536024,5.357142857142857,5.357142857142857,126.31999969482422
2018-02-06,119.2750015258789,108.66180483723679,-29.729432099755293,6.15079365079365,6.15079365079365,137.6699981689453
2018-02-07,107.99468994140625,113.10635321971621,-37.4588544311899,0.992063492063492,0.992063492063492,124.6500015258789
2018-02-08,97.04358673095703,110.22127476935736,-41.75873697502589,0.0,0.0,112.01000213623047
2018-02-09,101.46216583251953,100.6997507800636,-40.30726017488153,0.1984126984126984,0.1984126984126984,117.11000061035156
2018-02-12,106.14061737060547,105.69876004748147,-37.40638041911618,1.5873015873015872,1.5873015873015872,122.51000213623047
2018-02-13,108.60980224609375,106.53048117201179,-34.14920987452059,3.968253968253968,3.968253968253968,125.36000061035156
2018-02-14,116.70183563232422,107.97735548512354,-26.88690353418835,9.523809523809524,9.523809523809524,134.6999969482422
2018-02-15,123.91017150878906,122.74054849922841,-16.72946127659996,17.857142857142858,17.857142857142858,143.02000427246094
2018-02-16,122.56725311279297,121.29366853557259,-12.330875401862544,21.626984126984127,21.626984126984127,141.47000122070312
2018-02-20,117.5422134399414,116.1733263243828,-14.486702828215364,20.436507936507937,20.436507936507937,135.6699981689453
2018-02-21,117.2216567993164,120.60054619873672,-16.173407127736937,18.650793650793652,18.650793650793652,135.3000030517578
2018-02-22,117.68081665039062,118.21796993557301,-16.20114468749005,18.452380952380953,18.452380952380953,135.8300018310547
2018-02-23,123.6155776977539,121.57958463097955,-10.487769888174684,23.41269841269841,23.41269841269841,142.67999267578125
2018-02-26,126.87318420410156,124.49062991057181,-4.064554946752948,29.365079365079367,29.365079365079367,146.44000244140625
2018-02-27,116.05204010009766,122.35065037689759,-10.902146919205343,23.015873015873016,23.015873015873016,133.9499969482422
2018-02-28,111.33023834228516,116.87508539197212,-17.624705205289782,16.666666666666664,16.666666666666664,128.5
2018-03-01,110.4638671875,113.43555546508117,-21.643776203178465,12.896825396825399,12.896825396825399,127.5
2018-03-02,111.68546295166016,106.13194339393053,-21.74886516946127,12.896825396825399,12.896825396825399,128.91000366210938
2018-03-05,112.16197967529297,107.94268432166281,-18.5307038244122,16.666666666666664,16.666666666666664,129.4600067138672
2018-03-06,115.24630737304688,117.82812584061277,-13.241981529664413,22.42063492063492,22.42063492063492,133.02000427246094
2018-03-07,115.67082977294922,112.97637717767685,-9.856182995833679,25.0,25.0,133.50999450683594
2018-03-08,115.74015045166016,116.1040298782319,-7.9249514672024555,26.58730158730159,26.58730158730159,133.58999633789062
2018-03-09,123.03511047363281,118.51258775196064,3.274674718798255,37.698412698412696,37.698412698412696,142.00999450683594
2018-03-12,123.7195053100586,123.54623133967165,10.172788061508676,44.642857142857146,44.642857142857146,142.8000030517578
2018-03-13,120.53125762939453,125.6255963892211,6.943687051712315,41.86507936507937,41.86507936507937,139.1199951171875
2018-03-14,120.99906158447266,123.03505384774051,5.604650184578524,40.87301587301587,40.87301587301587,139.66000366210938
2018-03-15,119.65619659423828,122.0734001542033,2.041218802660776,35.714285714285715,35.714285714285715,138.11000061035156
2018-03-16,118.81582641601562,118.40862513482185,-1.3823569666922213,33.13492063492063,33.13492063492063,137.13999938964844
2018-03-19,115.0730209350586,116.44189473329307,-9.835278600792806,25.198412698412696,25.198412698412696,132.82000732421875
2018-03-20,118.7856216430664,117.89878199009917,-7.276878923549757,27.579365079365083,27.579365079365083,136.6199951171875
2018-03-21,120.96797180175781,118.34219893572542,-1.530945534521071,33.53174603174603,33.53174603174603,139.1300048828125
2018-03-22,108.83899688720703,112.69070473390703,-18.745967938675317,16.46825396825397,16.46825396825397,125.18000030517578
2018-03-23,102.21371459960938,109.32589760387684,-32.268847103228225,4.9603174603174605,4.9603174603174605,117.55999755859375
2018-03-26,112.108154296875,110.1083940042775,-27.46853858861464,8.928571428571429,8.928571428571429,128.94000244140625
2018-03-27,106.16106414794922,112.41247700626451,-32.11000147514643,5.357142857142857,5.357142857142857,122.0999984741211
2018-03-28,104.4655990600586,104.84815687143092,-36.37277155041668,1.984126984126984,1.984126984126984,120.1500015258789
2018-03-29,110.81266021728516,106.4479744925304,-30.34083432723565,6.944444444444445,6.944444444444445,127.44999694824219
2018-04-02,104.76990509033203,108.62161223990388,-34.338063728498994,3.7698412698412698,3.7698412698412698,120.5
2018-04-03,108.0217056274414,107.76087161455258,-32.12560409632923,5.753968253968254,5.753968253968254,124.23999786376953
2018-04-04,107.94346618652344,98.97932858914683,-29.028946001062643,8.928571428571429,8.928571428571429,124.1500015258789
2018-04-05,108.71727752685547,109.42153799333774,-26.389038925256198,11.507936507936508,11.507936507936508,125.04000091552734
2018-04-06,102.43106842041016,105.48287451855724,-32.353476235340835,5.357142857142857,5.357142857142857,117.80999755859375
2018-04-09,102.75277709960938,104.44822134779214,-35.06868797497456,3.571428571428571,3.571428571428571,118.18000030517578
2018-04-10,108.63033294677734,107.03052312059044,-28.753896937089802,9.920634920634921,9.920634920634921,124.94000244140625
2018-04-11,108.9085693359375,106.64797449909416,-24.990261832366187,13.095238095238097,13.095238095238097,125.26000213623047
2018-04-12,108.76072692871094,108.15210770121449,-22.211142998469658,15.079365079365079,15.079365079365079,125.08999633789062
2018-04-13,105.50025939941406,108.3694796770365,-25.417266255058824,12.5,12.5,121.33999633789062
2018-04-16,105.82197570800781,104.8481781208478,-26.399022176742896,12.103174603174603,12.103174603174603,121.70999908447266
2018-04-17,106.42190551757812,104.36128292583881,-25.608629975339962,12.698412698412698,12.698412698412698,122.4000015258789
2018-04-18,109.12591552734375,107.56958148721135,-20.09975505510099,18.650793650793652,18.650793650793652,125.51000213623047
2018-04-19,107.31744384765625,110.0475476096842,-20.883776166540535,17.658730158730158,17.658730158730158,123.43000030517578
2018-04-20,103.24836730957031,105.39593441096183,-25.27188454924523,13.492063492063492,13.492063492063492,118.75
2018-04-23,100.72695922851562,102.43979682239971,-31.893388701663046,6.547619047619048,6.547619047619048,115.8499984741211
2018-04-24,99.12712860107422,103.12664295740316,-36.938551524273514,1.7857142857142856,1.7857142857142856,114.01000213623047
2018-04-25,97.07520294189453,97.00564455515723,-38.997292186005524,0.5952380952380952,0.5952380952380952,111.6500015258789
2018-04-26,100.97039794921875,98.55329995832315,-33.43380068866455,5.753968253968254,5.753968253968254,116.12999725341797
2018-04-27,102.90058898925781,102.73539610110426,-26.380971194460052,13.293650793650794,13.293650793650794,118.3499984741211
2018-04-30,100.70954895019531,103.94394106889374,-25.916149909422494,13.690476190476192,13.690476190476192,115.83000183105469
2018-05-01,99.20537567138672,98.87498328940983,-28.93798942170671,10.317460317460316,10.317460317460316,114.0999984741211
2018-05-02,96.8752212524414,99.5183801659139,-34.54299456639075,4.166666666666666,4.166666666666666,111.41999816894531
2018-05-03,96.1014175415039,96.77090548969676,-35.33056440549243,3.373015873015873,3.373015873015873,110.52999877929688
2018-05-04,97.44038391113281,93.13655947721581,-33.56635591231604,6.15079365079365,6.15079365079365,112.06999969482422
2018-05-07,95.8318862915039,94.98850899468366,-35.03885526529215,4.365079365079365,4.365079365079365,110.22000122070312
2018-05-08,97.17084503173828,96.36224701987041,-33.607026052061045,6.349206349206349,6.349206349206349,111.76000213623047
2018-05-09,97.70989227294922,98.0055120614147,-31.481634734854985,8.531746031746032,8.531746031746032,112.37999725341797
2018-05-10,104.09173583984375,101.29207402016577,-15.328429420540704,26.190476190476193,26.190476190476193,119.72000122070312
2018-05-11,103.24836730957031,105.10901104030444,-8.34052548515468,31.944444444444443,31.944444444444443,118.75
2018-05-14,103.70048522949219,104.9785924162565,-3.6338985847201446,37.5,37.5,119.2699966430664
2018-05-15,97.5012435913086,97.97075278598425,-15.395443609514176,25.396825396825395,25.396825396825395,112.13999938964844
2018-05-16,101.81377410888672,100.1096331469701,-11.075043082200956,29.365079365079367,29.365079365079367,117.0999984741211
2018-05-17,97.13607025146484,98.51850843880256,-19.422862550424856,21.03174603174603,21.03174603174603,111.72000122070312
2018-05-18,94.82331085205078,94.56247681733826,-27.256728674546913,12.3015873015873,12.3015873015873,109.05999755859375
2018-05-21,96.20574951171875,96.94478917876756,-27.308795216918615,12.103174603174603,12.103174603174603,110.6500015258789
2018-05-22,97.16214752197266,97.38820896194092,-25.00242760505598,15.079365079365079,15.079365079365079,111.75
2018-05-23,97.20563507080078,93.84951878760894,-23.61575885446341,16.071428571428573,16.071428571428573,111.80000305175781
2018-05-24,95.64060974121094,95.47541020167992,-26.796865286323552,12.3015873015873,12.3015873015873,110.0
2018-05-25,96.52745819091797,95.46672243214435,-26.105191623468404,13.293650793650794,13.293650793650794,111.0199966430664
2018-05-29,90.03257751464844,92.46706131450482,-33.981379959468754,5.952380952380952,5.952380952380952,103.55000305175781
2018-05-30,91.9627685546875,89.97171126766597,-34.66787990381404,4.563492063492063,4.563492063492063,105.7699966430664
2018-05-31,92.05843353271484,91.73673753926377,-34.83054558378234,4.563492063492063,4.563492063492063,105.87999725341797
2018-06-01,95.5014877319336,94.16252510605686,-26.357281900557076,13.88888888888889,13.88888888888889,109.83999633789062
2018-06-04,98.59674835205078,98.00551538850065,-14.020941430911247,28.174603174603174,28.174603174603174,113.4000015258789
2018-06-05,96.41442108154297,97.69252837222155,-12.824425580407583,29.166666666666668,29.166666666666668,110.88999938964844
2018-06-06,100.58781433105469,98.6749986398728,-1.705811567698306,40.07936507936508,40.07936507936508,115.69000244140625
2018-06-07,96.05795288085938,99.57926223665469,-7.278873405563494,34.523809523809526,34.523809523809526,110.4800033569336
2018-06-08,95.47539520263672,94.35379106858674,-11.229578787275948,30.357142857142854,30.357142857142854,109.80999755859375
2018-06-11,95.21455383300781,95.64058731915371,-13.928497234420197,28.57142857142857,28.57142857142857,109.51000213623047
2018-06-12,94.75375366210938,95.12762172722414,-16.420500365753586,25.0,25.0,108.9800033569336
2018-06-13,92.74531555175781,94.93635891402543,-21.22791055272854,19.444444444444446,19.444444444444446,106.66999816894531
2018-06-14,90.93679809570312,92.58877305688576,-28.428865069552717,11.30952380952381,11.30952380952381,104.58999633789062
2018-06-15,88.8414306640625,88.24150109004465,-33.40507102690317,7.142857142857142,7.142857142857142,102.18000030517578
2018-06-18,85.47660827636719,84.92885087851454,-37.05806267766117,1.984126984126984,1.984126984126984,98.30999755859375
2018-06-19,82.56391143798828,80.58154392421932,-38.69985051424954,0.992063492063492,0.992063492063492,94.95999908447266
2018-06-20,83.63335418701172,84.79842732862403,-38.36826611938918,1.3888888888888888,1.3888888888888888,96.19000244140625
2018-06-21,80.05987548828125,82.1291878251847,-41.95969165841719,0.0,0.0,92.08000183105469
2018-06-22,82.45089721679688,83.48555015404452,-41.04833820022212,0.3968253968253968,0.3968253968253968,94.83000183105469
2018-06-25,79.38168334960938,80.03377820746448,-41.183342378042475,0.3968253968253968,0.3968253968253968,91.30000305175781
2018-06-26,78.25139617919922,79.24258000012617,-42.328592011746274,0.0,0.0,90.0
2018-06-27,73.63458251953125,77.81668373498535,-43.843612659288276,0.0,0.0,84.69000244140625
2018-06-28,75.55609130859375,73.52155102884454,-42.829955944766915,0.1984126984126984,0.1984126984126984,86.9000015258789
2018-06-29,79.05130004882812,78.37312232355649,-38.68839675697708,2.380952380952381,2.380952380952381,90.91999816894531
2018-07-02,76.79071044921875,75.07787310947307,-38.65831241910233,2.579365079365079,2.579365079365079,88.31999969482422
2018-07-03,76.69506072998047,77.97316790677577,-38.71764121162468,2.1825396825396823,2.1825396825396823,88.20999908447266
2018-07-05,76.156005859375,77.20805840240371,-39.24188231557155,1.7857142857142856,1.7857142857142856,87.58999633789062
2018-07-06,79.19041442871094,76.7124548794184,-35.30535543924182,6.349206349206349,6.349206349206349,91.08000183105469
2018-07-09,83.32904052734375,82.44219427467719,-23.186099961053376,20.436507936507937,20.436507936507937,95.83999633789062
2018-07-10,82.8943099975586,82.77258613296081,-17.40583412280295,26.984126984126984,26.984126984126984,95.33999633789062
2018-07-11,78.02532196044922,78.88609195360213,-24.011192756296804,20.238095238095237,20.238095238095237,89.73999786376953
2018-07-12,81.04236602783203,80.85978022334211,-20.168802634508857,24.404761904761905,24.404761904761905,93.20999908447266
2018-07-13,81.32058715820312,80.89455364480567,-16.363858172006868,29.365079365079367,29.365079365079367,93.52999877929688
2018-07-16,80.05987548828125,80.05987548828125,-15.495531483294013,30.555555555555557,30.555555555555557,92.08000183105469
2018-07-17,81.77271270751953,79.06869167425562,-5.883994244131338,40.87301587301587,40.87301587301587,94.05000305175781
2018-07-18,81.4596939086914,80.27722800466758,-0.8404277476870305,46.230158730158735,46.230158730158735,93.69000244140625
2018-07-19,78.40790557861328,77.6949486210984,-8.551141906272807,37.698412698412696,37.698412698412696,90.18000030517578
2018-07-20,81.73795318603516,80.74676911385353,2.144025406576132,48.214285714285715,48.214285714285715,94.01000213623047
2018-07-23,80.13811492919922,80.69456871742923,1.9986668500488445,47.817460317460316,47.817460317460316,92.16999816894531
2018-07-24,83.59859466552734,84.02462828123372,11.289002950833652,56.74603174603175,56.74603174603175,96.1500015258789
2018-07-25,87.52853393554688,85.20707739845447,21.125458797074202,67.06349206349206,67.06349206349206,100.66999816894531
2018-07-26,84.80712127685547,85.45921621596385,19.79870833004194,66.86507936507937,66.86507936507937,97.54000091552734
2018-07-27,85.73745727539062,86.68516555925427,21.33556127768481,67.46031746031747,67.46031746031747,98.61000061035156
2018-07-30,85.13751983642578,86.1374001423109,20.1256542334533,67.06349206349206,67.06349206349206,97.91999816894531
2018-07-31,86.47650146484375,85.16361484562361,22.737335959218573,68.84920634920636,68.84920634920636,99.45999908447266
2018-08-01,84.35498809814453,84.38107746462167,18.03517019758956,65.27777777777779,65.27777777777779,97.0199966430664
2018-08-02,80.87716674804688,79.24258432665643,4.198770895691649,50.99206349206349,50.99206349206349,93.0199966430664
2018-08-03,82.58999633789062,81.69445367736587,1.5671562351663868,47.42063492063492,47.42063492063492,94.98999786376953
2018-08-06,80.82499694824219,80.83369340519427,-6.277305000822081,40.87301587301587,40.87301587301587,92.95999908447266
2018-08-07,83.346435546875,83.5464076307404,-1.1783660175996342,46.42857142857143,46.42857142857143,95.86000061035156
2018-08-08,82.8943099975586,82.8508409793183,0.30217229021255065,47.42063492063492,47.42063492063492,95.33999633789062
2018-08-09,82.25091552734375,83.15515473274712,-1.5702959713464395,45.83333333333333,45.83333333333333,94.5999984741211
2018-08-10,76.86026000976562,76.62550211127147,-20.22314581399673,24.404761904761905,24.404761904761905,88.4000015258789
2018-08-13,73.13025665283203,74.65181114354387,-31.28400181097603,11.706349206349206,11.706349206349206,84.11000061035156
2018-08-14,74.5474853515625,73.90408692277788,-33.95405549484702,9.325396825396826,9.325396825396826,85.73999786376953
2018-08-15,68.09610748291016,68.22652781065085,-37.59585183104744,3.7698412698412698,3.7698412698412698,78.31999969482422
2018-08-16,69.2437973022461,70.01761620993369,-38.04138511159705,3.7698412698412698,3.7698412698412698,79.63999938964844
2018-08-17,71.3826675415039,68.49606049085659,-35.01596760655939,7.738095238095238,7.738095238095238,82.0999984741211
2018-08-20,72.3912353515625,71.84347135235323,-31.73194088362544,12.3015873015873,12.3015873015873,83.26000213623047
2018-08-21,75.02569580078125,74.45184908093599,-23.857916739587147,21.626984126984127,21.626984126984127,86.29000091552734
2018-08-22,76.86896514892578,75.2604587717522,-14.23180811934368,34.32539682539682,34.32539682539682,88.41000366210938
2018-08-23,73.1911392211914,76.17338712989584,-17.549691513107444,28.968253968253972,28.968253968253972,84.18000030517578
2018-08-24,77.06022644042969,76.38204879833845,-9.060990911785021,39.285714285714285,39.285714285714285,88.62999725341797
2018-08-27,80.42505645751953,79.37301056906266,2.64316029265921,52.57936507936508,52.57936507936508,92.5
2018-08-28,79.51212310791016,81.13801587510744,6.954278022778129,57.53968253968254,57.53968253968254,91.44999694824219
2018-08-29,81.05106353759766,78.92088252398341,13.813264192284258,63.69047619047619,63.69047619047619,93.22000122070312
2018-08-30,74.61705780029297,77.35585815875642,2.301442851027379,51.98412698412699,51.98412698412699,85.81999969482422
2018-08-31,75.93863677978516,74.25188881137342,0.2601082415744655,49.801587301587304,49.801587301587304,87.33999633789062
2018-09-04,71.36528778076172,72.0956310927872,-11.952094476650323,36.904761904761905,36.904761904761905,82.08000183105469
2018-09-05,68.35696411132812,68.86124599179887,-24.10932977136588,21.428571428571427,21.428571428571427,78.62000274658203
2018-09-06,68.46127319335938,68.60908642323443,-29.850052362183703,13.88888888888889,13.88888888888889,78.73999786376953
2018-09-07,67.43531036376953,67.78309566408814,-34.70925872399422,8.134920634920634,8.134920634920634,77.55999755859375
2018-09-10,65.40077209472656,67.26141567481109,-39.0050886767586,1.984126984126984,1.984126984126984,75.22000122070312
2018-09-11,65.75725555419922,63.427102554691984,-38.06835220672096,3.968253968253968,3.968253968253968,75.62999725341797
2018-09-12,66.85276794433594,64.80084214898257,-35.39578769773989,6.746031746031746,6.746031746031746,76.88999938964844
2018-09-13,69.278564453125,69.88718372408448,-27.551585980696323,17.063492063492063,17.063492063492063,79.68000030517578
2018-09-14,69.14814758300781,70.53928215259508,-23.575925255699868,23.41269841269841,23.41269841269841,79.52999877929688
2018-09-17,67.36576080322266,67.51356740479699,-25.8810583420853,20.03968253968254,20.03968253968254,77.4800033569336
2018-09-18,69.25247192382812,68.33084005799043,-21.83103206624824,24.801587301587304,24.801587301587304,79.6500015258789
2018-09-19,71.98258972167969,70.98270945714015,-10.55466817834197,39.682539682539684,39.682539682539684,82.79000091552734
2018-09-20,74.53880310058594,74.06059748324788,1.6295465023863556,51.587301587301596,51.587301587301596,85.7300033569336
2018-09-21,75.37348937988281,74.65183598922144,9.949932484020236,60.51587301587301,60.51587301587301,86.69000244140625
2018-09-24,72.92161560058594,72.90422268513352,8.249973491165548,58.333333333333336,58.333333333333336,83.87000274658203
2018-09-25,73.86063385009766,73.20853876619407,9.708531680420096,60.51587301587301,60.51587301587301,84.94999694824219
2018-09-26,74.2431869506836,74.19102147473677,11.572381913506725,61.50793650793651,61.50793650793651,85.38999938964844
2018-09-27,75.24308013916016,74.85181910218421,15.09007276823613,65.67460317460318,65.67460317460318,86.54000091552734
2018-09-28,73.71282196044922,73.60849099988395,16.630882646986322,67.85714285714286,67.85714285714286,84.77999877929688
2018-10-01,73.85192108154297,74.9387458837392,18.445997685777474,69.24603174603175,69.24603174603175,84.94000244140625
2018-10-02,71.12183380126953,70.94793781350079,10.093233710990297,60.317460317460316,60.317460317460316,81.80000305175781
2018-10-03,69.25247192382812,72.55641506578006,-1.5604987733619244,48.80952380952381,48.80952380952381,79.6500015258789
2018-10-04,64.10528564453125,67.1396990416481,-20.909312595918657,26.38888888888889,26.38888888888889,73.7300033569336
2018-10-05,63.296695709228516,64.079204464969,-30.241285214839714,14.484126984126986,14.484126984126986,72.80000305175781
2018-10-08,63.74011993408203,61.870785963501454,-33.93008841492756,10.912698412698413,10.912698412698413,73.30999755859375
2018-10-09,62.87066650390625,62.114240356492814,-37.182229162847236,5.158730158730158,5.158730158730158,72.30999755859375
2018-10-10,57.27132797241211,61.91424081417122,-41.51598861053914,0.992063492063492,0.992063492063492,65.87000274658203
2018-10-11,55.61066436767578,56.384483286588036,-42.3309565485073,0.3968253968253968,0.3968253968253968,63.959999084472656
2018-10-12,60.34053039550781,60.236192798699875,-36.318547308117296,6.547619047619048,6.547619047619048,69.4000015258789
2018-10-15,58.366844177246094,58.705933027777405,-35.77352835916107,6.944444444444445,6.944444444444445,67.12999725341797
2018-10-16,62.67068099975586,60.549196388775805,-26.011993724807425,21.23015873015873,21.23015873015873,72.08000183105469
2018-10-17,60.45355224609375,61.35779143474074,-25.411888595780454,22.22222222222222,22.22222222222222,69.52999877929688
2018-10-18,55.810630798339844,58.63637535661705,-32.387579242319134,13.095238095238097,13.095238095238097,64.19000244140625
2018-10-19,57.36697006225586,58.37554014857573,-33.1571008656708,12.896825396825399,12.896825396825399,65.9800033569336
2018-10-22,59.071109771728516,60.21879661408412,-29.90144262670227,16.46825396825397,16.46825396825397,67.94000244140625
2018-10-23,57.20176315307617,54.83683134827942,-31.263128081112622,15.277777777777779,15.277777777777779,65.79000091552734
2018-10-24,51.5937614440918,56.23667841873926,-37.94776573759538,4.761904761904762,4.761904761904762,59.34000015258789
2018-10-25,54.45428466796875,53.33268039081621,-36.60928952355207,6.349206349206349,6.349206349206349,62.630001068115234
2018-10-26,52.76752471923828,51.19380428628338,-37.21302384971136,5.753968253968254,5.753968253968254,60.689998626708984
2018-10-29,50.0200309753418,54.080410756903206,-39.29445436037881,2.1825396825396823,2.1825396825396823,57.529998779296875
2018-10-30,52.84578323364258,50.7677741482439,-34.900383627461174,10.317460317460316,10.317460317460316,60.779998779296875
2018-10-31,54.61077880859375,54.47166535396251,-29.106437483118423,18.849206349206348,18.849206349206348,62.810001373291016
2018-11-01,60.375301361083984,57.210467657490355,-8.941196023294474,43.452380952380956,43.452380952380956,69.44000244140625
2018-11-02,61.62731170654297,63.41840350615682,8.220916525955802,58.92857142857143,58.92857142857143,70.87999725341797
2018-11-05,62.07074737548828,61.29692852478779,18.894892283902216,69.44444444444444,69.44444444444444,71.38999938964844
2018-11-06,61.73166275024414,61.10565046100175,23.46165923144839,73.80952380952381,73.80952380952381,71.0
2018-11-07,65.17474365234375,64.18355943553983,31.10609441269805,84.12698412698413,84.12698412698413,74.95999908447266
2018-11-08,60.14923858642578,62.60111533851275,24.08989199055936,74.40476190476191,74.40476190476191,69.18000030517578
2018-11-09,56.68009567260742,57.31479771476025,10.710243977644634,60.51587301587301,60.51587301587301,65.19000244140625
2018-11-12,54.31516647338867,56.03669353368016,-2.5545502385027152,49.007936507936506,49.007936507936506,62.470001220703125
2018-11-13,56.132328033447266,55.932355974699945,-4.135837250444597,47.817460317460316,47.817460317460316,64.55999755859375
2018-11-14,57.18437957763672,57.671281673879164,-1.3347481586492598,50.595238095238095,50.595238095238095,65.7699966430664
2018-11-15,60.98390579223633,58.12338244414942,10.081048865154937,59.92063492063492,59.92063492063492,70.13999938964844
2018-11-16,61.46213150024414,59.401508845900565,17.43878306975921,67.65873015873017,67.65873015873017,70.69000244140625
2018-11-19,58.90590286254883,60.018810371883774,14.60044718867948,64.0873015873016,64.0873015873016,67.75
2018-11-20,55.097686767578125,56.01931568699105,2.4380476248220395,53.769841269841265,53.769841269841265,63.369998931884766
2018-11-21,57.9755859375,58.06253060011987,4.80408585094881,55.35714285714286,55.35714285714286,66.68000030517578
2018-11-23,56.01061248779297,56.054088141857235,0.3963084225645985,50.99206349206349,50.99206349206349,64.41999816894531
2018-11-26,58.07122802734375,58.349454932450705,4.449221294004005,55.158730158730165,55.158730158730165,66.79000091552734
2018-11-27,59.23630142211914,57.37565774093939,9.70741144587992,58.92857142857143,58.92857142857143,68.12999725341797
2018-11-28,63.453189849853516,60.4535490526755,21.807588334840826,71.42857142857143,71.42857142857143,72.9800033569336
2018-11-29,61.87078094482422,62.17509063859816,22.653682547829973,71.82539682539682,71.82539682539682,71.16000366210938
2018-11-30,61.48820114135742,61.03607830838887,21.807473009230286,71.03174603174604,71.03174603174604,70.72000122070312
2018-12-03,65.2703628540039,66.20938125925892,29.245565851551575,80.95238095238095,80.95238095238095,75.06999969482422
2018-12-04,61.34040451049805,65.42686378097854,22.661529305677515,71.62698412698413,71.62698412698413,70.55000305175781
2018-12-06,59.55801010131836,56.297535095771735,13.822102535204243,62.10317460317461,62.10317460317461,68.5
2018-12-07,55.99323272705078,59.17545329823403,-3.8332102543647726,45.03968253968254,45.03968253968254,64.4000015258789
2018-12-10,54.37602233886719,54.880307350575904,-15.332414135713027,32.73809523809524,32.73809523809524,62.540000915527344
2018-12-11,55.523712158203125,56.64531627397177,-17.645779055928433,29.166666666666668,29.166666666666668,63.86000061035156
2018-12-12,58.2103385925293,58.56682034134871,-9.259074748152662,38.88888888888889,38.88888888888889,66.94999694824219
2018-12-13,58.279903411865234,58.80157809120066,-4.477493563586388,44.84126984126984,44.84126984126984,67.02999877929688
2018-12-14,55.74108123779297,55.91497058474578,-10.688823505091081,37.698412698412696,37.698412698412696,64.11000061035156
2018-12-17,54.13258361816406,55.88019693564039,-18.65555534466181,28.76984126984127,28.76984126984127,62.2599983215332
2018-12-18,55.20200729370117,55.31503468607205,-19.318782995430585,28.57142857142857,28.57142857142857,63.4900016784668
2018-12-19,52.35887908935547,55.88018789595609,-26.35535716504483,20.436507936507937,20.436507936507937,60.220001220703125
2018-12-20,53.68915939331055,54.05433103116324,-25.280806344451197,22.42063492063492,22.42063492063492,61.75
2018-12-21,52.42844009399414,54.071719049741915,-28.467769416844106,17.658730158730158,17.658730158730158,60.29999923706055
2018-12-24,51.09815216064453,52.11541852101165,-33.37972493081503,12.103174603174603,12.103174603174603,58.77000045776367
2018-12-26,54.11518478393555,51.967617803371986,-25.305840772740552,22.42063492063492,22.42063492063492,62.2400016784668
2018-12-27,53.956905364990234,51.89568660249843,-21.53039749659967,26.38888888888889,26.38888888888889,62.040000915527344
2018-12-28,55.27016067504883,55.1397059512498,-14.61266485967809,34.32539682539682,34.32539682539682,63.54999923706055
2018-12-31,54.60918426513672,56.53124582701044,-13.10474636048398,35.714285714285715,35.714285714285715,62.790000915527344
2019-01-02,54.8787956237793,52.617546997252816,-11.218105304404292,37.301587301587304,37.301587301587304,63.099998474121094
2019-01-03,51.991355895996094,53.20025443126099,-20.557248652047015,26.984126984126984,26.984126984126984,59.779998779296875
2019-01-04,56.96609115600586,54.2438938099807,-7.327043977460591,42.06349206349206,42.06349206349206,65.5
2019-01-07,57.3487663269043,57.11394055566797,7.775047631206511,56.34920634920635,56.34920634920635,65.94000244140625
2019-01-08,57.792327880859375,57.44444858097057,17.36516327650934,66.66666666666666,66.66666666666666,66.44999694824219
2019-01-09,61.01896286010742,59.70569661922936,27.809113990316938,78.76984126984127,78.76984126984127,70.16000366210938
2019-01-10,62.410484313964844,60.09704908699808,35.04332213470465,87.3015873015873,87.3015873015873,71.76000213623047
2019-01-11,61.33204650878906,60.85370920831044,36.5570362790502,89.68253968253968,89.68253968253968,70.5199966430664
2019-01-14,59.82745361328125,59.079501208303334,33.92184409917783,85.9126984126984,85.9126984126984,68.79000091552734
2019-01-15,61.149410247802734,60.81022331134849,35.62811716035367,88.29365079365078,88.29365079365078,70.30999755859375
2019-01-16,63.315006256103516,62.35831820107242,38.29892803196153,91.66666666666666,91.66666666666666,72.80000305175781
2019-01-17,64.13251495361328,61.68862811245738,39.43174972575774,93.25396825396825,93.25396825396825,73.73999786376953
2019-01-18,65.16748046875,64.9065643745772,40.69661464675805,95.23809523809523,95.23809523809523,74.93000030517578
2019-01-22,61.78429412841797,62.77576452099311,35.33918484221048,87.6984126984127,87.6984126984127,71.04000091552734
2019-01-23,63.454139709472656,63.297591400047,35.64640763914655,88.4920634920635,88.4920634920635,72.95999908447266
2019-01-24,65.2283706665039,63.66288711635862,38.82466873621519,92.26190476190477,92.26190476190477,75.0
2019-01-25,67.94184875488281,67.42871564043445,40.93857997435702,95.43650793650794,95.43650793650794,78.12000274658203
2019-01-28,65.837158203125,64.88917584867923,38.89042115494466,92.06349206349206,92.06349206349206,75.69999694824219
2019-01-29,66.08068084716797,66.76774707388437,38.17370435391457,91.07142857142857,91.07142857142857,75.9800033569336
2019-01-30,70.27267456054688,67.24607636580727,40.81898690647248,95.63492063492063,95.63492063492063,80.80000305175781
2019-01-31,72.03821563720703,70.6814609874042,42.420665507120916,97.81746031746032,97.81746031746032,82.83000183105469
2019-02-01,70.42054748535156,70.60318612036502,41.43169773783505,96.42857142857143,96.42857142857143,80.97000122070312
2019-02-04,70.78581237792969,69.75085365845125,41.057663632333536,95.83333333333334,95.83333333333334,81.38999938964844
2019-02-05,73.62106323242188,71.75118260119538,42.601061802269015,98.01587301587301,98.01587301587301,84.6500015258789
2019-02-06,70.78581237792969,72.69917485953816,39.38727852401814,92.46031746031747,92.46031746031747,81.38999938964844
2019-02-07,68.53325653076172,68.91592500989867,32.755489626015205,84.92063492063492,84.92063492063492,78.80000305175781
2019-02-08,67.21128845214844,66.88949951658964,26.120016567598174,75.79365079365078,75.79365079365078,77.27999877929688
2019-02-11,66.60250854492188,67.66355764108087,20.018660196136338,69.64285714285714,69.64285714285714,76.58000183105469
2019-02-12,68.39410400390625,68.24625465831166,21.815425608968134,71.42857142857143,71.42857142857143,78.63999938964844
2019-02-13,66.76776885986328,68.29846341454794,16.084706475463392,65.67460317460318,65.67460317460318,76.7699966430664
2019-02-14,67.17650604248047,65.66321007870307,14.464010247484078,63.29365079365079,63.29365079365079,77.23999786376953
2019-02-15,66.86343383789062,67.08956074026618,12.101424984155441,60.71428571428571,60.71428571428571,76.87999725341797
2019-02-19,68.30714416503906,66.13286534632266,15.841704879063773,66.07142857142857,66.07142857142857,78.54000091552734
2019-02-20,69.55953216552734,69.43776644490019,20.973529489303584,71.03174603174604,71.03174603174604,79.9800033569336
2019-02-21,69.02901458740234,69.34211130560173,21.353116369265745,71.82539682539682,71.82539682539682,79.37000274658203
2019-02-22,71.37723541259766,70.79453019499505,26.393805764520256,77.57936507936508,77.57936507936508,82.06999969482422
2019-02-25,73.62977600097656,73.71674582062555,32.77732570260829,87.10317460317461,87.10317460317461,84.66000366210938
2019-02-26,72.96880340576172,72.17736267737865,34.38964285566299,88.4920634920635,88.4920634920635,83.9000015258789
2019-02-27,71.16850280761719,71.57726832694655,29.332297227657694,82.73809523809523,82.73809523809523,81.83000183105469
2019-02-28,68.4114990234375,69.73345737611497,15.162611745206423,64.48412698412699,64.48412698412699,78.66000366210938
2019-03-01,68.4201889038086,69.90739448545489,7.4035441688392005,56.15079365079365,56.15079365079365,78.66999816894531
2019-03-04,68.75068664550781,69.64648829746133,4.750213917075932,54.563492063492056,54.563492063492056,79.05000305175781
2019-03-05,70.69884490966797,69.7856452285898,11.957359558494696,60.71428571428571,60.71428571428571,81.29000091552734
2019-03-06,69.46387481689453,70.89020145248736,10.42841103685459,59.32539682539682,59.32539682539682,79.87000274658203
2019-03-07,65.75019836425781,68.32454401095409,-8.735587728365552,40.476190476190474,40.476190476190474,75.5999984741211
2019-03-08,64.30647277832031,63.34978478513598,-19.669602109219735,28.373015873015873,28.373015873015873,73.94000244140625
2019-03-11,67.81139373779297,66.09806134905932,-10.261306449932222,39.08730158730159,39.08730158730159,77.97000122070312
2019-03-12,68.95073699951172,68.95943597372059,-0.5977514103505747,49.404761904761905,49.404761904761905,79.27999877929688
2019-03-13,69.09857940673828,69.05509781083094,5.180031815444426,54.761904761904766,54.761904761904766,79.44999694824219
2019-03-14,67.96794891357422,68.20276807780286,3.3095430444748386,52.976190476190474,52.976190476190474,78.1500015258789
2019-03-15,70.91629028320312,69.75087319640319,13.541950389650403,61.904761904761905,61.904761904761905,81.54000091552734
2019-03-18,73.17752075195312,72.54263511030432,24.753702516727113,75.79365079365078,75.79365079365078,84.13999938964844
2019-03-19,73.29127502441406,73.5625599954444,30.665458426690062,84.92063492063492,84.92063492063492,83.75
2019-03-20,73.69384765625,72.60870082499257,33.23642509260808,87.5,87.5,84.20999908447266
2019-03-21,73.91264343261719,72.46869392080643,35.19272561600849,89.48412698412699,89.48412698412699,84.45999908447266
2019-03-22,67.46298217773438,70.70968251119746,14.7066476291908,63.888888888888886,63.888888888888886,77.08999633789062
2019-03-25,68.02306365966797,66.94666338902735,5.380549801303544,54.563492063492056,54.563492063492056,77.7300033569336
2019-03-26,68.45187377929688,68.68815319432613,2.377444096138716,51.587301587301596,51.587301587301596,78.22000122070312
2019-03-27,66.35159301757812,67.57676225845121,-8.03906956739363,41.46825396825397,41.46825396825397,75.81999969482422
2019-03-28,67.67301940917969,66.94666833336655,-7.568508068323513,41.86507936507937,41.86507936507937,77.33000183105469
2019-03-29,69.81705474853516,69.88706593309509,0.9414311037424057,50.198412698412696,50.198412698412696,79.77999877929688
2019-04-01,73.13377380371094,72.59995010118028,16.09892347247104,67.65873015873017,67.65873015873017,83.56999969482422
2019-04-02,72.37240600585938,73.37004206049798,21.71799674259578,73.4126984126984,73.4126984126984,82.69999694824219
2019-04-03,73.95639038085938,74.4289559648761,28.385148903568624,81.34920634920636,81.34920634920636,84.51000213623047
2019-04-04,75.28655242919922,73.8776090712755,34.89737848395457,88.69047619047619,88.69047619047619,86.02999877929688
2019-04-05,76.8442611694336,75.92538946113007,38.790918586421995,93.05555555555556,93.05555555555556,87.80999755859375
2019-04-08,76.89678955078125,75.82038911458625,40.785031979666506,96.03174603174604,96.03174603174604,87.87000274658203
2019-04-09,76.54673767089844,77.19432451855455,40.83013814842362,96.23015873015873,96.23015873015873,87.47000122070312
2019-04-10,77.6143798828125,77.38684685748571,41.61405183042518,97.22222222222221,97.22222222222221,88.69000244140625
2019-04-11,75.04151916503906,75.89913946464414,35.307545248681464,88.69047619047619,88.69047619047619,85.75
2019-04-12,76.48548889160156,77.11557635620787,35.23162205780792,88.4920634920635,88.4920634920635,87.4000015258789
2019-04-15,75.39157104492188,76.35420147605535,32.226106793727496,84.92063492063492,84.92063492063492,86.1500015258789
2019-04-16,77.11556243896484,76.4592225612239,34.91242209744379,87.5,87.5,88.12000274658203
2019-04-17,77.78939819335938,78.80454036230049,36.734840870927385,90.47619047619048,90.47619047619048,88.88999938964844
2019-04-18,77.5006103515625,76.8617766117481,36.562165803401,90.27777777777779,90.27777777777779,88.55999755859375
2019-04-22,76.09166717529297,75.3828222436709,32.39435551794257,84.32539682539682,84.32539682539682,86.94999694824219
2019-04-23,76.59048461914062,75.69786532984885,31.537121369469556,83.33333333333334,83.33333333333334,87.5199966430664
2019-04-24,73.34380340576172,75.041538303913,19.253812903409802,68.45238095238095,68.45238095238095,83.80999755859375
2019-04-25,73.05501556396484,72.02237376720406,11.202702602227879,58.333333333333336,58.333333333333336,83.4800033569336
2019-04-26,73.7726058959961,73.30004037663049,9.438418096370613,56.547619047619044,56.547619047619044,84.30000305175781
2019-04-29,74.20140838623047,74.44644086112042,7.499744215836852,54.761904761904766,54.761904761904766,84.79000091552734
2019-04-30,73.98265075683594,73.73761820802204,1.3474842021355726,48.80952380952381,48.80952380952381,84.54000091552734
2019-05-01,72.38990020751953,74.36767253218385,-11.200867568332365,36.30952380952381,36.30952380952381,82.72000122070312
2019-05-02,72.7924575805664,72.98498498459323,-15.262220571104438,32.53968253968254,32.53968253968254,83.18000030517578
2019-05-03,75.56660461425781,74.38519404417733,-1.429807093963367,46.42857142857143,46.42857142857143,86.3499984741211
2019-05-06,70.90220642089844,68.38186368806599,-11.809048711369009,35.91269841269841,35.91269841269841,81.0199966430664
2019-05-07,66.57913970947266,68.64442370749302,-25.205500994701985,22.023809523809522,22.023809523809522,76.08000183105469
2019-05-08,66.44786071777344,67.23547003947797,-32.16270072233667,12.698412698412698,12.698412698412698,75.93000030517578
2019-05-09,63.139896392822266,61.888474782275,-35.58788393769945,6.944444444444445,6.944444444444445,72.1500015258789
2019-05-10,64.30382537841797,63.656231722490325,-35.09196595011731,8.134920634920634,8.134920634920634,73.4800033569336
2019-05-13,57.941688537597656,58.3267434351701,-39.45260987482033,2.1825396825396823,2.1825396825396823,66.20999908447266
2019-05-14,60.094478607177734,60.11198474312518,-38.96380361862583,3.373015873015873,3.373015873015873,68.66999816894531
2019-05-15,60.540794372558594,59.20186200657033,-38.04980657202937,4.761904761904762,4.761904761904762,69.18000030517578
2019-05-16,59.779441833496094,60.339518069103406,-38.46427112690059,4.365079365079365,4.365079365079365,68.30999755859375
2019-05-17,56.541500091552734,56.74277393967004,-41.74412828387017,1.1904761904761905,1.1904761904761905,64.61000061035156
2019-05-20,55.657623291015625,55.93766138685007,-43.12685799363389,0.1984126984126984,0.1984126984126984,63.599998474121094
2019-05-21,57.71415710449219,56.786532108920625,-40.98594356295218,2.1825396825396823,2.1825396825396823,65.94999694824219
2019-05-22,57.040321350097656,57.495380808253636,-40.57577976614127,2.380952380952381,2.380952380952381,65.18000030517578
2019-05-23,54.817508697509766,54.72999804491904,-42.150397123059264,0.992063492063492,0.992063492063492,62.63999938964844
2019-05-24,54.9312744140625,56.00767144912733,-42.79666771263646,0.5952380952380952,0.5952380952380952,62.77000045776367
2019-05-28,55.25506591796875,56.46272888821463,-42.491950191980685,0.7936507936507936,0.7936507936507936,63.13999938964844
2019-05-29,56.506492614746094,54.782505314841785,-39.819202150398766,3.571428571428571,3.571428571428571,64.56999969482422
2019-05-30,57.451629638671875,57.02282270586578,-36.29856755243212,9.126984126984127,9.126984126984127,65.6500015258789
2019-05-31,58.160465240478516,56.60275295402774,-32.75634788364276,14.880952380952381,14.880952380952381,66.45999908447266
2019-06-03,59.665672302246094,59.41188674173338,-27.01213111219393,21.626984126984127,21.626984126984127,68.18000030517578
2019-06-04,59.779441833496094,58.91307494976531,-21.68452037409692,28.968253968253972,28.968253968253972,68.30999755859375
2019-06-05,58.50175857543945,60.050724394265785,-21.360245845381833,29.563492063492063,29.563492063492063,66.8499984741211
2019-06-06,58.5717887878418,58.38801436732351,-20.480019182594983,30.555555555555557,30.555555555555557,66.93000030517578
2019-06-07,59.919471740722656,59.49941117305119,-11.256462792445388,40.67460317460318,40.67460317460318,68.47000122070312
2019-06-10,61.74845886230469,61.48592689465126,1.8390454540943106,54.761904761904766,54.761904761904766,70.55999755859375
2019-06-11,63.71747589111328,64.13753636836377,17.69651681689559,70.83333333333334,70.83333333333334,72.80999755859375
2019-06-12,61.695945739746094,62.39604424858129,17.198833112876198,70.43650793650794,70.43650793650794,70.5
2019-06-13,61.4771728515625,62.04600212074737,15.924732443593415,69.64285714285714,69.64285714285714,70.25
2019-06-14,59.40313720703125,60.24325152112961,6.247093129400613,59.72222222222222,59.72222222222222,67.87999725341797
2019-06-17,60.0069580078125,59.508140042171405,3.897514223648377,58.13492063492064,58.13492063492064,68.56999969482422
2019-06-18,64.45258331298828,61.96723927336398,20.44668716421465,73.61111111111111,73.61111111111111,73.6500015258789
2019-06-19,66.1328125,64.83763207259868,29.14161415256039,81.15079365079364,81.15079365079364,75.56999969482422
2019-06-20,68.79317474365234,70.14086016872162,34.40918539992128,87.5,87.5,78.61000061035156
2019-06-21,67.96180725097656,68.15432799967516,35.316590376503086,89.0873015873016,89.0873015873016,77.66000366210938
2019-06-24,67.93555450439453,68.04057129454702,35.49327720799172,89.48412698412699,89.48412698412699,77.62999725341797
2019-06-25,65.73160552978516,67.0404382095256,29.31419269132277,80.95238095238095,80.95238095238095,74.83000183105469
2019-06-26,67.57627868652344,67.2336983233633,30.485435822505362,82.53968253968253,82.53968253968253,76.93000030517578
2019-06-27,68.96417236328125,68.54253138325578,34.14549298023597,86.5079365079365,86.5079365079365,78.51000213623047
2019-06-28,68.60403442382812,68.99053817832954,34.94684920083599,87.5,87.5,78.0999984741211
2019-07-01,71.19535064697266,72.42512304192465,37.37688588069456,91.66666666666666,91.66666666666666,81.05000305175781
2019-07-02,70.65074920654297,71.0021157038683,37.19109238585927,91.46825396825396,91.46825396825396,80.43000030517578
2019-07-03,70.13246154785156,69.60541530730588,35.80919694145963,89.68253968253968,89.68253968253968,79.83999633789062
2019-07-05,68.58646392822266,68.70944116775797,30.45814596777093,81.34920634920636,81.34920634920636,78.08000183105469
2019-07-08,67.36548614501953,67.30399751127696,22.650330752435746,73.21428571428571,73.21428571428571,76.69000244140625
2019-07-09,66.73302459716797,65.70528318171053,15.60292402519786,66.26984126984127,66.26984126984127,75.97000122070312
2019-07-10,68.48103332519531,68.7972623411534,18.112626899338014,68.84920634920636,68.84920634920636,77.95999908447266
2019-07-11,68.04183959960938,69.15742736127936,17.567612124639716,68.05555555555556,68.05555555555556,77.45999908447266
2019-07-12,68.11209869384766,68.25264119374741,17.491588535202,67.85714285714286,67.85714285714286,77.54000091552734
2019-07-15,68.99053192138672,68.93782930573715,20.764792687010715,71.03174603174604,71.03174603174604,78.54000091552734
2019-07-16,68.52497100830078,69.22769708986766,20.0308056199262,70.43650793650794,70.43650793650794,78.01000213623047
2019-07-17,67.85736846923828,68.61280378704275,15.002758747682243,64.48412698412699,64.48412698412699,77.25
2019-07-18,69.40338897705078,67.81345744033429,16.790003778200248,67.26190476190477,67.26190476190477,79.01000213623047
2019-07-19,68.12968444824219,69.69325792644062,8.114544223661424,58.333333333333336,58.333333333333336,77.55999755859375
2019-07-22,68.19117736816406,68.56889510764672,4.111301052783948,55.158730158730165,55.158730158730165,77.62999725341797
2019-07-23,68.3844223022461,68.28779637624449,3.0211803543708076,54.166666666666664,54.166666666666664,77.8499984741211
2019-07-24,68.61283111572266,68.05064740437989,3.601619312081212,54.96031746031746,54.96031746031746,78.11000061035156
2019-07-25,66.91748046875,68.25266483823668,-8.333554867219222,43.65079365079365,43.65079365079365,76.18000030517578
2019-07-26,67.21613311767578,67.56749951848947,-12.499151178762702,38.69047619047619,38.69047619047619,76.5199966430664
2019-07-29,66.84719848632812,66.54854141485225,-17.063346122955096,33.730158730158735,33.730158730158735,76.0999984741211
2019-07-30,65.25729370117188,65.33634764357842,-25.22041901867465,25.595238095238095,25.595238095238095,74.29000091552734
2019-07-31,62.91191864013672,65.12551564798628,-28.38995074900121,20.436507936507937,20.436507936507937,71.62000274658203
2019-08-01,59.2840690612793,62.982185587754756,-35.722409781169105,9.523809523809524,9.523809523809524,67.48999786376953
2019-08-02,57.46575164794922,58.45836219173089,-39.84760678779141,3.571428571428571,3.571428571428571,65.41999816894531
2019-08-05,51.08848571777344,52.731116632052874,-42.06126920342591,1.5873015873015872,1.5873015873015872,58.15999984741211
2019-08-06,53.161529541015625,53.732495705311855,-40.760560551580745,3.1746031746031744,3.1746031746031744,60.52000045776367
2019-08-07,53.8994026184082,51.536470363003424,-38.898422874621694,5.753968253968254,5.753968253968254,61.36000061035156
2019-08-08,55.86704635620117,54.94471369176398,-34.35658717246669,13.492063492063492,13.492063492063492,63.599998474121094
2019-08-09,54.19805908203125,54.80416258080716,-34.57938264385048,13.293650793650794,13.293650793650794,61.70000076293945
2019-08-12,52.1513557434082,52.160141746004356,-37.46969318568354,8.134920634920634,8.134920634920634,59.369998931884766
2019-08-13,54.11899948120117,51.00941815003841,-35.01847089084867,12.5,12.5,61.61000061035156
2019-08-14,49.48098373413086,50.947931178610716,-39.788803264689975,4.365079365079365,4.365079365079365,56.33000183105469
2019-08-15,50.45602035522461,50.84252405770936,-40.72524171947552,3.373015873015873,3.373015873015873,57.439998626708984
2019-08-16,52.56421661376953,51.94054439490867,-37.13941353001198,9.523809523809524,9.523809523809524,59.84000015258789
2019-08-19,53.152748107910156,54.46158443401737,-33.70235321936924,16.071428571428573,16.071428571428573,60.5099983215332
2019-08-20,53.53925323486328,53.75007040046365,-31.14016712242067,20.03968253968254,20.03968253968254,60.95000076293945
2019-08-21,54.94470977783203,55.18188159194322,-26.294857000781146,26.38888888888889,26.38888888888889,62.54999923706055
2019-08-22,52.74868392944336,53.67980263243904,-28.21415048948338,23.41269841269841,23.41269841269841,60.04999923706055
2019-08-23,50.579002380371094,52.37974765640064,-32.90073002974657,17.46031746031746,17.46031746031746,57.58000183105469
2019-08-26,51.2465934753418,51.49254794189458,-33.87521129015601,16.071428571428573,16.071428571428573,58.34000015258789
2019-08-27,51.54525375366211,52.39731508294766,-33.32130165210662,17.46031746031746,17.46031746031746,58.68000030517578
2019-08-28,51.98445510864258,51.31685969246124,-31.747504133990855,19.841269841269842,19.841269841269842,59.18000030517578
2019-08-29,53.609527587890625,52.85409210749726,-25.737952052812858,28.373015873015873,28.373015873015873,61.029998779296875
2019-08-30,54.812957763671875,55.137969547807685,-13.374536146730678,42.06349206349206,42.06349206349206,62.400001525878906
2019-09-03,53.9081916809082,53.10005352707452,-4.866177996768077,50.39682539682539,50.39682539682539,61.369998931884766
2019-09-04,56.56098937988281,55.95488586431585,11.581270020191951,66.46825396825396,66.46825396825396,64.38999938964844
2019-09-05,58.4320068359375,58.598907384875695,21.872379499016677,77.97619047619048,77.97619047619048,66.5199966430664
2019-09-06,59.16988754272461,59.45097937444804,28.387970354416236,82.73809523809523,82.73809523809523,67.36000061035156
2019-09-09,59.696922302246094,59.679356998191906,32.14562225526064,86.90476190476191,86.90476190476191,67.95999908447266
2019-09-10,59.88138961791992,59.503671904825055,34.62160226915295,88.88888888888889,88.88888888888889,68.16999816894531
2019-09-11,61.17265701293945,60.48749621146576,37.94577616356155,93.05555555555556,93.05555555555556,69.63999938964844
2019-09-12,62.428775787353516,62.376073182185074,38.966685446293454,94.24603174603175,94.24603174603175,71.06999969482422
2019-09-13,63.509239196777344,63.46531588224605,40.94869786615786,96.42857142857143,96.42857142857143,72.30000305175781
2019-09-16,62.00713348388672,61.928079577863926,37.78133802072456,92.46031746031747,92.46031746031747,70.58999633789062
2019-09-17,62.01593780517578,60.27668434133065,36.086438919161964,91.07142857142857,91.07142857142857,70.5999984741211
2019-09-18,61.21657943725586,61.611862447207706,32.241124806981716,85.9126984126984,85.9126984126984,69.69000244140625
2019-09-19,60.390865325927734,61.16386598946738,26.536591232632777,81.15079365079364,81.15079365079364,68.75
2019-09-20,60.47870635986328,61.77875996072491,23.60033818417199,79.76190476190477,79.76190476190477,68.8499984741211
2019-09-23,60.68073272705078,59.70569438631167,23.17705561271006,79.56349206349206,79.56349206349206,69.08000183105469
2019-09-24,58.83756637573242,60.709748183431124,14.006603299842457,68.05555555555556,68.05555555555556,66.94000244140625
2019-09-25,58.69692611694336,57.607017995869654,8.618081697053906,63.69047619047619,63.69047619047619,66.77999877929688
2019-09-26,58.626617431640625,59.039729620835296,5.4484172255781225,60.912698412698404,60.912698412698404,66.69999694824219
2019-09-27,56.40284729003906,58.70572432029686,-6.926284284838316,49.404761904761905,49.404761904761905,64.16999816894531
2019-09-30,57.149959564208984,57.80039460258311,-10.862106719890717,44.642857142857146,44.642857142857146,65.0199966430664
2019-10-01,56.13916015625,57.30817491899349,-17.029274509483177,37.5,37.5,63.869998931884766
2019-10-02,54.776771545410156,54.803139265054455,-26.428827234546485,25.793650793650798,25.793650793650798,62.31999969482422
2019-10-03,56.736854553222656,55.26899002696464,-22.798269762084793,32.142857142857146,32.142857142857146,64.55000305175781
2019-10-04,57.57186508178711,56.306160863862154,-17.278137842706638,37.10317460317461,37.10317460317461,65.5
2019-10-07,56.095211029052734,56.61380076912011,-20.78923554650959,34.12698412698413,34.12698412698413,63.81999969482422
2019-10-08,54.95256423950195,55.81394439633362,-26.922656050867182,25.198412698412696,25.198412698412696,62.52000045776367
2019-10-09,56.1655387878418,56.2534334363998,-24.755691650299873,30.753968253968257,30.753968253968257,63.900001525878906
2019-10-10,57.79160690307617,56.71048339747358,-16.26583412083032,39.48412698412698,39.48412698412698,65.75
2019-10-11,60.613067626953125,60.46364606883915,1.2118430626885597,56.15079365079365,56.15079365079365,68.95999908447266
2019-10-14,59.85715866088867,60.375748409371,8.02473902969021,63.49206349206349,63.49206349206349,68.0999984741211
2019-10-15,61.500797271728516,60.46362479376491,21.34615894983637,77.57936507936508,77.57936507936508,69.97000122070312
2019-10-16,61.97545623779297,61.24591800776381,29.705520119021102,83.73015873015873,83.73015873015873,70.51000213623047
2019-10-17,62.599517822265625,63.39058298084,33.39778223171616,87.10317460317461,87.10317460317461,71.22000122070312
2019-10-18,61.500797271728516,62.22154379330127,30.08089331894895,83.92857142857143,83.92857142857143,69.97000122070312
2019-10-21,63.21479415893555,62.50283878853269,35.050298434894785,89.0873015873016,89.0873015873016,71.91999816894531
2019-10-22,63.487274169921875,63.3905880480379,37.37371008375671,92.06349206349206,92.06349206349206,72.2300033569336
2019-10-23,63.46088790893555,62.669829540547184,38.31313753918647,93.25396825396825,93.25396825396825,72.19999694824219
2019-10-24,63.55759048461914,64.33986428697959,38.7005384171628,93.25396825396825,93.25396825396825,72.30999755859375
2019-10-25,64.76174926757812,63.4521012265494,41.1018324204885,96.82539682539682,96.82539682539682,73.68000030517578
2019-10-28,65.9395523071289,65.58797379953107,42.05660935484142,97.42063492063492,97.42063492063492,75.0199966430664
2019-10-29,64.91996002197266,64.98148692898573,39.644372504478675,94.44444444444444,94.44444444444444,73.86000061035156
2019-10-30,65.66707611083984,64.50684961520972,40.41604153073045,94.64285714285714,94.64285714285714,74.70999908447266
2019-10-31,64.26953125,65.06938103480702,34.51932973332015,86.5079365079365,86.5079365079365,73.12000274658203
2019-11-01,67.02066802978516,66.23839453942006,38.88898432690133,92.85714285714286,92.85714285714286,76.25
2019-11-04,69.02472686767578,69.70152981457169,40.62818418511917,94.84126984126983,94.84126984126983,78.52999877929688
2019-11-05,70.1673583984375,70.31677994640023,42.32896683260194,97.81746031746032,97.81746031746032,79.83000183105469
2019-11-06,69.49935913085938,69.9915745297126,42.0807102154715,97.22222222222221,97.22222222222221,79.06999969482422
2019-11-07,71.01115417480469,71.20452637959436,42.1093123451443,97.22222222222221,97.22222222222221,80.79000091552734
2019-11-08,69.18292999267578,69.48177983309664,37.186587737333554,89.48412698412699,89.48412698412699,78.70999908447266
2019-11-11,67.67989349365234,66.53724325879011,28.09477782744869,79.76190476190477,79.76190476190477,77.0
2019-11-12,66.2823715209961,67.0646453219955,16.317807838350635,70.23809523809523,70.23809523809523,75.41000366210938
2019-11-13,64.72660064697266,64.35743913177573,2.597422043352452,57.53968253968254,57.53968253968254,73.63999938964844
2019-11-14,64.90238189697266,64.6386980070051,-4.476755423455212,50.99206349206349,50.99206349206349,73.83999633789062
2019-11-15,66.38782501220703,66.238403472756,-1.9119994946692802,52.182539682539684,52.182539682539684,75.52999877929688
2019-11-18,66.15050506591797,66.51087503494901,-2.9526983641798443,51.587301587301596,51.587301587301596,75.26000213623047
2019-11-19,66.42298889160156,67.60079845879916,-3.0247057140162137,51.388888888888886,51.388888888888886,75.56999969482422
2019-11-20,65.55282592773438,65.7022474898597,-7.696279467101361,48.41269841269841,48.41269841269841,74.58000183105469
2019-11-21,65.25397491455078,64.73539184154156,-12.633664676939418,43.05555555555556,43.05555555555556,74.23999786376953
2019-11-22,65.17486572265625,65.60555411535199,-15.767176274807978,39.88095238095239,39.88095238095239,74.1500015258789
2019-11-25,67.15253448486328,66.3614692715656,-6.631808471330284,50.0,50.0,76.4000015258789
2019-11-26,66.37025451660156,66.04503698557585,-6.693191915663746,50.0,50.0,75.51000213623047
2019-11-27,66.59878540039062,66.027466858205,-5.644153205813215,50.79365079365079,50.79365079365079,75.7699966430664
2019-11-29,63.55759048461914,63.95312647725228,-20.447087605568083,34.92063492063492,34.92063492063492,72.30999755859375
2019-12-02,63.452110290527344,64.07617094561179,-27.539877638136765,24.404761904761905,24.404761904761905,72.19000244140625
2019-12-03,62.52040100097656,61.71175968699337,-30.464079584798537,21.23015873015873,21.23015873015873,71.12999725341797
2019-12-04,63.92676544189453,63.91797396400081,-26.233909991573633,27.579365079365083,27.579365079365083,72.7300033569336
2019-12-05,64.69145202636719,64.16407738901381,-20.676885729627735,34.92063492063492,34.92063492063492,73.5999984741211
2019-12-06,65.7813491821289,65.80772360949952,-12.757722180897666,43.65079365079365,43.65079365079365,74.83999633789062
2019-12-09,65.01664733886719,65.74618546851093,-9.852267630803984,47.22222222222222,47.22222222222222,73.97000122070312
2019-12-10,65.6846694946289,65.40340262391143,-0.9350682668605849,55.158730158730165,55.158730158730165,74.7300033569336
2019-12-11,68.55006408691406,66.74820075276764,17.21108084506637,71.42857142857143,71.42857142857143,77.98999786376953
2019-12-12,72.07469940185547,69.1741295484329,29.57504114781047,81.34920634920636,81.34920634920636,82.0
2019-12-13,71.98681640625,72.76029869611035,32.76902800248959,83.73015873015873,83.73015873015873,81.9000015258789
2019-12-16,73.77108764648438,73.87656522427221,37.30823539469896,89.68253968253968,89.68253968253968,83.93000030517578
2019-12-17,75.78392028808594,75.50265340080425,40.49687799283283,93.84920634920636,93.84920634920636,86.22000122070312
2019-12-18,77.07597351074219,76.92654527440168,42.523795280712214,98.21428571428571,98.21428571428571,87.69000244140625
2019-12-19,77.16388702392578,76.30250340929004,43.577303224157916,99.40476190476191,99.40476190476191,87.79000091552734
2019-12-20,77.55062103271484,77.45393492456374,43.81735068902511,99.40476190476191,99.40476190476191,88.2300033569336
2019-12-23,77.8275375366211,77.5725950600587,44.28299327339641,100.0,100.0,88.52999877929688
2019-12-24,77.25611114501953,77.50226734560293,43.493160029502825,98.80952380952381,98.80952380952381,87.87999725341797
2019-12-26,78.99674224853516,78.24070790524472,43.96105962784278,99.40476190476191,99.40476190476191,89.86000061035156
2019-12-27,79.9637680053711,80.3681574121838,43.742176183597806,98.80952380952381,98.80952380952381,90.95999908447266
2019-12-30,78.25830078125,80.59673455476774,40.934329109642746,93.65079365079364,93.65079365079364,89.0199966430664
2019-12-31,78.59236145019531,78.37258415682624,39.857315736098755,91.66666666666666,91.66666666666666,89.4000015258789
2020-01-02,83.40109252929688,81.25606392704184,41.93865178872095,95.23809523809523,95.23809523809523,94.87000274658203
2020-01-03,78.87368774414062,79.46268936749709,34.39844349778888,82.53968253968253,82.53968253968253,89.72000122070312
2020-01-06,78.2846908569336,77.07151565278178,28.05349012821059,77.18253968253968,77.18253968253968,89.05000305175781
2020-01-07,78.1703872680664,78.21434541022771,23.705591123355045,75.79365079365078,75.79365079365078,88.91999816894531
2020-01-08,79.45386505126953,77.87147295426217,25.466583814160316,76.38888888888889,76.38888888888889,90.37999725341797
2020-01-09,81.05388641357422,81.74838366512748,29.76501219030397,79.56349206349206,79.56349206349206,92.19999694824219
2020-01-10,82.31978607177734,82.70659627130439,33.84167900398978,82.73809523809523,82.73809523809523,93.63999938964844
2020-01-13,86.2406234741211,83.9373613342648,38.526971603587086,90.07936507936508,90.07936507936508,98.0999984741211
2020-01-14,84.5087661743164,84.51755914442037,37.39431129746946,88.88888888888889,88.88888888888889,96.12999725341797
2020-01-15,82.52198028564453,83.76152072891747,30.0844349008219,79.96031746031747,79.96031746031747,93.87000274658203
2020-01-16,84.19227600097656,84.35930887712205,30.361133513063383,80.15873015873017,80.15873015873017,95.7699966430664
2020-01-17,85.54610443115234,85.0801776809763,34.06258973692987,83.53174603174604,83.53174603174604,97.30999755859375
2020-01-21,79.05830383300781,80.37696785332459,10.413513285200981,63.49206349206349,63.49206349206349,89.93000030517578
2020-01-22,80.8868408203125,81.73957783273376,2.7421685025197586,56.94444444444444,56.94444444444444,92.01000213623047
2020-01-23,78.57477569580078,77.13303718447018,-8.824231915834016,45.83333333333333,45.83333333333333,89.37999725341797
2020-01-24,76.5616226196289,78.82972613154995,-20.102587498513948,34.12698412698413,34.12698412698413,87.08999633789062
2020-01-27,68.82545471191406,66.96174093853644,-28.451061729400788,22.22222222222222,22.22222222222222,78.29000091552734
2020-01-28,70.4254379272461,69.44083321738711,-30.147056303446725,20.436507936507937,20.436507936507937,80.11000061035156
2020-01-29,71.27815246582031,71.90231899086659,-29.649315808527945,21.428571428571427,21.428571428571427,81.08000183105469
2020-01-30,68.3067855834961,66.61010447410634,-32.66948996920341,17.261904761904763,17.261904761904763,77.69999694824219
2020-01-31,64.05189514160156,64.96616949008494,-36.94973659120295,9.523809523809524,9.523809523809524,72.86000061035156
2020-02-03,65.9595718383789,64.70244523045243,-36.49787422976981,10.119047619047619,10.119047619047619,75.02999877929688
2020-02-04,71.24301147460938,71.24301147460938,-28.46167674248288,23.214285714285715,23.214285714285715,81.04000091552734
2020-02-05,72.50892639160156,75.00559318398014,-21.78019393939748,32.53968253968254,32.53968253968254,82.4800033569336
2020-02-06,72.65837860107422,74.4605484834535,-17.924639969117163,37.301587301587304,37.301587301587304,82.6500015258789
2020-02-07,69.59028625488281,70.31994178054407,-21.12691872550723,33.730158730158735,33.730158730158735,79.16000366210938
2020-02-10,70.68038940429688,69.65183312800438,-20.709506083839724,34.32539682539682,34.32539682539682,80.4000015258789
2020-02-11,73.51990509033203,73.46716068092954,-15.136992335454261,41.07142857142857,41.07142857142857,83.62999725341797
2020-02-12,76.5967788696289,75.54185055806936,-5.2240351546661925,50.99206349206349,50.99206349206349,87.12999725341797
2020-02-13,73.47596740722656,73.99463874897721,-6.924045351398483,49.801587301587304,49.801587301587304,83.58000183105469
2020-02-14,73.43199157714844,74.680325051414,-7.869284700918444,48.41269841269841,48.41269841269841,83.52999877929688
2020-02-18,72.13090515136719,72.01661667455326,-10.724545169068117,44.84126984126984,44.84126984126984,82.05000305175781
2020-02-19,73.47596740722656,73.69574476364416,-6.95061620109509,49.404761904761905,49.404761904761905,83.58000183105469
2020-02-20,70.19686126708984,71.77926035186293,-12.179113086484106,42.65873015873016,42.65873015873016,79.8499984741211
2020-02-21,69.03643035888672,69.62543179336998,-15.958549068450287,38.69047619047619,38.69047619047619,78.52999877929688
2020-02-24,61.26512908935547,60.218986879062115,-28.13439181422792,22.817460317460316,22.817460317460316,69.69000244140625
2020-02-25,59.867340087890625,63.911241398088706,-35.500132574575275,10.714285714285714,10.714285714285714,68.0999984741211
2020-02-26,61.089290618896484,61.81015982604091,-37.15563296708162,8.333333333333332,8.333333333333332,69.48999786376953
2020-02-27,56.94869613647461,59.12009705690035,-40.460375545322286,3.571428571428571,3.571428571428571,64.77999877929688
2020-02-28,56.42123031616211,51.84986167647756,-37.90734771905884,7.738095238095238,7.738095238095238,64.18000030517578
2020-03-02,59.55964660644531,56.56188110029153,-31.956477761004432,18.849206349206348,18.849206349206348,67.75
2020-03-03,58.522300720214844,59.832171584804584,-29.95071106414111,21.23015873015873,21.23015873015873,66.56999969482422
2020-03-04,61.49368667602539,60.95742952031888,-24.524761813246464,30.555555555555557,30.555555555555557,69.94999694824219
2020-03-05,57.77505874633789,59.98162475638943,-26.17024619392385,27.380952380952383,27.380952380952383,65.72000122070312
2020-03-06,54.337738037109375,54.63663528372683,-31.293107195693864,19.841269841269842,19.841269841269842,61.810001373291016
2020-03-09,43.006019592285156,42.698332719866656,-38.12784631897298,6.944444444444445,6.944444444444445,48.91999816894531
2020-03-10,49.458683013916016,48.38617205085847,-35.30439258921735,12.3015873015873,12.3015873015873,56.2599983215332
2020-03-11,42.79502868652344,45.546640943284224,-39.02052085734406,4.9603174603174605,4.9603174603174605,48.68000030517578
2020-03-12,30.109485626220703,31.516058795812647,-41.16816791685736,2.579365079365079,2.579365079365079,34.25
2020-03-13,35.999515533447266,37.52916337124721,-38.33753658365972,7.341269841269842,7.341269841269842,40.95000076293945
2020-03-16,23.551334381103516,23.867812527480567,-41.74896604784078,1.984126984126984,1.984126984126984,26.790000915527344
2020-03-17,27.00623321533203,24.764505492863016,-41.39775208890563,2.579365079365079,2.579365079365079,30.719999313354492
2020-03-18,20.492036819458008,20.35137946899058,-42.55991262782195,0.7936507936507936,0.7936507936507936,23.309999465942383
2020-03-19,20.764558792114258,20.219510383138847,-42.967142011680686,0.3968253968253968,0.3968253968253968,23.6200008392334
2020-03-20,21.248071670532227,23.753533489951398,-42.81357570080897,0.7936507936507936,0.7936507936507936,24.170000076293945
2020-03-23,19.50743293762207,20.48324297541109,-43.52081001633714,0.1984126984126984,0.1984126984126984,22.190000534057617
2020-03-24,24.135950088500977,23.66164440033799,-40.03889929497893,5.158730158730158,5.158730158730158,26.969999313354492
2020-03-25,26.55223274230957,25.46043275476833,-35.93150126911181,12.896825396825399,12.896825396825399,29.670000076293945
2020-03-26,29.64864730834961,27.29501097948826,-30.886334893990565,23.015873015873016,23.015873015873016,33.130001068115234
2020-03-27,24.80714225769043,25.0398212917695,-31.695297851676113,22.023809523809522,22.023809523809522,27.719999313354492
2020-03-30,25.898944854736328,24.905584658962063,-31.026027503401686,23.015873015873016,23.015873015873016,28.940000534057617
2020-03-31,26.355350494384766,26.02422989850742,-30.204766909507864,23.809523809523807,23.809523809523807,29.450000762939453
2020-04-01,23.106796264648438,23.974868334677947,-32.485764685050036,20.03968253968254,20.03968253968254,25.81999969482422
2020-04-02,25.32619285583496,24.243342290644584,-31.070831308109852,22.817460317460316,22.817460317460316,28.299999237060547
2020-04-03,23.912220001220703,25.09351377084088,-31.089464054578897,22.61904761904762,22.61904761904762,26.719999313354492
2020-04-06,27.81406593322754,26.69541784758145,-25.694012705422526,31.150793650793652,31.150793650793652,31.079999923706055
2020-04-07,28.11833953857422,30.588314820999358,-22.4601238209589,34.92063492063492,34.92063492063492,31.420000076293945
2020-04-08,29.10274887084961,28.512102820921644,-18.232995092618378,39.682539682539684,39.682539682539684,32.52000045776367
2020-04-09,28.879018783569336,30.024513306838454,-12.151048518094257,45.43650793650794,45.43650793650794,32.27000045776367
2020-04-13,28.91481590270996,28.78057677174231,-8.770187485428547,48.80952380952381,48.80952380952381,32.310001373291016
2020-04-14,30.794147491455078,30.919435543552293,5.041980717440059,61.50793650793651,61.50793650793651,34.40999984741211
2020-04-15,28.556848526000977,28.646339008356428,6.348470726993921,62.301587301587304,62.301587301587304,31.90999984741211
2020-04-16,28.861114501953125,29.782879237027824,8.047171971077011,63.29365079365079,63.29365079365079,32.25
2020-04-17,30.83888053894043,31.35793473671961,14.498206800730578,68.05555555555556,68.05555555555556,34.459999084472656
2020-04-20,29.675498962402344,29.85448335505615,14.872567667546033,68.45238095238095,68.45238095238095,33.15999984741211
2020-04-21,27.160770416259766,27.670873567952345,7.993843465561596,62.5,62.5,30.350000381469727
2020-04-22,29.380178451538086,29.505466505804556,9.112872757603414,63.69047619047619,63.69047619047619,32.83000183105469
2020-04-23,29.066951751708984,30.185599849052355,8.527377386148778,63.29365079365079,63.29365079365079,32.47999954223633
2020-04-24,29.02220916748047,29.22804002657368,8.085121807204658,62.5,62.5,32.43000030517578
2020-04-27,30.69569969177246,30.158750030349637,14.346702703729127,67.46031746031747,67.46031746031747,34.29999923706055
2020-04-28,30.93733787536621,32.1007314533153,17.008068538933195,70.63492063492063,70.63492063492063,34.56999969482422
2020-04-29,33.54155349731445,32.46765034153682,23.40768791577877,77.18253968253968,77.18253968253968,37.47999954223633
2020-04-30,31.554824829101562,33.14778208158476,20.72651540970568,73.80952380952381,73.80952380952381,35.2599983215332
2020-05-01,28.11833953857422,29.16539425930964,7.012135329801413,60.317460317460316,60.317460317460316,31.420000076293945
2020-05-04,29.066951751708984,28.44945923095895,3.235769284607612,57.14285714285714,57.14285714285714,32.47999954223633
2020-05-05,29.496509552001953,29.890275831624145,-1.4871737978778228,52.182539682539684,52.182539682539684,32.959999084472656
2020-05-06,29.201190948486328,30.042413090420798,-6.780255949661951,48.214285714285715,48.214285714285715,32.630001068115234
2020-05-07,29.908170700073242,30.060308600273903,-6.298979105070848,48.61111111111111,48.61111111111111,33.41999816894531
2020-05-08,31.78750991821289,31.08947448427263,3.452512550232128,57.341269841269835,57.341269841269835,35.52000045776367
2020-05-11,31.19686508178711,31.23266264756466,5.927624047378317,59.523809523809526,59.523809523809526,34.86000061035156
2020-05-12,30.829940795898438,31.903843601620743,5.173747905858821,58.730158730158735,58.730158730158735,34.45000076293945
2020-05-13,30.633054733276367,31.78750022494417,3.3621365602019684,56.74603174603175,56.74603174603175,34.22999954223633
2020-05-14,30.99102783203125,28.780578100152916,4.847378699064123,58.333333333333336,58.333333333333336,34.630001068115234
2020-05-15,29.684446334838867,29.514413041212816,-2.010582900146951,50.198412698412696,50.198412698412696,33.16999816894531
2020-05-18,33.1030387878418,31.86805022844211,12.427816216421267,65.87301587301587,65.87301587301587,36.9900016784668
2020-05-19,32.27970886230469,32.99564295381747,15.305615340047224,68.45238095238095,68.45238095238095,36.06999969482422
2020-05-20,33.52365493774414,33.8905714819271,21.141173110147136,74.40476190476191,74.40476190476191,37.459999084472656
2020-05-21,32.48554229736328,32.99564559171243,18.24135198092529,71.82539682539682,71.82539682539682,36.29999923706055
2020-05-22,30.507770538330078,30.991027327642406,5.982435941527241,58.730158730158735,58.730158730158735,34.09000015258789
2020-05-26,32.503440856933594,33.4073104873351,10.228758836214972,63.29365079365079,63.29365079365079,36.31999969482422
2020-05-27,32.816654205322266,32.906148088490006,14.226599244397569,66.07142857142857,66.07142857142857,36.66999816894531
2020-05-28,32.163368225097656,33.05828668514443,12.68900297476026,65.07936507936508,65.07936507936508,35.939998626708984
2020-05-29,33.47889709472656,32.74506428230472,18.905146268533205,72.22222222222221,72.22222222222221,37.40999984741211
2020-06-01,36.074161529541016,34.615443597978896,27.582294332978673,78.96825396825396,78.96825396825396,40.310001373291016
2020-06-02,38.6962776184082,37.470236809854754,33.743933069773654,84.72222222222221,84.72222222222221,43.2400016784668
2020-06-03,41.3094367980957,40.32502783806719,37.50003863766222,91.26984126984127,91.26984126984127,46.15999984741211
2020-06-04,39.57328796386719,39.76121998586121,35.147375389025626,87.3015873015873,87.3015873015873,44.220001220703125
2020-06-05,42.687618255615234,42.69656593959804,37.35543142438916,90.47619047619048,90.47619047619048,47.70000076293945
2020-06-08,43.51094055175781,42.329648295246265,39.74453882082732,94.24603174603175,94.24603174603175,48.619998931884766
2020-06-09,42.61602020263672,41.64950994820077,39.07730271446989,93.45238095238095,93.45238095238095,47.619998931884766
2020-06-10,43.493038177490234,42.95608843755804,39.791504879494624,94.24603174603175,94.24603174603175,48.599998474121094
2020-06-11,36.655853271484375,39.2779642009898,22.722500989590532,75.0,75.0,40.959999084472656
2020-06-12,38.94685363769531,39.439058131292,19.005995392049556,70.43650793650794,70.43650793650794,43.52000045776367
2020-06-15,38.0966796875,36.056266631229185,13.725126096866635,63.095238095238095,63.095238095238095,42.56999969482422
2020-06-16,38.785762786865234,40.96936240852238,12.624558465531452,62.5,62.5,43.34000015258789
2020-06-17,39.74332809448242,39.72542931588137,15.099384286974193,65.47619047619048,65.47619047619048,44.40999984741211
2020-06-18,39.85966491699219,39.60908545262122,16.69055809510242,67.26190476190477,67.26190476190477,44.540000915527344
2020-06-19,39.81492614746094,41.443677568095296,17.44614945845847,68.45238095238095,68.45238095238095,44.4900016784668
2020-06-22,41.3720817565918,40.62930117838357,21.75332431776148,73.4126984126984,73.4126984126984,46.22999954223633
2020-06-23,42.55295944213867,42.85735694003416,26.706687893233106,77.38095238095238,77.38095238095238,47.529998779296875
2020-06-24,40.82505798339844,42.08741165562171,24.06736927285308,75.9920634920635,75.9920634920635,45.599998474121094
2020-06-25,41.245845794677734,40.40427777511459,23.52745946807828,75.39682539682539,75.39682539682539,46.06999969482422
2020-06-26,39.92977523803711,40.95040468372148,18.111958037884047,68.45238095238095,68.45238095238095,44.599998474121094
2020-06-29,40.38637161254883,39.81338884082581,15.227498497590414,64.28571428571429,64.28571428571429,45.11000061035156
2020-06-30,39.858154296875,40.10883341712207,9.186012479891184,57.14285714285714,57.14285714285714,44.52000045776367
2020-07-01,41.165279388427734,40.67287241838803,12.979246792769292,60.912698412698404,60.912698412698404,45.97999954223633
2020-07-02,44.128665924072266,43.92275046914195,23.939615930001374,75.79365079365078,75.79365079365078,49.290000915527344
2020-07-06,49.81373596191406,48.730440211208276,33.25250051409509,83.13492063492063,83.13492063492063,55.63999938964844
2020-07-07,47.38750457763672,47.99629954057876,32.406335846861154,82.14285714285714,82.14285714285714,52.93000030517578
2020-07-08,50.90598678588867,49.30342326189225,36.94453843561494,89.0873015873016,89.0873015873016,56.86000061035156
2020-07-09,50.94179916381836,52.30263153015055,37.34890945581206,89.68253968253968,89.68253968253968,56.900001525878906
2020-07-10,49.974884033203125,49.91221426161005,35.34724912435563,87.10317460317461,87.10317460317461,55.81999969482422
2020-07-13,49.05274200439453,51.02237274049034,32.139326121633594,80.55555555555556,80.55555555555556,54.790000915527344
2020-07-14,49.28551483154297,47.32483887707246,30.887189875211934,79.96031746031747,79.96031746031747,55.04999923706055
2020-07-15,49.60782241821289,50.10022928624009,30.327761757242687,78.96825396825396,78.96825396825396,55.40999984741211
2020-07-16,47.52180862426758,46.698143275879616,23.356458667441533,73.01587301587301,73.01587301587301,53.08000183105469
2020-07-17,48.255943298339844,48.56929220452835,21.399775924281787,70.43650793650794,70.43650793650794,53.900001525878906
2020-07-20,50.216617584228516,49.088558149443806,25.344654998252885,74.8015873015873,74.8015873015873,56.09000015258789
2020-07-21,51.649070739746094,52.58912418381188,30.65160237139809,79.56349206349206,79.56349206349206,57.689998626708984
2020-07-22,50.87913131713867,51.55954752611656,31.024966861659475,79.96031746031747,79.96031746031747,56.83000183105469
2020-07-23,49.58991241455078,50.80750244694341,27.23062827799394,75.39682539682539,75.39682539682539,55.38999938964844
2020-07-24,49.509334564208984,48.09478390450116,24.892444575539134,74.0079365079365,74.0079365079365,55.29999923706055
2020-07-27,51.81021499633789,50.63739217953938,29.79578443467277,77.97619047619048,77.97619047619048,57.869998931884766
2020-07-28,50.50311279296875,51.62222095042263,28.1783941498862,75.9920634920635,75.9920634920635,56.40999984741211
2020-07-29,53.0278205871582,52.01614585532603,32.5995494521443,81.54761904761905,81.54761904761905,59.22999954223633
2020-07-30,51.067142486572266,51.093999988539096,28.44367363096732,76.19047619047619,76.19047619047619,57.040000915527344
2020-07-31,50.037567138671875,51.12086309659321,20.912519053806534,67.65873015873017,67.65873015873017,55.88999938964844
2020-08-03,51.022369384765625,50.60158371731992,17.594386812106297,64.68253968253968,64.68253968253968,56.9900016784668
2020-08-04,52.8756217956543,51.64907683454905,24.321857780591593,72.81746031746032,72.81746031746032,59.060001373291016
2020-08-05,54.69304656982422,54.361791556535415,29.540333573716147,76.98412698412699,76.98412698412699,61.09000015258789
2020-08-06,55.167545318603516,54.19168303594349,33.680596396342025,82.73809523809523,82.73809523809523,61.619998931884766
2020-08-07,51.980323791503906,52.28472127002015,22.585521604874263,69.44444444444444,69.44444444444444,58.060001373291016
2020-08-10,52.231014251708984,52.02509876770124,17.57076136668171,63.888888888888886,63.888888888888886,58.34000015258789
2020-08-11,51.87289047241211,53.19791387547196,13.049868670430811,56.74603174603175,56.74603174603175,57.939998626708984
2020-08-12,53.985774993896484,53.34117103952475,19.317736295718596,65.87301587301587,65.87301587301587,60.29999923706055
2020-08-13,53.34116744995117,53.735092251960815,19.507903668442097,65.87301587301587,65.87301587301587,59.58000183105469
2020-08-14,53.09048843383789,52.89352772744164,17.639775035469714,63.69047619047619,63.69047619047619,59.29999923706055
2020-08-17,55.10487747192383,54.299121757635945,25.256982229769005,72.81746031746032,72.81746031746032,61.54999923706055
2020-08-18,54.8362922668457,55.10487750510338,27.869165529243954,74.60317460317461,74.60317460317461,61.25
2020-08-19,53.00094985961914,54.343879315106555,19.814120741060112,65.47619047619048,65.47619047619048,59.20000076293945
2020-08-20,52.29367446899414,50.18079818091417,11.544947730067303,53.769841269841265,53.769841269841265,58.40999984741211
2020-08-21,53.18001937866211,52.01614419837814,11.72439755048582,54.166666666666664,54.166666666666664,59.400001525878906
2020-08-24,54.70199966430664,55.52566495820503,18.29251082577005,63.888888888888886,63.888888888888886,61.099998474121094
2020-08-25,56.57314682006836,55.4540388114919,26.78942619378628,73.80952380952381,73.80952380952381,63.189998626708984
2020-08-26,56.940216064453125,56.68058559314032,31.121443916240786,79.76190476190477,79.76190476190477,63.599998474121094
2020-08-27,55.62415313720703,57.41472278427889,26.612925587523,73.21428571428571,73.21428571428571,62.130001068115234
2020-08-28,57.65644454956055,56.59105156584749,31.244892299179256,79.76190476190477,79.76190476190477,64.4000015258789
2020-08-31,53.91414260864258,54.59455870062006,15.106825517888586,57.53968253968254,57.53968253968254,60.220001220703125
2020-09-01,56.74325180053711,55.41822836610167,19.288707550293054,64.0873015873016,64.0873015873016,63.380001068115234
2020-09-02,56.29560470581055,56.95811466945999,19.587106711243795,64.48412698412699,64.48412698412699,62.880001068115234
2020-09-03,53.0278205871582,55.212318483663694,3.4877279197349558,43.65079365079365,43.65079365079365,59.22999954223633
2020-09-04,53.05466842651367,53.37697206398449,-4.9700850061321935,37.301587301587304,37.301587301587304,59.2599983215332
2020-09-08,50.46729278564453,50.22556505081376,-19.99059033260767,26.58730158730159,26.58730158730159,56.369998931884766
2020-09-09,52.51750564575195,51.729652574097905,-18.78649084132669,26.984126984126984,26.984126984126984,58.65999984741211
2020-09-10,50.144989013671875,52.79503931374926,-27.870479675775055,18.849206349206348,18.849206349206348,56.0099983215332
2020-09-11,51.416297912597656,52.12357498395644,-26.94766495920011,19.444444444444446,19.444444444444446,57.43000030517578
2020-09-14,53.91414260864258,53.43068718223303,-15.63229886012529,28.968253968253972,28.968253968253972,60.220001220703125
2020-09-15,55.62415313720703,55.83006862954406,-1.680007215492187,39.285714285714285,39.285714285714285,62.130001068115234
2020-09-16,55.39137268066406,56.170274364858074,4.588442212397518,44.44444444444444,44.44444444444444,61.869998931884766
2020-09-17,54.79153060913086,53.403837315294155,4.811392596042179,44.84126984126984,44.84126984126984,61.20000076293945
2020-09-18,53.46650695800781,54.890012525387185,-1.065120562282856,39.682539682539684,39.682539682539684,59.720001220703125
2020-09-21,51.989280700683594,50.67320860674325,-10.202500890120128,32.142857142857146,32.142857142857146,58.06999969482422
2020-09-22,50.87913131713867,51.3894443276838,-19.717984498377373,25.396825396825395,25.396825396825395,56.83000183105469
2020-09-23,48.43498611450195,50.288228430650896,-30.13193088364944,16.26984126984127,16.26984126984127,54.099998474121094
2020-09-24,47.88887405395508,46.420601396700505,-32.42252795610077,13.095238095238097,13.095238095238097,53.4900016784668
2020-09-25,47.88887405395508,46.59070800916881,-32.82944554744221,12.5,12.5,53.4900016784668
2020-09-28,49.44667434692383,49.76897804223953,-28.98196744322098,17.658730158730158,17.658730158730158,55.22999954223633
2020-09-29,49.44667434692383,48.99007972205795,-26.319435143239005,20.436507936507937,20.436507936507937,55.22999954223633
2020-09-30,51.61326217651367,50.51205690228818,-16.502991042874722,28.57142857142857,28.57142857142857,57.650001525878906
2020-10-01,53.09048843383789,52.956197508828666,-5.507596575279982,37.5,37.5,59.29999923706055
2020-10-02,51.37153244018555,50.771688801339586,-6.36183582621115,37.10317460317461,37.10317460317461,57.380001068115234
2020-10-05,53.376976013183594,52.24891661382051,1.4597880456541323,42.65873015873016,42.65873015873016,59.619998931884766
2020-10-06,53.57393264770508,53.98576352849892,6.297670136268155,48.214285714285715,48.214285714285715,59.84000015258789
2020-10-07,55.55252456665039,55.167551112812255,16.35594965990144,59.32539682539682,59.32539682539682,62.04999923706055
2020-10-08,56.80592727661133,56.116556284007196,24.98110206438694,71.62698412698413,71.62698412698413,63.45000076293945
2020-10-09,58.059322357177734,57.26251799823992,30.394360466077273,77.97619047619048,77.97619047619048,64.8499984741211
2020-10-12,59.56340026855469,58.93670255053382,34.72900063312021,84.72222222222221,84.72222222222221,66.52999877929688
2020-10-13,58.82032012939453,58.784514680343875,34.48251677517119,84.12698412698413,84.12698412698413,65.69999694824219
2020-10-14,57.65644454956055,58.69497320411435,30.309162004244516,76.98412698412699,76.98412698412699,64.4000015258789
2020-10-15,56.16130828857422,55.104870198295444,22.964051731735722,68.05555555555556,68.05555555555556,62.72999954223633
2020-10-16,56.877540588378906,56.88649536439575,21.411105172881825,65.67460317460318,65.67460317460318,63.529998779296875
2020-10-19,56.39409255981445,57.441579437136795,18.707424197169335,61.50793650793651,61.50793650793651,62.9900016784668
2020-10-20,58.229427337646484,57.45948049961004,22.928703026476718,67.85714285714286,67.85714285714286,65.04000091552734
2020-10-21,58.73079299926758,58.56069320910375,26.66894973063349,72.22222222222221,72.22222222222221,65.5999984741211
2020-10-22,58.65021896362305,59.02623764427792,28.24951257401178,74.0079365079365,74.0079365079365,65.51000213623047
2020-10-23,59.72455978393555,58.9367101468083,31.89892733513144,79.56349206349206,79.56349206349206,66.70999908447266
2020-10-26,57.4057731628418,57.611685233926885,24.334398479028703,69.64285714285714,69.64285714285714,64.12000274658203
2020-10-27,58.13094711303711,57.942937785824874,23.335201174277692,67.46031746031747,67.46031746031747,64.93000030517578
2020-10-28,53.81566619873047,55.35555990385261,2.773542899433134,40.476190476190474,40.476190476190474,60.11000061035156
2020-10-29,55.35556411743164,54.37970172785163,-2.3318975087073235,36.507936507936506,36.507936507936506,61.83000183105469
2020-10-30,53.25164031982422,54.003681112333716,-13.284869970106572,26.984126984126984,26.984126984126984,59.47999954223633
2020-11-02,55.5167121887207,55.18545715295903,-11.813863944720561,28.174603174603174,28.174603174603174,62.0099983215332
2020-11-03,56.23293685913086,55.8569148162954,-7.744456269210991,31.746031746031743,31.746031746031743,62.810001373291016
2020-11-04,61.60465621948242,58.61440286284087,12.279231376121443,50.79365079365079,50.79365079365079,68.80999755859375
2020-11-05,64.91722869873047,64.77397957419902,25.399640392168045,70.63492063492063,70.63492063492063,72.51000213623047
2020-11-06,65.72298431396484,64.63968165345385,32.22812952066662,80.15873015873017,80.15873015873017,73.41000366210938
2020-11-09,67.06591796875,72.09742395043665,31.41130532041812,78.96825396825396,78.96825396825396,74.91000366210938
2020-11-10,64.82769012451172,66.18852241816577,25.620724235851362,70.63492063492063,70.63492063492063,72.41000366210938
2020-11-11,65.83039855957031,64.46061165478488,24.816997474974475,69.24603174603175,69.24603174603175,73.52999877929688
2020-11-12,64.36213684082031,66.42129823195056,20.205958909981053,62.10317460317461,62.10317460317461,71.88999938964844
2020-11-13,67.13753509521484,66.904765514944,23.740683585970356,68.05555555555556,68.05555555555556,74.98999786376953
2020-11-16,69.59957885742188,69.42052426836955,29.550689674503015,75.1984126984127,75.1984126984127,77.73999786376953
2020-11-17,69.42945861816406,68.48940522600223,32.187685849439376,79.76190476190477,79.76190476190477,77.55000305175781
2020-11-18,68.80276489257812,70.423238072489,32.09008660621115,79.16666666666666,79.16666666666666,76.8499984741211
2020-11-19,68.97286224365234,67.7642270193772,32.31213817888468,80.35714285714286,80.35714285714286,77.04000091552734
2020-11-20,70.19942474365234,69.59957753766251,34.587937025245395,84.32539682539682,84.32539682539682,78.41000366210938
2020-11-23,70.8619155883789,72.41075714049242,36.37610338878333,88.09523809523809,88.09523809523809,79.1500015258789
2020-11-24,73.6462631225586,72.65249464585992,39.61305660422831,93.65079365079364,93.65079365079364,82.26000213623047
2020-11-25,72.35704803466797,71.68558322112038,39.149305143302044,93.05555555555556,93.05555555555556,80.81999969482422
2020-11-27,74.36248016357422,74.00437109703003,40.44421779338745,94.64285714285714,94.64285714285714,83.05999755859375
2020-11-30,68.77591705322266,71.16633066073548,28.569558110852615,72.42063492063492,72.42063492063492,76.81999969482422
2020-12-01,72.58087158203125,72.14218313797545,28.888337387221842,72.42063492063492,72.42063492063492,81.06999969482422
2020-12-02,72.9389877319336,72.41076517778113,29.431633704952205,73.21428571428571,73.21428571428571,81.47000122070312
2020-12-03,75.25778198242188,75.00710285204265,32.49997887243002,79.76190476190477,79.76190476190477,84.05999755859375
2020-12-04,77.728759765625,77.2005441036612,36.74427323199163,88.09523809523809,88.09523809523809,86.81999969482422
2020-12-07,77.57658386230469,77.01254894292192,37.62298237499376,90.07936507936508,90.07936507936508,86.6500015258789
2020-12-08,77.74666595458984,77.43331708771252,38.41281326977565,91.07142857142857,91.07142857142857,86.83999633789062
2020-12-09,75.84867095947266,78.52557559675873,32.65111681145987,79.36507936507937,79.36507936507937,84.72000122070312
2020-12-10,78.6956787109375,75.50845436941442,35.56181915238084,85.9126984126984,85.9126984126984,87.9000015258789
2020-12-11,77.16473388671875,77.28111865504292,32.42406576819491,78.57142857142857,78.57142857142857,86.19000244140625
2020-12-14,75.84867095947266,77.540761844193,26.23276474592525,67.26190476190477,67.26190476190477,84.72000122070312
2020-12-15,78.18535614013672,76.79765960882978,29.117507916755514,71.03174603174604,71.03174603174604,87.33000183105469
2020-12-16,79.28654479980469,78.75832921302201,32.67118846880274,79.16666666666666,79.16666666666666,88.55999755859375
2020-12-17,80.9428482055664,80.80855387697423,35.96090416402164,86.5079365079365,86.5079365079365,90.41000366210938
2020-12-18,80.3519515991211,80.5489156931343,36.00591823563686,86.5079365079365,86.5079365079365,89.75
2020-12-21,77.13788604736328,75.21301875795021,25.226191659662657,65.07936507936508,65.07936507936508,86.16000366210938
2020-12-22,75.37416076660156,76.39478666964737,12.714985327164888,47.42063492063492,47.42063492063492,84.19000244140625
2020-12-23,77.69294738769531,77.36169581385673,13.9092305773164,48.214285714285715,48.214285714285715,86.77999877929688
2020-12-24,76.66336059570312,76.8513698921422,10.535469351704855,45.03968253968254,45.03968253968254,85.62999725341797
2020-12-28,77.18264770507812,77.52285411327816,10.685186059984245,45.03968253968254,45.03968253968254,86.20999908447266
2020-12-29,80.53995513916016,79.23283795415189,20.91616045257513,58.730158730158735,58.730158730158735,89.95999908447266
2020-12-30,83.95099639892578,83.27953164950425,29.40080442961492,71.03174603174604,71.03174603174604,93.7699966430664
2020-12-31,83.69136810302734,85.2133521130847,32.0046446451262,75.79365079365078,75.79365079365078,93.4800033569336
2021-01-04,85.41031646728516,88.15884520203865,31.153990421812022,74.8015873015873,74.8015873015873,95.4000015258789
2021-01-05,91.32817840576172,87.71122010122231,37.61994397232812,89.68253968253968,89.68253968253968,102.01000213623047
2021-01-06,88.99146270751953,89.37643610324237,35.89400911801751,85.9126984126984,85.9126984126984,99.4000015258789
2021-01-07,91.39085388183594,90.63880961795186,38.638136001533354,91.26984126984127,91.26984126984127,102.08000183105469
2021-01-08,98.63370513916016,96.1895769908749,41.31757312971257,96.82539682539682,96.82539682539682,110.16999816894531
2021-01-11,95.14209747314453,94.83770332858884,38.96562678419745,92.06349206349206,92.06349206349206,106.2699966430664
2021-01-12,97.7294692993164,96.6819789923097,40.4016602565823,94.04761904761905,94.04761904761905,109.16000366210938
2021-01-13,98.31140899658203,98.30246104948147,41.2687166129312,96.62698412698413,96.62698412698413,109.80999755859375
2021-01-14,100.91669464111328,101.40015016726693,41.325282137804734,96.82539682539682,96.82539682539682,112.72000122070312
2021-01-15,96.6640853881836,97.91748786582659,35.04667866072182,82.34126984126983,82.34126984126983,107.97000122070312
2021-01-19,101.40908813476562,102.85049979390654,37.85884961433326,89.0873015873016,89.0873015873016,113.2699966430664
2021-01-20,106.61966705322266,107.04045280523323,40.68453186539382,94.44444444444444,94.44444444444444,119.08999633789062
2021-01-21,107.5776138305664,108.11478428812924,42.109855536857864,98.01587301587301,98.01587301587301,120.16000366210938
2021-01-22,104.58734893798828,102.8504912696956,39.48559673389334,92.26190476190477,92.26190476190477,116.81999969482422
2021-01-25,106.93301391601562,108.15955195969117,40.30848785214683,93.25396825396825,93.25396825396825,119.44000244140625
2021-01-26,104.20237731933594,104.20237731933594,36.25174152980405,85.31746031746032,85.31746031746032,116.38999938964844
2021-01-27,95.7240219116211,97.81004089917825,19.862854950223998,55.952380952380956,55.952380952380956,106.91999816894531
2021-01-28,97.90850067138672,95.27635702287017,13.579177755824029,46.62698412698413,46.62698412698413,109.36000061035156
2021-01-29,90.15534210205078,92.86806576268192,-3.6088305568940307,31.746031746031743,31.746031746031743,100.69999694824219
2021-02-01,97.75633239746094,96.1537687874459,-1.1657428586562102,33.53174603174603,33.53174603174603,109.19000244140625
2021-02-02,101.74930572509766,102.17009144664999,6.275544438459196,40.27777777777778,40.27777777777778,113.6500015258789
2021-02-03,103.37872314453125,103.84426907361546,11.731264439571886,45.23809523809524,45.23809523809524,115.47000122070312
2021-02-04,103.24442291259766,102.68934290961046,13.94763767482307,48.01587301587302,48.01587301587302,115.31999969482422
2021-02-05,105.83180236816406,104.66793417017217,19.580275298353385,56.74603174603175,56.74603174603175,118.20999908447266
2021-02-08,106.4585189819336,104.82909102545007,23.530393930882703,63.095238095238095,63.095238095238095,118.91000366210938
2021-02-09,109.6278305053711,106.44061271296874,29.225844689597103,71.03174603174604,71.03174603174604,122.44999694824219
2021-02-10,110.89915466308594,112.81506745899551,31.09086822019915,75.39682539682539,75.39682539682539,123.87000274658203
2021-02-11,114.48027801513672,114.1579743545953,34.5225168639539,82.73809523809523,82.73809523809523,127.87000274658203
2021-02-12,114.92793273925781,113.11945687138906,36.957587599119954,88.09523809523809,88.09523809523809,128.3699951171875
2021-02-16,115.6441421508789,116.80801719806614,37.76101289382924,90.27777777777779,90.27777777777779,129.1699981689453
2021-02-17,115.79634094238281,115.0622131902025,38.44096411855084,91.26984126984127,91.26984126984127,129.33999633789062
2021-02-18,110.73799133300781,110.16500850929421,29.071657282406495,69.44444444444444,69.44444444444444,123.69000244140625
2021-02-19,112.7881851196289,113.0120067224909,26.762086965339847,66.66666666666666,66.66666666666666,125.9800033569336
2021-02-22,103.13699340820312,104.38144099227716,8.714708694496418,42.857142857142854,42.857142857142854,115.19999694824219
2021-02-23,104.42620849609375,101.2927059956748,1.020384412159583,34.523809523809526,34.523809523809526,116.63999938964844
2021-02-24,102.51030731201172,99.39470719353054,-6.175369550441784,30.555555555555557,30.555555555555557,114.5
2021-02-25,95.768798828125,102.77889382321598,-18.399238316808137,21.626984126984127,21.626984126984127,106.97000122070312
2021-02-26,91.80266571044922,93.69172050810347,-28.503487601748766,14.285714285714285,14.285714285714285,102.54000091552734
2021-03-01,99.1261215209961,97.2549692002198,-25.260217361994542,17.857142857142858,17.857142857142858,110.72000122070312
2021-03-02,96.01946258544922,96.97741872217291,-27.984473742506495,15.476190476190476,15.476190476190476,107.25
2021-03-03,95.6434555053711,98.33826286989076,-29.948944368833242,13.88888888888889,13.88888888888889,106.83000183105469
2021-03-04,88.88404083251953,94.4527238429648,-35.52163525900354,7.936507936507936,7.936507936507936,99.27999877929688
2021-03-05,91.74000549316406,92.43832784551023,-35.32817587932533,8.333333333333332,8.333333333333332,102.47000122070312
2021-03-08,84.34493255615234,86.95916725541127,-39.373226947947195,4.563492063492063,4.563492063492063,94.20999908447266
2021-03-09,89.92256927490234,87.95293507310065,-36.908043955753534,7.142857142857142,7.142857142857142,100.44000244140625
2021-03-10,88.73184204101562,91.18492504115159,-36.51068720532828,7.341269841269842,7.341269841269842,99.11000061035156
2021-03-11,96.90579986572266,94.90036020413565,-27.419287447000016,17.261904761904763,17.261904761904763,108.23999786376953
2021-03-12,91.62360382080078,91.05957586671741,-28.14562806127646,16.46825396825397,16.46825396825397,102.33999633789062
2021-03-15,92.41146850585938,90.6208956050072,-27.82810562430697,17.261904761904763,17.261904761904763,103.22000122070312
2021-03-16,93.61115264892578,93.33361602444324,-26.05168473554256,19.444444444444446,19.444444444444446,104.55999755859375
2021-03-17,94.00507354736328,89.96732990436223,-24.346486215142736,21.03174603174603,21.03174603174603,105.0
2021-03-18,89.06309509277344,91.68628454789862,-29.41105305308979,15.277777777777779,15.277777777777779,99.4800033569336
2021-03-19,91.65943145751953,89.52865199892304,-28.644078908433592,15.674603174603174,15.674603174603174,102.37999725341797
2021-03-22,91.36397552490234,90.44182483896414,-26.58216345601334,18.849206349206348,18.849206349206348,102.05000305175781
2021-03-23,86.0955581665039,87.77105963778858,-32.76990207900081,11.11111111111111,11.11111111111111,96.08999633789062
2021-03-24,80.29851531982422,84.40213865497013,-39.05583764610062,4.761904761904762,4.761904761904762,89.62000274658203
2021-03-25,81.36474609375,79.57276837585059,-40.356599326397614,3.571428571428571,3.571428571428571,90.80999755859375
2021-03-26,87.42162322998047,83.55991385345061,-31.86283966009482,12.896825396825399,12.896825396825399,97.56999969482422
2021-03-29,85.70133972167969,85.32502602397915,-30.186858599475464,15.079365079365079,15.079365079365079,95.6500015258789
2021-03-30,86.53459167480469,85.5042032861048,-26.999333262265267,19.444444444444446,19.444444444444446,96.58000183105469
2021-03-31,88.07569885253906,86.25683590676185,-22.60508347524353,23.214285714285715,23.214285714285715,98.30000305175781
2021-04-01,90.65615844726562,91.81198496478326,-13.95050990055841,28.76984126984127,28.76984126984127,101.18000030517578
2021-04-05,91.68651580810547,92.00907225353993,-7.003472029729764,33.13492063492063,33.13492063492063,102.33000183105469
2021-04-06,93.07530975341797,91.39085334868221,-0.7463626227173156,38.69047619047619,38.69047619047619,103.87999725341797
2021-04-07,88.71186065673828,89.12401471999966,-6.544284576892342,34.523809523809526,34.523809523809526,99.01000213623047
2021-04-08,91.15789794921875,91.44461408974419,-4.391795592430644,36.507936507936506,36.507936507936506,101.73999786376953
2021-04-09,88.71186065673828,88.3534637386428,-8.459465049165082,32.34126984126984,32.34126984126984,99.01000213623047
2021-04-12,87.07219696044922,86.83923794475768,-12.852710096953789,29.365079365079367,29.365079365079367,97.18000030517578
2021-04-13,88.21905517578125,87.0453120519105,-12.106499438844189,30.555555555555557,30.555555555555557,98.45999908447266
2021-04-14,89.5719985961914,90.41423022902067,-8.636903402643448,32.73809523809524,32.73809523809524,99.97000122070312
2021-04-15,91.80301666259766,91.7582213216521,-1.3622797092123955,39.285714285714285,39.285714285714285,102.45999908447266
2021-04-16,92.48396301269531,92.70796020781002,5.585820864087456,44.642857142857146,44.642857142857146,103.22000122070312
2021-04-19,91.44461059570312,92.0090878890629,6.619316413690908,46.03174603174603,46.03174603174603,102.05999755859375
2021-04-20,89.47344970703125,91.28334422883279,1.6810496753069222,41.07142857142857,41.07142857142857,99.86000061035156
2021-04-21,91.03246307373047,88.18321834240204,3.5984691528460213,43.05555555555556,43.05555555555556,101.5999984741211
2021-04-22,90.07376098632812,91.08623279537781,1.870354588090501,41.46825396825397,41.46825396825397,100.52999877929688
2021-04-23,93.85482025146484,92.59147285040343,11.056401745426117,50.198412698412696,50.198412698412696,104.75
2021-04-26,94.1594467163086,93.57705954536263,16.2807688248984,55.952380952380956,55.952380952380956,105.08999633789062
2021-04-27,94.1594467163086,94.1594467163086,17.747897830025487,58.730158730158735,58.730158730158735,105.08999633789062
2021-04-28,96.40840148925781,95.37801291683736,20.987720051188198,62.89682539682539,62.89682539682539,107.5999984741211
2021-04-29,95.28841400146484,97.23270818925647,18.305574140855207,59.32539682539682,59.32539682539682,106.3499984741211
2021-04-30,90.4231948852539,91.79405675906172,-0.43899666656539854,40.27777777777778,40.27777777777778,100.91999816894531
2021-05-03,90.163330078125,90.05581582140199,-11.24782685091275,31.349206349206348,31.349206349206348,100.62999725341797
2021-05-04,87.39474487304688,88.2728100338123,-23.938411234970616,23.015873015873016,23.015873015873016,97.54000091552734
2021-05-05,88.76561737060547,88.5237033826817,-26.4046746931214,20.436507936507937,20.436507936507937,99.06999969482422
2021-05-06,91.13102722167969,89.8497628631012,-20.218514843441262,25.793650793650798,25.793650793650798,101.70999908447266
2021-05-07,94.03401947021484,92.67211953610378,-8.01396370291706,33.33333333333333,33.33333333333333,104.94999694824219
2021-05-10,88.8104019165039,92.88714637757354,-17.777843829811612,26.984126984126984,26.984126984126984,99.12000274658203
2021-05-11,87.79793548583984,83.79286468930272,-22.70194279932092,23.015873015873016,23.015873015873016,97.98999786376953
2021-05-12,80.916748046875,83.8287117082816,-33.67624157873169,10.515873015873016,10.515873015873016,90.30999755859375
2021-05-13,80.55835723876953,81.47226281776705,-38.395540121422776,5.753968253968254,5.753968253968254,89.91000366210938
2021-05-14,85.01141357421875,83.31799531515955,-33.68202682529968,10.317460317460316,10.317460317460316,94.87999725341797
2021-05-17,84.67095184326172,83.33593028379302,-31.933967036042947,12.3015873015873,12.3015873015873,94.5
2021-05-18,88.11153411865234,87.85170338571763,-23.374710759453244,22.61904761904762,22.61904761904762,98.33999633789062
2021-05-19,87.26930236816406,84.62613155255741,-20.49240542059466,24.801587301587304,24.801587301587304,97.4000015258789
2021-05-20,88.81936645507812,87.46642830150432,-15.273177998459417,28.57142857142857,28.57142857142857,99.12999725341797
2021-05-21,85.50419616699219,88.5684756744124,-20.003853672266295,25.396825396825395,25.396825396825395,95.43000030517578
2021-05-24,87.79793548583984,86.7227517227843,-17.08131792872008,26.984126984126984,26.984126984126984,97.98999786376953
2021-05-25,90.35150146484375,91.22061163834668,-10.137379507388896,31.944444444444443,31.944444444444443,100.83999633789062
2021-05-26,92.30477142333984,91.32814682520613,-1.1521238320233143,39.48412698412698,39.48412698412698,103.0199966430664
2021-05-27,92.6004409790039,92.66315992147918,4.3009600980596145,43.84920634920635,43.84920634920635,103.3499984741211
2021-05-28,94.58953857421875,92.95883921041946,14.815336067039745,53.57142857142857,53.57142857142857,105.56999969482422
2021-06-01,100.07299041748047,100.31490438367015,24.69916329783926,67.65873015873017,67.65873015873017,111.69000244140625
2021-06-02,100.39556884765625,99.45477767584069,30.384147463342547,76.5873015873016,76.5873015873016,112.05000305175781
2021-06-03,96.97288513183594,97.22376093909489,25.158512018633843,68.05555555555556,68.05555555555556,108.2300033569336
2021-06-04,99.83108520507812,99.20389568675395,27.801357133741373,71.03174603174604,71.03174603174604,111.41999816894531
2021-06-07,98.281005859375,98.35267976243902,25.698276518104795,69.04761904761905,69.04761904761905,109.69000244140625
2021-06-08,96.76679229736328,97.44774571275371,20.811583720104576,61.30952380952381,61.30952380952381,108.0
2021-06-09,95.90664672851562,96.70407625319368,15.574770025478376,53.57142857142857,53.57142857142857,107.04000091552734
2021-06-10,98.19140625,96.96390600720855,18.436716642822727,58.13492063492064,58.13492063492064,109.58999633789062
2021-06-11,97.13414764404297,97.64486097901047,17.110141703019377,55.158730158730165,55.158730158730165,108.41000366210938
2021-06-14,98.01220703125,97.41189622028348,17.92775403099909,56.94444444444444,56.94444444444444,109.38999938964844
2021-06-15,95.79911804199219,97.06246549409951,11.443744051695555,48.214285714285715,48.214285714285715,106.91999816894531
2021-06-16,92.08973693847656,95.37801452124437,-2.029195458236635,36.507936507936506,36.507936507936506,102.77999877929688
2021-06-17,93.69355010986328,93.33515321669763,-4.719011846911091,35.317460317460316,35.317460317460316,104.56999969482422
2021-06-18,91.08623504638672,92.30477366395968,-13.563451117776651,27.18253968253968,27.18253968253968,101.66000366210938
2021-06-21,92.6989974975586,91.39981651296546,-13.78717258584975,27.18253968253968,27.18253968253968,103.45999908447266
2021-06-22,91.55335235595703,90.33419423951376,-18.13047801510284,24.404761904761905,24.404761904761905,102.12999725341797
2021-06-23,93.10419464111328,93.68688160651678,-19.44287849606094,23.809523809523807,23.809523809523807,103.86000061035156
2021-06-24,95.90109252929688,94.97775417814621,-11.440819474764018,29.96031746031746,29.96031746031746,106.9800033569336
2021-06-25,97.95391082763672,98.26767002692442,0.3795925997997366,40.07936507936508,40.07936507936508,109.2699966430664
2021-06-28,98.3483657836914,97.96289656800063,7.95172089032964,46.42857142857143,46.42857142857143,109.70999908447266
2021-06-29,98.14217376708984,96.17000328000206,11.041204921470193,49.404761904761905,49.404761904761905,109.4800033569336
2021-06-30,96.20587921142578,95.96384357497217,5.217344514769627,44.642857142857146,44.642857142857146,107.31999969482422
2021-07-01,94.56538391113281,96.45687146266636,-2.6310095162550446,37.5,37.5,105.48999786376953
2021-07-02,94.19783020019531,93.48964243085659,-8.159875352174344,32.34126984126984,32.34126984126984,105.08000183105469
2021-07-06,89.34809875488281,90.82722489101502,-24.21335823199194,20.238095238095237,20.238095238095237,99.66999816894531
2021-07-07,88.98057556152344,90.6658791486987,-32.454160643940675,9.722222222222223,9.722222222222223,99.26000213623047
2021-07-08,83.44953155517578,83.14474547456983,-38.09981128421291,4.365079365079365,4.365079365079365,93.08999633789062
2021-07-09,87.69865417480469,86.26435273111792,-33.926160803320016,7.936507936507936,7.936507936507936,97.83000183105469
2021-07-12,88.00345611572266,86.9546236369947,-31.059954676987328,12.3015873015873,12.3015873015873,98.16999816894531
2021-07-13,88.30825805664062,88.63097682742605,-28.92493406162893,14.880952380952381,14.880952380952381,98.51000213623047
2021-07-14,89.3929214477539,90.59414673763553,-24.84892747997872,20.634920634920633,20.634920634920633,99.72000122070312
2021-07-15,90.08319854736328,90.45074200526061,-20.657101933522057,23.809523809523807,23.809523809523807,100.48999786376953
2021-07-16,87.58212280273438,90.14593992142275,-24.60613225771528,21.03174603174603,21.03174603174603,97.69999694824219
2021-07-19,83.14476013183594,83.62883826221322,-33.86082154881446,8.333333333333332,8.333333333333332,92.75
2021-07-20,84.28323364257812,82.16764284369764,-35.9242046600435,6.349206349206349,6.349206349206349,94.0199966430664
2021-07-21,85.941650390625,83.0730401185818,-34.063607559971544,8.134920634920634,8.134920634920634,95.87000274658203
2021-07-22,86.416748046875,86.83807560318549,-31.977076762719193,11.11111111111111,11.11111111111111,96.4000015258789
2021-07-23,82.45449829101562,83.27025458136002,-37.03124590862835,5.357142857142857,5.357142857142857,91.9800033569336
2021-07-26,77.59578704833984,77.42546822453014,-40.834066803739745,1.5873015873015872,1.5873015873015872,86.55999755859375
2021-07-27,73.00601959228516,72.7998355417055,-41.38875455744535,1.3888888888888888,1.3888888888888888,81.44000244140625
2021-07-28,78.9135513305664,75.81187214003505,-35.99312533871356,6.746031746031746,6.746031746031746,88.02999877929688
2021-07-29,80.17754364013672,80.9036573792894,-31.261548911073824,13.293650793650794,13.293650793650794,89.44000244140625
2021-07-30,77.79299926757812,77.18342028640035,-31.296397285180138,13.095238095238097,13.095238095238097,86.77999877929688
2021-08-02,79.55001068115234,79.69344423238326,-27.93857676090072,18.650793650793652,18.650793650793652,88.73999786376953
2021-08-03,80.4554214477539,79.30798031972114,-23.124601392066044,23.809523809523807,23.809523809523807,89.75
2021-08-04,81.80904388427734,82.15865462760127,-17.273261825062026,28.76984126984127,28.76984126984127,91.26000213623047
2021-08-05,81.36978912353516,81.28911287249544,-15.139451888304942,30.357142857142854,30.357142857142854,90.7699966430664
2021-08-06,79.17353057861328,80.21340360545504,-18.457003594828794,27.18253968253968,27.18253968253968,88.31999969482422
2021-08-09,80.17754364013672,80.33890300875842,-17.659291208880752,28.174603174603174,28.174603174603174,89.44000244140625
2021-08-10,80.38371276855469,81.19050953028994,-16.672258097478913,28.968253968253972,28.968253968253972,89.66999816894531
2021-08-11,80.97537231445312,81.77320283006861,-14.558710999359054,30.555555555555557,30.555555555555557,90.33000183105469
2021-08-12,78.77013397216797,79.03010222360892,-18.62699063570772,26.38888888888889,26.38888888888889,87.87000274658203
2021-08-13,78.15158081054688,77.8288621056461,-21.66280325221016,23.41269841269841,23.41269841269841,87.18000030517578
2021-08-16,76.206298828125,76.25111668485849,-24.752635308906463,20.833333333333336,20.833333333333336,85.01000213623047
2021-08-17,71.912353515625,71.85856935234884,-32.9213375815421,8.333333333333332,8.333333333333332,80.22000122070312
2021-08-18,72.22611236572266,73.59766336698216,-36.49056646940084,5.158730158730158,5.158730158730158,80.56999969482422
2021-08-19,68.95410919189453,68.03077780882349,-39.93953786334708,2.380952380952381,2.380952380952381,76.91999816894531
2021-08-20,68.2548828125,66.93711604263363,-41.039217915177964,1.5873015873015872,1.5873015873015872,76.13999938964844
2021-08-23,71.58966064453125,70.33464394814388,-36.42138863913915,5.753968253968254,5.753968253968254,79.86000061035156
2021-08-24,76.36767578125,74.7899404993852,-22.09729714451175,23.015873015873016,23.015873015873016,85.19000244140625
2021-08-25,76.73522186279297,76.11668324214214,-12.623784433115881,32.142857142857146,32.142857142857146,85.5999984741211
2021-08-26,74.44032287597656,75.04093558638992,-14.080281487514078,30.357142857142854,30.357142857142854,83.04000091552734
2021-08-27,77.13860321044922,75.52500976172351,-6.844652383285621,36.904761904761905,36.904761904761905,86.05000305175781
2021-08-30,77.64957427978516,77.40753183986914,-1.117251719197253,42.46031746031746,42.46031746031746,86.62000274658203
2021-08-31,80.96640014648438,80.9484743691419,9.951173223187155,51.19047619047619,51.19047619047619,90.31999969482422
2021-09-01,83.91570281982422,82.21246638821121,20.4611777878509,63.49206349206349,63.49206349206349,93.61000061035156
2021-09-02,82.66962432861328,83.67363185802313,22.926350461214955,66.07142857142857,66.07142857142857,92.22000122070312
2021-09-03,84.14875793457031,83.25231865181303,27.341067181947388,73.01587301587301,73.01587301587301,93.87000274658203
2021-09-07,85.60099029541016,84.91970132421298,30.429923870039644,78.76984126984127,78.76984126984127,95.48999786376953
2021-09-08,81.66561889648438,83.83500036196726,23.02969258360117,66.26984126984127,66.26984126984127,91.0999984741211
2021-09-09,81.36083221435547,80.43750083609505,18.13747451550692,60.11904761904761,60.11904761904761,90.76000213623047
2021-09-10,81.1098403930664,82.9923617761582,15.030703635745594,56.34920634920635,56.34920634920635,90.4800033569336
2021-09-13,81.6297607421875,81.30704204596603,14.457564876488854,55.75396825396825,55.75396825396825,91.05999755859375
2021-09-14,79.54106903076172,80.84090339333433,8.981949048389595,50.39682539682539,50.39682539682539,88.7300033569336
2021-09-15,79.5679702758789,78.58188821429846,6.349904013691665,48.41269841269841,48.41269841269841,88.76000213623047
2021-09-16,76.5290298461914,76.20631113273389,-3.773814763589254,39.285714285714285,39.285714285714285,85.37000274658203
2021-09-17,75.96427917480469,76.85175917909035,-10.413768928402547,33.13492063492063,33.13492063492063,84.73999786376953
2021-09-20,69.71607971191406,70.48701803892388,-24.221815911225246,20.436507936507937,20.436507936507937,77.7699966430664
2021-09-21,71.26692962646484,71.09660395828175,-29.94471053286994,13.690476190476192,13.690476190476192,79.5
2021-09-22,73.86660766601562,73.36459695307805,-27.377971833465143,17.063492063492063,17.063492063492063,82.4000015258789
2021-09-23,75.66845703125,74.64650976915672,-21.031316645104077,23.41269841269841,23.41269841269841,84.41000366210938
2021-09-24,72.86260223388672,73.06878633034835,-24.53793050226666,20.436507936507937,20.436507936507937,81.27999877929688
2021-09-27,74.34172058105469,73.01498724432138,-22.53962302504103,22.61904761904762,22.61904761904762,82.93000030517578
2021-09-28,71.30278778076172,72.97913185235137,-28.280337562834255,15.476190476190476,15.476190476190476,79.54000091552734
2021-09-29,69.4202651977539,70.95317565991236,-33.896563759414356,7.738095238095238,7.738095238095238,77.44000244140625
2021-09-30,71.1324691772461,71.50897210580942,-33.71843425273212,8.134920634920634,8.134920634920634,79.3499984741211
2021-10-01,70.81871032714844,70.92628551384027,-34.307787688638534,7.341269841269842,7.341269841269842,79.0
2021-10-04,67.57361602783203,69.21410217226887,-38.115946651726944,3.968253968253968,3.968253968253968,75.37999725341797
2021-10-05,69.22305297851562,68.1204294846696,-37.26399099357601,4.563492063492063,4.563492063492063,77.22000122070312
2021-10-06,68.04872131347656,66.00483364106131,-37.365802246316406,4.563492063492063,4.563492063492063,75.91000366210938
2021-10-07,72.15438842773438,70.99798105288724,-27.024962312396976,18.650793650793652,18.650793650793652,80.48999786376953
2021-10-08,72.68330383300781,72.56676234085387,-19.665690723655306,26.984126984126984,26.984126984126984,81.08000183105469
2021-10-11,72.41436004638672,73.83073567397918,-15.571645508951546,30.555555555555557,30.555555555555557,80.77999877929688
2021-10-12,71.20419311523438,72.39645934786918,-16.70060513834094,29.365079365079367,29.365079365079367,79.43000030517578
2021-10-13,74.18931579589844,73.05980040228553,-6.257213483452857,39.285714285714285,39.285714285714285,82.76000213623047
2021-10-14,74.7899398803711,75.30091006797504,4.544925821054162,47.61904761904761,47.61904761904761,83.43000030517578
2021-10-15,77.54200744628906,76.05391477197516,17.20309918918289,60.51587301587301,60.51587301587301,86.5
2021-10-18,77.03103637695312,75.9284129276894,22.037484104096546,67.46031746031747,67.46031746031747,85.93000030517578
2021-10-19,80.03410339355469,78.64462651643666,28.23819489243846,76.19047619047619,76.19047619047619,89.27999877929688
2021-10-20,80.0699691772461,80.51818888980105,31.03389932661625,81.15079365079364,81.15079365079364,89.31999969482422
2021-10-21,78.4294662475586,78.24121483014157,28.238387990015067,76.38888888888889,76.38888888888889,87.48999786376953
2021-10-22,77.74818420410156,78.56394041807684,24.627043698660163,71.03174603174604,71.03174603174604,86.7300033569336
2021-10-25,79.09284973144531,79.06595080496552,26.60534317720539,73.80952380952381,73.80952380952381,88.2300033569336
2021-10-26,77.73922729492188,79.58589030438078,23.264837359416457,68.84920634920636,68.84920634920636,86.72000122070312
2021-10-27,75.91049194335938,76.51110472586406,16.730641195429644,60.11904761904761,60.11904761904761,84.68000030517578
2021-10-28,76.01805114746094,75.00507041765965,13.48225592169129,56.15079365079365,56.15079365079365,84.80000305175781
2021-10-29,72.66535186767578,73.15839611253142,-0.0020503262388254684,44.84126984126984,44.84126984126984,81.05999755859375
2021-11-01,74.52996826171875,72.72812322300089,-0.10191251930661528,44.84126984126984,44.84126984126984,83.13999938964844
2021-11-02,72.42333984375,73.00602682077957,-7.1300169283152,37.301587301587304,37.301587301587304,80.79000091552734
2021-11-03,73.71420288085938,72.33368560870095,-6.1973483935562745,39.682539682539684,39.682539682539684,82.2300033569336
2021-11-04,73.05980682373047,74.0010708743532,-14.662632729131369,31.349206349206348,31.349206349206348,81.5
2021-11-05,72.94326782226562,73.7052398543845,-20.1369286050963,25.992063492063494,25.992063492063494,81.37000274658203
2021-11-08,74.89750671386719,74.32378610546255,-13.535883359368597,32.73809523809524,32.73809523809524,83.55000305175781
2021-11-09,73.92039489746094,74.95130161428698,-14.3237563219649,31.944444444444443,31.944444444444443,82.45999908447266
2021-11-10,73.09566497802734,74.51204078389823,-19.610196307313995,27.18253968253968,27.18253968253968,81.54000091552734
2021-11-11,76.80692291259766,75.9553082754484,-6.258451789064099,40.476190476190474,40.476190476190474,85.68000030517578
2021-11-12,77.36271667480469,76.76209712770739,3.39794182949973,48.80952380952381,48.80952380952381,86.30000305175781
2021-11-15,76.66348266601562,77.87368114097401,5.357082693100483,50.99206349206349,50.99206349206349,85.5199966430664
2021-11-16,76.84278869628906,76.89657287327994,7.142705081476372,52.77777777777778,52.77777777777778,85.72000122070312
2021-11-17,75.65052032470703,77.02207151071372,3.2325115198755854,47.817460317460316,47.817460317460316,84.38999938964844
2021-11-18,72.90742492675781,73.55286244998118,-12.149305435262105,34.72222222222222,34.72222222222222,81.33000183105469
2021-11-19,72.51297760009766,73.04188036665143,-21.701800274108844,24.206349206349206,24.206349206349206,80.88999938964844
2021-11-22,70.81871032714844,72.10061890157853,-31.992270380460774,10.912698412698413,10.912698412698413,79.0
2021-11-23,70.6214828491211,70.88145105170408,-35.09208447647406,7.936507936507936,7.936507936507936,78.77999877929688
2021-11-24,70.25394439697266,69.24096369742969,-35.41698153247546,7.5396825396825395,7.5396825396825395,78.37000274658203
2021-11-26,63.61133575439453,64.81256804547341,-39.136564158688074,2.976190476190476,2.976190476190476,70.95999908447266
2021-11-29,64.03266906738281,65.27871933395089,-40.26006695217815,2.380952380952381,2.380952380952381,71.43000030517578
2021-11-30,63.74580001831055,64.02369401643554,-40.52508878706751,1.984126984126984,1.984126984126984,71.11000061035156
2021-12-01,64.48985290527344,66.83851976635081,-39.461515700919115,3.1746031746031744,3.1746031746031744,71.94000244140625
2021-12-02,66.9012680053711,66.74887495325274,-33.76686980548551,10.119047619047619,10.119047619047619,74.62999725341797
2021-12-03,64.0416259765625,66.72197757676437,-36.09680891025862,7.341269841269842,7.341269841269842,71.44000244140625
2021-12-06,65.4221420288086,63.77269018797274,-34.16347569933888,9.523809523809524,9.523809523809524,72.9800033569336
2021-12-07,68.40727233886719,67.95009327666548,-23.510908723850907,24.00793650793651,24.00793650793651,76.30999755859375
2021-12-08,69.39337158203125,68.4072828509552,-13.917956307632432,33.92857142857143,33.92857142857143,77.41000366210938
2021-12-09,68.32661437988281,68.60450841432933,-12.4607554454834,35.317460317460316,35.317460317460316,76.22000122070312
2021-12-10,68.416259765625,68.24593407852683,-11.38485610075674,36.7063492063492,36.7063492063492,76.31999969482422
2021-12-13,65.15321350097656,66.98195063132128,-21.2756482961837,26.190476190476193,26.190476190476193,72.68000030517578
2021-12-14,64.76774597167969,64.06852434128909,-27.063637443788284,20.238095238095237,20.238095238095237,72.25
2021-12-15,64.21195983886719,63.71892221040816,-30.778619855045758,15.476190476190476,15.476190476190476,71.62999725341797
2021-12-16,64.5526123046875,65.82555479259187,-31.540703486432903,13.88888888888889,13.88888888888889,72.01000213623047
2021-12-17,63.593406677246094,63.17207910833795,-33.593258457048016,11.30952380952381,11.30952380952381,70.94000244140625
2021-12-20,60.53655242919922,60.895129562041575,-37.70374165335343,5.357142857142857,5.357142857142857,67.52999877929688
2021-12-21,63.593406677246094,62.03359735754922,-31.449207491866126,14.484126984126986,14.484126984126986,70.94000244140625
2021-12-22,64.62432098388672,63.11830917301911,-22.865965824946223,25.793650793650798,25.793650793650798,72.08999633789062
2021-12-23,65.69108581542969,64.5346780335585,-11.539996075713404,38.095238095238095,38.095238095238095,73.27999877929688
2021-12-27,66.5516586303711,65.53868457828764,-0.736870807567235,47.61904761904761,47.61904761904761,74.23999786376953
2021-12-28,65.89726257324219,66.47098324527019,2.11865626136894,49.404761904761905,49.404761904761905,73.51000213623047
2021-12-29,64.89325714111328,65.35044321720066,-1.942779587275228,46.03174603174603,46.03174603174603,72.38999938964844
2021-12-30,67.15228271484375,64.87532568324599,7.745225508741593,55.35714285714286,55.35714285714286,74.91000366210938
2021-12-31,66.27375793457031,66.69508550120432,8.68236063133725,56.547619047619044,56.547619047619044,73.93000030517578
2022-01-03,67.64530944824219,67.08055514561762,15.075725456583807,63.49206349206349,63.49206349206349,75.45999908447266
2022-01-04,66.85646057128906,67.87840106973496,15.528221538326395,64.48412698412699,64.48412698412699,74.58000183105469
2022-01-05,63.683067321777344,65.87038204220005,0.27940071669707,48.61111111111111,48.61111111111111,71.04000091552734
2022-01-06,64.4988021850586,64.18504981111968,-3.7304350131393536,45.03968253968254,45.03968253968254,71.94999694824219
2022-01-07,66.28272247314453,65.44006736237166,4.8064650772239235,52.57936507936508,52.57936507936508,73.94000244140625
2022-01-10,66.29167938232422,66.47993764220708,10.889566565070668,59.12698412698413,59.12698412698413,73.94999694824219
2022-01-11,70.7649154663086,67.94113050553386,25.677940785231847,79.36507936507937,79.36507936507937,78.94000244140625
2022-01-12,74.27896118164062,73.1584120530729,33.84541774009271,91.46825396825396,91.46825396825396,82.86000061035156
2022-01-13,71.17729187011719,73.27495684639254,31.449047237377282,88.29365079365078,88.29365079365078,79.4000015258789
2022-01-14,71.01592254638672,70.44220194067269,29.687745218249784,84.92063492063492,84.92063492063492,79.22000122070312
2022-01-18,67.29570007324219,67.55566829905317,18.081361521793692,68.25396825396825,68.25396825396825,75.06999969482422
2022-01-19,68.13835144042969,68.85549875930526,14.775173948887648,63.69047619047619,63.69047619047619,76.01000213623047
2022-01-20,69.26786804199219,71.62550799393851,14.246187041115776,62.89682539682539,62.89682539682539,77.2699966430664
2022-01-21,66.26478576660156,68.77481832837874,1.837816635527165,49.801587301587304,49.801587301587304,73.91999816894531
2022-01-24,63.37825393676758,63.36929446831549,-10.50539870485222,39.08730158730159,39.08730158730159,70.69999694824219
2022-01-25,63.0555305480957,62.141165566089256,-17.759791466604543,31.944444444444443,31.944444444444443,70.33999633789062
2022-01-26,60.76067352294922,64.22093084233404,-27.213675496667673,21.03174603174603,21.03174603174603,67.77999877929688
2022-01-27,58.609195709228516,60.65308294445326,-35.57355534664601,8.333333333333332,8.333333333333332,65.37999725341797
2022-01-28,59.37118148803711,58.851245020733025,-36.477667519649444,7.341269841269842,7.341269841269842,66.2300033569336
2022-01-31,65.26080322265625,61.75572123232488,-18.483352007943903,30.555555555555557,30.555555555555557,72.80000305175781
2022-02-01,66.30065155029297,66.07654171940125,-4.929735502009399,44.24603174603175,44.24603174603175,73.95999908447266
2022-02-02,66.21099853515625,67.33154751274921,2.0342086126099534,50.0,50.0,73.86000061035156
2022-02-03,63.90716552734375,63.64719728111456,-2.261181591162324,45.43650793650794,45.43650793650794,71.29000091552734
2022-02-04,64.48088073730469,63.0286465727937,-2.186733568511304,45.43650793650794,45.43650793650794,71.93000030517578
2022-02-07,64.24781036376953,63.67408969306247,-2.989775880733638,44.642857142857146,44.642857142857146,71.66999816894531
2022-02-08,65.87037658691406,63.656169957288206,2.8029290267673117,50.39682539682539,50.39682539682539,73.4800033569336
2022-02-09,69.06167602539062,67.40326489157836,13.740774722970247,62.10317460317461,62.10317460317461,77.04000091552734
2022-02-10,67.76184844970703,67.15227624603564,16.007274736464765,65.67460317460318,65.67460317460318,75.58999633789062
2022-02-11,64.75877380371094,67.69013417579743,8.767283426126665,56.94444444444444,56.94444444444444,72.23999786376953
2022-02-14,63.243797302246094,63.78165953098523,-0.3653576648766125,47.22222222222222,47.22222222222222,70.55000305175781
2022-02-15,67.24190521240234,65.77174549547743,9.188256436289446,57.53968253968254,57.53968253968254,75.01000213623047
2022-02-16,68.76586151123047,67.12537586422859,18.247184598714753,69.04761904761905,69.04761904761905,76.70999908447266
2022-02-17,66.48890686035156,67.9769995070094,16.748598062457372,66.26984126984127,66.26984126984127,74.16999816894531
2022-02-18,64.31952667236328,65.60143528240148,10.390214380928816,57.53968253968254,57.53968253968254,71.75
2022-02-22,61.441951751708984,61.49573592228232,-3.929346218657008,42.06349206349206,42.06349206349206,68.54000091552734
2022-02-23,59.42496109008789,62.45492341464595,-17.596998264425764,30.753968253968257,30.753968253968257,66.29000091552734
2022-02-24,55.77646255493164,50.953617453132225,-24.1326764096884,23.809523809523807,23.809523809523807,62.220001220703125
2022-02-25,58.878143310546875,56.56532788965016,-20.426292476763937,26.984126984126984,26.984126984126984,65.68000030517578
2022-02-28,56.81632614135742,54.700728758715655,-22.545057950770396,25.0,25.0,63.380001068115234
2022-03-01,54.29732894897461,55.785418072704374,-28.26608738832162,17.857142857142858,17.857142857142858,60.56999969482422
2022-03-02,54.611080169677734,54.51247471980189,-30.4739793350705,15.277777777777779,15.277777777777779,60.91999816894531
2022-03-03,52.2265510559082,53.77739402279497,-34.986677067309444,8.73015873015873,8.73015873015873,58.2599983215332
2022-03-04,49.053165435791016,49.29520448599136,-39.340137368778684,3.373015873015873,3.373015873015873,54.720001220703125
2022-03-07,43.66556167602539,46.61484807699627,-42.57212788028886,0.5952380952380952,0.5952380952380952,48.709999084472656
2022-03-08,43.99724197387695,44.35581563792112,-43.519560348169996,0.1984126984126984,0.1984126984126984,49.08000183105469
2022-03-09,47.66367721557617,46.04112422771127,-40.021438150059105,3.1746031746031744,3.1746031746031744,53.16999816894531
2022-03-10,45.15365219116211,45.86184014682714,-40.46911144840467,2.579365079365079,2.579365079365079,50.369998931884766
2022-03-11,42.25815200805664,45.897697137603785,-42.70369550612416,0.7936507936507936,0.7936507936507936,47.13999938964844
2022-03-14,39.1833610534668,40.779025335723816,-44.03978068263963,0.0,0.0,43.709999084472656
2022-03-15,39.25508117675781,37.784921144227305,-43.56769089128581,0.1984126984126984,0.1984126984126984,43.790000915527344
2022-03-16,48.775272369384766,44.82197436700108,-30.107310310155604,16.46825396825397,16.46825396825397,54.40999984741211
2022-03-17,48.03122329711914,47.32303537099201,-23.542122497893413,23.61111111111111,23.61111111111111,53.58000183105469
2022-03-18,50.1737060546875,46.821021745829206,-14.739239885969788,32.53968253968254,32.53968253968254,55.970001220703125
2022-03-21,47.75333023071289,47.95054800531618,-14.089656344078389,33.13492063492063,33.13492063492063,53.27000045776367
2022-03-22,50.36195755004883,49.63584052342779,-5.994216851158831,40.87301587301587,40.87301587301587,56.18000030517578
2022-03-23,49.45655059814453,48.84697506879747,-4.152542322053319,41.86507936507937,41.86507936507937,55.16999816894531
2022-03-24,50.1109619140625,49.4565581677674,1.085755674959376,47.42063492063492,47.42063492063492,55.900001525878906
2022-03-25,48.82905197143555,48.82905197143555,0.11060899713494299,46.62698412698413,46.62698412698413,54.470001220703125
2022-03-28,49.4117431640625,49.07109862391763,2.6178753904816,48.61111111111111,48.61111111111111,55.119998931884766
2022-03-29,51.91280746459961,51.930736663629574,12.163527332368531,59.32539682539682,59.32539682539682,57.90999984741211
2022-03-30,51.43768310546875,51.61697163236716,17.312822179961103,66.86507936507937,66.86507936507937,57.380001068115234
2022-03-31,49.1876220703125,50.84603678113788,13.451480814849893,60.51587301587301,60.51587301587301,54.869998931884766
2022-04-01,51.35701370239258,52.01141404964777,21.208007308202014,73.21428571428571,73.21428571428571,57.290000915527344
2022-04-04,54.23457336425781,53.54431474744631,29.522245261369367,84.72222222222221,84.72222222222221,60.5
2022-04-05,51.240474700927734,53.69672010087124,26.5772292462631,79.96031746031747,79.96031746031747,57.15999984741211
2022-04-06,49.38483810424805,50.24541895804355,19.171398661387926,69.64285714285714,69.64285714285714,55.09000015258789
2022-04-07,48.19258499145508,48.5063408615762,11.077997818804633,57.14285714285714,57.14285714285714,53.7599983215332
2022-04-08,48.21947479248047,48.524264316706315,7.02468174943892,52.57936507936508,52.57936507936508,53.790000915527344
2022-04-11,46.5341682434082,47.027209220221025,0.0749933437176437,44.44444444444444,44.44444444444444,51.90999984741211
2022-04-12,46.00526809692383,47.51128650889043,-5.203420972368253,38.2936507936508,38.2936507936508,51.31999969482422
2022-04-13,47.84297180175781,46.74931801382631,-7.96907833410143,35.51587301587302,35.51587301587302,53.369998931884766
2022-04-14,45.8797607421875,46.991343488794406,-21.363462700571283,23.214285714285715,23.214285714285715,51.18000030517578
2022-04-18,45.48533248901367,45.252256351388795,-27.079246346429564,17.261904761904763,17.261904761904763,50.7400016784668
2022-04-19,44.750247955322266,44.01516800715231,-29.74251866402297,14.285714285714285,14.285714285714285,49.91999816894531
2022-04-20,44.01517105102539,44.88471832140778,-33.405400837709,10.119047619047619,10.119047619047619,49.099998474121094
2022-04-21,41.424461364746094,43.826919085992095,-37.57538414852705,4.563492063492063,4.563492063492063,46.209999084472656
2022-04-22,40.35770034790039,41.65753810223,-40.336392520026806,2.1825396825396823,2.1825396825396823,45.02000045776367
2022-04-25,39.47918701171875,38.295887426704354,-40.251442694113074,2.579365079365079,2.579365079365079,44.040000915527344
2022-04-26,36.87950897216797,38.67238741258173,-42.71278241460986,0.5952380952380952,0.5952380952380952,41.13999938964844
2022-04-27,38.16142654418945,37.50702616579972,-41.65122289364619,1.1904761904761905,1.1904761904761905,42.56999969482422
2022-04-28,39.61365509033203,39.17440170781136,-37.974001788623134,5.158730158730158,5.158730158730158,44.189998626708984
2022-04-29,40.160484313964844,41.818899250709464,-34.705178413331424,9.126984126984127,9.126984126984127,44.79999923706055
2022-05-02,39.98119354248047,39.61365354668243,-33.250380394697444,11.706349206349206,11.706349206349206,44.599998474121094
2022-05-03,40.8238525390625,40.63560107912617,-29.569847674233657,16.26984126984127,16.26984126984127,45.540000915527344
2022-05-04,42.14161682128906,39.568836570633394,-22.26074448142519,25.0,25.0,47.0099983215332
2022-05-05,37.515987396240234,39.559871546739615,-30.158125685309205,15.277777777777779,15.277777777777779,41.849998474121094
2022-05-06,35.93825149536133,36.47611370483316,-35.28699221487413,8.73015873015873,8.73015873015873,40.09000015258789
2022-05-09,32.94413375854492,34.05571964034711,-39.55635080498001,3.571428571428571,3.571428571428571,36.75
2022-05-10,33.293758392333984,34.19916409109581,-40.75605821460561,1.984126984126984,1.984126984126984,37.13999938964844
2022-05-11,32.621429443359375,33.84058758289288,-42.37174969389309,1.1904761904761905,1.1904761904761905,36.38999938964844
2022-05-12,31.984962463378906,31.599493194806794,-42.3410970525194,1.3888888888888888,1.3888888888888888,35.68000030517578
2022-05-13,34.51290512084961,32.872419937312685,-36.34219014084121,8.134920634920634,8.134920634920634,38.5
2022-05-16,34.13640594482422,33.89436695353424,-33.69505860568648,12.103174603174603,12.103174603174603,38.08000183105469
2022-05-17,36.628509521484375,36.888477733353206,-22.610271856050208,25.992063492063494,25.992063492063494,40.86000061035156
2022-05-18,34.109519958496094,35.974115632415725,-24.46681914591639,23.809523809523807,23.809523809523807,38.04999923706055
2022-05-19,35.660362243652344,34.36052770335021,-19.009313549681696,30.555555555555557,30.555555555555557,39.779998779296875
2022-05-20,36.08168411254883,36.87951459298749,-12.851174159265726,37.10317460317461,37.10317460317461,40.25
2022-05-23,36.89744567871094,36.74505262168,-5.791149517774225,43.05555555555556,43.05555555555556,41.15999984741211
2022-05-24,34.907344818115234,35.23902981847704,-10.283489659309728,39.48412698412698,39.48412698412698,38.939998626708984
2022-05-25,35.481075286865234,34.69220760859695,-9.835786789631797,40.07936507936508,40.07936507936508,39.58000183105469
2022-05-26,37.15740966796875,35.33763556365748,-1.0425794157684865,48.41269841269841,48.41269841269841,41.45000076293945
2022-05-27,38.385536193847656,37.8476739026573,8.870702696466495,57.341269841269835,57.341269841269835,42.81999969482422
2022-05-31,40.09773254394531,41.27206934779045,19.54454018496174,70.83333333333334,70.83333333333334,44.72999954223633
2022-06-01,39.21025466918945,40.814878342882885,22.0569379631412,74.0079365079365,74.0079365079365,43.7400016784668
2022-06-02,41.200347900390625,39.70329596557439,29.560082147915818,85.31746031746032,85.31746031746032,45.959999084472656
2022-06-03,39.13854217529297,40.178411692240836,28.649140238169075,83.53174603174604,83.53174603174604,43.65999984741211
2022-06-06,39.78398513793945,41.13760725007028,29.906892612380997,86.11111111111111,86.11111111111111,44.380001068115234
2022-06-07,40.214271545410156,39.10268519819282,32.01910074173628,89.68253968253968,89.68253968253968,44.86000061035156
2022-06-08,40.743167877197266,40.70730948359519,34.827883688668074,93.45238095238095,93.45238095238095,45.45000076293945
2022-06-09,37.9283561706543,39.79294853742411,25.717699759285466,79.96031746031747,79.96031746031747,42.310001373291016
2022-06-10,36.76297378540039,37.63252099115561,14.794190735743557,63.69047619047619,63.69047619047619,41.0099983215332
2022-06-13,32.89035415649414,33.81368888984334,-10.546358260139488,39.08730158730159,39.08730158730159,36.689998626708984
2022-06-14,34.154335021972656,33.741973776038456,-17.726576655436773,32.34126984126984,32.34126984126984,38.099998474121094
2022-06-15,35.543819427490234,34.575663347109966,-14.133089260377096,35.51587301587302,35.51587301587302,39.650001525878906
2022-06-16,32.32560348510742,32.379387656358524,-23.732624105051627,25.0,25.0,36.060001373291016
2022-06-17,32.684181213378906,33.16825933245935,-27.094847201551108,21.03174603174603,21.03174603174603,36.459999084472656
2022-06-21,34.19915771484375,34.01986918636975,-21.400451412313096,28.174603174603174,28.174603174603174,38.150001525878906
2022-06-22,32.352500915527344,32.11046184597733,-26.14169459222341,22.817460317460316,22.817460317460316,36.09000015258789
2022-06-23,32.612464904785156,32.53178522552395,-27.600055132087725,20.436507936507937,20.436507936507937,36.380001068115234
2022-06-24,34.826663970947266,33.63440153035642,-16.69268616721686,34.523809523809526,34.523809523809526,38.849998474121094
2022-06-27,34.99699020385742,35.65139046587955,-9.903017743741119,41.86507936507937,41.86507936507937,39.040000915527344
2022-06-28,34.40534591674805,35.85757682047675,-9.515304665306076,42.26190476190476,42.26190476190476,38.380001068115234
2022-06-29,34.064693450927734,34.423270539321635,-10.996186905540545,40.67460317460318,40.67460317460318,38.0
2022-06-30,33.54475402832031,32.5407430577042,-14.228857061084597,36.7063492063492,36.7063492063492,37.41999816894531
2022-07-01,32.7917594909668,32.27182292464002,-19.800445775395932,30.753968253968257,30.753968253968257,36.58000183105469
2022-07-05,31.975997924804688,30.855448458648443,-24.24192682749215,24.801587301587304,24.801587301587304,35.66999816894531
2022-07-06,31.411237716674805,31.348487231607212,-28.82463271336237,18.650793650793652,18.650793650793652,35.040000915527344
2022-07-07,33.42823028564453,32.80968483263595,-19.760467692105443,31.349206349206348,31.349206349206348,37.290000915527344
2022-07-08,33.293758392333984,32.93518468817609,-15.379581340592763,36.30952380952381,36.30952380952381,37.13999938964844
2022-07-11,30.658227920532227,31.088518418758742,-25.330931020187137,23.61111111111111,23.61111111111111,34.20000076293945
2022-07-12,30.245864868164062,30.326544545634995,-31.034381937267398,16.071428571428573,16.071428571428573,33.7400016784668
2022-07-13,30.138288497924805,29.026705673939226,-31.38630414922482,15.476190476190476,15.476190476190476,33.619998931884766
2022-07-14,29.2777042388916,29.179095379399346,-33.8981044828344,11.30952380952381,11.30952380952381,32.65999984741211
2022-07-15,29.734891891479492,29.367351891138583,-32.78161339336996,13.88888888888889,13.88888888888889,33.16999816894531
2022-07-18,30.34446907043457,31.133336615400257,-28.03783940700858,20.634920634920633,20.634920634920633,33.849998474121094
2022-07-19,31.832557678222656,31.44709192965656,-15.092067656020639,38.095238095238095,38.095238095238095,35.5099983215332
2022-07-20,31.420196533203125,31.518805402568347,-10.991043760133785,43.452380952380956,43.452380952380956,35.04999923706055
2022-07-21,32.47799301147461,31.73395022606501,-0.8931255580511421,53.769841269841265,53.769841269841265,36.22999954223633
2022-07-22,31.447099685668945,32.361464977553325,-2.6434952419675635,51.19047619047619,51.19047619047619,35.08000183105469
2022-07-25,31.805667877197266,31.68912980364876,-0.4881278524604489,54.563492063492056,54.563492063492056,35.47999954223633
2022-07-26,31.09747886657715,31.850488034265943,-5.145364006198946,49.2063492063492,49.2063492063492,34.689998626708984
2022-07-27,32.72003936767578,31.84152913199696,4.247442640169621,59.523809523809526,59.523809523809526,36.5
2022-07-28,33.2220458984375,32.93518555966272,16.71586777701585,71.03174603174604,71.03174603174604,37.060001373291016
2022-07-29,32.7110710144043,31.949095570365024,21.909873657535044,77.97619047619048,77.97619047619048,36.4900016784668
2022-08-01,31.913246154785156,31.76085307489898,18.570950671916624,74.40476190476191,74.40476190476191,35.599998474121094
2022-08-02,31.348480224609375,31.0167952552245,11.362081509244288,65.67460317460318,65.67460317460318,34.970001220703125
2022-08-03,32.200111389160156,31.536747946627468,15.715633131415215,70.63492063492063,70.63492063492063,35.91999816894531
2022-08-04,32.77382278442383,32.81864406651426,22.548295682605062,78.76984126984127,78.76984126984127,36.560001373291016
2022-08-05,32.845542907714844,32.23596377089803,26.49453812778177,83.53174603174604,83.53174603174604,36.63999938964844
2022-08-08,32.98000717163086,33.01586556924256,29.92208787746774,88.69047619047619,88.69047619047619,36.790000915527344
2022-08-09,32.621429443359375,33.123436741886394,28.794513624919315,86.5079365079365,86.5079365079365,36.38999938964844
2022-08-10,33.8405876159668,33.33858031694915,35.10890002850471,94.64285714285714,94.64285714285714,37.75
2022-08-11,34.306732177734375,34.6653058434013,35.23499068349023,94.64285714285714,94.64285714285714,38.27000045776367
2022-08-12,35.36453628540039,34.279845393116965,38.962446664989905,97.61904761904762,97.61904761904762,39.45000076293945
2022-08-15,34.79977798461914,34.450167158225646,37.8286959141605,96.62698412698413,96.62698412698413,38.81999969482422
2022-08-16,34.81770706176758,34.48602543527633,36.92605425017402,95.63492063492063,95.63492063492063,38.84000015258789
2022-08-17,34.35155487060547,34.30673358801016,33.309951411156,92.26190476190477,92.26190476190477,38.31999969482422
2022-08-18,33.72405242919922,33.93023310015335,26.615501259051662,82.93650793650794,82.93650793650794,37.619998931884766
2022-08-19,32.28077697753906,32.782784205556986,8.51683908545025,62.89682539682539,62.89682539682539,36.0099983215332
2022-08-22,31.491914749145508,31.58155731465412,-8.783646717846585,45.43650793650794,45.43650793650794,35.130001068115234
2022-08-23,31.967029571533203,31.760848915347886,-13.188838142886716,41.07142857142857,41.07142857142857,35.65999984741211
2022-08-24,32.03874206542969,31.285732917142496,-14.552790103771018,38.88888888888889,38.88888888888889,35.7400016784668
2022-08-25,34.01091003417969,32.997935961539284,3.943770895223985,60.11904761904761,60.11904761904761,37.939998626708984
2022-08-26,32.46903610229492,34.81770636845482,0.2958584115981993,56.94444444444444,56.94444444444444,36.220001220703125
2022-08-29,31.940126419067383,31.975981384506944,-7.018613313604928,47.42063492063492,47.42063492063492,35.630001068115234
2022-08-30,30.703041076660156,32.04769980994454,-19.684126788252673,32.93650793650794,32.93650793650794,34.25
2022-08-31,31.06162452697754,31.581557566432984,-22.93220244173023,28.174603174603174,28.174603174603174,34.650001525878906
2022-09-01,30.2637939453125,30.156222170171095,-26.658027684355805,23.61111111111111,23.61111111111111,33.7599983215332
2022-09-02,29.501819610595703,30.08450657054716,-32.92825697332598,13.492063492063492,13.492063492063492,32.90999984741211
2022-09-06,28.506772994995117,29.18806887213414,-37.45380424119396,6.547619047619048,6.547619047619048,31.799999237060547
2022-09-07,29.12531089782715,27.96890351764173,-35.099966278747694,10.119047619047619,10.119047619047619,32.4900016784668
2022-09-08,28.77570152282715,27.87029929165799,-35.5374230261314,9.325396825396826,9.325396825396826,32.099998474121094
2022-09-09,30.003826141357422,29.519748071601203,-27.127677992877597,23.214285714285715,23.214285714285715,33.470001220703125
2022-09-12,31.285734176635742,30.86440659466676,-11.382233671288134,44.642857142857146,44.642857142857146,34.900001525878906
2022-09-13,28.399198532104492,29.30460075981936,-22.155526886821647,30.753968253968257,30.753968253968257,31.68000030517578
2022-09-14,28.748809814453125,28.77570190079171,-25.258496763019224,25.793650793650798,25.793650793650798,32.06999969482422
2022-09-15,27.93305206298828,28.201983203832462,-31.055693402022193,17.46031746031746,17.46031746031746,31.15999984741211
2022-09-16,26.964895248413086,27.009716531433625,-35.676036675931535,9.126984126984127,9.126984126984127,30.079999923706055
2022-09-19,27.323469161987305,26.391173189046373,-35.40272239915651,10.119047619047619,10.119047619047619,30.479999542236328
2022-09-20,26.955934524536133,26.87525483564425,-36.94807224624836,7.341269841269842,7.341269841269842,30.06999969482422
2022-09-21,25.575410842895508,26.36427658198902,-40.03512458330679,3.7698412698412698,3.7698412698412698,28.530000686645508
2022-09-22,25.21683692932129,25.467840550575765,-41.59488279888302,1.7857142857142856,1.7857142857142856,28.1299991607666
2022-09-23,23.298458099365234,23.79150075925245,-42.88943747614573,0.5952380952380952,0.5952380952380952,25.989999771118164
2022-09-26,22.52751922607422,22.87713172148615,-44.23568108463201,0.0,0.0,25.1299991607666
2022-09-27,22.419944763183594,22.74266342471618,-44.61960950978089,0.0,0.0,25.010000228881836
2022-09-28,22.95781135559082,21.917941889182565,-42.50418361190575,1.7857142857142856,1.7857142857142856,25.610000610351562
2022-09-29,21.3890438079834,21.70279621805063,-43.33440000448804,0.992063492063492,0.992063492063492,23.860000610351562
2022-09-30,21.04839324951172,21.138037516773725,-44.37412731846421,0.1984126984126984,0.1984126984126984,23.479999542236328
2022-10-03,22.09722900390625,21.51454378502625,-41.4927480651379,3.1746031746031744,3.1746031746031744,24.649999618530273
2022-10-04,24.302473068237305,23.585320510920894,-29.469786983183965,21.626984126984127,21.626984126984127,27.110000610351562
2022-10-05,24.311439514160156,24.033542043553584,-22.6701512128263,31.547619047619047,31.547619047619047,27.1200008392334
2022-10-06,23.890108108520508,23.997681581820135,-21.16212274746368,34.12698412698413,34.12698412698413,26.649999618530273
2022-10-07,22.357196807861328,23.163991842649075,-27.24283374900403,24.801587301587304,24.801587301587304,24.940000534057617
2022-10-10,21.424898147583008,21.9627620499545,-33.23159381376672,16.46825396825397,16.46825396825397,23.899999618530273
2022-10-11,20.43881607055664,20.725678092835267,-37.656386318055176,8.134920634920634,8.134920634920634,22.799999237060547
2022-10-12,20.447782516479492,20.402961229792027,-39.436846696445166,6.349206349206349,6.349206349206349,22.809999465942383
2022-10-13,20.6898193359375,18.870046909708634,-36.553376795755696,9.920634920634921,9.920634920634921,23.079999923706055
2022-10-14,19.694772720336914,21.039431801074716,-37.78048038372146,8.134920634920634,8.134920634920634,21.969999313354492
2022-10-17,21.27250862121582,20.940826968447546,-30.473762323856608,21.23015873015873,21.23015873015873,23.729999542236328
2022-10-18,21.290435791015625,22.016551227664184,-25.86048255304213,28.57142857142857,28.57142857142857,23.75
2022-10-19,20.107135772705078,20.250565938186842,-29.21612327759136,23.214285714285715,23.214285714285715,22.43000030517578
2022-10-20,20.582246780395508,20.60017597786186,-27.011060302470895,27.579365079365083,27.579365079365083,22.959999084472656
2022-10-21,21.47868537902832,20.358136224200322,-16.970223442871035,41.46825396825397,41.46825396825397,23.959999084472656
2022-10-24,18.977622985839844,19.130017758813093,-25.900432811252372,28.968253968253972,28.968253968253972,21.170000076293945
2022-10-25,19.48859214782715,19.067266249751786,-27.19344329231414,26.58730158730159,26.58730158730159,21.739999771118164
2022-10-26,20.483640670776367,19.721666837368105,-19.948760480472984,38.095238095238095,38.095238095238095,22.850000381469727
2022-10-27,19.990596771240234,20.02645516586559,-19.161730146082885,39.48412698412698,39.48412698412698,22.299999237060547
2022-10-28,19.551342010498047,19.103122329405696,-21.638592379988324,35.91269841269841,35.91269841269841,21.809999465942383
2022-10-31,19.43480682373047,18.959693317438642,-24.006327351291358,32.142857142857146,32.142857142857146,21.68000030517578
2022-11-01,20.456743240356445,20.931856654419235,-16.3897340962812,43.452380952380956,43.452380952380956,22.81999969482422
2022-11-02,19.97266960144043,20.752570888901147,-15.822103503952631,43.65079365079365,43.65079365079365,22.280000686645508
2022-11-03,20.349170684814453,19.524446545901096,-12.180226173848107,48.61111111111111,48.61111111111111,22.700000762939453
2022-11-04,22.814380645751953,22.50959114994771,12.584944582098274,71.82539682539682,71.82539682539682,25.450000762939453
2022-11-07,22.886098861694336,23.065385718653626,24.930686555523156,82.73809523809523,82.73809523809523,25.530000686645508
2022-11-08,23.39706802368164,23.03849261573475,32.75423229242799,92.46031746031747,92.46031746031747,26.100000381469727
2022-11-09,22.17790985107422,22.823345583173644,29.531228609627195,88.09523809523809,88.09523809523809,24.739999771118164
2022-11-10,24.57140350341797,23.91700316013257,36.66706216449282,95.23809523809523,95.23809523809523,27.40999984741211
2022-11-11,26.444963455200195,26.086388021500973,39.996896126908595,98.4126984126984,98.4126984126984,29.5
2022-11-14,26.0505313873291,26.1222464789254,40.646505597727156,99.0079365079365,99.0079365079365,29.059999465942383
2022-11-15,27.843402862548828,28.560555294528402,41.149079760392496,99.20634920634922,99.20634920634922,31.059999465942383
2022-11-16,26.409101486206055,27.081430974671452,38.06629513762509,96.23015873015873,96.23015873015873,29.459999084472656
2022-11-17,26.660106658935547,25.091337761417055,36.94276151381147,94.84126984126983,94.84126984126983,29.739999771118164
2022-11-18,26.131206512451172,26.409102230094355,34.90929858381888,92.26190476190477,92.26190476190477,29.149999618530273
2022-11-21,25.136159896850586,25.14512278560069,30.64332759944814,88.69047619047619,88.69047619047619,28.040000915527344
2022-11-22,25.270626068115234,24.974801147345644,28.229319090309048,84.92063492063492,84.92063492063492,28.190000534057617
2022-11-23,25.96088409423828,25.494736907661373,29.24837156603739,86.90476190476191,86.90476190476191,28.959999084472656
2022-11-25,25.584381103515625,25.77263255537927,28.332116324416777,85.51587301587301,85.51587301587301,28.540000915527344
2022-11-28,25.17201805114746,25.100302968202637,25.902097761440814,83.33333333333334,83.33333333333334,28.079999923706055
2022-11-29,26.82146453857422,26.812499940190268,30.511238461298063,89.48412698412699,89.48412698412699,29.920000076293945
2022-11-30,29.12531089782715,28.5605532484922,36.60108294340863,94.64285714285714,94.64285714285714,32.4900016784668
2022-12-01,28.811559677124023,29.43906789549562,38.8766277007609,97.42063492063492,97.42063492063492,32.13999938964844
2022-12-02,29.152206420898438,27.986834306022804,40.860110046663515,99.0079365079365,99.0079365079365,32.52000045776367
2022-12-05,28.201980590820312,29.21495799444398,38.40188602842068,96.42857142857143,96.42857142857143,31.459999084472656
2022-12-06,28.040626525878906,28.524702938292442,36.444409931257454,93.84920634920636,93.84920634920636,31.280000686645508
2022-12-07,27.673084259033203,27.40415142063527,33.76689770404048,91.46825396825396,91.46825396825396,30.8700008392334
2022-12-08,28.461950302124023,28.193019172174655,35.40798007677222,93.05555555555556,93.05555555555556,31.75
2022-12-09,27.93305206298828,28.703990507814588,32.45652473099368,90.67460317460318,90.67460317460318,31.15999984741211
2022-12-12,27.682043075561523,27.77168734183905,27.63418181161358,84.92063492063492,84.92063492063492,30.8799991607666
2022-12-13,28.264734268188477,29.430106488133568,28.522343960735157,86.11111111111111,86.11111111111111,31.530000686645508
2022-12-14,28.237842559814453,28.201984161245896,28.781445452567855,86.5079365079365,86.5079365079365,31.5
2022-12-15,26.301528930664062,27.511722315291625,14.25334860370849,73.4126984126984,73.4126984126984,29.34000015258789
2022-12-16,26.489782333374023,26.579426611099255,7.861999104159066,67.65873015873017,67.65873015873017,29.549999237060547
2022-12-19,26.57942771911621,27.126256297195628,5.184600741503564,65.87301587301587,65.87301587301587,29.649999618530273
2022-12-20,26.5256404876709,26.328424446323048,3.149281517367686,64.28571428571429,64.28571428571429,29.59000015258789
2022-12-21,27.206933975219727,26.40013892114038,7.821400413233806,68.05555555555556,68.05555555555556,30.350000381469727
2022-12-22,26.543567657470703,26.955928906014748,3.307673830260849,64.68253968253968,64.68253968253968,29.610000610351562
2022-12-23,26.40013885498047,26.3732450596437,-0.5677234693838971,60.51587301587301,60.51587301587301,29.450000762939453
2022-12-27,27.511722564697266,27.01867992436041,7.395455756310948,68.25396825396825,68.25396825396825,30.690000534057617
2022-12-28,26.247745513916016,27.21589997046336,-3.416298711788058,57.53968253968254,57.53968253968254,29.280000686645508
2022-12-29,27.592403411865234,27.018681073433907,3.7810205972932707,65.67460317460318,65.67460317460318,30.780000686645508
2022-12-30,26.346351623535156,26.982824443271618,-4.654951935633022,56.34920634920635,56.34920634920635,29.389999389648438
2023-01-03,27.13521957397461,27.314506418339644,-1.073117542250522,60.11904761904761,60.11904761904761,30.270000457763672
2023-01-04,29.55560302734375,28.53366112448616,20.649215876927503,80.95238095238095,80.95238095238095,32.970001220703125
2023-01-05,29.2777042388916,28.811555442883588,29.318013286811983,88.69047619047619,88.69047619047619,32.65999984741211
2023-01-06,31.124372482299805,29.878322446800663,36.60078434234601,94.64285714285714,94.64285714285714,34.720001220703125
2023-01-09,31.787738800048828,32.27181687387165,38.269022959535945,96.42857142857143,96.42857142857143,35.459999084472656
2023-01-10,32.53178024291992,32.08356063115077,41.4113328982927,99.8015873015873,99.8015873015873,36.290000915527344
2023-01-11,32.863468170166016,32.406285582159875,42.926023869744576,100.0,100.0,36.65999984741211
2023-01-12,33.257896423339844,32.83657228072338,43.189229265758335,100.0,100.0,37.099998474121094
2023-01-13,33.894378662109375,33.09654463611293,43.641585257212455,100.0,100.0,37.810001373291016
2023-01-17,33.392364501953125,33.392364501953125,42.39886630322182,99.40476190476191,99.40476190476191,37.25
2023-01-18,32.7110710144043,34.33362393168731,38.602428233034075,97.02380952380952,97.02380952380952,36.4900016784668
2023-01-19,33.40132141113281,32.96206814017719,38.678684461859085,97.02380952380952,97.02380952380952,37.2599983215332
2023-01-20,34.91630935668945,34.10951266648295,41.55290144199591,99.0079365079365,99.0079365079365,38.95000076293945
2023-01-23,35.72311019897461,35.14042661667279,42.30195362547024,99.20634920634922,99.20634920634922,39.849998474121094
2023-01-24,35.741031646728516,35.31970752804383,42.73160922578769,99.40476190476191,99.40476190476191,39.869998931884766
2023-01-25,35.75896453857422,35.131456319924744,42.99409928584158,99.60317460317461,99.60317460317461,39.88999938964844
2023-01-26,36.870548248291016,36.71815179369773,43.80479375181527,100.0,100.0,41.130001068115234
2023-01-27,36.3057975769043,36.511978239205845,42.798275573729796,99.0079365079365,99.0079365079365,40.5
2023-01-30,34.07365798950195,34.638415734198254,35.48112862247931,93.65079365079364,93.65079365079364,38.0099983215332
2023-01-31,33.79576873779297,33.11447282488883,30.225159633859032,89.68253968253968,89.68253968253968,37.70000076293945
2023-02-01,35.113529205322266,34.235019014969495,31.646387435490997,91.07142857142857,91.07142857142857,39.16999816894531
2023-02-02,34.44120407104492,35.167321299699346,28.72709110218431,86.90476190476191,86.90476190476191,38.41999816894531
2023-02-03,32.55868148803711,33.30272789439344,17.14718926411743,77.18253968253968,77.18253968253968,36.31999969482422
2023-02-06,31.19609260559082,30.86441096202473,1.4629794550784314,63.29365079365079,63.29365079365079,34.79999923706055
2023-02-07,31.554672241210938,31.27677475494661,-7.360071781067572,53.37301587301587,53.37301587301587,35.20000076293945
2023-02-08,31.348480224609375,31.77877063445668,-13.441810576840417,47.61904761904761,47.61904761904761,34.970001220703125
2023-02-09,31.787738800048828,32.549714305802105,-13.282982972486723,47.817460317460316,47.817460317460316,35.459999084472656
2023-02-10,30.819581985473633,31.24090610232456,-20.329911468842482,37.89682539682539,37.89682539682539,34.380001068115234
2023-02-13,31.617420196533203,31.11541286735325,-17.60082465603099,42.26190476190476,42.26190476190476,35.27000045776367
2023-02-14,31.32158660888672,30.94508375996736,-18.097986862527062,41.46825396825397,41.46825396825397,34.939998626708984
2023-02-15,30.541685104370117,29.985893724496787,-22.0722825505964,35.714285714285715,35.714285714285715,34.06999969482422
2023-02-16,30.631332397460938,30.174149811972,-23.60024636241003,32.73809523809524,32.73809523809524,34.16999816894531
2023-02-17,29.725929260253906,29.60042829607061,-27.90554272460877,25.396825396825395,25.396825396825395,33.15999984741211
2023-02-21,28.479881286621094,28.919134695175703,-34.09578740009983,14.682539682539684,14.682539682539684,31.770000457763672
2023-02-22,27.88823127746582,28.246806708311635,-37.650398080210664,8.73015873015873,8.73015873015873,31.110000610351562
2023-02-23,28.452985763549805,29.12531700949531,-36.77896341069283,10.317460317460316,10.317460317460316,31.739999771118164
2023-02-24,26.480815887451172,26.633208916345033,-39.31621898829721,6.944444444444445,6.944444444444445,29.540000915527344
2023-02-27,26.982826232910156,26.982826232910156,-38.651526614780686,7.5396825396825395,7.5396825396825395,30.100000381469727
2023-02-28,26.301528930664062,26.686998099306095,-40.323210719508204,4.9603174603174605,4.9603174603174605,29.34000015258789
2023-03-01,27.986835479736328,28.13026563684047,-32.60880024198231,19.444444444444446,19.444444444444446,31.219999313354492
2023-03-02,28.41712760925293,27.619295438260224,-25.94064907924435,30.555555555555557,30.555555555555557,31.700000762939453
2023-03-03,28.999813079833984,28.569524290125354,-17.65999257695301,43.65079365079365,43.65079365079365,32.349998474121094
2023-03-06,28.75777816772461,29.0267093091662,-13.737182624057045,49.2063492063492,49.2063492063492,32.08000183105469
2023-03-07,27.23382568359375,28.34541194072373,-20.596701283376717,38.69047619047619,38.69047619047619,30.3799991607666
2023-03-08,27.529651641845703,27.189005440869828,-21.947137720988476,36.7063492063492,36.7063492063492,30.709999084472656
2023-03-09,25.700916290283203,26.767679597915556,-31.01306344183627,21.626984126984127,21.626984126984127,28.670000076293945
2023-03-10,25.333375930786133,25.6381654428977,-36.10398015090014,11.904761904761903,11.904761904761903,28.260000228881836
2023-03-13,25.476804733276367,25.216836518022056,-37.04402051605585,10.119047619047619,10.119047619047619,28.420000076293945
2023-03-14,25.48577117919922,25.2795905375589,-37.508491201644766,9.523809523809524,9.523809523809524,28.43000030517578
2023-03-15,24.051469802856445,23.701858972817867,-39.264092333240185,7.142857142857142,7.142857142857142,26.829999923706055
2023-03-16,25.1899471282959,23.943895217111276,-34.05403609191213,15.873015873015872,15.873015873015872,28.100000381469727
2023-03-17,24.696903228759766,25.06444322279802,-33.44455403094826,18.055555555555554,18.055555555555554,27.549999237060547
2023-03-20,24.929977416992188,24.46383026245551,-30.758373956441893,22.817460317460316,22.817460317460316,27.809999465942383
2023-03-21,25.74582290649414,25.509872266718954,-22.264597666977917,35.714285714285715,35.714285714285715,28.3700008392334
2023-03-22,25.999921798706055,26.263098106756942,-15.330272894043814,46.03174603174603,46.03174603174603,28.649999618530273
2023-03-23,27.079853057861328,27.461003871942147,-2.315819695165726,60.71428571428571,60.71428571428571,29.84000015258789
2023-03-24,26.834823608398438,26.381072781794686,2.971797011421916,67.06349206349206,67.06349206349206,29.56999969482422
2023-03-27,26.408296585083008,26.317546080002067,2.4171609222246397,66.46825396825396,66.46825396825396,29.100000381469727
2023-03-28,27.424697875976562,27.02539841609848,9.82951406015066,73.01587301587301,73.01587301587301,30.219999313354492
2023-03-29,27.72417640686035,27.560827553867313,15.62801193960166,77.57936507936508,77.57936507936508,30.549999237060547
2023-03-30,28.55907440185547,28.441099956811975,23.46547780311668,83.92857142857143,83.92857142857143,31.469999313354492
2023-03-31,28.395727157592773,28.631676060874053,26.523971644350418,85.71428571428571,85.71428571428571,31.290000915527344
2023-04-03,28.604454040527344,28.395729064648705,29.25541693196069,88.88888888888889,88.88888888888889,31.520000457763672
2023-04-04,28.550003051757812,28.404802916194203,32.55594122672933,92.26190476190477,92.26190476190477,31.459999084472656
2023-04-05,27.85123062133789,28.404805540217353,29.44621095503442,88.88888888888889,88.88888888888889,30.690000534057617
2023-04-06,28.10532569885254,27.560826089299226,29.439032594582255,88.69047619047619,88.69047619047619,30.969999313354492
2023-04-10,28.232379913330078,27.923829180764116,30.070741899322435,90.07936507936508,90.07936507936508,31.110000610351562
2023-04-11,28.740581512451172,28.93115605587671,32.56128810453371,92.26190476190477,92.26190476190477,31.670000076293945
2023-04-12,28.13255500793457,29.040056782384074,29.309349282087283,87.89682539682539,87.89682539682539,31.0
2023-04-13,29.37582778930664,29.067277086176347,34.33477790043127,93.05555555555556,93.05555555555556,32.369998931884766
2023-04-14,28.78594970703125,28.876700211885755,32.57457071069486,92.06349206349206,92.06349206349206,31.719999313354492
2023-04-17,29.1943302154541,29.22155762254891,34.27529724775528,92.85714285714286,92.85714285714286,32.16999816894531
2023-04-18,29.130802154541016,29.366754526825208,34.73423694667712,93.05555555555556,93.05555555555556,32.099998474121094
2023-04-19,28.087175369262695,28.087175369262695,25.2698873816881,82.34126984126983,82.34126984126983,30.950000762939453
2023-04-20,28.06902503967285,27.996424980199155,18.078837111058927,77.18253968253968,77.18253968253968,30.93000030517578
2023-04-21,27.270423889160156,27.288574337580798,5.042480086228176,66.26984126984127,66.26984126984127,30.049999237060547
2023-04-24,27.00724983215332,27.025400280924377,-5.399975473531574,55.158730158730165,55.158730158730165,29.760000228881836
2023-04-25,25.400972366333008,25.963624181740354,-23.077601551827723,32.53968253968254,32.53968253968254,27.989999771118164
2023-04-26,25.863794326782227,26.371994713106496,-26.73886061202106,27.579365079365083,27.579365079365083,28.5
2023-04-27,26.980024337768555,26.408299045068528,-16.64457293335616,44.047619047619044,44.047619047619044,29.729999542236328
2023-04-28,27.35209846496582,26.94372377165148,-7.848532733987641,53.96825396825397,53.96825396825397,30.139999389648438
2023-05-01,27.034473419189453,26.943722913259023,-6.13404370242933,55.55555555555556,55.55555555555556,29.790000915527344
2023-05-02,26.24494743347168,26.744072641874975,-13.762946034881224,48.01587301587302,48.01587301587302,28.920000076293945
2023-05-03,26.136045455932617,26.163271127135662,-18.7149857078825,40.476190476190474,40.476190476190474,28.799999237060547
2023-05-04,26.780370712280273,26.753145042888264,-13.668032939179106,48.61111111111111,48.61111111111111,29.510000228881836
2023-05-05,27.769554138183594,27.107078270331748,-1.3066255499895791,60.11904761904761,60.11904761904761,30.600000381469727
2023-05-08,27.823999404907227,28.114399645046532,5.767109401990873,67.85714285714286,67.85714285714286,30.65999984741211
2023-05-09,27.315797805786133,27.02539757817973,4.1538134701978455,66.07142857142857,66.07142857142857,30.100000381469727
2023-05-10,27.324878692626953,27.26135384603711,3.44105029998047,65.47619047619048,65.47619047619048,30.110000610351562
2023-05-11,26.934648513793945,26.57164820988607,-1.049479603616442,60.11904761904761,60.11904761904761,29.68000030517578
2023-05-12,25.990848541259766,26.3719993304675,-13.952616307543353,46.82539682539682,46.82539682539682,28.639999389648438
2023-05-15,27.424697875976562,26.7985230148815,-4.642533210423639,56.547619047619044,56.547619047619044,30.219999313354492
2023-05-16,26.85297393798828,26.789449099492547,-5.391862370263889,55.35714285714286,55.35714285714286,29.59000015258789
2023-05-17,27.215974807739258,26.816673589276547,1.259524480749551,62.89682539682539,62.89682539682539,29.989999771118164
2023-05-18,26.771299362182617,26.88020032458365,-0.9733813111165702,60.11904761904761,60.11904761904761,29.5
2023-05-19,26.780370712280273,26.88926992800466,-0.2218503101268713,61.111111111111114,61.111111111111114,29.510000228881836
2023-05-22,27.35209846496582,27.270423180118556,8.144535384956711,69.44444444444444,69.44444444444444,30.139999389648438
2023-05-23,26.12697410583496,26.698699400611503,-4.47688540730367,55.75396825396825,55.75396825396825,28.790000915527344
2023-05-24,25.53709602355957,26.01807252394989,-19.96124238268797,36.507936507936506,36.507936507936506,28.139999389648438
2023-05-25,25.39189338684082,25.745820174406727,-26.958359276515786,26.785714285714285,26.785714285714285,27.979999542236328
2023-05-26,26.66240119934082,26.027150999886597,-13.645114959643283,46.62698412698413,46.62698412698413,29.3799991607666
2023-05-30,25.782123565673828,26.417375458074485,-17.602470774528374,40.67460317460318,40.67460317460318,28.40999984741211
2023-05-31,25.083345413208008,25.146870252674994,-22.79156011410045,32.142857142857146,32.142857142857146,27.639999389648438
2023-06-01,26.326623916625977,25.047046687655047,-11.195442416445387,50.0,50.0,29.010000228881836
2023-06-02,27.687877655029297,27.597127136942802,8.531530235345624,70.03968253968253,70.03968253968253,30.510000228881836
2023-06-05,27.633426666259766,27.51545047932088,18.250266177766367,78.57142857142857,78.57142857142857,30.450000762939453
2023-06-06,28.36850357055664,27.56990109902321,27.76261606384662,84.72222222222221,84.72222222222221,31.260000228881836
2023-06-07,28.014577865600586,28.341277296200317,28.192952867318656,84.92063492063492,84.92063492063492,30.8700008392334
2023-06-08,28.54092788696289,28.096250550544774,32.55100169115458,91.07142857142857,91.07142857142857,31.450000762939453
2023-06-09,28.97652816772461,28.88577765589417,34.89622675964175,93.25396825396825,93.25396825396825,31.93000030517578
2023-06-12,29.17618179321289,29.058205599849764,37.310274820034714,95.43650793650794,95.43650793650794,32.150001525878906
2023-06-13,29.920330047607422,29.992928378330713,38.33929030766492,96.03174603174604,96.03174603174604,32.970001220703125
2023-06-14,30.682628631591797,29.965701576720647,40.19216802924178,97.22222222222221,97.22222222222221,33.810001373291016
2023-06-15,31.435855865478516,31.118231680158928,41.746070027408095,98.21428571428571,98.21428571428571,34.63999938964844
2023-06-16,31.090999603271484,31.608278638783204,40.72479987937601,97.22222222222221,97.22222222222221,34.2599983215332
2023-06-20,29.18525505065918,29.80235649454113,29.699044752442482,87.3015873015873,87.3015873015873,32.15999984741211
2023-06-21,28.908628463745117,28.743750072308426,22.184927216175584,79.36507936507937,79.36507936507937,31.559999465942383
2023-06-22,28.53306770324707,28.359029238774855,15.50760748661826,74.40476190476191,74.40476190476191,31.149999618530273
2023-06-23,27.241525650024414,27.32396483913329,2.381413701490046,63.29365079365079,63.29365079365079,29.739999771118164
2023-06-26,27.488840103149414,27.53463887097195,-2.5684520365710877,57.341269841269835,57.341269841269835,30.010000228881836
2023-06-27,28.313232421875,28.11171538135712,1.331332470230504,62.301587301587304,62.301587301587304,30.90999984741211
2023-06-28,27.87356185913086,27.699523358105207,-0.006266695214624938,60.51587301587301,60.51587301587301,30.43000030517578
2023-06-29,27.424724578857422,27.23236588616353,-4.057107546339908,55.55555555555556,55.55555555555556,29.940000534057617
2023-06-30,28.020118713378906,28.020118713378906,-2.7714661533853544,56.74603174603175,56.74603174603175,30.59000015258789
2023-07-03,28.917787551879883,28.881148881243863,-0.15199473464277974,60.71428571428571,60.71428571428571,31.56999969482422
2023-07-05,28.24911117553711,28.597186353422792,-4.563714550608036,55.158730158730165,55.158730158730165,30.84000015258789
2023-07-06,26.67361068725586,27.15908392545161,-17.79991219971822,39.682539682539684,39.682539682539684,29.1200008392334
2023-07-07,27.589601516723633,26.893449362565782,-16.81421583666619,41.66666666666667,41.66666666666667,30.1200008392334
2023-07-10,27.488840103149414,26.985044921546496,-17.3325825284139,41.07142857142857,41.07142857142857,30.010000228881836
2023-07-11,28.41399574279785,28.084238951728114,-9.531095161462124,50.99206349206349,50.99206349206349,31.020000457763672
2023-07-12,30.2368106842041,29.623099420246003,7.88271310782315,69.04761904761905,69.04761904761905,33.0099983215332
2023-07-13,31.445913314819336,30.804720127005712,23.64952168305287,80.35714285714286,80.35714285714286,34.33000183105469
2023-07-14,30.868844985961914,31.088680495930532,28.24240491997071,83.92857142857143,83.92857142857143,33.70000076293945
2023-07-17,31.015403747558594,30.520768599382855,31.26097403019682,88.88888888888889,88.88888888888889,33.86000061035156
2023-07-18,30.37421226501465,30.493291880689583,28.280486191464515,83.73015873015873,83.73015873015873,33.15999984741211
2023-07-19,30.15436553955078,30.47496388535094,24.91431200201808,79.96031746031747,79.96031746031747,32.91999816894531
2023-07-20,29.5040225982666,29.83377939569298,18.025718969089823,75.39682539682539,75.39682539682539,32.209999084472656
2023-07-21,29.293338775634766,29.70553467891081,12.656240830717607,71.03174603174604,71.03174603174604,31.979999542236328
2023-07-24,30.4932861328125,29.540656375425787,18.897554539737712,76.5873015873016,76.5873015873016,33.290000915527344
2023-07-25,31.198596954345703,31.510033457496398,26.872675043701676,81.94444444444444,81.94444444444444,34.060001373291016
2023-07-26,31.748199462890625,30.932969276254624,32.711078181307634,90.47619047619048,90.47619047619048,34.65999984741211
2023-07-27,30.62152862548828,31.90391529641484,27.39083743540774,81.94444444444444,81.94444444444444,33.43000030517578
2023-07-28,32.79242706298828,32.380231043115046,33.95358019928467,91.26984126984127,91.26984126984127,35.79999923706055
2023-07-31,32.79242706298828,32.48099045844218,37.110127537567514,94.44444444444444,94.44444444444444,35.79999923706055
2023-08-01,31.4825496673584,31.903907379616314,30.896589682371495,87.89682539682539,87.89682539682539,34.369998931884766
2023-08-02,29.22922134399414,30.062771550518715,12.794663983689192,69.64285714285714,69.64285714285714,31.90999984741211
2023-08-03,29.540660858154297,29.284183173681576,4.920792410101845,63.69047619047619,63.69047619047619,32.25
2023-08-04,29.439899444580078,29.82461681856186,-1.251466887510183,55.158730158730165,55.158730158730165,32.13999938964844
2023-08-07,29.320816040039062,29.67805480321493,-5.5952012093544825,50.198412698412696,50.198412698412696,32.0099983215332
2023-08-08,28.24911117553711,28.038434048208643,-17.359256033848546,37.10317460317461,37.10317460317461,30.84000015258789
2023-08-09,28.423152923583984,28.73458947263977,-21.89168402534095,30.357142857142854,30.357142857142854,31.030000686645508
2023-08-10,28.633831024169922,29.046025237148605,-22.66019336751979,28.57142857142857,28.57142857142857,31.260000228881836
2023-08-11,27.305646896362305,27.562124588990788,-29.899262378915424,19.642857142857142,19.642857142857142,29.809999465942383
2023-08-14,26.902610778808594,26.536213602977575,-32.978129547860554,16.071428571428573,16.071428571428573,29.3700008392334
2023-08-15,26.00493812561035,26.527051796416742,-37.47127064355599,8.73015873015873,8.73015873015873,28.389999389648438
2023-08-16,25.208030700683594,25.59274634899022,-40.80644073417143,3.571428571428571,3.571428571428571,27.520000457763672
2023-08-17,25.409547805786133,26.142340433445526,-41.69874083874534,2.7777777777777777,2.7777777777777777,27.739999771118164
2023-08-18,24.924068450927734,24.64011225214535,-42.00079539187773,2.7777777777777777,2.7777777777777777,27.209999084472656
2023-08-21,24.87827491760254,24.695076317010056,-42.2749926564075,2.7777777777777777,2.7777777777777777,27.15999984741211
2023-08-22,24.905752182006836,25.372906983912323,-42.21439788629208,2.976190476190476,2.976190476190476,27.190000534057617
2023-08-23,26.014097213745117,25.44618479462153,-36.159456700785455,11.706349206349206,11.706349206349206,28.399999618530273
2023-08-24,25.73930549621582,26.270579340393297,-34.01888067533585,14.880952380952381,14.880952380952381,28.100000381469727
2023-08-25,25.766780853271484,25.65686310450689,-32.725257844826736,17.46031746031746,17.46031746031746,28.1299991607666
2023-08-28,26.582012176513672,26.298054211332,-26.42452540275232,25.396825396825395,25.396825396825395,29.020000457763672
2023-08-29,27.488840103149414,26.737729129349393,-15.910660620680906,39.285714285714285,39.285714285714285,30.010000228881836
2023-08-30,27.16824722290039,27.085808031795004,-9.491165670622012,47.42063492063492,47.42063492063492,29.65999984741211
2023-08-31,26.18813705444336,26.57285267186762,-13.83058715676527,42.26190476190476,42.26190476190476,28.59000015258789
2023-09-01,27.067487716674805,27.214045889815655,-8.740358220815404,48.01587301587302,48.01587301587302,29.549999237060547
2023-09-05,26.40797233581543,26.618649462582706,-10.627796938624224,46.03174603174603,46.03174603174603,28.829999923706055
2023-09-06,25.968299865722656,26.22477577983129,-15.369668769299743,40.07936507936508,40.07936507936508,28.350000381469727
2023-09-07,25.088947296142578,25.134747811103626,-24.114628289165662,27.77777777777778,27.77777777777778,27.389999389648438
2023-09-08,25.198869705200195,25.272148790519083,-27.708583998397273,22.61904761904762,22.61904761904762,27.510000228881836
2023-09-11,26.105697631835938,26.041578654032364,-16.92148567083142,38.69047619047619,38.69047619047619,28.5
2023-09-12,25.84006118774414,25.64770424452359,-13.816428515407262,43.25396825396825,43.25396825396825,28.209999084472656
2023-09-13,25.748464584350586,25.90418286427761,-13.001166964395955,45.03968253968254,45.03968253968254,28.110000610351562
2023-09-14,26.316377639770508,26.215619983862634,-5.396016246079793,52.182539682539684,52.182539682539684,28.729999542236328
2023-09-15,25.931657791137695,26.316373384785404,-6.381740949629681,50.595238095238095,50.595238095238095,28.309999465942383
2023-09-18,25.812580108642578,25.720980824411626,-8.30370202838009,49.60317460317461,49.60317460317461,28.18000030517578
2023-09-19,25.458017349243164,25.485790367465366,-14.687231236492886,41.46825396825397,41.46825396825397,27.5
2023-09-20,25.013662338256836,25.61539700526127,-23.995704883752413,28.373015873015873,28.373015873015873,27.020000457763672
2023-09-21,23.73613166809082,23.884250916743436,-33.21404851763414,16.865079365079367,16.865079365079367,25.639999389648438
2023-09-22,24.50450325012207,24.828514799338162,-31.16628986820337,18.849206349206348,18.849206349206348,26.469999313354492
2023-09-25,24.180490493774414,23.884250239152724,-32.98171347118248,17.063492063492063,17.063492063492063,26.1200008392334
2023-09-26,23.143653869628906,23.504694304964506,-38.01008822163556,7.936507936507936,7.936507936507936,25.0
2023-09-27,23.27326011657715,23.513954353014885,-38.92712661391681,7.5396825396825395,7.5396825396825395,25.139999389648438
2023-09-28,23.458410263061523,22.96776411183153,-37.291531183112845,10.317460317460316,10.317460317460316,25.34000015258789
2023-09-29,23.449153900146484,24.21752326480164,-36.53461753482799,11.507936507936508,11.507936507936508,25.329999923706055
2023-10-02,23.15291404724121,23.37509293653364,-38.25544322623353,7.936507936507936,7.936507936507936,25.010000228881836
2023-10-03,22.153106689453125,22.46786053645081,-41.88538582595639,3.373015873015873,3.373015873015873,23.93000030517578
2023-10-04,21.977216720581055,22.03276100359908,-43.15407305631266,1.3888888888888888,1.3888888888888888,23.739999771118164
2023-10-05,22.236421585083008,22.04201398731319,-41.82387177038303,3.7698412698412698,3.7698412698412698,24.020000457763672
2023-10-06,23.199199676513672,22.208651507996294,-32.947520706978565,18.253968253968253,18.253968253968253,25.059999465942383
2023-10-09,22.828901290893555,22.21790893640021,-30.978738775268198,20.634920634920633,20.634920634920633,24.65999984741211
2023-10-10,23.828706741333008,23.301031695047428,-20.011593514981527,34.523809523809526,34.523809523809526,25.739999771118164
2023-10-11,24.30083656311035,24.384153858298667,-8.588989199412303,49.801587301587304,49.801587301587304,26.25
2023-10-12,23.43989372253418,24.439699557334002,-11.562441569791263,46.230158730158735,46.230158730158735,25.31999969482422
2023-10-13,23.115880966186523,23.430634801662343,-16.3219828730481,39.88095238095239,39.88095238095239,24.969999313354492
2023-10-16,23.597270965576172,23.125140180896192,-12.087296911375066,46.03174603174603,46.03174603174603,25.489999771118164
2023-10-17,23.4769229888916,23.032563493810887,-11.239437623777771,47.023809523809526,47.023809523809526,25.360000610351562
2023-10-18,22.366029739379883,22.764100917949616,-21.817002864357455,32.34126984126984,32.34126984126984,24.15999984741211
2023-10-19,21.930931091308594,22.13459464861313,-30.541047033162492,21.03174603174603,21.03174603174603,23.690000534057617
2023-10-20,21.088499069213867,21.33844920123711,-37.5834833011273,9.920634920634921,9.920634920634921,22.780000686645508
2023-10-23,21.10701560974121,20.699688496014144,-37.382396505589064,10.912698412698413,10.912698412698413,22.799999237060547
2023-10-24,21.856870651245117,21.292164844681558,-30.362300437623375,22.023809523809522,22.023809523809522,23.610000610351562
2023-10-25,21.032955169677734,21.199589785157904,-32.92511953515422,18.650793650793652,18.650793650793652,22.719999313354492
2023-10-26,20.690427780151367,20.57007978617948,-36.80471730751129,11.706349206349206,11.706349206349206,22.350000381469727
2023-10-27,20.644140243530273,21.27364796308043,-39.05202177411657,8.134920634920634,8.134920634920634,22.299999237060547
2023-10-30,21.2551326751709,21.60691723273032,-34.76274002188929,15.476190476190476,15.476190476190476,22.959999084472656
2023-10-31,20.86631965637207,20.690427388515218,-35.40179145579786,14.682539682539684,14.682539682539684,22.540000915527344
2023-11-01,21.477313995361328,20.894092861207817,-30.015855197713936,23.61111111111111,23.61111111111111,23.200000762939453
2023-11-02,22.569692611694336,22.38454442265586,-14.176172143595394,44.44444444444444,44.44444444444444,24.3799991607666
2023-11-03,23.902769088745117,23.421380590880094,6.990823154253249,68.65079365079364,68.65079365079364,25.81999969482422
2023-11-06,24.569307327270508,24.800743899234757,21.472556186061457,78.57142857142857,78.57142857142857,26.540000915527344
2023-11-07,24.34712791442871,24.032374019138945,26.554006324198426,81.34920634920636,81.34920634920636,26.299999237060547
2023-11-08,23.874996185302734,23.9397981390667,24.690671955233668,79.56349206349206,79.56349206349206,25.790000915527344
2023-11-09,23.208457946777344,23.874996369423066,18.011361153336267,75.79365079365078,75.79365079365078,25.06999969482422
2023-11-10,23.643556594848633,23.25474315640982,17.87347766938452,75.59523809523809,75.59523809523809,25.540000915527344
2023-11-13,23.63430404663086,23.365836767859506,17.749648990913023,75.39682539682539,75.39682539682539,25.530000686645508
2023-11-14,25.495054244995117,24.745198461986348,28.77727597410062,84.12698412698413,84.12698412698413,27.540000915527344
2023-11-15,26.18936538696289,26.17085003597922,33.929844699390884,90.87301587301587,90.87301587301587,28.290000915527344
2023-11-16,25.420988082885742,25.309899535212537,32.363569872705824,88.69047619047619,88.69047619047619,27.459999084472656
2023-11-17,25.393218994140625,25.430247924615657,31.42508948159428,87.89682539682539,87.89682539682539,27.43000030517578
2023-11-20,26.420795440673828,25.837574389022677,35.90844963047112,93.05555555555556,93.05555555555556,28.540000915527344
2023-11-21,25.819061279296875,26.235647780850417,34.89034819665117,91.66666666666666,91.66666666666666,27.889999389648438
2023-11-22,25.6894588470459,25.745003128529557,33.283901681235065,89.68253968253968,89.68253968253968,27.75
2023-11-24,25.67093849182129,25.365442354655443,32.21029036478838,87.89682539682539,87.89682539682539,27.729999542236328
2023-11-27,25.393218994140625,25.420990250566703,29.61488168614446,84.92063492063492,84.92063492063492,27.43000030517578
2023-11-28,26.069015502929688,25.726490362885777,32.66108561936953,89.0873015873016,89.0873015873016,28.15999984741211
2023-11-29,25.58762550354004,25.67094280638133,30.368227931918025,85.9126984126984,85.9126984126984,27.639999389648438
2023-11-30,25.717233657836914,25.782035618357998,29.70407268028173,84.92063492063492,84.92063492063492,27.780000686645508
2023-12-01,26.02272605895996,25.134008795208082,31.102227952722032,86.5079365079365,86.5079365079365,28.110000610351562
2023-12-04,25.115497589111328,25.467282189381777,21.145534887852765,75.1984126984127,75.1984126984127,27.1299991607666
2023-12-05,24.64336585998535,24.430442881331818,10.004985180311541,67.65873015873017,67.65873015873017,26.6200008392334
2023-12-06,24.587818145751953,25.08772193251789,3.346458652564387,62.5,62.5,26.559999465942383
2023-12-07,24.89331817626953,24.86554691651174,3.959597782933127,63.095238095238095,63.095238095238095,26.889999389648438
2023-12-08,24.606334686279297,24.458215430956628,0.44095136318068734,59.32539682539682,59.32539682539682,26.579999923706055
2023-12-11,24.97662925720215,24.587815826083723,3.616523017916461,62.5,62.5,26.979999542236328
2023-12-12,24.97662925720215,24.73593506025069,4.583395616540924,63.49206349206349,63.49206349206349,26.979999542236328
2023-12-13,25.763521194458008,24.523020927608645,12.019025069097529,68.45238095238095,68.45238095238095,27.829999923706055
2023-12-14,26.874414443969727,26.291193313959177,26.174907257313922,78.17460317460318,78.17460317460318,29.030000686645508
2023-12-15,26.411540985107422,26.79109680400656,27.97755535052741,79.96031746031747,79.96031746031747,28.530000686645508
2023-12-18,26.318965911865234,26.40228321480568,27.513369202178005,79.36507936507937,79.36507936507937,28.43000030517578
2023-12-19,26.948471069335938,26.661488490688495,33.147453945090675,89.48412698412699,89.48412698412699,29.110000610351562
2023-12-20,25.448759078979492,26.3467321251004,17.663585053131825,71.62698412698413,71.62698412698413,27.489999771118164
2023-12-21,26.986038208007812,26.623123089726693,26.804723171733585,78.57142857142857,78.57142857142857,29.0
2023-12-22,26.539371490478516,26.23228907720736,26.197586207064194,77.38095238095238,77.38095238095238,28.520000457763672
2023-12-26,27.116315841674805,27.16284456002221,30.269279780348324,85.31746031746032,85.31746031746032,29.139999389648438
2023-12-27,27.665342330932617,27.497842494436295,35.05457499094582,92.06349206349206,92.06349206349206,29.729999542236328
2023-12-28,28.242284774780273,28.270200229711055,36.22477934946436,93.05555555555556,93.05555555555556,30.350000381469727
2023-12-29,28.316730499267578,28.046869254207653,37.27889862250358,94.44444444444444,94.44444444444444,30.43000030517578
2024-01-02,27.116315841674805,27.34895410874446,27.38199098106836,77.97619047619048,77.97619047619048,29.139999389648438
2024-01-03,26.753398895263672,26.362566562146,19.10254009286622,72.22222222222221,72.22222222222221,28.75
2024-01-04,26.45562171936035,26.43701023363647,11.706392264832234,65.67460317460318,65.67460317460318,28.43000030517578
2024-01-05,26.539371490478516,26.548677233291453,8.715286671759252,63.69047619047619,63.69047619047619,28.520000457763672
2024-01-08,26.706871032714844,25.9903448175943,8.74544682683933,63.888888888888886,63.888888888888886,28.700000762939453
2024-01-09,25.5529842376709,25.571595723432758,-3.734404341677938,51.19047619047619,51.19047619047619,27.459999084472656
2024-01-10,25.36687469482422,25.497151545328467,-12.175937478309883,42.857142857142854,42.857142857142854,27.260000228881836
2024-01-11,25.655345916748047,25.72979008572559,-13.083983298645382,42.26190476190476,42.26190476190476,27.56999969482422
2024-01-12,25.878679275512695,26.120623276375873,-10.664086542360481,44.642857142857146,44.642857142857146,27.809999465942383
2024-01-16,23.989660263061523,24.51076951743066,-25.437719563734223,25.992063492063494,25.992063492063494,25.780000686645508
2024-01-17,22.938133239746094,22.59382959149141,-33.533149945838524,15.476190476190476,15.476190476190476,24.649999618530273
2024-01-18,23.5336856842041,23.47785122755984,-33.3460560978264,16.071428571428573,16.071428571428573,25.290000915527344
2024-01-19,24.194377899169922,23.673268718310563,-28.72638933888812,22.42063492063492,22.42063492063492,26.0
2024-01-22,23.54298973083496,23.319657228177775,-30.188233072894217,20.634920634920633,20.634920634920633,25.299999237060547
2024-01-23,24.1385440826416,23.896600102026756,-26.46353356461039,25.793650793650798,25.793650793650798,25.940000534057617
2024-01-24,24.985347747802734,25.478539688901638,-16.630122802066623,38.492063492063494,38.492063492063494,26.850000381469727
2024-01-25,25.022571563720703,25.236600119415453,-10.970400729790573,46.03174603174603,46.03174603174603,26.889999389648438
2024-01-26,25.08770751953125,24.901597988237043,-7.18560869122087,49.60317460317461,49.60317460317461,26.959999084472656
2024-01-29,25.17146110534668,25.32034946207822,-4.2498718605038635,52.77777777777778,52.77777777777778,27.049999237060547
2024-01-30,24.510766983032227,24.315349923544034,-9.241437223098087,47.817460317460316,47.817460317460316,26.34000015258789
2024-01-31,24.036184310913086,24.185072651349582,-15.16290370344916,39.682539682539684,39.682539682539684,25.829999923706055
2024-02-01,24.7061824798584,24.45493450819971,-8.945325686101544,47.817460317460316,47.817460317460316,26.549999237060547
2024-02-02,24.47354507446289,24.380491187209103,-8.35471197555879,48.41269841269841,48.41269841269841,26.299999237060547
2024-02-05,24.613128662109375,24.287434742547294,-6.177941304927262,49.801587301587304,49.801587301587304,26.450000762939453
2024-02-06,26.28812026977539,25.71117667228409,13.283622184287644,68.45238095238095,68.45238095238095,28.25
2024-02-07,26.33464813232422,26.148538604732625,25.376902825765164,76.19047619047619,76.19047619047619,28.299999237060547
2024-02-08,25.86006736755371,26.064788377871633,26.585344736274134,77.77777777777779,77.77777777777779,27.790000915527344
2024-02-09,26.20437240600586,26.027566838578153,30.27692984530438,85.11904761904762,85.11904761904762,28.15999984741211
2024-02-12,26.874370574951172,26.371872864507488,33.83385767050288,89.68253968253968,89.68253968253968,28.8799991607666
2024-02-13,25.27381706237793,25.804231940637628,21.299416283820808,73.21428571428571,73.21428571428571,27.15999984741211
2024-02-14,26.464927673339844,26.167150998938162,24.42113059514663,74.60317460317461,74.60317460317461,28.440000534057617
2024-02-15,26.734786987304688,26.40909308569803,27.7473314315421,78.76984126984127,78.76984126984127,28.729999542236328
2024-02-16,27.088396072387695,27.07909033019993,31.838616505224156,86.5079365079365,86.5079365079365,29.110000610351562
2024-02-20,27.255901336669922,27.376872459542984,34.11619354383229,90.07936507936508,90.07936507936508,29.290000915527344
2024-02-21,27.38617515563965,27.35825792659637,36.098731280266925,92.65873015873017,92.65873015873017,29.43000030517578
2024-02-22,28.214366912841797,28.028257376213038,39.632289247234745,96.42857142857143,96.42857142857143,30.31999969482422
2024-02-23,28.14923095703125,28.16784244479442,40.92792233213022,97.42063492063492,97.42063492063492,30.25
2024-02-26,27.674646377563477,27.63742518000738,37.71843647206599,94.24603174603175,94.24603174603175,29.739999771118164
2024-02-27,27.842147827148438,27.91659200149018,37.483191319154656,94.04761904761905,94.04761904761905,29.920000076293945
2024-02-28,26.725482940673828,27.125621035911045,26.33886879079425,74.8015873015873,74.8015873015873,28.719999313354492
2024-02-29,26.734786987304688,27.144230800035604,20.266017738521043,70.43650793650794,70.43650793650794,28.729999542236328
2024-03-01,27.8049259185791,27.358260855403426,26.499727236282027,75.0,75.0,29.8799991607666
2024-03-04,27.572282791137695,27.916588159387917,26.98231637915643,76.38888888888889,76.38888888888889,29.6299991607666
2024-03-05,26.827844619750977,27.013955941505067,19.39904911434,69.64285714285714,69.64285714285714,28.829999923706055
2024-03-06,27.953813552856445,27.991034750687664,25.571227944187548,73.4126984126984,73.4126984126984,30.040000915527344
2024-03-07,28.5307559967041,28.03756224771441,33.285539183388245,87.89682539682539,87.89682539682539,30.65999984741211
2024-03-08,28.316730499267578,28.782007039117815,31.928812860987104,85.11904761904762,85.11904761904762,30.43000030517578
2024-03-11,28.567977905273438,28.474922249985156,33.81714068656187,88.29365079365078,88.29365079365078,30.700000762939453
2024-03-12,29.498531341552734,29.17283743070556,38.79644325279619,95.63492063492063,95.63492063492063,31.700000762939453
2024-03-13,29.191450119018555,29.17283863194344,39.05339895950915,96.03174603174604,96.03174603174604,31.3700008392334
2024-03-14,28.688947677612305,29.26589129359868,32.956144779995945,86.70634920634922,86.70634920634922,30.829999923706055
2024-03-15,28.11200714111328,28.298118463402986,21.525376576238706,69.64285714285714,69.64285714285714,30.209999084472656
2024-03-18,28.326034545898438,28.688949657273056,16.82483687182283,65.27777777777779,65.27777777777779,30.440000534057617
2024-03-19,27.879955291748047,27.700388973275686,8.640377691136253,60.912698412698404,60.912698412698404,29.5
2024-03-20,28.76833152770996,27.993363634824068,15.680466202494422,64.68253968253968,64.68253968253968,30.440000534057617
2024-03-21,28.90064239501953,29.354281870315646,21.11424459024105,68.65079365079364,68.65079365079364,30.579999923706055
2024-03-22,28.25798225402832,28.371393010843995,14.876292211098901,63.888888888888886,63.888888888888886,29.899999618530273
2024-03-25,28.28633689880371,28.09731956158889,11.9458274908729,61.904761904761905,61.904761904761905,29.93000030517578
2024-03-26,28.25798225402832,28.579310628636097,9.809726315550943,60.71428571428571,60.71428571428571,29.899999618530273
2024-03-27,28.399749755859375,28.267438683215982,10.596607909941776,61.111111111111114,61.111111111111114,30.049999237060547
2024-03-28,28.65492057800293,28.598216094209842,14.122501527350964,63.29365079365079,63.29365079365079,30.31999969482422
2024-04-01,28.825035095214844,28.91954376752303,18.842432912870528,67.06349206349206,67.06349206349206,30.5
2024-04-02,29.02350425720215,29.02350425720215,24.0419954376531,70.83333333333334,70.83333333333334,30.709999084472656
2024-04-03,29.1463680267334,28.626572952204384,28.688219151047516,77.97619047619048,77.97619047619048,30.84000015258789
2024-04-04,28.76833152770996,29.883529930683537,18.604476631676153,66.46825396825396,66.46825396825396,30.440000534057617
2024-04-05,28.938447952270508,28.711626401309935,15.750051019628348,64.0873015873016,64.0873015873016,30.6200008392334
2024-04-08,29.533851623535156,29.496047428207472,23.78408404702615,70.43650793650794,70.43650793650794,31.25
2024-04-09,30.110349655151367,29.968585740948786,32.78536214653821,86.5079365079365,86.5079365079365,31.860000610351562
2024-04-10,28.787233352661133,29.14636597744411,18.326187017659812,66.26984126984127,66.26984126984127,30.459999084472656
2024-04-11,29.344831466674805,29.36373356254445,17.854342954227572,65.27777777777779,65.27777777777779,31.049999237060547
2024-04-12,27.294002532958984,28.135127822449125,-8.756044837059997,44.047619047619044,44.047619047619044,28.8799991607666
2024-04-15,26.78365707397461,27.738191288136804,-23.72606325598532,25.793650793650798,25.793650793650798,28.34000015258789
2024-04-16,25.67791175842285,25.73461624821655,-32.764531826039445,15.873015873015872,15.873015873015872,27.170000076293945
2024-04-17,25.63065528869629,26.15045028935689,-37.39723225734928,8.531746031746032,8.531746031746032,27.1200008392334
2024-04-18,25.951982498168945,26.055942221759974,-37.612414167789595,7.5396825396825395,7.5396825396825395,27.459999084472656
2024-04-19,25.58340072631836,25.630655965646607,-39.39272334740744,5.357142857142857,5.357142857142857,27.06999969482422
2024-04-22,26.443424224853516,25.781867148436902,-34.003312657910676,13.492063492063492,13.492063492063492,27.979999542236328
2024-04-23,27.095537185668945,26.519035819185586,-24.929863143121516,25.198412698412696,25.198412698412696,28.670000076293945
2024-04-24,27.322357177734375,27.48302140565761,-17.515575239645305,33.33333333333333,33.33333333333333,28.90999984741211
2024-04-25,27.454668045043945,26.60409346961015,-11.933169570597636,40.87301587301587,40.87301587301587,29.049999237060547
2024-04-26,28.361948013305664,28.16347959719929,-0.3997434569462747,52.38095238095239,52.38095238095239,30.010000228881836
2024-04-29,29.221973419189453,28.84394048932089,13.956715828679252,62.301587301587304,62.301587301587304,30.920000076293945
2024-04-30,27.983909606933594,28.38084455889729,8.77031504675595,59.523809523809526,59.523809523809526,29.610000610351562
2024-05-01,28.097322463989258,28.08787141589195,7.264066129544395,57.341269841269835,57.341269841269835,29.729999542236328
2024-05-02,30.19540786743164,29.231422605720258,23.530160327823946,70.23809523809523,70.23809523809523,31.950000762939453
2024-05-03,31.04598045349121,30.743554129835143,33.537868797266334,87.5,87.5,32.849998474121094
2024-05-06,31.149940490722656,31.055433615584345,38.72554119855822,95.23809523809523,95.23809523809523,32.959999084472656
2024-05-07,30.535640716552734,30.63014759826675,37.60634881399213,93.45238095238095,93.45238095238095,32.310001373291016
2024-05-08,30.488380432128906,29.92133199166168,36.68683776054296,92.06349206349206,92.06349206349206,32.2599983215332
2024-05-09,30.856966018676758,30.526184755957154,38.105743935744044,94.04761904761905,94.04761904761905,32.650001525878906
2024-05-10,31.01763153076172,31.395666267410757,38.58306298893662,94.64285714285714,94.64285714285714,32.81999969482422
2024-05-13,31.698091506958008,31.48072280280301,40.364461263845726,96.62698412698413,96.62698412698413,33.540000915527344
2024-05-14,32.13282775878906,31.71699246213778,42.13182599520602,98.21428571428571,98.21428571428571,34.0
2024-05-15,33.200775146484375,32.85109175282228,43.406680562702334,99.60317460317461,99.60317460317461,35.130001068115234
2024-05-16,33.399234771728516,33.33307924735701,43.52704498785662,99.60317460317461,99.60317460317461,35.34000015258789
2024-05-17,33.79617691040039,33.455949953907954,43.72673409880529,99.8015873015873,99.8015873015873,35.7599983215332
2024-05-20,33.49375534057617,33.27638658508467,42.85093024248988,98.4126984126984,98.4126984126984,35.439998626708984
2024-05-21,32.8227424621582,32.83219531404105,39.66338171219807,95.03968253968253,95.03968253968253,34.72999954223633
2024-05-22,32.45415496826172,32.90779443999185,35.45337271812205,88.4920634920635,88.4920634920635,34.34000015258789
2024-05-23,31.773700714111328,32.86054799147379,26.816222022786995,71.82539682539682,71.82539682539682,33.619998931884766
2024-05-24,31.906002044677734,31.943806231764746,21.316592633192926,65.67460317460318,65.67460317460318,33.7599983215332
2024-05-28,31.80204963684082,32.21788492754592,17.285533358991646,61.30952380952381,61.30952380952381,33.650001525878906
2024-05-29,30.39387321472168,30.384423969744006,2.5532032949159653,50.198412698412696,50.198412698412696,32.15999984741211
2024-05-30,30.157604217529297,29.78902235308753,-7.301793547029771,41.66666666666667,41.66666666666667,31.90999984741211
2024-05-31,29.307029724121094,29.27867657969109,-19.643015987464604,27.579365079365083,27.579365079365083,31.010000228881836
2024-06-03,30.12925148010254,30.412777520321086,-19.714494222796034,27.380952380952383,27.380952380952383,31.8799991607666
2024-06-04,28.891193389892578,28.60766914843817,-27.82650318633573,17.857142857142858,17.857142857142858,30.56999969482422
2024-06-05,30.20486068725586,29.741770097537977,-22.234228215472896,24.6031746031746,24.6031746031746,31.959999084472656
2024-06-06,30.724655151367188,30.67740170947761,-15.132555400333223,33.33333333333333,33.33333333333333,32.5099983215332
2024-06-07,29.61890983581543,30.327722288550127,-19.982657788900436,26.984126984126984,26.984126984126984,31.34000015258789
2024-06-10,30.14815330505371,29.79847353531828,-17.949322054150485,29.166666666666668,29.166666666666668,31.899999618530273
2024-06-11,29.770122528076172,29.703966988652525,-19.908490050278946,27.579365079365083,27.579365079365083,31.5
2024-06-12,30.592342376708984,30.856968125998023,-14.30804537782771,34.72222222222222,34.72222222222222,32.369998931884766
2024-06-13,30.39387321472168,30.64904609159115,-12.618703146921623,37.89682539682539,37.89682539682539,32.15999984741211
2024-06-14,30.497833251953125,30.15760274593025,-11.006917287074542,39.682539682539684,39.682539682539684,32.27000045776367
2024-06-17,31.064884185791016,30.715204406619584,-5.010248696194115,45.83333333333333,45.83333333333333,32.869998931884766
2024-06-18,31.877647399902344,31.225541463728128,5.987303961813829,55.35714285714286,55.35714285714286,33.72999954223633
2024-06-20,31.754789352416992,32.558112115996536,12.17240870794754,59.523809523809526,59.523809523809526,33.599998474121094
2024-06-21,31.34840965270996,31.471271484592172,11.506047477725541,58.730158730158735,58.730158730158735,33.16999816894531
2024-06-24,31.329511642456055,31.66028934276049,10.805804270241861,58.333333333333336,58.333333333333336,33.150001525878906
2024-06-25,31.15214729309082,31.257037265789354,10.538756962433405,57.936507936507944,57.936507936507944,32.66999816894531
2024-06-26,30.913761138916016,30.894693542301308,7.465388319767197,55.158730158730165,55.158730158730165,32.41999816894531
2024-06-27,30.990047454833984,31.352393643565637,6.633714773796118,54.36507936507936,54.36507936507936,32.5
2024-06-28,31.142616271972656,31.466820017653195,8.198321363564421,55.952380952380956,55.952380952380956,32.65999984741211
2024-07-01,31.266571044921875,31.64798478402746,10.351747820995906,57.738095238095234,57.738095238095234,32.790000915527344
2024-07-02,31.581241607666016,31.028190337216945,14.768882145534295,60.912698412698404,60.912698412698404,33.119998931884766
2024-07-03,32.95433807373047,32.16289826309637,28.577012045572925,75.79365079365078,75.79365079365078,34.560001373291016
2024-07-05,33.33575439453125,33.23086442239287,35.49678391693207,88.69047619047619,88.69047619047619,34.959999084472656
2024-07-08,33.402503967285156,33.65996019554372,38.101535752225004,92.26190476190477,92.26190476190477,35.029998779296875
2024-07-09,33.812522888183594,33.46924795328371,40.60888951336896,95.63492063492063,95.63492063492063,35.459999084472656
2024-07-10,34.270225524902344,34.07952043913591,42.01631855996172,97.22222222222221,97.22222222222221,35.939998626708984
2024-07-11,34.93769836425781,35.328649544304035,41.14751837259235,96.23015873015873,96.23015873015873,36.63999938964844
2024-07-12,35.27143859863281,35.28097239609282,41.561840572883234,96.82539682539682,96.82539682539682,36.9900016784668
2024-07-15,34.193939208984375,34.76606165740557,35.88619340343278,87.6984126984127,87.6984126984127,35.86000061035156
2024-07-16,34.7279167175293,34.12718928071062,35.89155258277863,87.6984126984127,87.6984126984127,36.41999816894531
2024-07-17,32.95433807373047,33.33575182602231,18.928099582849402,63.69047619047619,63.69047619047619,34.560001373291016
2024-07-18,32.038936614990234,33.25947006256129,0.4175642704807907,46.82539682539682,46.82539682539682,33.599998474121094
2024-07-19,31.123538970947266,31.82916003433589,-16.887233905470037,28.57142857142857,28.57142857142857,32.63999938964844
2024-07-22,31.87683868408203,31.71473501195884,-19.216663304925348,25.793650793650798,25.793650793650798,33.43000030517578
2024-07-23,31.028186798095703,31.161681791685524,-26.86642777185309,18.055555555555554,18.055555555555554,32.540000915527344
2024-07-24,29.721839904785156,30.656310425148554,-34.23186554586772,10.317460317460316,10.317460317460316,31.170000076293945
2024-07-25,29.321352005004883,29.349958856826827,-37.47232827473013,6.547619047619048,6.547619047619048,30.75
2024-07-26,30.170001983642578,30.255820720509973,-34.242256260822884,10.515873015873016,10.515873015873016,31.639999389648438
2024-07-29,29.81719398498535,30.122326470947336,-34.29885280506523,10.515873015873016,10.515873015873016,31.270000457763672
2024-07-30,29.445310592651367,29.941151765037983,-36.30716934215922,8.928571428571429,8.928571428571429,30.8799991607666
2024-07-31,31.34285545349121,31.390531720935606,-24.79042565630995,21.23015873015873,21.23015873015873,32.869998931884766
2024-08-01,29.740909576416016,30.923298817715725,-28.513108486180943,17.46031746031746,17.46031746031746,31.190000534057617
2024-08-02,28.396419525146484,28.34874143781799,-33.65425531563307,12.103174603174603,12.103174603174603,29.780000686645508
2024-08-05,26.02210235595703,23.867102161472317,-35.64183806536784,9.722222222222223,9.722222222222223,27.290000915527344
2024-08-06,26.441659927368164,25.850466231628694,-35.23300732558418,10.515873015873016,10.515873015873016,27.729999542236328
2024-08-07,26.89936065673828,28.29152990568424,-33.18326256807928,13.690476190476192,13.690476190476192,28.209999084472656
2024-08-08,28.75876235961914,28.043607456474632,-24.55540501014858,22.42063492063492,22.42063492063492,30.15999984741211
2024-08-09,29.168785095214844,28.844581390288173,-17.686463346922135,29.563492063492063,29.563492063492063,30.59000015258789
2024-08-12,29.416706085205078,29.29274488053016,-11.967759662914373,37.698412698412696,37.698412698412696,30.850000381469727
2024-08-13,30.408390045166016,29.645558771977946,-3.8758956772654165,45.43650793650794,45.43650793650794,31.889999389648438
2024-08-14,29.922080993652344,30.179537200841434,-0.20699728917663923,48.214285714285715,48.214285714285715,31.3799991607666
2024-08-15,30.875621795654297,30.370245013303983,7.527489224357989,54.761904761904766,54.761904761904766,32.380001068115234
2024-08-16,31.953121185302734,31.41914115696828,20.382223991410513,65.87301587301587,65.87301587301587,33.5099983215332
2024-08-19,32.91619873046875,32.46803380059988,29.123964873526738,76.19047619047619,76.19047619047619,34.52000045776367
2024-08-20,32.01033020019531,32.4871000913361,27.81402056210039,73.80952380952381,73.80952380952381,33.56999969482422
2024-08-21,32.42036056518555,31.943590556873996,29.39360251502871,77.38095238095238,77.38095238095238,34.0
2024-08-22,31.295183181762695,32.21058072844927,23.77187971368046,68.25396825396825,68.25396825396825,32.81999969482422
2024-08-23,32.754093170166016,32.210575733759015,28.15276221691756,74.0079365079365,74.0079365079365,34.349998474121094
2024-08-26,31.857769012451172,32.305933944899984,25.358309724962165,69.44444444444444,69.44444444444444,33.40999984741211
2024-08-27,32.00080108642578,31.924516146694867,24.70979915329237,68.65079365079364,68.65079365079364,33.560001373291016
2024-08-28,31.352392196655273,31.762414635055556,20.043052223274945,64.88095238095238,64.88095238095238,32.880001068115234
2024-08-29,31.46681785583496,31.628917898805494,18.57170795305245,63.49206349206349,63.49206349206349,33.0
2024-08-30,31.638456344604492,31.94358884255096,18.816213977309886,63.69047619047619,63.69047619047619,33.18000030517578
2024-09-03,29.788585662841797,30.961441098655705,7.935632881775252,54.36507936507936,54.36507936507936,31.239999771118164
2024-09-04,29.63602066040039,29.38810006278888,-0.8263328874833173,46.62698412698413,46.62698412698413,31.079999923706055
2024-09-05,29.855331420898438,29.750443276853794,-6.057419875275509,42.06349206349206,42.06349206349206,31.309999465942383
2024-09-06,28.15803337097168,29.636019460618783,-22.33923365791109,24.206349206349206,24.206349206349206,29.530000686645508
2024-09-09,28.835046768188477,28.625268641946395,-27.14096835438376,19.246031746031747,19.246031746031747,30.239999771118164
2024-09-10,28.548988342285156,28.672947743054397,-30.720618112509257,16.071428571428573,16.071428571428573,29.940000534057617
2024-09-11,29.073429107666016,28.52037608074232,-27.82032448468574,18.452380952380953,18.452380952380953,30.489999771118164
2024-09-12,29.731374740600586,29.16878604714601,-21.300683569362253,25.793650793650798,25.793650793650798,31.18000030517578
2024-09-13,30.093719482421875,29.969760092584682,-14.979591717223073,33.13492063492063,33.13492063492063,31.559999465942383
2024-09-16,30.408390045166016,30.44653251819203,-9.379223958107824,39.08730158730159,39.08730158730159,31.889999389648438
2024-09-17,30.589561462402344,30.799337765035556,-4.467645944081067,43.84920634920635,43.84920634920635,32.08000183105469
2024-09-18,30.198610305786133,30.789805875352446,-5.183983717229358,42.65873015873016,42.65873015873016,31.670000076293945
2024-09-19,32.09615707397461,31.857772067888206,10.850362192321636,57.14285714285714,57.14285714285714,33.65999984741211
2024-09-20,31.943592071533203,32.086624535795394,17.792130158020825,61.70634920634921,61.70634920634921,33.5
2024-09-23,32.56338882446289,32.32500385104066,26.247174733546412,70.43650793650794,70.43650793650794,34.150001525878906
2024-09-24,36.074825286865234,34.99910904814094,34.62457998032068,86.11111111111111,86.11111111111111,37.560001373291016
2024-09-25,34.73017883300781,35.19119846829475,33.92419924236248,84.92063492063492,84.92063492063492,36.15999984741211
2024-09-26,38.67766571044922,38.52399249113999,38.22450719647573,91.86507936507937,91.86507936507937,40.27000045776367
2024-09-27,38.37992858886719,38.418347816009394,39.43931147189069,93.84920634920636,93.84920634920636,39.959999084472656
2024-09-30,36.46861267089844,37.82285909302552,34.48986970624181,85.51587301587301,85.51587301587301,37.970001220703125
2024-10-01,37.217769622802734,37.10251562017384,34.02015478641654,84.72222222222221,84.72222222222221,38.75
2024-10-02,39.55167770385742,39.51325848804703,38.26756213465846,91.66666666666666,91.66666666666666,41.18000030517578
2024-10-03,38.18783187866211,37.45788496327059,36.49588939298576,88.4920634920635,88.4920634920635,39.7599983215332
2024-10-04,39.013824462890625,38.70647802639796,37.928616538868425,90.67460317460318,90.67460317460318,40.619998931884766
2024-10-07,40.02230453491211,39.77258693327509,39.89882707883824,94.24603174603175,94.24603174603175,41.66999816894531
2024-10-08,36.90081787109375,36.83358606180573,28.702580049356776,73.61111111111111,73.61111111111111,38.41999816894531
2024-10-09,36.25731658935547,35.48895034804826,20.32065288639446,62.698412698412696,62.698412698412696,37.75
2024-10-10,36.57426452636719,36.526238666225964,15.634604375164596,57.53968253968254,57.53968253968254,38.08000183105469
2024-10-11,37.323421478271484,35.921152813017066,15.725909090165555,57.738095238095234,57.738095238095234,38.86000061035156
2024-10-14,36.872005462646484,36.45900796711497,13.120606693845449,55.55555555555556,55.55555555555556,38.38999938964844
2024-10-15,34.5669059753418,35.94996501431518,0.10735633772686441,44.24603174603175,44.24603174603175,35.9900016784668
2024-10-16,35.296852111816406,35.114366304241024,-3.4731219297122506,40.87301587301587,40.87301587301587,36.75
2024-10-17,35.2008056640625,34.97029401082851,-7.353921753338826,36.507936507936506,36.507936507936506,36.650001525878906
2024-10-18,36.199684143066406,36.91042513542224,-4.149450399942709,40.07936507936508,40.07936507936508,37.689998626708984
2024-10-21,35.36408233642578,35.2872475601992,-9.179164889122765,34.523809523809526,34.523809523809526,36.81999969482422
2024-10-22,35.14318084716797,34.855043995622054,-18.440661218877626,23.214285714285715,23.214285714285715,36.59000015258789
2024-10-23,34.518882751464844,34.91267065357176,-26.73200974435413,15.674603174603174,15.674603174603174,35.939998626708984
2024-10-24,34.2979736328125,34.44204387956066,-31.582112479656825,11.30952380952381,11.30952380952381,35.709999084472656
2024-10-25,34.31718826293945,34.605325134723486,-34.0096656048054,8.531746031746032,8.531746031746032,35.72999954223633
2024-10-28,34.58611297607422,34.37481457304119,-33.71554692461024,8.928571428571429,8.928571428571429,36.0099983215332
2024-10-29,34.39402389526367,34.653348157758174,-34.8426162794957,7.142857142857142,7.142857142857142,35.810001373291016
2024-10-30,33.30870056152344,33.32791017089141,-37.62535802554504,3.571428571428571,3.571428571428571,34.68000030517578
2024-10-31,32.73242950439453,32.99175009156484,-38.74763676337524,2.7777777777777777,2.7777777777777777,34.08000183105469
2024-11-01,32.780452728271484,33.26068202364785,-39.1383375556998,2.380952380952381,2.380952380952381,34.130001068115234
2024-11-04,33.19344711303711,33.72169855580728,-37.39422663079504,5.357142857142857,5.357142857142857,34.560001373291016
2024-11-05,34.63414001464844,34.42283794057616,-24.531380341657318,18.452380952380953,18.452380952380953,36.060001373291016
2024-11-06,33.22225570678711,32.65558511268907,-27.57882138074429,16.071428571428573,16.071428571428573,34.59000015258789
2024-11-07,35.536964416503906,34.96069078340126,-10.91201877881513,33.13492063492063,33.13492063492063,37.0
2024-11-08,32.9149169921875,33.72170237084342,-21.74020649165431,21.626984126984127,21.626984126984127,34.27000045776367
2024-11-11,32.05050277709961,32.444290660488974,-31.0511540438427,13.095238095238097,13.095238095238097,33.369998931884766
2024-11-12,30.264049530029297,30.67704700509245,-36.81778756486382,6.15079365079365,6.15079365079365,31.510000228881836
2024-11-13,29.59173011779785,30.350493320989077,-40.74829645567193,1.5873015873015872,1.5873015873015872,30.809999465942383
2024-11-14,29.18833351135254,29.49567994121926,-42.9910549056448,0.1984126984126984,0.1984126984126984,30.389999389648438
2024-11-15,29.053871154785156,29.322800208439702,-43.954275936059304,0.0,0.0,30.25
2024-11-18,30.15839958190918,29.61093847468259,-39.84748383955609,2.380952380952381,2.380952380952381,31.399999618530273
2024-11-19,30.052749633789062,29.77421576824392,-37.94860103853166,4.563492063492063,4.563492063492063,31.290000915527344
2024-11-20,29.88947105407715,29.80302963752529,-37.52769311636454,5.555555555555555,5.555555555555555,31.1200008392334
2024-11-21,29.706985473632812,29.51489301644769,-38.0298172942474,4.365079365079365,4.365079365079365,30.93000030517578
2024-11-22,29.668563842773438,29.457263622553576,-38.41596346339272,4.166666666666666,4.166666666666666,30.889999389648438
2024-11-25,29.69738006591797,30.052750554931883,-38.3867878984774,4.365079365079365,4.365079365079365,30.920000076293945
2024-11-26,29.322799682617188,29.716587534735638,-40.111456998728485,2.380952380952381,2.380952380952381,30.530000686645508
2024-11-27,29.466869354248047,29.831842806453142,-40.14758276265212,2.380952380952381,2.380952380952381,30.68000030517578
2024-11-29,29.630149841308594,28.74652780638056,-38.39107759457353,4.761904761904762,4.761904761904762,30.850000381469727
2024-12-02,29.91828727722168,29.63975521484442,-35.76810753736463,9.920634920634921,9.920634920634921,31.149999618530273
2024-12-03,30.1776065826416,29.726191740563838,-32.651526055292166,15.277777777777779,15.277777777777779,31.420000076293945
2024-12-04,30.340885162353516,30.369699577798478,-29.99432952440342,17.857142857142858,17.857142857142858,31.59000015258789
2024-12-05,30.936368942260742,30.71546391595156,-23.961871677932937,22.61904761904762,22.61904761904762,32.209999084472656
2024-12-06,30.782695770263672,31.18609026614955,-21.777473187545997,25.198412698412696,25.198412698412696,32.04999923706055
2024-12-09,32.665191650390625,32.65558867758314,0.41175438456089636,48.41269841269841,48.41269841269841,34.0099983215332
2024-12-10,30.92676544189453,31.53185534251863,-3.6122841426967223,44.84126984126984,44.84126984126984,32.20000076293945
2024-12-11,31.2917423248291,31.339764521103056,-2.2569677284364027,46.03174603174603,46.03174603174603,32.58000183105469
2024-12-12,30.945974349975586,30.974786932827232,-4.748951779772394,42.857142857142854,42.857142857142854,32.220001220703125
2024-12-13,30.984392166137695,31.157275003576288,-5.605873810308235,41.66666666666667,41.66666666666667,32.2599983215332
2024-12-16,30.484956741333008,30.50416635362441,-11.145429836418236,36.7063492063492,36.7063492063492,31.739999771118164
2024-12-17,30.1776065826416,29.774213933491325,-16.571244640697667,30.952380952380953,30.952380952380953,31.420000076293945
2024-12-18,28.074203491210938,30.10077165505898,-30.772797126460137,16.666666666666664,16.666666666666664,29.229999542236328
2024-12-19,28.400760650634766,28.95782656813781,-35.99255564312192,9.920634920634921,9.920634920634921,29.56999969482422
2024-12-20,28.75613021850586,28.01657667686267,-35.859227168542255,10.119047619047619,10.119047619047619,29.940000534057617
2024-12-23,29.187284469604492,28.676072285427328,-32.706806447820256,15.674603174603174,15.674603174603174,30.260000228881836
2024-12-24,29.495939254760742,29.206574987432777,-28.520207279630327,19.246031746031747,19.246031746031747,30.579999923706055
2024-12-26,29.032957077026367,28.772528120159777,-29.85117423237988,19.047619047619047,19.047619047619047,30.100000381469727
2024-12-27,28.695363998413086,28.569973301348014,-32.466238097369775,16.26984126984127,16.26984126984127,29.75
2024-12-30,27.952659606933594,28.097341744413818,-37.64946758448037,6.15079365079365,6.15079365079365,28.979999542236328
2024-12-31,27.750104904174805,27.865849877939397,-40.563835325553946,2.1825396825396823,2.1825396825396823,28.770000457763672
2025-01-02,27.586132049560547,27.721168469077586,-42.18894588075512,0.992063492063492,0.992063492063492,28.600000381469727
2025-01-03,28.261314392089844,28.20344190695304,-38.24058471834191,5.753968253968254,5.753968253968254,29.299999237060547
2025-01-06,28.569974899291992,29.139057768283166,-33.53691379338166,14.285714285714285,14.285714285714285,29.6200008392334
2025-01-07,27.962305068969727,28.87862833074264,-35.10165241986442,11.904761904761903,11.904761904761903,28.989999771118164
2025-01-08,27.55719566345215,27.441450683379475,-37.796469919991196,6.547619047619048,6.547619047619048,28.56999969482422
2025-01-10,26.148950576782227,26.5347702012822,-41.2208881100322,1.984126984126984,1.984126984126984,27.110000610351562
2025-01-13,25.628095626831055,25.27121312336549,-42.40991531269426,0.5952380952380952,0.5952380952380952,26.56999969482422
2025-01-14,26.467254638671875,26.457608917129996,-38.97562971138246,4.761904761904762,4.761904761904762,27.440000534057617
2025-01-15,27.38357162475586,27.238889504783447,-29.984289615162186,21.03174603174603,21.03174603174603,28.389999389648438
2025-01-16,27.37392807006836,27.730812377980595,-24.449434221519052,25.793650793650798,25.793650793650798,28.3799991607666
2025-01-17,28.02982521057129,27.721169474914063,-14.612180914933523,36.507936507936506,36.507936507936506,29.059999465942383
2025-01-21,28.878629684448242,28.618200723349226,-0.7179636727526487,51.587301587301596,51.587301587301596,29.940000534057617
2025-01-22,28.849693298339844,28.984729723412297,9.257893008151793,59.72222222222222,59.72222222222222,29.90999984741211
2025-01-23,29.061893463134766,28.676073794272696,16.765862687230747,65.27777777777779,65.27777777777779,30.1299991607666
2025-01-24,29.6695613861084,29.592397451465377,24.527960661849313,73.21428571428571,73.21428571428571,30.760000228881836
2025-01-27,28.03946876525879,28.116632693209514,12.074324647672533,62.301587301587304,62.301587301587304,29.06999969482422
2025-01-28,28.61819839477539,28.126277677081063,11.17379272371814,61.50793650793651,61.50793650793651,29.670000076293945
2025-01-29,28.579618453979492,29.148703156184908,10.401518045957523,60.71428571428571,60.71428571428571,29.6299991607666
2025-01-30,30.074670791625977,29.312675370618106,21.857864893162297,72.22222222222221,72.22222222222221,31.18000030517578
2025-01-31,29.052248001098633,30.11325157283059,17.98978158708559,67.65873015873017,67.65873015873017,30.1200008392334
2025-02-03,28.425289154052734,27.60542308787177,10.108189771531698,60.51587301587301,60.51587301587301,29.469999313354492
2025-02-04,29.852825164794922,29.399485458073762,18.481162427624543,69.04761904761905,69.04761904761905,30.950000762939453
2025-02-05,29.67920684814453,29.52487898020921,21.492435772466127,72.61904761904762,72.61904761904762,30.770000457763672
2025-02-06,30.04573631286621,29.86247127223992,25.7514209452392,76.38888888888889,76.38888888888889,31.149999618530273
2025-02-07,29.91069793701172,30.72092014422407,24.13922236731149,74.60317460317461,74.60317460317461,31.010000228881836
2025-02-10,30.952409744262695,30.711272243506354,30.984633108617448,84.72222222222221,84.72222222222221,32.09000015258789
2025-02-11,30.518360137939453,30.25793304700267,31.113671168510358,84.92063492063492,84.92063492063492,31.639999389648438
2025-02-12,31.03921890258789,30.470134262592087,32.725264299748936,87.3015873015873,87.3015873015873,32.18000030517578
2025-02-13,31.69511604309082,30.441199842151377,36.15346401285354,92.65873015873017,92.65873015873017,32.86000061035156
2025-02-14,32.370304107666016,32.29313833012015,38.81001973115934,96.23015873015873,96.23015873015873,33.560001373291016
2025-02-18,33.00690460205078,33.093714255606294,40.0875880095353,97.22222222222221,97.22222222222221,34.220001220703125
2025-02-19,32.74647521972656,32.88151163919268,39.38028406986182,96.23015873015873,96.23015873015873,33.95000076293945
2025-02-20,33.66279602050781,33.440946285551604,39.75114114665392,96.82539682539682,96.82539682539682,34.900001525878906
2025-02-21,33.431304931640625,34.12578215225368,37.73578991039987,93.65079365079364,93.65079365079364,34.65999984741211
2025-02-24,31.81085777282715,32.862217394040236,26.160131373348435,74.8015873015873,74.8015873015873,32.97999954223633
2025-02-25,31.91695785522461,32.08092957987474,20.70203608131641,69.44444444444444,69.44444444444444,33.09000015258789
2025-02-26,32.90080642700195,33.05513430486362,23.893950106319465,72.22222222222221,72.22222222222221,34.11000061035156
2025-02-27,30.83666229248047,32.12916125653988,10.205759346886243,58.333333333333336,58.333333333333336,31.969999313354492
2025-02-28,29.698497772216797,29.31267626939225,-4.254964182007632,46.03174603174603,46.03174603174603,30.790000915527344
2025-03-03,28.80146598815918,30.065026078300853,-16.85505417780955,32.142857142857146,32.142857142857146,29.860000610351562
2025-03-04,29.467002868652344,29.119766106654993,-19.072252026347265,29.563492063492063,29.563492063492063,30.549999237060547
2025-03-05,32.14845657348633,31.058513931105555,-4.631813137811964,45.23809523809524,45.23809523809524,33.33000183105469
2025-03-06,31.56007957458496,32.13880814675597,-1.1291493710110123,48.61111111111111,48.61111111111111,32.720001220703125
2025-03-07,31.994123458862305,31.859087040296235,3.7249392318150325,52.976190476190474,52.976190476190474,33.16999816894531
2025-03-10,29.6695613861084,30.576238997963895,-10.347478809368218,39.08730158730159,39.08730158730159,30.760000228881836
2025-03-11,30.373682022094727,30.373682022094727,-12.94587880492604,36.11111111111111,36.11111111111111,31.489999771118164
2025-03-12,30.8656005859375,30.75949949520873,-10.53946514281657,38.88888888888889,38.88888888888889,32.0
2025-03-13,30.479782104492188,29.881760260938105,-12.031836593384488,36.507936507936506,36.507936507936506,31.600000381469727
2025-03-14,32.158103942871094,31.55043628420742,-0.8660999132284494,48.80952380952381,48.80952380952381,33.34000015258789
2025-03-17,33.788185119628906,32.56320618545055,15.184259805126747,62.5,62.5,35.029998779296875
2025-03-18,33.296268463134766,33.604924187517646,20.7781110590756,69.24603174603175,69.24603174603175,34.52000045776367
2025-03-19,33.47952651977539,33.682081117965396,24.491631873757733,72.81746031746032,72.81746031746032,34.709999084472656
2025-03-20,32.543922424316406,32.16774478957842,19.760492927753912,67.85714285714286,67.85714285714286,33.7400016784668
2025-03-21,32.100223541259766,31.73369718226934,13.521843918908164,60.912698412698404,60.912698412698404,33.279998779296875
2025-03-24,32.408878326416016,32.34136012119372,14.703610919567375,61.30952380952381,61.30952380952381,33.599998474121094
2025-03-25,32.179237365722656,32.38444873296239,13.28315679582895,60.317460317460316,60.317460317460316,32.93000030517578
2025-03-26,31.66132354736328,32.110835249804,8.047427743382228,54.36507936507936,54.36507936507936,32.400001525878906
2025-03-27,32.04242706298828,31.700404418944057,8.631797626732201,54.96031746031746,54.96031746031746,32.790000915527344
2025-03-28,30.273696899414062,31.045686848423856,-5.317969153787612,42.06349206349206,42.06349206349206,30.979999542236328
2025-03-31,30.019624710083008,29.30626817407096,-14.063656397998706,32.142857142857146,32.142857142857146,30.719999313354492
2025-04-01,30.38119125366211,29.921907273024235,-15.795349919704844,30.555555555555557,30.555555555555557,31.09000015258789
2025-04-02,30.469139099121094,30.097801533729996,-17.338062335069353,28.57142857142857,28.57142857142857,31.18000030517578
2025-04-03,28.495189666748047,28.48541743011602,-29.98281637468892,18.253968253968253,18.253968253968253,29.15999984741211
2025-04-04,23.765533447265625,25.29973906929458,-36.21333314503601,9.523809523809524,9.523809523809524,24.31999969482422
2025-04-07,21.127094268798828,20.697125147591027,-39.939612433743754,3.373015873015873,3.373015873015873,21.6200008392334
2025-04-08,20.21829605102539,22.93491455709028,-42.21865429932342,0.992063492063492,0.992063492063492,20.690000534057617
2025-04-09,24.342084884643555,20.46259629092157,-35.23248685396106,11.507936507936508,11.507936507936508,24.90999984741211
2025-04-10,23.16944122314453,23.658041858273148,-34.22036691018897,12.896825396825399,12.896825396825399,23.709999084472656
2025-04-11,25.211793899536133,24.127101676419205,-27.340307492660543,21.23015873015873,21.23015873015873,25.799999237060547
2025-04-14,25.866518020629883,25.70039372327309,-20.968227624290016,26.785714285714285,26.785714285714285,26.469999313354492
2025-04-15,25.837202072143555,25.993554126061778,-17.687348477074476,29.365079365079367,29.365079365079367,26.440000534057617
2025-04-16,24.830684661865234,25.211792569021185,-19.15144397472912,28.373015873015873,28.373015873015873,25.40999984741211
2025-04-17,25.475637435913086,25.78834155176941,-16.613997791753736,32.142857142857146,32.142857142857146,26.06999969482422
2025-04-21,25.465864181518555,25.84697393836729,-15.306775270262444,33.33333333333333,33.33333333333333,26.059999465942383
2025-04-22,26.59941864013672,26.23785520391805,-9.379777956156804,40.67460317460318,40.67460317460318,27.219999313354492
2025-04-23,27.508216857910156,27.977273045422244,-1.8329749074536001,49.2063492063492,49.2063492063492,28.149999618530273
2025-04-24,28.41701316833496,27.723201153689196,6.352750131604862,55.75396825396825,55.75396825396825,29.079999923706055
2025-04-25,28.162940979003906,27.811147916925655,9.233638599681484,59.12698412698413,59.12698412698413,28.81999969482422
2025-04-28,28.39746856689453,28.38769633046808,13.868737195128736,63.888888888888886,63.888888888888886,29.059999465942383
2025-04-29,28.592906951904297,28.54404577424206,18.148827361396503,68.25396825396825,68.25396825396825,29.260000228881836
2025-04-30,28.79812240600586,28.446331196075842,21.476109592619576,72.81746031746032,72.81746031746032,29.469999313354492
2025-05-01,28.710174560546875,29.140143672200125,22.782595931148567,73.61111111111111,73.61111111111111,29.3799991607666
2025-05-02,31.172719955444336,31.48542592563605,30.28678787071807,83.73015873015873,83.73015873015873,31.899999618530273
2025-05-05,31.9251651763916,32.13038028564416,34.73305325516867,89.68253968253968,89.68253968253968,32.66999816894531
2025-05-06,31.544055938720703,31.22158145664849,35.91671714919182,91.26984126984127,91.26984126984127,32.279998779296875
2025-05-07,30.4300479888916,30.850244847536587,32.7926127737497,86.5079365079365,86.5079365079365,31.139999389648438
2025-05-08,30.322553634643555,30.693889267208455,30.460842013309176,83.33333333333334,83.33333333333334,31.030000686645508
2025-05-09,30.899105072021484,31.280211108187473,31.0886161504052,83.73015873015873,83.73015873015873,31.6200008392334
2025-05-12,32.96099853515625,33.08803574458015,35.46798373410478,90.27777777777779,90.27777777777779,33.72999954223633
2025-05-13,33.13689041137695,32.20854858554673,37.734389965463656,93.45238095238095,93.45238095238095,33.90999984741211
2025-05-14,33.87956619262695,34.01637750151992,39.50165706006301,96.23015873015873,96.23015873015873,34.66999816894531
2025-05-15,33.752532958984375,33.69389954045777,39.85804193289567,96.82539682539682,96.82539682539682,34.540000915527344
2025-05-16,33.65481185913086,33.61572663970512,39.65575073322358,96.23015873015873,96.23015873015873,34.439998626708984
2025-05-19,33.93819808959961,32.97077096458539,40.6235912268942,97.81746031746032,97.81746031746032,34.72999954223633
2025-05-20,33.72321701049805,33.48869077359279,40.054420535315685,96.82539682539682,96.82539682539682,34.5099983215332
2025-05-21,33.527774810791016,34.11409404489079,37.61689667915603,92.06349206349206,92.06349206349206,34.310001373291016
2025-05-22,33.12712478637695,32.99031347628565,34.24920914175955,87.3015873015873,87.3015873015873,33.900001525878906
2025-05-23,33.57664108276367,32.902369723340335,34.38929149116582,87.3015873015873,87.3015873015873,34.36000061035156
2025-05-27,33.342105865478516,33.23461313070643,33.109010678798555,84.72222222222221,84.72222222222221,34.119998931884766
2025-05-28,32.79487609863281,32.98054299871794,28.947799713086187,78.96825396825396,78.96825396825396,33.560001373291016
2025-05-29,33.22484588623047,33.66458723909369,29.095723460380206,78.96825396825396,78.96825396825396,34.0
2025-05-30,31.954483032226562,32.18900925506035,17.92118943674062,63.29365079365079,63.29365079365079,32.70000076293945
2025-06-02,32.56034469604492,32.306274016361535,14.672572282168614,59.72222222222222,59.72222222222222,33.31999969482422
2025-06-03,32.79487609863281,32.540801679856294,14.982397510069024,60.317460317460316,60.317460317460316,33.560001373291016
2025-06-04,34.123870849609375,33.72321842764297,25.449553458816904,72.81746031746032,72.81746031746032,34.91999816894531
2025-06-05,34.46589279174805,34.93494900235447,29.933256672183216,79.96031746031747,79.96031746031747,35.27000045776367
2025-06-06,34.876312255859375,34.602697091001694,34.6655260341498,87.6984126984127,87.6984126984127,35.689998626708984
2025-06-09,35.73624801635742,35.39422908332723,38.32080013295272,93.65079365079364,93.65079365079364,36.56999969482422
2025-06-10,36.38120651245117,36.21508406906727,40.817772838865984,98.01587301587301,98.01587301587301,37.22999954223633
2025-06-11,36.84048843383789,36.87957737909003,41.236036174252106,98.4126984126984,98.4126984126984,37.70000076293945
2025-06-12,36.99684143066406,36.69390768882466,42.09615274673279,99.0079365079365,99.0079365079365,37.86000061035156
2025-06-13,35.2769660949707,34.92517675171911,32.383508148796885,82.34126984126983,82.34126984126983,36.099998474121094
2025-06-16,36.410518646240234,36.371433427475544,32.948314432233985,83.53174603174604,83.53174603174604,37.2599983215332
2025-06-17,35.09130096435547,35.66784992039701,24.557796942905135,71.03174603174604,71.03174603174604,35.90999984741211
2025-06-18,34.9154052734375,34.96426459747046,18.576820970422112,64.0873015873016,64.0873015873016,35.72999954223633
2025-06-20,34.309539794921875,35.404004256777824,9.702314753526055,53.57142857142857,53.57142857142857,35.11000061035156
2025-06-23,35.14992904663086,34.16295372773615,12.17297619406737,57.14285714285714,57.14285714285714,35.970001220703125
2025-06-24,37.89434051513672,36.831608383968685,26.28713592073536,74.20634920634922,74.20634920634922,38.5099983215332
2025-06-25,38.00258255004883,37.82545990256918,33.49593711944662,85.51587301587301,85.51587301587301,38.619998931884766
2025-06-26,38.71107482910156,38.52411369469816,37.60505693782136,91.66666666666666,91.66666666666666,39.34000015258789
2025-06-27,38.209228515625,38.18954780418867,36.76041329899588,90.87301587301587,90.87301587301587,38.83000183105469
2025-06-30,38.5142707824707,38.03210648246198,37.787889664414465,92.65873015873017,92.65873015873017,39.13999938964844
2025-07-01,38.76027297973633,38.77011521219839,38.9411709193893,94.64285714285714,94.64285714285714,39.38999938964844
2025-07-02,39.20307540893555,38.33714297667815,40.77050867045243,97.61904761904762,97.61904761904762,39.84000015258789
2025-07-03,39.71476745605469,39.321160733009364,41.64623230501678,98.61111111111111,98.61111111111111,40.36000061035156
2025-07-07,38.0321044921875,38.592991609864704,31.71999101316569,80.95238095238095,80.95238095238095,38.650001525878906
2025-07-08,38.74059295654297,38.76027366810477,29.91360269722472,78.17460317460318,78.17460317460318,39.369998931884766
2025-07-09,38.524112701416016,38.592993315141925,27.70607539124722,74.8015873015873,74.8015873015873,39.150001525878906
2025-07-10,38.80947494506836,38.760275041276785,28.13429847345948,75.39682539682539,75.39682539682539,39.439998626708984
2025-07-11,38.435550689697266,38.6323502947071,26.01330841267907,71.23015873015873,71.23015873015873,39.060001373291016
2025-07-14,38.58314895629883,38.42570702592829,25.792697647474363,71.03174603174604,71.03174603174604,39.209999084472656
2025-07-15,39.39004135131836,39.75412888397912,30.241281449620594,78.37301587301587,78.37301587301587,40.029998779296875
2025-07-16,39.950927734375,39.390040604513324,35.26559302378999,87.5,87.5,40.599998474121094
2025-07-17,40.590538024902344,39.793486108713445,38.67738670549632,93.45238095238095,93.45238095238095,41.25
2025-07-18,40.25597381591797,40.905422280230596,36.979384547056895,89.88095238095238,89.88095238095238,40.90999984741211
2025-07-21,41.1612663269043,40.875901650916994,38.93154415621756,94.04761904761905,94.04761904761905,41.83000183105469
2025-07-22,41.18094253540039,40.66925907882964,40.003807805854564,96.23015873015873,96.23015873015873,41.849998474121094
2025-07-23,42.36176300048828,41.89927939823714,41.979649414711886,98.61111111111111,98.61111111111111,43.04999923706055
2025-07-24,41.6434326171875,42.0075164002566,38.311472385394566,92.26190476190477,92.26190476190477,42.31999969482422
2025-07-25,41.31871032714844,41.013664925099825,33.241744537607055,82.34126984126983,82.34126984126983,41.9900016784668
2025-07-28,40.374053955078125,40.72829925116936,22.722539797937856,66.07142857142857,66.07142857142857,41.029998779296875
2025-07-29,40.49213790893555,40.659418323174926,18.041345837243536,60.51587301587301,60.51587301587301,41.150001525878906
2025-07-30,39.567169189453125,40.08869872899279,5.9791460125249305,47.61904761904761,47.61904761904761,40.209999084472656
2025-07-31,38.87835693359375,39.31132511115304,-7.02872539182103,39.88095238095239,39.88095238095239,39.5099983215332
2025-08-01,37.97306442260742,38.43555176549143,-19.823991124639527,26.785714285714285,26.785714285714285,38.59000015258789
2025-08-04,39.11451721191406,39.19324005462534,-16.85019912721289,29.96031746031746,29.96031746031746,39.75
2025-08-05,39.58684539794922,39.71476814822524,-10.99302075143651,36.30952380952381,36.30952380952381,40.22999954223633
2025-08-06,39.97060775756836,39.665566124230736,-4.568364063420821,42.857142857142854,42.857142857142854,40.619998931884766
2025-08-07,41.0628662109375,41.29903100656151,7.8754279296110425,50.198412698412696,50.198412698412696,41.72999954223633
2025-08-08,40.82670593261719,40.66926398382719,12.194315467403378,55.952380952380956,55.952380952380956,41.4900016784668
2025-08-11,40.531494140625,40.71845901310179,11.65237777590315,54.563492063492056,54.563492063492056,41.189998626708984
2025-08-12,41.94847869873047,41.04318471217963,21.79019403615682,66.86507936507937,66.86507936507937,42.630001068115234
2025-08-13,43.52289581298828,43.29657326681173,31.498376697905574,79.76190476190477,79.76190476190477,44.22999954223633
2025-08-14,41.76151657104492,41.8697586177148,24.527400988964246,68.84920634920636,68.84920634920636,42.439998626708984
2025-08-15,41.94847869873047,42.164959024050354,22.1863386989848,66.66666666666666,66.66666666666666,42.630001068115234
2025-08-18,42.647125244140625,42.519202498080105,24.935251534530845,69.64285714285714,69.64285714285714,43.34000015258789
2025-08-19,41.61391067504883,42.24367839451788,18.617343887384532,61.904761904761905,61.904761904761905,42.290000915527344
2025-08-20,41.37774658203125,41.33838516049094,13.201582717676876,54.96031746031746,54.96031746031746,42.04999923706055
2025-08-21,41.112064361572266,40.95462242244258,8.561004483458005,49.007936507936506,49.007936507936506,41.779998779296875
2025-08-22,43.50321578979492,41.79103519470566,21.699583573460387,65.87301587301587,65.87301587301587,44.209999084472656
2025-08-25,42.83408737182617,43.34577461432231,24.084908048798123,67.85714285714286,67.85714285714286,43.529998779296875
2025-08-26,42.58808135986328,42.676642679847575,23.361459004102496,66.66666666666666,66.66666666666666,43.279998779296875
2025-08-27,41.61391067504883,40.99398143394761,15.508307455960033,56.74603174603175,56.74603174603175,42.290000915527344
2025-08-28,42.184635162353516,41.57454816925226,15.708980144055396,57.14285714285714,57.14285714285714,42.869998931884766
2025-08-29,41.535186767578125,41.40726778351983,10.486938730243365,50.79365079365079,50.79365079365079,42.209999084472656
2025-09-02,41.308868408203125,40.364216757776646,3.4964712562256763,44.44444444444444,44.44444444444444,41.97999954223633
2025-09-03,41.83039093017578,41.7811910309748,3.5200920528383772,44.44444444444444,44.44444444444444,42.5099983215332
2025-09-04,41.33838653564453,40.99398346998939,-1.6497204578817668,41.66666666666667,41.66666666666667,42.0099983215332
2025-09-05,42.90296936035156,43.089934250427945,8.895830560030287,48.80952380952381,48.80952380952381,43.599998474121094
2025-09-08,44.0444221496582,43.50321572679221,22.245843831339734,66.07142857142857,66.07142857142857,44.7599983215332
2025-09-09,44.73323059082031,44.56595018068838,28.821557424678833,75.79365079365078,75.79365079365078,45.459999084472656
2025-09-10,45.70740509033203,45.845166311213774,33.05026635560011,82.14285714285714,82.14285714285714,46.45000076293945
2025-09-11,47.62622833251953,46.6323731498761,38.277868522371385,92.06349206349206,92.06349206349206,48.400001525878906
2025-09-12,47.547508239746094,47.734469359904246,40.48622185946,96.62698412698413,96.62698412698413,48.31999969482422
2025-09-15,48.600406646728516,48.3248841785653,42.50343433389964,99.20634920634922,99.20634920634922,49.38999938964844
2025-09-16,49.57457733154297,49.190812851759794,43.36271475588088,99.40476190476191,99.40476190476191,50.380001068115234
2025-09-17,50.263389587402344,50.224028163578325,40.4283404491589,96.03174603174604,96.03174603174604,51.08000183105469
2025-09-18,49.73202133178711,49.161291950861724,37.67351088922646,89.28571428571429,89.28571428571429,50.540000915527344
2025-09-19,49.417137145996094,49.56473685298282,35.17671747994706,85.11904761904762,85.11904761904762,50.220001220703125
2025-09-22,50.11578369140625,49.584415756720034,35.501331613051,85.9126984126984,85.9126984126984,50.93000030517578
2025-09-23,50.13257598876953,50.20172406798068,35.70333690991997,85.9126984126984,85.9126984126984,50.75
2025-09-24,49.697933197021484,50.09306456228955,34.130874592817975,82.93650793650794,82.93650793650794,50.310001373291016
2025-09-25,48.87802505493164,48.82863410941058,28.96000646993258,73.80952380952381,73.80952380952381,49.47999954223633
2025-09-26,48.492774963378906,47.85068130637497,24.23136690782698,65.47619047619048,65.47619047619048,49.09000015258789
2025-09-29,49.81646728515625,49.895492043050965,26.89022752954887,70.63492063492063,70.63492063492063,50.43000030517578
2025-09-30,50.37953567504883,50.162210981971036,30.4254481228108,76.19047619047619,76.19047619047619,51.0
2025-10-01,51.564937591552734,50.98211535778754,35.23487680752938,84.72222222222221,84.72222222222221,52.20000076293945
2025-10-02,52.37495803833008,53.086199709327666,38.34945583862678,91.66666666666666,91.66666666666666,53.02000045776367
2025-10-03,52.681190490722656,53.05656470797247,40.29443828279347,95.63492063492063,95.63492063492063,53.33000183105469
2025-10-06,53.471458435058594,52.928150458641056,42.14113568757341,98.80952380952381,98.80952380952381,54.130001068115234
2025-10-07,52.2169075012207,54.01476513685371,37.22534872808091,87.5,87.5,52.86000061035156
2025-10-08,53.39242935180664,52.33544722564993,38.131231356285824,90.07936507936508,90.07936507936508,54.04999923706055
2025-10-09,51.6735954284668,53.34303345214487,28.83419459462797,72.02380952380952,72.02380952380952,52.310001373291016
2025-10-10,46.08245849609375,51.851409318089296,-3.4282689665337776,36.11111111111111,36.11111111111111,46.650001525878906
2025-10-13,50.07330322265625,49.846101858847106,-2.456454441771437,36.11111111111111,36.11111111111111,50.689998626708984
2025-10-14,48.4828987121582,47.52469844362719,-9.29535344640212,30.357142857142854,30.357142857142854,49.08000183105469
2025-10-15,50.95248031616211,50.87345178616278,-1.5830020471171298,36.7063492063492,36.7063492063492,51.58000183105469
2025-10-16,51.989707946777344,52.43423403011848,7.201651577218472,41.269841269841265,41.269841269841265,52.630001068115234
2025-10-17,51.81189727783203,50.87345416577663,11.02724346182434,46.82539682539682,46.82539682539682,52.45000076293945
2025-10-20,53.975250244140625,52.95778240950078,21.176239471022967,59.32539682539682,59.32539682539682,54.63999938964844
2025-10-21,52.08848571777344,52.770089812683885,17.853012961849842,53.769841269841265,53.769841269841265,52.72999954223633
2025-10-22,51.96006774902344,52.29593146529022,15.38887013738167,51.19047619047619,51.19047619047619,52.599998474121094
2025-10-23,53.273887634277344,52.463864060106985,19.852873582046314,57.53968253968254,57.53968253968254,53.93000030517578
2025-10-24,54.34074783325195,54.409899681541695,25.191310212107254,65.27777777777779,65.27777777777779,55.0099983215332
2025-10-27,56.10897445678711,56.217636807479884,30.310979906771124,74.60317460317461,74.60317460317461,56.79999923706055
2025-10-28,56.02994918823242,55.15077747620224,32.70349852219173,77.77777777777779,77.77777777777779,56.720001220703125
2025-10-29,56.98814392089844,57.590723283042095,33.676392428368345,80.35714285714286,80.35714285714286,57.689998626708984
2025-10-30,55.15077590942383,55.23967735489922,27.568376967740633,69.04761904761905,69.04761904761905,55.83000183105469
2025-10-31,54.874176025390625,54.95320455140219,22.840624070149463,60.912698412698404,60.912698412698404,55.54999923706055
2025-11-03,55.8126220703125,55.99043249518537,23.585203969867102,61.30952380952381,61.30952380952381,56.5
2025-11-04,52.63179397583008,52.91826673837767,10.556343478780118,43.84920634920635,43.84920634920635,53.279998779296875
2025-11-05,54.02463912963867,52.6219166837004,8.626211849135787,40.27777777777778,40.27777777777778,54.689998626708984
2025-11-06,52.94790267944336,54.113547140241735,3.5442349255810477,36.507936507936506,36.507936507936506,53.599998474121094
2025-11-07,52.38483428955078,51.42663789987353,-1.3190113693406973,33.53174603174603,33.53174603174603,53.029998779296875
2025-11-10,55.03223419189453,54.46916908311018,5.335843281516859,37.5,37.5,55.709999084472656
2025-11-11,55.358219146728516,55.0124749802452,10.20269992643773,42.857142857142854,42.857142857142854,56.040000915527344
2025-11-12,55.269317626953125,55.60518136547589,10.18536329346616,42.857142857142854,42.857142857142854,55.95000076293945
2025-11-13,53.39242935180664,55.644693535712456,-0.7553677877390788,34.32539682539682,34.32539682539682,54.04999923706055
2025-11-14,53.38254928588867,52.10824254485763,-6.656829344239937,28.968253968253972,28.968253968253972,54.040000915527344
2025-11-17,51.48590850830078,52.108245001352195,-18.427173229070483,19.841269841269842,19.841269841269842,52.119998931884766
2025-11-18,50.6561279296875,50.290630393151496,-26.646338902337764,15.079365079365079,15.079365079365079,51.279998779296875
2025-11-19,50.12269973754883,50.06342833987794,-32.43725689383703,11.30952380952381,11.30952380952381,50.7400016784668
2025-11-20,47.9593391418457,51.61432563419245,-38.188823945527425,3.968253968253968,3.968253968253968,48.54999923706055
2025-11-21,47.85068130493164,47.050538114740235,-38.25403862384097,3.7698412698412698,3.7698412698412698,48.439998626708984
2025-11-24,49.460845947265625,47.988975460929716,-33.42157699611376,10.515873015873016,10.515873015873016,50.06999969482422
2025-11-25,49.93500900268555,49.273162017462674,-28.87111802595161,13.88888888888889,13.88888888888889,50.54999923706055
2025-11-26,50.93272399902344,50.64625122562143,-23.281587419348,18.055555555555554,18.055555555555554,51.560001373291016
2025-11-28,51.18955993652344,50.76479099549395,-17.657683241994373,22.023809523809522,22.023809523809522,51.81999969482422
2025-12-01,51.06114196777344,50.71540154892253,-15.204511568105008,24.206349206349206,24.206349206349206,51.689998626708984
2025-12-02,51.041385650634766,51.24883367355197,-14.032592863189345,25.595238095238095,25.595238095238095,51.66999816894531
2025-12-03,51.22907257080078,50.685764616738865,-11.680276446827657,27.18253968253968,27.18253968253968,51.86000061035156
2025-12-04,51.150047302246094,51.37724868776615,-11.296709624273085,27.380952380952383,27.380952380952383,51.779998779296875
2025-12-05,52.2169075012207,52.77009214708453,-4.88707063887122,32.93650793650794,32.93650793650794,52.86000061035156
2025-12-08,51.91067886352539,52.65155440515978,-3.6262404553772045,34.92063492063492,34.92063492063492,52.54999923706055
2025-12-09,51.59457015991211,50.92284272813639,-4.961885472091497,32.93650793650794,32.93650793650794,52.22999954223633
2025-12-10,53.25413513183594,52.00946584838691,4.39522492629641,40.87301587301587,40.87301587301587,53.90999984741211
2025-12-11,52.6021614074707,52.17739247867975,4.914699130125482,41.07142857142857,41.07142857142857,53.25
2025-12-12,50.73515701293945,52.710825097441536,-4.449549389466003,34.12698412698413,34.12698412698413,51.36000061035156
2025-12-15,50.23135757446289,51.60445000479349,-9.692074544860372,29.166666666666668,29.166666666666668,50.849998474121094
2025-12-16,49.34231185913086,49.19413524339087,-15.818915935248079,23.809523809523807,23.809523809523807,49.95000076293945
2025-12-17,48.19642639160156,49.96465032575314,-23.288580536259612,18.055555555555554,18.055555555555554,48.790000915527344
2025-12-18,49.78683853149414,50.05355041374459,-19.346922463921352,20.634920634920633,20.634920634920633,50.400001525878906
2025-12-19,51.25870895385742,50.72527765515992,-9.801476855090314,29.761904761904763,29.761904761904763,51.88999938964844
2025-12-22,51.99958419799805,51.91067898206738,-0.33419045154070537,39.48412698412698,39.48412698412698,52.63999938964844
2025-12-23,52.878414154052734,51.98770381991684,9.365315128427829,46.42857142857143,46.42857142857143,53.43000030517578
2025-12-24,53.115936279296875,53.17531822878686,15.976785524483503,55.55555555555556,55.55555555555556,53.66999816894531
2025-12-26,54.29365158081055,53.54149535175315,23.928207867585883,65.67460317460318,65.67460317460318,54.86000061035156
2025-12-29,53.90768051147461,53.48211931169916,25.59586327764561,69.04761904761905,69.04761904761905,54.470001220703125
2025-12-30,54.4915885925293,54.41241266162211,28.003197730857405,72.61904761904762,72.61904761904762,55.060001373291016
2025-12-31,53.99674987792969,54.48168923688717,25.958126447323544,69.64285714285714,69.64285714285714,54.560001373291016
2026-01-02,58.381019592285156,57.37154908856456,33.72309374130021,81.15079365079364,81.15079365079364,58.9900016784668
2026-01-05,60.26140213012695,59.54883383434948,38.27137912857927,90.47619047619048,90.47619047619048,60.88999938964844
2026-01-06,61.68653869628906,61.498497743138365,40.524145592496865,96.03174603174604,96.03174603174604,62.33000183105469
2026-01-07,60.28119659423828,60.924487841426256,38.058077769107285,89.0873015873016,89.0873015873016,60.90999984741211
2026-01-08,60.18223190307617,59.83584284804277,36.50430374248858,86.11111111111111,86.11111111111111,60.810001373291016
2026-01-09,61.102630615234375,60.31088637108631,37.50042865787387,87.10317460317461,87.10317460317461,61.7400016784668
2026-01-12,63.64609146118164,61.4292182793652,40.61935418799856,96.23015873015873,96.23015873015873,64.30999755859375
2026-01-13,62.270442962646484,63.13146422750597,38.739216979981656,91.46825396825396,91.46825396825396,62.91999816894531
2026-01-14,63.062191009521484,62.537659870511696,39.19902081212419,92.46031746031747,92.46031746031747,63.720001220703125
2026-01-15,64.17061614990234,64.30917779679818,39.833108381119935,93.84920634920636,93.84920634920636,64.83999633789062
2026-01-16,63.29970932006836,63.685682558860094,37.630707623744804,86.90476190476191,86.90476190476191,63.959999084472656
2026-01-20,61.45890808105469,61.45890808105469,29.45152136000278,73.61111111111111,73.61111111111111,62.099998474121094
2026-01-21,64.42794036865234,63.45806160098201,32.40157422631996,76.78571428571429,76.78571428571429,65.0999984741211
2026-01-22,65.84317779541016,65.82338758725007,35.316842382445536,82.53968253968253,82.53968253968253,66.52999877929688
2026-01-23,67.06047821044922,65.4473007682908,38.16198939889095,88.88888888888889,88.88888888888889,67.76000213623047
2026-01-26,67.45635986328125,66.99121065881376,39.20697719742064,92.26190476190477,92.26190476190477,68.16000366210938
2026-01-27,71.395263671875,70.22744507423572,41.69855168047607,97.81746031746032,97.81746031746032,72.13999938964844
2026-01-28,72.79071044921875,73.33502800022508,42.615234334351065,99.0079365079365,99.0079365079365,73.55000305175781
2026-01-29,71.61299133300781,73.28554701526791,41.10970276708134,96.62698412698413,96.62698412698413,72.36000061035156
2026-01-30,66.96150970458984,69.36641613873672,27.39659176530571,68.65079365079364,68.65079365079364,67.66000366210938
2026-02-02,67.35738372802734,64.98216604320082,18.962857534129693,56.34920634920635,56.34920634920635,68.05999755859375
2026-02-03,68.48561096191406,69.7029163824303,16.74836411526646,52.38095238095239,52.38095238095239,69.19999694824219
2026-02-04,65.76399993896484,69.44559770099065,4.3306960658727505,38.492063492063494,38.492063492063494,66.44999694824219
2026-02-05,64.65556335449219,64.76442836646648,-6.652577637241375,29.96031746031746,29.96031746031746,65.33000183105469
2026-02-06,69.81178283691406,67.06048331113763,4.7113624283752005,38.69047619047619,38.69047619047619,70.54000091552734
2026-02-09,71.43485260009766,69.38622247462214,14.840729939277233,50.0,50.0,72.18000030517578
2026-02-10,71.8208236694336,72.1870066945297,20.674175009235444,57.738095238095234,57.738095238095234,72.56999969482422
2026-02-11,75.02737426757812,73.71111023967678,29.2738046571413,71.82539682539682,71.82539682539682,75.80999755859375
2026-02-12,72.51359558105469,76.1358152826915,24.436711391352162,63.49206349206349,63.49206349206349,73.2699966430664
2026-02-13,73.34492492675781,71.880200406293,23.567583353673438,61.50793650793651,61.50793650793651,74.11000061035156
2026-02-17,72.39483642578125,71.9593763559509,20.063111370598268,56.94444444444444,56.94444444444444,73.1500015258789
2026-02-18,73.57254791259766,72.9985412769675,21.550973661092033,59.72222222222222,59.72222222222222,74.33999633789062
2026-02-19,73.07771301269531,72.26617854166619,19.795847385464853,56.547619047619044,56.547619047619044,73.83999633789062
2026-02-20,77.6797103881836,72.81050356851468,28.869579967664567,71.23015873015873,71.23015873015873,78.48999786376953
2026-02-23,75.03726959228516,76.28426405764698,25.016938969010187,65.27777777777779,65.27777777777779,75.81999969482422
2026-02-24,78.46155548095703,77.09580456357814,29.328817275369673,72.42063492063492,72.42063492063492,79.27999877929688
2026-02-25,81.10398864746094,81.53944873704711,33.83389822587084,78.96825396825396,78.96825396825396,81.94999694824219
2026-02-26,78.72876739501953,81.05450562443676,29.56306870149788,73.01587301587301,73.01587301587301,79.55000305175781
2026-02-27,78.09538269042969,76.64055690715155,25.563533196290102,66.07142857142857,66.07142857142857,78.91000366210938
2026-03-02,73.97832489013672,71.41506615369876,11.262558580482676,46.230158730158735,46.230158730158735,74.75
2026-03-03,63.12156677246094,61.35994378794063,-10.449938638677823,27.18253968253968,27.18253968253968,63.779998779296875
2026-03-04,64.96236419677734,63.339295357297196,-19.420250555369538,19.444444444444446,19.444444444444446,65.63999938964844
2026-03-05,60.429649353027344,61.56777507986181,-29.03020860085666,13.293650793650794,13.293650793650794,61.060001373291016
2026-03-06,59.29151916503906,57.62886233737586,-35.05348102640501,8.333333333333332,8.333333333333332,59.90999984741211
2026-03-09,62.77518081665039,57.15381798391296,-33.42635498022411,10.515873015873016,10.515873015873016,63.43000030517578
2026-03-10,63.44816207885742,63.31950307461982,-31.66055623769338,12.103174603174603,12.103174603174603,64.11000061035156
2026-03-11,63.81434631347656,63.378886221775836,-30.16273719716479,13.095238095238097,13.095238095238097,64.4800033569336
2026-03-12,57.74761962890625,61.102625982028144,-35.945598708857794,7.142857142857142,7.142857142857142,58.349998474121094
2026-03-13,57.20330047607422,59.75666763729753,-39.49337729583717,2.380952380952381,2.380952380952381,57.79999923706055
2026-03-16,62.11209487915039,60.894793248941745,-35.096281105525506,8.73015873015873,8.73015873015873,62.7599983215332
2026-03-17,63.111671447753906,63.50753978626316,-31.444190651998017,13.095238095238097,13.095238095238097,63.77000045776367
2026-03-18,59.35089874267578,61.914160934951525,-34.548355077973454,9.325396825396826,9.325396825396826,59.970001220703125
2026-03-19,59.4201774597168,55.84744472111185,-35.62747209626536,8.134920634920634,8.134920634920634,60.040000915527344
2026-03-20,53.313873291015625,57.39134328814053,-40.13722291202802,1.7857142857142856,1.7857142857142856,53.869998931884766
2026-03-23,58.07421875,56.85691707810597,-37.36250741376286,6.746031746031746,6.746031746031746,58.68000030517578
2026-03-24,55.6925163269043,54.40753336775923,-38.40535058941241,3.7698412698412698,3.7698412698412698,55.90999984741211
2026-03-25,58.212677001953125,58.212677001953125,-35.67285583697387,8.531746031746032,8.531746031746032,58.439998626708984
2026-03-26,52.30574035644531,54.71632880558993,-39.747539312855395,2.579365079365079,2.579365079365079,52.5099983215332
2026-03-27,51.68815612792969,51.92722424073509,-41.52479100926675,0.992063492063492,0.992063492063492,51.88999938964844
2026-03-30,50.30356216430664,52.3754730833231,-42.744488261801294,0.3968253968253968,0.3968253968253968,50.5
2026-03-31,55.762245178222656,50.77173504902843,-33.7599301901822,12.3015873015873,12.3015873015873,55.97999954223633
2026-04-01,56.957576751708984,57.10699478909133,-26.790330104433757,18.849206349206348,18.849206349206348,57.18000030517578
2026-04-02,55.194461822509766,52.08659929938385,-26.122675871337552,19.444444444444446,19.444444444444446,55.40999984741211
2026-04-06,56.53921127319336,56.18061480580324,-23.271352073552663,21.428571428571427,21.428571428571427,56.7599983215332
2026-04-07,57.126914978027344,56.51929098483863,-20.79332486686254,22.817460317460316,22.817460317460316,57.349998474121094
2026-04-08,66.38077545166016,67.86497735028296,-1.4841638770568342,39.48412698412698,39.48412698412698,66.63999938964844
2026-04-09,65.98233032226562,64.17937348885441,7.734798021153834,45.63492063492063,45.63492063492063,66.23999786376953
2026-04-10,66.8887939453125,67.33704044513411,14.58261999297843,53.57142857142857,53.57142857142857,67.1500015258789
2026-04-13,68.45269012451172,65.18545007707785,20.463655178139884,61.111111111111114,61.111111111111114,68.72000122070312
2026-04-14,72.52677917480469,70.38514838526903,26.88534543029898,70.63492063492063,70.63492063492063,72.80999755859375
2026-04-15,72.29767608642578,71.8195398733576,29.55402369967417,75.0,75.0,72.58000183105469
2026-04-16,73.13440704345703,73.00491545692601,31.03121590148038,76.78571428571429,76.78571428571429,73.41999816894531
2026-04-17,77.26826477050781,76.7702096907444,33.65333440772087,79.76190476190477,79.76190476190477,77.56999969482422
2026-04-20,75.51510620117188,75.3158872159088,31.393619112171756,76.98412698412699,76.98412698412699,75.80999755859375
2026-04-21,72.26779174804688,75.96335935582272,23.215098813026252,63.69047619047619,63.69047619047619,72.55000305175781
2026-04-22,76.10281372070312,74.77798545400913,24.883399184003917,66.86507936507937,66.86507936507937,76.4000015258789
2026-04-23,72.21798706054688,73.8217250363516,17.692032772181935,55.952380952380956,55.952380952380956,72.5
2026-04-24,77.0291976928711,75.39557769791222,21.89598385241963,62.301587301587304,62.301587301587304,77.33000183105469
2026-04-27,76.79013061523438,77.57705857439011,23.42140770881171,63.69047619047619,63.69047619047619,77.08999633789062
2026-04-28,74.3895034790039,73.83168424811196,19.100929100109187,58.13492063492064,58.13492063492064,74.68000030517578
2026-04-29,73.25394439697266,74.71822759447439,14.000615022211136,51.98412698412699,51.98412698412699,73.54000091552734
2026-04-30,77.52725219726562,75.10670430999029,18.844978615510772,57.53968253968254,57.53968253968254,77.83000183105469
2026-05-01,78.33409881591797,77.25829806805649,22.206565864493303,62.301587301587304,62.301587301587304,78.63999938964844
2026-05-04,78.04522705078125,79.46966483857513,22.36632825990858,62.5,62.5,78.3499984741211
2026-05-05,82.8365249633789,81.29255116785163,28.3812179495448,71.62698412698413,71.62698412698413,83.16000366210938
2026-05-06,90.89505004882812,88.25535666445296,34.96244099204838,82.14285714285714,82.14285714285714,91.25
2026-05-07,87.21939849853516,91.462829680404,32.033916739855414,77.18253968253968,77.18253968253968,87.55999755859375
2026-05-08,92.4788589477539,89.9089006402052,36.035785879088394,84.52380952380952,84.52380952380952,92.83999633789062
2026-05-11,92.3792495727539,91.8214303424639,37.471282407353456,85.9126984126984,85.9126984126984,92.73999786376953
2026-05-12,83.77285766601562,85.39652198849217,20.323235070230595,58.53174603174603,58.53174603174603,84.0999984741211
2026-05-13,89.01240539550781,86.4125572439376,20.332782084285046,58.730158730158735,58.730158730158735,89.36000061035156
2026-05-14,89.82921600341797,88.05614110554505,21.832412900921145,61.30952380952381,61.30952380952381,90.18000030517578
2026-05-15,80.36616516113281,81.05348357905406,4.37046509060767,41.07142857142857,41.07142857142857,80.68000030517578
2026-05-18,79.8780746459961,82.81659652232761,-5.565608500342856,33.13492063492063,33.13492063492063,80.19000244140625
2026-05-19,77.44756317138672,75.06686055133048,-14.559265196981228,27.380952380952383,27.380952380952383,77.75
2026-05-20,81.74079895019531,77.99543014467396,-12.506262742747627,28.57142857142857,28.57142857142857,82.05999755859375
2026-05-21,83.77285766601562,80.83433591876114,-8.212906084515545,32.142857142857146,32.142857142857146,84.0999984741211
2026-05-22,82.96601104736328,83.62343976076875,-8.899672007114049,32.142857142857146,32.142857142857146,83.29000091552734
2026-05-26,92.63824462890625,89.89894169633106,10.001700815113036,47.023809523809526,47.023809523809526,93.0
2026-05-27,92.52867126464844,93.9431458543144,17.54815922466017,55.55555555555556,55.55555555555556,92.88999938964844
2026-05-28,93.33551788330078,89.33115842983153,22.97828565075684,64.88095238095238,64.88095238095238,93.69999694824219
2026-05-29,93.3554458618164,94.58065710868921,24.853571621895533,68.45238095238095,68.45238095238095,93.72000122070312
2026-06-01,99.2723388671875,96.47326424356709,29.323211236446806,75.59523809523809,75.59523809523809,99.66000366210938
2026-06-02,102.2905502319336,100.02937601303765,34.169107688378176,82.93650793650794,82.93650793650794,102.69000244140625
2026-06-03,98.46548461914062,100.65693146026567,30.10597902645938,76.78571428571429,76.78571428571429,98.8499984741211
2026-06-04,94.90937042236328,92.56851317498881,20.898598243804983,61.111111111111114,61.111111111111114,95.27999877929688
2026-06-05,76.27215576171875,85.3666389195113,-9.308371317319468,31.746031746031743,31.746031746031743,76.56999969482422
2026-06-08,80.31636047363281,81.65115205665015,-20.0933797669573,21.626984126984127,21.626984126984127,80.62999725341797
2026-06-09,80.64507293701172,85.6853876206634,-24.94347175008253,18.650793650793652,18.650793650793652,80.95999908447266
2026-06-10,76.40164184570312,78.68273489310594,-32.06572890127426,13.690476190476192,13.690476190476192,76.69999694824219
2026-06-11,86.66158294677734,78.63293757924981,-24.140500846114115,19.642857142857142,19.642857142857142,87.0
2026-06-12,87.71745300292969,86.36274265850695,-18.50083825827934,23.61111111111111,23.61111111111111,88.05999755859375
2026-06-15,96.5230712890625,95.65645275647569,-3.367326952660739,37.301587301587304,37.301587301587304,96.9000015258789
2026-06-16,91.851318359375,94.75995824753818,-2.4495510726585965,37.5,37.5,92.20999908447266
2026-06-17,91.34329986572266,95.20821220253822,-2.5042721144861257,37.10317460317461,37.10317460317461,91.69999694824219
2026-06-18,99.98953247070312,97.64867517678411,9.35728223495488,46.230158730158735,46.230158730158735,100.37999725341797
2026-06-22,101.66300201416016,102.30051191809227,16.94864906097858,54.96031746031746,54.96031746031746,102.05999755859375
2026-06-23,84.2699966430664,84.56999969482422,-2.14778699431641,37.301587301587304,37.301587301587304,84.2699966430664
2026-06-24,84.81999969482422,84.9800033569336,-11.701940131630947,28.174603174603174,28.174603174603174,84.81999969482422
2026-06-25,87.2699966430664,91.0,-13.697515327124568,27.380952380952383,27.380952380952383,87.2699966430664
2026-06-26,84.45999908447266,81.12999725341797,-18.013627388605112,23.809523809523807,23.809523809523807,84.45999908447266
2026-06-29,85.22000122070312,83.72000122070312,-19.39141447053926,22.42063492063492,22.42063492063492,85.22000122070312
2026-06-30,88.93000030517578,85.98999786376953,-15.303378234441322,26.58730158730159,26.58730158730159,88.93000030517578
2026-07-01,81.58000183105469,82.87000274658203,-21.809195908351267,20.833333333333336,20.833333333333336,81.58000183105469
2026-07-02,78.37000274658203,81.61000061035156,-28.60820122927283,16.46825396825397,16.46825396825397,78.37000274658203
2026-07-06,84.91999816894531,84.0,-24.564648780063283,19.246031746031747,19.246031746031747,84.91999816894531
2026-07-07,78.2699966430664,79.2300033569336,-29.715500403516316,16.071428571428573,16.071428571428573,78.2699966430664
2026-07-08,79.93000030517578,76.30999755859375,-30.39400793226158,15.079365079365079,15.079365079365079,79.93000030517578
2026-07-09,81.7699966430664,81.13999938964844,-28.762679431155668,16.865079365079367,16.865079365079367,81.7699966430664
2026-07-10,82.2699966430664,81.01000213623047,-28.149868246213998,17.658730158730158,17.658730158730158,82.2699966430664
2026-07-13,73.38999938964844,76.01000213623047,-35.92565541357865,8.134920634920634,8.134920634920634,73.38999938964844
2026-07-14,77.22000122070312,76.75,-35.36631952325702,9.325396825396826,9.325396825396826,77.22000122070312
2026-07-15,77.11000061035156,77.88999938964844,-35.15133835770911,9.920634920634921,9.920634920634921,77.11000061035156
2026-07-16,72.16000366210938,72.80999755859375,-39.01590163671168,3.571428571428571,3.571428571428571,72.16000366210938
2026-07-17,69.0,65.87000274658203,-39.4187277980502,3.373015873015873,3.373015873015873,69.0
2026-07-20,69.87000274658203,71.18000030517578,-39.0041422977907,3.968253968253968,3.968253968253968,69.87000274658203
2026-07-21,75.55999755859375,74.93000030517578,-32.981474023745044,14.087301587301587,14.087301587301587,75.55999755859375
2026-07-22,74.23999786376953,73.19999694824219,-28.271234536655697,19.047619047619047,19.047619047619047,74.23999786376953
2026-07-23,72.95999908447266,72.75,-27.655267441218008,19.642857142857142,19.642857142857142,72.95999908447266
2026-07-24,68.76000213623047,70.7699966430664,-32.34155796529261,15.079365079365079,15.079365079365079,68.76000213623047
2026-07-27,69.58000183105469,71.44999694824219,-33.462065911064606,13.492063492063492,13.492063492063492,69.58000183105469
2026-07-28,65.51000213623047,64.51000213623047,-37.09133602248317,7.738095238095238,7.738095238095238,65.51000213623047
2026-07-29,61.310001373291016,63.41999816894531,-41.04955439751862,1.5873015873015872,1.5873015873015872,61.310001373291016
2026-07-30,68.87999725341797,65.37000274658203,-33.84820255218656,12.896825396825399,12.896825396825399,68.87999725341797
2026-07-31,70.47000122070312,73.11000061035156,-27.2463390144498,20.833333333333336,20.833333333333336,70.47000122070312
2026-08-03,71.2699966430664,69.0999984741211,-22.172311950504838,24.206349206349206,24.206349206349206,71.2699966430664
2026-08-04,76.72000122070312,74.12000274658203,-9.02110519865144,35.317460317460316,35.317460317460316,76.72000122070312
2026-08-05,75.81999969482422,76.52999877929688,-3.6266723753130385,39.48412698412698,39.48412698412698,75.81999969482422
2026-08-06,73.2699966430664,72.41000366210938,-4.974905256736392,37.301587301587304,37.301587301587304,73.2699966430664
2026-08-07,75.4000015258789,76.0199966430664,-2.1355041854943906,41.46825396825397,41.46825396825397,75.4000015258789
2026-08-10,73.69999694824219,73.80999755859375,0.17572072027776856,44.047619047619044,44.047619047619044,73.69999694824219
2026-08-11,74.55999755859375,75.18000030517578,3.1252656128020506,44.24603174603175,44.24603174603175,74.55999755859375
2026-08-12,78.02999877929688,78.54000091552734,11.54268653958699,51.98412698412699,51.98412698412699,78.02999877929688
2026-08-13,78.79000091552734,78.02999877929688,16.099102835116312,56.34920634920635,56.34920634920635,78.79000091552734
2026-08-14,78.29000091552734,79.4000015258789,16.992190919433494,56.94444444444444,56.94444444444444,78.29000091552734
2026-08-17,80.93000030517578,81.0,19.36872483746347,60.11904761904761,60.11904761904761,80.93000030517578
2026-08-18,73.97000122070312,76.41000366210938,7.614906315530023,46.230158730158735,46.230158730158735,73.97000122070312
2026-08-19,76.37000274658203,77.83999633789062,5.787064334575553,45.23809523809524,45.23809523809524,76.37000274658203
2026-08-20,78.25,76.6500015258789,8.451337586556185,47.023809523809526,47.023809523809526,78.25
2026-08-21,79.79000091552734,80.80999755859375,12.741808969601212,52.182539682539684,52.182539682539684,79.79000091552734
2026-08-24,76.33999633789062,77.4000015258789,7.980631557147786,46.62698412698413,46.62698412698413,76.33999633789062
2026-08-25,80.0999984741211,78.63999938964844,12.763862690451907,52.57936507936508,52.57936507936508,80.0999984741211
2026-08-26,79.9000015258789,80.44000244140625,14.880741829398678,54.761904761904766,54.761904761904766,79.9000015258789
2026-08-27,81.41999816894531,81.47000122070312,18.302888799432374,59.12698412698413,59.12698412698413,81.41999816894531
2026-08-28,79.62000274658203,81.7699966430664,14.96200910114591,54.96031746031746,54.96031746031746,79.62000274658203
2026-08-31,79.12000274658203,80.06999969482422,11.847293873740137,51.78571428571429,51.78571428571429,79.12000274658203
2026-09-01,78.2699966430664,79.13999938964844,5.838479471633259,45.23809523809524,45.23809523809524,78.2699966430664
2026-09-02,79.69000244140625,78.33999633789062,6.9454279803975245,45.83333333333333,45.83333333333333,79.69000244140625
2026-09-03,80.63999938964844,79.20999908447266,10.768828332525713,50.99206349206349,50.99206349206349,80.63999938964844
2026-09-04,85.12000274658203,81.5,20.71487433351308,63.888888888888886,63.888888888888886,85.12000274658203
2026-09-08,85.58999633789062,86.19000244140625,24.755309284918663,70.63492063492063,70.63492063492063,85.58999633789062
2026-09-09,84.16999816894531,84.69999694824219,22.612797176880772,66.66666666666666,66.66666666666666,84.16999816894531
2026-09-10,78.68000030517578,80.13999938964844,5.125495903983793,44.642857142857146,44.642857142857146,78.68000030517578
2026-09-11,81.62000274658203,82.06999969482422,4.128160435027579,43.452380952380956,43.452380952380956,81.62000274658203
2026-09-14,74.61000061035156,74.83999633789062,-16.138354011314295,27.18253968253968,27.18253968253968,74.61000061035156
2026-09-15,74.06999969482422,75.38999938964844,-27.360611140994433,19.047619047619047,19.047619047619047,74.06999969482422
2026-09-16,73.88999938964844,76.06999969482422,-31.809358019927082,14.484126984126986,14.484126984126986,73.88999938964844
2026-09-17,77.7300033569336,77.29000091552734,-24.06412228102561,21.23015873015873,21.23015873015873,77.7300033569336
2026-09-18,78.2699966430664,77.52999877929688,-18.49251506528558,25.0,25.0,78.2699966430664
2026-09-21,84.50000366106111,82.83000541976118,0.9581871709917099,42.26190476190476,42.26190476190476,84.5
2026-09-22,85.48662026164656,83.3208753847995,13.878872039384035,54.166666666666664,54.166666666666664,85.26000213623047
2026-09-23,80.38308724054338,83.21058239664491,6.795468453223581,45.43650793650794,45.43650793650794,80.16999816894531
2026-09-24,78.63846452286538,79.79152271287154,-1.8978723879951591,39.08730158730159,39.08730158730159,78.43000030517578
2026-09-25,81.16515922951375,80.54351618683125,0.35263504801647355,41.66666666666667,41.66666666666667,80.94999694824219
2026-09-28,78.28233962626646,78.2422308317865,-6.2778722021880435,34.32539682539682,34.32539682539682,78.06999969482422
2026-09-29,78.87394434484591,78.28233962626646,-7.949387562868758,33.53174603174603,33.53174603174603,78.66000366210938
2026-09-30,76.84845022360781,77.69073490768703,-14.434884227090256,28.76984126984127,28.76984126984127,76.63999938964844
2026-10-01,76.83842302498782,76.61782465534803,-17.830773545044202,25.793650793650798,25.793650793650798,76.62999725341797
2026-10-02,79.78641941926504,79.35524987860546,-10.962715760939705,31.349206349206348,31.349206349206348,79.56999969482422
2026-10-05,83.62683649072146,82.47370864942253,3.1815089043862232,43.452380952380956,43.452380952380956,83.4000015258789
2026-10-06,81.87207673222309,83.64689088796142,5.56160440782728,46.03174603174603,46.03174603174603,81.6500015258789
2026-10-07,78.59317856068093,77.92135810173147,-2.228629293195711,39.682539682539684,39.682539682539684,78.37999725341797
