date,close,open,without_long,without_long_rank,without_long_partial_rank,raw_close
2014-01-02,474.92352294921875,501.77308065329925,,,,544.7999877929688
2014-01-03,455.5709228515625,466.903533402166,,,,522.5999755859375
2014-01-06,433.080078125,442.49487862542236,,,,496.79998779296875
2014-01-07,433.60302734375,428.3725926915857,,,,497.3999938964844
2014-01-08,446.6791687011719,441.27437524562765,,,,512.4000244140625
2014-01-09,423.8396911621094,435.86968379345916,,,,486.20001220703125
2014-01-10,445.458740234375,431.51091275149827,,,,511.0
2014-01-13,420.3526916503906,434.1261616393673,,,,482.20001220703125
2014-01-14,439.53094482421875,428.3726663521987,,,,504.20001220703125
2014-01-15,436.04400634765625,435.34659894907753,,,,500.20001220703125
2014-01-16,424.18829345703125,432.2082780105351,,,,486.6000061035156
2014-01-17,421.9217529296875,427.1521878833613,,,,484.0
2014-01-21,422.7934875488281,430.9878302342556,,,,485.0
2014-01-22,451.3865051269531,440.22825504633335,,,,517.7999877929688
2014-01-23,392.98004150390625,413.553093032717,,,,450.79998779296875
2014-01-24,365.4330749511719,381.4730705448607,,,,419.20001220703125
2014-01-27,363.5152587890625,367.1765741951924,,,,417.0
2014-01-28,374.3248291015625,369.9661328460637,,,,429.3999938964844
2014-01-29,373.62750244140625,368.92011512453576,,,,428.6000061035156
2014-01-30,378.6835632324219,386.00616835338167,,,,434.3999938964844
2014-01-31,375.7196350097656,366.8278835862832,,,,431.0
2014-02-03,348.52130126953125,369.61739932519356,,,,399.79998779296875
2014-02-04,360.8999938964844,351.833912413961,,,,414.0
2014-02-05,348.3470458984375,348.6957363140769,,,,399.6000061035156
2014-02-06,364.38702392578125,352.3570323418291,,,,418.0
2014-02-07,368.57135009765625,369.966138240427,,,,422.79998779296875
2014-02-10,359.1564636230469,367.00211452743383,,,,412.0
2014-02-11,399.7796325683594,383.9139672913636,,,,458.6000061035156
2014-02-12,399.7796325683594,412.68136305929556,,,,458.6000061035156
2014-02-13,402.56915283203125,387.74958639840753,,,,461.79998779296875
2014-02-14,411.2865905761719,406.05615478281635,,,,471.79998779296875
2014-02-18,413.3787841796875,417.04007325532984,,,,474.20001220703125
2014-02-19,418.7834777832031,413.37871107402447,,,,480.3999938964844
2014-02-20,407.9739685058594,403.4409137700016,,,,468.0
2014-02-21,411.2865905761719,403.61529538726603,,,,471.79998779296875
2014-02-24,395.2465515136719,393.328741218447,,,,453.3999938964844
2014-02-25,375.5452575683594,385.65743817044626,,,,430.79998779296875
2014-02-26,379.7295837402344,385.6573993919382,,,,435.6000061035156
2014-02-27,409.5430908203125,405.53311153527045,,,,469.79998779296875
2014-02-28,397.5130920410156,409.7174413580644,,,,456.0
2014-03-03,382.693603515625,375.71968818959994,,,,439.0
2014-03-04,396.641357421875,395.9439766655584,,,,455.0
2014-03-05,384.2625732421875,380.7756169456037,,,,440.79998779296875
2014-03-06,395.94403076171875,389.3188062580523,,,,454.20001220703125
2014-03-07,382.8678894042969,390.19049378673924,,,,439.20001220703125
2014-03-10,365.78179931640625,364.3870111778265,,,,419.6000061035156
2014-03-11,347.9983215332031,365.4331066480255,,,,399.20001220703125
2014-03-12,345.208740234375,339.1065655332623,,,,396.0
2014-03-13,320.1026306152344,341.1987023530177,,,,367.20001220703125
2014-03-14,320.97442626953125,319.7539699464218,,,,368.20001220703125
2014-03-17,322.0203857421875,326.3790808025944,,,,369.3999938964844
2014-03-18,336.8400573730469,332.65571940950474,,,,386.3999938964844
2014-03-19,321.4974060058594,326.20481896397473,,,,368.79998779296875
2014-03-20,319.75390625,312.60566125643413,,,,366.79998779296875
2014-03-21,345.5574645996094,340.5013871341532,,,,396.3999938964844
2014-03-24,363.8638916015625,362.81782065340786,,,,417.3999938964844
2014-03-25,370.8377990722656,368.22258183395155,,,,425.3999938964844
2014-03-26,374.8478698730469,381.2987348711183,,,,430.0
2014-03-27,381.6473388671875,374.8477850357909,,,,437.79998779296875
2014-03-28,406.2304382324219,398.559144460796,,,,466.0
2014-03-31,404.83563232421875,408.49694718199186,,,,464.3999938964844
2014-04-01,408.1483154296875,409.36874502294705,,,,468.20001220703125
2014-04-02,406.40478515625,402.91782870395565,,,,466.20001220703125
2014-04-03,403.4409484863281,402.22051875346176,,,,462.79998779296875
2014-04-04,399.08221435546875,413.72744958342923,,,,457.79998779296875
2014-04-07,405.358642578125,404.66126200643276,,,,465.0
2014-04-08,425.4087219238281,425.5830804020296,,,,488.0
2014-04-09,440.0539245605469,436.7413263394394,,,,504.79998779296875
2014-04-10,434.1260681152344,448.2482520567149,,,,498.0
2014-04-11,415.9938659667969,414.2503879478302,,,,477.20001220703125
2014-04-14,417.9117431640625,425.06001483497744,,,,479.3999938964844
2014-04-15,387.57525634765625,394.37481151379944,,,,444.6000061035156
2014-04-16,400.1283264160156,396.46701082706954,,,,459.0
2014-04-17,403.4409484863281,402.5692091623703,,,,462.79998779296875
2014-04-21,396.46697998046875,396.81569694532936,,,,454.79998779296875
2014-04-22,390.88775634765625,394.0260220207061,,,,448.3999938964844
2014-04-23,374.67352294921875,374.4991910594076,,,,429.79998779296875
2014-04-24,375.5452575683594,378.3348338045801,,,,430.79998779296875
2014-04-25,366.6534729003906,360.89998948645507,,,,420.6000061035156
2014-04-28,363.6896057128906,361.9461273089043,,,,417.20001220703125
2014-04-29,378.50921630859375,380.42702681471394,,,,434.20001220703125
2014-04-30,374.49920654296875,372.23267905474785,,,,429.6000061035156
2014-05-01,375.5452575683594,373.278756805222,,,,430.79998779296875
2014-05-02,375.8939208984375,376.06825276121197,,,,431.20001220703125
2014-05-05,367.17657470703125,361.77178083394716,,,,421.20001220703125
2014-05-06,367.3509216308594,367.6996120168311,,,,421.3999938964844
2014-05-07,364.038330078125,360.20268255173806,,,,417.6000061035156
2014-05-08,365.2586975097656,371.18651298552237,,,,419.0
2014-05-09,362.1204528808594,360.7256648612871,,,,415.3999938964844
2014-05-12,386.0060119628906,383.5651534459433,,,,442.79998779296875
2014-05-13,388.79571533203125,384.2626604760492,,,,446.0
2014-05-14,401.1744689941406,404.4870679610929,,,,460.20001220703125
2014-05-15,393.8517761230469,399.25657002676604,,,,451.79998779296875
2014-05-16,405.88177490234375,395.07221419463974,,,,465.6000061035156
2014-05-19,399.6051940917969,396.2925961865302,,,,458.3999938964844
2014-05-20,392.1081848144531,394.5490699344881,,,,449.79998779296875
2014-05-21,407.79962158203125,407.62528968931986,,,,467.79998779296875
2014-05-22,418.7834777832031,417.73740677660436,,,,480.3999938964844
2014-05-23,417.9117431640625,421.22436789588284,,,,479.3999938964844
2014-05-27,411.4608459472656,418.4347585904396,,,,472.0
2014-05-28,426.62921142578125,425.75747211898425,,,,489.3999938964844
2014-05-29,429.07012939453125,428.72141236314974,,,,492.20001220703125
2014-05-30,435.1722106933594,439.5309066073419,,,,499.20001220703125
2014-06-02,445.458740234375,441.97178336365585,,,,511.0
2014-06-03,456.09393310546875,445.9817536628843,,,,523.2000122070312
2014-06-04,445.98175048828125,443.88958186758987,,,,511.6000061035156
2014-06-05,455.2222595214844,451.3865854332097,,,,522.2000122070312
2014-06-06,449.4687194824219,450.86353415515475,,,,515.5999755859375
2014-06-09,461.8474426269531,453.47876713468605,,,,529.7999877929688
2014-06-10,468.64697265625,469.1700481003141,,,,537.5999755859375
2014-06-11,461.8474426269531,460.2783226229957,,,,529.7999877929688
2014-06-12,459.7552490234375,465.5087061311281,,,,527.4000244140625
2014-06-13,478.75909423828125,469.86734533639515,,,,549.2000122070312
2014-06-16,477.1900634765625,480.5026618237728,,,,547.4000244140625
2014-06-17,476.3182373046875,468.9956080158012,,,,546.4000244140625
2014-06-18,486.7791748046875,475.96958779192,,,,558.4000244140625
2014-06-19,473.35443115234375,473.70314814859717,,,,543.0
2014-06-20,471.08795166015625,474.74921425313363,,,,540.4000244140625
2014-06-23,453.3043518066406,454.3504494136952,,,,520.0
2014-06-24,447.5509338378906,457.8374459237561,,,,513.4000244140625
2014-06-25,449.9918212890625,444.41266868489055,,,,516.2000122070312
2014-06-26,462.89337158203125,464.4624910138463,,,,531.0
2014-06-27,466.0318298339844,463.24230651166505,,,,534.5999755859375
2014-06-30,460.80133056640625,465.50874363870696,,,,528.5999755859375
2014-07-01,469.5187072753906,470.2161411940049,,,,538.5999755859375
2014-07-02,496.7169189453125,496.54256048733356,,,,569.7999877929688
2014-07-03,512.2340698242188,502.1219136786688,,,,587.5999755859375
2014-07-07,510.1417236328125,505.60866974547235,,,,585.2000122070312
2014-07-08,500.72705078125,507.3522478554283,,,,574.4000244140625
2014-07-09,493.7530517578125,487.999541724423,,,,566.4000244140625
2014-07-10,485.7330322265625,470.3903922983961,,,,557.2000122070312
2014-07-11,490.7891540527344,486.43045819080953,,,,563.0
2014-07-14,511.18780517578125,509.44432705881985,,,,586.4000244140625
2014-07-15,509.7931213378906,512.7570561786067,,,,584.7999877929688
2014-07-16,514.8491821289062,514.3261598592037,,,,590.5999755859375
2014-07-17,493.9273376464844,503.8651843647442,,,,566.5999755859375
2014-07-18,504.56268310546875,502.1218237701569,,,,578.7999877929688
2014-07-21,502.644775390625,489.91740501284323,,,,576.5999755859375
2014-07-22,535.7708740234375,535.073493326931,,,,614.5999755859375
2014-07-23,557.3899536132812,557.5642588528196,,,,639.4000244140625
2014-07-24,581.1014404296875,576.917102111812,,,,666.5999755859375
2014-07-25,583.0191650390625,583.5422404819575,,,,668.7999877929688
2014-07-28,621.550048828125,606.0331017287425,,,,713.0
2014-07-29,616.319580078125,634.4517437870254,,,,707.0
2014-07-30,605.5100708007812,625.0370515747967,,,,694.5999755859375
2014-07-31,594.874755859375,613.3555813670066,,,,682.4000244140625
2014-08-01,603.7664184570312,593.6542672000443,,,,692.5999755859375
2014-08-04,620.8527221679688,622.9448645034904,,,,712.2000122070312
2014-08-05,594.874755859375,603.0690710997874,,,,682.4000244140625
2014-08-06,581.6243896484375,584.2396071799442,,,,667.2000122070312
2014-08-07,567.5022583007812,578.3118464082548,,,,651.0
2014-08-08,592.9570922851562,581.450122693942,,,,680.2000122070312
2014-08-11,617.3656616210938,613.1813244444473,,,,708.2000122070312
2014-08-12,615.6222534179688,610.9148403043555,,,,706.2000122070312
2014-08-13,637.241455078125,634.1032147489478,,,,731.0
2014-08-14,617.7144165039062,618.2374919823853,,,,708.5999755859375
2014-08-15,618.0631103515625,630.4418179844369,,,,709.0
2014-08-18,632.533935546875,627.6522173612052,,,,725.5999755859375
2014-08-19,634.2775268554688,637.2414619145142,,,,727.5999755859375
2014-08-20,625.3856811523438,620.5039100377955,,,,717.4000244140625
2014-08-21,603.2434692382812,613.8786971118635,,,,692.0
2014-08-22,609.3457641601562,614.2274829050651,,,,699.0
2014-08-25,625.0369873046875,621.7243890872373,,,,717.0
2014-08-26,627.6521606445312,624.5139211240017,,,,720.0
2014-08-27,615.0991821289062,617.7143998304862,,,,705.5999755859375
2014-08-28,592.7827758789062,590.341916266637,,,,680.0
2014-08-29,590.86474609375,601.8486905802886,,,,677.7999877929688
2014-09-02,600.2797241210938,606.3818998658317,,,,688.5999755859375
2014-09-03,659.2090454101562,662.5216429837296,,,,756.2000122070312
2014-09-04,666.8804931640625,677.8643858864222,,,,765.0
2014-09-05,682.0487670898438,668.4496037309958,,,,782.4000244140625
2014-09-08,672.4596557617188,677.8643963617017,,,,771.4000244140625
2014-09-09,657.291259765625,672.4595408890624,,,,754.0
2014-09-10,623.1190185546875,611.4377480287691,,,,714.7999877929688
2014-09-11,616.8426513671875,606.7304976884099,,,,707.5999755859375
2014-09-12,608.8226318359375,610.2173931661952,,,,698.4000244140625
2014-09-15,581.9730224609375,593.3056311617571,,,,667.5999755859375
2014-09-16,592.6084594726562,564.8871559780471,,,,679.7999877929688
2014-09-17,581.2757568359375,595.2235856896216,,,,666.7999877929688
2014-09-18,578.3118286132812,582.3218078034834,,,,663.4000244140625
2014-09-19,560.8768920898438,577.7885967117497,,,,643.4000244140625
2014-09-22,530.1918334960938,546.7548795898789,,,,608.2000122070312
2014-09-23,526.7046508789062,531.9350842477003,,,,604.2000122070312
2014-09-24,557.9130249023438,550.9391120910644,,,,640.0
2014-09-25,522.5205688476562,533.6788214843042,,,,599.4000244140625
2014-09-26,530.3661499023438,524.4382807843339,,,,608.4000244140625
2014-09-29,493.7530517578125,495.67083522887634,,,,566.4000244140625
2014-09-30,491.48651123046875,486.08171797896716,,,,563.7999877929688
2014-10-01,462.5447998046875,483.29223540038305,,,,530.5999755859375
2014-10-02,460.45257568359375,457.8373585402262,,,,528.2000122070312
2014-10-03,483.46649169921875,491.835219123847,,,,554.5999755859375
2014-10-06,505.2601013183594,511.0136128993554,,,,579.5999755859375
2014-10-07,492.53265380859375,506.82919813989275,,,,565.0
2014-10-08,519.730712890625,497.23986120719235,,,,596.2000122070312
2014-10-09,494.799072265625,510.66473389812563,,,,567.5999755859375
2014-10-10,468.1238708496094,478.9334563753833,,,,537.0
2014-10-13,479.97967529296875,489.568808352054,,,,550.5999755859375
2014-10-14,482.4206237792969,479.45668842271004,,,,553.4000244140625
2014-10-15,477.5386047363281,469.8673123193973,,,,547.7999877929688
2014-10-16,470.73919677734375,445.1100680512514,,,,540.0
2014-10-17,486.6050109863281,491.8354481093483,,,,558.2000122070312
2014-10-20,488.3483581542969,481.89746616186045,,,,560.2000122070312
2014-10-21,494.4504699707031,490.96351327585575,,,,567.2000122070312
2014-10-22,488.17388916015625,497.0656384969197,,,,560.0
2014-10-23,497.2401428222656,498.98362150929074,,,,570.4000244140625
2014-10-24,502.12176513671875,498.2860914814519,,,,576.0
2014-10-27,485.9073791503906,481.8973475022917,,,,557.4000244140625
2014-10-28,526.0075073242188,514.1518210909835,,,,603.4000244140625
2014-10-29,532.109619140625,542.2217723912721,,,,610.4000244140625
2014-10-30,533.1557006835938,524.2640029545847,,,,611.5999755859375
2014-10-31,552.159423828125,553.7285431592818,,,,633.4000244140625
2014-11-03,537.1656494140625,540.1295304595575,,,,616.2000122070312
2014-11-04,545.5341186523438,543.9649994874725,,,,625.7999877929688
2014-11-05,532.8069458007812,535.2478046267883,,,,611.2000122070312
2014-11-06,528.2740478515625,531.5866467511963,,,,606.0
2014-11-07,524.6124877929688,514.32597885717,,,,601.7999877929688
2014-11-10,526.5305786132812,539.6066691417568,,,,604.0
2014-11-11,532.8069458007812,531.5864897844118,,,,611.2000122070312
2014-11-12,532.8069458007812,536.4682606431578,,,,611.2000122070312
2014-11-13,542.3961791992188,547.9752785493142,,,,622.2000122070312
2014-11-14,572.906982421875,560.7026342707378,,,,657.2000122070312
2014-11-17,522.6947631835938,524.2639361893403,,,,599.5999755859375
2014-11-18,503.865234375,504.38825658819667,,,,578.0
2014-11-19,496.3683166503906,494.4504797887956,,,,569.4000244140625
2014-11-20,491.6609191894531,488.34832080080116,,,,564.0
2014-11-21,545.0112915039062,545.8830305967766,,,,625.2000122070312
2014-11-24,550.5904541015625,557.9130846198938,,,,631.5999755859375
2014-11-25,536.2940673828125,552.8571152990801,,,,615.2000122070312
2014-11-26,586.8549194335938,574.9992327864708,,,,673.2000122070312
2014-11-28,573.4301147460938,582.844888772097,,,,657.7999877929688
2014-12-01,527.9251708984375,526.1816927208248,,,,605.5999755859375
2014-12-02,565.7587280273438,561.9230543512432,,,,649.0
2014-12-03,556.866943359375,549.8930303474687,,,,638.7999877929688
2014-12-04,607.6021728515625,602.5460965452205,,,,697.0
2014-12-05,628.0007934570312,615.447730642816,,,,720.4000244140625
2014-12-08,614.9249267578125,636.1953338663611,,,,705.4000244140625
2014-12-09,553.0313720703125,547.277861402262,,,,634.4000244140625
2014-12-10,536.11962890625,562.6205229023608,,,,615.0
2014-12-11,543.615966796875,541.8685673879017,,,,622.2000122070312
2014-12-12,522.6471557617188,535.5779002743521,,,,598.2000122070312
2014-12-15,518.4533081054688,533.8303980779789,,,,593.4000244140625
2014-12-16,514.259521484375,501.1540285482147,,,,588.5999755859375
2014-12-17,553.576171875,528.2388776784071,,,,633.5999755859375
2014-12-18,560.9152221679688,564.7595222797419,,,,642.0
2014-12-19,571.2247314453125,561.4392862256782,,,,653.7999877929688
2014-12-22,611.9392700195312,596.5621238361924,,,,700.4000244140625
2014-12-23,586.60205078125,594.9895472980627,,,,671.4000244140625
2014-12-24,571.5743408203125,572.0985392972945,,,,654.2000122070312
2014-12-26,628.01513671875,625.3940384408534,,,,718.7999877929688
2014-12-29,624.8700561523438,627.3164047255478,,,,715.2000122070312
2014-12-30,595.8630981445312,598.3094462399641,,,,682.0
2014-12-31,624.8700561523438,630.1122545205238,13.105016404707884,,,715.2000122070312
2015-01-02,627.3165283203125,647.9358246337031,19.390139246102798,,,718.0
2015-01-05,622.0740966796875,642.169186881419,20.92806950081744,,,712.0
2015-01-06,597.9600830078125,619.1035726269255,15.27935794795856,,,684.4000244140625
2015-01-07,644.4408569335938,636.0533614103888,23.89042302747969,,,737.5999755859375
2015-01-08,661.0410766601562,653.0030832367922,29.294190845704165,,,756.5999755859375
2015-01-09,653.7020263671875,668.2054178415658,30.06746668343054,,,748.2000122070312
2015-01-12,636.5775756835938,656.1484701586998,25.745979012688053,,,728.5999755859375
2015-01-13,662.6138305664062,668.2054762856402,28.56840484946514,,,758.4000244140625
2015-01-14,642.693603515625,642.344155563212,24.433008142862917,,,735.5999755859375
2015-01-15,659.9927978515625,681.4857898946017,25.492219201759266,,,755.4000244140625
2015-01-16,649.1587524414062,631.8595123686758,22.053394182708743,,,743.0
2015-01-20,627.4911499023438,626.9668980742262,12.66269470551244,,,718.2000122070312
2015-01-21,686.7278442382812,661.7400585138558,23.541814679302462,,,786.0
2015-01-22,723.5980224609375,694.066986520694,31.628636830753194,,,828.2000122070312
2015-01-23,719.0549926757812,716.9580916581926,33.94075643491975,,,823.0
2015-01-26,717.4821166992188,712.7641175647371,34.77651939596081,,,821.2000122070312
2015-01-27,676.2434692382812,662.4390266555426,23.06005607551548,,,774.0
2015-01-28,640.5966186523438,665.2349603940487,6.4932925547884075,,,733.2000122070312
2015-01-29,652.1295776367188,648.285277035327,0.5465212217258735,,,746.4000244140625
2015-01-30,600.0570068359375,627.6659522753416,-16.029988634272346,,,686.7999877929688
2015-02-02,629.9373779296875,617.3560830316043,-17.02477855224595,,,721.0
2015-02-03,667.3317260742188,651.4303831116655,-7.748101778383522,,,763.7999877929688
2015-02-04,684.4561767578125,701.0564664605415,1.9422463824139924,,,783.4000244140625
2015-02-05,676.7678833007812,667.5066862101044,3.9051329671679404,,,774.5999755859375
2015-02-06,632.5587158203125,643.043114425069,-7.7003454866380965,,,724.0
2015-02-09,627.6659545898438,629.4133541813228,-15.218280302909989,,,718.4000244140625
2015-02-10,636.0534057617188,641.6451053846894,-16.68091568253966,,,728.0
2015-02-11,635.5291137695312,626.7921177228035,-17.793702612001205,,,727.4000244140625
2015-02-12,661.914794921875,655.2746992995297,-10.732812818620808,,,757.5999755859375
2015-02-13,673.9719848632812,672.7487839255842,-3.2874493212102096,,,771.4000244140625
2015-02-17,681.31103515625,682.1847348815918,3.222151165839708,,,779.7999877929688
2015-02-18,679.2141723632812,678.3404726578108,5.651520314667919,,,777.4000244140625
2015-02-19,678.3402099609375,670.1274145794777,6.343312543469723,,,776.4000244140625
2015-02-20,690.5722045898438,676.7677078605401,11.0500536017842,,,790.4000244140625
2015-02-23,672.9235229492188,684.980568203854,6.544652769332927,,,770.2000122070312
2015-02-24,697.5618286132812,686.203733053818,12.902854642805153,,,798.4000244140625
2015-02-25,686.7278442382812,691.2710925499191,13.588992465974195,,,786.0
2015-02-26,709.7935791015625,708.5703783262994,22.204172034655613,,,812.4000244140625
2015-02-27,709.0946044921875,713.2884054134666,25.30285734607101,,,811.5999755859375
2015-03-02,712.9389038085938,706.1240573051139,28.208410233673764,,,816.0
2015-03-03,658.4201049804688,664.011804666112,7.839114108333136,,,753.5999755859375
2015-03-04,627.4911499023438,629.2385493432713,-13.256378763643534,,,718.2000122070312
2015-03-05,613.3370361328125,618.0550346643879,-26.780036443749733,,,702.0
2015-03-06,592.5431518554688,606.1728459518735,-34.280170338711976,,,678.2000122070312
2015-03-09,613.3370361328125,612.1138355279198,-33.122738174513714,,,702.0
2015-03-10,570.5258178710938,580.1365131185395,-37.9207491719236,,,653.0
2015-03-11,575.5933837890625,575.069185270393,-39.4559732048541,,,658.7999877929688
2015-03-12,591.4946899414062,601.4548877347894,-37.156638655314595,,,677.0
2015-03-13,601.1053466796875,602.5032447600131,-33.49294742985992,,,688.0
2015-03-16,634.6553344726562,629.2383869386002,-23.434698708696203,,,726.4000244140625
2015-03-17,640.7713623046875,623.6468166967787,-16.5054058608413,,,733.4000244140625
2015-03-18,675.8939208984375,648.4597882277874,-2.3430703998259323,,,773.5999755859375
2015-03-19,673.09814453125,680.4371886450823,4.412760205334474,,,770.4000244140625
2015-03-20,682.8836669921875,676.7677690670862,10.653893079334514,,,781.5999755859375
2015-03-23,675.3697509765625,679.3887475690242,11.134559465568708,,,773.0
2015-03-24,667.1571044921875,659.4685573952358,8.307738853800824,,,763.5999755859375
2015-03-25,643.2176513671875,660.1673914843886,-0.4069060050832083,,,736.2000122070312
2015-03-26,641.99462890625,640.9461784376402,-5.630389978061981,,,734.7999877929688
2015-03-27,669.6033935546875,668.03069161643,0.02230643037120123,,,766.4000244140625
2015-03-30,746.838623046875,716.7833801249628,19.17036813363544,,,854.7999877929688
2015-03-31,731.8107299804688,719.7536867201352,24.925230151690773,,,837.5999755859375
2015-04-01,769.3800048828125,764.3125568244528,32.563060482277926,,,880.5999755859375
2015-04-02,792.4457397460938,780.9128914130636,36.97640664382183,,,907.0
2015-04-06,822.8502807617188,799.2603913281565,39.302786256203845,,,941.7999877929688
2015-04-07,829.4906005859375,841.3728963797423,40.1680158944806,,,949.4000244140625
2015-04-08,983.6112670898438,973.3015668978463,41.88049774472195,,,1125.800048828125
2015-04-09,1098.240234375,1039.178171502093,43.05077543722457,,,1257.0
2015-04-10,1076.2230224609375,1041.4497417773985,42.69592051650376,,,1231.800048828125
2015-04-13,1110.9967041015625,1142.1003973238337,42.05433379526834,,,1271.5999755859375
2015-04-14,1086.882568359375,1061.195772503278,40.3928371057278,,,1244.0
2015-04-15,1110.646728515625,1094.2212423986305,40.464468057254436,,,1271.199951171875
2015-04-16,1164.8162841796875,1144.0222973321663,41.49714110942492,,,1333.199951171875
2015-04-17,1020.8303833007812,993.22150405083,32.07391806524196,,,1168.4000244140625
2015-04-20,1043.72119140625,1029.043106750672,28.33076424954547,,,1194.5999755859375
2015-04-21,1110.646728515625,1122.3543227959647,30.992180246313776,,,1271.199951171875
2015-04-22,1169.534423828125,1156.603731964172,35.67244623821524,,,1338.5999755859375
2015-04-23,1133.53759765625,1118.8594054019059,35.267131543985826,,,1297.4000244140625
2015-04-24,1135.2855224609375,1139.6540213878668,35.12371210627291,,,1299.4000244140625
2015-04-27,1188.7559814453125,1186.309685884029,37.824760148359154,,,1360.5999755859375
2015-04-28,1188.7559814453125,1179.6694817751431,39.189996748803686,,,1360.5999755859375
2015-04-29,1139.6539306640625,1150.48782847096,34.74279970889433,,,1304.4000244140625
2015-04-30,1096.4930419921875,1113.0933350582047,26.80329824585586,,,1255.0
2015-05-01,1126.0238037109375,1106.1034151839626,25.754256851440466,,,1288.800048828125
2015-05-04,1151.011962890625,1116.2386734752267,27.173424833003867,,,1317.4000244140625
2015-05-05,1030.4415283203125,1055.4293203693574,10.886323939349422,,,1179.4000244140625
2015-05-06,966.136962890625,1030.9654240105162,-12.862675496907979,,,1105.800048828125
2015-05-07,964.9139404296875,946.7409445656896,-23.759199612182023,,,1104.4000244140625
2015-05-08,1035.1591796875,1028.8684794816343,-20.25144560638596,,,1184.800048828125
2015-05-11,1008.5987548828125,1050.5363321614927,-22.026696984380127,,,1154.4000244140625
2015-05-12,990.7754516601562,967.1855599539621,-25.56403966681423,,,1134.0
2015-05-13,957.4002685546875,969.9814601560304,-31.19965316676982,,,1095.800048828125
2015-05-14,983.0869140625,968.23401834236,-31.06504144127205,,,1125.199951171875
2015-05-15,1037.255859375,1017.3355775391409,-23.47365048523567,,,1187.199951171875
2015-05-18,991.9988403320312,988.329236935898,-25.815745535504547,,,1135.4000244140625
2015-05-19,1031.4896240234375,1033.0623258084133,-21.311522325779066,,,1180.5999755859375
2015-05-20,1002.3079223632812,1000.0363252235898,-23.01923271754934,,,1147.199951171875
2015-05-21,991.1251220703125,982.3881236505333,-25.737557693425515,,,1134.4000244140625
2015-05-22,1079.3685302734375,1066.612537170964,-13.435376360780142,,,1235.4000244140625
2015-05-26,1095.2698974609375,1123.7524856969096,-4.089961171697444,,,1253.5999755859375
2015-05-27,1092.12451171875,1077.0969210986138,0.8128537022481314,,,1250.0
2015-05-28,972.9521484375,968.2341478354323,-15.417240695667845,,,1113.5999755859375
2015-05-29,921.22900390625,964.5644885845621,-28.58301334948842,,,1054.4000244140625
2015-06-01,950.235595703125,966.3116885245037,-31.468073214555424,,,1087.5999755859375
2015-06-02,950.235595703125,944.4692000858847,-32.894618814090904,,,1087.5999755859375
2015-06-03,969.1076049804688,957.5748123108334,-30.23497714442593,,,1109.199951171875
2015-06-04,949.8860473632812,966.1369432764225,-31.494937821873936,,,1087.199951171875
2015-06-05,928.7427978515625,915.986803332044,-33.74702107667068,,,1063.0
2015-06-08,954.779052734375,952.332650969849,-30.85540239594372,,,1092.800048828125
2015-06-09,913.8899536132812,893.9696096491325,-34.295993557899784,,,1046.0
2015-06-10,891.1737060546875,867.0596153390612,-36.7019921648822,,,1020.0
2015-06-11,911.4435424804688,907.7740461676683,-35.00347726267873,,,1043.199951171875
2015-06-12,934.1595458984375,934.5090470601045,-30.763536295106082,,,1069.199951171875
2015-06-15,851.1582641601562,857.0994114950462,-36.77775108560283,,,974.2000122070312
2015-06-16,815.5111694335938,803.4540731579325,-39.734946788561686,,,933.4000244140625
2015-06-17,825.1218872070312,827.5682353139412,-40.292676798970604,,,944.4000244140625
2015-06-18,829.4906005859375,812.016604814811,-40.231035716944604,,,949.4000244140625
2015-06-19,806.0752563476562,804.3278570897369,-42.13054594053216,,,922.5999755859375
2015-06-22,836.8294067382812,840.4989554627517,-40.03549698655635,,,957.7999877929688
2015-06-23,895.3674926757812,891.6978899545359,-31.72379462593077,,,1024.800048828125
2015-06-24,899.73583984375,913.7150326529578,-25.66892939961353,,,1029.800048828125
2015-06-25,855.701416015625,873.8743571672237,-25.334275401136818,,,979.4000244140625
2015-06-26,785.630859375,802.2311553330568,-34.14620697657524,,,899.2000122070312
2015-06-29,722.7243041992188,743.1688424024829,-39.640723229250305,,,827.2000122070312
2015-06-30,775.1464233398438,781.9612706759857,-36.75092566407623,,,887.2000122070312
2015-07-01,758.0217895507812,755.5754412136768,-36.976057955712115,,,867.5999755859375
2015-07-02,760.6428833007812,769.7293808640128,-36.46379726545693,,10.317460317460316,870.5999755859375
2015-07-06,662.439208984375,666.6329574221429,-40.327494894672874,,0.7874015748031495,758.2000122070312
2015-07-07,578.2145385742188,559.1678928880024,-40.46686139569471,,0.78125,661.7999877929688
2015-07-08,452.5765075683594,485.7771007876599,-43.192192061015604,,0.0,518.0
2015-07-09,521.598876953125,536.4517762968488,-41.38582196102901,,1.5384615384615385,597.0
2015-07-10,591.14501953125,592.8924184105341,-36.47024237921768,,12.977099236641221,676.5999755859375
2015-07-13,597.9600830078125,607.3960288973467,-33.029645340173694,,19.696969696969695,684.4000244140625
2015-07-14,588.6987915039062,575.7680478324321,-31.762425026777603,,21.052631578947366,673.7999877929688
2015-07-15,548.8580932617188,565.9825839001057,-33.466030306169834,,18.65671641791045,628.2000122070312
2015-07-16,580.8356323242188,571.749186150551,-31.70748685368704,,22.962962962962962,664.7999877929688
2015-07-17,592.3684692382812,595.3390699131057,-29.600167318692094,,28.676470588235293,678.0
2015-07-20,581.01025390625,581.8839535361842,-29.41866838900783,,29.1970802919708,665.0
2015-07-21,589.3977661132812,596.5621139517584,-28.374727569930226,,30.434782608695656,674.5999755859375
2015-07-22,570.8755493164062,573.4966490775901,-29.501681362372384,,28.776978417266186,653.4000244140625
2015-07-23,570.7007446289062,584.3304407659381,-30.10198815583227,,27.857142857142858,653.2000122070312
2015-07-24,547.2854614257812,565.2836522056355,-31.681535793097026,,22.69503546099291,626.4000244140625
2015-07-27,483.3306579589844,479.83585935237767,-36.50614287773138,,11.971830985915492,553.2000122070312
2015-07-28,508.31842041015625,498.3582768916223,-36.59182196124669,,11.888111888111888,581.7999877929688
2015-07-29,525.9673461914062,505.3480496314104,-34.37106724630258,,15.277777777777779,602.0
2015-07-30,500.8046875,497.3098886386272,-35.82705907180573,,14.482758620689657,573.2000122070312
2015-07-31,495.56256103515625,503.60061024663435,-37.0071639931664,,8.904109589041095,567.2000122070312
2015-08-03,474.2441101074219,480.5347575994562,-38.50225666274832,,7.482993197278912,542.7999877929688
2015-08-04,484.3791198730469,484.7285677462875,-36.6655874873,,12.837837837837837,554.4000244140625
2015-08-05,493.9897766113281,499.9309232433778,-33.594573152237636,,20.80536912751678,565.4000244140625
2015-08-06,481.4085693359375,490.3203175823912,-36.18976707467675,,16.0,551.0
2015-08-07,496.61102294921875,501.85322212182945,-33.64696074893759,,21.192052980132452,568.4000244140625
2015-08-10,529.63671875,516.3564738998192,-23.879077600417205,,40.78947368421053,606.2000122070312
2015-08-11,509.01739501953125,498.70774980954235,-22.99079256925367,,43.790849673202615,582.5999755859375
2015-08-12,476.341064453125,469.52621778248107,-29.75496315904744,,33.116883116883116,545.2000122070312
2015-08-13,486.6507263183594,489.621326588743,-30.29871312317959,,31.61290322580645,557.0
2015-08-14,491.01910400390625,485.7769071640069,-29.393463749130323,,35.8974358974359,562.0
2015-08-17,481.5833740234375,469.70102391861093,-31.112623348184933,,29.29936305732484,551.2000122070312
2015-08-18,452.05218505859375,450.8289843132342,-36.501309400992646,,13.924050632911392,517.4000244140625
2015-08-19,420.4242858886719,437.89827904010133,-39.4725333335966,,6.289308176100629,481.20001220703125
2015-08-20,389.6700134277344,399.28070882617624,-42.36727368860242,,0.625,446.0
2015-08-21,361.1873779296875,380.5835180299519,-43.740852136491434,,0.0,413.3999938964844
2015-08-24,290.4178161621094,267.17739551129694,-42.462505254006565,,1.2345679012345678,332.3999938964844
2015-08-25,309.9886169433594,349.6546013331956,-40.13453589308317,,6.134969325153374,354.79998779296875
2015-08-26,332.70477294921875,323.2688286170263,-36.58264708956523,,15.853658536585366,380.79998779296875
2015-08-27,379.18560791015625,357.51786955199657,-27.331623049253885,,40.60606060606061,434.0
2015-08-28,345.1112976074219,348.08187053267005,-27.435744228564328,,40.36144578313253,395.0
2015-08-31,332.1805725097656,336.5490701668473,-29.12566519393226,,38.92215568862276,380.20001220703125
2015-09-01,286.3988037109375,296.1842528173833,-34.549422050348554,,20.238095238095237,327.79998779296875
2015-09-02,296.7084655761719,295.4852911551583,-36.14084115668951,,18.93491124260355,339.6000061035156
2015-09-03,301.6011657714844,302.9990640474417,-36.0773947500749,,19.411764705882355,345.20001220703125
2015-09-04,269.448974609375,276.6133226142279,-39.449096406671444,,9.35672514619883,308.3999938964844
2015-09-08,325.01629638671875,322.04572266636177,-32.30423767841498,,29.069767441860467,372.0
2015-09-09,326.5888977050781,348.08191305888033,-27.4702738328035,,42.19653179190752,373.79998779296875
2015-09-10,328.6859130859375,323.26896303998547,-23.987469945086815,,47.12643678160919,376.20001220703125
2015-09-11,335.8501892089844,322.3952179652952,-20.92263255217537,,52.0,384.3999938964844
2015-09-14,324.8415222167969,324.14257315559485,-20.870982404181074,,52.27272727272727,371.79998779296875
2015-09-15,338.9954528808594,327.63735781010894,-17.380152614170033,,53.672316384180796,388.0
2015-09-16,368.35174560546875,358.39157579790316,-7.951008905521101,,59.55056179775281,421.6000061035156
2015-09-17,356.644287109375,345.6356637385286,-3.9083884938105156,,62.01117318435754,408.20001220703125
2015-09-18,333.57855224609375,344.23769980901335,-4.633389541468477,,61.111111111111114,381.79998779296875
2015-09-21,346.8587646484375,344.2376656712453,0.5409810223649169,,64.64088397790056,397.0
2015-09-22,328.6859130859375,327.2879879131236,-1.3827367234842058,,63.18681318681318,376.20001220703125
2015-09-23,315.05615234375,321.87100009967463,-7.011378027565983,,59.56284153005464,360.6000061035156
2015-09-24,307.0181579589844,298.80538373857706,-12.546644339273652,,57.065217391304344,351.3999938964844
2015-09-25,304.7463684082031,321.17193465434497,-16.231815570964407,,53.51351351351351,348.79998779296875
2015-09-28,287.79669189453125,297.4073891304113,-23.438458469564797,,46.236559139784944,329.3999938964844
2015-09-29,287.09765625,283.60285830821834,-27.440947529392467,,39.57219251336899,328.6000061035156
2015-09-30,308.0665588378906,305.4454594036429,-21.388047862343576,,48.93617021276596,352.6000061035156
2015-10-01,314.8813171386719,316.1044911941013,-15.475012615685301,,55.026455026455025,360.3999938964844
2015-10-02,349.3051452636719,320.6478044670469,-0.9112666147348982,,64.73684210526316,399.79998779296875
2015-10-05,368.35174560546875,358.39157579790316,13.06123556719814,,75.91623036649214,421.6000061035156
2015-10-06,352.1009826660156,353.32415692576393,13.630802821681664,,77.08333333333334,403.0
2015-10-07,395.0870056152344,392.2911559764039,24.060772224154068,,81.86528497409327,452.20001220703125
2015-10-08,401.3776550292969,382.68048593497684,30.810870726309286,,88.65979381443299,459.3999938964844
2015-10-09,395.7859802246094,399.6302537285881,32.17011166908262,,90.25641025641026,453.0
2015-10-12,397.1838684082031,406.44509008180387,33.13733853179753,,90.81632653061224,454.6000061035156
2015-10-13,379.8846130371094,387.2237117345036,27.763156909430265,,84.77157360406092,434.79998779296875
2015-10-14,386.0005187988281,389.14584306779835,26.938185448330692,,83.83838383838383,441.79998779296875
2015-10-15,423.7442932128906,413.7841234060926,33.58217529839185,,90.95477386934674,485.0
2015-10-16,427.58856201171875,420.42424157272563,37.15487013746673,,94.5,489.3999938964844
2015-10-19,417.62847900390625,420.5990528106245,36.45313195802496,,93.53233830845771,478.0
2015-10-20,417.9779357910156,415.0073621106529,36.1336006712898,,93.06930693069307,478.3999938964844
2015-10-21,399.6302185058594,411.33778859830926,29.808165111340664,,85.22167487684729,457.3999938964844
2015-10-22,425.8412170410156,410.63884800085754,33.737638611768276,,89.70588235294117,487.3999938964844
2015-10-23,447.50885009765625,446.98462511710835,36.72288245641004,,93.65853658536587,512.2000122070312
2015-10-26,417.62847900390625,418.50217875077635,30.878245916873276,,85.43689320388349,478.0
2015-10-27,407.66839599609375,405.9209961218398,24.15290390471251,,76.81159420289855,466.6000061035156
2015-10-28,395.4365234375,404.6977463837317,16.03816804531776,,72.11538461538461,452.6000061035156
2015-10-29,383.90362548828125,381.80675163573596,7.910647452752211,,66.02870813397129,439.3999938964844
2015-10-30,379.3603515625,384.9520232951358,0.8623235255727082,,61.42857142857143,434.20001220703125
2015-11-02,388.2721252441406,377.263504148073,-2.9476859213075532,,57.345971563981045,444.3999938964844
2015-11-03,390.8931579589844,380.05928929784534,-4.067001471054075,,56.132075471698116,447.3999938964844
2015-11-04,405.0472106933594,418.50218155259824,-3.3886813215298304,,56.8075117370892,463.6000061035156
2015-11-05,411.1631164550781,411.6873416489029,-0.14256069082803136,,59.813084112149525,470.6000061035156
2015-11-06,399.9797058105469,393.51433346314917,-4.264279089751923,,54.88372093023256,457.79998779296875
2015-11-09,375.8656311035156,389.495325437383,-16.129065635777536,,47.68518518518518,430.20001220703125
2015-11-10,368.1770935058594,370.9729435548213,-23.42801952577604,,41.013824884792626,421.3999938964844
2015-11-11,367.4780578613281,375.86557937151224,-27.368570417680093,,34.862385321100916,420.6000061035156
2015-11-12,366.779052734375,376.7392487260925,-29.672072149602297,,30.136986301369863,419.79998779296875
2015-11-13,345.1112976074219,351.22719402071795,-33.04963576796964,,21.818181818181817,395.0
2015-11-16,361.1873779296875,345.2860625890106,-28.5887968902242,,33.03167420814479,413.3999938964844
2015-11-17,355.595703125,360.663149654133,-28.182922659041985,,34.234234234234236,407.0
2015-11-18,363.2843017578125,352.10095696610347,-24.82783452775953,,39.46188340807175,415.79998779296875
2015-11-19,364.1581115722656,365.0318114816647,-22.689411939636646,,43.75,416.79998779296875
2015-11-20,383.5541076660156,377.78768522495824,-13.823733857670664,,51.55555555555556,439.0
2015-11-23,370.6233825683594,375.16660450984784,-11.610660495079678,,53.53982300884957,424.20001220703125
2015-11-24,370.6233825683594,355.4209881328672,-10.12552047277059,,54.18502202643172,424.20001220703125
2015-11-25,368.35174560546875,368.70122010231063,-10.540705711145968,,53.94736842105263,421.6000061035156
2015-11-27,337.59747314453125,339.34487210145244,-23.684226790063555,,40.174672489082965,386.3999938964844
2015-11-30,351.5767517089844,336.723856903548,-23.640916547285908,,40.43478260869565,402.3999938964844
2015-12-01,357.69268798828125,352.97471446422156,-20.621020760527443,,45.887445887445885,409.3999938964844
2015-12-02,348.0819091796875,359.44000377973833,-23.411114198534833,,42.241379310344826,398.3999938964844
2015-12-03,339.69439697265625,351.2272424651485,-28.04488407591488,,33.047210300429185,388.79998779296875
2015-12-04,349.13043212890625,335.67546105348214,-25.751375867588976,,36.324786324786324,399.6000061035156
2015-12-07,333.22906494140625,337.5975635029433,-29.650374189601443,,28.936170212765955,381.3999938964844
2015-12-08,318.0267028808594,308.06653125514276,-32.27637093982971,,22.033898305084744,364.0
2015-12-09,309.1149597167969,311.561335005474,-36.746596497959885,,10.126582278481013,353.79998779296875
2015-12-10,299.3294982910156,301.6011226595329,-39.631885874612536,,5.88235294117647,342.6000061035156
2015-12-11,274.51641845703125,281.15651392856716,-42.30185985077787,,1.6736401673640167,314.20001220703125
2015-12-14,287.09765625,282.9038827219467,-40.51180710348113,,2.9166666666666665,328.6000061035156
2015-12-15,301.0769348144531,298.6305595520262,-34.23367038398047,,18.672199170124482,344.6000061035156
2015-12-16,317.5024108886719,314.5318377536375,-23.650459020541362,,42.14876033057851,363.3999938964844
2015-12-17,305.44537353515625,320.6477406473794,-22.189003418027607,,46.09053497942387,349.6000061035156
2015-12-18,313.8329772949219,312.6097762503251,-17.987879054665452,,49.18032786885246,359.20001220703125
2015-12-21,323.96783447265625,325.54050991299255,-11.447919045694801,,56.326530612244895,370.79998779296875
2015-12-22,325.7153015136719,318.0267533077765,-6.061557664945966,,59.34959349593496,372.79998779296875
2015-12-23,344.5871887207031,336.19966548007073,4.845355979239746,,68.82591093117408,394.3999938964844
2015-12-24,342.1408386230469,338.4712888877467,10.356869709655149,,71.7741935483871,391.6000061035156
2015-12-28,326.4141540527344,322.22038025541633,8.28978504498649,,71.08433734939759,373.6000061035156
2015-12-29,328.5111389160156,331.83118763339627,8.475171524917835,,71.6,376.0
2015-12-30,313.4833984375,316.6287222561201,1.0512462759362595,,66.13545816733067,358.79998779296875
2015-12-31,309.9886169433594,309.81389301590605,-4.827761101586096,,58.730158730158735,354.79998779296875
2016-01-04,279.7586669921875,278.18599146463464,-20.516885953039925,,47.03557312252965,320.20001220703125
2016-01-05,275.3901672363281,276.26386697164236,-30.055761277800602,,28.346456692913385,315.20001220703125
2016-01-06,257.56658935546875,256.16869155429464,-36.29374006313593,,14.117647058823529,294.79998779296875
2016-01-07,227.68614196777344,232.22936430639592,-41.03522769387587,,2.734375,260.6000061035156
2016-01-08,221.04605102539062,234.50102271168703,-43.30797114743165,,0.38910505836575876,253.0
2016-01-11,216.85227966308594,221.74500369453625,-43.58608200505277,,0.3875968992248062,248.1999969482422
2016-01-12,215.45437622070312,218.94917542407802,-43.947403432209356,,0.0,246.60000610351562
2016-01-13,203.92149353027344,218.59965035639155,-44.51572778742584,,0.0,233.39999389648438
2016-01-14,212.4837646484375,202.87306793601016,-42.75150325555428,,2.2988505747126435,243.1999969482422
2016-01-15,182.77798461914062,179.80741080851794,-43.120219914709274,,2.2900763358778624,209.1999969482422
2016-01-19,196.05821228027344,201.82463577799902,-40.93771761499974,,5.323193916349809,224.39999389648438
2016-01-20,176.6620330810547,174.04093462782956,-41.5065379690285,,4.545454545454546,202.1999969482422
2016-01-21,179.807373046875,174.9146501528604,-41.232196182681434,,5.283018867924529,205.8000030517578
2016-01-22,197.9803466796875,195.35924772098872,-37.44535594939736,,12.030075187969924,226.60000610351562
2016-01-25,183.82638549804688,190.990732688095,-37.69944085722363,,11.985018726591761,210.39999389648438
2016-01-26,187.67068481445312,181.55478735152514,-37.00733294117814,,13.059701492537313,214.8000030517578
2016-01-27,180.15689086914062,182.42851561590402,-37.69668447335516,,12.267657992565056,206.1999969482422
2016-01-28,187.49595642089844,190.9907551364298,-36.10103973827443,,19.62962962962963,214.60000610351562
2016-01-29,205.66888427734375,200.601437169734,-27.75626373721229,,37.63837638376384,235.39999389648438
2016-02-01,192.7381591796875,190.11706007931966,-26.995235344628867,,39.705882352941174,220.60000610351562
2016-02-02,178.23472595214844,188.54438433530808,-30.4792017045173,,31.135531135531135,204.0
2016-02-03,186.2727813720703,181.2053202281581,-28.275940355447567,,36.86131386861314,213.1999969482422
2016-02-04,181.20535278320312,184.5254150485603,-28.441697432063794,,36.36363636363637,207.39999389648438
2016-02-05,177.53578186035156,186.79700429920567,-29.459150023136893,,34.42028985507246,203.1999969482422
2016-02-08,166.5271453857422,169.84719312655955,-33.169867188552644,,24.548736462093864,190.60000610351562
2016-02-09,161.80914306640625,158.3143451024165,-36.10635356719923,,19.06474820143885,185.1999969482422
2016-02-10,164.9545135498047,168.62404979085034,-35.97025224317918,,20.07168458781362,188.8000030517578
2016-02-11,154.6448211669922,149.75209832850496,-37.376868464445174,,12.5,177.0
2016-02-12,164.7797393798828,157.96488026834334,-32.02827563620748,,27.75800711743772,188.60000610351562
2016-02-16,185.7485809326172,182.95273093563415,-13.023661053423757,,58.156028368794324,212.60000610351562
2016-02-17,193.78660583496094,186.62227060235014,3.1498164588755193,,70.31802120141343,221.8000030517578
2016-02-18,188.54437255859375,196.93188055113578,8.224677103857312,,73.94366197183099,215.8000030517578
2016-02-19,188.54437255859375,188.71910980876382,10.970370805774934,,76.14035087719299,215.8000030517578
2016-02-22,204.4457244873047,197.98035220795262,22.222356747783326,,81.46853146853147,234.0
2016-02-23,189.06857299804688,195.88343199976063,18.84710651126083,,79.44250871080139,216.39999389648438
2016-02-24,187.49595642089844,178.40947176155737,16.206838825766635,,79.16666666666666,214.60000610351562
2016-02-25,185.39907836914062,178.93370575803687,13.241289370871707,,77.50865051903114,212.1999969482422
2016-02-26,186.447509765625,192.73815824115522,12.695399497876966,,76.20689655172413,213.39999389648438
2016-02-29,184.0011749267578,186.27278630550276,10.35406673449896,,73.53951890034365,210.60000610351562
2016-03-01,204.09628295898438,194.1360970279161,23.0481075377885,,81.84931506849315,233.60000610351562
2016-03-02,216.85227966308594,210.56164400236443,31.0085201340568,,90.10238907849829,248.1999969482422
2016-03-03,217.72598266601562,211.61008420162418,34.9960609363592,,93.5374149659864,249.1999969482422
2016-03-04,235.89891052246094,223.84186576103653,37.811367146328735,,96.27118644067797,270.0
2016-03-07,228.38510131835938,223.49239088868265,36.79272476694867,,95.27027027027027,261.3999938964844
2016-03-08,212.4837646484375,218.25018800853368,30.063871009262964,,87.54208754208754,243.1999969482422
2016-03-09,214.9301300048828,215.80382972034982,27.338671447246142,,85.23489932885906,246.0
2016-03-10,210.03738403320312,218.42490574650836,23.78989887063878,,80.93645484949833,240.39999389648438
2016-03-11,232.05465698242188,224.01660868469455,30.079199042115146,,88.0,265.6000061035156
2016-03-14,232.92831420898438,232.57883970835059,33.48334592283782,,91.0299003322259,266.6000061035156
2016-03-15,228.9093475341797,225.06507374792545,32.69469569237682,,90.39735099337747,262.0
2016-03-16,236.24838256835938,221.91971348688506,35.852819277098504,,94.05940594059405,270.3999938964844
2016-03-17,244.6359405517578,235.3747174696581,38.20881091454914,,96.71052631578947,280.0
2016-03-18,249.17918395996094,250.22760768137286,38.84284034827341,,96.72131147540983,285.20001220703125
2016-03-21,250.22756958007812,250.22756958007812,39.282714886557734,,97.05882352941177,286.3999938964844
2016-03-22,244.46115112304688,243.58745147405358,37.08110146299967,,94.78827361563518,279.79998779296875
2016-03-23,233.4525909423828,243.4127630616848,31.13761855520092,,87.33766233766234,267.20001220703125
2016-03-24,228.55984497070312,223.14289621002615,25.45603857927104,,80.58252427184466,261.6000061035156
2016-03-28,234.50099182128906,227.16191974672682,24.39477673413849,,79.35483870967742,268.3999938964844
2016-03-29,241.3158416748047,228.55982210342876,26.694176717825872,,81.67202572347267,276.20001220703125
2016-03-30,252.14968872070312,254.24656225199843,31.295258078581206,,87.5,288.6000061035156
2016-03-31,250.40234375,252.32446712583544,32.460387168394135,,88.49840255591054,286.6000061035156
2016-04-01,246.7327423095703,234.15147439133153,30.88550467202944,,85.98726114649682,282.3999938964844
2016-04-04,237.8211212158203,246.20861884662747,24.72065185313328,,78.73015873015873,272.20001220703125
2016-04-05,221.22073364257812,226.11344335029335,10.142091628891594,,67.72151898734177,253.1999969482422
2016-04-06,233.80198669433594,224.54076685334925,10.95419088529445,,69.08517350157729,267.6000061035156
2016-04-07,220.3470458984375,225.41450646196415,2.4193807247838914,,62.57861635220125,252.1999969482422
2016-04-08,229.08407592773438,233.9767730009497,4.23108002750611,,63.63636363636363,262.20001220703125
2016-04-11,237.2967987060547,241.14107132202798,6.808035746917483,,65.625,271.6000061035156
2016-04-12,247.2570037841797,240.61688103542792,15.76704427299821,,73.20872274143302,283.0
2016-04-13,276.0891418457031,274.34174221376827,29.313000605888934,,84.16149068322981,316.0
2016-04-14,274.3417053222656,275.2154050207442,35.25738345428026,,92.26006191950464,314.0
2016-04-15,264.0320739746094,268.4005727057366,32.892923673268,,89.19753086419753,302.20001220703125
2016-04-18,269.0995788574219,262.63420469803407,34.23802627829564,,90.76923076923077,308.0
2016-04-19,278.8849792480469,272.0701049952841,38.23143208651728,,96.31901840490798,319.20001220703125
2016-04-20,268.75006103515625,265.9542110387701,35.23981057205894,,91.74311926605505,307.6000061035156
2016-04-21,263.5078430175781,268.9247653275052,30.817612079026365,,84.45121951219512,301.6000061035156
2016-04-22,259.8382873535156,261.06146160984895,26.579348009990834,,79.33130699088146,297.3999938964844
2016-04-25,251.27598571777344,252.67391027369516,19.226102789165658,,72.72727272727273,287.6000061035156
2016-04-26,254.945556640625,253.722382417993,17.596645889941374,,71.90332326283988,291.79998779296875
2016-04-27,261.4109802246094,251.80028281433994,20.485233801428855,,73.19277108433735,299.20001220703125
2016-04-28,253.5476531982422,254.7708273953964,17.070202723671883,,71.47147147147147,290.20001220703125
2016-04-29,242.01480102539062,244.63589995346345,8.230069851993244,,64.07185628742515,277.0
2016-05-02,240.2673797607422,244.46112699674273,2.041421593836681,,59.40298507462687,275.0
2016-05-03,222.79342651367188,229.08407510404348,-12.788166388945916,,49.404761904761905,255.0
2016-05-04,214.23118591308594,218.599684864542,-24.07084675630626,,37.388724035608305,245.1999969482422
2016-05-05,215.62905883789062,220.1722939839381,-28.629777746422143,,30.76923076923077,246.8000030517578
2016-05-06,212.13427734375,208.98895327618982,-31.90861254942036,,23.303834808259587,242.8000030517578
2016-05-09,202.34886169433594,208.8142343283478,-36.26530391529144,,15.294117647058824,231.60000610351562
2016-05-10,215.2795867919922,207.76577785802994,-29.791575010021106,,28.445747800586513,246.39999389648438
2016-05-11,205.31942749023438,206.89208960116028,-31.897039307957204,,23.684210526315788,235.0
2016-05-12,203.92149353027344,209.51317930439393,-33.771549253760256,,19.533527696793,233.39999389648438
2016-05-13,193.43711853027344,199.37827947241917,-36.56110797950536,,13.662790697674417,221.39999389648438
2016-05-16,204.79519653320312,201.30039786655053,-30.53719018575326,,27.536231884057973,234.39999389648438
2016-05-17,200.950927734375,203.74676406262037,-28.951961278361455,,32.080924855491325,230.0
2016-05-18,197.1066436767578,198.504555098679,-30.536335835782292,,27.6657060518732,225.60000610351562
2016-05-19,192.38864135742188,193.78656599268564,-33.64555846490892,,20.402298850574713,220.1999969482422
2016-05-20,200.7761993408203,199.37827444908902,-28.612829110919158,,32.95128939828081,229.8000030517578
2016-05-23,199.90252685546875,200.7762266989528,-26.176973291022648,,37.42857142857143,228.8000030517578
2016-05-24,210.9111328125,203.04783437295458,-16.680150517102305,,47.863247863247864,241.39999389648438
2016-05-25,221.9197235107422,217.90069956334096,-5.4024105224147965,,55.11363636363637,254.0
2016-05-26,220.52178955078125,221.04601468108345,-0.20807192315011538,,58.92351274787535,252.39999389648438
2016-05-27,224.01657104492188,225.2397451464816,7.891624644527891,,65.2542372881356,256.3999938964844
2016-05-31,239.21893310546875,233.2777866573754,22.054704409090256,,75.49295774647888,273.79998779296875
2016-06-01,236.07366943359375,232.92834518324142,28.09281980621282,,82.58426966292134,270.20001220703125
2016-06-02,242.18955993652344,236.4231367640923,34.60678696869987,,91.03641456582633,277.20001220703125
2016-06-03,242.71380615234375,241.14115709742447,37.38783845969094,,95.53072625698324,277.79998779296875
2016-06-06,252.67398071289062,247.43178216418502,39.87735131239326,,97.7715877437326,289.20001220703125
2016-06-07,261.2362365722656,260.7120113669051,41.20057636569887,,98.61111111111111,299.0
2016-06-08,264.0320739746094,262.45939843348344,42.48644782515992,,99.44598337950139,302.20001220703125
2016-06-09,259.4888610839844,255.9940616081058,41.69109029693763,,98.61878453038673,297.0
2016-06-10,239.5685272216797,237.471626096311,31.166377600166008,,85.67493112947659,274.20001220703125
2016-06-13,223.66712951660156,225.23977835573533,16.625649323858784,,71.15384615384616,256.0
2016-06-14,224.89028930664062,222.61867816782947,9.504091302575679,,65.20547945205479,257.3999938964844
2016-06-15,226.8124542236328,229.2588027913837,7.0918334950742485,,62.841530054644814,259.6000061035156
2016-06-16,224.54083251953125,213.88169838920425,4.136946724677575,,60.49046321525886,257.0
2016-06-17,222.2692413330078,221.5702921031144,0.7264943140016792,,57.88043478260869,254.39999389648438
2016-06-20,233.10305786132812,236.59785648991294,4.356545040086832,,60.97560975609756,266.79998779296875
2016-06-21,240.2673797607422,237.64628107244317,11.057902127341961,,67.83783783783784,275.0
2016-06-22,246.20849609375,248.13064556268114,17.187242092946622,,71.96765498652292,281.79998779296875
2016-06-23,264.73101806640625,256.8677205000773,30.075394749412187,,83.60215053763442,303.0
2016-06-24,216.67752075195312,222.44394397557218,6.5918778292500795,,62.19839142091153,248.0
2016-06-27,213.88165283203125,218.9491128960677,-7.031691819105471,,51.06951871657755,244.8000030517578
2016-06-28,229.78298950195312,226.987140181138,-3.336789128315682,,54.13333333333333,263.0
2016-06-29,241.3158416748047,241.3158416748047,5.3204420897420945,,61.170212765957444,276.20001220703125
2016-06-30,252.14968872070312,247.25696603888505,16.001155313349766,,70.82228116710876,288.6000061035156
2016-07-01,257.2171630859375,256.16873953867093,23.89240681299049,,76.45502645502646,294.3999938964844
2016-07-05,239.9178924560547,244.2863900365976,17.66923262742665,,72.29551451187335,274.6000061035156
2016-07-06,237.99575805664062,230.6566869852049,13.184951094503845,,68.94736842105263,272.3999938964844
2016-07-07,235.02520751953125,241.1411051129763,9.199577441176881,,64.56692913385827,269.0
2016-07-08,249.70330810546875,241.49053808315628,16.365285673307035,,71.20418848167539,285.79998779296875
2016-07-11,255.64453125,254.4213570327958,23.348381657650428,,75.71801566579634,292.6000061035156
2016-07-12,270.3226623535156,267.70156344253155,31.800695849025608,,86.97916666666666,309.3999938964844
2016-07-13,267.1773376464844,269.27423810048276,34.212220155281614,,89.87012987012987,305.79998779296875
2016-07-14,279.9333801269531,277.1375570690963,37.948265186459636,,95.33678756476684,320.3999938964844
2016-07-15,278.18597412109375,280.10812409164384,39.164115581131966,,96.12403100775194,318.3999938964844
2016-07-18,285.00079345703125,276.0890477075237,41.182215662833755,,97.9381443298969,326.20001220703125
2016-07-19,268.9247131347656,275.0406100373007,34.856996497763134,,90.23136246786633,307.79998779296875
2016-07-20,278.18597412109375,278.01125018217,35.28838325089394,,91.53846153846153,318.3999938964844
2016-07-21,277.8365173339844,279.5839168140723,35.199316989400614,,90.53708439897699,318.0
2016-07-22,282.3797607421875,279.2344364111662,37.36144653503949,,93.87755102040816,323.20001220703125
2016-07-25,276.0891418457031,279.93341570331927,34.86564770576684,,89.56743002544529,316.0
2016-07-26,285.1755065917969,282.030183112933,37.749176336269,,94.16243654822335,326.3999938964844
2016-07-27,282.0302429199219,283.078693189607,36.94364734618848,,92.65822784810128,322.79998779296875
2016-07-28,277.66168212890625,278.0111832490057,33.672563365605164,,86.86868686868688,317.79998779296875
2016-07-29,276.6134033203125,269.79852786470155,31.203013693690867,,83.6272040302267,316.6000061035156
2016-08-01,274.51641845703125,280.1080904314171,28.441550615712973,,79.39698492462311,314.20001220703125
2016-08-02,271.72064208984375,269.6237678693793,24.903519134259685,,75.18796992481202,311.0
2016-08-03,273.8174743652344,265.6047027062977,24.33711804216224,,74.25,313.3999938964844
2016-08-04,275.3901672363281,274.6911914501568,24.894009139781335,,75.06234413965088,315.20001220703125
2016-08-05,288.49560546875,283.25340810708786,32.965112691042954,,86.06965174129353,330.20001220703125
2016-08-08,293.3883056640625,294.6115063956342,36.415671462082884,,91.81141439205956,335.79998779296875
2016-08-09,301.0769348144531,298.805310164771,38.12738259672657,,95.04950495049505,344.6000061035156
2016-08-10,296.53369140625,301.9506405505553,35.67160489124524,,90.61728395061729,339.3999938964844
2016-08-11,315.2308654785156,308.41601795665184,39.643049065396234,,96.79802955665025,360.79998779296875
2016-08-12,317.8518981933594,315.9297751052705,41.43620615576747,,98.28009828009829,363.79998779296875
2016-08-15,338.82080078125,333.403877555427,42.945965482806336,,99.75490196078431,387.79998779296875
2016-08-16,334.45220947265625,335.50065969949594,42.430831156313474,,99.02200488997555,382.79998779296875
2016-08-17,327.8121643066406,325.5405395724345,40.03524189544585,,96.34146341463415,375.20001220703125
2016-08-18,335.325927734375,332.180630205531,41.01116867334565,,97.08029197080292,383.79998779296875
2016-08-19,329.73419189453125,329.20996685246945,39.55414609940082,,95.3883495145631,377.3999938964844
2016-08-22,321.87091064453125,325.7151833528792,34.91421715216197,,87.16707021791767,368.3999938964844
2016-08-23,320.2983093261719,326.763681651885,31.305461969805105,,81.64251207729468,366.6000061035156
2016-08-24,316.10455322265625,316.6287783959064,26.183546795124187,,74.4578313253012,361.79998779296875
2016-08-25,315.75506591796875,311.56131802762314,23.145018646014627,,69.71153846153845,361.3999938964844
2016-08-26,311.2118225097656,319.59931772526943,18.256418968544416,,66.66666666666666,356.20001220703125
2016-08-29,317.67718505859375,312.78446188639083,19.816980515371075,,67.70334928229666,363.6000061035156
2016-08-30,323.96783447265625,325.8899844564455,24.75131691345416,,72.55369928400954,370.79998779296875
2016-08-31,313.4833984375,317.15294733642264,19.125180196999963,,66.66666666666666,358.79998779296875
2016-09-01,320.6477966308594,321.1720217945034,19.938135007626563,,67.6959619952494,367.0
2016-09-02,340.21868896484375,337.0733644245226,29.831807872601544,,78.43601895734598,389.3999938964844
2016-09-06,356.4694519042969,355.59575226727657,36.20869084403157,,90.0709219858156,408.0
2016-09-07,355.7704772949219,356.4694262890341,39.049892436652364,,94.33962264150944,407.20001220703125
2016-09-08,365.3812561035156,360.3137814170685,40.7666216076661,,96.94117647058823,418.20001220703125
2016-09-09,343.0144958496094,362.23588859381044,29.631765628306628,,77.46478873239437,392.6000061035156
2016-09-12,344.5871887207031,323.4436699922271,24.527822409352204,,71.42857142857143,394.3999938964844
2016-09-13,317.1529541015625,322.56990227491156,3.631225132289945,,52.336448598130836,363.0
2016-09-14,318.0267028808594,320.99727664106257,-7.056194555897563,,44.52214452214452,364.0
2016-09-15,334.2774963378906,324.8415239812247,-3.0286683685625784,,47.906976744186046,382.6000061035156
2016-09-16,328.860595703125,327.4626707061456,-4.648267802687886,,45.93967517401392,376.3999938964844
2016-09-19,330.60797119140625,335.67544560327815,-4.387719380922494,,46.2962962962963,378.3999938964844
2016-09-20,333.0542907714844,338.6459627543745,-2.5220450542221573,,48.49884526558891,381.20001220703125
2016-09-21,356.9936828613281,344.23766261944036,13.97051676304479,,62.903225806451616,408.6000061035156
2016-09-22,361.0127868652344,362.0612106820267,24.350844470181364,,71.26436781609196,413.20001220703125
2016-09-23,342.66497802734375,345.4608006208564,17.109246874795385,,64.6788990825688,392.20001220703125
2016-09-26,321.6961669921875,326.5888628681262,0.20441993190514846,,49.88558352402746,368.20001220703125
2016-09-27,333.7532653808594,332.5300912068674,-2.901209344174567,,47.94520547945205,382.0
2016-09-28,343.0144958496094,338.82072143477404,1.6865242477835898,,51.48063781321185,392.6000061035156
2016-09-29,332.00592041015625,342.14084331321186,-3.4356022623596987,,46.590909090909086,380.0
2016-09-30,333.57855224609375,329.55955474639643,-5.390169532178589,,44.67120181405896,381.79998779296875
2016-10-03,334.9764404296875,330.95741670762,-5.254503455812864,,44.79638009049774,383.3999938964844
2016-10-04,326.5888977050781,338.64596810511136,-10.101459690736565,,42.43792325056434,373.79998779296875
2016-10-05,350.7030944824219,344.23772129330973,2.851731502979621,,52.702702702702695,401.3999938964844
2016-10-06,354.54730224609375,349.47985501367424,11.93785826731801,,61.12359550561798,405.79998779296875
2016-10-07,345.810302734375,349.8293263632205,11.784443277485455,,60.98654708520179,395.79998779296875
2016-10-10,360.31378173828125,352.6252343865294,21.551526746175483,,68.45637583892618,412.3999938964844
2016-10-11,329.5594787597656,335.5006249954491,5.963615531532511,,54.91071428571429,377.20001220703125
2016-10-12,327.63739013671875,323.96784070190785,-6.973509626120176,,43.42984409799555,375.0
2016-10-13,312.6097717285156,307.8917982324066,-17.787365035951982,,36.666666666666664,357.79998779296875
2016-10-14,319.9488220214844,323.09411942626883,-19.077012584703112,,36.14190687361419,366.20001220703125
2016-10-17,311.3865661621094,311.91079131208033,-24.320782433202986,,30.752212389380528,356.3999938964844
2016-10-18,326.4141540527344,331.30687681800845,-17.308051741215262,,37.30684326710817,373.6000061035156
2016-10-19,328.1615295410156,327.4625539601219,-12.66898505409949,,40.969162995594715,375.6000061035156
2016-10-20,327.1131286621094,325.8899545407084,-10.61664335947754,,41.97802197802198,374.3999938964844
2016-10-21,326.4141540527344,320.2982572619403,-9.917831024546429,,42.76315789473684,373.6000061035156
2016-10-24,333.0542907714844,336.7238130118833,-5.70243602699291,,44.63894967177243,381.20001220703125
2016-10-25,330.43328857421875,333.2291120509363,-5.031335781885296,,45.633187772925766,378.20001220703125
2016-10-26,320.1235656738281,320.2983162796134,-11.895658813100637,,40.95860566448802,366.3999938964844
2016-10-27,311.9108581542969,315.75513230591065,-20.64220622770374,,35.0,357.0
2016-10-28,301.7758483886719,304.57169788402643,-28.105388637885635,,26.46420824295011,345.3999938964844
2016-10-31,301.6011657714844,302.30011490946305,-31.97827552159885,,17.965367965367964,345.20001220703125
2016-11-01,307.1928405761719,316.803537924519,-31.271241639854196,,19.870410367170628,351.6000061035156
2016-11-02,295.13568115234375,300.0284036968789,-33.81736830516932,,14.655172413793101,337.79998779296875
2016-11-03,294.2620849609375,299.15480922323,-35.40221516369692,,13.118279569892474,336.79998779296875
2016-11-04,285.8745422363281,288.1461400441706,-38.31563891925317,,6.652360515021459,327.20001220703125
2016-11-07,312.78448486328125,307.5422867929469,-25.64854222961491,,30.406852248394006,358.0
2016-11-08,319.2498474121094,307.1928028834159,-10.448797275554176,,43.162393162393165,365.3999938964844
2016-11-09,296.53369140625,293.3883669567566,-17.892324450139455,,37.10021321961621,339.3999938964844
2016-11-10,287.6219177246094,296.53363760763114,-24.678763476337153,,31.06382978723404,329.20001220703125
2016-11-11,277.8365173339844,271.7206191536765,-29.237553895850766,,24.840764331210192,318.0
2016-11-14,273.46807861328125,273.642829264898,-33.32288621001822,,16.52542372881356,313.0
2016-11-15,285.00079345703125,277.8364467436473,-29.51495213766678,,24.101479915433405,326.20001220703125
2016-11-16,274.3417053222656,273.46800562378706,-32.07651309692447,,18.143459915611814,314.0
2016-11-17,276.9628601074219,275.73968561624446,-31.979896903232742,,18.526315789473685,317.0
2016-11-18,277.13751220703125,278.18593568531276,-31.798199526494663,,19.327731092436977,317.20001220703125
2016-11-21,283.6029968261719,283.6029968261719,-28.38955670931021,,27.253668763102723,324.6000061035156
2016-11-22,299.1547546386719,299.504229165812,-16.603651904870897,,39.74895397489539,342.3999938964844
2016-11-23,295.3104553222656,292.68935660638755,-10.71347829394194,,43.84133611691023,338.0
2016-11-25,304.39703369140625,305.62020819410884,-1.659383661787576,,51.66666666666667,348.3999938964844
2016-11-28,307.3675231933594,310.8623217591199,5.418246279471,,57.58835758835759,351.79998779296875
2016-11-29,312.2601623535156,309.4643402523929,12.62372275762763,,63.90041493775933,357.3999938964844
2016-11-30,315.5802917480469,314.3570910334495,18.33715524898081,,68.73706004140787,361.20001220703125
2016-12-01,315.2308654785156,316.454066483692,21.00390183066811,,70.66115702479338,360.79998779296875
2016-12-02,308.9401550292969,307.54223046726156,17.395849806127355,,67.83505154639175,353.6000061035156
2016-12-05,308.0665588378906,303.1738345613211,14.615472478345726,,65.63786008230453,352.6000061035156
2016-12-06,308.416015625,307.3675652465469,13.368065943042144,,64.8870636550308,353.0
2016-12-07,318.3761291503906,309.9886076513489,20.445712398039944,,70.28688524590164,364.3999938964844
2016-12-08,318.3761291503906,312.6097064533497,25.91438949337268,,77.0961145194274,364.3999938964844
2016-12-09,311.9108581542969,310.1634583887266,23.118995230642934,,72.24489795918367,357.0
2016-12-12,290.4178161621094,293.3883902310397,4.726999316539675,,56.0081466395112,332.3999938964844
2016-12-13,301.0769348144531,297.75685981470235,2.963226547562582,,54.268292682926834,344.6000061035156
2016-12-14,281.3313293457031,292.51467587180457,-12.520850137636927,,41.784989858012175,322.0
2016-12-15,274.3417053222656,273.992230775514,-24.725162491894086,,30.971659919028337,314.0
2016-12-16,264.0320739746094,270.4974467640376,-33.214372489489236,,15.95959595959596,302.20001220703125
2016-12-19,261.2362365722656,262.2846869829868,-37.86222422904174,,6.653225806451612,299.0
2016-12-20,258.6151123046875,259.13933745956655,-40.58599137157305,,3.420523138832998,296.0
2016-12-21,256.51824951171875,259.83829786510523,-42.24169741735973,,2.208835341365462,293.6000061035156
2016-12-22,248.13070678710938,249.17915705853127,-42.773020943415716,,1.402805611222445,284.0
2016-12-23,246.03379821777344,245.33482258097868,-43.43954880747385,,0.8,281.6000061035156
2016-12-27,247.95594787597656,246.7327737091172,-43.13353083980642,,1.3972055888223553,283.79998779296875
2016-12-28,254.0718536376953,256.51822871418466,-39.97429015629888,,5.776892430278884,290.79998779296875
2016-12-29,264.2067565917969,260.18773305528066,-32.77184591222415,,18.290258449304176,302.3999938964844
2016-12-30,261.7604064941406,268.2257782262381,-29.702497249785143,24.404761904761905,24.404761904761905,299.6000061035156
2017-01-03,272.4195861816406,270.49746262515754,-22.155335178797653,36.11111111111111,36.11111111111111,311.79998779296875
2017-01-04,279.7586669921875,274.16696733404405,-13.641924478111681,41.86507936507937,41.86507936507937,320.20001220703125
2017-01-05,292.3399353027344,288.8451363790034,-0.314224667826672,52.77777777777778,52.77777777777778,334.6000061035156
2017-01-06,285.6998291015625,288.1461778292005,1.8939367397246825,55.158730158730165,55.158730158730165,327.0
2017-01-09,286.2239990234375,286.7482241247412,3.5422640311328815,56.74603174603175,56.74603174603175,327.6000061035156
2017-01-10,298.1063537597656,293.3883539628808,14.140328753129621,67.06349206349206,67.06349206349206,341.20001220703125
2017-01-11,304.2223205566406,300.5527702545299,25.855180403395757,77.97619047619048,77.97619047619048,348.20001220703125
2017-01-12,303.1737365722656,300.7273885562683,30.70402766317322,82.14285714285714,82.14285714285714,347.0
2017-01-13,305.270751953125,304.5718026704148,34.21631266426516,87.5,87.5,349.3999938964844
2017-01-17,301.2516174316406,300.37791781419014,32.47777261619342,85.11904761904762,85.11904761904762,344.79998779296875
2017-01-18,305.6201171875,308.7654411601336,34.24696540485156,87.6984126984127,87.6984126984127,349.79998779296875
2017-01-19,301.2516174316406,304.39694138710155,31.266317374056126,83.33333333333334,83.33333333333334,344.79998779296875
2017-01-20,298.8052673339844,300.37791597046373,27.402655484433325,78.76984126984127,78.76984126984127,342.0
2017-01-23,301.9505310058594,298.80520769745846,27.79830609909712,78.96825396825396,78.96825396825396,345.6000061035156
2017-01-24,305.6201171875,302.4748198780629,31.079060169897176,82.73809523809523,82.73809523809523,349.79998779296875
2017-01-25,309.4643859863281,306.1443117551538,35.10390760802785,89.0873015873016,89.0873015873016,354.20001220703125
2017-01-26,312.4350280761719,313.4834517518881,36.87387551360154,92.06349206349206,92.06349206349206,357.6000061035156
2017-01-27,310.51287841796875,311.73605270618094,36.147407743424104,90.87301587301587,90.87301587301587,355.3999938964844
2017-01-30,306.4938659667969,305.2706916321482,31.081174649059935,82.53968253968253,82.53968253968253,350.79998779296875
2017-01-31,307.89178466796875,305.79491061354446,29.448942897484514,79.56349206349206,79.56349206349206,352.3999938964844
2017-02-01,306.84332275390625,312.0855205686322,26.59728830044884,76.78571428571429,76.78571428571429,351.20001220703125
2017-02-02,307.1928405761719,303.872765494277,25.028570047321796,75.1984126984127,75.1984126984127,351.6000061035156
2017-02-03,306.3190612792969,305.7948362274111,20.738369111144937,70.63492063492063,70.63492063492063,350.6000061035156
2017-02-06,308.9401550292969,311.9107280591261,22.57543808854112,71.62698412698413,71.62698412698413,353.6000061035156
2017-02-07,309.9886169433594,313.3086915233315,24.84153966727406,74.40476190476191,74.40476190476191,354.79998779296875
2017-02-08,323.6182861328125,320.6477131960597,32.50385571043591,84.72222222222221,84.72222222222221,370.3999938964844
2017-02-09,335.6754150390625,331.8311152617461,37.615629075058024,93.25396825396825,93.25396825396825,384.20001220703125
2017-02-10,340.0438232421875,335.5005756154522,40.072204014907825,96.62698412698413,96.62698412698413,389.20001220703125
2017-02-13,347.73248291015625,345.81033289210694,40.68028019185996,97.22222222222221,97.22222222222221,398.0
2017-02-14,346.8587646484375,344.41241626833715,40.60961674111553,97.02380952380952,97.02380952380952,397.0
2017-02-15,362.7601013183594,356.29470264957246,42.30009228317868,99.0079365079365,99.0079365079365,415.20001220703125
2017-02-16,360.1390075683594,362.76010652689706,42.32478636156148,99.0079365079365,99.0079365079365,412.20001220703125
2017-02-17,353.4988708496094,347.2082229334109,39.75453585312105,95.23809523809523,95.23809523809523,404.6000061035156
2017-02-21,362.5853576660156,357.6926342540275,41.37105782145001,97.61904761904762,97.61904761904762,415.0
2017-02-22,368.35174560546875,366.42959587804603,42.740530611142,99.60317460317461,99.60317460317461,421.6000061035156
2017-02-23,366.4296569824219,370.7981555794064,41.61176421730795,97.81746031746032,97.81746031746032,419.3999938964844
2017-02-24,355.246337890625,351.2273135472451,36.11488173460121,88.4920634920635,88.4920634920635,406.6000061035156
2017-02-27,348.43145751953125,345.1114090596805,27.299708650183458,75.1984126984127,75.1984126984127,398.79998779296875
2017-02-28,345.2861022949219,344.41240267035295,18.880349862991054,66.26984126984127,66.26984126984127,395.20001220703125
2017-03-01,355.0715637207031,349.8293653586951,22.62585610045785,69.04761904761905,69.04761904761905,406.3999938964844
2017-03-02,333.57855224609375,337.07335122892636,5.968308053169624,56.547619047619044,56.547619047619044,381.79998779296875
2017-03-03,335.15130615234375,335.85025544706053,-2.1074502457470747,50.198412698412696,50.198412698412696,383.6000061035156
2017-03-06,334.9764404296875,333.9280168477551,-6.43154104409566,45.43650793650794,45.43650793650794,383.3999938964844
2017-03-07,337.7723388671875,339.6944623772233,-7.487164478588737,44.44444444444444,44.44444444444444,386.6000061035156
2017-03-08,336.1996154785156,343.1892126956423,-9.324649358246505,44.047619047619044,44.047619047619044,384.79998779296875
2017-03-09,325.7153015136719,325.19110292120035,-20.74133416054506,36.7063492063492,36.7063492063492,372.79998779296875
2017-03-10,329.384765625,328.33631538744,-24.0667534710475,32.34126984126984,32.34126984126984,377.0
2017-03-13,345.46087646484375,344.5871767132062,-12.238786601803127,41.86507936507937,41.86507936507937,395.3999938964844
2017-03-14,341.6166076660156,344.58718153047124,-9.473872031825294,43.84920634920635,43.84920634920635,391.0
2017-03-15,359.2652893066406,344.06289480400284,7.475034865563611,57.341269841269835,57.341269841269835,411.20001220703125
2017-03-16,373.9434509277344,373.9434509277344,23.29391203412783,69.84126984126983,69.84126984126983,428.0
2017-03-17,368.5265197753906,370.9728949132668,27.751360885796768,75.79365079365078,75.79365079365078,421.79998779296875
2017-03-20,382.3309326171875,379.36035944715854,33.986707629872356,84.32539682539682,84.32539682539682,437.6000061035156
2017-03-21,369.57501220703125,387.9227078485151,28.280363144977255,76.19047619047619,76.19047619047619,423.0
2017-03-22,373.06976318359375,363.63381730933486,27.36146309432171,75.0,75.0,427.0
2017-03-23,371.671875,366.779150979389,25.55452713181211,72.42063492063492,72.42063492063492,425.3999938964844
2017-03-24,371.671875,369.0507757028728,24.51534918234581,70.43650793650794,70.43650793650794,425.3999938964844
2017-03-27,365.55596923828125,357.867422120999,18.3703019529177,64.68253968253968,64.68253968253968,418.3999938964844
2017-03-28,370.6233825683594,364.50748534223595,18.935545522145823,65.07936507936508,65.07936507936508,424.20001220703125
2017-03-29,366.6043701171875,364.8569708570133,15.331535360978771,61.50793650793651,61.50793650793651,419.6000061035156
2017-03-30,358.7410583496094,355.07150939238943,7.4854919317823505,56.15079365079365,56.15079365079365,410.6000061035156
2017-03-31,349.4799499511719,351.22734970092773,-3.363147764567051,48.214285714285715,48.214285714285715,400.0
2017-04-03,356.9936828613281,355.07153296314874,-3.9767919742412525,47.61904761904761,47.61904761904761,408.6000061035156
2017-04-04,358.56640625,356.64428261468146,-2.8221191091348397,49.404761904761905,49.404761904761905,410.3999938964844
2017-04-05,361.1873779296875,363.9832270720801,-0.2700583667972309,50.79365079365079,50.79365079365079,413.3999938964844
2017-04-06,356.4694519042969,357.69262606348593,-2.9483385755965714,49.007936507936506,49.007936507936506,408.0
2017-04-07,356.1200256347656,354.72210069348125,-6.182817505959074,45.03968253968254,45.03968253968254,407.6000061035156
2017-04-10,350.8777160644531,350.35349104446635,-16.126844568477917,38.88888888888889,38.88888888888889,401.6000061035156
2017-04-11,345.46087646484375,345.8103510328587,-24.566268796280816,31.349206349206348,31.349206349206348,395.3999938964844
2017-04-12,346.6840515136719,349.13042682132266,-28.080889999104357,27.579365079365083,27.579365079365083,396.79998779296875
2017-04-13,343.8881530761719,349.1303504503111,-31.428513604479598,20.238095238095237,20.238095238095237,393.6000061035156
2017-04-17,348.9555969238281,344.58709914895996,-29.708998685160935,23.41269841269841,23.41269841269841,399.3999938964844
2017-04-18,330.7827453613281,330.6079947382933,-35.345574434652775,13.293650793650794,13.293650793650794,378.6000061035156
2017-04-19,324.8415222167969,330.0837201654049,-39.49929288490082,6.547619047619048,6.547619047619048,371.79998779296875
2017-04-20,337.4228210449219,335.50067111802906,-33.47252582425029,16.071428571428573,16.071428571428573,386.20001220703125
2017-04-21,334.2774963378906,332.5300970121967,-31.966029893848933,19.047619047619047,19.047619047619047,382.6000061035156
2017-04-24,340.0438232421875,341.44172097669974,-27.021401218173267,30.357142857142854,30.357142857142854,389.20001220703125
2017-04-25,352.97467041015625,353.6736194882634,-13.087573054395001,41.86507936507937,41.86507936507937,404.0
2017-04-26,354.1978454589844,354.023121520647,-4.281215172852757,49.404761904761905,49.404761904761905,405.3999938964844
2017-04-27,349.3051452636719,350.1788450033641,-3.052968797081834,51.388888888888886,51.388888888888886,399.79998779296875
2017-04-28,348.9555969238281,347.90717345577644,-2.21787787281698,52.77777777777778,52.77777777777778,399.3999938964844
2017-05-01,351.0525207519531,353.1494213144713,0.5271575452861945,54.761904761904766,54.761904761904766,401.79998779296875
2017-05-02,346.8587646484375,346.8587646484375,-2.631171630557752,52.57936507936508,52.57936507936508,397.0
2017-05-03,342.66497802734375,343.713401501213,-8.47323068114484,45.83333333333333,45.83333333333333,392.20001220703125
2017-05-04,328.3363952636719,334.4522942564943,-22.56062671526633,36.30952380952381,36.30952380952381,375.79998779296875
2017-05-05,328.3363952636719,321.69629768774183,-28.420687514962957,27.77777777777778,27.77777777777778,375.79998779296875
2017-05-08,326.2394714355469,329.0353212161406,-33.13323192339141,17.063492063492063,17.063492063492063,373.3999938964844
2017-05-09,341.9659729003906,341.2670239780681,-20.40490737434738,38.88888888888889,38.88888888888889,391.3999938964844
2017-05-10,352.6252136230469,351.05253812333643,-1.1568540556582536,54.166666666666664,54.166666666666664,403.6000061035156
2017-05-11,351.5767517089844,350.5283280735787,7.653710290603248,61.111111111111114,61.111111111111114,402.3999938964844
2017-05-12,362.2358703613281,356.119972977824,20.376158747955213,70.83333333333334,70.83333333333334,414.6000061035156
2017-05-15,376.73931884765625,368.70127099481215,29.588581574688806,80.75396825396825,80.75396825396825,431.20001220703125
2017-05-16,374.6424865722656,372.7203628921966,32.97422526482178,86.30952380952381,86.30952380952381,428.79998779296875
2017-05-17,358.3915710449219,366.08011652625754,20.9961505571978,71.03174603174604,71.03174603174604,410.20001220703125
2017-05-18,361.3621520996094,352.2756817882047,16.653067128092204,66.86507936507937,66.86507936507937,413.6000061035156
2017-05-19,372.5455627441406,365.90543940637974,23.091199078354002,72.42063492063492,72.42063492063492,426.3999938964844
2017-05-22,377.7877197265625,376.5645455608604,29.842559023801723,81.15079365079364,81.15079365079364,432.3999938964844
2017-05-23,377.0887451171875,378.6613937003158,32.50254333250272,85.31746031746032,85.31746031746032,431.6000061035156
2017-05-24,376.3898010253906,376.3898010253906,33.24554936676895,86.5079365079365,86.5079365079365,430.79998779296875
2017-05-25,394.5627746582031,393.6890749918489,36.803427551059094,92.26190476190477,92.26190476190477,451.6000061035156
2017-05-26,395.7859802246094,390.5437818110384,39.06676456841111,95.23809523809523,95.23809523809523,453.0
2017-05-30,397.7080383300781,393.1647900904224,40.17292986821179,96.82539682539682,96.82539682539682,455.20001220703125
2017-05-31,391.4173583984375,394.73740568386194,37.79340348865473,93.45238095238095,93.45238095238095,448.0
2017-06-01,402.4261169433594,397.1839183552909,39.43288006110645,95.43650793650794,95.43650793650794,460.6000061035156
2017-06-02,403.2997741699219,399.45550094345396,40.45274612212556,96.82539682539682,96.82539682539682,461.6000061035156
2017-06-05,396.3102111816406,397.18391092998496,37.46097440035862,92.46031746031747,92.46031746031747,453.6000061035156
2017-06-06,403.4744873046875,399.4554902492301,38.22894685608866,93.84920634920636,93.84920634920636,461.79998779296875
2017-06-07,399.9797058105469,401.02815609961607,36.63675592987117,90.27777777777779,90.27777777777779,457.79998779296875
2017-06-08,404.8724365234375,404.17348742720463,37.37844035994416,91.86507936507937,91.86507936507937,463.3999938964844
2017-06-09,394.7374572753906,400.15440530506027,29.77050710922572,78.17460317460318,78.17460317460318,451.79998779296875
2017-06-12,384.253173828125,381.6320743431768,15.499570609195315,62.5,62.5,439.79998779296875
2017-06-13,389.84478759765625,388.7963373709278,12.189094801213217,60.11904761904761,60.11904761904761,446.20001220703125
2017-06-14,384.60260009765625,391.2426961675663,5.786785545815671,55.158730158730165,55.158730158730165,440.20001220703125
2017-06-15,372.7202453613281,370.27387054465737,-7.083690338302359,42.06349206349206,42.06349206349206,426.6000061035156
2017-06-16,374.6424865722656,374.6424865722656,-12.555912154357332,38.2936507936508,38.2936507936508,428.79998779296875
2017-06-19,390.3689880371094,387.5731651902477,-5.119926973330633,44.24603174603175,44.24603174603175,446.79998779296875
2017-06-20,377.7877197265625,381.80674341089554,-15.122044520520841,36.7063492063492,36.7063492063492,432.3999938964844
2017-06-21,375.34136962890625,380.23409293188803,-22.357557721541994,32.142857142857146,32.142857142857146,429.6000061035156
2017-06-22,384.253173828125,386.8742733130732,-17.281359610323268,35.317460317460316,35.317460317460316,439.79998779296875
2017-06-23,384.4279479980469,383.2047734961485,-14.3701759444123,36.7063492063492,36.7063492063492,440.0
2017-06-26,398.406982421875,396.3101088996617,1.4537744718548578,51.78571428571429,51.78571428571429,456.0
2017-06-27,386.6994323730469,392.6405787431842,-2.85050436722135,47.817460317460316,47.817460317460316,442.6000061035156
2017-06-28,391.59222412109375,387.048974923975,-0.38414467451424034,49.60317460317461,49.60317460317461,448.20001220703125
2017-06-29,378.83612060546875,388.27206484089834,-12.326460797836642,37.89682539682539,37.89682539682539,433.6000061035156
2017-06-30,381.98150634765625,385.3015544280153,-15.327870039836755,35.51587301587302,35.51587301587302,437.20001220703125
2017-07-03,393.5143127441406,393.8637872676973,-4.9591161983409275,43.84920634920635,43.84920634920635,450.3999938964844
2017-07-05,389.4953308105469,385.6510573130082,-4.01374287473759,45.23809523809524,45.23809523809524,445.79998779296875
2017-07-06,376.0402526855469,381.4572001531304,-16.784065058372942,33.730158730158735,33.730158730158735,430.3999938964844
2017-07-07,375.8656311035156,374.81718077174145,-23.517257716512134,28.76984126984127,28.76984126984127,430.20001220703125
2017-07-10,376.5645446777344,372.72027159603033,-25.27755812576705,26.190476190476193,26.190476190476193,431.0
2017-07-11,398.2322998046875,398.58180100402166,-1.4682417030563844,48.80952380952381,48.80952380952381,455.79998779296875
2017-07-12,423.5696105957031,416.23053833223685,18.563644668266242,65.67460317460318,65.67460317460318,484.79998779296875
2017-07-13,425.49169921875,420.773726777711,28.683664767415344,77.18253968253968,77.18253968253968,487.0
2017-07-14,445.76165771484375,434.0540588255516,35.11790773834569,87.5,87.5,510.20001220703125
2017-07-17,441.0435791015625,437.5487804504782,36.242247212432254,89.48412698412699,89.48412698412699,504.79998779296875
2017-07-18,438.2478332519531,433.7045835412566,35.644943080558356,88.09523809523809,88.09523809523809,501.6000061035156
2017-07-19,455.0227355957031,454.3237865893055,38.651939664392785,94.04761904761905,94.04761904761905,520.7999877929688
2017-07-20,451.70269775390625,455.02274560209946,38.81170991246007,94.04761904761905,94.04761904761905,517.0
2017-07-21,450.4794921875,450.3047949287071,38.23242930055024,93.65079365079364,93.65079365079364,515.5999755859375
2017-07-24,454.84808349609375,455.02283411712784,39.52687096197831,95.23809523809523,95.23809523809523,520.5999755859375
2017-07-25,452.9259033203125,457.6438492618702,38.59626654523818,93.45238095238095,93.45238095238095,518.4000244140625
2017-07-26,465.1577453613281,457.8186464915907,40.14154652544208,96.42857142857143,96.42857142857143,532.4000244140625
2017-07-27,460.9639892578125,470.7494376004809,38.473020658354415,93.05555555555556,93.05555555555556,527.5999755859375
2017-07-28,462.5365905761719,458.6922909972572,38.13943932555617,92.06349206349206,92.06349206349206,529.4000244140625
2017-07-31,467.2545166015625,470.57456428260843,39.272047284960784,94.44444444444444,94.44444444444444,534.7999877929688
2017-08-01,484.02960205078125,487.8739018091791,40.608440177884795,96.82539682539682,96.82539682539682,554.0
2017-08-02,478.9623107910156,485.2529609325936,39.96468969211989,95.63492063492063,95.63492063492063,548.2000122070312
2017-08-03,476.5157775878906,476.5157775878906,38.5369745962279,92.46031746031747,92.46031746031747,545.4000244140625
2017-08-04,476.16650390625,473.89490521818124,37.638889312144045,90.07936507936508,90.07936507936508,545.0
2017-08-07,481.05902099609375,477.7389728875966,38.7126097903669,92.85714285714286,92.85714285714286,550.5999755859375
2017-08-08,491.54345703125,489.0971084014482,39.576720455304965,94.84126984126983,94.84126984126983,562.5999755859375
2017-08-09,480.0106201171875,478.7874192484033,34.00765656339589,81.94444444444444,81.94444444444444,549.4000244140625
2017-08-10,439.1214294433594,460.439694600775,4.92369671061472,50.39682539682539,50.39682539682539,502.6000061035156
2017-08-11,441.2183532714844,439.4709538525874,-12.8464987759339,31.746031746031743,31.746031746031743,505.0
2017-08-14,452.7511901855469,452.40168897886275,-14.221781612904572,30.753968253968257,30.753968253968257,518.2000122070312
2017-08-15,449.78057861328125,449.2563801428156,-17.03331816771862,28.57142857142857,28.57142857142857,514.7999877929688
2017-08-16,469.700927734375,468.12827897198156,-6.476815356316496,37.10317460317461,37.10317460317461,537.5999755859375
2017-08-17,442.09210205078125,456.07129895357275,-19.21819460815812,26.785714285714285,26.785714285714285,506.0
2017-08-18,445.58685302734375,445.93632757943124,-23.426487501487955,23.809523809523807,23.809523809523807,510.0
2017-08-21,461.138671875,459.04182467777804,-15.494729712368471,29.563492063492063,29.563492063492063,527.7999877929688
2017-08-22,482.45697021484375,475.8168207025688,1.8629248694745075,47.61904761904761,47.61904761904761,552.2000122070312
2017-08-23,489.9706726074219,479.1368307220454,15.242485140942485,57.936507936507944,57.936507936507944,560.7999877929688
2017-08-24,495.56256103515625,493.29090945016986,24.23059270165195,67.26190476190477,67.26190476190477,567.2000122070312
2017-08-25,519.6765747070312,521.9482259395345,30.903346368896578,76.5873015873016,76.5873015873016,594.7999877929688
2017-08-28,520.37548828125,524.5692892468261,34.308833874953734,82.73809523809523,82.73809523809523,595.5999755859375
2017-08-29,521.2493286132812,510.0659807816116,36.36233598221402,86.5079365079365,86.5079365079365,596.5999755859375
2017-08-30,521.2493286132812,521.0746312978935,37.43254828051852,89.0873015873016,89.0873015873016,596.5999755859375
2017-08-31,518.9777221679688,517.5798237081805,36.646015062402576,86.90476190476191,86.90476190476191,594.0
2017-09-01,520.026123046875,517.7544716085062,36.56244403738062,86.5079365079365,86.5079365079365,595.2000122070312
2017-09-05,499.23199462890625,504.2994418655008,26.279608893518454,69.24603174603175,69.24603174603175,571.4000244140625
2017-09-06,504.9984130859375,501.1541131782542,23.42240166662751,64.88095238095238,64.88095238095238,578.0
2017-09-07,509.3668518066406,507.61945265807583,24.264702315724797,65.87301587301587,65.87301587301587,583.0
2017-09-08,503.07623291015625,511.9879797415853,20.711356969416485,61.70634920634921,61.70634920634921,575.7999877929688
2017-09-11,528.0641479492188,520.3755475213144,28.547349883790808,72.02380952380952,72.02380952380952,604.4000244140625
2017-09-12,524.045166015625,527.36521482248,30.7495096841796,74.60317460317461,74.60317460317461,599.7999877929688
2017-09-13,511.9879455566406,515.8322449767002,25.489461142900577,67.85714285714286,67.85714285714286,586.0
2017-09-14,510.7646484375,504.99825372209017,21.687219618849728,61.904761904761905,61.904761904761905,584.5999755859375
2017-09-15,521.2493286132812,510.7649300223893,25.00000018157197,67.26190476190477,67.26190476190477,596.5999755859375
2017-09-18,537.150634765625,539.4222862769531,30.246038293714967,74.20634920634922,74.20634920634922,614.7999877929688
2017-09-19,540.4706420898438,536.1021433554403,34.201348769981124,80.95238095238095,80.95238095238095,618.5999755859375
2017-09-20,542.7421875,546.2369858054393,34.53115001969233,81.94444444444444,81.94444444444444,621.2000122070312
2017-09-21,546.411865234375,550.0813616592714,35.283434346527756,83.92857142857143,83.92857142857143,625.4000244140625
2017-09-22,529.4620361328125,530.6852370848012,24.75144899817665,65.67460317460318,65.67460317460318,606.0
2017-09-25,487.3497009277344,496.4361994912942,-4.631054023855026,35.714285714285715,35.714285714285715,557.7999877929688
2017-09-26,499.23199462890625,503.9499406796416,-14.217865228278006,27.18253968253968,27.18253968253968,571.4000244140625
2017-09-27,503.9499816894531,506.92058203181216,-16.332562247009648,25.396825396825395,25.396825396825395,576.7999877929688
2017-09-28,492.2423095703125,485.77691207189537,-23.942946753629915,19.444444444444446,19.444444444444446,563.4000244140625
2017-09-29,508.6679382324219,497.1350923835528,-18.487259480673625,23.41269841269841,23.41269841269841,582.2000122070312
2017-10-02,513.5606689453125,516.1817680246452,-12.446186157327782,28.968253968253972,28.968253968253972,587.7999877929688
2017-10-03,558.818359375,549.2076617706205,11.085766604928086,50.99206349206349,50.99206349206349,639.5999755859375
2017-10-04,563.7110595703125,562.4878586544045,22.598754851170337,61.30952380952381,61.30952380952381,645.2000122070312
2017-10-05,591.14501953125,569.3025335401991,31.651843280922275,76.78571428571429,76.78571428571429,676.5999755859375
2017-10-06,570.5258178710938,568.2542203249807,28.709085639560207,71.03174603174604,71.03174603174604,653.0
2017-10-09,562.8372192382812,562.6624686759,23.87708826695555,62.89682539682539,62.89682539682539,644.2000122070312
2017-10-10,576.6417846679688,571.2248360255056,25.873031606936042,67.26190476190477,67.26190476190477,660.0
2017-10-11,572.0985717773438,561.0899765245543,25.03061324528577,66.46825396825396,66.46825396825396,654.7999877929688
2017-10-12,571.7490844726562,572.2732829432673,24.354044384964148,64.28571428571429,64.28571428571429,654.4000244140625
2017-10-13,584.5050659179688,581.5344657770654,28.309465993728512,70.83333333333334,70.83333333333334,669.0
2017-10-16,587.9999389648438,588.1746895822681,31.30223244816542,76.78571428571429,76.78571428571429,673.0
2017-10-17,576.9912109375,584.1555046706602,28.192088655798564,70.43650793650794,70.43650793650794,660.4000244140625
2017-10-18,594.1157836914062,590.0967864852289,31.169705086051984,76.38888888888889,76.38888888888889,680.0
2017-10-19,558.9931030273438,559.1678536468888,18.540170503980477,56.94444444444444,56.94444444444444,639.7999877929688
2017-10-20,579.7870483398438,576.6417510284277,18.80253421351964,57.341269841269835,57.341269841269835,663.5999755859375
2017-10-23,560.3909912109375,568.7784867354643,11.616008942742747,50.99206349206349,50.99206349206349,641.4000244140625
2017-10-24,560.7403564453125,561.4393054149499,7.586401208677669,47.817460317460316,47.817460317460316,641.7999877929688
2017-10-25,563.5361938476562,571.748990716456,6.48750284195091,46.82539682539682,46.82539682539682,645.0
2017-10-26,561.7890014648438,569.652300085658,5.101854282017286,45.83333333333333,45.83333333333333,643.0
2017-10-27,591.4946899414062,578.7386958020322,15.642835989119511,54.563492063492056,54.563492063492056,677.0
2017-10-30,565.10888671875,578.7386323806188,7.775426001627264,48.61111111111111,48.61111111111111,646.7999877929688
2017-10-31,570.1763916015625,566.6815928707496,0.25407970919221845,41.66666666666667,41.66666666666667,652.5999755859375
2017-11-01,581.18505859375,587.8251550687474,3.0353734665917314,44.047619047619044,44.047619047619044,665.2000122070312
2017-11-02,589.3977661132812,582.4081688711367,10.275401832487503,50.39682539682539,50.39682539682539,674.5999755859375
2017-11-03,583.4566650390625,587.1262145452501,9.406104278350865,49.801587301587304,49.801587301587304,667.7999877929688
2017-11-06,588.8735961914062,580.6607977032817,12.769178238206925,52.77777777777778,52.77777777777778,674.0
2017-11-07,599.5328369140625,604.6002852873166,17.988195892150603,57.14285714285714,57.14285714285714,686.2000122070312
2017-11-08,602.5032348632812,600.0568865996985,22.570887026125476,61.904761904761905,61.904761904761905,689.5999755859375
2017-11-09,604.4253540039062,604.7748551637014,25.161305811877643,67.85714285714286,67.85714285714286,691.7999877929688
2017-11-10,615.6087646484375,611.2402663091032,30.396706056371315,75.0,75.0,704.5999755859375
2017-11-13,608.2698364257812,606.3476861214982,28.436806293534296,71.82539682539682,71.82539682539682,696.2000122070312
2017-11-14,587.3008422851562,596.7367866652442,13.826955621093811,52.38095238095239,52.38095238095239,672.2000122070312
2017-11-15,566.1572265625,571.2246725547277,-7.016391122137637,31.746031746031743,31.746031746031743,648.0
2017-11-16,598.6589965820312,594.1157478449967,0.8740611382844192,40.27777777777778,40.27777777777778,685.2000122070312
2017-11-17,589.2229614257812,592.3682582807888,-0.736397507763333,38.492063492063494,38.492063492063494,674.4000244140625
2017-11-20,606.6970825195312,594.1157857265284,8.09695266640814,47.22222222222222,47.22222222222222,694.4000244140625
2017-11-21,656.1486206054688,651.6053704899226,22.0293998899694,60.71428571428571,60.71428571428571,751.0
2017-11-22,660.16748046875,659.293780757528,29.85655186482314,74.0079365079365,74.0079365079365,755.5999755859375
2017-11-24,643.7418212890625,646.3629199533717,27.442428584140433,70.23809523809523,70.23809523809523,736.7999877929688
2017-11-27,614.3856811523438,625.7437780185721,12.939473295438997,50.99206349206349,50.99206349206349,703.2000122070312
2017-11-28,627.840576171875,618.5793807844742,9.61000166799423,47.817460317460316,47.817460317460316,718.5999755859375
2017-11-29,591.31982421875,608.793814611304,-7.292535758107678,29.365079365079367,29.365079365079367,676.7999877929688
2017-11-30,577.3407592773438,582.4082069438849,-21.215546577816667,19.841269841269842,19.841269841269842,660.7999877929688
2017-12-01,561.439453125,566.1574532324984,-29.047581412478806,13.492063492063492,13.492063492063492,642.5999755859375
2017-12-04,561.6140747070312,580.3112668947239,-32.92968527761246,8.928571428571429,8.928571428571429,642.7999877929688
2017-12-05,562.3131713867188,563.0121738896285,-34.727901185807085,7.142857142857142,7.142857142857142,643.5999755859375
2017-12-06,525.7924194335938,517.2301738426926,-37.8628863079442,4.166666666666666,4.166666666666666,601.7999877929688
2017-12-07,523.345947265625,515.4826525654737,-39.72267858067622,3.571428571428571,3.571428571428571,599.0
2017-12-08,549.55712890625,549.55712890625,-35.64838797151613,7.142857142857142,7.142857142857142,629.0
2017-12-11,562.4878540039062,561.9636555165071,-30.48125907707083,12.3015873015873,12.3015873015873,643.7999877929688
2017-12-12,546.2371215820312,544.3149713709782,-31.355992268235873,11.507936507936508,11.507936507936508,625.2000122070312
2017-12-13,580.486083984375,571.5743366558373,-22.860308875933317,19.047619047619047,19.047619047619047,664.4000244140625
2017-12-14,564.4100952148438,568.0796451988592,-22.374011662897352,19.246031746031747,19.246031746031747,646.0
2017-12-15,554.4496459960938,548.5085004404102,-25.215972900061672,16.666666666666664,16.666666666666664,634.5999755859375
2017-12-18,562.6626586914062,558.1194091671268,-23.9851769319799,18.055555555555554,18.055555555555554,644.0
2017-12-19,558.3484497070312,568.7799557620127,-24.810142816275977,16.865079365079367,16.865079365079367,631.5999755859375
2017-12-20,555.3428955078125,558.8789851908213,-26.421497686371975,16.071428571428573,16.071428571428573,628.2000122070312
2017-12-21,585.046142578125,576.7363625590218,-17.55622414509099,22.22222222222222,22.22222222222222,661.7999877929688
2017-12-22,595.4776000976562,587.1678200549715,-8.518817089305974,28.968253968253972,28.968253968253972,673.5999755859375
2017-12-26,594.4166870117188,595.123894144795,-1.4794506136102907,36.904761904761905,36.904761904761905,672.4000244140625
2017-12-27,586.4605102539062,586.4605102539062,-0.967261607033757,37.5,37.5,663.4000244140625
2017-12-28,597.4224243164062,603.0801901793805,7.545801377774319,45.63492063492063,45.63492063492063,675.7999877929688
2017-12-29,601.4889526367188,610.3291779608536,13.026841189296526,50.99206349206349,50.99206349206349,680.4000244140625
2018-01-02,663.3704833984375,656.2983036349423,25.737186111894218,67.65873015873017,67.65873015873017,750.4000244140625
2018-01-03,681.2276000976562,669.381733002906,33.63035735360889,80.55555555555556,80.55555555555556,770.5999755859375
2018-01-04,689.1837768554688,690.2446144273182,37.24101302735419,88.29365079365078,88.29365079365078,779.5999755859375
2018-01-05,696.2561645507812,690.2448217797225,39.89845330829341,95.43650793650794,95.43650793650794,787.5999755859375
2018-01-08,705.0963134765625,696.0793272816386,41.228138215598136,98.01587301587301,98.01587301587301,797.5999755859375
2018-01-09,699.0850219726562,706.3340176762694,40.69586653616765,97.02380952380952,97.02380952380952,790.7999877929688
2018-01-10,701.3834838867188,698.3777857578383,40.91676953632876,97.22222222222221,97.22222222222221,793.4000244140625
2018-01-11,714.4669189453125,701.383398134672,41.98484613568261,98.80952380952381,98.80952380952381,808.2000122070312
2018-01-12,752.6566772460938,728.7880729438681,43.07498341245908,100.0,100.0,851.4000244140625
2018-01-16,752.1264038085938,768.9228329075569,41.337664049357784,97.61904761904762,97.61904761904762,850.7999877929688
2018-01-17,794.7362670898438,776.5254242652499,42.56260431220685,99.40476190476191,99.40476190476191,899.0
2018-01-18,810.2949829101562,801.2779967868307,43.39088205950048,100.0,100.0,916.5999755859375
2018-01-19,850.7830810546875,833.6330268933931,44.00327673115945,100.0,100.0,962.4000244140625
2018-01-22,864.2203979492188,847.0703933561133,44.33924192314683,100.0,100.0,977.5999755859375
2018-01-23,906.2998657226562,891.0947211850585,44.5627923971082,100.0,100.0,1025.199951171875
2018-01-24,920.7976684570312,926.2786718359508,43.615263620759734,99.40476190476191,99.40476190476191,1041.5999755859375
2018-01-25,884.9064331054688,885.4368249693073,40.22380273109339,94.04761904761905,94.04761904761905,1001.0
2018-01-26,951.2080688476562,938.1244946240022,41.985793561093196,97.42063492063492,97.42063492063492,1076.0
2018-01-29,892.509033203125,896.2219382397592,36.72309025271214,84.12698412698413,84.12698412698413,1009.5999755859375
2018-01-30,848.8381958007812,860.6840618638353,26.495549205189377,65.07936507936508,65.07936507936508,960.2000122070312
2018-01-31,880.3095092773438,897.2827504214325,23.821512147258204,59.12698412698413,59.12698412698413,995.7999877929688
2018-02-01,842.1197509765625,849.0151691427296,14.945979193192318,48.214285714285715,48.214285714285715,952.5999755859375
2018-02-02,803.5765380859375,847.4240371733904,2.3990642569012106,36.30952380952381,36.30952380952381,909.0
2018-02-05,744.877197265625,828.5057424605673,-14.680762727959316,20.238095238095237,20.238095238095237,842.5999755859375
2018-02-06,783.5975341796875,698.5545622965184,-17.51824475391193,17.857142857142858,17.857142857142858,886.4000244140625
2018-02-07,666.9063720703125,687.2388827559143,-30.942395926616246,8.134920634920634,8.134920634920634,754.4000244140625
2018-02-08,578.8578491210938,657.7126569560365,-38.43051016376183,1.5873015873015872,1.5873015873015872,654.7999877929688
2018-02-09,578.6812133789062,575.321938052182,-39.47097096857704,1.5873015873015872,1.5873015873015872,654.5999755859375
2018-02-12,601.842529296875,591.2342589075419,-38.496979645994294,1.7857142857142856,1.7857142857142856,680.7999877929688
2018-02-13,601.6656494140625,586.8140832545092,-37.988295571863965,2.380952380952381,2.380952380952381,680.5999755859375
2018-02-14,654.5303344726562,603.2570252511216,-34.0330110830304,4.166666666666666,4.166666666666666,740.4000244140625
2018-02-15,706.6876220703125,698.3777888232523,-26.240553627752757,11.904761904761903,11.904761904761903,799.4000244140625
2018-02-16,707.571533203125,705.4498579125398,-21.847018629245486,16.071428571428573,16.071428571428573,800.4000244140625
2018-02-20,664.9617309570312,661.7792176039042,-24.4319474001824,13.690476190476192,13.690476190476192,752.2000122070312
2018-02-21,693.78076171875,711.8148400791118,-21.97442259170356,16.26984126984127,16.26984126984127,784.7999877929688
2018-02-22,681.404541015625,689.3607436184561,-22.31807691340628,16.071428571428573,16.071428571428573,770.7999877929688
2018-02-23,717.8262939453125,708.2788614181187,-17.792065085570307,18.452380952380953,18.452380952380953,812.0
2018-02-26,744.3468017578125,725.7823328303612,-11.212091425613997,24.404761904761905,24.404761904761905,842.0
2018-02-27,653.9998168945312,693.2504364079715,-18.594053846247053,18.055555555555554,18.055555555555554,739.7999877929688
2018-02-28,615.6334838867188,645.8670197146533,-25.695511202989213,12.3015873015873,12.3015873015873,696.4000244140625
2018-03-01,611.7434692382812,639.1481622243892,-29.583280881760267,9.523809523809524,9.523809523809524,692.0
2018-03-02,615.45654296875,579.3884317938819,-30.628828358002874,8.333333333333332,8.333333333333332,696.2000122070312
2018-03-05,613.3345947265625,580.802588390353,-31.157762108062258,8.134920634920634,8.134920634920634,693.7999877929688
2018-03-06,625.7111206054688,641.8003410483853,-30.01382207587956,9.325396825396826,9.325396825396826,707.7999877929688
2018-03-07,621.6446533203125,610.8595676728585,-29.06606380053397,10.714285714285714,10.714285714285714,703.2000122070312
2018-03-08,629.0702514648438,637.3800827251117,-24.473165851908423,14.880952380952381,14.880952380952381,711.5999755859375
2018-03-09,679.2828979492188,653.6462459260114,-12.407424610969205,25.396825396825395,25.396825396825395,768.4000244140625
2018-03-12,684.7639770507812,686.0016304408636,-4.987237071893674,31.349206349206348,31.349206349206348,774.5999755859375
2018-03-13,658.2429809570312,695.9023631941599,-8.548346669782243,27.77777777777778,27.77777777777778,744.5999755859375
2018-03-14,666.729736328125,681.9349331168073,-8.29935861642296,28.373015873015873,28.373015873015873,754.2000122070312
2018-03-15,680.3436279296875,684.9405552717353,-5.134163039220476,31.349206349206348,31.349206349206348,769.5999755859375
2018-03-16,684.5870361328125,673.9787662792448,-2.4310085158538675,35.714285714285715,35.714285714285715,774.4000244140625
2018-03-19,660.8950805664062,670.6193263176621,-6.658371600626428,29.96031746031746,29.96031746031746,747.5999755859375
2018-03-20,687.7694702148438,681.9349435925158,-1.9495623858078768,36.507936507936506,36.507936507936506,778.0
2018-03-21,677.6915893554688,664.7848831534205,-2.5739074306502263,35.714285714285715,35.714285714285715,766.5999755859375
2018-03-22,599.3672485351562,620.0533963946136,-19.45703378080608,19.047619047619047,19.047619047619047,678.0
2018-03-23,557.9949340820312,592.2949914524675,-32.27414837204261,6.15079365079365,6.15079365079365,631.2000122070312
2018-03-26,620.2301635742188,603.6105513881033,-28.896059344278243,11.507936507936508,11.507936507936508,701.5999755859375
2018-03-27,593.53271484375,622.3518261183551,-30.04846364779884,9.523809523809524,9.523809523809524,671.4000244140625
2018-03-28,578.3275146484375,576.3826544097526,-33.421717734356086,5.158730158730158,5.158730158730158,654.2000122070312
2018-03-29,600.0745239257812,582.5708874168398,-30.214560704918135,9.722222222222223,9.722222222222223,678.7999877929688
2018-04-02,561.3541259765625,581.8634528665209,-34.38454918420485,4.166666666666666,4.166666666666666,635.0
2018-04-03,586.8140869140625,584.3388348647751,-31.313208350999183,8.531746031746032,8.531746031746032,663.7999877929688
2018-04-04,586.8140869140625,533.2423484470118,-28.597000745960795,13.095238095238097,13.095238095238097,663.7999877929688
2018-04-05,588.0518188476562,590.8807018364523,-26.890655405979892,14.285714285714285,14.285714285714285,665.2000122070312
2018-04-06,550.0386962890625,565.0670756742476,-33.12772531755993,6.15079365079365,6.15079365079365,622.2000122070312
2018-04-09,568.9569091796875,573.2002607159818,-32.87575168687914,6.547619047619048,6.547619047619048,643.5999755859375
2018-04-10,622.5285034179688,615.2795098951577,-20.33190079117938,21.23015873015873,21.23015873015873,704.2000122070312
2018-04-11,627.1255493164062,616.5172798875848,-12.132185358146561,28.57142857142857,28.57142857142857,709.4000244140625
2018-04-12,632.6066284179688,623.4128246263836,-5.846257650998453,33.53174603174603,33.53174603174603,715.5999755859375
2018-04-13,608.2073364257812,623.7661071703769,-8.876132106956353,30.555555555555557,30.555555555555557,688.0
2018-04-16,584.8692626953125,575.8522763870235,-16.500003243681164,24.6031746031746,24.6031746031746,661.5999755859375
2018-04-17,585.9299926757812,574.2608870658971,-20.21383898914238,21.428571428571427,21.428571428571427,662.7999877929688
2018-04-18,582.9244995117188,573.0234360167481,-22.756795319776952,19.047619047619047,19.047619047619047,659.4000244140625
2018-04-19,587.3445434570312,599.544042602327,-22.735773125764904,19.246031746031747,19.246031746031747,664.4000244140625
2018-04-20,562.9454345703125,572.4928653774932,-26.131771226087757,15.476190476190476,15.476190476190476,636.7999877929688
2018-04-23,562.0615844726562,561.0007465119451,-28.09689956332553,14.285714285714285,14.285714285714285,635.7999877929688
2018-04-24,581.5099487304688,599.8976046434245,-22.40774332117863,20.03968253968254,20.03968253968254,657.7999877929688
2018-04-25,569.3103637695312,569.3103637695312,-23.267459403470443,19.246031746031747,19.246031746031747,644.0
2018-04-26,575.6754760742188,561.1774851571167,-21.707005069929934,21.626984126984127,21.626984126984127,651.2000122070312
2018-04-27,577.797119140625,573.9074522807431,-19.909373628005383,23.015873015873016,23.015873015873016,653.5999755859375
2018-04-30,580.2722778320312,601.8423902669521,-17.814854303000015,24.404761904761905,24.404761904761905,656.4000244140625
2018-05-01,578.5042724609375,576.2057818775907,-17.27938780304172,25.793650793650798,25.793650793650798,654.4000244140625
2018-05-02,573.2000732421875,585.9299618181985,-19.36077324477966,23.41269841269841,23.41269841269841,648.4000244140625
2018-05-03,562.4151611328125,556.050187935896,-24.582870331838304,17.261904761904763,17.261904761904763,636.2000122070312
2018-05-04,565.7743530273438,541.3753556356183,-25.670675579653157,16.071428571428573,16.071428571428573,640.0
2018-05-07,557.46435546875,556.0499415878239,-29.34871250724729,12.103174603174603,12.103174603174603,630.5999755859375
2018-05-08,579.5651245117188,581.1564081634106,-21.593652821407012,22.023809523809522,22.023809523809522,655.5999755859375
2018-05-09,597.0687866210938,595.8311336037291,-9.993512229407541,32.53968253968254,32.53968253968254,675.4000244140625
2018-05-10,619.69970703125,603.7873037123306,4.634254590777755,48.01587301587302,48.01587301587302,701.0
2018-05-11,623.7662353515625,626.7719333422717,15.551906385090522,56.74603174603175,56.74603174603175,705.5999755859375
2018-05-14,642.861083984375,648.6956100957941,22.065541801960563,62.89682539682539,62.89682539682539,727.2000122070312
2018-05-15,609.6218872070312,613.8652383220035,14.13889058790803,55.158730158730165,55.158730158730165,689.5999755859375
2018-05-16,640.9163208007812,626.9487759111719,19.35501130435096,60.317460317460316,60.317460317460316,725.0
2018-05-17,608.9147338867188,619.169428046691,11.215925097927624,52.38095238095239,52.38095238095239,688.7999877929688
2018-05-18,612.0971069335938,614.9259353356305,8.262035075758838,50.79365079365079,50.79365079365079,692.4000244140625
2018-05-21,626.0647583007812,627.6559880425564,11.275268843435295,52.38095238095239,52.38095238095239,708.2000122070312
2018-05-22,616.870849609375,625.5342587549247,10.036086845699007,51.388888888888886,51.388888888888886,697.7999877929688
2018-05-23,597.4224243164062,582.5708563716668,1.9722542129867064,44.642857142857146,44.642857142857146,675.7999877929688
2018-05-24,587.1678466796875,588.40544599844,-6.207652205613219,34.12698412698413,34.12698412698413,664.2000122070312
2018-05-25,581.6868286132812,578.6811304086859,-12.871167367921418,27.18253968253968,27.18253968253968,658.0
2018-05-29,544.7345581054688,565.7742782880164,-26.80272569886729,12.896825396825399,12.896825396825399,616.2000122070312
2018-05-30,553.04443359375,542.082587380365,-31.825109492681136,7.142857142857142,7.142857142857142,625.5999755859375
2018-05-31,564.0061645507812,561.5309131778952,-30.70264163985923,8.73015873015873,8.73015873015873,638.0
2018-06-01,585.3995971679688,574.4376987036786,-21.78898190134598,20.03968253968254,20.03968253968254,662.2000122070312
2018-06-04,610.505859375,605.5553554241837,-8.020115997129256,32.93650793650794,32.93650793650794,690.5999755859375
2018-06-05,614.5723876953125,616.3404325080398,0.70941947222747,44.047619047619044,44.047619047619044,695.2000122070312
2018-06-06,640.0323486328125,623.7663115601143,13.112147160415521,54.761904761904766,54.761904761904766,724.0
2018-06-07,630.66162109375,646.2203942285761,16.5072123275027,57.936507936507944,57.936507936507944,713.4000244140625
2018-06-08,616.5169677734375,609.7983681626324,13.508202730393016,55.35714285714286,55.35714285714286,697.4000244140625
2018-06-11,611.5667114257812,610.3291123872417,9.703335502795431,51.98412698412699,51.98412698412699,691.7999877929688
2018-06-12,610.3291625976562,615.4564823652989,7.002388869016876,49.404761904761905,49.404761904761905,690.4000244140625
2018-06-13,582.7476196289062,596.7151637824501,-4.997522667345211,36.904761904761905,36.904761904761905,659.2000122070312
2018-06-14,576.7361450195312,583.4546926247567,-13.553520461117394,27.77777777777778,27.77777777777778,652.4000244140625
2018-06-15,566.4815673828125,556.934135845325,-21.851041575793502,19.841269841269842,19.841269841269842,640.7999877929688
2018-06-18,549.3314819335938,542.7896952937319,-29.412150254049372,10.714285714285714,10.714285714285714,621.4000244140625
2018-06-19,521.2195434570312,512.025743611744,-35.05574790354702,3.571428571428571,3.571428571428571,589.5999755859375
2018-06-20,513.6170654296875,519.805222844503,-39.091843082977555,1.7857142857142856,1.7857142857142856,581.0
2018-06-21,477.54901123046875,495.0526476229903,-42.37699069060354,0.5952380952380952,0.5952380952380952,540.2000122070312
2018-06-22,490.9859924316406,495.4061038004655,-42.372465436885406,0.7936507936507936,0.7936507936507936,555.4000244140625
2018-06-25,461.6364440917969,467.29415429381174,-42.898898245647196,0.3968253968253968,0.3968253968253968,522.2000122070312
2018-06-26,460.22210693359375,460.5757375277126,-43.324008431435004,0.1984126984126984,0.1984126984126984,520.5999755859375
2018-06-27,422.2090759277344,446.4312827024823,-44.45428214721215,0.0,0.0,477.6000061035156
2018-06-28,431.933349609375,418.31941005845493,-43.95783201990995,0.1984126984126984,0.1984126984126984,488.6000061035156
2018-06-29,449.0834045410156,450.8514494407834,-41.79955503081303,1.984126984126984,1.984126984126984,508.0
2018-07-02,424.33074951171875,425.21477190653485,-42.762280803103245,1.3888888888888888,1.3888888888888888,480.0
2018-07-03,421.85552978515625,436.88391164369716,-43.48748651934148,0.3968253968253968,0.3968253968253968,477.20001220703125
2018-07-05,418.673095703125,424.330834771094,-43.81715846802549,0.3968253968253968,0.3968253968253968,473.6000061035156
2018-07-06,430.3421630859375,415.1369915352231,-42.62954982174046,1.984126984126984,1.984126984126984,486.79998779296875
2018-07-09,457.57000732421875,447.66897188102195,-37.89314062133084,4.9603174603174605,4.9603174603174605,517.5999755859375
2018-07-10,450.8514099121094,446.78490160353226,-36.18253650275334,5.555555555555555,5.555555555555555,510.0
2018-07-11,422.9163513183594,426.6292565456838,-38.76968094148652,4.166666666666666,4.166666666666666,478.3999938964844
2018-07-12,447.1385803222656,443.7793055338181,-36.03552914297884,5.952380952380952,5.952380952380952,505.79998779296875
2018-07-13,445.90093994140625,439.18236360095227,-34.48399341920304,7.142857142857142,7.142857142857142,504.3999938964844
2018-07-16,430.5189208984375,434.05501059780863,-35.96536191542141,6.15079365079365,6.15079365079365,487.0
2018-07-17,428.043701171875,416.0209898919343,-36.79182138206948,5.753968253968254,5.753968253968254,484.20001220703125
2018-07-18,421.6787109375,416.3745762087264,-37.84075806801982,5.753968253968254,5.753968253968254,477.0
2018-07-19,399.75494384765625,404.3518441841482,-40.22731228871568,3.1746031746031744,3.1746031746031744,452.20001220703125
2018-07-20,426.4524841308594,413.7225644660123,-33.848433298926665,8.531746031746032,8.531746031746032,482.3999938964844
2018-07-23,425.9219665527344,424.68434063189545,-30.542212452626277,13.690476190476192,13.690476190476192,481.79998779296875
2018-07-24,466.0566101074219,461.1060523993931,-6.364445384143854,40.27777777777778,40.27777777777778,527.2000122070312
2018-07-25,486.2122802734375,470.29987837357953,11.124340729501519,56.74603174603175,56.74603174603175,550.0
2018-07-26,461.1061096191406,458.8076727256388,9.951401555810481,56.15079365079365,56.15079365079365,521.5999755859375
2018-07-27,457.57000732421875,459.8684981122261,7.945725466577115,55.158730158730165,55.158730158730165,517.5999755859375
2018-07-30,453.50347900390625,458.8076132612619,5.099075735545089,52.57936507936508,52.57936507936508,513.0
2018-07-31,463.9349365234375,453.3266679110581,7.7991859703816075,55.35714285714286,55.35714285714286,524.7999877929688
2018-08-01,434.2318420410156,435.82307167368657,-3.1393234783738286,44.44444444444444,44.44444444444444,491.20001220703125
2018-08-02,415.8441162109375,402.40699241398437,-16.526226317279722,30.753968253968257,30.753968253968257,470.3999938964844
2018-08-03,416.905029296875,402.407065243877,-22.87209942523452,22.817460317460316,22.817460317460316,471.6000061035156
2018-08-06,410.3632507324219,406.4735301930536,-28.366698790364687,17.261904761904763,17.261904761904763,464.20001220703125
2018-08-07,435.646240234375,435.9998707869421,-19.53196714440761,27.579365079365083,27.579365079365083,492.79998779296875
2018-08-08,433.17095947265625,425.74517699162647,-15.801646161427469,32.142857142857146,32.142857142857146,490.0
2018-08-09,449.7906799316406,451.38193676972,-6.710527158849325,40.67460317460318,40.67460317460318,508.79998779296875
2018-08-10,434.2318420410156,431.7565629723643,-8.144676410851268,39.285714285714285,39.285714285714285,491.20001220703125
2018-08-13,415.136962890625,424.15397601895563,-17.8424147502628,29.166666666666668,29.166666666666668,469.6000061035156
2018-08-14,412.1311950683594,403.1141570792466,-23.861523995529556,22.42063492063492,22.42063492063492,466.20001220703125
2018-08-15,368.4605712890625,362.4492290137828,-31.161420144651746,12.896825396825399,12.896825396825399,416.79998779296875
2018-08-16,380.1296691894531,380.8368763873527,-32.30775112370022,10.714285714285714,10.714285714285714,430.0
2018-08-17,393.7435607910156,368.2837271589191,-28.97909380897236,16.865079365079367,16.865079365079367,445.3999938964844
2018-08-20,398.1636962890625,393.3899805721463,-25.556815076488746,20.436507936507937,20.436507936507937,450.3999938964844
2018-08-21,420.2642822265625,411.6008727008613,-15.030888547641228,34.12698412698413,34.12698412698413,475.3999938964844
2018-08-22,428.7508239746094,426.0987570221891,-6.713652358993974,42.26190476190476,42.26190476190476,485.0
2018-08-23,406.2967224121094,416.55138820242564,-8.475970001259139,40.27777777777778,40.27777777777778,459.6000061035156
2018-08-24,424.33074951171875,418.84979987257003,-1.8600937677140061,50.39682539682539,50.39682539682539,480.0
2018-08-27,446.0777587890625,447.66898849739204,9.924749673037638,60.317460317460316,60.317460317460316,504.6000061035156
2018-08-28,439.8895263671875,447.31530870498574,13.739347322824988,64.0873015873016,64.0873015873016,497.6000061035156
2018-08-29,453.32666015625,438.298279879128,22.07797369260272,71.62698412698413,71.62698412698413,512.7999877929688
2018-08-30,411.95440673828125,426.45236758836205,10.619113775304841,61.111111111111114,61.111111111111114,466.0
2018-08-31,414.6064758300781,410.00954888886145,5.730752805355842,56.74603174603175,56.74603174603175,469.0
2018-09-04,407.711181640625,410.1864338119935,-0.09589611526404304,52.38095238095239,52.38095238095239,461.20001220703125
2018-09-05,384.72662353515625,386.67145695308324,-12.373323251975062,37.10317460317461,37.10317460317461,435.20001220703125
2018-09-06,385.08013916015625,388.9698320853657,-18.48667960520673,29.96031746031746,29.96031746031746,435.6000061035156
2018-09-07,373.7646789550781,371.11261162007554,-25.561975299751754,20.436507936507937,20.436507936507937,422.79998779296875
2018-09-10,362.44921875,369.87500222630615,-32.00729290342598,11.30952380952381,11.30952380952381,410.0
2018-09-11,358.7362976074219,346.3599833699109,-34.55268118630066,7.936507936507936,7.936507936507936,405.79998779296875
2018-09-12,368.28369140625,348.30478225679025,-33.04877959586892,10.317460317460316,10.317460317460316,416.6000061035156
2018-09-13,391.62200927734375,393.7436581080313,-21.665723071223393,27.77777777777778,27.77777777777778,443.0
2018-09-14,381.0137023925781,389.50032389719956,-19.848049352288804,29.563492063492063,29.563492063492063,431.0
2018-09-17,375.88641357421875,374.8255756819408,-21.174826266331717,28.373015873015873,28.373015873015873,425.20001220703125
2018-09-18,394.4508361816406,385.964215089565,-12.957697480632296,37.301587301587304,37.301587301587304,446.20001220703125
2018-09-19,415.8441162109375,411.24721608759364,0.5266120495160618,54.36507936507936,54.36507936507936,470.3999938964844
2018-09-20,423.2698974609375,424.1539198257082,10.054252583964535,62.5,62.5,478.79998779296875
2018-09-21,435.1158752441406,441.6576361974414,18.79847620469837,70.03968253968253,70.03968253968253,492.20001220703125
2018-09-24,419.9106750488281,420.26427864269795,18.15492345754046,69.04761904761905,69.04761904761905,475.0
2018-09-25,423.53790283203125,425.4937982315038,18.99735955419261,70.83333333333334,70.83333333333334,476.3999938964844
2018-09-26,429.7611999511719,431.89488689749294,22.41312842106888,73.21428571428571,73.21428571428571,483.3999938964844
2018-09-27,429.93902587890625,429.58341590363426,24.23401560189449,75.39682539682539,75.39682539682539,483.6000061035156
2018-09-28,423.8935546875,425.84945028034826,23.566521645487157,74.60317460317461,74.60317460317461,476.79998779296875
2018-10-01,429.04998779296875,432.96175178737457,25.10532732721697,76.98412698412699,76.98412698412699,482.6000061035156
2018-10-02,400.4229431152344,397.400217580036,12.883283713891355,64.0873015873016,64.0873015873016,450.3999938964844
2018-10-03,391.532470703125,405.75708382317526,1.8348641513958492,54.166666666666664,54.166666666666664,440.3999938964844
2018-10-04,364.8614501953125,376.4189524445339,-14.934248904234696,35.91269841269841,35.91269841269841,410.3999938964844
2018-10-05,367.17291259765625,370.3734567293685,-22.73985529907399,25.396825396825395,25.396825396825395,413.0
2018-10-08,360.593994140625,349.925532936058,-28.62364617771182,17.857142857142858,17.857142857142858,405.6000061035156
2018-10-09,355.6154479980469,354.72640937805176,-33.332310029661,9.523809523809524,9.523809523809524,400.0
2018-10-10,329.4776611328125,356.68224363576047,-38.8978925114867,4.365079365079365,4.365079365079365,370.6000061035156
2018-10-11,320.231689453125,324.49906354586454,-40.10046005650841,3.373015873015873,3.373015873015873,360.20001220703125
2018-10-12,342.9910888671875,342.27986882345317,-35.38217444004829,7.738095238095238,7.738095238095238,385.79998779296875
2018-10-15,328.76641845703125,328.0551985268377,-36.06858448267463,6.944444444444445,6.944444444444445,369.79998779296875
2018-10-16,346.36944580078125,333.5672953199758,-30.767383250135268,15.277777777777779,15.277777777777779,389.6000061035156
2018-10-17,334.45635986328125,342.10207075125123,-31.39599000327743,14.087301587301587,14.087301587301587,376.20001220703125
2018-10-18,308.1407470703125,321.12071449311975,-36.8166181098412,6.547619047619048,6.547619047619048,346.6000061035156
2018-10-19,325.5658874511719,326.81053584041734,-34.932566409845215,8.73015873015873,8.73015873015873,366.20001220703125
2018-10-22,350.6368103027344,354.01517318336835,-24.109515283937952,25.198412698412696,25.198412698412696,394.3999938964844
2018-10-23,336.9455261230469,319.87597938250053,-22.98038304028894,26.785714285714285,26.785714285714285,379.0
2018-10-24,307.6072998046875,331.43351911044965,-31.115644868241986,15.674603174603174,15.674603174603174,346.0
2018-10-25,325.9215087890625,316.85330553528576,-28.771886310219486,19.841269841269842,19.841269841269842,366.6000061035156
2018-10-26,311.34130859375,306.00707733604764,-32.16712189864701,12.896825396825399,12.896825396825399,350.20001220703125
2018-10-29,294.09393310546875,312.9415606808114,-35.29077459246758,8.531746031746032,8.531746031746032,330.79998779296875
2018-10-30,306.00714111328125,297.827973960935,-32.66836078299324,12.698412698412698,12.698412698412698,344.20001220703125
2018-10-31,316.3198547363281,314.00837658040336,-26.627612226220254,22.61904761904762,22.61904761904762,355.79998779296875
2018-11-01,356.1487731933594,333.2115671782074,-3.4539410633762815,49.2063492063492,49.2063492063492,400.6000061035156
2018-11-02,360.2384338378906,375.5298807263058,10.229616946242984,62.10317460317461,62.10317460317461,405.20001220703125
2018-11-05,361.3052673339844,356.8600745096703,17.848332673184515,68.05555555555556,68.05555555555556,406.3999938964844
2018-11-06,362.1943054199219,359.7050082941191,22.33191376739623,72.42063492063492,72.42063492063492,407.3999938964844
2018-11-07,383.1756591796875,375.8855313775745,30.4832822741014,82.93650793650794,82.93650793650794,431.0
2018-11-08,358.28253173828125,367.706345691653,25.314146600787048,76.98412698412699,76.98412698412699,403.0
2018-11-09,330.18890380859375,332.1447994223337,11.246800795030493,62.301587301587304,62.301587301587304,371.3999938964844
2018-11-12,319.3426818847656,328.58867806968306,-0.9542673879369181,51.587301587301596,51.587301587301596,359.20001220703125
2018-11-13,339.079345703125,336.7678397185615,2.181834041430144,54.563492063492056,54.563492063492056,381.3999938964844
2018-11-14,344.0578918457031,349.39212272703185,5.829103351095404,56.94444444444444,56.94444444444444,387.0
2018-11-15,364.68359375,346.9028242279386,16.042881637378564,66.66666666666666,66.66666666666666,410.20001220703125
2018-11-16,368.23968505859375,355.6153299913811,22.63765803413394,73.01587301587301,73.01587301587301,414.20001220703125
2018-11-19,349.7476806640625,360.2383494488546,18.23595785559114,67.65873015873017,67.65873015873017,393.3999938964844
2018-11-20,333.21160888671875,334.811894417182,9.263143594338333,58.92857142857143,58.92857142857143,374.79998779296875
2018-11-21,350.81463623046875,354.1929720506685,11.975187130735772,62.10317460317461,62.10317460317461,394.6000061035156
2018-11-23,336.5899658203125,333.5672404876192,7.6520177403715115,57.341269841269835,57.341269841269835,378.6000061035156
2018-11-26,355.97100830078125,354.54854128120604,13.386316850273431,63.69047619047619,63.69047619047619,400.3999938964844
2018-11-27,357.03778076171875,346.9027497367222,16.882940271009044,66.66666666666666,66.66666666666666,401.6000061035156
2018-11-28,382.28656005859375,364.68360837818403,27.662228154010627,79.56349206349206,79.56349206349206,430.0
2018-11-29,363.26116943359375,367.17293376169476,24.1325950615071,74.20634920634922,74.20634920634922,408.6000061035156
2018-11-30,378.01922607421875,368.0619828358007,29.20694173521173,81.34920634920636,81.34920634920636,425.20001220703125
2018-12-03,396.6889953613281,404.5125234233691,32.533537627794026,85.31746031746032,85.31746031746032,446.20001220703125
2018-12-04,377.8413391113281,398.1114048040746,27.735343901973508,79.16666666666666,79.16666666666666,425.0
2018-12-06,361.12744140625,344.94693021872735,17.494246329607975,66.26984126984127,66.26984126984127,406.20001220703125
2018-12-07,338.90142822265625,357.3934149601134,1.7945386480180112,51.78571428571429,51.78571428571429,381.20001220703125
2018-12-10,333.5672607421875,334.27848069966586,-9.333074809251201,39.682539682539684,39.682539682539684,375.20001220703125
2018-12-11,340.5018310546875,345.8360633949698,-10.900009610245153,39.285714285714285,39.285714285714285,383.0
2018-12-12,356.1487731933594,361.30518483971497,-4.974096271431988,45.23809523809524,45.23809523809524,400.6000061035156
2018-12-13,363.9723815917969,368.5953929633557,1.7438479669214622,52.38095238095239,52.38095238095239,409.3999938964844
2018-12-14,352.2371520996094,350.8146847198006,-0.4768634745268086,50.39682539682539,50.39682539682539,396.20001220703125
2018-12-17,337.6568298339844,344.4135282281688,-8.977138777398945,40.27777777777778,40.27777777777778,379.79998779296875
2018-12-18,333.7449951171875,336.5899287234067,-15.519711601152503,34.523809523809526,34.523809523809526,375.3999938964844
2018-12-19,317.3867492675781,333.74505248704156,-22.702692501932166,25.992063492063494,25.992063492063494,357.0
2018-12-20,316.3198547363281,318.0979315524543,-26.959347217219655,19.642857142857142,19.642857142857142,355.79998779296875
2018-12-21,309.74102783203125,315.964297731021,-31.94016157739527,12.698412698412698,12.698412698412698,348.3999938964844
2018-12-24,301.73968505859375,306.00708647092745,-36.27692192707589,6.349206349206349,6.349206349206349,339.3999938964844
2018-12-26,319.5203552246094,307.0738191948037,-29.10403772356873,17.063492063492063,17.063492063492063,359.3999938964844
2018-12-27,311.5533142089844,300.14631175771507,-28.26577069233107,18.849206349206348,18.849206349206348,349.6000061035156
2018-12-28,310.3058166503906,311.3752057516462,-28.310839268511984,18.650793650793652,18.650793650793652,348.20001220703125
2018-12-31,309.9492492675781,320.82154586718445,-28.40891089035732,18.253968253968253,18.253968253968253,347.79998779296875
2019-01-02,301.5722351074219,290.69996615731236,-31.74201662385177,12.103174603174603,12.103174603174603,338.3999938964844
2019-01-03,286.9570617675781,292.3040877632473,-37.00820598387213,4.9603174603174605,4.9603174603174605,322.0
2019-01-04,315.8310546875,306.20641700688606,-25.376269892916923,21.626984126984127,21.626984126984127,354.3999938964844
2019-01-07,317.9697570800781,312.44451397709844,-15.3528727677463,34.72222222222222,34.72222222222222,356.79998779296875
2019-01-08,322.2474060058594,321.53445296111545,-7.730615205019122,41.86507936507937,41.86507936507937,361.6000061035156
2019-01-09,339.1796569824219,332.94146055361995,5.748136943599847,55.55555555555556,55.55555555555556,380.6000061035156
2019-01-10,344.3484191894531,333.4761508787323,15.315166557422346,65.07936507936508,65.07936507936508,386.3999938964844
2019-01-11,340.07086181640625,337.3973487945735,18.062357692230112,67.26190476190477,67.26190476190477,381.6000061035156
2019-01-14,328.48565673828125,324.5645095304725,12.789876461225703,62.5,62.5,368.6000061035156
2019-01-15,337.21905517578125,338.6449340214628,17.341788298458038,66.66666666666666,66.66666666666666,378.3999938964844
2019-01-16,350.586669921875,345.7743519067785,27.362778877593385,78.57142857142857,78.57142857142857,393.3999938964844
2019-01-17,354.1513671875,343.27909677647494,32.403231422827616,84.72222222222221,84.72222222222221,397.3999938964844
2019-01-18,364.1324462890625,362.17185937069337,36.19102372180196,88.4920634920635,88.4920634920635,408.6000061035156
2019-01-22,341.6749572753906,348.44786234072694,28.280461257718102,80.35714285714286,80.35714285714286,383.3999938964844
2019-01-23,352.1907958984375,354.3296008945047,29.427185085790235,81.74603174603175,81.74603174603175,395.20001220703125
2019-01-24,363.5977783203125,356.1119471471118,34.38333357696485,86.90476190476191,86.90476190476191,408.0
2019-01-25,384.6293640136719,378.92587572061154,38.217806639839516,91.66666666666666,91.66666666666666,431.6000061035156
2019-01-28,375.7176513671875,372.3311856790432,38.11749843093416,91.26984126984127,91.26984126984127,421.6000061035156
2019-01-29,374.8265380859375,377.32180607426716,37.87615044184685,91.07142857142857,91.07142857142857,420.6000061035156
2019-01-30,394.0758361816406,382.4906129140238,40.66501882962375,96.23015873015873,96.23015873015873,442.20001220703125
2019-01-31,410.29510498046875,397.46224858211576,42.555714614023174,98.4126984126984,98.4126984126984,460.3999938964844
2019-02-01,399.2445068359375,397.46216528756275,41.486719129572094,97.22222222222221,97.22222222222221,448.0
2019-02-04,399.77923583984375,395.501599580149,40.675779891296195,95.83333333333334,95.83333333333334,448.6000061035156
2019-02-05,417.4244689941406,405.66102873100937,41.846385497302364,97.42063492063492,97.42063492063492,468.3999938964844
2019-02-06,402.987548828125,418.672137128323,39.081876539765084,92.46031746031747,92.46031746031747,452.20001220703125
2019-02-07,388.9070129394531,393.89757590146263,32.974897620095085,84.32539682539682,84.32539682539682,436.3999938964844
2019-02-08,388.9070129394531,386.5899629360508,29.555836589692742,80.75396825396825,80.75396825396825,436.3999938964844
2019-02-11,391.93701171875,396.9275749719074,28.594107381257373,79.76190476190477,79.76190476190477,439.79998779296875
2019-02-12,393.7193298339844,396.7493329365448,28.660816708688543,79.96031746031747,79.96031746031747,441.79998779296875
2019-02-13,404.5916748046875,411.8992886202418,31.618789545068054,83.33333333333334,83.33333333333334,454.0
2019-02-14,400.84869384765625,396.2146210935049,31.583428841211287,83.33333333333334,83.33333333333334,449.79998779296875
2019-02-15,394.25396728515625,393.1845786136746,28.723032175075343,80.55555555555556,80.55555555555556,442.3999938964844
2019-02-19,411.18634033203125,397.28406572493395,33.4280068807063,85.31746031746032,85.31746031746032,461.3999938964844
2019-02-20,417.9591064453125,415.46383907642763,36.89327150075528,89.28571428571429,89.28571428571429,469.0
2019-02-21,415.64215087890625,421.5238849453265,37.62558332551576,90.27777777777779,90.27777777777779,466.3999938964844
2019-02-22,436.4954833984375,434.5349237926021,40.553977767837736,95.63492063492063,95.63492063492063,489.79998779296875
2019-02-25,461.0918273925781,460.5570922378284,41.059286559521965,96.82539682539682,96.82539682539682,517.4000244140625
2019-02-26,450.2195739746094,445.4072290965269,38.80291536732077,93.05555555555556,93.05555555555556,505.20001220703125
2019-02-27,429.3661193847656,435.426097690534,31.03966376256398,83.13492063492063,83.13492063492063,481.79998779296875
2019-02-28,420.9891662597656,425.97972919589733,23.049337034054922,72.42063492063492,72.42063492063492,472.3999938964844
2019-03-01,435.2478332519531,440.41664044694716,24.056157436525453,73.80952380952381,73.80952380952381,488.3999938964844
2019-03-04,441.84259033203125,452.3584249118307,26.531303363113405,77.38095238095238,77.38095238095238,495.79998779296875
2019-03-05,457.8836364746094,448.615463765826,32.55331412608064,84.92063492063492,84.92063492063492,513.7999877929688
2019-03-06,444.8725280761719,455.56657897034546,31.39351497879428,83.53174603174604,83.53174603174604,499.20001220703125
2019-03-07,415.46380615234375,431.14838927902696,17.40556154972004,66.46825396825396,66.46825396825396,466.20001220703125
2019-03-08,393.1846008300781,390.33284315224165,-1.3667832164777498,49.404761904761905,49.404761904761905,441.20001220703125
2019-03-11,416.3551330566406,406.5522513272764,-0.30821039721447824,50.595238095238095,50.595238095238095,467.20001220703125
2019-03-12,429.18792724609375,425.9797064444747,5.682880953960852,54.563492063492056,54.563492063492056,481.6000061035156
2019-03-13,426.6927185058594,427.76213472121606,7.237917069146022,55.75396825396825,55.75396825396825,478.79998779296875
2019-03-14,422.2367858886719,424.7320808703833,5.44093551197435,54.166666666666664,54.166666666666664,473.79998779296875
2019-03-15,439.16900634765625,434.178471090824,13.325800852335535,62.89682539682539,62.89682539682539,492.79998779296875
2019-03-18,455.0319519042969,456.99251193238,23.5801220798456,72.61904761904762,72.61904761904762,510.6000061035156
2019-03-19,459.9277038574219,460.8211143367601,30.49491837144914,82.34126984126983,82.34126984126983,514.7999877929688
2019-03-20,453.13787841796875,447.5987216552657,31.10057666346851,82.93650793650794,82.93650793650794,507.20001220703125
2019-03-21,452.423095703125,437.7711681802417,31.14402652504457,82.93650793650794,82.93650793650794,506.3999938964844
2019-03-22,413.113037109375,430.62388952214184,12.327782119158426,61.30952380952381,61.30952380952381,462.3999938964844
2019-03-25,410.7901611328125,405.4296978178229,0.2084710916902756,50.198412698412696,50.198412698412696,459.79998779296875
2019-03-26,412.041015625,413.6491439396075,-5.098728964650254,43.65079365079365,43.65079365079365,461.20001220703125
2019-03-27,409.8967590332031,413.4704013168918,-9.715979516031542,38.88888888888889,38.88888888888889,458.79998779296875
2019-03-28,419.0094909667969,413.4703354042039,-6.650253905428824,42.46031746031746,42.46031746031746,469.0
2019-03-29,432.0534362792969,430.62397365240065,1.8356067431635912,52.77777777777778,52.77777777777778,483.6000061035156
2019-04-01,451.3510437011719,448.67081191497664,15.942749009116804,66.26984126984127,66.26984126984127,505.20001220703125
2019-04-02,444.20379638671875,448.13479788493055,19.66775304804942,69.84126984126983,69.84126984126983,497.20001220703125
2019-04-03,454.38861083984375,458.4983048196858,26.005356028306707,76.5873015873016,76.5873015873016,508.6000061035156
2019-04-04,467.7897033691406,460.64241956194553,34.09990108960649,86.30952380952381,86.30952380952381,523.5999755859375
2019-04-05,477.7959289550781,475.29439043761226,38.01976442869843,91.07142857142857,91.07142857142857,534.7999877929688
2019-04-08,473.68634033203125,473.1502612211916,38.2771607684176,92.06349206349206,92.06349206349206,530.2000122070312
2019-04-09,469.7552490234375,473.50758418133086,36.721008458300105,88.4920634920635,88.4920634920635,525.7999877929688
2019-04-10,467.9683837890625,466.71764187409786,35.082023447515354,86.5079365079365,86.5079365079365,523.7999877929688
2019-04-11,447.41998291015625,452.0657285761173,22.378451973915155,70.23809523809523,70.23809523809523,500.79998779296875
2019-04-12,464.5734558105469,467.25368728637693,24.759639842651943,73.80952380952381,73.80952380952381,520.0
2019-04-15,449.3855285644531,456.71150633759765,16.92748492381503,65.27777777777779,65.27777777777779,503.0
2019-04-16,467.2537536621094,468.5045503402916,22.696737557380853,70.83333333333334,70.83333333333334,523.0
2019-04-17,470.1126708984375,477.2599557329878,26.875655553970688,76.19047619047619,76.19047619047619,526.2000122070312
2019-04-18,470.6487121582031,467.07506961405664,29.205962362316484,78.96825396825396,78.96825396825396,526.7999877929688
2019-04-22,459.9277038574219,451.35098506755435,24.36911979266468,73.01587301587301,73.01587301587301,514.7999877929688
2019-04-23,459.2130432128906,457.0688632500561,21.062869814057496,68.05555555555556,68.05555555555556,514.0
2019-04-24,439.02197265625,451.1723625257302,7.594151566140734,54.166666666666664,54.166666666666664,491.3999938964844
2019-04-25,429.3730773925781,427.40756345242477,-5.18672059752426,41.66666666666667,41.66666666666667,480.6000061035156
2019-04-26,435.984375,434.1975537909836,-9.308925262655197,37.301587301587304,37.301587301587304,488.0
2019-04-29,442.2382507324219,441.3448401248816,-9.422374728740412,36.904761904761905,36.904761904761905,495.0
2019-04-30,434.0188903808594,434.1975834198459,-15.619485984954231,31.944444444444443,31.944444444444443,485.79998779296875
2019-05-01,426.87158203125,438.1285612619436,-23.103483254575817,22.817460317460316,22.817460317460316,477.79998779296875
2019-05-02,423.833984375,429.73049980447263,-27.945118352188576,17.857142857142858,17.857142857142858,474.3999938964844
2019-05-03,444.56109619140625,437.94986355861073,-16.876149741002845,31.349206349206348,31.349206349206348,497.6000061035156
2019-05-06,411.5049743652344,394.5301710449272,-22.662648197982072,24.6031746031746,24.6031746031746,460.6000061035156
2019-05-07,377.019287109375,389.8843947710619,-31.728228646430573,11.507936507936508,11.507936507936508,422.0
2019-05-08,373.0882873535156,373.4456461552639,-37.17273975388864,4.761904761904762,4.761904761904762,417.6000061035156
2019-05-09,353.7905578613281,347.71537736959925,-38.51025261667686,3.571428571428571,3.571428571428571,396.0
2019-05-10,361.1165466308594,355.75608345829676,-37.79321514828508,4.9603174603174605,4.9603174603174605,404.20001220703125
2019-05-13,325.02276611328125,329.13246033557317,-40.986868532381415,2.1825396825396823,2.1825396825396823,363.79998779296875
2019-05-14,340.746826171875,341.2828780301039,-39.50815485637397,2.976190476190476,2.976190476190476,381.3999938964844
2019-05-15,346.6433410644531,341.4615700678353,-37.34449513778208,5.555555555555555,5.555555555555555,388.0
2019-05-16,351.64642333984375,351.11037151816805,-35.12450778663009,8.134920634920634,8.134920634920634,393.6000061035156
2019-05-17,333.59954833984375,330.56195742724225,-37.13348770305269,5.952380952380952,5.952380952380952,373.3999938964844
2019-05-20,319.6623840332031,320.19843598409153,-40.4208407426838,2.380952380952381,2.380952380952381,357.79998779296875
2019-05-21,329.4898376464844,328.23906818627046,-39.64015976770538,3.1746031746031744,3.1746031746031744,368.79998779296875
2019-05-22,324.3079833984375,323.05721425976265,-40.178478702275726,2.7777777777777777,2.7777777777777777,363.0
2019-05-23,311.80029296875,310.0134718056053,-41.594957436779936,2.1825396825396823,2.1825396825396823,349.0
2019-05-24,308.0479736328125,313.9444892306406,-42.95192263561072,0.992063492063492,0.992063492063492,344.79998779296875
2019-05-28,311.97900390625,317.518133471245,-42.74161632605363,1.5873015873015872,1.5873015873015872,349.20001220703125
2019-05-29,319.48370361328125,311.9790584383006,-40.26386173190186,3.1746031746031744,3.1746031746031744,357.6000061035156
2019-05-30,320.01971435546875,318.2328930073416,-38.77801274403541,5.158730158730158,5.158730158730158,358.20001220703125
2019-05-31,317.8755187988281,310.72823313936277,-38.43804148918299,5.952380952380952,5.952380952380952,355.79998779296875
2019-06-03,320.37701416015625,320.0196554093007,-37.36575577471146,7.341269841269842,7.341269841269842,358.6000061035156
2019-06-04,318.41143798828125,313.0509759774862,-36.7634503405432,8.73015873015873,8.73015873015873,356.3999938964844
2019-06-05,311.6216125488281,314.48053743136825,-38.2778286465627,6.349206349206349,6.349206349206349,348.79998779296875
2019-06-06,312.5150451660156,309.47745430494086,-38.30260788953048,6.349206349206349,6.349206349206349,349.79998779296875
2019-06-07,319.8409423828125,320.55565983978977,-33.34145695489995,12.896825396825399,12.896825396825399,358.0
2019-06-10,330.02587890625,330.2045719368621,-23.298126625514758,26.984126984126984,26.984126984126984,369.3999938964844
2019-06-11,340.925537109375,345.21389767085884,-7.704576219338688,44.24603174603175,44.24603174603175,381.6000061035156
2019-06-12,323.5933837890625,326.8096406696549,-12.017053888089373,41.07142857142857,41.07142857142857,362.20001220703125
2019-06-13,327.7030334472656,330.5619585896086,-11.05123595728905,41.46825396825397,41.46825396825397,366.79998779296875
2019-06-14,318.5901794433594,323.4145905342964,-17.158962838655654,35.317460317460316,35.317460317460316,356.6000061035156
2019-06-17,326.27362060546875,323.9507471754716,-11.408622512435125,41.46825396825397,41.46825396825397,365.20001220703125
2019-06-18,354.6839904785156,337.88788294361,11.028395561622355,62.10317460317461,62.10317460317461,397.0
2019-06-19,363.08203125,358.79367164365067,22.840124771664996,73.61111111111111,73.61111111111111,406.3999938964844
2019-06-20,382.7370910644531,385.2386570737301,31.34855355390023,85.11904761904762,85.11904761904762,428.3999938964844
2019-06-21,377.3766784667969,376.8406265878283,33.58225451321341,86.90476190476191,86.90476190476191,422.3999938964844
2019-06-24,377.9126281738281,378.80603864232415,34.89533050131521,88.29365079365078,88.29365079365078,423.0
2019-06-25,359.0188293457031,364.4068059386131,25.434864921261113,76.98412698412699,76.98412698412699,399.79998779296875
2019-06-26,371.4111328125,371.7703257138999,26.58805049840012,78.37301587301587,78.37301587301587,413.6000061035156
2019-06-27,383.9831848144531,380.3911999750376,32.62414064508524,86.11111111111111,86.11111111111111,427.6000061035156
2019-06-28,383.8036193847656,383.6240365646466,35.51596210750907,88.88888888888889,88.88888888888889,427.3999938964844
2019-07-01,399.6082458496094,412.53938360515815,36.170833116181925,89.0873015873016,89.0873015873016,445.0
2019-07-02,397.4530944824219,397.81228745517257,35.860927342491884,88.88888888888889,88.88888888888889,442.6000061035156
2019-07-03,392.963134765625,390.62833921124474,34.119706836070804,86.70634920634922,86.70634920634922,437.6000061035156
2019-07-05,378.954345703125,380.7503378628555,26.261771500093133,76.5873015873016,76.5873015873016,422.0
2019-07-08,369.7947998046875,368.35802790319923,15.946220706655614,64.88095238095238,64.88095238095238,411.79998779296875
2019-07-09,363.86810302734375,358.6597081689935,7.569014832723048,55.55555555555556,55.55555555555556,405.20001220703125
2019-07-10,366.2027893066406,369.7947736153067,4.284310774703346,52.77777777777778,52.77777777777778,407.79998779296875
2019-07-11,360.99444580078125,365.6640366585786,-0.14213362255646453,49.60317460317461,49.60317460317461,402.0
2019-07-12,364.58642578125,366.74161099459,-0.7119125081797214,49.007936507936506,49.007936507936506,406.0
2019-07-15,367.4599609375,367.4599609375,0.7335066310027224,50.595238095238095,50.595238095238095,409.20001220703125
2019-07-16,365.66400146484375,370.51317463989335,-0.5193428687817491,49.007936507936506,49.007936507936506,407.20001220703125
2019-07-17,363.86810302734375,369.25608069859953,-5.05902727876382,45.83333333333333,45.83333333333333,405.20001220703125
2019-07-18,368.178466796875,364.2272887316964,-9.151824489890004,41.269841269841265,41.269841269841265,410.0
2019-07-19,372.3092041015625,379.4931732018158,-8.202374482496207,42.65873015873016,42.65873015873016,414.6000061035156
2019-07-22,363.1495666503906,367.4599637713046,-15.625367735352908,35.91269841269841,35.91269841269841,404.3999938964844
2019-07-23,368.53765869140625,366.38247315378874,-15.282149795577538,36.904761904761905,36.904761904761905,410.3999938964844
2019-07-24,371.949951171875,368.53754995650837,-12.345984903152855,39.48412698412698,39.48412698412698,414.20001220703125
2019-07-25,365.3047790527344,373.56635360391755,-16.38345729982184,35.51587301587302,35.51587301587302,406.79998779296875
2019-07-26,366.9211730957031,368.5375549427135,-16.931081103798373,34.92063492063492,34.92063492063492,408.6000061035156
2019-07-29,358.1208801269531,360.81486877606665,-24.03603207953234,25.793650793650798,25.793650793650798,398.79998779296875
2019-07-30,351.2960510253906,351.11644086103877,-29.421236860107058,19.047619047619047,19.047619047619047,391.20001220703125
2019-07-31,336.74853515625,348.2428741943836,-32.73117072918513,14.087301587301587,14.087301587301587,375.0
2019-08-01,313.7597961425781,340.1608729963084,-38.67098784332823,5.555555555555555,5.555555555555555,349.3999938964844
2019-08-02,306.3962707519531,312.50263308015906,-41.81917913884163,2.380952380952381,2.380952380952381,341.20001220703125
2019-08-05,271.3744812011719,284.844425124367,-43.00903096595951,0.992063492063492,0.992063492063492,302.20001220703125
2019-08-06,278.7379455566406,285.7423306144286,-42.2119956661286,2.579365079365079,2.579365079365079,310.3999938964844
2019-08-07,282.1503601074219,271.19479771469776,-41.01496350882948,3.373015873015873,3.373015873015873,314.20001220703125
2019-08-08,288.7955627441406,284.8443852276919,-38.555201655799806,6.547619047619048,6.547619047619048,321.6000061035156
2019-08-09,279.8155517578125,281.2523508011423,-39.3820994431453,5.555555555555555,5.555555555555555,311.6000061035156
2019-08-12,269.3988342285156,267.78245218501115,-41.974982476664465,2.7777777777777777,2.7777777777777777,300.0
2019-08-13,281.61163330078125,265.80689360546785,-39.45126387849559,5.753968253968254,5.753968253968254,313.6000061035156
2019-08-14,255.92892456054688,260.957708910039,-42.308536991673066,2.579365079365079,2.579365079365079,285.0
2019-08-15,266.34564208984375,266.5252248625596,-41.072130237328864,3.7698412698412698,3.7698412698412698,296.6000061035156
2019-08-16,274.786865234375,271.55407310362443,-37.46062337171873,9.920634920634921,9.920634920634921,306.0
2019-08-19,286.4607238769531,293.4650817120792,-31.141984739981975,19.444444444444446,19.444444444444446,319.0
2019-08-20,282.689208984375,287.35880045361455,-29.12653260420232,22.42063492063492,22.42063492063492,314.79998779296875
2019-08-21,290.41192626953125,292.9263317318151,-24.716316979074687,28.174603174603174,28.174603174603174,323.3999938964844
2019-08-22,284.3056335449219,285.56282288170564,-24.46143996856804,28.76984126984127,28.76984126984127,316.6000061035156
2019-08-23,268.6804504394531,280.35440001568514,-29.28445330900932,22.42063492063492,22.42063492063492,299.20001220703125
2019-08-26,279.635986328125,280.3543996670305,-27.11943633352928,25.595238095238095,25.595238095238095,311.3999938964844
2019-08-27,278.7379455566406,283.0483426855861,-25.734518147207837,27.18253968253968,27.18253968253968,310.3999938964844
2019-08-28,278.9175109863281,275.50511038087876,-24.58808996765836,28.968253968253972,28.968253968253972,310.6000061035156
2019-08-29,285.2035827636719,284.3055866135373,-20.6359950066457,35.51587301587302,35.51587301587302,317.6000061035156
2019-08-30,284.8443298339844,287.17909740920663,-14.347225477260778,42.06349206349206,42.06349206349206,317.20001220703125
2019-09-03,283.766845703125,282.3300460667314,-4.680620973041336,51.587301587301596,51.587301587301596,316.0
2019-09-04,303.7022399902344,301.90624809769525,12.387495873088424,66.46825396825396,66.46825396825396,338.20001220703125
2019-09-05,315.1966247558594,314.65782162577096,23.370631499874847,76.78571428571429,76.78571428571429,351.0
2019-09-06,316.9926452636719,319.32744076637755,29.756712357082687,86.11111111111111,86.11111111111111,353.0
2019-09-09,319.1477966308594,319.3274068060691,33.66641830975215,90.87301587301587,90.87301587301587,355.3999938964844
2019-09-10,318.96820068359375,319.6865865454257,35.026022067109835,92.06349206349206,92.06349206349206,355.20001220703125
2019-09-11,332.9769287109375,330.46255070008544,38.635454213304754,95.23809523809523,95.23809523809523,370.79998779296875
2019-09-12,337.287353515625,336.92816054284737,39.48045084951384,95.63492063492063,95.63492063492063,375.6000061035156
2019-09-13,347.3448486328125,346.4468526152461,41.57303419435442,97.81746031746032,97.81746031746032,386.79998779296875
2019-09-16,336.74853515625,338.18533438718316,38.547728804687345,94.64285714285714,94.64285714285714,375.0
2019-09-17,331.5401916503906,323.81741923034195,33.894268498952215,89.88095238095238,89.88095238095238,369.20001220703125
2019-09-18,325.4338073730469,327.40940991404983,27.270806809358305,81.54761904761905,81.54761904761905,362.3999938964844
2019-09-19,318.6090087890625,321.6622174860571,19.091409754651238,73.4126984126984,73.4126984126984,354.79998779296875
2019-09-20,313.2210388183594,318.96823596741825,11.039429658140579,64.88095238095238,64.88095238095238,348.79998779296875
2019-09-23,313.7597961425781,307.833017076313,7.055047498674134,60.317460317460316,60.317460317460316,349.3999938964844
2019-09-24,303.1748352050781,309.2850736994038,-2.5008792036183474,52.57936507936508,52.57936507936508,337.3999938964844
2019-09-25,305.69073486328125,302.8153261388878,-5.613782280235824,50.198412698412696,50.198412698412696,340.20001220703125
2019-09-26,299.2210388183594,303.3544280221574,-11.651306826052926,44.24603174603175,44.24603174603175,333.0
2019-09-27,288.43841552734375,299.22116003303887,-22.13221957803646,33.730158730158735,33.730158730158735,321.0
2019-09-30,296.166015625,297.6037201877392,-22.613005343182106,33.13492063492063,33.13492063492063,329.6000061035156
2019-10-01,292.5717468261719,298.32253724039555,-24.98654502841515,28.57142857142857,28.57142857142857,325.6000061035156
2019-10-02,293.6500549316406,293.6500549316406,-26.64809596334,26.38888888888889,26.38888888888889,326.79998779296875
2019-10-03,307.48797607421875,302.81544196532485,-17.743228213526425,38.69047619047619,38.69047619047619,342.20001220703125
2019-10-04,305.5110168457031,301.9167695886949,-14.496646122550583,42.46031746031746,42.46031746031746,340.0
2019-10-07,299.2210388183594,299.9398771920955,-16.838553248419686,40.07936507936508,40.07936507936508,333.0
2019-10-08,293.2906188964844,298.32257136779805,-22.39682875909017,33.730158730158735,33.730158730158735,326.3999938964844
2019-10-09,305.69073486328125,306.40957333341464,-16.27943662300659,41.07142857142857,41.07142857142857,340.20001220703125
2019-10-10,316.8328857421875,309.4646682557926,-4.73610354157363,52.77777777777778,52.77777777777778,352.6000061035156
2019-10-11,330.31146240234375,333.90571111744663,10.321072435664636,66.07142857142857,66.07142857142857,367.6000061035156
2019-10-14,325.4590759277344,330.3113038800643,16.824888732829297,72.42063492063492,72.42063492063492,362.20001220703125
2019-10-15,334.8042297363281,330.3114194269892,27.25520137073913,82.53968253968253,82.53968253968253,372.6000061035156
2019-10-16,334.44476318359375,332.8273352473955,32.080912039262444,88.4920634920635,88.4920634920635,372.20001220703125
2019-10-17,338.0389709472656,340.3752097644899,35.92697572043443,92.06349206349206,92.06349206349206,376.20001220703125
2019-10-18,327.61566162109375,332.46789021004315,29.81958931164022,85.71428571428571,85.71428571428571,364.6000061035156
2019-10-21,338.3984069824219,336.96070250069914,33.672655866240945,90.07936507936508,90.07936507936508,376.6000061035156
2019-10-22,331.03021240234375,332.1084976964813,30.004979368558082,85.9126984126984,85.9126984126984,368.3999938964844
2019-10-23,327.43603515625,323.4823672629794,25.276678203686696,80.35714285714286,80.35714285714286,364.3999938964844
2019-10-24,327.2562561035156,330.4910570173834,22.494020056333525,76.98412698412699,76.98412698412699,364.20001220703125
2019-10-25,333.186767578125,326.5374144830971,25.372375562622707,80.55555555555556,80.55555555555556,370.79998779296875
2019-10-28,342.71148681640625,341.81292495929875,32.12570274069927,88.09523809523809,88.09523809523809,381.3999938964844
2019-10-29,333.00701904296875,330.85047613949575,27.389709392034227,82.53968253968253,82.53968253968253,370.6000061035156
2019-10-30,329.412841796875,324.9200316998689,21.915787092194876,75.0,75.0,366.6000061035156
2019-10-31,324.5605773925781,328.3345210141133,14.035948983161989,69.84126984126983,69.84126984126983,361.20001220703125
2019-11-01,343.7897644042969,339.47665113248803,25.157264472427926,79.36507936507937,79.36507936507937,382.6000061035156
2019-11-04,356.7290344238281,359.42471982249685,32.38308530238274,88.09523809523809,88.09523809523809,397.0
2019-11-05,363.0190124511719,363.5581550827633,37.503273359774695,93.25396825396825,93.25396825396825,404.0
2019-11-06,361.0422058105469,365.8944626177036,38.11346961357552,93.84920634920636,93.84920634920636,401.79998779296875
2019-11-07,370.0278015136719,371.1060868267365,39.30213678523924,95.23809523809523,95.23809523809523,411.79998779296875
2019-11-08,362.1204833984375,363.5581880724959,35.0898070068896,90.87301587301587,90.87301587301587,403.0
2019-11-11,344.68841552734375,337.8593383111353,18.980962090145006,72.61904761904762,72.61904761904762,383.6000061035156
2019-11-12,336.42156982421875,341.27379859909087,3.205651081572288,59.12698412698413,59.12698412698413,374.3999938964844
2019-11-13,321.8648681640625,321.3257255654462,-15.25207000155498,42.46031746031746,42.46031746031746,358.20001220703125
2019-11-14,319.70831298828125,319.34889371273863,-24.141996742950166,30.357142857142854,30.357142857142854,355.79998779296875
2019-11-15,321.5054626464844,320.4272047331326,-27.299591565731802,25.595238095238095,25.595238095238095,357.79998779296875
2019-11-18,324.5605773925781,327.2562631602177,-26.836407409556372,26.38888888888889,26.38888888888889,361.20001220703125
2019-11-19,333.5461730957031,337.67953571037725,-20.423917838427908,37.10317460317461,37.10317460317461,371.20001220703125
2019-11-20,328.8736572265625,331.38961959176294,-20.2278991976755,37.5,37.5,366.0
2019-11-21,326.537353515625,324.20108734494283,-21.306974379270798,36.507936507936506,36.507936507936506,363.3999938964844
2019-11-22,325.8185729980469,328.6939548241019,-22.3210853938875,34.72222222222222,34.72222222222222,362.6000061035156
2019-11-25,341.9926452636719,336.06213157502054,-11.082902444906697,47.22222222222222,47.22222222222222,380.6000061035156
2019-11-26,344.14923095703125,341.6332684357799,-3.5251476331454032,54.761904761904766,54.761904761904766,383.0
2019-11-27,342.71148681640625,340.9143631021913,-0.7834938368102577,57.14285714285714,57.14285714285714,381.3999938964844
2019-11-29,315.57489013671875,317.372013594395,-18.523229085986127,39.48412698412698,39.48412698412698,351.20001220703125
2019-12-02,315.9344482421875,318.9895539790069,-27.048866831077184,25.992063492063494,25.992063492063494,351.6000061035156
2019-12-03,309.64447021484375,308.20676553263667,-31.19680880790797,19.047619047619047,19.047619047619047,344.6000061035156
2019-12-04,313.5981140136719,314.31695258991533,-30.90794431904942,20.238095238095237,20.238095238095237,349.0
2019-12-05,314.49664306640625,315.5749282399778,-30.017777032926436,21.825396825396826,21.825396825396826,350.0
2019-12-06,321.68524169921875,324.7403474488457,-24.365120772966936,31.150793650793652,31.150793650793652,358.0
2019-12-09,317.91119384765625,322.7634501153576,-23.0315472366521,32.73809523809524,32.73809523809524,353.79998779296875
2019-12-10,320.96630859375,321.14600451328124,-16.55969820390089,42.26190476190476,42.26190476190476,357.20001220703125
2019-12-11,338.5780944824219,332.46788486449566,2.913807173975768,60.912698412698404,60.912698412698404,376.79998779296875
2019-12-12,357.9870300292969,338.57808888453025,21.735731838787625,75.0,75.0,398.3999938964844
2019-12-13,353.4942321777344,363.0189934303426,23.398059126888306,77.38095238095238,77.38095238095238,393.3999938964844
2019-12-16,365.71466064453125,367.3320609513368,30.715469885601742,85.31746031746032,85.31746031746032,407.0
2019-12-17,380.990234375,377.9351294893982,36.83275332017844,92.26190476190477,92.26190476190477,424.0
2019-12-18,384.5845031738281,384.5845031738281,40.37639894044001,95.83333333333334,95.83333333333334,428.0
2019-12-19,381.8887939453125,377.3959846047794,41.30866249188488,97.22222222222221,97.22222222222221,425.0
2019-12-20,386.201904296875,385.6627890795607,42.146841981398545,98.4126984126984,98.4126984126984,429.79998779296875
2019-12-23,385.3343811035156,384.43068882720416,42.24021444272536,98.4126984126984,98.4126984126984,426.3999938964844
2019-12-24,386.4188232421875,385.5151309649974,42.620238095460486,98.80952380952381,98.80952380952381,427.6000061035156
2019-12-26,397.6246032714844,390.57581451761706,43.466187657216416,99.20634920634922,99.20634920634922,440.0
2019-12-27,401.96234130859375,403.7697259863815,43.237981879048235,98.80952380952381,98.80952380952381,444.79998779296875
2019-12-30,396.72088623046875,406.6615006918245,41.48898175378643,96.62698412698413,96.62698412698413,439.0
2019-12-31,399.6126708984375,397.62453718113375,41.2070304461136,95.63492063492063,95.63492063492063,442.20001220703125
2020-01-02,433.41082763671875,419.4939718916521,42.86836987163938,98.4126984126984,98.4126984126984,479.6000061035156
2020-01-03,406.8422546386719,409.3725818616048,37.001793032798965,90.47619047619048,90.47619047619048,450.20001220703125
2020-01-06,411.72216796875,406.6614861805811,35.20066200263424,88.4920634920635,88.4920634920635,455.6000061035156
2020-01-07,408.6496276855469,410.09551315624424,32.43760799117033,85.11904761904762,85.11904761904762,452.20001220703125
2020-01-08,408.2881164550781,399.97416493472247,30.733645610559357,82.93650793650794,82.93650793650794,451.79998779296875
2020-01-09,418.409423828125,418.590173271543,33.27248666422959,86.30952380952381,86.30952380952381,463.0
2020-01-10,421.4820556640625,420.75911290270074,34.90522560876601,88.29365079365078,88.29365079365078,466.3999938964844
2020-01-13,443.3514099121094,429.6152770975356,39.26973502496795,93.65079365079364,93.65079365079364,490.6000061035156
2020-01-14,430.8804931640625,429.0731084988131,37.23702014678146,91.26984126984127,91.26984126984127,476.79998779296875
2020-01-15,423.6509094238281,424.91610061767915,31.699794533261578,84.52380952380952,84.52380952380952,468.79998779296875
2020-01-16,431.42266845703125,426.72348537141517,31.6478599119053,84.52380952380952,84.52380952380952,477.3999938964844
2020-01-17,437.0255126953125,435.5795997944039,34.12461484791622,88.29365079365078,88.29365079365078,483.6000061035156
2020-01-21,377.2011413574219,383.34626523259317,0.4478900266931844,56.34920634920635,56.34920634920635,417.3999938964844
2020-01-22,387.86474609375,396.1786987045566,-11.793373017085912,45.03968253968254,45.03968253968254,429.20001220703125
2020-01-23,374.6708068847656,364.3687209011712,-19.603481108382418,36.904761904761905,36.904761904761905,414.6000061035156
2020-01-24,359.1272277832031,371.2366961633405,-28.411772205185866,23.41269841269841,23.41269841269841,397.3999938964844
2020-01-27,315.7500915527344,301.1102924944868,-33.500839388788904,14.285714285714285,14.285714285714285,349.3999938964844
2020-01-28,323.1603698730469,318.2804370008004,-34.02198943158859,14.087301587301587,14.087301587301587,357.6000061035156
2020-01-29,328.04022216796875,334.36606667258525,-33.018735414645164,15.674603174603174,15.674603174603174,363.0
2020-01-30,317.5574035644531,307.255318973397,-34.7142458675132,13.293650793650794,13.293650793650794,351.3999938964844
2020-01-31,294.4229431152344,298.5799332505616,-38.90162516462632,6.547619047619048,6.547619047619048,325.79998779296875
2020-02-03,302.3753967285156,300.0257916397342,-39.03858042651551,6.547619047619048,6.547619047619048,334.6000061035156
2020-02-04,326.7751770019531,326.7751770019531,-33.80747463440233,15.079365079365079,15.079365079365079,361.6000061035156
2020-02-05,330.389892578125,342.1378918445679,-29.65926862341827,22.22222222222222,22.22222222222222,365.6000061035156
2020-02-06,336.7156982421875,344.4874561933343,-25.133844693238665,29.761904761904763,29.761904761904763,372.6000061035156
2020-02-07,326.7751770019531,333.28174572780745,-26.04137772892734,28.57142857142857,28.57142857142857,361.6000061035156
2020-02-10,333.8238525390625,328.94392076863323,-23.55896612410291,32.53968253968254,32.53968253968254,369.3999938964844
2020-02-11,352.2591247558594,349.18657752225874,-16.341508304473095,43.05555555555556,43.05555555555556,389.79998779296875
2020-02-12,366.89910888671875,361.4769545681958,-6.97823569243111,51.587301587301596,51.587301587301596,406.0
2020-02-13,353.3436279296875,353.3436279296875,-6.791284938407018,51.587301587301596,51.587301587301596,391.0
2020-02-14,351.8977355957031,356.9584174088444,-7.353375423413752,51.19047619047619,51.19047619047619,389.3999938964844
2020-02-18,348.4637756347656,348.64449755764326,-8.568499938824298,49.404761904761905,49.404761904761905,385.6000061035156
2020-02-19,356.0546569824219,357.8620410280179,-1.4321515421701723,56.547619047619044,56.547619047619044,394.0
2020-02-20,344.8489990234375,352.2592595904967,-2.4997845141088737,55.75396825396825,55.75396825396825,381.6000061035156
2020-02-21,343.9452819824219,348.2829938281642,-0.43183121023120535,57.738095238095234,57.738095238095234,380.6000061035156
2020-02-24,309.42425537109375,304.182850768314,-14.12602954216751,44.047619047619044,44.047619047619044,342.3999938964844
2020-02-25,299.3028564453125,317.37669976740875,-24.466779552530753,29.761904761904763,29.761904761904763,331.20001220703125
2020-02-26,311.95458984375,315.0271381170476,-24.90772061264813,28.968253968253972,28.968253968253972,345.20001220703125
2020-02-27,304.5442810058594,314.12342414370175,-27.698272445718953,25.198412698412696,25.198412698412696,337.0
2020-02-28,309.7856750488281,290.62741696085993,-25.284674784689354,28.76984126984127,28.76984126984127,342.79998779296875
2020-03-02,319.54547119140625,309.96633124085974,-18.570064440358152,38.69047619047619,38.69047619047619,353.6000061035156
2020-03-03,314.3041076660156,318.46109692526863,-17.659030244381984,39.682539682539684,39.682539682539684,347.79998779296875
2020-03-04,323.8832702636719,321.8951640241777,-11.825455016085753,45.83333333333333,45.83333333333333,358.3999938964844
2020-03-05,320.0878601074219,326.5944288605664,-10.471972638606665,47.023809523809526,47.023809523809526,354.20001220703125
2020-03-06,299.66436767578125,300.7487818723245,-19.51499963247612,37.5,37.5,331.6000061035156
2020-03-09,263.8781433105469,257.55229740926666,-30.17365053619966,20.03968253968254,20.03968253968254,292.0
2020-03-10,295.1458740234375,291.35035580363547,-24.795618893310593,28.57142857142857,28.57142857142857,326.6000061035156
2020-03-11,265.6854248046875,271.46904758405776,-30.35279649685867,19.841269841269842,19.841269841269842,294.0
2020-03-12,203.15003967285156,214.35581911153747,-36.57479315961667,10.912698412698413,10.912698412698413,224.8000030517578
2020-03-13,235.86366271972656,249.23829616438883,-32.58245917889271,16.46825396825397,16.46825396825397,261.0
2020-03-16,174.59332275390625,169.35190546205982,-37.68861876547997,9.126984126984127,9.126984126984127,193.1999969482422
2020-03-17,193.75160217285156,180.01548349009505,-36.702396364418995,11.11111111111111,11.11111111111111,214.39999389648438
2020-03-18,164.29127502441406,157.0617360907919,-38.68947127416155,7.341269841269842,7.341269841269842,181.8000030517578
2020-03-19,162.4838409423828,158.3268518023856,-39.92865426366927,5.357142857142857,5.357142857142857,179.8000030517578
2020-03-20,168.2675323486328,183.63030408230745,-39.357137570889456,6.349206349206349,6.349206349206349,186.1999969482422
2020-03-23,166.82159423828125,173.68964703890074,-39.17762324175739,6.547619047619048,6.547619047619048,184.60000610351562
2020-03-24,202.5379180908203,195.09701158116127,-31.71628266338394,19.444444444444446,19.444444444444446,223.1999969482422
2020-03-25,210.8863067626953,203.80837792597615,-25.122820478411935,30.158730158730158,30.158730158730158,232.39999389648438
2020-03-26,227.7644805908203,205.62323781690816,-16.696436602706555,42.06349206349206,42.06349206349206,251.0
2020-03-27,189.28952026367188,191.83030804203935,-21.740665056538436,36.30952380952381,36.30952380952381,208.60000610351562
2020-03-30,208.70846557617188,197.45636253578425,-18.75035171021613,39.48412698412698,39.48412698412698,230.0
2020-03-31,210.52330017089844,210.52330017089844,-16.264199862536877,43.25396825396825,43.25396825396825,232.0
2020-04-01,186.20420837402344,198.9081993876971,-21.585891515914398,36.507936507936506,36.507936507936506,205.1999969482422
2020-04-02,206.8936309814453,198.36381138299322,-17.7463234934864,40.27777777777778,40.27777777777778,228.0
2020-04-03,198.00079345703125,204.53427250642974,-17.142817775322342,41.07142857142857,41.07142857142857,218.1999969482422
2020-04-06,218.690185546875,213.24561661209802,-9.842474339013577,48.80952380952381,48.80952380952381,241.0
2020-04-07,216.51235961914062,233.2090318471256,-6.319273082587555,52.976190476190474,52.976190476190474,238.60000610351562
2020-04-08,217.96420288085938,213.42706287981628,-2.2412950313959956,55.952380952380956,55.952380952380956,240.1999969482422
2020-04-09,213.7900848388672,220.1420821016115,1.936785908125501,60.11904761904761,60.11904761904761,235.60000610351562
2020-04-13,213.42709350585938,212.519665375438,4.04807707681897,60.912698412698404,60.912698412698404,235.1999969482422
2020-04-14,224.67919921875,224.13473682965017,13.590984866856806,69.04761904761905,69.04761904761905,247.60000610351562
2020-04-15,207.80104064941406,208.88995163029114,10.971411453773744,65.87301587301587,65.87301587301587,229.0
2020-04-16,210.34178161621094,210.88623002678762,11.090138796739003,66.26984126984127,66.26984126984127,231.8000030517578
2020-04-17,221.77542114257812,221.77542114257812,16.377689895805585,70.63492063492063,70.63492063492063,244.39999389648438
2020-04-20,216.33084106445312,215.06044733599074,16.114911071830594,70.43650793650794,70.43650793650794,238.39999389648438
2020-04-21,198.9082489013672,203.0824239548547,6.475573514591885,61.50793650793651,61.50793650793651,219.1999969482422
2020-04-22,211.6122589111328,213.06414960696196,5.260422127124639,60.317460317460316,60.317460317460316,233.1999969482422
2020-04-23,210.52330017089844,215.06044026078848,3.709459837982211,59.32539682539682,59.32539682539682,232.0
2020-04-24,215.96788024902344,215.4234178695581,6.851550427697611,61.50793650793651,61.50793650793651,238.0
2020-04-27,229.0348663330078,224.31624258192662,17.52696347469802,72.02380952380952,72.02380952380952,252.39999389648438
2020-04-28,230.668212890625,240.28694213595975,20.49278683036783,74.0079365079365,74.0079365079365,254.1999969482422
2020-04-29,242.28334045410156,241.37591221270043,27.353067698476007,80.95238095238095,80.95238095238095,267.0
2020-04-30,222.8643798828125,238.4721288972814,20.22226211367782,73.61111111111111,73.61111111111111,245.60000610351562
2020-05-01,200.1786346435547,208.34548714557408,-2.513839986791087,52.38095238095239,52.38095238095239,220.60000610351562
2020-05-04,204.71578979492188,199.45270391978787,-10.804283854916967,45.03968253968254,45.03968253968254,225.60000610351562
2020-05-05,210.7047882080078,210.88627104683408,-11.432214303642388,44.047619047619044,44.047619047619044,232.1999969482422
2020-05-06,212.51966857910156,217.4197888649974,-10.434120662784991,45.23809523809524,45.23809523809524,234.1999969482422
2020-05-07,213.60855102539062,216.14935225844278,-9.056831366617486,46.62698412698413,46.62698412698413,235.39999389648438
2020-05-08,228.671875,223.95325177718723,2.9710702399111115,57.936507936507944,57.936507936507944,252.0
2020-05-11,226.131103515625,225.04219245043848,7.487175334777492,61.30952380952381,61.30952380952381,249.1999969482422
2020-05-12,220.50503540039062,226.13108703230196,5.8297430359838,60.11904761904761,60.11904761904761,243.0
2020-05-13,221.41249084472656,228.67191677406186,5.789584141521542,59.72222222222222,59.72222222222222,244.0
2020-05-14,219.41612243652344,209.6158959600495,3.662955604797477,57.936507936507944,57.936507936507944,241.8000030517578
2020-05-15,210.34178161621094,207.61949802457642,-5.757935709164674,49.60317460317461,49.60317460317461,231.8000030517578
2020-05-18,234.11642456054688,226.67551771198154,8.491739873699286,63.095238095238095,63.095238095238095,258.0
2020-05-19,227.58297729492188,231.03120695092534,11.190617044454582,66.07142857142857,66.07142857142857,250.8000030517578
2020-05-20,235.93130493164062,237.56466442724115,18.597160480744222,72.61904761904762,72.61904761904762,260.0
2020-05-21,218.3272247314453,222.31990316820907,8.60839109192202,63.095238095238095,63.095238095238095,240.60000610351562
2020-05-22,199.45269775390625,203.08241012851326,-11.838639311939495,42.65873015873016,42.65873015873016,219.8000030517578
2020-05-26,212.88265991210938,217.60128375301497,-11.015368945508769,44.24603174603175,44.24603174603175,234.60000610351562
2020-05-27,208.70846557617188,212.88264042619696,-14.138188395132866,41.269841269841265,41.269841269841265,230.0
2020-05-28,211.06777954101562,215.4234233015537,-13.537739600978796,41.86507936507937,41.86507936507937,232.60000610351562
2020-05-29,223.95321655273438,218.3271661394174,-2.264385004534444,52.976190476190474,52.976190476190474,246.8000030517578
2020-06-01,237.0202178955078,228.49038591205164,14.370004400569197,68.84920634920636,68.84920634920636,261.20001220703125
2020-06-02,250.45018005371094,243.19075454490772,25.194859125979285,78.57142857142857,78.57142857142857,276.0
2020-06-03,261.88372802734375,256.9836223342448,31.72609265908243,86.5079365079365,86.5079365079365,288.6000061035156
2020-06-04,252.08346557617188,252.26496223751641,30.207789426983773,83.73015873015873,83.73015873015873,277.79998779296875
2020-06-05,267.328369140625,267.328369140625,33.82332389648471,89.28571428571429,89.28571428571429,294.6000061035156
2020-06-08,264.424560546875,258.25406012977953,34.44086734184839,90.27777777777779,90.27777777777779,291.3999938964844
2020-06-09,260.25042724609375,256.43924497402554,32.51806789337818,87.10317460317461,87.10317460317461,286.79998779296875
2020-06-10,267.5097961425781,265.1505052071312,34.70756661247369,90.27777777777779,90.27777777777779,294.79998779296875
2020-06-11,236.83872985839844,246.09450738963767,20.622351951530035,72.61904761904762,72.61904761904762,261.0
2020-06-12,244.6426239013672,248.27233633998537,16.822580810917444,68.65079365079364,68.65079365079364,269.6000061035156
2020-06-15,237.56468200683594,229.21635952237497,10.898446273584069,63.69047619047619,63.69047619047619,261.79998779296875
2020-06-16,243.37217712402344,255.35020894931517,10.978253899891344,63.888888888888886,63.888888888888886,268.20001220703125
2020-06-17,245.7315216064453,245.91301830581455,12.323334135840462,65.27777777777779,65.27777777777779,270.79998779296875
2020-06-18,248.81680297851562,245.00559377610605,14.900332109669495,67.26190476190477,67.26190476190477,274.20001220703125
2020-06-19,250.087158203125,260.0688660380701,16.765027573084982,68.45238095238095,68.45238095238095,275.6000061035156
2020-06-22,255.3502960205078,248.27236696901113,20.631905326752616,72.61904761904762,72.61904761904762,281.3999938964844
2020-06-23,260.69512939453125,263.4220660105403,24.76957402367088,76.78571428571429,76.78571428571429,286.79998779296875
2020-06-24,253.42327880859375,257.42280772779014,22.65706712928408,74.20634920634922,74.20634920634922,278.79998779296875
2020-06-25,253.60499572753906,249.60549596653863,21.071076033978688,72.42063492063492,72.42063492063492,279.0
2020-06-26,248.15118408203125,251.24170610138756,15.921422066181357,66.46825396825396,66.46825396825396,273.0
2020-06-29,245.24244689941406,243.6062963037533,7.316404256131694,58.730158730158735,58.730158730158735,269.79998779296875
2020-06-30,238.51596069335938,241.4247030849146,-4.785284823151123,48.214285714285715,48.214285714285715,262.3999938964844
2020-07-01,245.78781127929688,243.96985405424317,-3.0625284990730615,49.2063492063492,49.2063492063492,270.3999938964844
2020-07-02,270.8756408691406,268.6940976315828,15.881800838333154,66.26984126984127,66.26984126984127,298.0
2020-07-06,347.9570007324219,330.1410421723606,30.067697188387747,82.73809523809523,82.73809523809523,382.79998779296875
2020-07-07,318.506103515625,320.6876466598761,30.123348718291126,82.73809523809523,82.73809523809523,350.3999938964844
2020-07-08,348.50238037109375,336.6856588871403,36.73049232413445,92.65873015873017,92.65873015873017,383.3999938964844
2020-07-09,341.77593994140625,355.59242520518006,36.8473886015306,92.85714285714286,92.85714285714286,376.0
2020-07-10,327.2323303222656,329.59568047811433,33.0745535663061,87.3015873015873,87.3015873015873,360.0
2020-07-13,315.23382568359375,325.5962058318786,27.426772183243887,79.16666666666666,79.16666666666666,346.79998779296875
2020-07-14,308.14373779296875,298.87214520592295,22.33184583467874,71.82539682539682,71.82539682539682,339.0
2020-07-15,304.5079040527344,306.5076685484165,18.031077242066136,68.05555555555556,68.05555555555556,335.0
2020-07-16,283.2377014160156,276.14765259057305,7.848374111240387,57.936507936507944,57.936507936507944,311.6000061035156
2020-07-17,283.78314208984375,285.60109936719107,2.753567080868618,52.57936507936508,52.57936507936508,312.20001220703125
2020-07-20,294.69091796875,291.4185889638373,3.9859579085044157,53.57142857142857,53.57142857142857,324.20001220703125
2020-07-21,299.4175109863281,307.78012424411344,6.197139241184037,55.75396825396825,55.75396825396825,329.3999938964844
2020-07-22,285.60101318359375,290.32768403447005,2.0083538404848644,51.78571428571429,51.78571428571429,314.20001220703125
2020-07-23,280.6925964355469,285.9646892571716,-2.96966780614643,46.42857142857143,46.42857142857143,308.79998779296875
2020-07-24,273.6025695800781,268.1486977612061,-8.548328329601436,41.07142857142857,41.07142857142857,301.0
2020-07-27,271.4210205078125,268.8758637370329,-12.494372883542255,36.11111111111111,36.11111111111111,298.6000061035156
2020-07-28,264.5127258300781,270.14840324953377,-17.339154264006282,30.753968253968257,30.753968253968257,291.0
2020-07-29,276.3294982910156,274.8751269625714,-14.175119929825772,35.51587301587302,35.51587301587302,304.0
2020-07-30,268.1487121582031,266.1489479546514,-18.079815298205272,29.96031746031746,29.96031746031746,295.0
2020-07-31,261.4222412109375,265.42174135461755,-25.27055389707895,21.428571428571427,21.428571428571427,287.6000061035156
2020-08-03,268.694091796875,269.23948452937805,-25.063025695762903,22.023809523809522,22.023809523809522,295.6000061035156
2020-08-04,287.2373046875,283.2378034613366,-15.786031724524612,34.12698412698413,34.12698412698413,316.0
2020-08-05,286.5100402832031,288.6915831808269,-11.103872191492126,39.08730158730159,39.08730158730159,315.20001220703125
2020-08-06,288.6916198730469,285.41929124079223,-7.414116491452763,43.452380952380956,43.452380952380956,317.6000061035156
2020-08-07,270.8756408691406,272.51179136235214,-13.879087516712755,36.30952380952381,36.30952380952381,298.0
2020-08-10,276.1477355957031,274.6933917747082,-13.947228402540224,36.11111111111111,36.11111111111111,303.79998779296875
2020-08-11,279.0564270019531,281.78336277070184,-8.978170863710417,41.66666666666667,41.66666666666667,307.0
2020-08-12,288.14617919921875,285.4192437493839,1.046550735446726,51.587301587301596,51.587301587301596,317.0
2020-08-13,285.60101318359375,286.50999154797205,4.2641061521879315,54.563492063492056,54.563492063492056,314.20001220703125
2020-08-14,290.509521484375,288.87334361180416,9.627574421501404,59.12698412698413,59.12698412698413,319.6000061035156
2020-08-17,307.5983581542969,301.05372876197407,23.206575517701637,73.61111111111111,73.61111111111111,338.3999938964844
2020-08-18,309.7799072265625,311.2342785882484,28.784943909131826,80.35714285714286,80.35714285714286,340.79998779296875
2020-08-19,300.6900939941406,307.0529438600127,26.460482723609925,77.18253968253968,77.18253968253968,330.79998779296875
2020-08-20,304.8714294433594,294.50907852471437,27.292040334174335,78.17460317460318,78.17460317460318,335.3999938964844
2020-08-21,312.1431884765625,305.59856040008026,31.23582967145436,83.73015873015873,83.73015873015873,343.3999938964844
2020-08-24,322.8692321777344,325.9597540838177,34.36915783456154,89.28571428571429,89.28571428571429,355.20001220703125
2020-08-25,326.8686828613281,318.50606934247634,37.51484247154828,93.65079365079364,93.65079365079364,359.6000061035156
2020-08-26,325.9597473144531,323.4145904671377,38.589613220854346,95.23809523809523,95.23809523809523,358.6000061035156
2020-08-27,323.41455078125,328.1412502463793,37.40017378334093,93.05555555555556,93.05555555555556,355.79998779296875
2020-08-28,331.2318420410156,325.7779696877393,39.47622242416205,96.23015873015873,96.23015873015873,364.3999938964844
2020-08-31,308.3255615234375,311.7796692117774,26.392429191165856,75.59523809523809,75.59523809523809,339.20001220703125
2020-09-01,319.2333068847656,312.50684281124904,25.666858235726043,75.0,75.0,351.20001220703125
2020-09-02,315.77911376953125,319.960420264129,23.078249636299514,71.23015873015873,71.23015873015873,347.3999938964844
2020-09-03,296.32696533203125,303.962378522684,8.229375566504805,56.547619047619044,56.547619047619044,326.0
2020-09-04,299.053955078125,299.4175409649054,2.086733229258184,50.595238095238095,50.595238095238095,329.0
2020-09-08,281.9653015136719,277.7839924972272,-14.7703374455087,33.53174603174603,33.53174603174603,310.20001220703125
2020-09-09,287.6007995605469,282.8741278777522,-20.566915984596235,26.984126984126984,26.984126984126984,316.3999938964844
2020-09-10,270.1484375,281.23795922127937,-31.69520902714934,13.690476190476192,13.690476190476192,297.20001220703125
2020-09-11,278.1474914550781,281.78340637605953,-32.75294647810327,11.904761904761903,11.904761904761903,306.0
2020-09-14,283.6012878417969,284.32845953520604,-29.405197873411755,15.873015873015872,15.873015873015872,312.0
2020-09-15,290.509521484375,292.8728710293188,-21.97009363378702,25.595238095238095,25.595238095238095,319.6000061035156
2020-09-16,288.87335205078125,291.6002875115746,-19.06715571173029,27.976190476190478,27.976190476190478,317.79998779296875
2020-09-17,280.8743591308594,279.23820891146306,-23.704019845818706,23.214285714285715,23.214285714285715,309.0
2020-09-18,282.6923522949219,287.96441722249796,-24.78676932257602,21.626984126984127,21.626984126984127,311.0
2020-09-21,275.23870849609375,268.3304933402018,-28.788807124481373,16.46825396825397,16.46825396825397,302.79998779296875
2020-09-22,268.51220703125,272.51170634228606,-34.09103627125026,10.317460317460316,10.317460317460316,295.3999938964844
2020-09-23,259.60430908203125,267.42153105294125,-38.875380804858466,4.9603174603174605,4.9603174603174605,285.6000061035156
2020-09-24,250.51449584960938,247.4239743038674,-40.75698160364526,2.1825396825396823,2.1825396825396823,275.6000061035156
2020-09-25,242.51547241210938,238.51597223505416,-41.26217223005612,1.5873015873015872,1.5873015873015872,266.79998779296875
2020-09-28,253.9686279296875,253.6050420195603,-37.87561683953613,7.142857142857142,7.142857142857142,279.3999938964844
2020-09-29,250.87811279296875,247.96936995451054,-36.328184507192596,9.722222222222223,9.722222222222223,276.0
2020-09-30,264.8763732910156,259.42250138630084,-28.35655338302665,18.650793650793652,18.650793650793652,291.3999938964844
2020-10-01,275.4205017089844,273.0571519219326,-16.691747594773982,32.53968253968254,32.53968253968254,303.0
2020-10-02,265.9671630859375,262.51302751297646,-14.962582593821356,35.11904761904761,35.11904761904761,292.6000061035156
2020-10-05,269.96661376953125,264.5127427842882,-9.934605437131335,40.67460317460318,40.67460317460318,297.0
2020-10-06,274.8751220703125,275.42051477625034,-1.2352311176968205,48.80952380952381,48.80952380952381,302.3999938964844
2020-10-07,283.9649658203125,282.69240107405466,10.117068522052186,59.12698412698413,59.12698412698413,312.3999938964844
2020-10-08,287.9644470214844,284.5103389859571,18.723047007125405,67.65873015873017,67.65873015873017,316.79998779296875
2020-10-09,290.14599609375,285.0557101072264,24.58599681825862,73.21428571428571,73.21428571428571,319.20001220703125
2020-10-12,312.6886901855469,309.23458202942925,32.143686285940944,84.52380952380952,84.52380952380952,344.0
2020-10-13,311.5978698730469,310.50711213782176,35.38522146326431,90.27777777777779,90.27777777777779,342.79998779296875
2020-10-14,300.1448059082031,308.5073940864513,31.617052945755532,82.93650793650794,82.93650793650794,330.20001220703125
2020-10-15,293.236572265625,288.6916781751467,25.538313144171394,74.20634920634922,74.20634920634922,322.6000061035156
2020-10-16,305.96221923828125,306.3258051504351,28.556612377141143,77.77777777777779,77.77777777777779,336.6000061035156
2020-10-19,305.7804260253906,308.5073620976857,29.999315279566442,79.76190476190477,79.76190476190477,336.3999938964844
2020-10-20,309.23455810546875,306.87120798894114,32.20634287359941,84.32539682539682,84.32539682539682,340.20001220703125
2020-10-21,318.1424865722656,319.2332719078713,34.19205262588705,88.09523809523809,88.09523809523809,350.0
2020-10-22,324.50531005859375,326.1414601898515,37.06876838152298,92.46031746031747,92.46031746031747,357.0
2020-10-23,327.7777404785156,323.9600186595989,39.491563507982875,96.42857142857143,96.42857142857143,360.6000061035156
2020-10-26,318.86962890625,317.0516720077199,35.849524780458616,90.07936507936508,90.07936507936508,350.79998779296875
2020-10-27,320.14227294921875,314.5065945520666,34.529175521407936,88.09523809523809,88.09523809523809,352.20001220703125
2020-10-28,301.7808837890625,307.41656199189646,22.442063924858964,67.85714285714286,67.85714285714286,332.0
2020-10-29,313.5976257324219,313.5976257324219,22.55378891975891,68.05555555555556,68.05555555555556,345.0
2020-10-30,305.05316162109375,306.14391907519877,16.541881138182667,61.70634920634921,61.70634920634921,335.6000061035156
2020-11-02,322.8692321777344,321.233053940518,23.895138074566585,70.03968253968253,70.03968253968253,355.20001220703125
2020-11-03,325.59619140625,323.778233950581,27.82802519202346,75.9920634920635,75.9920634920635,358.20001220703125
2020-11-04,365.7729797363281,348.13880060607426,35.18106401086513,89.28571428571429,89.28571428571429,402.3999938964844
2020-11-05,382.3164367675781,389.22468025484244,38.109325804441546,93.65079365079364,93.65079365079364,420.6000061035156
2020-11-06,383.4071350097656,377.7714847360321,39.82600402918378,96.42857142857143,96.42857142857143,421.79998779296875
2020-11-09,396.49652099609375,422.6750965235568,37.58697039733689,92.65873015873017,92.65873015873017,436.20001220703125
2020-11-10,368.31817626953125,376.86257040723154,28.56707670459782,75.79365079365078,75.79365079365078,405.20001220703125
2020-11-11,380.1348571777344,364.5004143443413,27.042724710868367,73.21428571428571,73.21428571428571,418.20001220703125
2020-11-12,366.6819763183594,375.7717626809356,21.517308874361458,65.47619047619048,65.47619047619048,403.3999938964844
2020-11-13,376.13531494140625,374.86275051244434,20.224605374282373,64.28571428571429,64.28571428571429,413.79998779296875
2020-11-16,381.58917236328125,380.862000641756,21.47965883171684,65.27777777777779,65.27777777777779,419.79998779296875
2020-11-17,374.6810302734375,370.3179158807485,19.282027535652517,63.49206349206349,63.49206349206349,412.20001220703125
2020-11-18,368.8634948730469,375.95354440643905,15.752178505224432,58.730158730158735,58.730158730158735,405.79998779296875
2020-11-19,368.49993896484375,363.59145980543576,13.71747954385079,57.936507936507944,57.936507936507944,405.3999938964844
2020-11-20,375.2263488769531,370.8632627638961,14.961782077831161,58.730158730158735,58.730158730158735,412.79998779296875
2020-11-23,371.77227783203125,380.8620645760907,14.197681392953271,58.13492063492064,58.13492063492064,409.0
2020-11-24,377.407958984375,374.862802036799,15.730354010773794,58.92857142857143,58.92857142857143,415.20001220703125
2020-11-25,371.5904235839844,367.5909234749247,13.83752114571181,57.53968253968254,57.53968253968254,408.79998779296875
2020-11-27,404.313720703125,396.3147191195788,23.726549531533564,68.84920634920636,68.84920634920636,444.79998779296875
2020-11-30,365.2276306152344,380.86207535335603,13.4998075148487,56.94444444444444,56.94444444444444,401.79998779296875
2020-12-01,375.5899658203125,379.04407337867246,10.502404965257806,54.563492063492056,54.563492063492056,413.20001220703125
2020-12-02,368.31817626953125,365.59124019963787,5.148092800407925,50.198412698412696,50.198412698412696,405.20001220703125
2020-12-03,367.95458984375,366.68202513154915,-2.735952976110089,43.25396825396825,43.25396825396825,404.79998779296875
2020-12-04,369.04541015625,371.40876069536495,-10.926715288752792,35.91269841269841,35.91269841269841,406.0
2020-12-07,359.0465393066406,355.5924317965826,-18.66088387757594,26.190476190476193,26.190476190476193,395.0
2020-12-08,356.3195495605469,352.6836357895209,-22.764407720972812,22.61904761904762,22.61904761904762,392.0
2020-12-09,343.59393310546875,353.41089152683696,-28.731029747989368,15.277777777777779,15.277777777777779,378.0
2020-12-10,355.59246826171875,343.048545920256,-23.797537385575122,21.825396825396826,21.825396825396826,391.20001220703125
2020-12-11,345.7754821777344,350.68396147130085,-27.57384835808856,16.865079365079367,16.865079365079367,380.3999938964844
2020-12-14,343.59393310546875,349.411390975162,-30.749447283807484,13.293650793650794,13.293650793650794,378.0
2020-12-15,346.5026550292969,347.04801999997585,-30.645387194547563,13.492063492063492,13.492063492063492,381.20001220703125
2020-12-16,347.59344482421875,349.59320903421593,-29.757132483469377,14.285714285714285,14.285714285714285,382.3999938964844
2020-12-17,354.1380920410156,357.2286139419115,-24.1021791214586,22.42063492063492,22.42063492063492,389.6000061035156
2020-12-18,352.6836853027344,352.3200994225521,-22.053957661759014,25.396825396825395,25.396825396825395,388.0
2020-12-21,344.321044921875,339.957959215044,-27.345996642989544,17.658730158730158,17.658730158730158,378.79998779296875
2020-12-22,340.1559143066406,344.1749367860511,-33.011521881374065,11.11111111111111,11.11111111111111,372.3999938964844
2020-12-23,349.2900390625,352.212979456419,-28.460257139422595,16.071428571428573,16.071428571428573,382.3999938964844
2020-12-24,332.1178894042969,339.0598529471709,-33.48002750256461,10.515873015873016,10.515873015873016,363.6000061035156
2020-12-28,333.5793151855469,332.848566140509,-35.420552249760334,9.325396825396826,9.325396825396826,365.20001220703125
2020-12-29,347.8285827636719,342.7134786827684,-23.57987009263039,23.214285714285715,23.214285714285715,380.79998779296875
2020-12-30,364.4527587890625,366.8276444965679,-4.073927417424896,43.65079365079365,43.65079365079365,399.0
2020-12-31,368.6545104980469,375.9618346788794,11.064276500713992,56.547619047619044,56.547619047619044,403.6000061035156
2021-01-04,365.0008544921875,374.8657311506669,15.11356835746901,59.72222222222222,59.72222222222222,399.6000061035156
2021-01-05,393.8647766113281,375.2310780230901,27.7821080445187,75.39682539682539,75.39682539682539,431.20001220703125
2021-01-06,381.8076477050781,391.48985678652014,27.089334168391062,73.80952380952381,73.80952380952381,418.0
2021-01-07,389.29766845703125,385.095951892751,30.39983145780622,78.96825396825396,78.96825396825396,426.20001220703125
2021-01-08,415.05596923828125,398.249130762787,36.859571166204766,91.07142857142857,91.07142857142857,454.3999938964844
2021-01-11,397.5184020996094,400.0759541265837,32.957361053858854,83.73015873015873,83.73015873015873,435.20001220703125
2021-01-12,412.4984130859375,411.03694282529113,36.21017594279601,90.07936507936508,90.07936507936508,451.6000061035156
2021-01-13,416.7001647949219,409.5755071262735,37.82923503734252,92.85714285714286,92.85714285714286,456.20001220703125
2021-01-14,422.3633117675781,434.7857678527009,37.655050088114976,92.65873015873017,92.65873015873017,462.3999938964844
2021-01-15,421.63250732421875,425.83422327198036,37.12977304874125,91.26984126984127,91.26984126984127,461.6000061035156
2021-01-19,476.0721740722656,474.97606431222266,40.32741263974201,96.42857142857143,96.42857142857143,521.2000122070312
2021-01-20,520.6468505859375,511.5126953125,42.37143217671881,99.0079365079365,99.0079365079365,570.0
2021-01-21,511.6953430175781,511.51264877863775,42.39999958685852,99.0079365079365,99.0079365079365,560.2000122070312
2021-01-22,501.46514892578125,491.9656046787328,40.88571221702733,96.82539682539682,96.82539682539682,549.0
2021-01-25,537.4536743164062,541.1073361248102,41.91450712793636,98.21428571428571,98.21428571428571,588.4000244140625
2021-01-26,522.2908935546875,519.1853147699165,40.425563819529074,95.83333333333334,95.83333333333334,571.7999877929688
2021-01-27,466.02471923828125,475.70690373098694,29.14658394422154,75.39682539682539,75.39682539682539,510.20001220703125
2021-01-28,466.2071838378906,450.67912306198957,22.342697082064007,65.47619047619048,65.47619047619048,510.3999938964844
2021-01-29,434.7857971191406,442.6411763396165,8.957466632800132,53.57142857142857,53.57142857142857,476.0
2021-02-01,470.4089660644531,460.5440901592121,10.819837514481277,54.563492063492056,54.563492063492056,515.0
2021-02-02,490.32147216796875,490.6868607001345,15.924605509131991,59.92063492063492,59.92063492063492,536.7999877929688
2021-02-03,493.9749755859375,496.89791565162426,18.887264252012685,62.89682539682539,62.89682539682539,540.7999877929688
2021-02-04,486.3023986816406,485.20628901228287,18.13145811546261,62.5,62.5,532.4000244140625
2021-02-05,497.2635498046875,493.4271925570198,20.394637581335658,64.48412698412699,64.48412698412699,544.4000244140625
2021-02-08,492.87896728515625,492.51363454596714,19.54961849259095,63.888888888888886,63.888888888888886,539.5999755859375
2021-02-09,512.426025390625,498.7247947652072,23.89186599843085,69.84126984126983,69.84126984126983,561.0
2021-02-10,527.4061889648438,536.9056777406001,29.293054391868996,77.57936507936508,77.57936507936508,577.4000244140625
2021-02-11,554.4432983398438,546.5879460671761,35.12780317782358,88.29365079365078,88.29365079365078,607.0
2021-02-12,554.260498046875,548.9626994518403,37.93440721975473,93.45238095238095,93.45238095238095,606.7999877929688
2021-02-16,554.80859375,562.4812504547773,38.73607120567591,94.84126984126983,94.84126984126983,607.4000244140625
2021-02-17,580.018798828125,574.7210004771084,40.53255185990746,96.82539682539682,96.82539682539682,635.0
2021-02-18,541.838134765625,536.9056683192432,33.080557074596705,83.53174603174604,83.53174603174604,593.2000122070312
2021-02-19,552.981689453125,557.5487663209227,31.32916904728012,80.15873015873017,80.15873015873017,605.4000244140625
2021-02-22,495.9845886230469,506.21485279814357,13.286357452175421,56.94444444444444,56.94444444444444,543.0
2021-02-23,499.2728576660156,483.014073969055,4.513182992787518,49.801587301587304,49.801587301587304,546.5999755859375
2021-02-24,467.668701171875,455.06357936069253,-10.84231764706791,36.7063492063492,36.7063492063492,512.0
2021-02-25,443.919921875,469.6782494795666,-24.530157062613277,20.634920634920633,20.634920634920633,486.0
2021-02-26,421.63250732421875,424.00739267514683,-32.85675492824417,11.30952380952381,11.30952380952381,461.6000061035156
2021-03-01,455.6116027832031,442.8237868347947,-30.00714112416447,14.285714285714285,14.285714285714285,498.79998779296875
2021-03-02,428.0265197753906,440.26628221204896,-34.197442045568884,9.722222222222223,9.722222222222223,468.6000061035156
2021-03-03,437.8913269042969,451.9579181590012,-34.34778002085495,9.722222222222223,9.722222222222223,479.3999938964844
2021-03-04,400.80670166015625,421.99795195609477,-38.58058025179126,5.753968253968254,5.753968253968254,438.79998779296875
2021-03-05,414.1425476074219,421.2672046387405,-38.15808809336178,6.944444444444445,6.944444444444445,453.3999938964844
2021-03-08,371.0293884277344,383.4518169669799,-41.3240615601142,1.5873015873015872,1.5873015873015872,406.20001220703125
2021-03-09,393.8647766113281,385.2786485705706,-39.99510633459121,3.373015873015873,3.373015873015873,431.20001220703125
2021-03-10,385.0959167480469,401.5373930315242,-40.383794882312046,2.976190476190476,2.976190476190476,421.6000061035156
2021-03-11,425.651611328125,416.3347623335126,-33.15461693429749,12.3015873015873,12.3015873015873,466.0
2021-03-12,391.6725158691406,386.009357063681,-35.49797265664054,10.119047619047619,10.119047619047619,428.79998779296875
2021-03-15,389.29766845703125,381.25959592640226,-37.036210440648034,9.325396825396826,9.325396825396826,426.20001220703125
2021-03-16,400.2586975097656,394.04745516334566,-36.057054695725135,10.317460317460316,10.317460317460316,438.20001220703125
2021-03-17,398.6145324707031,385.0959937512325,-35.854186157293185,10.515873015873016,10.515873015873016,436.3999938964844
2021-03-18,387.8362731933594,393.68212751646934,-37.31136393497712,8.928571428571429,8.928571428571429,424.6000061035156
2021-03-19,388.01885986328125,375.59643243233756,-38.05250503851899,7.738095238095238,7.738095238095238,424.79998779296875
2021-03-22,386.7400817871094,386.9227760205075,-38.01216650762081,7.936507936507936,7.936507936507936,423.3999938964844
2021-03-23,360.6523132324219,365.77834154548935,-41.43891397343644,1.5873015873015872,1.5873015873015872,394.0
2021-03-24,321.1087341308594,343.2604888519492,-43.50855610859592,0.0,0.0,350.79998779296875
2021-03-25,324.58709716796875,320.37642993053163,-44.05475323995736,0.0,0.0,354.6000061035156
2021-03-26,353.878662109375,335.9375761607356,-38.768615346721184,6.547619047619048,6.547619047619048,386.6000061035156
2021-03-29,346.37255859375,343.0772537704393,-37.36885547909024,9.722222222222223,9.722222222222223,378.3999938964844
2021-03-30,351.4987487792969,345.8234973907868,-35.429331800687294,12.5,12.5,384.0
2021-03-31,353.3293762207031,343.99268204828365,-33.87114023510545,14.087301587301587,14.087301587301587,386.0
2021-04-01,369.0736083984375,375.8472749828014,-26.000100802118958,23.015873015873016,23.015873015873016,403.20001220703125
2021-04-05,372.185791015625,379.50867907128077,-20.107791922326513,31.349206349206348,31.349206349206348,406.6000061035156
2021-04-06,375.8473205566406,369.0736531509271,-15.43428213349072,36.904761904761905,36.904761904761905,410.6000061035156
2021-04-07,348.203369140625,346.7387857420214,-23.025521727784223,28.373015873015873,28.373015873015873,380.3999938964844
2021-04-08,362.8492126464844,365.22915760627933,-21.600457504828086,30.357142857142854,30.357142857142854,396.3999938964844
2021-04-09,349.48486328125,348.3864467016614,-25.132301364049937,24.00793650793651,24.00793650793651,381.79998779296875
2021-04-12,348.7525634765625,344.72498040391116,-25.362728062714613,23.41269841269841,23.41269841269841,381.0
2021-04-13,345.823486328125,343.62662480545265,-26.855505927412278,22.42063492063492,22.42063492063492,377.79998779296875
2021-04-14,349.8510437011719,357.35698839180606,-25.497411031308324,23.61111111111111,23.61111111111111,382.20001220703125
2021-04-15,351.8648681640625,351.4987292413579,-23.887474114340737,27.77777777777778,27.77777777777778,384.3999938964844
2021-04-16,356.80767822265625,361.20142743365443,-19.735103829203958,32.93650793650794,32.93650793650794,389.79998779296875
2021-04-19,356.80767822265625,356.2584840140552,-15.869680160499108,37.89682539682539,37.89682539682539,389.79998779296875
2021-04-20,353.51251220703125,358.45545717831595,-15.71922330033516,38.2936507936508,38.2936507936508,386.20001220703125
2021-04-21,355.16015625,344.35890493995134,-13.374134322323808,41.46825396825397,41.46825396825397,388.0
2021-04-22,357.3569641113281,355.7093253224215,-10.187086183113113,45.23809523809524,45.23809523809524,390.3999938964844
2021-04-23,373.10125732421875,368.3413675708022,2.4797800386488147,54.563492063492056,54.563492063492056,407.6000061035156
2021-04-26,355.7093811035156,351.6817972610162,-4.909812145596308,49.404761904761905,49.404761904761905,388.6000061035156
2021-04-27,359.3708190917969,356.0755131263284,-8.180284832859986,47.42063492063492,47.42063492063492,392.6000061035156
2021-04-28,365.2291259765625,362.84918122287644,-4.5143308231441335,50.0,50.0,399.0
2021-04-29,364.3136901855469,369.8058563692486,-3.3696492333174484,50.39682539682539,50.39682539682539,398.0
2021-04-30,342.5281066894531,345.09110638531774,-20.933821967301398,31.944444444444443,31.944444444444443,374.20001220703125
2021-05-03,336.3037109375,337.5852110749502,-31.486037731845666,17.063492063492063,17.063492063492063,367.3999938964844
2021-05-04,326.6007995605469,333.1914100541396,-36.62781958359649,11.507936507936508,11.507936507936508,356.79998779296875
2021-05-05,330.99462890625,332.8253513803613,-36.7006099343113,11.507936507936508,11.507936507936508,361.6000061035156
2021-05-06,333.1914367675781,330.8114923466033,-35.389066426055074,13.293650793650794,13.293650793650794,364.0
2021-05-07,336.12060546875,336.486744320059,-32.63598115425216,16.865079365079367,16.865079365079367,367.20001220703125
2021-05-10,309.0260009765625,323.4886993025884,-38.53864858652169,7.5396825396825395,7.5396825396825395,337.6000061035156
2021-05-11,308.110595703125,292.54945478816524,-37.69892681760048,9.325396825396826,9.325396825396826,336.6000061035156
2021-05-12,295.2955322265625,305.7306444440177,-40.77400843361726,3.1746031746031744,3.1746031746031744,322.6000061035156
2021-05-13,283.945068359375,295.66168107971225,-42.764241934190274,0.7936507936507936,0.7936507936507936,310.20001220703125
2021-05-14,296.9430847167969,291.0847802607334,-40.342005315967484,3.968253968253968,3.968253968253968,324.3999938964844
2021-05-17,304.6322021484375,300.9707572767755,-36.75073132410487,11.11111111111111,11.11111111111111,332.79998779296875
2021-05-18,312.6874084472656,312.13818611058923,-30.85706696221798,18.253968253968253,18.253968253968253,341.6000061035156
2021-05-19,315.06732177734375,301.88609875362664,-26.351487707932936,23.41269841269841,23.41269841269841,344.20001220703125
2021-05-20,324.40399169921875,318.91182470227506,-18.49137398398298,34.72222222222222,34.72222222222222,354.3999938964844
2021-05-21,315.9826965332031,324.5870862023014,-18.883153363461517,33.730158730158735,33.730158730158735,345.20001220703125
2021-05-24,313.7857666015625,315.9826555381044,-19.819766708090928,32.73809523809524,32.73809523809524,342.79998779296875
2021-05-25,336.3037109375,334.28993298853766,-7.37508321563409,47.42063492063492,47.42063492063492,367.3999938964844
2021-05-26,342.5281066894531,342.7111621336711,2.4965495107662905,54.761904761904766,54.761904761904766,374.20001220703125
2021-05-27,341.4297790527344,339.5990563768484,7.1896053996449,58.53174603174603,58.53174603174603,373.0
2021-05-28,338.6836242675781,335.20526308407756,13.836701291610758,63.888888888888886,63.888888888888886,370.0
2021-06-01,365.5952453613281,366.14446764972394,25.289277365063604,75.59523809523809,75.59523809523809,399.3999938964844
2021-06-02,360.46923828125,362.2999607264257,28.184820750806633,79.16666666666666,79.16666666666666,393.79998779296875
2021-06-03,338.6836242675781,343.992707744417,18.63516172160851,68.05555555555556,68.05555555555556,370.0
2021-06-04,349.1187744140625,347.104996429148,18.54616190101377,67.65873015873017,67.65873015873017,381.3999938964844
2021-06-07,338.86676025390625,339.04981575088226,13.114337707517256,62.10317460317461,62.10317460317461,370.20001220703125
2021-06-08,333.5575866699219,337.2190311513362,7.2531257078978655,57.341269841269835,57.341269841269835,364.3999938964844
2021-06-09,332.45916748046875,333.9237229138718,3.5624650976847194,53.96825396825397,53.96825396825397,363.20001220703125
2021-06-10,338.50048828125,335.2052110128185,5.548798919711227,55.75396825396825,55.75396825396825,369.79998779296875
2021-06-11,335.7545166015625,339.0498228972944,4.876195327523208,55.158730158730165,55.158730158730165,366.79998779296875
2021-06-14,340.14825439453125,336.6698647988117,6.456961837397506,56.34920634920635,56.34920634920635,371.6000061035156
2021-06-15,325.3193054199219,330.62841617010247,-4.0563930062979585,47.42063492063492,47.42063492063492,355.3999938964844
2021-06-16,310.85662841796875,319.4610169847932,-19.389425739876703,31.150793650793652,31.150793650793652,339.6000061035156
2021-06-17,322.0240783691406,317.9964944336373,-19.17866088668801,31.349206349206348,31.349206349206348,351.79998779296875
2021-06-18,324.0378112792969,325.50239454431585,-19.393935811586218,31.150793650793652,31.150793650793652,354.0
2021-06-21,324.220947265625,320.9256413683411,-19.27291830608838,31.547619047619047,31.547619047619047,354.20001220703125
2021-06-22,316.750732421875,314.5536231024546,-24.759836479086456,23.809523809523807,23.809523809523807,346.0
2021-06-23,328.28564453125,328.28564453125,-18.717728355199576,32.73809523809524,32.73809523809524,358.6000061035156
2021-06-24,337.80645751953125,333.7784186271764,-8.695505021064154,44.44444444444444,44.44444444444444,369.0
2021-06-25,357.7635192871094,353.3693008147756,9.053185917813785,60.11904761904761,60.11904761904761,390.79998779296875
2021-06-28,361.2422790527344,357.946601431542,20.569236330622616,71.23015873015873,71.23015873015873,394.6000061035156
2021-06-29,352.8200988769531,346.9611302336479,20.39479576910961,71.03174603174604,71.03174603174604,385.3999938964844
2021-06-30,340.1866455078125,338.721896583682,13.51849371962928,63.69047619047619,63.69047619047619,371.6000061035156
2021-07-01,334.69384765625,341.2851757045742,5.807931279984887,56.94444444444444,56.94444444444444,365.6000061035156
2021-07-02,323.34210205078125,320.22950011683076,-7.213146813838348,46.03174603174603,46.03174603174603,353.20001220703125
2021-07-06,295.8781433105469,302.10329085611437,-25.15736510373616,22.22222222222222,22.22222222222222,323.20001220703125
2021-07-07,296.06121826171875,303.2018582340973,-33.84451095038773,11.904761904761903,11.904761904761903,323.3999938964844
2021-07-08,269.5127258300781,268.047977136996,-38.78183414815117,5.158730158730158,5.158730158730158,294.3999938964844
2021-07-09,292.0332336425781,284.89262029601605,-34.30612933709809,11.30952380952381,11.30952380952381,319.0
2021-07-12,289.4698791503906,288.3713106015669,-32.77867245455211,13.88888888888889,13.88888888888889,316.20001220703125
2021-07-13,297.89215087890625,294.5964730010062,-27.67970914495531,19.841269841269842,19.841269841269842,325.3999938964844
2021-07-14,295.695068359375,302.1033206148413,-25.850427323217495,22.22222222222222,22.22222222222222,323.0
2021-07-15,302.835693359375,301.9202287144703,-20.975461317810872,30.753968253968257,30.753968253968257,330.79998779296875
2021-07-16,297.7091064453125,305.5820798494802,-20.851136186501908,31.150793650793652,31.150793650793652,325.20001220703125
2021-07-19,284.8926086425781,284.16022016406515,-26.783241243022026,21.428571428571427,21.428571428571427,311.20001220703125
2021-07-20,280.31524658203125,276.2871803526904,-31.45638420723205,15.476190476190476,15.476190476190476,306.20001220703125
2021-07-21,283.4278259277344,274.63936079475025,-32.39734521852126,14.880952380952381,14.880952380952381,309.6000061035156
2021-07-22,285.80804443359375,285.44183626242597,-31.661713613086658,15.476190476190476,15.476190476190476,312.20001220703125
2021-07-23,264.9354553222656,270.06206277953135,-37.15602418058818,8.333333333333332,8.333333333333332,289.3999938964844
2021-07-26,222.45790100097656,232.1618314881602,-41.334476236151,1.7857142857142856,1.7857142857142856,243.0
2021-07-27,200.30364990234375,193.52920373032336,-41.94573115414455,1.3888888888888888,1.3888888888888888,218.8000030517578
2021-07-28,236.18988037109375,218.24676759255863,-36.54605243013413,10.119047619047619,10.119047619047619,258.0
2021-07-29,225.9366455078125,232.89416745317286,-34.6962580019892,11.904761904761903,11.904761904761903,246.8000030517578
2021-07-30,219.7115020751953,215.1341791152954,-34.81661414680068,11.706349206349206,11.706349206349206,240.0
2021-08-02,228.8661651611328,226.66905556313878,-31.863175872866243,16.071428571428573,16.071428571428573,250.0
2021-08-03,223.7395477294922,223.0071872079786,-30.603425323102527,18.253968253968253,18.253968253968253,244.39999389648438
2021-08-04,231.97872924804688,229.96470987671538,-27.113705996888708,22.22222222222222,22.22222222222222,253.39999389648438
2021-08-05,225.3873748779297,225.0211946366084,-27.08182261243406,22.22222222222222,22.22222222222222,246.1999969482422
2021-08-06,217.33128356933594,223.55644544595472,-29.321504486381844,19.246031746031747,19.246031746031747,237.39999389648438
2021-08-09,229.04922485351562,224.65499227274117,-25.997862765351197,23.809523809523807,23.809523809523807,250.1999969482422
2021-08-10,236.5560302734375,239.66860410510895,-20.344961069995648,33.33333333333333,33.33333333333333,258.3999938964844
2021-08-11,242.41500854492188,246.25997093915086,-14.07184490007384,41.86507936507937,41.86507936507937,264.79998779296875
2021-08-12,231.97872924804688,234.35894284890873,-15.487340750399966,39.88095238095239,39.88095238095239,253.39999389648438
2021-08-13,232.16183471679688,232.16183471679688,-16.113676482632282,39.08730158730159,39.08730158730159,253.60000610351562
2021-08-16,220.0776824951172,221.54243143097358,-20.57259260543266,32.142857142857146,32.142857142857146,240.39999389648438
2021-08-17,202.13458251953125,201.9514923968892,-28.632049119508878,18.849206349206348,18.849206349206348,220.8000030517578
2021-08-18,205.9795379638672,209.45830628769988,-31.352781947153492,14.880952380952381,14.880952380952381,225.0
2021-08-19,194.62774658203125,193.89537223230258,-35.93240562604023,8.333333333333332,8.333333333333332,212.60000610351562
2021-08-20,188.95188903808594,185.47313471136238,-39.5314044027798,2.7777777777777777,2.7777777777777777,206.39999389648438
2021-08-23,199.20510864257812,193.89541100634247,-35.861119658540574,8.73015873015873,8.73015873015873,217.60000610351562
2021-08-24,220.2607879638672,212.20469670412433,-19.070955284550333,34.72222222222222,34.72222222222222,240.60000610351562
2021-08-25,215.13417053222656,216.232725204998,-13.495962268740753,42.46031746031746,42.46031746031746,235.0
2021-08-26,205.0640411376953,207.99352464588654,-17.418453193919028,36.904761904761905,36.904761904761905,224.0
2021-08-27,209.82447814941406,208.9090135728731,-15.523828530879507,39.48412698412698,39.48412698412698,229.1999969482422
2021-08-30,210.5568389892578,207.44426521783816,-13.730371883319409,42.06349206349206,42.06349206349206,230.0
2021-08-31,222.09169006347656,219.71147681047793,-4.277810642703842,50.0,50.0,242.60000610351562
2021-09-01,236.73915100097656,230.69707905716498,9.934810780131096,61.30952380952381,61.30952380952381,258.6000061035156
2021-09-02,229.96470642089844,234.90822367865735,13.48704463857475,64.28571428571429,64.28571428571429,251.1999969482422
2021-09-03,230.51397705078125,228.13376362737435,15.654976834143078,66.66666666666666,66.66666666666666,251.8000030517578
2021-09-07,246.25994873046875,241.68262626335965,24.318405191473406,76.38888888888889,76.38888888888889,269.0
2021-09-08,238.93624877929688,245.52760474831294,24.98998644076287,76.98412698412699,76.98412698412699,261.0
2021-09-09,231.61251831054688,227.76757020746788,21.03923765752909,73.01587301587301,73.01587301587301,253.0
2021-09-10,230.8801727294922,239.3024443798637,18.397360148540805,69.64285714285714,69.64285714285714,252.1999969482422
2021-09-13,229.96470642089844,229.78161629332544,16.468913718394205,68.25396825396825,68.25396825396825,251.1999969482422
2021-09-14,214.58489990234375,219.89459745653556,4.677849947043293,56.547619047619044,56.547619047619044,234.39999389648438
2021-09-15,210.37374877929688,206.89498082126946,-4.737957453725543,49.2063492063492,49.2063492063492,229.8000030517578
2021-09-16,200.66983032226562,198.83890118799516,-16.57052751850649,37.5,37.5,219.1999969482422
2021-09-17,204.14859008789062,206.16260925910723,-19.957704175609436,32.142857142857146,32.142857142857146,223.0
2021-09-20,178.33251953125,183.82530752111057,-30.755206109373074,16.26984126984127,16.26984126984127,194.8000030517578
2021-09-21,184.3745574951172,183.09291269381276,-33.34771944192816,12.5,12.5,201.39999389648438
2021-09-22,194.62774658203125,190.7827847381755,-28.585548860952027,19.444444444444446,19.444444444444446,212.60000610351562
2021-09-23,190.2335205078125,188.76877176173113,-28.465929373600513,19.642857142857142,19.642857142857142,207.8000030517578
2021-09-24,177.96632385253906,181.0789120697547,-34.17426166454977,11.11111111111111,11.11111111111111,194.39999389648438
2021-09-27,185.83929443359375,180.5295975131437,-32.78345931084402,13.690476190476192,13.690476190476192,203.0
2021-09-28,186.20545959472656,188.5856727018155,-31.708389784120417,15.277777777777779,15.277777777777779,203.39999389648438
2021-09-29,182.17742919921875,187.85330610913715,-33.548494328383974,12.3015873015873,12.3015873015873,199.0
2021-09-30,187.6702117919922,187.12092753578114,-30.09529634583184,18.452380952380953,18.452380952380953,205.0
2021-10-01,183.09291076660156,185.83930442810058,-31.39058491129301,16.46825396825397,16.46825396825397,200.0
2021-10-04,169.7270965576172,174.85370285721245,-36.619913121717325,7.738095238095238,7.738095238095238,185.39999389648438
2021-10-05,176.50157165527344,172.29042905131612,-35.614947809395545,9.325396825396826,9.325396825396826,192.8000030517578
2021-10-06,173.93826293945312,167.89619137610947,-36.217617537240415,8.531746031746032,8.531746031746032,190.0
2021-10-07,195.36013793945312,187.30406072169177,-21.589790831181705,31.746031746031743,31.746031746031743,213.39999389648438
2021-10-08,200.85292053222656,196.82488202257272,-10.072872840220995,46.82539682539682,46.82539682539682,219.39999389648438
2021-10-11,200.12057495117188,209.8244917082434,-2.653368746130856,52.57936507936508,52.57936507936508,218.60000610351562
2021-10-12,197.37417602539062,201.7683949899034,2.105353246477392,55.158730158730165,55.158730158730165,215.60000610351562
2021-10-13,208.17665100097656,203.59932785698956,16.267651782897826,69.04761904761905,69.04761904761905,227.39999389648438
2021-10-14,205.61334228515625,207.99354171956165,21.722661958383405,75.0,75.0,224.60000610351562
2021-10-15,211.65541076660156,209.0921071165578,26.727880499466174,80.55555555555556,80.55555555555556,231.1999969482422
2021-10-18,215.50033569335938,211.47229751865117,30.260093106298037,84.72222222222221,84.72222222222221,235.39999389648438
2021-10-19,233.2603759765625,224.6550006096838,35.27453453876086,91.26984126984127,91.26984126984127,254.8000030517578
2021-10-20,236.0067596435547,239.48554184108744,37.36508075857092,93.45238095238095,93.45238095238095,257.79998779296875
2021-10-21,234.72511291503906,232.71109363117992,37.8567387165507,94.64285714285714,94.64285714285714,256.3999938964844
2021-10-22,235.2744140625,238.5700923762201,37.3172440938508,93.05555555555556,93.05555555555556,257.0
2021-10-25,237.47146606445312,238.02075030655814,37.80002117631852,94.24603174603175,94.24603174603175,259.3999938964844
2021-10-26,222.82406616210938,234.3589250941387,30.33538863666277,84.12698412698413,84.12698412698413,243.39999389648438
2021-10-27,216.04962158203125,215.68344137029155,22.64054611458766,76.38888888888889,76.38888888888889,236.0
2021-10-28,217.51438903808594,213.85253073083788,19.161851399395704,72.22222222222221,72.22222222222221,237.60000610351562
2021-10-29,205.2471466064453,209.6413791822065,9.739049511952581,62.5,62.5,224.1999969482422
2021-11-01,216.04962158203125,202.8669383950863,11.609424295551282,64.68253968253968,64.68253968253968,236.0
2021-11-02,198.6558380126953,203.96553601602776,1.5937318580784594,54.563492063492056,54.563492063492056,217.0
2021-11-03,203.05001831054688,200.66980514705477,-0.19388854691991853,54.166666666666664,54.166666666666664,221.8000030517578
2021-11-04,199.9374542236328,207.62736490539137,-8.900255402309472,47.61904761904761,47.61904761904761,218.39999389648438
2021-11-05,190.05043029785156,198.6557907617296,-22.134616227832442,30.753968253968257,30.753968253968257,207.60000610351562
2021-11-08,195.72628784179688,194.4446293245149,-23.004684605183883,30.357142857142854,30.357142857142854,213.8000030517578
2021-11-09,190.96591186523438,192.9799310935623,-27.291880278050456,23.214285714285715,23.214285714285715,208.60000610351562
2021-11-10,196.4586944580078,195.5432299245947,-24.17407198873792,28.76984126984127,28.76984126984127,214.60000610351562
2021-11-11,218.79600524902344,210.9230053303354,-6.575213524716343,50.595238095238095,50.595238095238095,239.0
2021-11-12,219.5283966064453,215.31725419012645,3.542932803540081,57.936507936507944,57.936507936507944,239.8000030517578
2021-11-15,215.50033569335938,220.6269424328785,6.286825874484485,61.111111111111114,61.111111111111114,235.39999389648438
2021-11-16,222.64097595214844,223.55644050291292,12.129031730060069,66.26984126984127,66.26984126984127,243.1999969482422
2021-11-17,215.3172607421875,225.02119062175169,10.241672844348809,64.28571428571429,64.28571428571429,235.1999969482422
2021-11-18,201.58531188964844,205.06408033191263,-0.6881073444011784,54.36507936507936,54.36507936507936,220.1999969482422
2021-11-19,204.3317108154297,205.06408534257247,-4.7973398926757325,50.39682539682539,50.39682539682539,223.1999969482422
2021-11-22,196.64178466796875,202.5007520971524,-12.674039593687297,43.452380952380956,43.452380952380956,214.8000030517578
2021-11-23,194.07850646972656,196.64181029234842,-18.728753187454704,36.11111111111111,36.11111111111111,212.0
2021-11-24,195.72628784179688,191.51514609324994,-19.08906547607354,35.11904761904761,35.11904761904761,213.8000030517578
2021-11-26,179.43106079101562,181.99436445323494,-28.225565749192388,22.22222222222222,22.22222222222222,196.0
2021-11-29,174.30442810058594,180.7126793391204,-34.933306920261906,10.515873015873016,10.515873015873016,190.39999389648438
2021-11-30,171.19190979003906,172.29046470614495,-37.55093635652844,6.15079365079365,6.15079365079365,187.0
2021-12-01,170.09332275390625,176.68466497473142,-39.521987404778336,2.976190476190476,2.976190476190476,185.8000030517578
2021-12-02,173.02281188964844,176.1353859868832,-38.50016472905216,5.158730158730158,5.158730158730158,189.0
2021-12-03,160.75558471679688,172.1073398422436,-40.59882208563767,1.984126984126984,1.984126984126984,175.60000610351562
2021-12-06,170.09332275390625,160.02321231493192,-36.15328373622777,9.523809523809524,9.523809523809524,185.8000030517578
2021-12-07,177.23397827148438,178.5156233128438,-27.1268859213847,24.00793650793651,24.00793650793651,193.60000610351562
2021-12-08,179.61415100097656,175.76920249027796,-19.72025268854683,34.523809523809526,34.523809523809526,196.1999969482422
2021-12-09,179.43106079101562,178.5155961951431,-15.777235436834575,40.67460317460318,40.67460317460318,196.0
2021-12-10,179.2479705810547,178.88177636154973,-13.740815174272353,43.05555555555556,43.05555555555556,195.8000030517578
2021-12-13,170.2764129638672,174.4875556462249,-21.040284557822364,32.34126984126984,32.34126984126984,186.0
2021-12-14,169.17787170410156,163.3188895076961,-25.57626876114331,25.992063492063494,25.992063492063494,184.8000030517578
2021-12-15,154.89662170410156,159.29085498008737,-33.27788053337529,14.880952380952381,14.880952380952381,169.1999969482422
2021-12-16,156.7275390625,162.03723661542583,-36.13407881699768,9.722222222222223,9.722222222222223,171.1999969482422
2021-12-17,151.23477172851562,149.58693240846702,-39.144851284199355,3.7698412698412698,3.7698412698412698,165.1999969482422
2021-12-20,140.98155212402344,143.54485586550928,-41.8099613540931,0.7936507936507936,0.7936507936507936,154.0
2021-12-21,154.07818603515625,146.00742111064028,-35.77409658071745,11.11111111111111,11.11111111111111,168.0
2021-12-22,153.1610565185547,149.12568098645446,-32.73099891620552,17.261904761904763,17.261904761904763,167.0
2021-12-23,153.89476013183594,150.77650277855415,-29.827616736088636,21.626984126984127,21.626984126984127,167.8000030517578
2021-12-27,153.1610565185547,152.4273480597206,-27.415130556118033,25.0,25.0,167.0
2021-12-28,147.65826416015625,151.14336884603114,-30.40712847371989,20.833333333333336,20.833333333333336,161.0
2021-12-29,142.70578002929688,144.90689177498348,-35.36697428636611,12.3015873015873,12.3015873015873,155.60000610351562
2021-12-30,157.7467041015625,144.17314769395864,-21.078307578811426,34.523809523809526,34.523809523809526,172.0
2021-12-31,152.79420471191406,154.44503120196188,-18.22422300184783,40.27777777777778,40.27777777777778,166.60000610351562
2022-01-03,152.4273223876953,151.51019046719856,-17.15079345668871,41.46825396825397,41.46825396825397,166.1999969482422
2022-01-04,144.3565673828125,148.75880366520067,-25.44233722921764,28.373015873015873,28.373015873015873,157.39999389648438
2022-01-05,136.10238647460938,138.67035893521643,-34.08502167235257,14.285714285714285,14.285714285714285,148.39999389648438
2022-01-06,143.62290954589844,140.13780435237766,-30.94856330180697,20.238095238095237,20.238095238095237,156.60000610351562
2022-01-07,152.243896484375,150.22620908886822,-18.659354453128415,40.476190476190474,40.476190476190474,166.0
2022-01-10,152.61077880859375,153.89477217014613,-11.15742154360974,49.007936507936506,49.007936507936506,166.39999389648438
2022-01-11,167.28488159179688,156.27929690827537,8.104618809867379,66.26984126984127,66.26984126984127,182.39999389648438
2022-01-12,178.29046630859375,177.00648702633978,23.04836385171816,82.14285714285714,82.14285714285714,194.39999389648438
2022-01-13,165.8174591064453,174.25507023473637,21.798348020239715,80.95238095238095,80.95238095238095,180.8000030517578
2022-01-14,171.5037078857422,168.75231150254845,25.406962104085824,84.72222222222221,84.72222222222221,187.0
2022-01-18,165.08377075195312,160.13126322712438,22.418397191139544,81.54761904761905,81.54761904761905,180.0
2022-01-19,167.28488159179688,168.56887486813582,22.504673015869265,81.94444444444444,81.94444444444444,182.39999389648438
2022-01-20,182.3258514404297,187.09493522575065,27.61844108229013,87.10317460317461,87.10317460317461,198.8000030517578
2022-01-21,171.87054443359375,181.77557359498965,24.394946444870723,83.73015873015873,83.73015873015873,187.39999389648438
2022-01-24,163.9832305908203,164.71693910687546,16.82927691521961,75.39682539682539,75.39682539682539,178.8000030517578
2022-01-25,164.53347778320312,161.59865813603122,13.238170207772141,70.03968253968253,70.03968253968253,179.39999389648438
2022-01-26,154.44503784179688,166.55119258477328,4.20734728041208,61.30952380952381,61.30952380952381,168.39999389648438
2022-01-27,146.19085693359375,152.24393463111542,-8.482469218593966,51.587301587301596,51.587301587301596,159.39999389648438
2022-01-28,144.9069061279297,143.25606515798628,-16.39613608545468,42.26190476190476,42.26190476190476,158.0
2022-01-31,165.8174591064453,153.16103541684723,-2.1463274306795626,56.94444444444444,56.94444444444444,180.8000030517578
2022-02-01,168.75228881835938,167.10144841148892,7.441809261007955,64.88095238095238,64.88095238095238,184.0
2022-02-02,164.90036010742188,171.87055591296786,9.497909152997797,66.46825396825396,66.46825396825396,179.8000030517578
2022-02-03,161.96554565429688,160.31470496131035,8.269207307644512,65.47619047619048,65.47619047619048,176.60000610351562
2022-02-04,166.184326171875,161.59866588018792,10.936357745652337,68.05555555555556,68.05555555555556,181.1999969482422
2022-02-07,163.61636352539062,163.43293990147194,9.91618908861148,66.66666666666666,66.66666666666666,178.39999389648438
2022-02-08,167.46835327148438,159.76443402899784,12.88707545993088,69.64285714285714,69.64285714285714,182.60000610351562
2022-02-09,176.63963317871094,172.0539730649783,20.480926430786855,78.57142857142857,78.57142857142857,192.60000610351562
2022-02-10,170.0362548828125,168.56885218572293,19.944802760744313,77.57936507936508,77.57936507936508,185.39999389648438
2022-02-11,161.2318115234375,170.5865553058619,12.312778491688782,68.84920634920636,68.84920634920636,175.8000030517578
2022-02-14,156.4627227783203,158.66383395218185,4.908534398786525,60.317460317460316,60.317460317460316,170.60000610351562
2022-02-15,163.7998046875,159.94783853024188,6.738735710596959,62.301587301587304,62.301587301587304,178.60000610351562
2022-02-16,166.73460388183594,162.6992146009452,10.471241699084759,66.46825396825396,66.46825396825396,181.8000030517578
2022-02-17,163.24948120117188,165.6340297827382,8.923794584718621,64.48412698412699,64.48412698412699,178.0
2022-02-18,149.1256866455078,155.362173796449,-3.136605725092698,52.976190476190474,52.976190476190474,162.60000610351562
2022-02-22,137.56979370117188,139.58748120992445,-20.03024335185486,34.523809523809526,34.523809523809526,150.0
2022-02-23,132.8007354736328,140.87150103173798,-30.274810410846214,20.436507936507937,20.436507936507937,144.8000030517578
2022-02-24,129.4990692138672,115.74208564310946,-31.38200009579017,18.650793650793652,18.650793650793652,141.1999969482422
2022-02-25,131.3333282470703,127.11452852347571,-30.536348035366178,20.238095238095237,20.238095238095237,143.1999969482422
2022-02-28,127.11450958251953,125.09680784761866,-32.76788065884178,16.071428571428573,16.071428571428573,138.60000610351562
2022-03-01,126.38079071044922,126.19736711176446,-34.34399433857164,12.896825396825399,12.896825396825399,137.8000030517578
2022-03-02,123.99625396728516,126.56422658083372,-36.3828509927346,9.126984126984127,9.126984126984127,135.1999969482422
2022-03-03,115.00837707519531,122.16200389979169,-40.57662647775938,2.380952380952381,2.380952380952381,125.4000015258789
2022-03-04,106.93760681152344,109.505579618885,-42.9003851874292,0.3968253968253968,0.3968253968253968,116.5999984741211
2022-03-07,95.19831085205078,99.41711693859764,-44.39436815262505,0.0,0.0,103.80000305175781
2022-03-08,91.16292572021484,93.73089122109454,-44.66198072762204,0.0,0.0,99.4000015258789
2022-03-09,95.3817367553711,93.18061835389156,-43.56878295805613,0.5952380952380952,0.5952380952380952,104.0
2022-03-10,82.72530364990234,86.7606858517136,-44.59858348391715,0.1984126984126984,0.1984126984126984,90.19999694824219
2022-03-11,72.08657836914062,84.55957296019918,-45.40057414646419,0.0,0.0,78.5999984741211
2022-03-14,57.59589767456055,63.098694011448714,-45.75927868502638,0.0,0.0,62.79999923706055
2022-03-15,57.04561996459961,53.37709139451065,-45.07015865814492,0.3968253968253968,0.3968253968253968,62.20000076293945
2022-03-16,93.91432189941406,77.03909103514118,-30.656276792469612,21.626984126984127,21.626984126984127,102.4000015258789
2022-03-17,83.45902252197266,84.7430088832817,-27.52531463438223,25.793650793650798,25.793650793650798,91.0
2022-03-18,96.1154556274414,84.37616088004772,-17.560751664357646,39.88095238095239,39.88095238095239,104.80000305175781
2022-03-21,84.19271850585938,85.29327408224952,-17.32523500074397,40.27777777777778,40.27777777777778,91.80000305175781
2022-03-22,94.48518371582031,93.934785987116,-8.772161864329513,49.2063492063492,49.2063492063492,103.0
2022-03-23,93.3843765258789,90.99930833666834,-4.68316177764795,51.98412698412699,51.98412698412699,101.80000305175781
2022-03-24,90.63238525390625,89.53158288723176,-3.205663330179202,52.976190476190474,52.976190476190474,98.80000305175781
2022-03-25,86.59614562988281,84.027613128666,-5.372831321743879,50.79365079365079,50.79365079365079,94.4000015258789
2022-03-28,89.7150650024414,88.7977330780757,-3.587729127964633,52.57936507936508,52.57936507936508,97.80000305175781
2022-03-29,95.95291900634766,97.05372152761835,2.758165306622069,57.14285714285714,57.14285714285714,104.5999984741211
2022-03-30,94.66864776611328,94.48518418852294,6.0062688844767935,60.912698412698404,60.912698412698404,103.19999694824219
2022-03-31,84.761474609375,91.18279833737785,0.030389938608070214,54.96031746031746,54.96031746031746,92.4000015258789
2022-04-01,93.9347915649414,96.50331678430885,8.3326275370197,63.888888888888886,63.888888888888886,102.4000015258789
2022-04-04,103.65850067138672,100.90650507834106,22.141800277736138,80.55555555555556,80.55555555555556,113.0
2022-04-05,95.76945495605469,102.19077847036715,23.411586080911768,82.73809523809523,82.73809523809523,104.4000015258789
2022-04-06,89.7150650024414,91.7331924365711,19.71246158392397,76.98412698412699,76.98412698412699,97.80000305175781
2022-04-07,85.86226654052734,88.2473281391306,13.980109311940414,70.63492063492063,70.63492063492063,93.5999984741211
2022-04-08,86.04574584960938,86.04574584960938,11.000604402122892,66.86507936507937,66.86507936507937,93.80000305175781
2022-04-11,80.17481994628906,81.82601338304649,3.7042251856684363,56.547619047619044,56.547619047619044,87.4000015258789
2022-04-12,78.89054107666016,83.29373686646008,-1.0389251391634777,53.37301587301587,53.37301587301587,86.0
2022-04-13,83.4771957397461,80.17480258274617,-6.373157732907046,48.80952380952381,48.80952380952381,91.0
2022-04-14,80.54173278808594,82.92679400760146,-15.16830653711514,41.269841269841265,41.269841269841265,87.80000305175781
2022-04-18,78.34014129638672,77.97320715708663,-21.134923815870547,32.34126984126984,32.34126984126984,85.4000015258789
2022-04-19,76.322021484375,74.8542916478847,-24.52867958845241,29.563492063492063,29.563492063492063,83.19999694824219
2022-04-20,69.35028839111328,75.03775021867554,-31.793742441469487,18.055555555555554,18.055555555555554,75.5999984741211
2022-04-21,63.295902252197266,68.79989375238833,-36.77993314483417,8.531746031746032,8.531746031746032,69.0
2022-04-22,64.76364135742188,66.41484184758959,-37.714726036102434,7.341269841269842,7.341269841269842,70.5999984741211
2022-04-25,62.92897415161133,59.076182529575284,-37.791172727814384,7.341269841269842,7.341269841269842,68.5999984741211
2022-04-26,58.709251403808594,62.0116453955352,-40.52333442849872,4.166666666666666,4.166666666666666,64.0
2022-04-27,64.02977752685547,62.19511349455231,-36.55766711347589,10.119047619047619,10.119047619047619,69.80000305175781
2022-04-28,65.86444091796875,66.0479045199379,-32.098385510938414,18.849206349206348,18.849206349206348,71.80000305175781
2022-04-29,73.93694305419922,78.1566680128752,-18.994766784596713,38.2936507936508,38.2936507936508,80.5999984741211
2022-05-02,75.0377426147461,73.20307904958052,-10.33356959505949,48.01587301587302,48.01587301587302,81.80000305175781
2022-05-03,77.97320556640625,77.97320556640625,-3.311274889211174,53.96825396825397,53.96825396825397,85.0
2022-05-04,79.07400512695312,73.01961612861133,2.053734064662986,57.14285714285714,57.14285714285714,86.19999694824219
2022-05-05,66.96522521972656,71.73534805234203,-7.5395063613970965,50.0,50.0,73.0
2022-05-06,60.91084671020508,63.66284273326837,-20.02221538344647,36.11111111111111,36.11111111111111,66.4000015258789
2022-05-09,53.939117431640625,56.691113254676814,-30.13948337864826,23.015873015873016,23.015873015873016,58.79999923706055
2022-05-10,55.773780822753906,58.15884594799854,-32.7247053878862,18.452380952380953,18.452380952380953,60.79999923706055
2022-05-11,55.773780822753906,59.07617788093641,-34.070353376132054,15.674603174603174,15.674603174603174,60.79999923706055
2022-05-12,55.773780822753906,55.22338306272863,-34.28766305385189,14.880952380952381,14.880952380952381,60.79999923706055
2022-05-13,63.112449645996094,59.44312134096582,-22.550314537341627,33.730158730158735,33.730158730158735,68.80000305175781
2022-05-16,62.92897415161133,62.195112746726636,-15.383293590136784,44.44444444444444,44.44444444444444,68.5999984741211
2022-05-17,68.7999038696289,70.0841701415996,-1.8493041042572629,56.34920634920635,56.34920634920635,75.0
2022-05-18,63.112449645996094,66.04790949054498,-2.7852652198091614,55.55555555555556,55.55555555555556,68.80000305175781
2022-05-19,67.515625,63.29589974975378,3.3114261723491736,59.72222222222222,59.72222222222222,73.5999984741211
2022-05-20,68.2494888305664,70.2676160357669,7.630177617173156,64.28571428571429,64.28571428571429,74.4000015258789
2022-05-23,67.515625,68.06602272852136,8.714637173277218,65.47619047619048,65.47619047619048,73.5999984741211
2022-05-24,59.993507385253906,63.29590081040733,-2.5673938769347537,55.952380952380956,55.952380952380956,65.4000015258789
2022-05-25,62.19510269165039,61.64469797861102,-4.0360174708372245,53.769841269841265,53.769841269841265,67.80000305175781
2022-05-26,69.16681671142578,62.92895788914659,6.286079256754215,62.698412698412696,62.698412698412696,75.4000015258789
2022-05-27,70.81803131103516,70.26763348193461,14.542686104049233,72.42063492063492,72.42063492063492,77.19999694824219
2022-05-31,76.83572387695312,80.41331977857153,25.276632700621892,84.72222222222221,84.72222222222221,83.76000213623047
2022-06-01,74.40480041503906,78.56948860961411,28.01788143705836,87.5,87.5,81.11000061035156
2022-06-02,81.11048126220703,75.64318422449146,35.516058752373176,94.04761904761905,94.04761904761905,88.41999816894531
2022-06-03,77.0008544921875,78.69791738441226,35.290568251193946,93.65079365079364,93.65079365079364,83.94000244140625
2022-06-06,83.16532135009766,85.06419828436597,37.148042290860346,95.43650793650794,95.43650793650794,90.66000366210938
2022-06-07,87.10984802246094,82.43145610714221,40.36726212791397,98.80952380952381,98.80952380952381,94.95999908447266
2022-06-08,94.18248748779297,90.83422383558327,41.964269155494435,99.60317460317461,99.60317460317461,102.66999816894531
2022-06-09,83.84414672851562,88.67848331958163,36.28822646619378,93.84920634920636,93.84920634920636,91.4000015258789
2022-06-10,83.62398529052734,86.50440710079287,32.90966943853915,90.87301587301587,90.87301587301587,91.16000366210938
2022-06-13,72.71688842773438,76.77150028718789,18.16291065266263,75.59523809523809,75.59523809523809,79.2699966430664
2022-06-14,79.26666259765625,76.92746316517996,17.54699364002467,75.0,75.0,86.41000366210938
2022-06-15,84.05512237548828,82.76168799121105,21.922008275123638,79.96031746031747,79.96031746031747,91.62999725341797
2022-06-16,74.50569915771484,75.41385579273336,13.601107005934438,70.63492063492063,70.63492063492063,81.22000122070312
2022-06-17,78.3218002319336,82.73417171901632,13.592725656057315,70.43650793650794,70.43650793650794,85.37999725341797
2022-06-21,84.27528381347656,83.58728489140775,19.70734696071654,76.98412698412699,76.98412698412699,91.87000274658203
2022-06-22,79.54481506347656,79.10417135216944,17.83498386291054,74.60317460317461,74.60317460317461,86.6500015258789
2022-06-23,83.1250228881836,83.24436053922258,20.730070675679084,78.57142857142857,78.57142857142857,90.55000305175781
2022-06-24,90.12020111083984,87.57734016344641,28.219305645869643,87.5,87.5,98.16999816894531
2022-06-27,92.04798889160156,94.8662526521194,33.099900585978794,91.46825396825396,91.46825396825396,100.2699966430664
2022-06-28,92.33258056640625,96.10556680198708,33.81729179161347,91.46825396825396,91.46825396825396,100.58000183105469
2022-06-29,90.85459899902344,89.58775259407062,32.08695269999565,89.88095238095238,89.88095238095238,98.97000122070312
2022-06-30,90.54246520996094,88.2658259203479,30.819645151244547,89.0873015873016,89.0873015873016,98.62999725341797
2022-07-01,90.84541320800781,89.1930149720546,30.409491581565334,88.88888888888889,88.88888888888889,98.95999908447266
2022-07-05,89.70709991455078,85.82395082491556,28.819568769239567,87.10317460317461,87.10317460317461,97.72000122070312
2022-07-06,85.94329833984375,87.25604069455679,22.74346584864388,80.55555555555556,80.55555555555556,93.62000274658203
2022-07-07,91.68998718261719,89.32154863849867,26.70234817605178,84.32539682539682,84.32539682539682,99.87999725341797
2022-07-08,88.28418731689453,88.495330707075,24.26402539082658,82.14285714285714,82.14285714285714,96.16999816894531
2022-07-11,76.83670806884766,79.2694129798391,6.035793221130717,61.70634920634921,61.70634920634921,83.69999694824219
2022-07-12,75.0007095336914,75.80855522609532,-7.404010198145428,50.595238095238095,50.595238095238095,81.69999694824219
2022-07-13,73.62371826171875,70.63103838342731,-15.863141967573668,43.25396825396825,43.25396825396825,80.19999694824219
2022-07-14,70.40153503417969,71.84279706312887,-23.87688004066814,32.53968253968254,32.53968253968254,76.69000244140625
2022-07-15,68.51043701171875,68.21667686509058,-27.31471254600325,27.579365079365083,27.579365079365083,74.62999725341797
2022-07-18,72.62308502197266,74.06434681494464,-22.458646229260882,34.32539682539682,34.32539682539682,79.11000061035156
2022-07-19,74.83547973632812,73.7338807299269,-15.561556777117344,44.642857142857146,44.642857142857146,81.5199966430664
2022-07-20,73.2748794555664,74.27550473261822,-14.490927462942155,46.230158730158735,46.230158730158735,79.81999969482422
2022-07-21,75.00989532470703,72.44867051777503,-10.905683445546712,49.007936507936506,49.007936507936506,81.70999908447266
2022-07-22,70.12612915039062,73.44011489534675,-17.144100537501778,42.857142857142854,42.857142857142854,76.38999938964844
2022-07-25,71.68672943115234,71.26444960718507,-17.31818653907745,42.65873015873016,42.65873015873016,78.08999633789062
2022-07-26,71.05331420898438,73.89911732638421,-18.680013457363213,40.87301587301587,40.87301587301587,77.4000015258789
2022-07-27,73.32994842529297,71.94377137076113,-14.65008086736651,46.82539682539682,46.82539682539682,79.87999725341797
2022-07-28,70.50252532958984,71.76936500989945,-16.996177108207,43.452380952380956,43.452380952380956,76.80000305175781
2022-07-29,63.74601745605469,62.99325661183768,-26.330396801439043,29.166666666666668,29.166666666666668,69.44000244140625
2022-08-01,61.1939697265625,61.23986558906609,-32.55133224297207,19.246031746031747,19.246031746031747,66.66000366210938
2022-08-02,59.85368728637695,57.494427517415524,-36.09110360672677,11.507936507936508,11.507936507936508,65.19999694824219
2022-08-03,61.25824737548828,59.752718368802974,-35.48041608040221,13.095238095238097,13.095238095238097,66.7300033569336
2022-08-04,64.02140808105469,65.16890969494408,-30.676984753049354,23.015873015873016,23.015873015873016,69.73999786376953
2022-08-05,62.01099395751953,60.63399193333,-30.542317888148297,23.809523809523807,23.809523809523807,67.55000305175781
2022-08-08,60.367774963378906,61.0562760240805,-31.446263052917363,21.626984126984127,21.626984126984127,65.76000213623047
2022-08-09,59.174373626708984,60.028115269790725,-33.65867991626082,16.865079365079367,16.865079365079367,64.45999908447266
2022-08-10,58.19210433959961,57.329184341315745,-35.078394193350135,14.087301587301587,14.087301587301587,63.38999938964844
2022-08-11,61.350032806396484,61.1480713858102,-28.430184411007225,27.77777777777778,27.77777777777778,66.83000183105469
2022-08-12,62.313934326171875,59.174371127610385,-22.469151909419573,35.91269841269841,35.91269841269841,67.87999725341797
2022-08-15,61.43265151977539,60.174994094180455,-21.20020863602943,37.301587301587304,37.301587301587304,66.91999816894531
2022-08-16,59.35797119140625,58.81634674801869,-24.564804528809844,33.33333333333333,33.33333333333333,64.66000366210938
2022-08-17,58.99994659423828,58.99077162301756,-27.452968874600657,28.968253968253972,28.968253968253972,64.2699966430664
2022-08-18,56.94362258911133,57.97178662192155,-32.93613147489878,18.452380952380953,18.452380952380953,62.029998779296875
2022-08-19,55.98890686035156,56.48462495432088,-37.206464927286525,8.73015873015873,8.73015873015873,60.9900016784668
2022-08-22,57.154762268066406,56.78756383076015,-36.354025425964565,10.912698412698413,10.912698412698413,62.2599983215332
2022-08-23,56.9803466796875,56.62232669360254,-35.30526432318421,14.484126984126986,14.484126984126986,62.06999969482422
2022-08-24,57.67802810668945,54.66698121359671,-31.829025834004394,21.626984126984127,21.626984126984127,62.83000183105469
2022-08-25,66.23379516601562,62.64440672280632,-6.156512632667497,55.158730158730165,55.158730158730165,72.1500015258789
2022-08-26,64.64564514160156,71.23689427414803,4.576845391889696,63.095238095238095,63.095238095238095,70.41999816894531
2022-08-29,62.7729377746582,64.08568015225539,5.285934592642754,64.0873015873016,64.0873015873016,68.37999725341797
2022-08-30,57.705562591552734,61.46018456711318,-7.632529400917838,53.96825396825397,53.96825396825397,62.86000061035156
2022-08-31,61.350032806396484,62.35983290553334,-3.8755915652814656,57.53968253968254,57.53968253968254,66.83000183105469
2022-09-01,59.24781799316406,58.825538141176935,-6.438198290698234,55.158730158730165,55.158730158730165,64.54000091552734
2022-09-02,55.56662368774414,57.70556863320899,-17.77145237298824,45.23809523809524,45.23809523809524,60.529998779296875
2022-09-06,52.326080322265625,53.96012170996779,-28.016688671611373,29.365079365079367,29.365079365079367,57.0
2022-09-07,54.15290451049805,52.528041600758506,-28.128472008695756,29.365079365079367,29.365079365079367,58.9900016784668
2022-09-08,52.142478942871094,51.47233833951476,-31.36833958305767,23.61111111111111,23.61111111111111,56.79999923706055
2022-09-09,55.83283996582031,55.263680128322854,-23.004390165170683,37.5,37.5,60.81999969482422
2022-09-12,57.999324798583984,56.96198230640623,-13.373835382460083,51.78571428571429,51.78571428571429,63.18000030517578
2022-09-13,50.563514709472656,52.693277505324225,-24.048102243668648,35.91269841269841,35.91269841269841,55.08000183105469
2022-09-14,50.62778091430664,50.8480992992685,-28.510727771247236,28.174603174603174,28.174603174603174,55.150001525878906
2022-09-15,50.214683532714844,50.435001935084586,-31.637370595501167,22.22222222222222,22.22222222222222,54.70000076293945
2022-09-16,47.77279281616211,48.56227456591818,-35.35481152644088,14.484126984126986,14.484126984126986,52.040000915527344
2022-09-19,48.37867736816406,46.781353295982896,-35.3562617283868,14.484126984126986,14.484126984126986,52.70000076293945
2022-09-20,47.350521087646484,47.73608005331997,-37.22527893156505,8.73015873015873,8.73015873015873,51.58000183105469
2022-09-21,43.51326370239258,46.03776731693884,-40.73409641924883,3.7698412698412698,3.7698412698412698,47.400001525878906
2022-09-22,42.833946228027344,43.84374639188286,-42.67766032271857,2.1825396825396823,2.1825396825396823,46.65999984741211
2022-09-23,41.117279052734375,40.8510578353744,-43.09296176757387,1.7857142857142856,1.7857142857142856,44.790000915527344
2022-09-26,41.796607971191406,42.20053088010628,-42.78772449260787,2.1825396825396823,2.1825396825396823,45.529998779296875
2022-09-27,40.437965393066406,42.145448744148936,-43.2664924921327,1.7857142857142856,1.7857142857142856,44.04999923706055
2022-09-28,41.860862731933594,39.23538165116998,-40.83957219824887,3.968253968253968,3.968253968253968,45.599998474121094
2022-09-29,37.93182373046875,38.299025750885455,-41.97376294080958,2.976190476190476,2.976190476190476,41.31999969482422
2022-09-30,37.32593536376953,36.99545431203988,-42.96192616338194,2.1825396825396823,2.1825396825396823,40.65999984741211
2022-10-03,37.87673568725586,37.17905617396204,-42.26505434599348,3.1746031746031744,3.1746031746031744,41.2599983215332
2022-10-04,42.46674346923828,40.34616246416495,-31.393416575539035,24.206349206349206,24.206349206349206,46.2599983215332
2022-10-05,43.39392852783203,42.89820690933332,-22.75883267391419,38.492063492063494,38.492063492063494,47.27000045776367
2022-10-06,42.22806167602539,42.45756201122118,-20.885072826844446,41.269841269841265,41.269841269841265,46.0
2022-10-07,39.36390686035156,40.667467361095035,-26.16151877022535,33.730158730158735,33.730158730158735,42.880001068115234
2022-10-10,35.75615310668945,37.33511303961894,-34.16627316947272,18.055555555555554,18.055555555555554,38.95000076293945
2022-10-11,32.827735900878906,33.718198579608895,-38.54101768157069,7.5396825396825395,7.5396825396825395,35.7599983215332
2022-10-12,32.22184753417969,32.55232859638008,-41.37397350771464,4.166666666666666,4.166666666666666,35.099998474121094
2022-10-13,31.3864688873291,29.063926297071458,-40.66954636336975,5.357142857142857,5.357142857142857,34.189998626708984
2022-10-14,30.064544677734375,32.69920761247329,-41.30283735212289,4.761904761904762,4.761904761904762,32.75
2022-10-17,32.680850982666016,32.03825275417301,-37.23611184108277,10.515873015873016,10.515873015873016,35.599998474121094
2022-10-18,31.99234390258789,33.80998955816336,-36.0201467475604,14.285714285714285,14.285714285714285,34.849998474121094
2022-10-19,27.907241821289062,29.605544737835242,-39.97301950839601,6.944444444444445,6.944444444444445,30.399999618530273
2022-10-20,28.246902465820312,28.256082689598628,-41.34127072266299,4.365079365079365,4.365079365079365,30.770000457763672
2022-10-21,28.742624282836914,27.613482944172375,-40.23791369578071,6.944444444444445,6.944444444444445,31.309999465942383
2022-10-24,20.186851501464844,21.013052449156888,-41.11046081340628,5.158730158730158,5.158730158730158,21.989999771118164
2022-10-25,21.242549896240234,21.49959089511379,-40.568253574629686,6.547619047619048,6.547619047619048,23.139999389648438
2022-10-26,23.69361686706543,21.380254550344663,-37.03539019218166,12.5,12.5,25.809999465942383
2022-10-27,21.89433479309082,22.215635648731958,-37.02289926994518,12.698412698412698,12.698412698412698,23.850000381469727
2022-10-28,19.957351684570312,19.57179099835171,-39.209052315461705,8.333333333333332,8.333333333333332,21.739999771118164
2022-10-31,18.378387451171875,18.22232715160044,-41.773068087598816,3.968253968253968,3.968253968253968,20.020000457763672
2022-11-01,20.618309020996094,21.49041098443781,-39.83859468327026,8.134920634920634,8.134920634920634,22.459999084472656
2022-11-02,20.912073135375977,21.169112414303868,-38.203985104844065,10.317460317460316,10.317460317460316,22.780000686645508
2022-11-03,21.472047805786133,19.92980548822394,-36.12164898413662,16.071428571428573,16.071428571428573,23.389999389648438
2022-11-04,26.401723861694336,26.208942632465426,-20.653330489333005,45.63492063492063,45.63492063492063,28.760000228881836
2022-11-07,26.787282943725586,27.54922408721629,-9.262595675035946,57.936507936507944,57.936507936507944,29.18000030517578
2022-11-08,26.74138069152832,26.24566083341712,-0.9383598701470869,65.47619047619048,65.47619047619048,29.1299991607666
2022-11-09,23.53755760192871,24.767679736442663,-6.498028254640313,60.317460317460316,60.317460317460316,25.639999389648438
2022-11-10,27.70528221130371,27.00760094526954,3.8722805653352026,68.45238095238095,68.45238095238095,30.18000030517578
2022-11-11,31.432369232177734,30.92746566458976,18.280817516775276,82.34126984126983,82.34126984126983,34.2400016784668
2022-11-14,31.90972900390625,32.26775251260179,26.566509975531822,90.27777777777779,90.27777777777779,34.7599983215332
2022-11-15,36.8210334777832,36.940374629824554,34.36566235604265,94.84126984126983,94.84126984126983,40.11000061035156
2022-11-16,34.44340896606445,35.811228932861844,34.68328128758944,94.84126984126983,94.84126984126983,37.52000045776367
2022-11-17,36.866939544677734,32.33201346366065,38.450157590287986,98.01587301587301,98.01587301587301,40.15999984741211
2022-11-18,33.44279098510742,34.608653172979736,34.77365402863983,94.64285714285714,94.64285714285714,36.43000030517578
2022-11-21,31.873008728027344,32.102509070822705,29.666896557242733,91.66666666666666,91.66666666666666,34.720001220703125
2022-11-22,30.918291091918945,30.349131137079333,25.005399320809126,88.4920634920635,88.4920634920635,33.68000030517578
2022-11-23,32.07497024536133,31.75367113017549,24.865295131907818,88.09523809523809,88.09523809523809,34.939998626708984
2022-11-25,30.42256736755371,30.80812979595447,21.169732612137743,84.72222222222221,84.72222222222221,33.13999938964844
2022-11-28,31.21204376220703,29.82586335948487,20.82331483394823,84.32539682539682,84.32539682539682,34.0
2022-11-29,35.85713195800781,35.489930038075165,29.448051845257538,91.46825396825396,91.46825396825396,39.060001373291016
2022-11-30,40.72254943847656,39.45570631520665,35.58722230918271,95.43650793650794,95.43650793650794,44.36000061035156
2022-12-01,39.474056243896484,39.67601765226302,37.259051571840665,96.42857142857143,96.42857142857143,43.0
2022-12-02,42.586082458496094,38.28065734801786,40.11992215513887,98.21428571428571,98.21428571428571,46.38999938964844
2022-12-05,42.23724365234375,44.706669705113256,39.665364567071386,98.01587301587301,98.01587301587301,46.0099983215332
2022-12-06,43.84374237060547,44.137506020568246,40.94648227208991,99.20634920634922,99.20634920634922,47.7599983215332
2022-12-07,41.043846130371094,40.39206590732205,38.25434319969016,97.22222222222221,97.22222222222221,44.709999084472656
2022-12-08,45.00042724609375,44.39454648643338,40.74362557353264,98.80952380952381,98.80952380952381,49.02000045776367
2022-12-09,44.3394660949707,46.33153091690785,39.80687650215471,97.61904761904762,97.61904761904762,48.29999923706055
2022-12-12,42.75132751464844,43.439828606469355,36.404273323853,94.44444444444444,94.44444444444444,46.56999969482422
2022-12-13,44.13750457763672,46.533485050362124,35.598133556524594,93.84920634920636,93.84920634920636,48.08000183105469
2022-12-14,45.037147521972656,44.596507293903976,36.369087138443376,94.24603174603175,94.24603174603175,49.060001373291016
2022-12-15,41.842506408691406,45.45024876790616,30.805367392033254,90.27777777777779,90.27777777777779,45.58000183105469
2022-12-16,42.09036636352539,42.751328548261014,28.334507388618015,88.29365079365078,88.29365079365078,45.849998474121094
2022-12-19,41.42940902709961,42.73296948725062,25.591175809580797,86.30952380952381,86.30952380952381,45.130001068115234
2022-12-20,39.48748016357422,39.394740890999856,19.33856397215817,79.56349206349206,79.56349206349206,42.58000183105469
2022-12-21,42.742557525634766,40.60032783903662,23.2483294534518,83.92857142857143,83.92857142857143,46.09000015258789
2022-12-22,42.00993347167969,43.20624370462498,23.593128981166085,84.12698412698413,84.12698412698413,45.29999923706055
2022-12-23,41.25876235961914,42.55708042413859,21.80975332454529,81.94444444444444,81.94444444444444,44.4900016784668
2022-12-27,47.11975860595703,43.83686185145708,31.56555729890817,90.67460317460318,90.67460317460318,50.810001373291016
2022-12-28,42.436519622802734,45.6452278026823,24.124417088934464,84.12698412698413,84.12698412698413,45.7599983215332
2022-12-29,46.136741638183594,44.402557566142455,28.53140411047818,88.09523809523809,88.09523809523809,49.75
2022-12-30,42.82601547241211,43.96668197476744,20.206637178872025,79.16666666666666,79.16666666666666,46.18000030517578
2023-01-03,47.305233001708984,46.229481877039525,28.278724098252077,87.6984126984127,87.6984126984127,51.0099983215332
2023-01-04,56.29145812988281,52.39649661224093,36.142860609903934,93.65079365079364,93.65079365079364,60.70000076293945
2023-01-05,56.03179168701172,53.66699475912215,39.55949258070351,97.22222222222221,97.22222222222221,60.41999816894531
2023-01-06,56.49547576904297,54.49235326890452,41.72344880801877,99.20634920634922,99.20634920634922,60.91999816894531
2023-01-09,56.59749221801758,58.42441555061403,40.912495984475505,98.80952380952381,98.80952380952381,61.029998779296875
2023-01-10,58.48005676269531,57.18173505450811,42.531581039170916,100.0,100.0,63.060001373291016
2023-01-11,60.232791900634766,58.999389321549934,42.89885808291524,100.0,100.0,64.94999694824219
2023-01-12,58.6469841003418,59.16630995491812,41.271484284451674,98.61111111111111,98.61111111111111,63.2400016784668
2023-01-13,61.09524917602539,59.43525287185459,42.53093124728959,99.60317460317461,99.60317460317461,65.87999725341797
2023-01-17,57.17246627807617,58.67480742992225,38.146269629022136,95.23809523809523,95.23809523809523,61.650001525878906
2023-01-18,55.39191436767578,59.0457577999882,32.98611053931516,90.27777777777779,90.27777777777779,59.72999954223633
2023-01-19,58.79536437988281,57.07972469444379,34.82129839477205,91.66666666666666,91.66666666666666,63.400001525878906
2023-01-20,63.042720794677734,61.19724632438821,38.926212325951404,96.03174603174604,96.03174603174604,67.9800033569336
2023-01-23,64.95310974121094,64.61925538876355,40.46669466532741,97.42063492063492,97.42063492063492,70.04000091552734
2023-01-24,64.80473327636719,63.84026583808848,41.026594740996956,98.61111111111111,98.61111111111111,69.87999725341797
2023-01-25,65.23130798339844,64.38740359664605,41.743358733890105,99.0079365079365,99.0079365079365,70.33999633789062
2023-01-26,67.69812774658203,67.41064481065315,42.939618024848095,100.0,100.0,73.0
2023-01-27,67.37355041503906,68.0876234578671,43.020151291838786,100.0,100.0,72.6500015258789
2023-01-30,59.908203125,61.19724906533456,32.86113759296859,89.88095238095238,89.88095238095238,64.5999984741211
2023-01-31,58.92518997192383,58.58205994645429,25.38957480426024,84.92063492063492,84.92063492063492,63.540000915527344
2023-02-01,62.7088737487793,61.16943340802909,26.315002508050245,85.31746031746032,85.31746031746032,67.62000274658203
2023-02-02,59.03647994995117,61.206529783791275,16.574343636211793,75.0,75.0,63.65999984741211
2023-02-03,54.548004150390625,56.30073613076584,-0.6369426255160071,62.301587301587304,62.301587301587304,58.81999969482422
2023-02-06,52.034820556640625,50.60666745692841,-11.095741750875828,53.57142857142857,53.57142857142857,56.11000061035156
2023-02-07,53.29605484008789,53.37951843789642,-13.42556589650157,52.77777777777778,52.77777777777778,57.470001220703125
2023-02-08,51.181644439697266,51.951364672681294,-19.543121580882122,44.642857142857146,44.642857142857146,55.189998626708984
2023-02-09,54.093589782714844,55.197160767362384,-15.908978132368116,49.801587301587304,49.801587301587304,58.33000183105469
2023-02-10,49.308345794677734,50.9312460789039,-22.15856138026232,40.476190476190474,40.476190476190474,53.16999816894531
2023-02-13,51.78443908691406,51.12600598803924,-19.661789887069357,44.84126984126984,44.84126984126984,55.84000015258789
2023-02-14,50.30063247680664,49.289797385023206,-21.379378336834495,41.269841269841265,41.269841269841265,54.2400016784668
2023-02-15,48.9837760925293,47.94512071160753,-24.08708420900359,38.492063492063494,38.492063492063494,52.81999969482422
2023-02-16,49.15996551513672,47.9451110189195,-25.06380296234962,37.5,37.5,53.0099983215332
2023-02-17,46.08110046386719,46.461322735570214,-28.869783955326238,31.349206349206348,31.349206349206348,49.689998626708984
2023-02-21,44.40255355834961,44.83841580828506,-32.61556193187223,25.0,25.0,47.880001068115234
2023-02-22,43.38243865966797,44.254170154288964,-35.09890180299231,19.444444444444446,19.444444444444446,46.779998779296875
2023-02-23,42.677642822265625,45.21863910650185,-36.308120087684664,15.476190476190476,15.476190476190476,46.02000045776367
2023-02-24,38.66212844848633,39.116542179762405,-38.90161673788619,9.126984126984127,9.126984126984127,41.689998626708984
2023-02-27,40.20155715942383,40.30356860072203,-37.94547372001661,11.30952380952381,11.30952380952381,43.349998474121094
2023-02-28,38.81050109863281,39.16290330674013,-38.97619358803637,9.126984126984127,9.126984126984127,41.849998474121094
2023-03-01,43.62356185913086,44.22635128961886,-29.803193291222644,32.142857142857146,32.142857142857146,47.040000915527344
2023-03-02,45.94199752807617,43.41027306495127,-19.503368938231105,46.82539682539682,46.82539682539682,49.540000915527344
2023-03-03,45.8956298828125,45.62669122382452,-13.29677473388305,55.75396825396825,55.75396825396825,49.4900016784668
2023-03-06,44.263450622558594,44.87551580037136,-12.18158495389724,55.952380952380956,55.952380952380956,47.72999954223633
2023-03-07,41.75027084350586,43.503002642918254,-17.31148278055974,50.198412698412696,50.198412698412696,45.02000045776367
2023-03-08,40.54469299316406,40.34994224209393,-22.610436814412836,40.476190476190474,40.476190476190474,43.720001220703125
2023-03-09,35.926368713378906,38.55082787158025,-31.604430143507933,26.785714285714285,26.785714285714285,38.7400016784668
2023-03-10,35.926368713378906,35.759441582452624,-35.63510598099657,17.658730158730158,17.658730158730158,38.7400016784668
2023-03-13,36.47352981567383,35.97274826021948,-36.204627932402666,15.476190476190476,15.476190476190476,39.33000183105469
2023-03-14,37.21541976928711,36.250952547716444,-34.59580868782065,20.634920634920633,20.634920634920633,40.130001068115234
2023-03-15,35.66670608520508,35.24011605567038,-35.755685716059645,17.658730158730158,17.658730158730158,38.459999084472656
2023-03-16,37.01140594482422,34.989735271730154,-32.39122950132173,25.198412698412696,25.198412698412696,39.90999984741211
2023-03-17,36.74245834350586,37.530726251904504,-30.975839943548888,28.373015873015873,28.373015873015873,39.619998931884766
2023-03-20,36.57554626464844,35.64817436966365,-29.798877734867464,31.150793650793652,31.150793650793652,39.439998626708984
2023-03-21,38.167640686035156,37.62731115649267,-23.097153457956882,39.48412698412698,39.48412698412698,40.970001220703125
2023-03-22,38.3912239074707,39.11787411129757,-18.518202883767202,48.61111111111111,48.61111111111111,41.209999084472656
2023-03-23,41.98720169067383,42.22941962295326,-3.0392852271421003,63.29365079365079,63.29365079365079,45.06999969482422
2023-03-24,41.64250946044922,40.57116832837819,4.248487830741014,67.85714285714286,67.85714285714286,44.70000076293945
2023-03-27,38.959510803222656,39.12719908359696,-0.6878077878582489,64.68253968253968,64.68253968253968,41.81999969482422
2023-03-28,43.673397064208984,42.322576722476285,11.49345311348879,74.0079365079365,74.0079365079365,46.880001068115234
2023-03-29,43.84109115600586,43.25418224292417,18.481903213950602,78.57142857142857,78.57142857142857,47.060001373291016
2023-03-30,46.00239944458008,45.13601134014761,27.66815023044816,87.5,87.5,49.380001068115234
2023-03-31,44.26030731201172,44.93106034125147,26.9971757269815,87.10317460317461,87.10317460317461,47.5099983215332
2023-04-03,43.65476608276367,43.943559738981605,24.74486943811916,84.52380952380952,84.52380952380952,46.86000061035156
2023-04-04,43.03059387207031,42.39710571803553,21.579492023718608,80.95238095238095,80.95238095238095,46.189998626708984
2023-04-05,41.3909797668457,42.69522091996711,15.151379728142068,75.59523809523809,75.59523809523809,44.43000030517578
2023-04-06,42.96538162231445,41.54934950508994,16.277099218345427,75.9920634920635,75.9920634920635,46.119998931884766
2023-04-10,42.425052642822266,42.02446447381123,15.349001664679928,75.39682539682539,75.39682539682539,45.540000915527344
2023-04-11,42.769744873046875,43.54297438026439,15.895900517161454,75.59523809523809,75.59523809523809,45.90999984741211
2023-04-12,39.00607681274414,41.88471990751264,3.862038205648615,65.27777777777779,65.27777777777779,41.869998931884766
2023-04-13,41.73566818237305,41.4096096906539,6.951755199980528,68.45238095238095,68.45238095238095,44.79999923706055
2023-04-14,40.20784378051758,41.120811079834645,3.1340027351806508,64.0873015873016,64.0873015873016,43.15999984741211
2023-04-17,43.375274658203125,43.04921269598839,10.982120609911199,71.82539682539682,71.82539682539682,46.560001373291016
2023-04-18,42.93743133544922,43.934242753834226,13.592606976730922,73.80952380952381,73.80952380952381,46.09000015258789
2023-04-19,41.5120849609375,41.12081122908381,7.725558556602956,68.84920634920636,68.84920634920636,44.560001373291016
2023-04-20,40.61775207519531,41.32576995194709,-0.9916128200562448,60.912698412698404,60.912698412698404,43.599998474121094
2023-04-21,38.71728515625,38.838390559613806,-13.016307428512821,51.587301587301596,51.587301587301596,41.560001373291016
2023-04-24,37.50620651245117,37.94405955715354,-21.787927500216448,38.492063492063494,38.492063492063494,40.2599983215332
2023-04-25,34.385353088378906,35.475326848551504,-30.19358424060871,28.373015873015873,28.373015873015873,36.90999984741211
2023-04-26,35.95975112915039,36.90998335875506,-28.947908923515797,29.761904761904763,29.761904761904763,38.599998474121094
2023-04-27,37.58073806762695,36.4721355261786,-22.384529110114045,38.492063492063494,38.492063492063494,40.34000015258789
2023-04-28,37.99995803833008,37.39441672541369,-17.256961346587868,47.61904761904761,47.61904761904761,40.790000915527344
2023-05-01,37.61800003051758,37.73910544294179,-15.209169822640789,50.39682539682539,50.39682539682539,40.380001068115234
2023-05-02,35.372840881347656,36.434863944778066,-22.04155402769962,39.08730158730159,39.08730158730159,37.970001220703125
2023-05-03,35.0654182434082,35.24242449163389,-26.332306063295313,33.92857142857143,33.92857142857143,37.63999938964844
2023-05-04,37.7484245300293,37.06835709874218,-17.26289397768742,47.61904761904761,47.61904761904761,40.52000045776367
2023-05-05,39.28555679321289,38.50301647376382,-6.795647881866398,56.15079365079365,56.15079365079365,42.16999816894531
2023-05-08,40.25442123413086,40.589797686819644,2.534205628031794,63.095238095238095,63.095238095238095,43.209999084472656
2023-05-09,38.17695999145508,37.263992599226576,-0.5969292363188627,61.70634920634921,61.70634920634921,40.97999954223633
2023-05-10,37.43167495727539,37.12424536092087,-4.90378531412346,56.94444444444444,56.94444444444444,40.18000030517578
2023-05-11,38.61480712890625,37.33851657286752,-2.5738820814037893,59.72222222222222,59.72222222222222,41.45000076293945
2023-05-12,35.66164016723633,36.93793448632489,-13.068348060233708,51.587301587301596,51.587301587301596,38.279998779296875
2023-05-15,40.22648239135742,38.41917993547457,-0.7169711355980715,60.912698412698404,60.912698412698404,43.18000030517578
2023-05-16,39.11787414550781,38.083797878741755,1.5083310418346403,62.10317460317461,62.10317460317461,41.9900016784668
2023-05-17,37.83226776123047,37.07767065754319,0.2841816185313422,61.904761904761905,61.904761904761905,40.61000061035156
2023-05-18,36.341705322265625,37.75773739359398,-6.635306536744351,54.761904761904766,54.761904761904766,39.0099983215332
2023-05-19,35.643001556396484,35.615054703702384,-12.518052616405594,51.19047619047619,51.19047619047619,38.2599983215332
2023-05-22,37.31988525390625,37.23604113877216,-6.402807054880115,55.35714285714286,55.35714285714286,40.060001373291016
2023-05-23,34.031341552734375,35.30763591230442,-19.358977929442545,41.46825396825397,41.46825396825397,36.529998779296875
2023-05-24,31.95387077331543,32.885470525037576,-27.65715533455645,29.563492063492063,29.563492063492063,34.29999923706055
2023-05-25,29.922983169555664,31.087482864629276,-33.63406001215884,18.452380952380953,18.452380952380953,32.119998931884766
2023-05-26,31.34833526611328,30.332891323349674,-31.58832288004018,22.817460317460316,22.817460317460316,33.650001525878906
2023-05-30,28.656007766723633,29.92298218499407,-35.25161185905686,15.476190476190476,15.476190476190476,30.760000228881836
2023-05-31,28.38584327697754,28.003887527896705,-35.69315173466695,14.087301587301587,14.087301587301587,30.469999313354492
2023-06-01,30.528522491455078,28.367211479119394,-29.014516009137388,28.174603174603174,28.174603174603174,32.77000045776367
2023-06-02,33.20220947265625,32.922730300908164,-16.235837542622843,47.42063492063492,47.42063492063492,35.63999938964844
2023-06-05,33.0345344543457,32.52215517584492,-9.788218535516586,53.37301587301587,53.37301587301587,35.459999084472656
2023-06-06,35.149261474609375,32.950685287492675,-0.08594339712742233,62.698412698412696,62.698412698412696,37.72999954223633
2023-06-07,34.02201843261719,34.646188470074875,2.164311217405428,64.0873015873016,64.0873015873016,36.52000045776367
2023-06-08,35.05609893798828,34.55303422940471,6.383285241450178,68.65079365079364,68.65079365079364,37.630001068115234
2023-06-09,35.07473373413086,35.4939507992329,8.719798270650914,70.83333333333334,70.83333333333334,37.650001525878906
2023-06-12,34.813880920410156,35.1492573918652,9.048647350634994,71.03174603174604,71.03174603174604,37.369998931884766
2023-06-13,36.05290985107422,36.09948912628944,13.667598858858728,75.1984126984127,75.1984126984127,38.70000076293945
2023-06-14,37.459625244140625,36.0156463366302,21.775531724086115,81.54761904761905,81.54761904761905,40.209999084472656
2023-06-15,39.85383605957031,39.360089330617804,31.128694988299838,90.27777777777779,90.27777777777779,42.779998779296875
2023-06-16,39.1271858215332,40.53389974812446,33.067305615627404,91.26984126984127,91.26984126984127,42.0
2023-06-20,34.143131256103516,35.959747872226224,19.35310719937449,78.37301587301587,78.37301587301587,36.650001525878906
2023-06-21,33.57679748535156,33.57679748535156,9.885036634445148,70.63492063492063,70.63492063492063,35.810001373291016
2023-06-22,33.286136627197266,33.126739943313126,3.926455713260217,65.07936507936508,65.07936507936508,35.5
2023-06-23,31.13893699645996,31.973433704835603,-6.320270565239425,55.952380952380956,55.952380952380956,33.209999084472656
2023-06-26,31.617136001586914,31.664017158790084,-9.902515541100849,52.38095238095239,52.38095238095239,33.720001220703125
2023-06-27,33.61430358886719,33.2017443686051,-4.111425798531796,57.341269841269835,57.341269841269835,35.849998474121094
2023-06-28,32.80793762207031,32.826687224439645,-3.7947296855029378,57.738095238095234,57.738095238095234,34.9900016784668
2023-06-29,31.260833740234375,31.138939866275056,-8.993891508227165,52.77777777777778,52.77777777777778,33.34000015258789
2023-06-30,32.12345504760742,32.07657389399336,-10.083292797210246,51.98412698412699,51.98412698412699,34.2599983215332
2023-07-03,33.979984283447266,34.0831214030513,-6.985279701130695,54.563492063492056,54.563492063492056,36.2400016784668
2023-07-05,32.751678466796875,32.91107512641889,-10.023988851887468,52.38095238095239,52.38095238095239,34.93000030517578
2023-07-06,29.929386138916016,30.313819121576966,-20.43996634761119,40.27777777777778,40.27777777777778,31.920000076293945
2023-07-07,31.823413848876953,30.388829691188604,-17.702720412722485,44.047619047619044,44.047619047619044,33.939998626708984
2023-07-10,31.701522827148438,30.726379040556033,-16.84497101661713,46.03174603174603,46.03174603174603,33.810001373291016
2023-07-11,32.339115142822266,31.823411717072528,-13.398301682979064,50.0,50.0,34.4900016784668
2023-07-12,35.25517272949219,34.223772788505265,-0.5921670652071827,62.5,62.5,37.599998474121094
2023-07-13,37.59926223754883,36.46472172344776,12.929740249741952,73.61111111111111,73.61111111111111,40.099998474121094
2023-07-14,35.61146926879883,36.12716914148216,13.31142015909959,73.80952380952381,73.80952380952381,37.97999954223633
2023-07-17,35.058265686035156,34.28940321925549,11.590915190843337,72.42063492063492,72.42063492063492,37.38999938964844
2023-07-18,32.72355270385742,33.454908865671314,2.1281463676519206,63.49206349206349,63.49206349206349,34.900001525878906
2023-07-19,33.276763916015625,33.98936700212855,2.3729404988348137,63.69047619047619,63.69047619047619,35.4900016784668
2023-07-20,32.91107940673828,32.80794227187674,0.9352341590767579,62.301587301587304,62.301587301587304,35.099998474121094
2023-07-21,32.92045211791992,33.736195714669094,0.2055624315566237,61.904761904761905,61.904761904761905,35.11000061035156
2023-07-24,35.14265060424805,32.15158847682903,9.943421907668425,71.03174603174604,71.03174603174604,37.47999954223633
2023-07-25,36.42721176147461,37.90868057856312,18.98496203219805,78.17460317460318,78.17460317460318,38.849998474121094
2023-07-26,37.89930725097656,36.01465738920934,28.633520593418904,88.29365079365078,88.29365079365078,40.41999816894531
2023-07-27,36.18342590332031,37.89930041397774,27.475375270211988,86.70634920634922,86.70634920634922,38.59000015258789
2023-07-28,41.92177200317383,40.29028474697551,34.76694794190017,92.06349206349206,92.06349206349206,44.709999084472656
2023-07-31,43.478248596191406,41.98740487191728,38.35747686710738,95.83333333333334,95.83333333333334,46.369998931884766
2023-08-01,40.26215744018555,41.07790473120879,33.32216518696947,91.07142857142857,91.07142857142857,42.939998626708984
2023-08-02,36.63349914550781,38.08683664665751,20.9985872045138,79.16666666666666,79.16666666666666,39.06999969482422
2023-08-03,39.39952850341797,38.593159674494196,21.51749100368242,79.56349206349206,79.56349206349206,42.02000045776367
2023-08-04,37.880558013916016,39.052604937901,17.032386149472895,75.39682539682539,75.39682539682539,40.400001525878906
2023-08-07,37.327354431152344,38.499401440179696,12.650828375852106,71.23015873015873,71.23015873015873,39.810001373291016
2023-08-08,35.2270393371582,34.711339445842846,3.3540961361914325,62.301587301587304,62.301587301587304,37.56999969482422
2023-08-09,35.667728424072266,36.20218146895891,-1.408675875296214,56.94444444444444,56.94444444444444,38.040000915527344
2023-08-10,36.57723617553711,36.96166739563406,-0.7497527526762768,57.53968253968254,57.53968253968254,39.0099983215332
2023-08-11,33.107975006103516,33.56741528918991,-12.834858732110503,46.42857142857143,46.42857142857143,35.310001373291016
2023-08-14,32.1422119140625,31.560877673549985,-20.471642266018936,35.317460317460316,35.317460317460316,34.279998779296875
2023-08-15,30.595109939575195,31.589003313135244,-27.633849246781413,27.380952380952383,27.380952380952383,32.630001068115234
2023-08-16,28.67295265197754,28.926115188301438,-33.04827122826327,17.857142857142858,17.857142857142858,30.579999923706055
2023-08-17,29.254289627075195,30.454464437850604,-34.179081317890564,16.071428571428573,16.071428571428573,31.200000762939453
2023-08-18,27.09772300720215,27.09772300720215,-36.856877734922314,9.722222222222223,9.722222222222223,28.899999618530273
2023-08-21,26.93832778930664,26.25385277127205,-37.671633851191565,8.531746031746032,8.531746031746032,28.729999542236328
2023-08-22,26.919570922851562,27.566541278326607,-38.263933634482036,7.738095238095238,7.738095238095238,28.709999084472656
2023-08-23,28.607316970825195,27.594668661610207,-34.035397966817754,17.46031746031746,17.46031746031746,30.510000228881836
2023-08-24,28.944869995117188,29.42306353943823,-30.560636900783706,23.61111111111111,23.61111111111111,30.8700008392334
2023-08-25,28.794845581054688,28.841728527165433,-29.343828513833625,25.595238095238095,25.595238095238095,30.709999084472656
2023-08-28,30.79201889038086,30.173178218190404,-21.917459771665467,34.12698412698413,34.12698412698413,32.84000015258789
2023-08-29,32.66728591918945,31.954683096029445,-10.124568848034842,47.817460317460316,47.817460317460316,34.84000015258789
2023-08-30,32.00156784057617,31.420230034096456,-5.215656634319204,52.57936507936508,52.57936507936508,34.130001068115234
2023-08-31,30.726377487182617,31.129561848240648,-7.273723350419653,50.198412698412696,50.198412698412696,32.77000045776367
2023-09-01,32.77042770385742,32.28285582874643,-0.21596842414403503,58.730158730158735,58.730158730158735,34.95000076293945
2023-09-05,31.42023277282715,31.814042404342974,-0.6806180192977155,57.936507936507944,57.936507936507944,33.5099983215332
2023-09-06,31.542125701904297,31.551504080144284,-0.3243850231277058,58.730158730158735,58.730158730158735,33.63999938964844
2023-09-07,28.93549156188965,29.385557097514795,-10.38044892925052,47.023809523809526,47.023809523809526,30.860000610351562
2023-09-08,28.757343292236328,28.79484786369648,-16.46144487430474,42.06349206349206,42.06349206349206,30.670000076293945
2023-09-11,29.901256561279297,30.0606567816027,-10.704763352981633,47.22222222222222,47.22222222222222,31.889999389648438
2023-09-12,30.023151397705078,29.385557649394308,-6.922614780300817,50.99206349206349,50.99206349206349,32.02000045776367
2023-09-13,29.319923400878906,29.319923400878906,-8.521410071186013,49.801587301587304,49.801587301587304,31.270000457763672
2023-09-14,30.013774871826172,29.86375480294692,-5.297557464138283,53.37301587301587,53.37301587301587,32.0099983215332
2023-09-15,29.46994400024414,29.854375194199736,-6.866696613155986,51.388888888888886,51.388888888888886,31.43000030517578
2023-09-18,29.18865394592285,28.841729080060453,-9.230549464627162,49.2063492063492,49.2063492063492,31.1299991607666
2023-09-19,28.902076721191406,29.06180868514122,-11.937525396944656,46.62698412698413,46.62698412698413,30.760000228881836
2023-09-20,28.35710906982422,28.90207662882725,-17.645680032257395,39.88095238095239,39.88095238095239,30.18000030517578
2023-09-21,26.50609588623047,26.62824480110482,-27.968223109917634,27.77777777777778,27.77777777777778,28.209999084472656
2023-09-22,29.183956146240234,29.644359625888086,-18.635681404099007,38.88888888888889,38.88888888888889,31.059999465942383
2023-09-25,27.91549301147461,27.33294247685691,-20.715887366860482,35.714285714285715,35.714285714285715,29.709999084472656
2023-09-26,26.70341682434082,26.86314880482148,-27.779023893042588,27.380952380952383,27.380952380952383,28.420000076293945
2023-09-27,26.872543334960938,27.08865076794445,-30.596049880024,23.015873015873016,23.015873015873016,28.600000381469727
2023-09-28,26.42153549194336,25.942339590586908,-32.61058205886701,19.246031746031747,19.246031746031747,28.1200008392334
2023-09-29,27.1732120513916,27.924890780722485,-29.290418686166714,25.396825396825395,25.396825396825395,28.920000076293945
2023-10-02,26.712810516357422,26.94771036009304,-30.007969040048053,24.404761904761905,24.404761904761905,28.43000030517578
2023-10-03,24.843008041381836,24.814819414886866,-34.72693874921227,15.476190476190476,15.476190476190476,26.440000534057617
2023-10-04,24.16649627685547,24.55173189312749,-38.369846058277425,7.5396825396825395,7.5396825396825395,25.719999313354492
2023-10-05,24.579917907714844,24.138306875363153,-37.58329434673512,8.928571428571429,8.928571428571429,26.15999984741211
2023-10-06,26.102073669433594,24.899385714288655,-28.26392227296041,26.38888888888889,26.38888888888889,27.780000686645508
2023-10-09,26.102073669433594,25.406770283412595,-23.10499911570954,31.349206349206348,31.349206349206348,27.780000686645508
2023-10-10,28.00006103515625,27.126235110041016,-6.470820845980238,52.57936507936508,52.57936507936508,29.799999237060547
2023-10-11,28.826906204223633,28.873885451377813,7.669162381148185,67.85714285714286,67.85714285714286,30.68000030517578
2023-10-12,27.30475616455078,29.12757937566689,5.197731808159307,65.67460317460318,65.67460317460318,29.059999465942383
2023-10-13,26.684621810913086,26.75039348022131,-0.27858489683677934,59.92063492063492,59.92063492063492,28.399999618530273
2023-10-16,27.248382568359375,26.32757558754308,2.360571880846403,62.5,62.5,29.0
2023-10-17,26.62824821472168,26.167844705186067,-1.3744876226467864,57.53968253968254,57.53968253968254,28.34000015258789
2023-10-18,25.247037887573242,25.801399911611878,-13.49767739717229,44.24603174603175,44.24603174603175,26.8700008392334
2023-10-19,23.98797035217285,24.307434251924285,-26.449278185452705,28.76984126984127,28.76984126984127,25.530000686645508
2023-10-20,22.4846134185791,23.076560238604948,-35.03778967356433,15.079365079365079,15.079365079365079,23.93000030517578
2023-10-23,23.010787963867188,22.465820410245612,-35.063332754406225,15.079365079365079,15.079365079365079,24.489999771118164
2023-10-24,25.171871185302734,23.20810810876945,-22.949993216568476,32.53968253968254,32.53968253968254,26.790000915527344
2023-10-25,23.71548843383789,23.536964047596708,-24.511230828747106,30.952380952380953,30.952380952380953,25.239999771118164
2023-10-26,23.77186393737793,23.583945133974492,-24.835318638695217,30.555555555555557,30.555555555555557,25.299999237060547
2023-10-27,23.940988540649414,24.852400963195763,-24.061666503588324,31.746031746031743,31.746031746031743,25.479999542236328
2023-10-30,24.702068328857422,25.134283179376666,-18.420101836641134,40.27777777777778,40.27777777777778,26.290000915527344
2023-10-31,23.668508529663086,23.489984148335537,-21.91032809979806,35.317460317460316,35.317460317460316,25.190000534057617
2023-11-01,23.33025360107422,23.132938582475973,-25.618843575648942,29.96031746031746,29.96031746031746,24.829999923706055
2023-11-02,24.10072135925293,23.959781824595755,-22.068852131422542,35.11904761904761,35.11904761904761,25.649999618530273
2023-11-03,25.782608032226562,25.2658272870521,-8.424108250093965,52.38095238095239,52.38095238095239,27.440000534057617
2023-11-06,25.979923248291016,26.553079460116912,0.3788453291343684,64.0873015873016,64.0873015873016,27.649999618530273
2023-11-07,25.726228713989258,25.453745841822993,3.1553904883225883,66.07142857142857,66.07142857142857,27.3799991607666
2023-11-08,25.1436767578125,25.26582387474617,0.599390956600283,63.888888888888886,63.888888888888886,26.760000228881836
2023-11-09,24.063138961791992,24.946361025021822,-8.507045560983098,51.78571428571429,51.78571428571429,25.610000610351562
2023-11-10,23.894010543823242,23.630922094012103,-12.565398408229361,47.817460317460316,47.817460317460316,25.43000030517578
2023-11-13,24.767837524414062,24.45776983457452,-6.28453604502183,55.35714285714286,55.35714285714286,26.360000610351562
2023-11-14,26.336971282958984,25.41616252795691,11.705899086025426,74.40476190476191,74.40476190476191,28.030000686645508
2023-11-15,28.234962463378906,27.59603634939324,23.729542165191265,84.52380952380952,84.52380952380952,30.049999237060547
2023-11-16,24.83361053466797,24.89938220090854,10.87840575913214,73.01587301587301,73.01587301587301,26.43000030517578
2023-11-17,24.7866268157959,24.805419230447317,3.491926321970983,66.26984126984127,66.26984126984127,26.3799991607666
2023-11-20,26.374555587768555,25.64166918283032,9.988624080428416,72.61904761904762,72.61904761904762,28.06999969482422
2023-11-21,24.889989852905273,25.077910464575638,2.5906673663704813,65.27777777777779,65.27777777777779,26.489999771118164
2023-11-22,25.1436767578125,25.312804913677116,0.4496887468848708,63.29365079365079,63.29365079365079,26.760000228881836
2023-11-24,25.38797378540039,24.711461135252932,0.8964858476382059,63.49206349206349,63.49206349206349,27.020000457763672
2023-11-27,24.31682777404785,24.48595592560015,-6.79346866035668,53.37301587301587,53.37301587301587,25.8799991607666
2023-11-28,23.48998260498047,23.80005030368047,-16.898871091241777,42.65873015873016,42.65873015873016,25.0
2023-11-29,21.704744338989258,21.9960196222096,-29.114340106102187,25.396825396825395,25.396825396825395,23.100000381469727
2023-11-30,21.958436965942383,21.92085213279541,-32.864481653388225,18.452380952380953,18.452380952380953,23.3700008392334
2023-12-01,21.178569793701172,20.849709669224765,-35.539296323954886,13.492063492063492,13.492063492063492,22.540000915527344
2023-12-04,19.7879638671875,20.0510523577209,-40.2737457110299,5.555555555555555,5.555555555555555,21.059999465942383
2023-12-05,18.84836196899414,18.566482888182627,-42.26097219834299,2.7777777777777777,2.7777777777777777,20.059999465942383
2023-12-06,18.829570770263672,19.27118179463876,-43.33165672255036,1.3888888888888888,1.3888888888888888,20.040000915527344
2023-12-07,18.998699188232422,18.895344473078296,-43.42136656386039,1.3888888888888888,1.3888888888888888,20.219999313354492
2023-12-08,18.23762321472168,18.463126843350306,-44.623931780719786,0.7936507936507936,0.7936507936507936,19.40999984741211
2023-12-11,18.378564834594727,17.965142364814813,-44.33670349033931,1.3888888888888888,1.3888888888888888,19.559999465942383
2023-12-12,18.754404067993164,18.463128741749873,-43.004881757466634,2.579365079365079,2.579365079365079,19.959999084472656
2023-12-13,18.566484451293945,18.181248838751618,-42.06056275526953,3.968253968253968,3.968253968253968,19.760000228881836
2023-12-14,19.242992401123047,18.463125087558435,-38.26108673683704,8.928571428571429,8.928571428571429,20.479999542236328
2023-12-15,19.233598709106445,19.571855060195723,-35.318141035106684,15.277777777777779,15.277777777777779,20.469999313354492
2023-12-18,18.519500732421875,18.951717328091853,-36.803313471386204,11.507936507936508,11.507936507936508,19.709999084472656
2023-12-19,19.271183013916016,18.82017575297965,-33.411657220684766,19.047619047619047,19.047619047619047,20.510000228881836
2023-12-20,17.66446876525879,18.434941811900746,-38.260033188548945,9.126984126984127,9.126984126984127,18.799999237060547
2023-12-21,19.461910247802734,18.761356884313752,-29.407032867067574,26.190476190476193,26.190476190476193,20.280000686645508
2023-12-22,17.916860580444336,17.456224006165726,-32.83839214634189,19.444444444444446,19.444444444444446,18.670000076293945
2023-12-26,18.2143497467041,18.26233385386794,-32.60824078665396,20.436507936507937,20.436507936507937,18.979999542236328
2023-12-27,18.377492904663086,18.36789608278414,-30.839468723339024,23.214285714285715,23.214285714285715,19.149999618530273
2023-12-28,19.711423873901367,19.471508793627436,-15.787813024160197,44.24603174603175,44.24603174603175,20.540000915527344
2023-12-29,20.095287322998047,19.68263309849456,-2.8270383064496407,57.936507936507944,57.936507936507944,20.940000534057617
2024-01-02,18.223949432373047,18.636603666805772,-12.75679571081993,46.82539682539682,46.82539682539682,18.989999771118164
2024-01-03,19.16441535949707,18.233545535825062,-3.139206955402249,57.341269841269835,57.341269841269835,19.969999313354492
2024-01-04,18.444669723510742,18.64619933194637,-7.208719989438222,51.98412698412699,51.98412698412699,19.219999313354492
2024-01-05,18.070404052734375,18.42547918241512,-13.811487632489339,44.642857142857146,44.642857142857146,18.829999923706055
2024-01-08,17.437023162841797,16.8612267673838,-20.73221960992861,36.30952380952381,36.30952380952381,18.170000076293945
2024-01-09,16.38140106201172,16.41978835268635,-30.284740997356273,24.404761904761905,24.404761904761905,17.06999969482422
2024-01-10,16.35261344909668,16.525350776736254,-35.183427466978145,15.277777777777779,15.277777777777779,17.040000915527344
2024-01-11,17.062761306762695,17.014777192073677,-31.382088030014998,22.22222222222222,22.22222222222222,17.780000686645508
2024-01-12,16.870826721191406,17.2354968021535,-31.046005313383972,22.817460317460316,22.817460317460316,17.579999923706055
2024-01-16,15.277791976928711,15.853588520285657,-37.032466686841296,10.912698412698413,10.912698412698413,15.920000076293945
2024-01-17,14.11660385131836,13.636773674067841,-39.655388602170476,7.341269841269842,7.341269841269842,14.710000038146973
2024-01-18,14.202973365783691,14.327729321132196,-40.461998206835695,6.547619047619048,6.547619047619048,14.800000190734863
2024-01-19,14.510063171386719,13.771125239453006,-39.40065635380063,7.738095238095238,7.738095238095238,15.119999885559082
2024-01-22,13.444840431213379,13.003396676024252,-41.07688423825677,5.357142857142857,5.357142857142857,14.010000228881836
2024-01-23,15.239404678344727,14.769171381710466,-31.120000342715397,23.809523809523807,23.809523809523807,15.880000114440918
2024-01-24,16.563735961914062,17.03396925986144,-14.477254181179713,45.83333333333333,45.83333333333333,17.260000228881836
2024-01-25,16.573335647583008,17.06276267419337,-5.080372229641684,56.74603174603175,56.74603174603175,17.270000457763672
2024-01-26,16.199068069458008,15.959152949866226,-3.44034057649939,58.333333333333336,58.333333333333336,16.8799991607666
2024-01-29,15.546496391296387,16.112696070993664,-7.5578108349339725,52.57936507936508,52.57936507936508,16.200000762939453
2024-01-30,14.778769493103027,14.68280400417845,-15.521095100491184,44.84126984126984,44.84126984126984,15.399999618530273
2024-01-31,14.490870475769043,14.193375388708494,-20.43190075239531,38.69047619047619,38.69047619047619,15.100000381469727
2024-02-01,14.596433639526367,14.692400038500027,-22.266198629172624,35.714285714285715,35.714285714285715,15.210000038146973
2024-02-02,13.723143577575684,13.799916334538624,-28.360141495519347,28.968253968253972,28.968253968253972,14.300000190734863
2024-02-05,14.586836814880371,14.087813919804633,-23.35721092366937,33.92857142857143,33.92857142857143,15.199999809265137
2024-02-06,17.101144790649414,16.247047782421735,6.299860568361833,71.23015873015873,71.23015873015873,17.81999969482422
2024-02-07,15.959151268005371,15.8631866946076,12.537109452607742,76.38888888888889,76.38888888888889,16.6299991607666
2024-02-08,14.865139961242676,15.239407861442066,4.848566559052195,70.03968253968253,70.03968253968253,15.489999771118164
2024-02-09,15.325775146484375,14.932314572504064,5.774400470057447,70.83333333333334,70.83333333333334,15.970000267028809
2024-02-12,16.074310302734375,15.594480144443796,13.619284776014487,77.77777777777779,77.77777777777779,16.75
2024-02-13,14.941911697387695,15.460129176801022,6.911461802247882,72.22222222222221,72.22222222222221,15.569999694824219
2024-02-14,15.891974449157715,15.671253013987688,13.551706691200573,77.18253968253968,77.18253968253968,16.559999465942383
2024-02-15,16.045520782470703,15.84399298267501,18.513553152950315,80.95238095238095,80.95238095238095,16.719999313354492
2024-02-16,16.803651809692383,16.985987776352943,27.3229730459629,87.5,87.5,17.510000228881836
2024-02-20,16.448577880859375,16.765265724444415,28.966278277048623,89.28571428571429,89.28571428571429,17.139999389648438
2024-02-21,17.7633113861084,17.715327275529287,34.28040632548505,92.26190476190477,92.26190476190477,18.510000228881836
2024-02-22,18.588619232177734,18.540635123023087,38.65519093080165,96.03174603174604,96.03174603174604,19.3700008392334
2024-02-23,19.010868072509766,19.183607201584017,40.40413752257356,97.22222222222221,97.22222222222221,19.809999465942383
2024-02-26,18.52144432067871,18.66539483981905,38.99991937491147,96.03174603174604,96.03174603174604,19.299999237060547
2024-02-27,19.423524856567383,19.365945749290137,41.27490524962389,98.4126984126984,98.4126984126984,20.239999771118164
2024-02-28,17.47541618347168,18.156776065215684,32.96225008158565,90.27777777777779,90.27777777777779,18.209999084472656
2024-02-29,17.312271118164062,17.830486681284295,27.16618801764873,85.9126984126984,85.9126984126984,18.040000915527344
2024-03-01,18.348709106445312,18.13758263026539,30.056089049925617,88.4920634920635,88.4920634920635,19.1200008392334
2024-03-04,17.216310501098633,17.868879957410694,24.496642009724248,83.53174603174604,83.53174603174604,17.940000534057617
2024-03-05,16.400592803955078,16.53494464491036,13.532300744718153,74.8015873015873,74.8015873015873,17.09000015258789
2024-03-06,17.437023162841797,17.744114085644384,15.648878865349037,76.78571428571429,76.78571428571429,18.170000076293945
2024-03-07,16.966794967651367,16.85163492239825,12.398436761639063,73.61111111111111,73.61111111111111,17.68000030517578
2024-03-08,17.245094299316406,17.110742447976055,13.532162361350004,74.40476190476191,74.40476190476191,17.969999313354492
2024-03-11,18.463865280151367,18.118386961576668,22.739048972252625,81.94444444444444,81.94444444444444,19.239999771118164
2024-03-12,19.67303466796875,19.538682821820057,32.658124036228735,89.68253968253968,89.68253968253968,20.5
2024-03-13,19.8841609954834,19.960933747187706,35.82858525425389,93.25396825396825,93.25396825396825,20.719999313354492
2024-03-14,18.713376998901367,19.250786287381533,30.706929495065342,88.29365079365078,88.29365079365078,19.5
2024-03-15,18.32951545715332,18.598219218965035,24.353481752394757,82.73809523809523,82.73809523809523,19.100000381469727
2024-03-18,18.406286239624023,18.646201332777814,20.58979076289162,78.96825396825396,78.96825396825396,19.18000030517578
2024-03-19,18.107067108154297,18.068583328287353,15.713852686014587,75.59523809523809,75.59523809523809,18.81999969482422
2024-03-20,18.607370376586914,18.164794949447078,17.317826346403216,76.38888888888889,76.38888888888889,19.34000015258789
2024-03-21,18.31873321533203,18.713201569424612,15.062006938727954,74.60317460317461,74.60317460317461,19.040000915527344
2024-03-22,17.54903793334961,17.529795126530345,5.229407424081043,66.46825396825396,66.46825396825396,18.239999771118164
2024-03-25,17.597145080566406,17.52979525620079,0.695386425924301,61.50793650793651,61.50793650793651,18.290000915527344
2024-03-26,17.895402908325195,18.116689703628165,1.7112349048464366,62.10317460317461,62.10317460317461,18.600000381469727
2024-03-27,17.808809280395508,17.42396234195401,1.0512674787018803,61.70634920634921,61.70634920634921,18.510000228881836
2024-03-28,18.366840362548828,18.145553571456723,7.359692042344856,68.25396825396825,68.25396825396825,19.09000015258789
2024-04-01,19.146154403686523,19.146154403686523,16.922608900243166,75.9920634920635,75.9920634920635,19.899999618530273
2024-04-02,19.57910919189453,19.43479180344765,24.849131665451495,83.13492063492063,83.13492063492063,20.350000381469727
2024-04-03,19.232744216918945,18.93448806363647,26.403997312796378,84.32539682539682,84.32539682539682,19.989999771118164
2024-04-04,18.89600372314453,19.68494047303784,23.876244096148127,81.74603174603175,81.74603174603175,19.639999389648438
2024-04-05,18.616989135742188,18.54964114957389,19.478166472549223,77.57936507936508,77.57936507936508,19.350000381469727
2024-04-08,18.972972869873047,19.03070129113291,19.98259871468028,77.97619047619048,77.97619047619048,19.719999313354492
2024-04-09,19.47327423095703,19.242366058466832,23.5938258591199,81.34920634920636,81.34920634920636,20.239999771118164
2024-04-10,19.213502883911133,19.290472278888082,23.058069972601977,80.75396825396825,80.75396825396825,19.969999313354492
2024-04-11,19.713804244995117,19.915850047350624,27.289421272122976,85.11904761904762,85.11904761904762,20.489999771118164
2024-04-12,17.693355560302734,18.568883096706394,4.004448326272836,64.68253968253968,64.68253968253968,18.389999389648438
2024-04-15,17.856916427612305,18.472673432078356,-5.54371232184109,52.77777777777778,52.77777777777778,18.559999465942383
2024-04-16,17.279645919799805,17.452827528788998,-17.769945916494116,38.2936507936508,38.2936507936508,17.959999084472656
2024-04-17,17.2219181060791,17.55865989575647,-24.82952795455957,29.166666666666668,29.166666666666668,17.899999618530273
2024-04-18,18.097444534301758,17.87615776786281,-14.312668293310754,43.25396825396825,43.25396825396825,18.809999465942383
2024-04-19,18.058961868286133,17.818432280807933,-9.279697093873073,48.01587301587302,48.01587301587302,18.770000457763672
2024-04-22,18.828657150268555,18.222523354253806,4.47839208480607,65.07936507936508,65.07936507936508,19.56999969482422
2024-04-23,19.723424911499023,19.261608573506237,21.079429643335214,78.76984126984127,78.76984126984127,20.5
2024-04-24,20.781753540039062,20.68554135277463,31.897657855345717,89.0873015873016,89.0873015873016,21.600000381469727
2024-04-25,21.253190994262695,20.42576876245058,37.857210352405666,94.44444444444444,94.44444444444444,22.09000015258789
2024-04-26,22.330764770507812,22.465462579819622,39.616751524057555,96.03174603174604,96.03174603174604,23.209999084472656
2024-04-29,22.86955451965332,22.35963111345775,41.789226758324425,98.80952380952381,98.80952380952381,23.770000457763672
2024-04-30,21.37826919555664,21.9266781995941,36.690990570552124,93.45238095238095,93.45238095238095,22.219999313354492
2024-05-01,21.801603317260742,21.551452307082066,35.8355498417831,92.46031746031747,92.46031746031747,22.65999984741211
2024-05-02,25.390302658081055,23.745081161151695,39.137660247691656,95.43650793650794,95.43650793650794,26.389999389648438
2024-05-03,26.025300979614258,25.880983592213774,41.811501222464855,98.80952380952381,98.80952380952381,27.049999237060547
2024-05-06,25.8809814453125,26.217723211376704,41.99444283749301,99.0079365079365,99.0079365079365,26.899999618530273
2024-05-07,24.890003204345703,25.015077785832993,39.527162684282374,95.03968253968253,95.03968253968253,25.8700008392334
2024-05-08,24.524394989013672,23.899018467605984,37.04701561824671,92.65873015873017,92.65873015873017,25.489999771118164
2024-05-09,26.08302879333496,25.93870957421072,39.70234497684435,95.63492063492063,95.63492063492063,27.110000610351562
2024-05-10,27.131738662719727,27.51658564220682,40.672030342125574,96.62698412698413,96.62698412698413,28.200000762939453
2024-05-13,28.86355209350586,28.141963291168214,42.15961399000758,99.0079365079365,99.0079365079365,30.0
2024-05-14,27.814842224121094,27.8052208201079,40.60703589440032,96.23015873015873,96.23015873015873,28.90999984741211
2024-05-15,28.709609985351562,28.65188340164758,41.44324332243561,97.61904761904762,97.61904761904762,29.84000015258789
2024-05-16,31.211116790771484,29.825667739618915,42.82663785933402,99.40476190476191,99.40476190476191,32.439998626708984
2024-05-17,31.759523391723633,31.36505503648007,42.83950278095441,99.40476190476191,99.40476190476191,33.0099983215332
2024-05-20,30.72043800354004,30.80702879844953,40.67786116930438,95.83333333333334,95.83333333333334,31.93000030517578
2024-05-21,29.363853454589844,29.306125030410108,36.386567581683586,90.47619047619048,90.47619047619048,30.520000457763672
2024-05-22,28.132341384887695,28.940520975891044,30.19594560733953,83.92857142857143,83.92857142857143,29.239999771118164
2024-05-23,26.429391860961914,27.564691869738542,20.80151464957883,74.0079365079365,74.0079365079365,27.469999313354492
2024-05-24,26.28507423400879,25.957953833197067,13.845666059550751,68.45238095238095,68.45238095238095,27.31999969482422
2024-05-28,26.16961669921875,26.506356613047732,9.602091660122449,64.0873015873016,64.0873015873016,27.200000762939453
2024-05-29,24.9862117767334,24.7071984219017,0.7274021881776008,56.34920634920635,56.34920634920635,25.969999313354492
2024-05-30,25.005455017089844,24.110684682278396,-3.9113143459206254,50.595238095238095,50.595238095238095,25.989999771118164
2024-05-31,23.620006561279297,23.331371768287045,-17.606272349061296,35.91269841269841,35.91269841269841,24.549999237060547
2024-06-03,23.908641815185547,24.514775579669028,-22.846205500243222,29.365079365079367,29.365079365079367,24.850000381469727
2024-06-04,24.437801361083984,24.57249915390649,-22.17400161175288,30.753968253968257,30.753968253968257,25.399999618530273
2024-06-05,25.02469825744629,24.74568305784639,-17.577048334652133,36.507936507936506,36.507936507936506,26.010000228881836
2024-06-06,25.015077590942383,25.053563206543352,-15.142984307297288,39.88095238095239,39.88095238095239,26.0
2024-06-07,23.24477767944336,23.947123588903143,-25.00661950514282,26.785714285714285,26.785714285714285,24.15999984741211
2024-06-10,23.73546028137207,23.34099189614616,-26.895817016478475,25.595238095238095,25.595238095238095,24.670000076293945
2024-06-11,23.196674346923828,23.57189992171248,-30.669559546073444,20.238095238095237,20.238095238095237,24.110000610351562
2024-06-12,23.013870239257812,23.45644378467861,-33.729209742446926,15.277777777777779,15.277777777777779,23.920000076293945
2024-06-13,22.96576499938965,23.360233361953583,-34.89643580715569,14.285714285714285,14.285714285714285,23.8700008392334
2024-06-14,22.369251251220703,22.513568634209562,-37.65360711074295,8.333333333333332,8.333333333333332,23.25
2024-06-17,23.196674346923828,22.93690194818008,-33.31301514301215,16.46825396825397,16.46825396825397,24.110000610351562
2024-06-18,23.34099006652832,22.98500548978984,-29.635846655022398,22.817460317460316,22.817460317460316,24.260000228881836
2024-06-20,24.110685348510742,24.360836339839782,-20.151110955320426,35.51587301587302,35.51587301587302,25.059999465942383
2024-06-21,22.94651985168457,23.42757896037777,-24.043860882939004,29.761904761904763,29.761904761904763,23.850000381469727
2024-06-24,23.61038589477539,23.408340080993494,-19.386058672776358,36.507936507936506,36.507936507936506,24.540000915527344
2024-06-25,23.126014709472656,23.29037191066186,-20.322063251106332,35.714285714285715,35.714285714285715,23.920000076293945
2024-06-26,23.106678009033203,23.17435417785539,-20.99937791402012,34.32539682539682,34.32539682539682,23.899999618530273
2024-06-27,21.492111206054688,22.275225913670926,-30.79409948695045,20.833333333333336,20.833333333333336,22.229999542236328
2024-06-28,21.6177978515625,22.00452015290655,-34.674626011003184,14.880952380952381,14.880952380952381,22.360000610351562
2024-07-01,21.907838821411133,22.23655323413437,-33.75708615803355,15.873015873015872,15.873015873015872,22.65999984741211
2024-07-02,22.787633895874023,22.323567116905398,-22.862119988255333,31.746031746031743,31.746031746031743,23.56999969482422
2024-07-03,23.95746612548828,23.251695967482828,-3.2745178715321064,55.75396825396825,55.75396825396825,24.780000686645508
2024-07-05,22.777963638305664,22.748960619650866,-6.01597348305115,53.769841269841265,53.769841269841265,23.559999465942383
2024-07-08,22.159210205078125,22.18821507067418,-14.39239121979875,44.047619047619044,44.047619047619044,22.920000076293945
2024-07-09,22.83597183227539,22.014185884815788,-8.643373740839557,49.801587301587304,49.801587301587304,23.6200008392334
2024-07-10,22.565269470214844,22.623277358312855,-9.171674545297627,49.60317460317461,49.60317460317461,23.34000015258789
2024-07-11,24.015474319458008,23.63842036337216,9.520891235363402,69.24603174603175,69.24603174603175,24.84000015258789
2024-07-12,24.634231567382812,25.301328633433283,17.87638827206131,75.79365079365078,75.79365079365078,25.479999542236328
2024-07-15,23.019664764404297,23.754438005989414,7.203340533483707,68.05555555555556,68.05555555555556,23.809999465942383
2024-07-16,23.048669815063477,22.34290142972535,1.908077649919655,62.698412698412696,62.698412698412696,23.84000015258789
2024-07-17,22.0528564453125,22.50725669485058,-11.313830987804165,47.023809523809526,47.023809523809526,22.809999465942383
2024-07-18,21.501781463623047,22.149542046776997,-23.320297648519112,30.753968253968257,30.753968253968257,22.239999771118164
2024-07-19,20.93136215209961,21.134392493418844,-31.632279422384023,19.246031746031747,19.246031746031747,21.649999618530273
2024-07-22,22.26555824279785,22.081864459424423,-22.853486290438077,31.944444444444443,31.944444444444443,23.030000686645508
2024-07-23,21.279417037963867,21.221409148615113,-26.951682813485277,27.380952380952383,27.380952380952383,22.010000228881836
2024-07-24,20.55430793762207,20.931361910529777,-32.743507980625445,17.857142857142858,17.857142857142858,21.260000228881836
2024-07-25,19.848539352416992,19.964555107024935,-37.088849318220134,9.325396825396826,9.325396825396826,20.530000686645508
2024-07-26,20.148250579833984,19.73252342845914,-36.710353040914214,10.515873015873016,10.515873015873016,20.84000015258789
2024-07-29,20.20625877380371,20.215927061663606,-35.86656315379109,11.904761904761903,11.904761904761903,20.899999618530273
2024-07-30,19.59716796875,19.722852000906194,-38.53023182193919,6.944444444444445,6.944444444444445,20.270000457763672
2024-07-31,20.438289642333984,20.892689895802523,-33.09534142821281,17.857142857142858,17.857142857142858,21.139999389648438
2024-08-01,19.577831268310547,20.428620161433678,-36.319777810685096,11.11111111111111,11.11111111111111,20.25
2024-08-02,19.2587890625,19.22011591031639,-37.559258436383594,8.928571428571429,8.928571428571429,19.920000076293945
2024-08-05,18.94940948486328,17.895590156906586,-37.01767560608931,10.515873015873016,10.515873015873016,19.600000381469727
2024-08-06,18.369325637817383,18.011606379809802,-39.212418260489365,6.15079365079365,6.15079365079365,19.0
2024-08-07,18.543352127075195,19.33613329721503,-39.38490237604456,6.15079365079365,6.15079365079365,19.18000030517578
2024-08-08,19.82920265197754,19.287791497845333,-29.262239760256847,25.793650793650798,25.793650793650798,20.510000228881836
2024-08-09,19.72285270690918,19.64550825880511,-24.57508053889402,30.753968253968257,30.753968253968257,20.399999618530273
2024-08-12,20.186922073364258,20.003230137273217,-15.148531228367029,43.452380952380956,43.452380952380956,20.8799991607666
2024-08-13,20.563976287841797,20.360945948241593,-4.75727091757906,55.158730158730165,55.158730158730165,21.270000457763672
2024-08-14,19.403806686401367,20.10957500798077,-10.316950208538819,47.61904761904761,47.61904761904761,20.06999969482422
2024-08-15,20.534975051879883,20.061239967898352,-0.19407374959262175,59.92063492063492,59.92063492063492,21.239999771118164
2024-08-16,21.79182243347168,21.192401508520863,15.753655928347744,74.40476190476191,74.40476190476191,22.540000915527344
2024-08-19,22.420244216918945,22.159206008107734,26.22864442107678,82.73809523809523,82.73809523809523,23.190000534057617
2024-08-20,20.902359008789062,21.74347969822578,20.703819562676102,77.57936507936508,77.57936507936508,21.6200008392334
2024-08-21,21.530780792236328,20.931359962144555,22.652616461033553,79.36507936507937,79.36507936507937,22.270000457763672
2024-08-22,21.00870704650879,21.762816860913542,19.393516375651306,76.38888888888889,76.38888888888889,21.729999542236328
2024-08-23,22.081863403320312,21.579123517099234,25.643183808196397,82.53968253968253,82.53968253968253,22.84000015258789
2024-08-26,21.472774505615234,21.376095317221704,24.185881311238365,80.75396825396825,80.75396825396825,22.209999084472656
2024-08-27,22.13020133972168,22.313895100554685,28.26605106890236,84.52380952380952,84.52380952380952,22.889999389648438
2024-08-28,21.076385498046875,21.56945714044089,21.975850095475934,78.57142857142857,78.57142857142857,21.799999237060547
2024-08-29,21.5694522857666,21.559783999577586,22.569986371918972,78.57142857142857,78.57142857142857,22.309999465942383
2024-08-30,21.83049201965332,22.28489043834666,25.19324600331055,81.74603174603175,81.74603174603175,22.579999923706055
2024-09-03,20.670324325561523,20.815346790994347,15.833999046186223,72.42063492063492,72.42063492063492,21.3799991607666
2024-09-04,20.670324325561523,20.738002336647558,10.715145190237939,67.65873015873017,67.65873015873017,21.3799991607666
2024-09-05,20.331947326660156,20.447963108052207,3.040863671485538,61.70634920634921,61.70634920634921,21.030000686645508
2024-09-06,19.539161682128906,20.264266675966123,-12.530027463221035,44.24603174603175,44.24603174603175,20.209999084472656
2024-09-09,19.577831268310547,19.297456503280923,-19.979697078128307,36.11111111111111,36.11111111111111,20.25
2024-09-10,19.384471893310547,19.539160804188963,-25.793740471861565,27.579365079365083,27.579365079365083,20.049999237060547
2024-09-11,19.95488929748535,19.519827397637936,-21.315152957021585,33.92857142857143,33.92857142857143,20.639999389648438
2024-09-12,19.945220947265625,19.8582100427971,-19.056670789225606,37.10317460317461,37.10317460317461,20.6299991607666
2024-09-13,20.264263153076172,20.42862033020103,-13.778483863672708,42.06349206349206,42.06349206349206,20.959999084472656
2024-09-16,20.573646545410156,20.670325736916894,-6.627471198777676,50.39682539682539,50.39682539682539,21.280000686645508
2024-09-17,21.385761260986328,21.327751541463304,6.236595023870836,64.48412698412699,64.48412698412699,22.1200008392334
2024-09-18,21.076385498046875,21.627466870631327,10.622974520331287,67.46031746031747,67.46031746031747,21.799999237060547
2024-09-19,23.27103042602539,22.864971652519422,25.74457777752808,82.34126984126983,82.34126984126983,24.06999969482422
2024-09-20,23.26136589050293,23.638421712140048,31.00407542643715,86.70634920634922,86.70634920634922,24.059999465942383
2024-09-23,24.62456512451172,24.17016665524654,34.836261697747034,89.68253968253968,89.68253968253968,25.469999313354492
2024-09-24,31.797048568725586,29.193273197148216,39.08748285811438,93.45238095238095,93.45238095238095,32.849998474121094
2024-09-25,29.261030197143555,28.9512875284331,36.28341067173808,90.47619047619048,90.47619047619048,30.229999542236328
2024-09-26,36.152809143066406,36.07537532418158,39.58706910040159,94.04761904761905,94.04761904761905,37.349998474121094
2024-09-27,37.10139846801758,35.649478430358265,41.0028372787356,96.62698412698413,96.62698412698413,38.33000183105469
2024-09-30,35.74626922607422,39.269594357129876,38.64907277056882,92.26190476190477,92.26190476190477,36.93000030517578
2024-10-01,40.12139129638672,36.53030993962951,41.34306925321836,97.22222222222221,97.22222222222221,41.45000076293945
2024-10-02,48.87162780761719,47.50682318371656,42.841559513510965,99.40476190476191,99.40476190476191,50.4900016784668
2024-10-03,45.2418327331543,43.5576037629857,40.52953608703469,94.84126984126983,94.84126984126983,46.7400016784668
2024-10-04,50.168678283691406,49.568548682506595,42.07898864369521,98.21428571428571,98.21428571428571,51.83000183105469
2024-10-07,56.6926383972168,53.80815765021066,42.88039483446979,99.40476190476191,99.40476190476191,58.56999969482422
2024-10-08,39.45350646972656,40.644084178237605,29.976701594677802,83.53174603174604,83.53174603174604,40.7599983215332
2024-10-09,37.546653747558594,35.71723505739762,20.233966924680562,73.01587301587301,73.01587301587301,38.790000915527344
2024-10-10,38.84369659423828,39.18247641420714,16.244704450087486,69.64285714285714,69.64285714285714,40.130001068115234
2024-10-11,39.43415069580078,36.54966624293382,14.688196113861451,67.85714285714286,67.85714285714286,40.7400016784668
2024-10-14,36.99492645263672,37.740245903020025,9.99231400322659,63.888888888888886,63.888888888888886,38.220001220703125
2024-10-15,31.148521423339844,34.139476520861294,-1.9213202016713016,50.595238095238095,50.595238095238095,32.18000030517578
2024-10-16,32.82307815551758,32.65852896027443,-5.304281693441393,47.61904761904761,47.61904761904761,33.90999984741211
2024-10-17,30.40320587158203,30.974294575515035,-12.033649001554565,40.07936507936508,40.07936507936508,31.40999984741211
2024-10-18,34.24595260620117,35.00094979168087,-9.07236822072726,43.05555555555556,43.05555555555556,35.380001068115234
2024-10-21,32.86178970336914,32.610121505100366,-10.42940806442793,40.67460317460318,40.67460317460318,33.95000076293945
2024-10-22,33.568389892578125,32.86178928590122,-12.778131923770172,38.492063492063494,38.492063492063494,34.68000030517578
2024-10-23,33.23929214477539,34.53634096096638,-14.708102021968413,35.91269841269841,35.91269841269841,34.34000015258789
2024-10-24,32.61012268066406,32.89082810715091,-18.069404107970364,32.142857142857146,32.142857142857146,33.689998626708984
2024-10-25,32.60044479370117,33.26832668010065,-19.915873231533407,30.158730158730158,30.158730158730158,33.68000030517578
2024-10-28,34.168514251708984,33.055377876830846,-17.002673981069563,33.730158730158735,33.730158730158735,35.29999923706055
2024-10-29,33.50063705444336,34.9138383998981,-17.025294729254707,33.53174603174603,33.53174603174603,34.61000061035156
2024-10-30,32.27134323120117,31.5453832038278,-20.30001232518327,29.166666666666668,29.166666666666668,33.34000015258789
2024-10-31,31.922880172729492,31.922880172729492,-23.18380493349576,23.809523809523807,23.809523809523807,32.97999954223633
2024-11-01,32.32941818237305,32.813391486346156,-23.397161099608024,23.214285714285715,23.214285714285715,33.400001525878906
2024-11-04,32.86178970336914,33.14249511973682,-21.860980764269026,26.785714285714285,26.785714285714285,33.95000076293945
2024-11-05,35.16550827026367,35.20422333520001,-9.29588232645962,42.06349206349206,42.06349206349206,36.33000183105469
2024-11-06,32.097110748291016,31.671215551802455,-13.413839560596157,37.10317460317461,37.10317460317461,33.15999984741211
2024-11-07,37.29499053955078,36.28832863284293,4.553610266920745,59.72222222222222,59.72222222222222,38.529998779296875
2024-11-08,31.100126266479492,32.52300530222119,-10.012951080724998,41.269841269841265,41.269841269841265,32.130001068115234
2024-11-11,30.877500534057617,31.245319481701003,-18.298786310699555,30.952380952380953,30.952380952380953,31.899999618530273
2024-11-12,27.45096778869629,28.157568405354176,-27.65684839498216,19.246031746031747,19.246031746031747,28.360000610351562
2024-11-13,27.257381439208984,27.98334153118979,-32.977554605714,11.706349206349206,11.706349206349206,28.15999984741211
2024-11-14,26.395906448364258,26.95731544980213,-35.712963752831264,7.341269841269842,7.341269841269842,27.270000457763672
2024-11-15,26.783084869384766,26.792764557787983,-36.04852399762915,6.944444444444445,6.944444444444445,27.670000076293945
2024-11-18,28.215646743774414,27.731673379914778,-31.500997218903827,14.285714285714285,14.285714285714285,29.149999618530273
2024-11-19,27.42192840576172,27.460647157781125,-31.502328272221558,14.285714285714285,14.285714285714285,28.329999923706055
2024-11-20,27.712312698364258,27.654236414373,-30.41031672097269,16.46825396825397,16.46825396825397,28.6299991607666
2024-11-21,27.22834014892578,27.141226643512006,-31.30595168159393,14.880952380952381,14.880952380952381,28.1299991607666
2024-11-22,25.379562377929688,25.379562377929688,-35.74036551453442,7.5396825396825395,7.5396825396825395,26.219999313354492
2024-11-25,25.41828155517578,25.137576115043093,-37.52237458776445,5.158730158730158,5.158730158730158,26.260000228881836
2024-11-26,24.95366859436035,25.43764198322234,-39.07871118523354,2.7777777777777777,2.7777777777777777,25.780000686645508
2024-11-27,26.937957763671875,26.957317141608236,-32.632923737646024,13.492063492063492,13.492063492063492,27.829999923706055
2024-11-29,26.889562606811523,26.23135849137876,-29.334713021503205,19.246031746031747,19.246031746031747,27.780000686645508
2024-12-02,27.1121883392334,27.06378989463071,-26.708012920214735,22.42063492063492,22.42063492063492,28.010000228881836
2024-12-03,27.460649490356445,27.29609847272003,-24.054469927796653,25.0,25.0,28.3700008392334
2024-12-04,26.86052131652832,27.56712197473714,-24.819786128368325,24.206349206349206,24.206349206349206,27.75
2024-12-05,27.160585403442383,26.94763778217404,-24.05922994468091,25.198412698412696,25.198412698412696,28.059999465942383
2024-12-06,28.08013343811035,28.457632052922733,-19.20726294061707,33.53174603174603,33.53174603174603,29.010000228881836
2024-12-09,34.758968353271484,33.93621507597139,6.9540217116410314,64.68253968253968,64.68253968253968,35.90999984741211
2024-12-10,30.374168395996094,30.819424863860313,6.860081376728185,64.28571428571429,64.28571428571429,31.3799991607666
2024-12-11,29.386863708496094,29.309428042903967,3.3216327407137785,61.30952380952381,61.30952380952381,30.360000610351562
2024-12-12,29.406219482421875,29.270707537289116,1.5750124670170766,59.12698412698413,59.12698412698413,30.3799991607666
2024-12-13,28.157569885253906,28.235005548050484,-5.238995039818046,51.19047619047619,51.19047619047619,29.09000015258789
2024-12-16,26.86052131652832,27.025072331775345,-14.49515276378795,39.08730158730159,39.08730158730159,27.75
2024-12-17,28.118850708007812,27.189622768418985,-13.535362005244384,40.27777777777778,40.27777777777778,29.049999237060547
2024-12-18,26.46366310119629,27.731672769666055,-20.112040813148184,32.142857142857146,32.142857142857146,27.34000015258789
2024-12-19,26.908918380737305,27.19930350773661,-21.563929189969265,29.96031746031746,29.96031746031746,27.799999237060547
2024-12-20,27.383214950561523,26.725010852983864,-20.143322946609487,32.34126984126984,32.34126984126984,28.290000915527344
2024-12-23,28.163131713867188,27.595563477048273,-15.315045925752852,38.88888888888889,38.88888888888889,28.780000686645508
2024-12-24,29.112340927124023,29.01448394567229,-8.457973395821277,48.61111111111111,48.61111111111111,29.75
2024-12-26,29.40591049194336,28.779628786628372,-3.577116532375007,54.166666666666664,54.166666666666664,30.049999237060547
2024-12-27,28.52519989013672,28.466486449940994,-7.037289505392311,49.60317460317461,49.60317460317461,29.149999618530273
2024-12-30,27.46834945678711,28.075061245198867,-15.019210011881285,39.682539682539684,39.682539682539684,28.06999969482422
2024-12-31,27.341135025024414,27.54663299259602,-20.98713543625604,30.753968253968257,30.753968253968257,27.940000534057617
2025-01-02,25.843929290771484,26.254927107377796,-30.277180862867354,17.857142857142858,17.857142857142858,26.40999984741211
2025-01-03,26.979066848754883,26.675711882947322,-28.892977363453355,20.634920634920633,20.634920634920633,27.56999969482422
2025-01-06,26.020069122314453,27.38027521449483,-32.778190747136634,13.293650793650794,13.293650793650794,26.59000015258789
2025-01-07,25.129575729370117,25.46228832597911,-36.65921984350729,6.746031746031746,6.746031746031746,25.68000030517578
2025-01-08,24.767505645751953,24.39565137636201,-38.09829695779667,4.365079365079365,4.365079365079365,25.309999465942383
2025-01-10,22.614662170410156,23.573656458143063,-41.48456267917416,1.3888888888888888,1.3888888888888888,23.110000610351562
2025-01-13,22.87887191772461,22.653802189031442,-42.317462541935754,0.992063492063492,0.992063492063492,23.3799991607666
2025-01-14,24.434791564941406,24.51307676777372,-35.62319143348858,9.523809523809524,9.523809523809524,24.969999313354492
2025-01-15,25.354646682739258,25.276361471926503,-26.090805694823466,24.6031746031746,24.6031746031746,25.90999984741211
2025-01-16,25.354646682739258,25.34486079807933,-20.830060855612246,32.73809523809524,32.73809523809524,25.90999984741211
2025-01-17,26.77356719970703,25.88307226100468,-7.297877804799348,51.587301587301596,51.587301587301596,27.360000610351562
2025-01-21,27.615131378173828,28.026129165838963,5.224703078727303,68.25396825396825,68.25396825396825,28.219999313354492
2025-01-22,27.047563552856445,27.155206409768056,7.62900495718108,70.63492063492063,70.63492063492063,27.639999389648438
2025-01-23,27.15520668029785,26.81270820473052,9.593804260795778,71.82539682539682,71.82539682539682,27.75
2025-01-24,29.1514835357666,28.290344366239182,21.163493493358683,82.53968253968253,82.53968253968253,29.790000915527344
2025-01-27,29.885406494140625,30.02240513667989,28.930788212008117,88.88888888888889,88.88888888888889,30.540000915527344
2025-01-28,30.883543014526367,29.64076558981649,34.380847192993365,91.86507936507937,91.86507936507937,31.559999465942383
2025-01-29,30.58018684387207,31.451109967916274,33.626898341028955,91.66666666666666,91.66666666666666,31.25
2025-01-30,32.54710388183594,30.76611590700104,35.63081962681719,92.65873015873017,92.65873015873017,33.2599983215332
2025-01-31,30.570402145385742,32.45903299025768,30.758044913856068,90.07936507936508,90.07936507936508,31.239999771118164
2025-02-03,30.081119537353516,28.945983091903692,26.582460672867047,87.3015873015873,87.3015873015873,30.739999771118164
2025-02-04,32.08718490600586,31.793615808035383,30.197989034603935,90.07936507936508,90.07936507936508,32.790000915527344
2025-02-05,30.570402145385742,30.903114740464364,26.973238758890933,87.3015873015873,87.3015873015873,31.239999771118164
2025-02-06,31.52939796447754,31.832751037805124,28.20505677829011,88.4920634920635,88.4920634920635,32.220001220703125
2025-02-07,32.94831466674805,33.271243231092946,31.259854179724545,90.87301587301587,90.87301587301587,33.66999816894531
2025-02-10,35.492591857910156,34.98373705282614,36.0445935304134,93.45238095238095,93.45238095238095,36.27000045776367
2025-02-11,34.504234313964844,34.43573499498882,36.10323044249431,93.45238095238095,93.45238095238095,35.2599983215332
2025-02-12,37.10722351074219,35.825304350601655,37.70145404861754,94.24603174603175,94.24603174603175,37.91999816894531
2025-02-13,37.10722351074219,35.003308704075934,38.48904312513468,94.64285714285714,94.64285714285714,37.91999816894531
2025-02-14,39.95485305786133,40.41477655657294,39.594518093623584,96.03174603174604,96.03174603174604,40.83000183105469
2025-02-18,40.70834732055664,41.61841407103671,39.97675982904896,96.42857142857143,96.42857142857143,41.599998474121094
2025-02-19,39.83741760253906,40.58112979022572,38.29228944029698,93.84920634920636,93.84920634920636,40.709999084472656
2025-02-20,42.22513198852539,41.814132253470596,38.26716378602896,93.65079365079364,93.65079365079364,43.150001525878906
2025-02-21,43.99633026123047,44.34861464890391,38.69075035216658,94.64285714285714,94.64285714285714,44.959999084472656
2025-02-24,39.543853759765625,42.450196110205674,30.117354949321935,87.6984126984127,87.6984126984127,40.40999984741211
2025-02-25,40.796417236328125,41.06063051749311,27.348746224179077,85.71428571428571,85.71428571428571,41.689998626708984
2025-02-26,44.299686431884766,44.867252811295806,31.621322969535854,89.0873015873016,89.0873015873016,45.27000045776367
2025-02-27,43.03733444213867,43.33090351062768,31.63794515565034,89.0873015873016,89.0873015873016,43.97999954223633
2025-02-28,39.935279846191406,39.181783577440655,25.133974243451497,82.93650793650794,82.93650793650794,40.810001373291016
2025-03-03,37.6258659362793,39.90592292602483,15.010218263561137,74.0079365079365,74.0079365079365,38.45000076293945
2025-03-04,39.29921340942383,38.32064733475398,14.2541564501255,73.61111111111111,73.61111111111111,40.15999984741211
2025-03-05,45.102108001708984,42.254481033420326,24.855504642329983,82.73809523809523,82.73809523809523,46.09000015258789
2025-03-06,45.57181930541992,46.883097923052325,29.03255622664112,86.70634920634922,86.70634920634922,46.56999969482422
2025-03-07,45.65010452270508,46.05131642573734,31.169297911813416,88.4920634920635,88.4920634920635,46.650001525878906
2025-03-10,41.814125061035156,42.81226283684032,23.083482655685636,80.55555555555556,80.55555555555556,42.72999954223633
2025-03-11,43.448333740234375,44.08439942751476,21.575610614630527,78.96825396825396,78.96825396825396,44.400001525878906
2025-03-12,43.22325897216797,43.40918890358509,20.212630626258647,77.18253968253968,77.18253968253968,44.16999816894531
2025-03-13,44.18225860595703,42.1468394322091,21.433855542132616,78.57142857142857,78.57142857142857,45.150001525878906
2025-03-14,47.77359390258789,47.67573879149812,29.405712332118306,86.5079365079365,86.5079365079365,48.81999969482422
2025-03-17,51.218143463134766,47.64637614849743,34.487353419760716,90.67460317460318,90.67460317460318,52.34000015258789
2025-03-18,51.0322151184082,51.93249398882896,35.73726958816931,91.26984126984127,91.26984126984127,52.150001525878906
2025-03-19,50.37657928466797,51.883571881975094,35.11900894121027,90.87301587301587,90.87301587301587,51.47999954223633
2025-03-20,46.01217269897461,46.18831487351703,25.021864373624275,81.54761904761905,81.54761904761905,47.02000045776367
2025-03-21,43.50704574584961,43.21347667703981,12.012422286939366,68.65079365079364,68.65079365079364,44.459999084472656
2025-03-24,43.86912155151367,44.74982883180117,5.81175920879337,62.89682539682539,62.89682539682539,44.83000183105469
2025-03-25,42.50050354003906,43.13820881119002,-1.4121312590313209,52.57936507936508,52.57936507936508,43.31999969482422
2025-03-26,42.27486038208008,42.51032191405316,-6.355069898863731,48.01587301587302,48.01587301587302,43.09000015258789
2025-03-27,43.88383483886719,42.686912580417385,-3.5557667742619765,50.99206349206349,50.99206349206349,44.72999954223633
2025-03-28,40.6658821105957,41.75488459871158,-13.333899218510807,38.69047619047619,38.69047619047619,41.45000076293945
2025-03-31,40.68550109863281,39.743658854621266,-18.21252615824842,32.34126984126984,32.34126984126984,41.470001220703125
2025-04-01,40.430419921875,40.21458425810059,-22.263354946447524,26.190476190476193,26.190476190476193,41.209999084472656
2025-04-02,39.7142333984375,40.37156085537174,-29.51766410280226,17.261904761904763,17.261904761904763,40.47999954223633
2025-04-03,38.576175689697266,37.703012589868436,-34.214439007578065,10.119047619047619,10.119047619047619,39.31999969482422
2025-04-04,30.923730850219727,32.27762618599533,-37.83997054510986,4.563492063492063,4.563492063492063,31.520000457763672
2025-04-07,22.60414695739746,24.546690310255016,-41.43102380015187,1.7857142857142856,1.7857142857142856,23.040000915527344
2025-04-08,21.93701171875,25.91039625806862,-43.16571546023729,0.7936507936507936,0.7936507936507936,22.360000610351562
2025-04-09,26.29301643371582,24.056149005376298,-40.90844289137707,2.380952380952381,2.380952380952381,26.799999237060547
2025-04-10,26.15566635131836,26.862045268087424,-39.79177882534762,2.976190476190476,2.976190476190476,26.65999984741211
2025-04-11,29.510971069335938,27.960860292862986,-35.74004946508103,8.73015873015873,8.73015873015873,30.079999923706055
2025-04-14,30.531295776367188,30.462618412513635,-31.975852374170717,14.880952380952381,14.880952380952381,31.1200008392334
2025-04-15,30.079998016357422,30.276215321720407,-30.436540341499153,17.658730158730158,17.658730158730158,30.65999984741211
2025-04-16,27.99028968811035,28.35328923379889,-32.227078302850686,14.880952380952381,14.880952380952381,28.530000686645508
2025-04-17,28.02953338623047,29.23626469888103,-32.08496104511857,15.079365079365079,15.079365079365079,28.56999969482422
2025-04-21,27.960859298706055,28.35329203741697,-31.56323083741293,15.873015873015872,15.873015873015872,28.5
2025-04-22,30.619592666625977,30.09961999081923,-25.144334898679656,24.6031746031746,24.6031746031746,31.209999084472656
2025-04-23,31.70859718322754,32.24819199831747,-18.004227532518595,35.714285714285715,35.714285714285715,32.31999969482422
2025-04-24,32.34629821777344,31.68897085450377,-12.078068776716187,43.84920634920635,43.84920634920635,32.970001220703125
2025-04-25,32.01272964477539,31.875378665169436,-9.603546700929838,46.62698412698413,46.62698412698413,32.630001068115234
2025-04-28,32.00292205810547,31.914624450416937,-6.8225081942819745,50.39682539682539,50.39682539682539,32.619998931884766
2025-04-29,31.561431884765625,31.708595801803337,-6.7469880197011,50.79365079365079,50.79365079365079,32.16999816894531
2025-04-30,31.600675582885742,31.72821739274933,-6.465069139805626,51.388888888888886,51.388888888888886,32.209999084472656
2025-05-01,31.43389320373535,31.69878600372868,-6.70789749053689,50.595238095238095,50.595238095238095,32.040000915527344
2025-05-02,34.46543502807617,34.62240810458681,6.213889567419647,65.67460317460318,65.67460317460318,35.130001068115234
2025-05-05,34.43600845336914,34.1024401161142,18.476486685700934,75.39682539682539,75.39682539682539,35.099998474121094
2025-05-06,35.534820556640625,35.39746956212015,25.74525975472188,82.73809523809523,82.73809523809523,36.220001220703125
2025-05-07,33.21946334838867,33.90622203914907,21.95091188744957,78.76984126984127,78.76984126984127,33.86000061035156
2025-05-08,34.59297561645508,34.63221982409386,24.163300853484373,80.55555555555556,80.55555555555556,35.2599983215332
2025-05-09,34.20054244995117,34.9755986568914,23.043258543037364,79.36507936507937,79.36507936507937,34.86000061035156
2025-05-12,37.60490417480469,37.76187726748638,29.405092340574672,85.71428571428571,85.71428571428571,38.33000183105469
2025-05-13,36.721927642822266,36.21176416356652,30.165332728718536,86.5079365079365,86.5079365079365,37.43000030517578
2025-05-14,38.34071731567383,38.64485058603481,32.95203490549208,88.88888888888889,88.88888888888889,39.08000183105469
2025-05-15,36.702308654785156,36.98682357473352,29.680558556583048,85.51587301587301,85.51587301587301,37.40999984741211
2025-05-16,36.2706298828125,36.51590056637486,26.50785356389601,82.34126984126983,82.34126984126983,36.970001220703125
2025-05-19,36.94757843017578,35.85857591358853,27.20169463518133,82.93650793650794,82.93650793650794,37.65999984741211
2025-05-20,38.11506271362305,37.81092946134657,30.451870239692262,86.70634920634922,86.70634920634922,38.849998474121094
2025-05-21,37.536224365234375,38.62522681645125,29.219046628135832,84.72222222222221,84.72222222222221,38.2599983215332
2025-05-22,37.00644302368164,37.04568348988206,25.948594644274557,81.15079365079364,81.15079365079364,37.720001220703125
2025-05-23,37.11436080932617,36.57476232343837,24.749774243596043,79.36507936507937,79.36507936507937,37.83000183105469
2025-05-27,36.09403991699219,36.14309331229995,18.682272041945648,72.81746031746032,72.81746031746032,36.790000915527344
2025-05-28,34.95597839355469,35.446519754004385,9.284539973986323,64.88095238095238,64.88095238095238,35.630001068115234
2025-05-29,36.0057373046875,36.614007555547346,10.163732060093034,66.26984126984127,66.26984126984127,36.70000076293945
2025-05-30,34.05337905883789,34.602786709115804,-1.857201666125845,53.37301587301587,53.37301587301587,34.709999084472656
2025-06-02,35.044273376464844,34.46543446457079,-5.839409961480384,49.801587301587304,49.801587301587304,35.720001220703125
2025-06-03,36.22157287597656,36.35892760296958,0.2813018167962024,55.75396825396825,55.75396825396825,36.91999816894531
2025-06-04,38.105255126953125,37.133981533083805,14.579329820019845,69.84126984126983,69.84126984126983,38.84000015258789
2025-06-05,38.939170837402344,39.18444151127935,23.934779936064565,78.37301587301587,78.37301587301587,39.689998626708984
2025-06-06,38.78219985961914,37.997334409143235,27.84622916705299,83.33333333333334,83.33333333333334,39.529998779296875
2025-06-09,40.1949577331543,39.82214527485915,32.807323277644514,88.69047619047619,88.69047619047619,40.970001220703125
2025-06-10,40.754180908203125,40.557963597298674,36.46946395947115,92.46031746031747,92.46031746031747,41.540000915527344
2025-06-11,41.411502838134766,41.80393744328703,37.11522760267065,92.85714285714286,92.85714285714286,42.209999084472656
2025-06-12,40.84247589111328,40.97001395386632,35.04672697211628,90.27777777777779,90.27777777777779,41.630001068115234
2025-06-13,38.635040283203125,38.73314706256163,24.6818577866606,78.17460317460318,78.17460317460318,39.380001068115234
2025-06-16,40.41080093383789,40.45985806998839,26.404722201152875,80.55555555555556,80.55555555555556,41.189998626708984
2025-06-17,39.125579833984375,40.01836495748584,21.210788967578644,73.80952380952381,73.80952380952381,39.880001068115234
2025-06-18,37.55584716796875,38.075823580022245,10.43483437808921,64.48412698412699,64.48412698412699,38.279998779296875
2025-06-20,36.81022644042969,37.722633727357255,0.0896824119681449,54.36507936507936,54.36507936507936,37.52000045776367
2025-06-23,38.3897705078125,37.71282098947986,3.455683592624842,58.730158730158735,58.730158730158735,39.130001068115234
2025-06-24,41.63483810424805,40.163396479899205,19.298294021850158,71.82539682539682,71.82539682539682,42.15999984741211
2025-06-25,41.47683334350586,41.8521009857099,26.65696487141449,81.34920634920636,81.34920634920636,42.0
2025-06-26,41.8027229309082,41.38795265466971,31.073863750801202,86.90476190476191,86.90476190476191,42.33000183105469
2025-06-27,40.66704559326172,40.686796917247484,28.864306963284697,83.33333333333334,83.33333333333334,41.18000030517578
2025-06-30,40.46953582763672,39.63999906213873,26.30552774243468,79.96031746031747,79.96031746031747,40.97999954223633
2025-07-01,40.74604797363281,40.272027489606856,26.26263893660335,79.76190476190477,79.76190476190477,41.2599983215332
2025-07-02,40.23252868652344,39.985642781829256,21.191642977601024,73.21428571428571,73.21428571428571,40.7400016784668
2025-07-03,38.89934539794922,38.91909672383704,7.6911911572014615,62.10317460317461,62.10317460317461,39.38999938964844
2025-07-07,38.9388427734375,38.79070973294123,0.8464860777987901,54.96031746031746,54.96031746031746,39.43000030517578
2025-07-08,40.054771423339844,40.01526877358828,5.4594527474686805,59.523809523809526,59.523809523809526,40.560001373291016
2025-07-09,38.39569854736328,39.00797456162134,-4.922845871533065,49.007936507936506,49.007936507936506,38.880001068115234
2025-07-10,39.452369689941406,39.13635602236258,-2.447318074345519,50.595238095238095,50.595238095238095,39.95000076293945
2025-07-11,39.31411361694336,39.580750851481845,-2.0283613210614075,50.595238095238095,50.595238095238095,39.810001373291016
2025-07-14,40.617671966552734,40.01526972859451,7.454532886287401,61.50793650793651,61.50793650793651,41.130001068115234
2025-07-15,42.997650146484375,42.09898560239554,22.164906524551675,74.40476190476191,74.40476190476191,43.540000915527344
2025-07-16,42.44462585449219,41.96073157299597,26.886337438794865,80.95238095238095,80.95238095238095,42.97999954223633
2025-07-17,42.79026412963867,41.61508488590752,30.94810636555415,86.5079365079365,86.5079365079365,43.33000183105469
2025-07-18,44.42959213256836,44.43946591187838,33.18457295328062,88.69047619047619,88.69047619047619,44.9900016784668
2025-07-21,44.933231353759766,44.92335757585646,35.21410034854549,90.47619047619048,90.47619047619048,45.5
2025-07-22,46.72068786621094,45.72326674633606,38.3967979855563,93.84920634920636,93.84920634920636,47.310001373291016
2025-07-23,47.87611389160156,47.806986140087005,39.92928030625708,96.23015873015873,96.23015873015873,48.47999954223633
2025-07-24,47.342838287353516,47.87611272938887,39.31349462715657,95.03968253968253,95.03968253968253,47.939998626708984
2025-07-25,46.37504577636719,46.00965570528781,36.02016881168458,90.67460317460318,90.67460317460318,46.959999084472656
2025-07-28,45.71339416503906,46.41454921717535,31.41370058923418,86.11111111111111,86.11111111111111,46.290000915527344
2025-07-29,44.74559783935547,46.22691310584755,24.94875386976983,76.19047619047619,76.19047619047619,45.310001373291016
2025-07-30,43.35316467285156,43.91606421212885,14.328873107148441,65.27777777777779,65.27777777777779,43.900001525878906
2025-07-31,42.039730072021484,41.75334152852119,1.1929397982335297,54.36507936507936,54.36507936507936,42.56999969482422
2025-08-01,40.03501510620117,40.4892842201579,-15.565627228089484,34.92063492063492,34.92063492063492,40.540000915527344
2025-08-04,41.95085144042969,42.168112236707564,-14.419732703270258,36.7063492063492,36.7063492063492,42.47999954223633
2025-08-05,42.58287811279297,43.00752215354744,-10.27140891514894,41.07142857142857,41.07142857142857,43.119998931884766
2025-08-06,43.06678009033203,42.76064019617078,-5.935671960683397,47.22222222222222,47.22222222222222,43.61000061035156
2025-08-07,42.898895263671875,43.37291576873575,-5.392761019364817,47.817460317460316,47.817460317460316,43.439998626708984
2025-08-08,42.56312942504883,42.227364436383596,-7.760374301674594,43.84920634920635,43.84920634920635,43.099998474121094
2025-08-11,41.516334533691406,42.00022879606133,-16.008444357276787,34.72222222222222,34.72222222222222,42.040000915527344
2025-08-12,43.57042694091797,42.148365370678356,-7.778674625920779,44.047619047619044,44.047619047619044,44.119998931884766
2025-08-13,47.40209197998047,46.64168296907337,12.832501130154004,65.47619047619048,65.47619047619048,48.0
2025-08-14,44.60734176635742,44.98260938212303,10.767183607891077,64.28571428571429,64.28571428571429,45.16999816894531
2025-08-15,44.68634796142578,44.77522703623515,10.146739099043542,63.29365079365079,63.29365079365079,45.25
2025-08-18,45.427005767822266,45.377629341075824,13.660214375584848,66.26984126984127,66.26984126984127,46.0
2025-08-19,44.18270492553711,45.03198930715995,8.505974172899414,61.70634920634921,61.70634920634921,44.7400016784668
2025-08-20,44.794979095458984,44.71597379780748,8.855285131185914,61.70634920634921,61.70634920634921,45.36000061035156
2025-08-21,44.63697052001953,44.153072508796136,8.206169202159673,61.30952380952381,61.30952380952381,45.20000076293945
2025-08-22,47.540348052978516,45.76277033569764,21.561484799520063,72.61904761904762,72.61904761904762,48.13999938964844
2025-08-25,47.25395965576172,48.02424622385686,24.61909423426572,76.19047619047619,76.19047619047619,47.849998474121094
2025-08-26,47.52059555053711,47.866238060468234,27.18957881760104,80.75396825396825,80.75396825396825,48.119998931884766
2025-08-27,43.97531509399414,43.99506641796207,10.960644548323652,63.69047619047619,63.69047619047619,44.529998779296875
2025-08-28,45.101112365722656,43.88643424467317,8.090180831671118,60.317460317460316,60.317460317460316,45.66999816894531
2025-08-29,46.217037200927734,45.41712933963566,11.76929269408544,63.888888888888886,63.888888888888886,46.79999923706055
2025-09-02,47.36259078979492,45.42700621184805,17.86177507414977,68.45238095238095,68.45238095238095,47.959999084472656
2025-09-03,46.187416076660156,46.01953170044664,14.405242044788169,66.07142857142857,66.07142857142857,46.77000045776367
2025-09-04,44.153072357177734,44.172823680749616,0.9852495490268706,52.77777777777778,52.77777777777778,44.709999084472656
2025-09-05,45.87139892578125,46.1182848147605,3.6268378195778177,55.158730158730165,55.158730158730165,46.45000076293945
2025-09-08,47.83660888671875,47.23421047707518,14.842032689188875,66.46825396825396,66.46825396825396,48.439998626708984
2025-09-09,49.65369415283203,49.1006721127401,24.52865819712518,75.79365079365078,75.79365079365078,50.279998779296875
2025-09-10,48.7846565246582,50.15734155904955,25.088270865290596,77.18253968253968,77.18253968253968,49.400001525878906
2025-09-11,52.487945556640625,50.34497391590086,32.61005012851376,87.3015873015873,87.3015873015873,53.150001525878906
2025-09-12,51.53989791870117,51.99417082710074,32.80839661472721,87.6984126984127,87.6984126984127,52.189998626708984
2025-09-15,52.54719161987305,53.001460750725265,34.75256889556019,89.0873015873016,89.0873015873016,53.209999084472656
2025-09-16,53.62361526489258,52.162051228793445,37.21540843223033,92.46031746031747,92.46031746031747,54.29999923706055
2025-09-17,55.90484619140625,55.92459751631316,39.06910877194623,94.44444444444444,94.44444444444444,56.61000061035156
2025-09-18,53.82112503051758,53.139721317508595,34.293935085894944,88.09523809523809,88.09523809523809,54.5
2025-09-19,53.11009216308594,54.01863420939571,29.529628667828423,82.34126984126983,82.34126984126983,53.779998779296875
2025-09-22,51.974422454833984,52.05342398653314,22.916168561392,71.82539682539682,71.82539682539682,52.630001068115234
2025-09-23,49.920326232910156,50.65111012528419,11.267179635401716,60.912698412698404,60.912698412698404,50.54999923706055
2025-09-24,51.53989791870117,51.62877699130328,11.010939491507576,60.71428571428571,60.71428571428571,52.189998626708984
2025-09-25,51.90529251098633,51.92504383487241,12.64623017371699,61.904761904761905,61.904761904761905,52.560001373291016
2025-09-26,50.68073654174805,50.4042255431132,8.098973615534414,56.94444444444444,56.94444444444444,51.31999969482422
2025-09-29,52.971839904785156,52.98171745074219,14.15785325787731,63.29365079365079,63.29365079365079,53.63999938964844
2025-09-30,53.61374282836914,54.40377695316851,19.337416585220765,67.46031746031747,67.46031746031747,54.290000915527344
2025-10-01,54.4827766418457,53.67299122038022,24.742296957956107,74.60317460317461,74.60317460317461,55.16999816894531
2025-10-02,55.91471862792969,56.5961261357297,30.3777096410766,83.73015873015873,83.73015873015873,56.619998931884766
2025-10-03,54.670413970947266,55.2135621942546,28.36267706103397,80.55555555555556,80.55555555555556,55.36000061035156
2025-10-06,54.56178665161133,53.771752485205006,26.058502300883063,76.5873015873016,76.5873015873016,55.25
2025-10-07,52.73482894897461,54.74941499943648,13.839442432994684,61.904761904761905,61.904761904761905,53.400001525878906
2025-10-08,53.129844665527344,52.68544929427477,9.2378056441367,56.15079365079365,56.15079365079365,53.79999923706055
2025-10-09,51.036251068115234,53.40635709975836,-7.521251619380065,38.69047619047619,38.69047619047619,51.68000030517578
2025-10-10,42.8791389465332,50.67086068662533,-25.168238636010408,19.246031746031747,19.246031746031747,43.41999816894531
2025-10-13,46.612060546875,47.45147113374077,-26.47090007968322,18.253968253968253,18.253968253968253,47.20000076293945
2025-10-14,46.3157958984375,45.130742836475335,-27.776328820759666,17.46031746031746,17.46031746031746,46.900001525878906
2025-10-15,47.619354248046875,47.9057390329026,-25.16288533452955,19.642857142857142,19.642857142857142,48.220001220703125
2025-10-16,48.310630798339844,48.43901252033859,-21.150827239261684,25.198412698412696,25.198412698412696,48.91999816894531
2025-10-17,48.261253356933594,46.138036935325154,-19.163788327458985,28.174603174603174,28.174603174603174,48.869998931884766
2025-10-20,50.00920867919922,47.974871218140436,-11.786357523008286,35.91269841269841,35.91269841269841,50.63999938964844
2025-10-21,47.94524002075195,48.62664750145227,-15.073671880585412,32.142857142857146,32.142857142857146,48.54999923706055
2025-10-22,47.224334716796875,47.35271643978713,-19.19152729005259,28.174603174603174,28.174603174603174,47.81999969482422
2025-10-23,49.64381790161133,48.88340886717151,-12.416892471949694,35.714285714285715,35.714285714285715,50.27000045776367
2025-10-24,50.117835998535156,50.53260248820779,-7.407375971649258,39.88095238095239,39.88095238095239,50.75
2025-10-27,52.03367233276367,52.250933136127436,2.1718062864346606,49.60317460317461,49.60317460317461,52.689998626708984
2025-10-28,51.214012145996094,50.4042266882987,4.092995144566321,51.19047619047619,51.19047619047619,51.86000061035156
2025-10-29,51.579402923583984,52.181805135736255,6.38950149928692,53.37301587301587,53.37301587301587,52.22999954223633
2025-10-30,48.52789306640625,48.54764439094206,-3.733334116246842,43.65079365079365,43.65079365079365,49.13999938964844
2025-10-31,46.91819763183594,46.25654518784297,-13.536193345528153,33.13492063492063,33.13492063492063,47.5099983215332
2025-11-03,47.303340911865234,47.47122151904368,-17.009536287218044,29.166666666666668,29.166666666666668,47.900001525878906
2025-11-04,45.69364547729492,45.53563864280734,-23.197037884103715,21.428571428571427,21.428571428571427,46.27000045776367
2025-11-05,46.987327575683594,46.14791323251891,-20.89922765196738,24.404761904761905,24.404761904761905,47.58000183105469
2025-11-06,48.32050704956055,48.78465373169096,-13.874091749415637,32.53968253968254,32.53968253968254,48.93000030517578
2025-11-07,47.53047180175781,46.47380051162514,-12.164607220693606,34.72222222222222,34.72222222222222,48.130001068115234
2025-11-10,50.33509826660156,49.70307096824956,-1.1282833219673682,45.83333333333333,45.83333333333333,50.970001220703125
2025-11-11,50.36472702026367,50.591861611626776,4.990242033591352,51.587301587301596,51.587301587301596,51.0
2025-11-12,50.90787124633789,51.115254495851055,10.929176331907295,58.730158730158735,58.730158730158735,51.54999923706055
2025-11-13,49.89070510864258,51.964545244265025,7.268777036391275,53.96825396825397,53.96825396825397,50.52000045776367
2025-11-14,47.9847412109375,48.06374273594768,-4.919340135859407,42.857142857142854,42.857142857142854,48.59000015258789
2025-11-17,46.28616714477539,46.82931536743868,-20.190093263867183,25.198412698412696,25.198412698412696,46.869998931884766
2025-11-18,45.752899169921875,44.745604193601494,-28.17560696195269,17.063492063492063,17.063492063492063,46.33000183105469
2025-11-19,44.39008331298828,44.89372886578232,-35.302795537535424,8.73015873015873,8.73015873015873,44.95000076293945
2025-11-20,42.50387954711914,44.92336224003796,-40.04123027554559,2.976190476190476,2.976190476190476,43.040000915527344
2025-11-21,42.918643951416016,41.71384332111126,-38.96870271651052,4.365079365079365,4.365079365079365,43.459999084472656
2025-11-24,45.012237548828125,44.16294947927594,-32.665698773742406,12.103174603174603,12.103174603174603,45.58000183105469
2025-11-25,45.86151885986328,46.08865341317838,-25.78074600048999,19.642857142857142,19.642857142857142,46.439998626708984
2025-11-26,45.02211380004883,45.35787878163717,-25.436064671365234,19.841269841269842,19.841269841269842,45.59000015258789
2025-11-28,45.525760650634766,45.13074545187549,-22.717019903200338,23.61111111111111,23.61111111111111,46.099998474121094
2025-12-01,45.989906311035156,45.377630318396676,-18.314911827846604,28.968253968253972,28.968253968253972,46.56999969482422
2025-12-02,45.34800338745117,45.555390420610344,-19.577323138985275,27.976190476190478,27.976190476190478,45.91999816894531
2025-12-03,44.41971206665039,43.55067261663176,-23.56653001158154,22.023809523809522,22.023809523809522,44.97999954223633
2025-12-04,44.76535415649414,45.00236251595741,-24.419448392660247,21.23015873015873,21.23015873015873,45.33000183105469
2025-12-05,46.63180923461914,46.681185660375384,-15.772436885383978,31.746031746031743,31.746031746031743,47.220001220703125
2025-12-08,45.160369873046875,45.39738200246319,-18.026832604777777,29.761904761904763,29.761904761904763,45.72999954223633
2025-12-09,42.9778938293457,42.66188020882827,-26.855153579502662,18.055555555555554,18.055555555555554,43.52000045776367
2025-12-10,43.8568115234375,43.44204501591866,-28.34890766198585,16.865079365079367,16.865079365079367,44.40999984741211
2025-12-11,44.153072357177734,43.50129374802465,-27.887548813602937,17.063492063492063,17.063492063492063,44.709999084472656
2025-12-12,43.777809143066406,44.95298465871645,-29.058821054074834,16.071428571428573,16.071428571428573,44.33000183105469
2025-12-15,42.59275436401367,43.451916197657035,-32.32925774646283,11.30952380952381,11.30952380952381,43.130001068115234
2025-12-16,41.299076080322266,41.032438836700194,-36.03089093538287,6.547619047619048,6.547619047619048,41.81999969482422
2025-12-17,41.06206130981445,42.48412262035079,-38.58895253767727,3.1746031746031744,3.1746031746031744,41.58000183105469
2025-12-18,42.207618713378906,42.53350617017802,-35.20716089757642,7.936507936507936,7.936507936507936,42.7400016784668
2025-12-19,43.392662048339844,42.849513851559834,-26.749945028004163,18.055555555555554,18.055555555555554,43.939998626708984
2025-12-22,43.54079818725586,43.254409634445786,-20.5992455921207,25.793650793650798,25.793650793650798,44.09000015258789
2025-12-23,43.141849517822266,42.62707713242845,-20.229166486862752,26.38888888888889,26.38888888888889,43.58000183105469
2025-12-24,43.23094177246094,43.07255055704764,-19.459057110275484,27.77777777777778,27.77777777777778,43.66999816894531
2025-12-26,44.45847702026367,43.60712281178819,-10.295799976580138,37.89682539682539,37.89682539682539,44.90999984741211
2025-12-29,42.90426254272461,42.082605497382254,-15.81415741432394,31.150793650793652,31.150793650793652,43.34000015258789
2025-12-30,43.45863342285156,43.8447117809554,-13.833135503166186,34.32539682539682,34.32539682539682,43.900001525878906
2025-12-31,42.161800384521484,42.607276840777914,-21.49043886415552,23.214285714285715,23.214285714285715,42.59000015258789
2026-01-02,47.24022674560547,45.903797311416824,5.31497581764054,52.38095238095239,52.38095238095239,47.720001220703125
2026-01-05,47.51741027832031,45.676110025820286,19.987699474385153,67.46031746031747,67.46031746031747,48.0
2026-01-06,47.5669059753418,48.12127711149888,24.49918392685894,73.21428571428571,73.21428571428571,48.04999923706055
2026-01-07,45.17123794555664,45.854299339805834,12.680409021625527,60.317460317460316,60.317460317460316,45.630001068115234
2026-01-08,45.58701705932617,44.13179886312644,9.055114966800863,55.952380952380956,55.952380952380956,46.04999923706055
2026-01-09,45.349430084228516,45.08214419654019,5.228702816843371,51.19047619047619,51.19047619047619,45.810001373291016
2026-01-12,49.833885192871094,46.933342912763436,21.867487451572163,69.64285714285714,69.64285714285714,50.34000015258789
2026-01-13,48.408363342285156,48.804339496370055,23.636560892986118,71.82539682539682,71.82539682539682,48.900001525878906
2026-01-14,47.5669059753418,47.05213358669831,20.42732976220687,67.26190476190477,67.26190476190477,48.04999923706055
2026-01-15,47.477813720703125,47.11153472361759,18.160587344630432,64.88095238095238,64.88095238095238,47.959999084472656
2026-01-16,44.8742561340332,45.705807188424075,3.167539756369589,48.214285714285715,48.214285714285715,45.33000183105469
2026-01-20,43.498226165771484,44.05259728889092,-13.677779205980764,33.33333333333333,33.33333333333333,43.939998626708984
2026-01-21,44.98314666748047,44.77525890554472,-14.393454084678634,32.142857142857146,32.142857142857146,45.439998626708984
2026-01-22,45.33953094482422,45.438527821329934,-13.088951348025843,34.12698412698413,34.12698412698413,45.79999923706055
2026-01-23,45.2009391784668,44.76536425006239,-12.995706518625278,34.12698412698413,34.12698412698413,45.65999984741211
2026-01-26,45.23063278198242,44.85445600929452,-12.771970394862148,34.32539682539682,34.32539682539682,45.689998626708984
2026-01-27,46.98284149169922,46.83435184095099,-2.417814641999726,44.24603174603175,44.24603174603175,47.459999084472656
2026-01-28,48.85383605957031,49.2399181912203,12.866588428117298,59.72222222222222,59.72222222222222,49.349998474121094
2026-01-29,49.90317916870117,50.655536489117445,22.035742747987403,69.84126984126983,69.84126984126983,50.40999984741211
2026-01-30,45.65631103515625,47.20062824165569,5.233399375181143,50.198412698412696,50.198412698412696,46.119998931884766
2026-02-02,44.00310134887695,43.95360480314064,-15.023451492238546,30.158730158730158,30.158730158730158,44.45000076293945
2026-02-03,42.567684173583984,42.567684173583984,-26.247139404935467,15.079365079365079,15.079365079365079,43.0
2026-02-04,41.0926628112793,42.54788485264437,-33.79054079054326,6.944444444444445,6.944444444444445,41.5099983215332
2026-02-05,40.83527755737305,41.97371710890438,-38.205247457052735,2.579365079365079,2.579365079365079,41.25
2026-02-06,43.99319839477539,42.61717407418353,-29.251252588944972,12.698412698412698,12.698412698412698,44.439998626708984
2026-02-09,44.5673713684082,43.626921871036146,-21.98699916140558,21.03174603174603,21.03174603174603,45.02000045776367
2026-02-10,45.00294876098633,44.567373836844894,-16.15745449499105,28.57142857142857,28.57142857142857,45.459999084472656
2026-02-11,44.804954528808594,44.260484981277635,-13.736175430140493,32.53968253968254,32.53968253968254,45.2599983215332
2026-02-12,42.003414154052734,43.84471454060629,-24.221619851984446,18.055555555555554,18.055555555555554,42.43000030517578
2026-02-13,40.9738655090332,40.34030065510675,-32.092101680468375,9.523809523809524,9.523809523809524,41.38999938964844
2026-02-17,41.548038482666016,41.13225916239833,-34.19371962426042,7.142857142857142,7.142857142857142,41.970001220703125
2026-02-18,42.15190505981445,42.25089815530569,-33.03279616855821,8.333333333333332,8.333333333333332,42.58000183105469
2026-02-19,41.73612594604492,41.73612594604492,-33.86105915408628,7.341269841269842,7.341269841269842,42.15999984741211
2026-02-20,42.310298919677734,39.64734143439754,-30.67416589023538,11.904761904761903,11.904761904761903,42.7400016784668
2026-02-23,41.92421340942383,42.91415945239813,-30.63985419706463,12.3015873015873,12.3015873015873,42.349998474121094
2026-02-24,40.904571533203125,40.191809150488645,-34.032025867669475,7.341269841269842,7.341269841269842,41.31999969482422
2026-02-25,41.112457275390625,40.89467171745746,-34.95495033609505,6.547619047619048,6.547619047619048,41.529998779296875
2026-02-26,37.796138763427734,37.98422714484611,-38.84987912712772,2.1825396825396823,2.1825396825396823,38.18000030517578
2026-02-27,37.4793586730957,37.53875302021123,-41.394696086973916,0.7936507936507936,0.7936507936507936,37.86000061035156
2026-03-02,36.24192428588867,35.00449176466245,-41.34843940653577,0.992063492063492,0.992063492063492,36.61000061035156
2026-03-03,33.77695846557617,32.955305200551685,-40.4171302536138,1.3888888888888888,1.3888888888888888,34.119998931884766
2026-03-04,34.222434997558594,33.96505068350908,-39.15318001654739,2.380952380952381,2.380952380952381,34.56999969482422
2026-03-05,32.45043182373047,32.22274467477477,-41.31987255515544,1.1904761904761905,1.1904761904761905,32.779998779296875
2026-03-06,33.01470184326172,32.58902470630754,-41.44408510137099,0.5952380952380952,0.5952380952380952,33.349998474121094
2026-03-09,34.81639862060547,33.489874620631355,-37.99146166037682,4.365079365079365,4.365079365079365,35.16999816894531
2026-03-10,35.093589782714844,34.98469510817476,-35.38551033324065,7.738095238095238,7.738095238095238,35.45000076293945
2026-03-11,34.46002197265625,34.64811035509997,-35.315277855787215,7.936507936507936,7.936507936507936,34.810001373291016
2026-03-12,33.87595748901367,34.33133179861928,-36.15229642672454,6.349206349206349,6.349206349206349,34.220001220703125
2026-03-13,34.06404495239258,34.88570202327284,-35.84579876759403,7.142857142857142,7.142857142857142,34.40999984741211
2026-03-16,35.796451568603516,35.836050319748885,-29.821731861155694,15.873015873015872,15.873015873015872,36.15999984741211
2026-03-17,35.78655242919922,36.30132106943792,-26.559283474846758,19.444444444444446,19.444444444444446,36.150001525878906
2026-03-18,33.88585662841797,35.12328932932285,-30.38098993905562,15.674603174603174,15.674603174603174,34.22999954223633
2026-03-19,33.78685760498047,32.9849999957585,-32.630926809654426,12.5,12.5,34.130001068115234
2026-03-20,30.90611457824707,32.31183802553387,-38.55238912440563,3.7698412698412698,3.7698412698412698,31.219999313354492
2026-03-23,31.470386505126953,31.36149183309589,-40.25555790719431,1.984126984126984,1.984126984126984,31.790000915527344
2026-03-24,31.36425018310547,30.9178891414603,-41.11031144052248,1.5873015873015872,1.5873015873015872,31.6200008392334
2026-03-25,33.030662536621094,32.871956798276855,-36.42062479781895,6.746031746031746,6.746031746031746,33.29999923706055
2026-03-26,30.1739559173584,30.600478278314466,-40.21769685949751,2.380952380952381,2.380952380952381,30.420000076293945
2026-03-27,29.856544494628906,30.312822998249835,-41.92130505031897,0.3968253968253968,0.3968253968253968,30.100000381469727
2026-03-30,30.21363067626953,30.66991106022696,-41.151485662750304,1.7857142857142856,1.7857142857142856,30.459999084472656
2026-03-31,32.54462814331055,30.679832864129494,-29.699624607201663,17.857142857142858,17.857142857142858,32.810001373291016
2026-04-01,31.69158172607422,31.74117655767697,-27.741647626709625,20.238095238095237,20.238095238095237,31.950000762939453
2026-04-02,31.582469940185547,30.45169116245758,-27.387255765644948,20.634920634920633,20.634920634920633,31.84000015258789
2026-04-06,31.572551727294922,30.90797076226867,-27.234505966802146,20.833333333333336,20.833333333333336,31.829999923706055
2026-04-07,31.36425018310547,30.987322660844768,-28.033034705140388,19.841269841269842,19.841269841269842,31.6200008392334
2026-04-08,33.68532180786133,34.12176539545232,-13.215590198305605,41.07142857142857,41.07142857142857,33.959999084472656
2026-04-09,33.506778717041016,32.75292742914391,-6.305785704844041,48.214285714285715,48.214285714285715,33.779998779296875
2026-04-10,33.3282356262207,33.88370760740026,-3.804495825352384,50.595238095238095,50.595238095238095,33.599998474121094
2026-04-13,33.92338180541992,32.802520494921204,1.7716393338714913,54.563492063492056,54.563492063492056,34.20000076293945
2026-04-14,35.113677978515625,34.09200628801849,12.74117477125456,65.47619047619048,65.47619047619048,35.400001525878906
2026-04-15,35.12359619140625,34.419339731458585,18.46237976395254,69.44444444444444,69.44444444444444,35.40999984741211
2026-04-16,36.04607391357422,36.44284013555638,25.808160141535563,78.96825396825396,78.96825396825396,36.34000015258789
2026-04-17,37.107418060302734,37.2661237874271,31.369137962767198,86.90476190476191,86.90476190476191,37.40999984741211
2026-04-20,37.23637008666992,36.988392135294404,34.79802224415882,89.68253968253968,89.68253968253968,37.540000915527344
2026-04-21,35.60963439941406,36.85944157675719,27.08953210020383,80.95238095238095,80.95238095238095,35.900001525878906
2026-04-22,35.212867736816406,35.302139947221214,20.339695050181607,70.63492063492063,70.63492063492063,35.5
2026-04-23,33.84402847290039,34.587962299081,7.987338070817346,59.523809523809526,59.523809523809526,34.119998931884766
2026-04-24,34.845863342285156,34.24079652586785,7.529896908816386,58.92857142857143,58.92857142857143,35.130001068115234
2026-04-27,33.65556716918945,33.784516760721026,-0.15607083011591438,52.182539682539684,52.182539682539684,33.93000030517578
2026-04-28,33.110015869140625,32.82236054835193,-8.27803673585798,45.03968253968254,45.03968253968254,33.380001068115234
2026-04-29,33.357994079589844,33.94322217866486,-11.180696049233392,42.857142857142854,42.857142857142854,33.630001068115234
2026-04-30,34.538368225097656,33.27863979773629,-4.579359023411614,49.801587301587304,49.801587301587304,34.81999969482422
2026-05-01,34.558204650878906,34.1713596835379,-0.9247742313834264,52.57936507936508,52.57936507936508,34.84000015258789
2026-05-04,33.824188232421875,33.88370429797066,-4.274861643349022,50.0,50.0,34.099998474121094
2026-05-05,33.63572692871094,34.092005420672066,-7.0831914931528805,46.42857142857143,46.42857142857143,33.90999984741211
2026-05-06,36.42300033569336,35.05416107381232,8.055271772283202,60.71428571428571,60.71428571428571,36.720001220703125
2026-05-07,35.59971237182617,36.70073502808357,9.520186474491583,62.5,62.5,35.88999938964844
2026-05-08,35.66914749145508,36.32380912941506,10.860947809045394,64.68253968253968,64.68253968253968,35.959999084472656
2026-05-11,36.29405212402344,36.373403098699214,16.005244285067878,69.64285714285714,69.64285714285714,36.59000015258789
2026-05-12,35.90720748901367,36.23453641151579,15.01400357622497,69.24603174603175,69.24603174603175,36.20000076293945
2026-05-13,38.545692443847656,35.3318966061177,27.91886290695716,83.73015873015873,83.73015873015873,38.86000061035156
2026-05-14,35.510440826416016,35.75841877043267,14.22621393536252,67.85714285714286,67.85714285714286,35.79999923706055
2026-05-15,32.5644645690918,33.59604991338208,-11.49326131371011,42.65873015873016,42.65873015873016,32.83000183105469
2026-05-18,32.3264045715332,32.89179397485528,-24.781158860191702,24.6031746031746,24.6031746031746,32.59000015258789
2026-05-19,32.66365432739258,32.44543253091352,-29.246094625865265,19.047619047619047,19.047619047619047,32.93000030517578
2026-05-20,32.554542541503906,32.495026475766124,-31.080934773628478,16.071428571428573,16.071428571428573,32.81999969482422
2026-05-21,31.54279327392578,30.858375520348943,-33.39578254021832,12.3015873015873,12.3015873015873,31.799999237060547
2026-05-22,30.570720672607422,29.707758485862737,-35.79289608986309,8.73015873015873,8.73015873015873,30.81999969482422
2026-05-26,31.106353759765625,30.888131959205047,-35.44642619546936,9.722222222222223,9.722222222222223,31.360000610351562
2026-05-27,30.06484603881836,29.529214652211113,-37.813395128510074,5.952380952380952,5.952380952380952,30.309999465942383
2026-05-28,29.22171974182129,28.48770526141948,-38.985332843658284,4.166666666666666,4.166666666666666,29.459999084472656
2026-05-29,29.340749740600586,29.182044010595135,-39.144169084053985,3.968253968253968,3.968253968253968,29.579999923706055
2026-06-01,29.995410919189453,29.658160774789607,-37.016407059660864,7.5396825396825395,7.5396825396825395,30.239999771118164
2026-06-02,32.6041374206543,32.77276438191318,-22.911681379164733,28.76984126984127,28.76984126984127,32.869998931884766
2026-06-03,30.41201400756836,30.92780857000002,-25.207356866650176,25.396825396825395,25.396825396825395,30.65999984741211
2026-06-04,30.25330924987793,30.709587759950455,-27.228106051405604,23.015873015873016,23.015873015873016,30.5
2026-06-05,28.32900047302246,29.757353994496338,-33.86154943949289,12.698412698412698,12.698412698412698,28.559999465942383
2026-06-08,28.180213928222656,28.943986463990065,-37.68194145682664,6.547619047619048,6.547619047619048,28.40999984741211
2026-06-09,28.180213928222656,28.904309084090748,-38.57814846671348,5.158730158730158,5.158730158730158,28.40999984741211
2026-06-10,28.27940559387207,28.596817066590404,-38.57715771651648,5.357142857142857,5.357142857142857,28.510000228881836
2026-06-11,28.656330108642578,27.49579327507554,-37.08776980828398,7.936507936507936,7.936507936507936,28.889999389648438
2026-06-12,29.539133071899414,29.678000113721357,-30.204020496301474,20.238095238095237,20.238095238095237,29.780000686645508
2026-06-15,29.787111282348633,30.03508922608204,-22.29338162574841,30.952380952380953,30.952380952380953,30.030000686645508
2026-06-16,28.368677139282227,28.190132717100592,-26.991211751163625,24.404761904761905,24.404761904761905,28.600000381469727
2026-06-17,26.18647003173828,27.327168175007042,-35.25209041044109,12.103174603174603,12.103174603174603,26.399999618530273
2026-06-18,25.35326385498047,25.64091917122363,-39.67967524274062,3.373015873015873,3.373015873015873,25.559999465942383
2026-06-22,25.631000518798828,25.631000518798828,-40.94617068460412,2.1825396825396823,2.1825396825396823,25.84000015258789
2026-06-23,24.25,24.059999465942383,-42.79811129035304,0.1984126984126984,0.1984126984126984,24.25
2026-06-24,23.200000762939453,23.209999084472656,-44.18268341388082,0.0,0.0,23.200000762939453
2026-06-25,21.719999313354492,22.049999237060547,-44.483108904613424,0.0,0.0,21.719999313354492
2026-06-26,21.450000762939453,20.700000762939453,-44.136350764377696,0.3968253968253968,0.3968253968253968,21.450000762939453
2026-06-29,21.719999313354492,21.75,-43.305825971014656,0.5952380952380952,0.5952380952380952,21.719999313354492
2026-06-30,21.469999313354492,21.469999313354492,-43.34677974869213,0.5952380952380952,0.5952380952380952,21.469999313354492
2026-07-01,22.270000457763672,21.149999618530273,-41.48761675523357,1.7857142857142856,1.7857142857142856,22.270000457763672
2026-07-02,22.079999923706055,22.270000457763672,-40.32957835302154,4.166666666666666,4.166666666666666,22.079999923706055
2026-07-06,23.299999237060547,23.0,-34.92377758226286,14.484126984126986,14.484126984126986,23.299999237060547
2026-07-07,23.260000228881836,23.360000610351562,-31.556944913361217,19.246031746031747,19.246031746031747,23.260000228881836
2026-07-08,25.290000915527344,25.31999969482422,-17.779869085424494,37.698412698412696,37.698412698412696,25.290000915527344
2026-07-09,25.209999084472656,24.8700008392334,-10.388369213236404,46.03174603174603,46.03174603174603,25.209999084472656
2026-07-10,25.360000610351562,25.299999237060547,-5.616544099288334,51.78571428571429,51.78571428571429,25.360000610351562
2026-07-13,25.25,25.549999237060547,-3.7138677899338726,53.769841269841265,53.769841269841265,25.25
2026-07-14,25.959999084472656,26.399999618530273,1.9467005397338275,57.738095238095234,57.738095238095234,25.959999084472656
2026-07-15,27.139999389648438,27.0,11.557969342978856,67.85714285714286,67.85714285714286,27.139999389648438
2026-07-16,27.719999313354492,28.030000686645508,22.994473907373777,78.17460317460318,78.17460317460318,27.719999313354492
2026-07-17,26.790000915527344,26.260000228881836,23.953852967410086,78.96825396825396,78.96825396825396,26.790000915527344
2026-07-20,28.889999389648438,28.950000762939453,31.23403938775646,90.27777777777779,90.27777777777779,28.889999389648438
2026-07-21,27.8700008392334,28.420000076293945,30.503774213828954,89.0873015873016,89.0873015873016,27.8700008392334
2026-07-22,27.389999389648438,27.690000534057617,27.385700261289326,85.11904761904762,85.11904761904762,27.389999389648438
2026-07-23,27.40999984741211,27.93000030517578,25.84743519309666,81.94444444444444,81.94444444444444,27.40999984741211
2026-07-24,27.700000762939453,27.520000457763672,26.979106163509798,84.12698412698413,84.12698412698413,27.700000762939453
2026-07-27,29.34000015258789,28.8700008392334,34.30228303331138,92.65873015873017,92.65873015873017,29.34000015258789
2026-07-28,30.25,29.68000030517578,38.786555811120685,97.42063492063492,97.42063492063492,30.25
2026-07-29,31.450000762939453,31.010000228881836,39.84662733024042,98.4126984126984,98.4126984126984,31.450000762939453
2026-07-30,32.470001220703125,31.8799991607666,42.07512490502518,99.40476190476191,99.40476190476191,32.470001220703125
2026-07-31,32.470001220703125,31.889999389648438,43.22536359836238,100.0,100.0,32.470001220703125
2026-08-03,32.2599983215332,32.13999938964844,43.15091878502958,99.8015873015873,99.8015873015873,32.2599983215332
2026-08-04,31.90999984741211,31.1200008392334,42.212413754944244,99.20634920634922,99.20634920634922,31.90999984741211
2026-08-05,31.290000915527344,32.11000061035156,38.99487627950224,96.42857142857143,96.42857142857143,31.290000915527344
2026-08-06,30.979999542236328,30.90999984741211,35.65793368664708,93.05555555555556,93.05555555555556,30.979999542236328
2026-08-07,31.5,31.219999313354492,36.01579388562775,93.25396825396825,93.25396825396825,31.5
2026-08-10,32.29999923706055,31.670000076293945,39.05171169703901,96.42857142857143,96.42857142857143,32.29999923706055
2026-08-11,30.06999969482422,30.450000762939453,27.48054138915062,82.93650793650794,82.93650793650794,30.06999969482422
2026-08-12,29.010000228881836,29.239999771118164,13.667303080400414,65.87301587301587,65.87301587301587,29.010000228881836
2026-08-13,28.09000015258789,28.639999389648438,-0.44874449602289573,52.182539682539684,52.182539682539684,28.09000015258789
2026-08-14,28.170000076293945,27.899999618530273,-7.0357176330456355,45.83333333333333,45.83333333333333,28.170000076293945
2026-08-17,28.59000015258789,28.790000915527344,-10.104866399379754,43.05555555555556,43.05555555555556,28.59000015258789
2026-08-18,28.530000686645508,28.790000915527344,-12.32818157895667,40.67460317460318,40.67460317460318,28.530000686645508
2026-08-19,30.020000457763672,29.649999618530273,-1.7091369904167621,51.388888888888886,51.388888888888886,30.020000457763672
2026-08-20,29.940000534057617,29.459999084472656,3.3794075475790346,54.96031746031746,54.96031746031746,29.940000534057617
2026-08-21,30.479999542236328,31.040000915527344,10.198435776420212,62.10317460317461,62.10317460317461,30.479999542236328
2026-08-24,29.600000381469727,29.309999465942383,4.74811580357061,55.75396825396825,55.75396825396825,29.600000381469727
2026-08-25,29.639999389648438,29.18000030517578,2.2424755246758012,54.166666666666664,54.166666666666664,29.639999389648438
2026-08-26,29.610000610351562,29.84000015258789,0.670588242820669,52.77777777777778,52.77777777777778,29.610000610351562
2026-08-27,28.860000610351562,29.030000686645508,-7.2514034780752885,45.23809523809524,45.23809523809524,28.860000610351562
2026-08-28,29.40999984741211,29.450000762939453,-6.185557247152214,47.42063492063492,47.42063492063492,29.40999984741211
2026-08-31,29.110000610351562,29.84000015258789,-8.49923150662356,43.84920634920635,43.84920634920635,29.110000610351562
2026-09-01,29.049999237060547,29.040000915527344,-10.116665384694222,42.857142857142854,42.857142857142854,29.049999237060547
2026-09-02,29.540000915527344,29.489999771118164,-5.554691010636484,48.61111111111111,48.61111111111111,29.540000915527344
2026-09-03,29.020000457763672,28.56999969482422,-8.738123694806731,44.047619047619044,44.047619047619044,29.020000457763672
2026-09-04,30.31999969482422,29.959999084472656,2.531895166465672,55.75396825396825,55.75396825396825,30.31999969482422
2026-09-08,28.049999237060547,28.350000381469727,-13.837416161238378,37.698412698412696,37.698412698412696,28.049999237060547
2026-09-09,27.010000228881836,27.8799991607666,-25.676796289871135,24.6031746031746,24.6031746031746,27.010000228881836
2026-09-10,26.5,26.81999969482422,-32.225273404683065,15.873015873015872,15.873015873015872,26.5
2026-09-11,26.780000686645508,27.1200008392334,-33.76659431617209,14.087301587301587,14.087301587301587,26.780000686645508
2026-09-14,27.610000610351562,27.15999984741211,-26.895257714584993,23.214285714285715,23.214285714285715,27.610000610351562
2026-09-15,26.56999969482422,26.860000610351562,-31.754208078428807,16.865079365079367,16.865079365079367,26.56999969482422
2026-09-16,25.43000030517578,26.190000534057617,-35.75072532805741,10.515873015873016,10.515873015873016,25.43000030517578
2026-09-17,26.040000915527344,26.020000457763672,-33.82896896422181,14.087301587301587,14.087301587301587,26.040000915527344
2026-09-18,26.31999969482422,26.06999969482422,-30.735629239917433,18.650793650793652,18.650793650793652,26.31999969482422
2026-09-21,27.64000008453889,27.510000920504012,-17.370645161558766,35.11904761904761,35.11904761904761,27.639999389648438
2026-09-22,27.860433888017308,28.350289163696583,-6.484283232798028,48.01587301587302,48.01587301587302,27.299999237060547
2026-09-23,26.339846295470977,26.66641518158776,-14.320671131389995,38.492063492063494,38.492063492063494,25.809999465942383
2026-09-24,26.03368845136252,26.41128299599601,-20.8894350613108,31.150793650793652,31.150793650793652,25.510000228881836
2026-09-25,25.40095977463318,25.431576337645666,-28.746433711057872,21.825396825396826,21.825396825396826,24.889999389648438
2026-09-28,25.87040298461033,25.911224133303993,-28.918098706027713,21.626984126984127,21.626984126984127,25.350000381469727
2026-09-29,25.14582759529777,25.2887016157256,-32.25832423065131,16.26984126984127,16.26984126984127,24.639999389648438
2026-09-30,25.43157563615343,25.758144825702747,-31.63950340301295,17.658730158730158,17.658730158730158,24.920000076293945
2026-10-01,25.2887016157256,25.390754487459763,-32.19828073847648,16.865079365079367,16.865079365079367,24.780000686645508
2026-10-02,23.645650380805574,23.819140262753645,-36.558181829586616,9.325396825396826,9.325396825396826,23.170000076293945
2026-10-05,24.992748287696525,24.20694117534347,-30.236238678411496,20.833333333333336,20.833333333333336,24.489999771118164
2026-10-06,24.778437257054783,24.85803849700743,-26.440886441111566,26.58730158730159,26.58730158730159,24.280000686645508
2026-10-07,24.04365535558606,24.13550309326965,-29.606827231758352,21.626984126984127,21.626984126984127,23.559999465942383
