date,close,open,without_long,without_long_rank,without_long_partial_rank,raw_close
2014-01-02,1.200173020362854,1.2120549881095268,,,,1.262603998184204
2014-01-03,1.1740328073501587,1.199975335065468,,,,1.235103964805603
2014-01-06,1.161556601524353,1.1750230484677242,,,,1.221979022026062
2014-01-07,1.1916579008102417,1.1766077643405923,,,,1.2536460161209106
2014-01-08,1.2005693912506104,1.1934403012807924,,,,1.2630209922790527
2014-01-09,1.1881922483444214,1.2132431006353612,,,,1.25
2014-01-10,1.2000737190246582,1.19789501544044,,,,1.2625000476837158
2014-01-13,1.146704077720642,1.1952221938121996,,,,1.206354022026062
2014-01-14,1.2123526334762573,1.1587851861356702,,,,1.2754169702529907
2014-01-15,1.2406704425811768,1.2267097134053353,,,,1.3052079677581787
2014-01-16,1.243245244026184,1.2389876662088135,,,,1.3079169988632202
2014-01-17,1.2211649417877197,1.2314623138808136,,,,1.2846879959106445
2014-01-21,1.2484931945800781,1.2444333514921864,,,,1.313438057899475
2014-01-22,1.2600778341293335,1.2581966944066985,,,,1.325624942779541
2014-01-23,1.2449287176132202,1.2470075914572252,,,,1.3096879720687866
2014-01-24,1.1711610555648804,1.2264120092243997,,,,1.2320829629898071
2014-01-27,1.1370996236801147,1.17254766936287,,,,1.1962499618530273
2014-01-28,1.1367034912109375,1.1194747637291205,,,,1.1958329677581787
2014-01-29,1.1008599996566772,1.106603248329598,,,,1.1581250429153442
2014-01-30,1.1588835716247559,1.1404666274103274,,,,1.2191669940948486
2014-01-31,1.1507641077041626,1.121256926035056,,,,1.2106250524520874
2014-02-03,1.0745220184326172,1.1444267288714682,,,,1.130416989326477
2014-02-04,1.095513105392456,1.0877897935860263,,,,1.152500033378601
2014-02-05,1.0854136943817139,1.0842254748849065,,,,1.1418750286102295
2014-02-06,1.1269999742507935,1.0965034462317114,,,,1.1856249570846558
2014-02-07,1.186806321144104,1.1468032344740602,,,,1.2485419511795044
2014-02-10,1.2085893154144287,1.187400458632344,,,,1.2714580297470093
2014-02-11,1.2499780654907227,1.2155203879614513,,,,1.315000057220459
2014-02-12,1.2559189796447754,1.2575035741690925,,,,1.3212499618530273
2014-02-13,1.2881978750228882,1.2289869161524805,,,,1.3552080392837524
2014-02-14,1.2919610738754272,1.2864155598965978,,,,1.3591669797897339
2014-02-18,1.3121604919433594,1.2984963095431732,,,,1.380416989326477
2014-02-19,1.283445119857788,1.3044371434454185,,,,1.350208044052124
2014-02-20,1.3020607233047485,1.2864155725747601,,,,1.3697919845581055
2014-02-21,1.295327067375183,1.3143381226881334,,,,1.3627079725265503
2014-02-24,1.318101406097412,1.3032490051426835,,,,1.386667013168335
2014-02-25,1.3133488893508911,1.32344852843233,,,,1.3816670179367065
2014-02-26,1.3089911937713623,1.3248340791389057,,,,1.3770829439163208
2014-02-27,1.3347361087799072,1.3103780674605312,,,,1.4041670560836792
2014-02-28,1.3280024528503418,1.3349338077432384,,,,1.397083044052124
2014-03-03,1.2988919019699097,1.2919613395204894,,,,1.3664580583572388
2014-03-04,1.3511719703674316,1.342854662963006,,,,1.4214580059051514
2014-03-05,1.36226224899292,1.357509485166638,,,,1.4331250190734863
2014-03-06,1.357113003730774,1.3703817157796165,,,,1.4277080297470093
2014-03-07,1.337706446647644,1.3717676339046525,,,,1.4072920083999634
2014-03-10,1.3404783010482788,1.3355278031383437,,,,1.410207986831665
2014-03-11,1.3238438367843628,1.351172317631578,,,,1.3927079439163208
2014-03-12,1.338696002960205,1.3064171422432846,,,,1.4083329439163208
2014-03-13,1.281861424446106,1.3535483449160033,,,,1.3485419750213623
2014-03-14,1.2555224895477295,1.2679985640446085,,,,1.3208329677581787
2014-03-17,1.28899085521698,1.2788912169273134,,,,1.3560420274734497
2014-03-18,1.3353301286697388,1.2929507235729782,,,,1.4047919511795044
2014-03-19,1.3133488893508911,1.33651860293749,,,,1.3816670179367065
2014-03-20,1.3236457109451294,1.3010700032043847,,,,1.3925000429153442
2014-03-21,1.275127649307251,1.3454296337433227,,,,1.3414579629898071
2014-03-24,1.2430466413497925,1.2909706539782957,,,,1.3077080249786377
2014-03-25,1.2545331716537476,1.26304821445969,,,,1.3197920322418213
2014-03-26,1.206807017326355,1.273939947623754,,,,1.269582986831665
2014-03-27,1.1854190826416016,1.2020538099793265,,,,1.2470829486846924
2014-03-28,1.1931427717208862,1.197103692140029,,,,1.2552080154418945
2014-03-31,1.2169064283370972,1.2202733518771516,,,,1.2802079916000366
2014-04-01,1.282850980758667,1.2365114529285786,,,,1.3495830297470093
2014-04-02,1.2929508686065674,1.2992882276086788,,,,1.3602080345153809
2014-04-03,1.2624542713165283,1.2969118421892798,,,,1.328125
2014-04-04,1.1622496843338013,1.2848322044941873,,,,1.222707986831665
2014-04-07,1.1273964643478394,1.1390797889810031,,,,1.1860419511795044
2014-04-08,1.1588835716247559,1.1315552101010762,,,,1.2191669940948486
2014-04-09,1.21829354763031,1.1711612539541087,,,,1.2816669940948486
2014-04-10,1.105810523033142,1.220669720056075,,,,1.1633330583572388
2014-04-11,1.0671943426132202,1.0755117655895783,,,,1.1227079629898071
2014-04-14,1.0911567211151123,1.093533046308172,,,,1.1479170322418213
2014-04-15,1.102048397064209,1.1018507759543028,,,,1.1593749523162842
2014-04-16,1.1448233127593994,1.1303672842905175,,,,1.2043750286102295
2014-04-17,1.1454170942306519,1.1335351292632596,,,,1.2050000429153442
2014-04-21,1.171359658241272,1.154526288453532,,,,1.2322920560836792
2014-04-22,1.2000737190246582,1.1824485090128787,,,,1.2625000476837158
2014-04-23,1.1673986911773682,1.1992821972254366,,,,1.228124976158142
2014-04-24,1.2018564939498901,1.226016692819938,,,,1.2643749713897705
2014-04-25,1.1438325643539429,1.1796769888351346,,,,1.2033330202102661
2014-04-28,1.1561108827590942,1.159081431059273,,,,1.216249942779541
2014-04-29,1.181657075881958,1.165220192424314,,,,1.2431249618530273
2014-04-30,1.192152976989746,1.1670022983662132,,,,1.2541669607162476
2014-05-01,1.2028467655181885,1.1974998920090274,,,,1.2654169797897339
2014-05-02,1.1969059705734253,1.2133420624377775,,,,1.259166955947876
2014-05-05,1.2139359712600708,1.174330172644319,,,,1.2770830392837524
2014-05-06,1.1670022010803223,1.208588964944527,,,,1.2277079820632935
2014-05-07,1.1565073728561401,1.1759137841892673,,,,1.2166670560836792
2014-05-08,1.1525465250015259,1.1450210592109156,,,,1.212499976158142
2014-05-09,1.1660130023956299,1.1513582206089292,,,,1.226667046546936
2014-05-12,1.2228477001190186,1.1872019057293177,,,,1.2864580154418945
2014-05-13,1.2254223823547363,1.2272045978408992,,,,1.289167046546936
2014-05-14,1.2072029113769531,1.2153225971128787,,,,1.2699999809265137
2014-05-15,1.1792808771133423,1.2058175147053658,,,,1.240625023841858
2014-05-16,1.20126211643219,1.1818546865938664,,,,1.2637499570846558
2014-05-19,1.2270060777664185,1.190568560716955,,,,1.2908329963684082
2014-05-20,1.2135404348373413,1.2254224003891188,,,,1.2766669988632202
2014-05-21,1.2477995157241821,1.2190851963864453,,,,1.3127080202102661
2014-05-22,1.2632460594177246,1.2511663576717327,,,,1.3289580345153809
2014-05-23,1.29156494140625,1.268592963562336,,,,1.3587499856948853
2014-05-27,1.3400828838348389,1.309585331676434,,,,1.4097919464111328
2014-05-28,1.3274084329605103,1.3388949315185885,,,,1.3964580297470093
2014-05-29,1.3543415069580078,1.3422608981373163,,,,1.4247920513153076
2014-05-30,1.3531532287597656,1.3543414481610867,,,,1.4235420227050781
2014-06-02,1.3497862815856934,1.3585000792359487,,,,1.4199999570846558
2014-06-03,1.3478058576583862,1.3359238946572687,,,,1.417917013168335
2014-06-04,1.3620648384094238,1.3371127940611165,,,,1.4329169988632202
2014-06-05,1.39751136302948,1.3664206137128527,,,,1.4702080488204956
2014-06-06,1.4200873374938965,1.4139486196680322,,,,1.4939579963684082
2014-06-09,1.4175130128860474,1.4230575066856868,,,,1.4912500381469727
2014-06-10,1.4256325960159302,1.4133543693664226,,,,1.4997919797897339
2014-06-11,1.4234539270401,1.4095920122125543,,,,1.497499942779541
2014-06-12,1.3862239122390747,1.4149391383632948,,,,1.4583330154418945
2014-06-13,1.395729422569275,1.4040467314872889,,,,1.4683330059051514
2014-06-16,1.4008785486221313,1.3913730204309671,,,,1.4737499952316284
2014-06-17,1.4028583765029907,1.3986996094671156,,,,1.4758330583572388
2014-06-18,1.428404688835144,1.4086017878276869,,,,1.5027079582214355
2014-06-19,1.4228602647781372,1.4335538998442492,,,,1.4968750476837158
2014-06-20,1.4280091524124146,1.4260281826736683,,,,1.5022920370101929
2014-06-23,1.4295928478240967,1.4276128977515126,,,,1.503957986831665
2014-06-24,1.4256325960159302,1.429592608813866,,,,1.4997919797897339
2014-06-25,1.451816439628601,1.4153727342945517,,,,1.5270830392837524
2014-06-26,1.4557782411575317,1.4557782411575317,,,,1.53125
2014-06-27,1.4702365398406982,1.4500338958803816,,,,1.5464580059051514
2014-06-30,1.4811307191848755,1.4728120235793516,,,,1.5579169988632202
2014-07-01,1.5308444499969482,1.4959856019609592,,,,1.6102080345153809
2014-07-02,1.5367863178253174,1.5328256443089812,,,,1.6164580583572388
2014-07-03,1.5662983655929565,1.552235350392155,,,,1.6475000381469727
2014-07-07,1.551245927810669,1.5605543678476572,,,,1.6316670179367065
2014-07-08,1.4971741437911987,1.5439168304194701,,,,1.5747920274734497
2014-07-09,1.5310430526733398,1.5082649010939744,,,,1.6104170083999634
2014-07-10,1.5165835618972778,1.4720189331540245,,,,1.5952080488204956
2014-07-11,1.5429269075393677,1.5254965220433305,,,,1.6229170560836792
2014-07-14,1.5724378824234009,1.563723652964225,,,,1.6539579629898071
2014-07-15,1.5559991598129272,1.5789740573775561,,,,1.636667013168335
2014-07-16,1.5736265182495117,1.5892742799871928,,,,1.6552079916000366
2014-07-17,1.5108402967453003,1.5603562497961192,,,,1.5891669988632202
2014-07-18,1.5823416709899902,1.5365887295209328,,,,1.6643749475479126
2014-07-21,1.5765973329544067,1.5712496811930654,,,,1.6583329439163208
2014-07-22,1.6078919172286987,1.5995732220522265,,,,1.691249966621399
2014-07-23,1.637998104095459,1.6225490179060487,,,,1.7229169607162476
2014-07-24,1.6322537660598755,1.6461179923748765,,,,1.7168749570846558
2014-07-25,1.6122490167617798,1.6086838779107335,,,,1.6958329677581787
2014-07-28,1.6142302751541138,1.61660710988254,,,,1.6979169845581055
2014-07-29,1.6061097383499146,1.6243319912560705,,,,1.6893750429153442
2014-07-30,1.6253212690353394,1.6320561249202563,,,,1.709583044052124
2014-07-31,1.5262892246246338,1.5845203076229872,,,,1.605417013168335
2014-08-01,1.508661150932312,1.5167821911315602,,,,1.5868749618530273
2014-08-04,1.5395596027374268,1.5187627501157814,,,,1.6193749904632568
2014-08-05,1.5035111904144287,1.5221299924611331,,,,1.5814579725265503
2014-08-06,1.50093674659729,1.4755841080208194,,,,1.5787500143051147
2014-08-07,1.4864780902862549,1.5203471857948048,,,,1.5635420083999634
2014-08-08,1.5181684494018555,1.4942029005004573,,,,1.5968749523162842
2014-08-11,1.5456992387771606,1.5350037088248494,,,,1.6258330345153809
2014-08-12,1.5421338081359863,1.5403512955726633,,,,1.6220829486846924
2014-08-13,1.5922452211380005,1.5629308865249159,,,,1.6747920513153076
2014-08-14,1.6168049573898315,1.5975929632604944,,,,1.700624942779541
2014-08-15,1.6387901306152344,1.6423552695891488,,,,1.7237499952316284
2014-08-18,1.6784032583236694,1.6641425906438432,,,,1.7654169797897339
2014-08-19,1.707319974899292,1.6900883788349443,,,,1.7958329916000366
2014-08-20,1.707319974899292,1.7015766762130198,,,,1.7958329916000366
2014-08-21,1.7170261144638062,1.7098958364587968,,,,1.806041955947876
2014-08-22,1.7237602472305298,1.7176205053351363,,,,1.8131250143051147
2014-08-25,1.7429720163345337,1.7493104314496288,,,,1.8333330154418945
2014-08-26,1.7489142417907715,1.7501025460453612,,,,1.8395830392837524
2014-08-27,1.7491127252578735,1.750102355359973,,,,1.839792013168335
2014-08-28,1.7419822216033936,1.7316822265112908,,,,1.8322919607162476
2014-08-29,1.7623827457427979,1.755054700299478,,,,1.8537499904632568
2014-09-02,1.7770397663116455,1.775851348912474,,,,1.8691669702529907
2014-09-03,1.7465369701385498,1.7899131812687896,,,,1.8370829820632935
2014-09-04,1.7409918308258057,1.7582235454337192,,,,1.8312499523162842
2014-09-05,1.767928123474121,1.7493103404630623,,,,1.8595830202102661
2014-09-08,1.7768410444259644,1.7675326061638696,,,,1.8689579963684082
2014-09-09,1.7336634397506714,1.7766432106965246,,,,1.8235419988632202
2014-09-10,1.7738702297210693,1.73980335853947,,,,1.865833044052124
2014-09-11,1.7724840641021729,1.75208365330988,,,,1.8643749952316284
2014-09-12,1.7445569038391113,1.7667398271019386,,,,1.8350000381469727
2014-09-15,1.6920698881149292,1.7493104452725927,,,,1.7797919511795044
2014-09-16,1.7378227710723877,1.674243918228373,,,,1.8279169797897339
2014-09-17,1.7463390827178955,1.7360401091256328,,,,1.8368749618530273
2014-09-18,1.7839715480804443,1.7611943026614667,,,,1.8764580488204956
2014-09-19,1.7800109386444092,1.8081358369015252,,,,1.8722920417785645
2014-09-22,1.731682300567627,1.767928238941013,,,,1.8214579820632935
2014-09-23,1.7166295051574707,1.7100934365145777,,,,1.8056249618530273
2014-09-24,1.7722861766815186,1.7205912674617654,,,,1.8641669750213623
2014-09-25,1.6597847938537598,1.7538662944661645,,,,1.7458330392837524
2014-09-26,1.7128669023513794,1.676818728099377,,,,1.8016669750213623
2014-09-29,1.7071226835250854,1.6613696285749584,,,,1.7956249713897705
2014-09-30,1.7134608030319214,1.7211854023160176,,,,1.802291989326477
2014-10-01,1.6314619779586792,1.6999921566893275,,,,1.7160420417785645
2014-10-02,1.630669355392456,1.6296796118830044,,,,1.7152080535888672
2014-10-03,1.679789662361145,1.658992810111578,,,,1.7668750286102295
2014-10-06,1.6683021783828735,1.6926641700146003,,,,1.7547919750213623
2014-10-07,1.5977904796600342,1.644137735128186,,,,1.6806249618530273
2014-10-08,1.6900887489318848,1.600959479425291,,,,1.7777080535888672
2014-10-09,1.6059117317199707,1.6835525890512884,,,,1.6891670227050781
2014-10-10,1.4856854677200317,1.577785659810304,,,,1.5627080202102661
2014-10-13,1.4161648750305176,1.479545973708916,,,,1.4895830154418945
2014-10-14,1.4187400341033936,1.4452800685815428,,,,1.492292046546936
2014-10-15,1.388435959815979,1.35278423811833,,,,1.4604170322418213
2014-10-16,1.3668464422225952,1.3016836351968673,,,,1.4377080202102661
2014-10-17,1.4203242063522339,1.4179474845968196,,,,1.4939579963684082
2014-10-20,1.4815261363983154,1.4151749108395537,,,,1.5583330392837524
2014-10-21,1.5973941087722778,1.5348059027318135,,,,1.6802079677581787
2014-10-22,1.572636604309082,1.6124475639030778,,,,1.6541670560836792
2014-10-23,1.6445343494415283,1.6201723584919623,,,,1.7297919988632202
2014-10-24,1.6823641061782837,1.651465932998221,,,,1.769582986831665
2014-10-27,1.6887025833129883,1.6734512635118688,,,,1.7762500047683716
2014-10-28,1.7641654014587402,1.7093016767177203,,,,1.855625033378601
2014-10-29,1.7429720163345337,1.7459429465440408,,,,1.8333330154418945
2014-10-30,1.753866195678711,1.7197984190868285,,,,1.8447920083999634
2014-10-31,1.8261592388153076,1.8422025333321168,,,,1.9208329916000366
2014-11-03,1.8449758291244507,1.8354687161327503,,,,1.9406249523162842
2014-11-04,1.8253672122955322,1.8243765622899366,,,,1.9199999570846558
2014-11-05,1.8251696825027466,1.8590387856281412,,,,1.9197920560836792
2014-11-06,1.8408162593841553,1.8223962443506125,,,,1.9362499713897705
2014-11-07,1.8362605571746826,1.8519083169916557,,,,1.9314579963684082
2014-11-10,1.8550769090652466,1.8388359614891179,,,,1.9512499570846558
2014-11-11,1.8727052211761475,1.857850343627606,,,,1.9697920083999634
2014-11-12,1.8830043077468872,1.8507199505327498,,,,1.980625033378601
2014-11-13,1.9071687459945679,1.8933036102844538,,,,2.006042003631592
2014-11-14,1.9247956275939941,1.9061778452934668,,,,2.024583101272583
2014-11-17,1.9067720174789429,1.9111290189010415,,,,2.005625009536743
2014-11-18,1.9495539665222168,1.9127137116224522,,,,2.0506250858306885
2014-11-19,1.9247956275939941,1.9440084118855716,,,,2.024583101272583
2014-11-20,1.9503461122512817,1.899245406573895,,,,2.0514578819274902
2014-11-21,1.9644089937210083,2.0020410008026075,,,,2.0662500858306885
2014-11-24,2.008775472640991,1.9774808645142308,,,,2.112916946411133
2014-11-25,2.0153119564056396,2.015906278421718,,,,2.1197919845581055
2014-11-26,2.056509256362915,2.0218481781068443,,,,2.1631250381469727
2014-11-28,2.087209701538086,2.0731467991891668,,,,2.1954169273376465
2014-12-01,2.010161876678467,2.067996520572974,,,,2.114375114440918
2014-12-02,2.0317506790161133,2.0200655199897786,,,,2.137083053588867
2014-12-03,2.0501708984375,2.046210337929144,,,,2.1564579010009766
2014-12-04,2.0440311431884766,2.0410599864874936,,,,2.1500000953674316
2014-12-05,2.045417070388794,2.0561125990897717,,,,2.1514580249786377
2014-12-08,2.001248598098755,2.0285815112396772,,,,2.1050000190734863
2014-12-09,2.020659923553467,1.9301436741041367,,,,2.1254169940948486
2014-12-10,1.9228153228759766,2.0087757744845143,,,,2.0225000381469727
2014-12-11,1.9529216289520264,1.9410376812976728,,,,2.0541670322418213
2014-12-12,1.8883522748947144,1.8956803207718145,,,,1.9862500429153442
2014-12-15,1.8317056894302368,1.9164768180360843,,,,1.9266669750213623
2014-12-16,1.7407935857772827,1.795260740966133,,,,1.8310420513153076
2014-12-17,1.8342804908752441,1.7441605675985576,,,,1.9293750524520874
2014-12-18,1.9687656164169312,1.9148926715192898,,,,2.0708329677581787
2014-12-19,1.9907515048980713,1.974708434522679,,,,2.0939579010009766
2014-12-22,2.009114980697632,1.9847488775683015,,,,2.112916946411133
2014-12-23,1.9898992776870728,2.0313020950969314,,,,2.092708110809326
2014-12-24,1.9940598011016846,1.9962391239774546,,,,2.09708309173584
2014-12-26,2.0344717502593994,2.0087191068666175,,,,2.139583110809326
2014-12-29,2.0348684787750244,2.0289253860370993,,,,2.140000104904175
2014-12-30,1.9928712844848633,2.014860161474175,,,,2.0958330631256104
2014-12-31,1.9304697513580322,2.0009929230702723,-3.2190538286273567,,,2.030208110809326
2015-01-02,1.9146225452423096,1.9582040101559948,-6.9491541784492865,,,2.0135419368743896
2015-01-05,1.8284498453140259,1.8868885895466236,-17.549600576514106,,,1.9229170083999634
2015-01-06,1.7559456825256348,1.8349869890692145,-28.723017942032943,,,1.8466670513153076
2015-01-07,1.8234968185424805,1.7894241848395152,-28.08842966575319,,,1.9177080392837524
2015-01-08,1.9274979829788208,1.8704456702484853,-15.604616147226913,,,2.027082920074463
2015-01-09,1.888473391532898,1.9455257067091543,-13.45858489490146,,,1.9860420227050781
2015-01-12,1.8304303884506226,1.9011515960404775,-18.85312262176158,,,1.9249999523162842
2015-01-13,1.8288453817367554,1.8821341620557033,-21.79523310335971,,,1.9233330488204956
2015-01-14,1.800715446472168,1.7708029819586957,-26.127013129569093,,,1.8937499523162842
2015-01-15,1.7292025089263916,1.821318286435471,-34.03640866781947,,,1.8185420036315918
2015-01-16,1.7908103466033936,1.720683449511899,-31.795995120438565,,,1.8833329677581787
2015-01-20,1.8304303884506226,1.8209216679926625,-26.20612222679204,,,1.9249999523162842
2015-01-21,1.8585602045059204,1.8137902328623237,-19.872866013513985,,,1.9545830488204956
2015-01-22,1.9619675874710083,1.8819363665196,-4.721793697881025,,,2.063333034515381
2015-01-23,1.9750417470932007,1.961967174118758,4.743993743863202,,,2.077083110809326
2015-01-26,1.9706835746765137,1.9690984483659577,9.058092501071908,,,2.072499990463257
2015-01-27,1.818147897720337,1.876983143581766,-6.7809318554661075,,,1.9120830297470093
2015-01-28,1.7868486642837524,1.9015477084434627,-18.263571870827793,,,1.8791669607162476
2015-01-29,1.8385525941848755,1.7807071478440268,-17.645066537001057,,,1.933542013168335
2015-01-30,1.79635751247406,1.8322130667814462,-22.033852289894575,,,1.8891669511795044
2015-02-02,1.8435050249099731,1.8060643376878551,-17.52046696098957,,,1.9387500286102295
2015-02-03,1.893822431564331,1.8589567809509102,-8.526875826545536,,,1.9916670322418213
2015-02-04,1.888868808746338,1.870050192002419,-4.4129547195090115,,,1.9864579439163208
2015-02-05,1.9389890432357788,1.9023404603174088,4.088926466761221,,,2.0391669273376465
2015-02-06,1.90372633934021,1.9473084781234922,4.110997989867472,,,2.0020830631256104
2015-02-09,1.8827285766601562,1.8809456489605723,0.9609056167826237,,,1.9800000190734863
2015-02-10,1.9728628396987915,1.9173947557158868,11.142605353162088,,,2.07479190826416
2015-02-11,1.995050311088562,1.9799952336481876,18.38168180780401,,,2.0981249809265137
2015-02-12,2.0647809505462646,2.030906115398358,24.868942724247468,,,2.1714580059051514
2015-02-13,2.1168808937072754,2.081223247884509,29.75763232809305,,,2.226249933242798
2015-02-17,2.122626304626465,2.11648461757864,32.25179214294832,,,2.2322919368743896
2015-02-18,2.1317381858825684,2.115494490554624,33.8248729697796,,,2.241874933242798
2015-02-19,2.163830041885376,2.126587273689071,36.2222363190135,,,2.275624990463257
2015-02-20,2.205430746078491,2.158679032258926,38.28094746567214,,,2.3193750381469727
2015-02-23,2.2141475677490234,2.204044651598955,39.608048560095014,,,2.3285419940948486
2015-02-24,2.218703031539917,2.20443983892915,40.16967252911384,,,2.3333330154418945
2015-02-25,2.2008743286132812,2.207016014565782,38.324876447356985,,,2.3145830631256104
2015-02-26,2.2343530654907227,2.2072132171787278,39.382992879335475,,,2.349792003631592
2015-02-27,2.204836368560791,2.231777627399324,35.98212590416712,,,2.3187499046325684
2015-03-02,2.264266014099121,2.21672241419552,37.99747465245431,,,2.3812499046325684
2015-03-03,2.2317779064178467,2.244456654210427,34.6420758217965,,,2.34708309173584
2015-03-04,2.2070159912109375,2.2105816194874404,29.23919159759631,,,2.321042060852051
2015-03-05,2.2167227268218994,2.2238542111367576,26.850893744259352,,,2.331249952316284
2015-03-06,2.1404545307159424,2.210382824492312,16.880226520830732,,,2.251041889190674
2015-03-09,2.1610565185546875,2.1557078491031834,13.998224807170487,,,2.272707939147949
2015-03-10,2.0414047241210938,2.1135123312815556,-1.7050845547477846,,,2.1468749046325684
2015-03-11,2.0055503845214844,2.0469523096043933,-15.35019149412213,,,2.1091670989990234
2015-03-12,2.043980598449707,1.99980493357005,-20.78060808919186,,,2.149583101272583
2015-03-13,2.0176331996917725,2.038631364912886,-27.67910105386042,,,2.121875047683716
2015-03-16,2.0948915481567383,2.040018559203063,-20.75952693495556,,,2.203125
2015-03-17,2.106579303741455,2.0768645340309084,-15.270272756724584,,,2.21541690826416
2015-03-18,2.1671981811523438,2.088552586930413,-4.643785413076992,,,2.2791669368743896
2015-03-19,2.177696466445923,2.174724807749711,2.461482468427861,,,2.290208101272583
2015-03-20,2.222862958908081,2.2295988399436726,11.206067278863214,,,2.337707996368408
2015-03-23,2.204242467880249,2.2159305114912207,13.563453232004786,,,2.318125009536743
2015-03-24,2.181856870651245,2.2038457429961045,11.448295453975161,,,2.2945830821990967
2015-03-25,2.029721975326538,2.1933672720214448,-10.509504038368275,,,2.1343750953674316
2015-03-26,2.0130794048309326,1.9819752245881659,-22.45947022844658,,,2.116874933242798
2015-03-27,2.0324957370758057,2.0091173196955396,-26.171574533780234,,,2.13729190826416
2015-03-30,2.1056015491485596,2.0735063327634866,-18.76253841935941,,,2.2141671180725098
2015-03-31,2.0404205322265625,2.0863835950643423,-22.52117184871827,,,2.145625114440918
2015-04-01,2.0059475898742676,2.037646257792464,-28.781385114659702,,,2.109375
2015-04-02,2.0093154907226562,2.009909972420764,-31.35212692131848,,,2.112916946411133
2015-04-06,2.0576560497283936,1.973059851500045,-26.284189005783944,,,2.163749933242798
2015-04-07,2.0481464862823486,2.0550809729269166,-25.041935979765356,,,2.153749942779541
2015-04-08,2.0968832969665527,2.0497315144240975,-17.48073329558489,,,2.2049999237060547
2015-04-09,2.135913372039795,2.094902972277786,-8.670245654936606,,,2.246042013168335
2015-04-10,2.161470651626587,2.1355168290055393,-0.4471975893685832,,,2.2729170322418213
2015-04-13,2.14542293548584,2.1672153845940474,1.3225065725755372,,,2.256042003631592
2015-04-14,2.1269984245300293,2.1406685607739937,-0.03969807849910006,,,2.2366669178009033
2015-04-15,2.164640426635742,2.1452245400930403,4.068154292599843,,,2.276249885559082
2015-04-16,2.157111644744873,2.149979449590625,5.153837816355066,,,2.2683329582214355
2015-04-17,2.056269884109497,2.0956950003904655,-8.985131399630419,,,2.162292003631592
2015-04-20,2.1481964588165283,2.0879687811117487,-3.7787339833448876,,,2.258958101272583
2015-04-21,2.1757359504699707,2.1864343595578495,3.914268533192844,,,2.287916898727417
2015-04-22,2.2109997272491455,2.1925746482777457,12.707873826718524,,,2.325000047683716
2015-04-23,2.237548589706421,2.190000238070857,17.723399747314975,,,2.352916955947876
2015-04-24,2.3251161575317383,2.306493368027345,25.026616002694535,,,2.444999933242798
2015-04-27,2.31025767326355,2.3536455582718756,24.871787705225557,,,2.429374933242798
2015-04-28,2.295201063156128,2.3148146587519607,22.787432194838754,,,2.4135420322418213
2015-04-29,2.2514164447784424,2.2567656479953215,17.070891896874027,,,2.367500066757202
2015-04-30,2.1456210613250732,2.213971964338285,1.6137400809747924,,,2.2562499046325684
2015-05-01,2.2323966026306152,2.170187104112651,2.2266764696211174,,,2.3475000858306885
2015-05-04,2.240321636199951,2.2508221094212315,3.5531573259393814,,,2.355833053588867
2015-05-05,2.1341302394866943,2.2151602307176734,-9.893173428707973,,,2.2441670894622803
2015-05-06,2.0885632038116455,2.143046041785355,-21.497752017416484,,,2.1962499618530273
2015-05-07,2.1244215965270996,2.0863829303587083,-23.69502549306777,,,2.2339580059051514
2015-05-08,2.2022829055786133,2.1903957616255356,-15.994094121686414,,,2.31583309173584
2015-05-11,2.1781129837036133,2.20842521221935,-14.708111350391784,,,2.290416955947876
2015-05-12,2.14997935295105,2.1390832401839024,-17.168220959412082,,,2.2608330249786377
2015-05-13,2.161074638366699,2.177914438354803,-17.239519506155155,,,2.2725000381469727
2015-05-14,2.256765604019165,2.215160716112878,-6.179659962410762,,,2.3731250762939453
2015-05-15,2.2565674781799316,2.274596012004549,-0.35882977769109276,,,2.3729169368743896
2015-05-18,2.284303665161133,2.24547279779833,5.8462857224290365,,,2.402082920074463
2015-05-19,2.2777655124664307,2.293218865793867,8.25998439518125,,,2.3952078819274902
2015-05-20,2.2815301418304443,2.2829165856537657,9.910463925312966,,,2.399167060852051
2015-05-21,2.317390203475952,2.270436104897619,14.818651519229684,,,2.436875104904175
2015-05-22,2.311049699783325,2.3094653216624224,16.488048550451413,,,2.4302079677581787
2015-05-26,2.2310104370117188,2.2946063937974635,6.4192306729746695,,,2.3460419178009033
2015-05-27,2.3383898735046387,2.2504253762392064,15.824492956934213,,,2.4589579105377197
2015-05-28,2.3211536407470703,2.324125369732007,18.475153992453784,,,2.44083309173584
2015-05-29,2.281926393508911,2.3171919562951584,13.874600039032888,,,2.399583101272583
2015-06-01,2.301936626434326,2.3177865296430693,14.241381450971252,,,2.4206249713897705
2015-06-02,2.2809362411499023,2.277765671180293,11.286184846163316,,,2.3985419273376465
2015-06-03,2.300945520401001,2.3134269179261717,12.632045090624908,,,2.4195830821990967
2015-06-04,2.250822067260742,2.263303693164418,6.479948817336727,,,2.366874933242798
2015-06-05,2.233783721923828,2.240915917852041,-0.3800511425847859,,,2.3489580154418945
2015-06-08,2.1654322147369385,2.2294247067186386,-14.574629753283874,,,2.277082920074463
2015-06-09,2.154733896255493,2.1495835346672285,-23.206016163591194,,,2.2658329010009766
2015-06-10,2.2401232719421387,2.175735134350254,-14.692195691189355,,,2.3556249141693115
2015-06-11,2.2524073123931885,2.2640956153700205,-8.7162481618284,,,2.368541955947876
2015-06-12,2.195150375366211,2.215557291883737,-14.78570740048936,,,2.308332920074463
2015-06-15,2.1648380756378174,2.1472060904674724,-22.094383689797024,,,2.2764580249786377
2015-06-16,2.1979238986968994,2.1551302829677565,-20.87089060424657,,,2.3112499713897705
2015-06-17,2.2163491249084473,2.2100088929035637,-17.120767747416092,,,2.330625057220459
2015-06-18,2.310058832168579,2.2349714027634584,0.09034295584283755,,,2.4291670322418213
2015-06-19,2.274794101715088,2.316597833901569,2.676619831218929,,,2.392082929611206
2015-06-22,2.3296732902526855,2.3296732902526855,12.755637660770383,,,2.44979190826416
2015-06-23,2.3354179859161377,2.337795459749988,19.04700252268738,,,2.4558329582214355
2015-06-24,2.2995588779449463,2.3265028259445,15.037302140928697,,,2.4181249141693115
2015-06-25,2.2845022678375244,2.325314057038551,10.643587923139027,,,2.402292013168335
2015-06-26,2.2421045303344727,2.2825206828951874,1.5803613074413394,,,2.357707977294922
2015-06-29,2.0836102962493896,2.163055242848883,-21.453195032569305,,,2.191041946411133
2015-06-30,2.107384443283081,2.12699803456641,-30.6592044583964,,,2.2160420417785645
2015-07-01,2.150573968887329,2.1644429465767585,-30.182347121631203,,,2.261457920074463
2015-07-02,2.1586968898773193,2.169989550890642,-28.635321390120712,,5.555555555555555,2.2699999809265137
2015-07-06,2.140470027923584,2.1141205576032145,-30.49596037127141,,3.149606299212598,2.250833034515381
2015-07-07,2.1513664722442627,2.1466117517766943,-26.735695717025532,,8.59375,2.26229190826416
2015-07-08,2.0435898303985596,2.108573361626496,-34.82635800186188,,0.0,2.1489579677581787
2015-07-09,2.037646770477295,2.1260078299704404,-39.30097805074737,,0.0,2.1427080631256104
2015-07-10,2.132347822189331,2.115903662306812,-31.956078568535627,,2.2900763358778624,2.2422919273376465
2015-07-13,2.24131178855896,2.1862347105313,-14.953656907185826,,35.60606060606061,2.356874942779541
2015-07-14,2.286285400390625,2.2539915678411484,0.7254848854355225,,54.88721804511278,2.4041669368743896
2015-07-15,2.2971816062927246,2.299361146249263,10.377510572620634,,70.1492537313433,2.4156250953674316
2015-07-16,2.3869290351867676,2.3526542794135263,22.06615732567694,,86.66666666666667,2.509999990463257
2015-07-17,2.4960925579071045,2.44973272738092,31.28100187564461,,91.91176470588235,2.6247920989990234
2015-07-20,2.5240280628204346,2.5168958656285,35.200932568430765,,94.16058394160584,2.6541669368743896
2015-07-21,2.5170929431915283,2.5279892835642177,36.64230330668751,,95.65217391304348,2.6468749046325684
2015-07-22,2.4344778060913086,2.403967869675079,30.21065047894761,,89.92805755395683,2.559999942779541
2015-07-23,2.4053542613983154,2.44160994519637,24.117586410896564,,85.0,2.5293750762939453
2015-07-24,2.337002992630005,2.4429960054881743,13.217529129945163,,73.04964539007092,2.4574999809265137
2015-07-27,2.2769734859466553,2.295398340979897,1.5595415786861218,,53.52112676056338,2.3943750858306885
2015-07-28,2.337002992630005,2.3094647931242616,1.2128769170617413,,52.44755244755245,2.4574999809265137
2015-07-29,2.363154649734497,2.350673253007607,3.3904585582172158,,57.638888888888886,2.484999895095825
2015-07-30,2.396042585372925,2.3463156014711766,8.046058143225327,,64.82758620689654,2.519582986831665
2015-07-31,2.388712167739868,2.418033363615574,9.478370135893751,,66.43835616438356,2.5118749141693115
2015-08-03,2.3667213916778564,2.3900991323514877,7.352399582046322,,63.94557823129252,2.4887499809265137
2015-08-04,2.3514657020568848,2.3599854749304585,4.73651415004324,,60.13513513513513,2.472707986831665
2015-08-05,2.406543254852295,2.390495644244668,9.481374833041764,,67.11409395973155,2.530625104904175
2015-08-06,2.2910401821136475,2.411297595532944,-0.9591603424203241,,45.33333333333333,2.4091670513153076
2015-08-07,2.281926393508911,2.273407527161339,-9.275919211796417,,36.423841059602644,2.399583101272583
2015-08-10,2.358994483947754,2.324918566090093,-7.813549917153299,,39.473684210526315,2.4806249141693115
2015-08-11,2.2690491676330566,2.320955684148339,-19.834726454832776,,21.568627450980394,2.3860421180725098
2015-08-12,2.2890586853027344,2.2232840921621007,-19.819358876584392,,22.07792207792208,2.407083034515381
2015-08-13,2.278756618499756,2.298172504477642,-20.759699180319725,,20.0,2.396250009536743
2015-08-14,2.2910401821136475,2.263501072783293,-19.86869812389035,,21.794871794871796,2.4091670513153076
2015-08-17,2.3473048210144043,2.273407021788692,-12.915270043898177,,36.30573248407643,2.4683330059051514
2015-08-18,2.3098607063293457,2.334031539126382,-13.084726539580025,,36.075949367088604,2.428957939147949
2015-08-19,2.2664730548858643,2.288266416022011,-16.866676587164505,,29.559748427672954,2.3833329677581787
2015-08-20,2.0798451900482178,2.203075452608193,-30.99286819771273,,3.75,2.1870830059051514
2015-08-21,1.8211032152175903,1.9910887377628395,-38.517473299453776,,0.6211180124223602,1.9149999618530273
2015-08-24,1.605352520942688,1.4868780946403335,-36.47145706449673,,1.2345679012345678,1.6881250143051147
2015-08-25,1.584153652191162,1.7731585339978708,-35.7868405468377,,1.8404907975460123,1.6658329963684082
2015-08-26,1.8127824068069458,1.7194687076112207,-30.091397563839173,,7.926829268292683,1.90625
2015-08-27,1.9544366598129272,1.897973012968092,-22.64911523013408,,16.363636363636363,2.0552079677581787
2015-08-28,1.9528520107269287,1.9233322040510619,-18.637951619708662,,27.10843373493976,2.053541898727417
2015-08-31,1.8803410530090332,1.920757317845105,-18.852630197677215,,26.34730538922156,1.9772919416427612
2015-09-01,1.7097612619400024,1.7390824591028848,-23.444034982768272,,15.476190476190476,1.7979170083999634
2015-09-02,1.8488399982452393,1.7965367123707618,-21.591733213901758,,20.118343195266274,1.9441670179367065
2015-09-03,1.8183295726776123,1.8714258529809369,-21.111737792302574,,21.764705882352942,1.9120830297470093
2015-09-04,1.75750732421875,1.7454224743738298,-22.129986475722223,,18.128654970760234,1.8481249809265137
2015-09-08,1.9066903591156006,1.8571609800414137,-15.825670045649803,,35.46511627906977,2.005000114440918
2015-09-09,1.8403204679489136,1.9720695028632889,-15.06570186163175,,37.57225433526011,1.9352079629898071
2015-09-10,1.8991615772247314,1.8327926221755328,-11.547490882867011,,42.5287356321839,1.9970829486846924
2015-09-11,1.9298704862594604,1.8738032718358721,-7.703099784761052,,47.42857142857143,2.0293750762939453
2015-09-14,1.912634015083313,1.9514648799938665,-6.823811927550604,,48.29545454545455,2.0112500190734863
2015-09-15,1.9793994426727295,1.9268982210670127,-2.009411492027226,,52.54237288135594,2.08145809173584
2015-09-16,2.0124852657318115,1.9833617825563028,2.3421976785538825,,61.23595505617978,2.1162500381469727
2015-09-17,2.0180323123931885,2.010305636455969,5.3941851645036145,,67.59776536312849,2.1220829486846924
2015-09-18,1.9326441287994385,1.9255119338498965,3.406064681480847,,62.77777777777778,2.032291889190674
2015-09-21,1.949087381362915,1.962163261063126,6.236284176060986,,68.50828729281768,2.0495829582214355
2015-09-22,1.8631049394607544,1.8589444730180646,1.962684656420513,,59.34065934065934,1.9591670036315918
2015-09-23,1.8660763502120972,1.8761803870038964,-4.099600509216249,,49.72677595628415,1.962291955947876
2015-09-24,1.8444807529449463,1.8109990942901117,-10.618553287968606,,40.76086956521739,1.9395829439163208
2015-09-25,1.7997065782546997,1.9070870702948692,-19.8160253806971,,25.405405405405407,1.8925000429153442
2015-09-28,1.6445797681808472,1.7747435036591885,-31.655953522014524,,4.301075268817205,1.7293750047683716
2015-09-29,1.6202112436294556,1.6564669237180163,-36.80296817797931,,1.06951871657754,1.7037500143051147
2015-09-30,1.7273929119110107,1.6875711340623012,-33.37133882770612,,3.723404255319149,1.816457986831665
2015-10-01,1.7515639066696167,1.7382903187173726,-29.77350897477541,,8.994708994708994,1.8418749570846558
2015-10-02,1.8425002098083496,1.6812322640593735,-19.33227930439667,,27.368421052631582,1.9375
2015-10-05,1.926501750946045,1.8854913482585223,-6.678242819556051,,49.21465968586388,2.0258328914642334
2015-10-06,1.8989640474319458,1.912436476443948,-2.2263768990701442,,53.125,1.9968750476837158
2015-10-07,1.9294737577438354,1.932842034649886,2.948961986567344,,63.730569948186535,2.0289580821990967
2015-10-08,1.9530503749847412,1.908870302352355,7.569560300195537,,72.16494845360825,2.0537500381469727
2015-10-09,1.9768246412277222,1.9556257587608732,12.211897052515443,,78.46153846153847,2.078749895095825
2015-10-12,1.9934662580490112,1.9918809731720815,16.24772905816465,,84.18367346938776,2.096250057220459
2015-10-13,1.9544366598129272,1.959390221866144,13.993950522807651,,81.21827411167513,2.0552079677581787
2015-10-14,1.9461158514022827,1.9550312660603504,12.070206127756098,,77.27272727272727,2.0464580059051514
2015-10-15,2.041212558746338,1.9671170328466214,20.833607761100833,,87.93969849246231,2.1464579105377197
2015-10-16,2.0665712356567383,2.0546840967910907,28.451466935621422,,91.5,2.1731250286102295
2015-10-19,2.1036198139190674,2.0570622720333733,32.88756785692832,,94.02985074626866,2.212083101272583
2015-10-20,2.068751335144043,2.0909403345001847,32.70878896470732,,93.56435643564357,2.175416946411133
2015-10-21,2.0354676246643066,2.101242207548519,28.575333269990477,,90.64039408866995,2.1404170989990234
2015-10-22,2.1561219692230225,2.0863837083899432,33.263288574893984,,94.11764705882352,2.267292022705078
2015-10-23,2.3354179859161377,2.3300687831541658,37.50647198437997,,97.07317073170731,2.4558329582214355
2015-10-26,2.3423523902893066,2.3324461740908764,40.08702655173773,,99.51456310679612,2.463124990463257
2015-10-27,2.3576080799102783,2.3233333206643074,41.84912562225326,,100.0,2.4791669845581055
2015-10-28,2.412288188934326,2.36830583846276,43.08053907920918,,100.0,2.5366671085357666
2015-10-29,2.4033730030059814,2.380985391164049,43.242723574177845,,100.0,2.527292013168335
2015-10-30,2.370485305786133,2.4065432867468535,41.34964881506888,,98.57142857142858,2.4927079677581787
2015-11-02,2.451317310333252,2.3881179048314816,42.31969586266228,,99.0521327014218,2.5777080059051514
2015-11-03,2.474695920944214,2.436260697809251,42.324473466436835,,99.05660377358491,2.602292060852051
2015-11-04,2.4756858348846436,2.499262186524968,42.258907186433724,,98.12206572769952,2.603332996368408
2015-11-05,2.4538936614990234,2.4832148604237667,40.899491064396784,,96.72897196261682,2.5804169178009033
2015-11-06,2.4620156288146973,2.443590546729724,40.47990298653255,,96.27906976744185,2.5889580249786377
2015-11-09,2.382768392562866,2.4334863935258513,34.19841759722654,,89.81481481481481,2.505625009536743
2015-11-10,2.365928888320923,2.344730010580731,29.702203882025696,,85.71428571428571,2.487916946411133
2015-11-11,2.3554282188415527,2.3839572230389336,26.53803178593505,,83.4862385321101,2.476875066757202
2015-11-12,2.2870776653289795,2.325116343273414,16.088141244405595,,76.25570776255708,2.4049999713897705
2015-11-13,2.1525557041168213,2.2583510362748713,-5.6554392371301665,,43.63636363636363,2.2635419368743896
2015-11-16,2.2423033714294434,2.145423456303078,-7.176149348012009,,41.17647058823529,2.357917070388794
2015-11-17,2.2500295639038086,2.2559732484392656,-7.399445830689368,,40.99099099099099,2.366041898727417
2015-11-18,2.379004716873169,2.275388257755098,6.446917051323177,,63.22869955156951,2.501667022705078
2015-11-19,2.38257098197937,2.3829663962921117,13.778735206640885,,73.21428571428571,2.5054171085357666
2015-11-20,2.4299206733703613,2.415854896403701,20.68442390419826,,80.44444444444444,2.5552079677581787
2015-11-23,2.4103071689605713,2.432892493423918,22.359904621304114,,81.41592920353983,2.53458309173584
2015-11-24,2.4027791023254395,2.3635514623983296,22.51651028231448,,81.4977973568282,2.5266671180725098
2015-11-25,2.408128499984741,2.4120903526459307,23.102426617401214,,82.01754385964912,2.532291889190674
2015-11-27,2.416844606399536,2.425364379125094,24.36297870113096,,82.53275109170306,2.5414578914642334
2015-11-30,2.401590585708618,2.441015709684885,22.636034460690922,,80.8695652173913,2.5254170894622803
2015-12-01,2.4729127883911133,2.4285341057345278,29.136891229624513,,85.71428571428571,2.600416898727417
2015-12-02,2.4279398918151855,2.477668009742651,26.868225326706867,,84.48275862068965,2.5531249046325684
2015-12-03,2.3041164875030518,2.4471574229976705,9.086171358767555,,63.519313304721024,2.422916889190674
2015-12-04,2.4624123573303223,2.3237298502829824,18.457732616064522,,76.92307692307693,2.5893750190734863
2015-12-07,2.432297706604004,2.4697421231033116,19.36902179261307,,77.87234042553192,2.5577080249786377
2015-12-08,2.4324963092803955,2.355230010190997,19.94124684030134,,77.96610169491525,2.5579171180725098
2015-12-09,2.3191726207733154,2.398023989716804,6.329918495150383,,59.07172995780591,2.4387500286102295
2015-12-10,2.352060317993164,2.336012933237858,2.8879947356339275,,52.94117647058824,2.4733328819274902
2015-12-11,2.190791606903076,2.270632858207885,-16.289773277908996,,27.615062761506277,2.3037500381469727
2015-12-14,2.2399253845214844,2.200301430085228,-19.39155777267218,,21.666666666666668,2.355417013168335
2015-12-15,2.2779645919799805,2.297379572429162,-17.418222752494653,,26.141078838174277,2.3954169750213623
2015-12-16,2.378608226776123,2.3261072273593797,-5.1708215795635235,,42.14876033057851,2.5012500286102295
2015-12-17,2.2795488834381104,2.410307006711242,-9.336235658248125,,35.80246913580247,2.397083044052124
2015-12-18,2.1543385982513428,2.2549821922207243,-23.370845954426343,,12.704918032786885,2.2654170989990234
2015-12-21,2.218329906463623,2.207631728152794,-24.086747546119827,,11.83673469387755,2.3327078819274902
2015-12-22,2.260331630706787,2.2530017281647203,-19.887694214962675,,19.91869918699187,2.3768749237060547
2015-12-23,2.3120408058166504,2.295795261332048,-12.416536330029633,,34.81781376518219,2.4312500953674316
2015-12-24,2.307285785675049,2.3100598077621397,-8.872151023123681,,37.903225806451616,2.4262499809265137
2015-12-28,2.3066911697387695,2.2910401100965974,-7.0286765492076535,,40.963855421686745,2.4256250858306885
2015-12-29,2.4118921756744385,2.3467109377031483,5.565800296076405,,60.0,2.536250114440918
2015-12-30,2.3502769470214844,2.4075338016424332,5.092826679552447,,58.964143426294825,2.4714579582214355
2015-12-31,2.2631051540374756,2.32471926417356,-4.977048536437739,,43.65079365079365,2.3797919750213623
2016-01-04,2.12481951713562,2.1123381142470015,-19.463252485190115,,21.73913043478261,2.234375
2016-01-05,2.1057991981506348,2.149583621820369,-28.074217885910542,,8.661417322834646,2.2143750190734863
2016-01-06,2.049335241317749,2.000598167803157,-33.92170659144318,,2.7450980392156863,2.1549999713897705
2016-01-07,1.8543872833251953,1.9158036977096862,-39.671240076986955,,0.0,1.9500000476837158
2016-01-08,1.8106029033660889,1.8946057811941097,-42.4111741616885,,0.0,1.9039579629898071
2016-01-11,1.8264524936676025,1.8482458532818158,-41.43958382831748,,0.3875968992248062,1.9206249713897705
2016-01-12,1.8880677223205566,1.875586210482125,-38.70969367600697,,1.5444015444015444,1.9854170083999634
2016-01-13,1.6905430555343628,1.9108509446077602,-42.0087812059633,,0.38461538461538464,1.7777080535888672
2016-01-14,1.799904227256775,1.71193973698202,-38.7608045276217,,1.9157088122605364,1.8927079439163208
2016-01-15,1.6344760656356812,1.6202115608483836,-40.20421893424172,,1.1450381679389312,1.71875
2016-01-19,1.6414103507995605,1.6984683628792583,-40.717991273046025,,1.1406844106463878,1.7260420322418213
2016-01-20,1.626551628112793,1.5643421146915022,-39.16401256203153,,2.6515151515151514,1.7104170322418213
2016-01-21,1.6324950456619263,1.6469572557905583,-38.12972653955733,,4.150943396226415,1.7166670560836792
2016-01-22,1.7731584310531616,1.728581814851432,-33.09949002252619,,7.142857142857142,1.8645830154418945
2016-01-25,1.6933170557022095,1.7573095582959504,-32.63471142067893,,7.490636704119851,1.7806249856948853
2016-01-26,1.7416576147079468,1.7157048084342286,-30.79265341756092,,9.701492537313433,1.8314579725265503
2016-01-27,1.6120882034301758,1.7099590295164084,-33.63078994153301,,6.691449814126393,1.695207953453064
2016-01-28,1.6756844520568848,1.6877702104678325,-33.03579673506685,,7.777777777777778,1.7620830535888672
2016-01-29,1.784847617149353,1.6794489632350327,-26.922752407497107,,14.760147601476014,1.8768750429153442
2016-02-01,1.7949515581130981,1.7557241500157923,-22.3913441808943,,20.22058823529412,1.8875000476837158
2016-02-02,1.6810333728790283,1.7737528171198218,-24.053021347206418,,17.582417582417584,1.7677079439163208
2016-02-03,1.6572591066360474,1.7127328537266542,-26.279876534404128,,15.693430656934307,1.7427079677581787
2016-02-04,1.654287338256836,1.64081593154696,-26.79811199588633,,14.909090909090908,1.7395830154418945
2016-02-05,1.4841042757034302,1.6384387654914572,-34.43044358953223,,5.797101449275362,1.5606249570846558
2016-02-08,1.416347622871399,1.4012909308969257,-36.4328237370688,,5.054151624548736,1.4893749952316284
2016-02-09,1.399903416633606,1.3579030050339325,-38.20602873973994,,3.9568345323741005,1.4720829725265503
2016-02-10,1.4165453910827637,1.4512166944809677,-38.23364698714862,,3.942652329749104,1.4895830154418945
2016-02-11,1.4131783246994019,1.363053771187539,-38.373189385894094,,3.9285714285714284,1.4860420227050781
2016-02-12,1.4734057188034058,1.4573581107414249,-34.433590223756134,,7.11743772241993,1.549375057220459
2016-02-16,1.571474552154541,1.5417568040378133,-24.483939456532088,,19.50354609929078,1.652500033378601
2016-02-17,1.6800434589385986,1.6112961221853532,-8.969655528725049,,43.81625441696113,1.7666670083999634
2016-02-18,1.6229851245880127,1.6978738438235144,-5.725242665547087,,48.943661971830984,1.7066669464111328
2016-02-19,1.6398248672485352,1.6045601052357759,-1.8719898402714459,,52.98245614035088,1.7243750095367432
2016-02-22,1.7172889709472656,1.6844016785496259,7.000838952791676,,67.13286713286713,1.8058329820632935
2016-02-23,1.6317018270492554,1.6869768466204695,4.090866882918693,,62.36933797909408,1.7158329486846924
2016-02-24,1.6802412271499634,1.5764269465041862,7.105646443067945,,67.36111111111111,1.7668750286102295
2016-02-25,1.7266011238098145,1.6913364647033824,13.088833499570368,,74.39446366782006,1.8156249523162842
2016-02-26,1.7226383686065674,1.7660262509902893,15.360849853606359,,77.58620689655173,1.8114579916000366
2016-02-29,1.6770716905593872,1.7186764633264149,12.319868427058656,,72.85223367697594,1.7635420560836792
2016-03-01,1.8375473022460938,1.7230346234304832,24.704456276764155,,85.61643835616438,1.9322919845581055
2016-03-02,1.839528203010559,1.830612790068816,31.034456514392954,,90.10238907849829,1.9343750476837158
2016-03-03,1.8292266130447388,1.8347736367759415,33.07591771498216,,91.49659863945578,1.9235420227050781
2016-03-04,1.8323960304260254,1.8361599483640179,33.417235022125624,,91.86440677966101,1.9268749952316284
2016-03-07,1.7983200550079346,1.803867078505171,30.038663394876348,,88.85135135135135,1.8910419940948486
2016-03-08,1.7507716417312622,1.7600825829160185,23.616747406024036,,83.5016835016835,1.8410420417785645
2016-03-09,1.7842531204223633,1.774346904875516,23.36436161951651,,83.22147651006712,1.8762500286102295
2016-03-10,1.7775174379348755,1.8127822019050226,22.521304204645684,,81.93979933110369,1.8691669702529907
2016-03-11,1.8696426153182983,1.8349711974134482,30.907089726777876,,89.33333333333333,1.9660420417785645
2016-03-14,1.8805387020111084,1.8508209596235032,34.876549217564055,,93.02325581395348,1.9774999618530273
2016-03-15,1.8793503046035767,1.861519589007034,36.551591232221355,,94.03973509933775,1.9762500524520874
2016-03-16,1.927295446395874,1.8627084538670526,38.32901739111787,,95.7095709570957,2.0266671180725098
2016-03-17,1.921747088432312,1.9126339676406772,38.671011647561635,,95.72368421052632,2.0208330154418945
2016-03-18,1.9328415393829346,1.9375962591525324,39.43718132234551,,96.06557377049181,2.0325000286102295
2016-03-21,1.9558240175247192,1.9245209914191035,40.64649692125169,,97.38562091503267,2.0566670894622803
2016-03-22,1.9732578992843628,1.9241242779589858,40.89723528294505,,97.39413680781759,2.075000047683716
2016-03-23,1.9263044595718384,1.9627578564132266,37.31942961927427,,92.85714285714286,2.025624990463257
2016-03-24,1.9257097244262695,1.8950009534480297,34.285888719249556,,90.29126213592234,2.0250000953674316
2016-03-28,1.918775200843811,1.945125571815832,31.117241385656868,,87.09677419354838,2.0177080631256104
2016-03-29,2.0105040073394775,1.9082749323743402,36.50475713324122,,91.96141479099678,2.1141669750213623
2016-03-30,2.0406179428100586,2.047155882202014,37.2944661759025,,92.62820512820514,2.1458330154418945
2016-03-31,2.028730869293213,2.036061904784513,36.92687726035213,,92.33226837060703,2.1333329677581787
2016-04-01,2.0962891578674316,1.997823988962138,39.90010309201198,,95.85987261146497,2.2043750286102295
2016-04-04,2.070336103439331,2.0931202690817665,39.52110465278663,,95.23809523809523,2.1770830154418945
2016-04-05,2.014665126800537,2.0229860585416515,34.51926450303349,,88.92405063291139,2.118541955947876
2016-04-06,2.1111481189727783,2.0208061689195613,38.221115271867326,,93.05993690851734,2.2200000286102295
2016-04-07,2.020014762878418,2.07528979470448,30.799692356000012,,84.27672955974843,2.124166965484619
2016-04-08,2.0152599811553955,2.056666033449498,26.204889844975327,,80.56426332288402,2.1191670894622803
2016-04-11,1.9936641454696655,2.0414113341122695,18.114353883331134,,73.125,2.0964579582214355
2016-04-12,2.040222406387329,1.997428783975941,19.733941482108275,,74.76635514018692,2.1454169750213623
2016-04-13,2.119866132736206,2.089949546640026,29.528758951375856,,82.91925465838509,2.2291669845581055
2016-04-14,2.12125301361084,2.1204610511348347,33.38947388501383,,87.30650154798761,2.2306249141693115
2016-04-15,2.1050074100494385,2.1143182393254882,32.95847796698691,,86.41975308641975,2.2135419845581055
2016-04-18,2.136111259460449,2.0875721135449203,36.27363805879368,,90.46153846153845,2.2462499141693115
2016-04-19,2.099261522293091,2.1575082762188287,31.624202060709976,,84.96932515337423,2.2074999809265137
2016-04-20,2.10441255569458,2.096487039318353,30.003270540019816,,82.56880733944955,2.2129170894622803
2016-04-21,2.1050074100494385,2.1032244177583252,29.34338555406103,,81.40243902439023,2.2135419845581055
2016-04-22,2.009711503982544,2.0241747339708698,12.161062553077667,,64.13373860182371,2.113332986831665
2016-04-25,2.008127212524414,1.9877205239454538,1.9644219664081295,,50.60606060606061,2.1116669178009033
2016-04-26,1.9805879592895508,2.0198155952678096,-8.463131141845682,,38.972809667673715,2.0827078819274902
2016-04-27,1.9330400228500366,1.9205586233725809,-19.327472466776392,,26.20481927710843,2.032707929611206
2016-04-28,1.8644908666610718,1.9393795774003748,-29.756622584010657,,12.012012012012011,1.9606250524520874
2016-04-29,1.8347735404968262,1.8581511647585864,-33.695760455407004,,7.18562874251497,1.9293750524520874
2016-05-02,1.8833129405975342,1.8462641584647512,-30.975481684877487,,10.44776119402985,1.980417013168335
2016-05-03,1.8331882953643799,1.843886701435162,-33.68692683573198,,7.440476190476191,1.9277080297470093
2016-05-04,1.796932578086853,1.7995087794335733,-37.62808758672173,,4.451038575667656,1.8895829916000366
2016-05-05,1.7959426641464233,1.8139710853703344,-39.78285849977241,,1.4792899408284024,1.8885420560836792
2016-05-06,1.8218954801559448,1.7672148274085397,-37.28278061924789,,5.014749262536873,1.9158329963684082
2016-05-09,1.8379430770874023,1.8236785738577284,-34.45129023171489,,6.764705882352941,1.9327080249786377
2016-05-10,1.9150116443634033,1.8575569645198486,-23.55430800550832,,19.64809384164223,2.0137500762939453
2016-05-11,1.8627079725265503,1.9056992982797363,-23.62191982025173,,19.5906432748538,1.9587500095367432
2016-05-12,1.8365565538406372,1.8773692517195348,-26.32904721356557,,16.61807580174927,1.931249976158142
2016-05-13,1.8143678903579712,1.8353680435529043,-29.8167266606741,,13.372093023255813,1.9079170227050781
2016-05-16,1.8843028545379639,1.8216978125602408,-23.162999213270087,,21.44927536231884,1.9814579486846924
2016-05-17,1.8119902610778809,1.8821241576140004,-27.56323197634733,,15.895953757225435,1.9054169654846191
2016-05-18,1.8325937986373901,1.8018860469902138,-27.099051912238636,,16.138328530259365,1.9270830154418945
2016-05-19,1.8036693334579468,1.810207273670069,-29.873216212905774,,13.218390804597702,1.8966670036315918
2016-05-20,1.8638969659805298,1.825660468879833,-21.803916337422308,,24.355300859598856,1.9600000381469727
2016-05-23,1.8547838926315308,1.8686518487387354,-18.505014220205688,,31.142857142857146,1.9504170417785645
2016-05-24,1.9683057069778442,1.8866803063290822,0.6037288739990989,,50.997150997150996,2.0697920322418213
2016-05-25,2.0107028484344482,1.9908913196265279,17.44884705912979,,72.72727272727273,2.114375114440918
2016-05-26,2.0275423526763916,2.0174384279801094,27.663440270484806,,81.30311614730878,2.132082939147949
2016-05-27,2.0580532550811768,2.03091068985341,33.76357386981491,,88.4180790960452,2.1641669273376465
2016-05-31,2.070336103439331,2.069346207158123,36.81887984237392,,92.11267605633803,2.1770830154418945
2016-06-01,2.0711288452148438,2.0515150264222943,38.16759602510116,,93.53932584269663,2.177917003631592
2016-06-02,2.0828170776367188,2.0570620947678004,39.800331612122015,,96.07843137254902,2.1902079582214355
2016-06-03,2.054288625717163,2.070930492814874,37.32028153815358,,92.45810055865921,2.160207986831665
2016-06-06,2.0762786865234375,2.063599585174436,37.46123353287343,,92.47910863509749,2.183332920074463
2016-06-07,2.061619758605957,2.0830165754266314,35.82061651601969,,89.16666666666667,2.167917013168335
2016-06-08,2.070732593536377,2.0729121337757572,35.930202148719424,,89.19667590027701,2.177500009536743
2016-06-09,2.061619758605957,2.045967787127145,34.71246274875648,,88.12154696132598,2.167917013168335
2016-06-10,1.9922775030136108,2.0061453446349193,23.32956972693149,,75.75757575757575,2.0950000286102295
2016-06-13,1.9411630630493164,1.9587959572536522,9.197280381054341,,61.26373626373627,2.041249990463257
2016-06-14,1.9421535730361938,1.9253128723604276,1.6222051182147381,,51.23287671232877,2.0422921180725098
2016-06-15,1.9247184991836548,1.9548327853095695,-4.6608816214860695,,44.80874316939891,2.0239579677581787
2016-06-16,1.9385876655578613,1.896388414098077,-5.815870906282025,,43.32425068119891,2.0385420322418213
2016-06-17,1.8722178936004639,1.9306625791949277,-15.14782361061671,,34.23913043478261,1.96875
2016-06-20,1.9058984518051147,1.9393801152181962,-17.99833244768749,,30.081300813008134,2.004167079925537
2016-06-21,1.9249179363250732,1.9175868995969032,-18.044634787848473,,30.0,2.024167060852051
2016-06-22,1.912436604499817,1.9304649154441034,-20.606741026189038,,25.60646900269542,2.0110421180725098
2016-06-23,1.993070125579834,1.956814435227282,-7.18682856321492,,41.935483870967744,2.0958330631256104
2016-06-24,1.7489885091781616,1.783064537769547,-24.212588999937097,,18.498659517426276,1.8391669988632202
2016-06-27,1.6471549272537231,1.7091666086692066,-33.45555205441587,,8.288770053475936,1.7320829629898071
2016-06-28,1.7503751516342163,1.6972796701676405,-30.749278524560154,,11.466666666666667,1.8406250476837158
2016-06-29,1.8413113355636597,1.793168623475919,-20.711046193447828,,26.063829787234045,1.9362499713897705
2016-06-30,1.9082757234573364,1.8524064433911742,-8.523400367375718,,41.37931034482759,2.006666898727417
2016-07-01,1.9344274997711182,1.9049074611314694,0.12434174918034026,,50.52910052910053,2.0341670513153076
2016-07-05,1.900152564048767,1.9094644127984353,1.428897747335706,,51.97889182058047,1.9981249570846558
2016-07-06,1.9449272155761719,1.874198943349915,6.365010745492548,,59.73684210526316,2.045207977294922
2016-07-07,1.9633519649505615,1.9536443623736286,11.20950932315706,,64.82939632545933,2.0645830631256104
2016-07-08,2.0540904998779297,1.9924752465128528,22.32488962511554,,75.13089005235602,2.1600000858306885
2016-07-11,2.0891575813293457,2.077468145053606,29.15705229283,,81.20104438642298,2.1968750953674316
2016-07-12,2.122044801712036,2.12798848690649,33.61213852071111,,86.97916666666666,2.2314579486846924
2016-07-13,2.1071860790252686,2.139281301177946,34.61733805182815,,88.31168831168831,2.2158329486846924
2016-07-14,2.14997935295105,2.148989456818432,37.39346057788395,,92.74611398963731,2.2608330249786377
2016-07-15,2.13789439201355,2.1638482157196264,37.256424634588434,,91.7312661498708,2.2481250762939453
2016-07-18,2.180490255355835,2.143640316458632,39.038010684897415,,95.10309278350515,2.292917013168335
2016-07-19,2.157904624938965,2.159489002885521,38.12532071245139,,93.31619537275064,2.269166946411133
2016-07-20,2.231802463531494,2.1909897667911036,39.91365903467356,,96.66666666666667,2.346874952316284
2016-07-21,2.218529462814331,2.238538701699781,39.87405475972023,,96.16368286445012,2.3329169750213623
2016-07-22,2.244283676147461,2.223679055502156,40.99794912352975,,98.21428571428571,2.359999895095825
2016-07-25,2.246264934539795,2.2393315800135007,41.65286897767241,,98.47328244274809,2.3620829582214355
2016-07-26,2.253793478012085,2.2440861023507916,41.51107542366644,,98.22335025380711,2.369999885559082
2016-07-27,2.2977757453918457,2.3090684054496,41.67175086008068,,98.48101265822785,2.416249990463257
2016-07-28,2.3227391242980957,2.310455432628287,42.42375162153461,,99.4949494949495,2.442500114440918
2016-07-29,2.337994337081909,2.339380781171286,42.452079907167914,,99.49622166246851,2.4585421085357666
2016-08-01,2.374645233154297,2.3437387556352736,42.87285560348767,,99.49748743718592,2.4970829486846924
2016-08-02,2.3211536407470703,2.364541518766633,39.461516005530264,,93.48370927318295,2.44083309173584
2016-08-03,2.3431448936462402,2.3160032361291014,38.93626518039724,,92.5,2.4639580249786377
2016-08-04,2.3641459941864014,2.3425503408691344,39.37431023984713,,92.76807980049875,2.486042022705078
2016-08-05,2.4324963092803955,2.4023817970978887,41.00100717461711,,96.76616915422885,2.5579171180725098
2016-08-08,2.4247703552246094,2.436657499137672,40.966447332074594,,96.27791563275434,2.5497920513153076
2016-08-09,2.4408175945281982,2.428930452421813,41.13558744178612,,96.78217821782178,2.566667079925537
2016-08-10,2.4219954013824463,2.4426000180823046,39.25889210217855,,91.85185185185185,2.546875
2016-08-11,2.453298568725586,2.4447787979514612,40.28449657349322,,94.82758620689656,2.579792022705078
2016-08-12,2.457855224609375,2.4388358869543345,41.24268154720571,,96.80589680589681,2.584583044052124
2016-08-15,2.488762140274048,2.4665731358572893,41.992463430523806,,98.0392156862745,2.6170830726623535
2016-08-16,2.4495339393615723,2.4742990242827383,38.220303785389916,,89.24205378973105,2.5758330821990967
2016-08-17,2.461026191711426,2.4495346881788667,36.70474748689603,,86.09756097560975,2.5879170894622803
2016-08-18,2.4634032249450684,2.4532993002573416,35.92067813336263,,84.18491484184915,2.59041690826416
2016-08-19,2.4600348472595215,2.44993092298451,35.08602062713283,,83.49514563106796,2.5868749618530273
2016-08-22,2.4624123573303223,2.4483456739297993,34.63048958293975,,82.56658595641646,2.5893750190734863
2016-08-23,2.4770734310150146,2.492327717211417,35.73492469826186,,83.81642512077295,2.6047921180725098
2016-08-24,2.429326295852661,2.473507271367672,27.340048720689897,,73.97590361445782,2.5545830726623535
2016-08-25,2.4178354740142822,2.4101087977165743,19.42340979873168,,67.78846153846155,2.5425000190734863
2016-08-26,2.4295248985290527,2.4210053523444874,17.766944450350085,,66.18705035971223,2.5547919273376465
2016-08-29,2.43626070022583,2.430911497352306,18.416684952751947,,66.74641148325358,2.561875104904175
2016-08-30,2.41426944732666,2.4273453271761105,13.066088485669644,,61.336515513126486,2.538749933242798
2016-08-31,2.4079294204711914,2.403768954505679,6.942890624542295,,55.00000000000001,2.532083034515381
2016-09-01,2.418627977371216,2.409514855874614,4.951312795396705,,52.25653206650831,2.543333053588867
2016-09-02,2.4469587802886963,2.461619944219744,8.202779980350156,,56.39810426540285,2.573124885559082
2016-09-06,2.4923276901245117,2.4616200505374923,20.811587175518056,,69.03073286052009,2.620832920074463
2016-09-07,2.496884822845459,2.500054485878406,27.724071570339078,,74.76415094339622,2.625624895095825
2016-09-08,2.4540915489196777,2.4764791657348173,18.007875847288584,,66.11764705882352,2.580625057220459
2016-09-09,2.2680580615997314,2.3942591581384156,-12.115530759479865,,33.80281690140845,2.384999990463257
2016-09-12,2.3843536376953125,2.2339819489567976,-8.617984218738176,,36.53395784543326,2.5072920322418213
2016-09-13,2.32808780670166,2.3524565728768048,-13.971469719860233,,32.71028037383177,2.448124885559082
2016-09-14,2.3580029010772705,2.3340309154779724,-12.799773267953537,,33.56643356643357,2.4795830249786377
2016-09-15,2.467365026473999,2.3615699267224546,2.134366035246294,,48.372093023255815,2.594583034515381
2016-09-16,2.4645919799804688,2.461223702755415,9.607963740343212,,58.0046403712297,2.5916669368743896
2016-09-19,2.432297706604004,2.4834122565205647,9.462333150987229,,57.407407407407405,2.5577080249786377
2016-09-20,2.445770502090454,2.456666615585199,11.094358109273816,,58.89145496535797,2.5718750953674316
2016-09-21,2.516895294189453,2.4764791413971885,19.711646052921438,,68.66359447004609,2.646667003631592
2016-09-22,2.5757362842559814,2.5640468487761527,27.26534945312452,,74.71264367816092,2.7085421085357666
2016-09-23,2.52937650680542,2.567613116582117,24.383116691418248,,72.70642201834863,2.659791946411133
2016-09-26,2.4665732383728027,2.485790287343037,15.300979115154023,,63.84439359267735,2.59375
2016-09-27,2.536508798599243,2.463798593904477,17.672206870559783,,65.75342465753424,2.6672921180725098
2016-09-28,2.5503766536712646,2.545621932767431,20.749850494875382,,69.24829157175398,2.681874990463257
2016-09-29,2.4962902069091797,2.539480373780818,15.899249664156073,,64.0909090909091,2.625
2016-09-30,2.547603130340576,2.5192729599809907,18.51671358859659,,67.57369614512471,2.678957939147949
2016-10-03,2.541858196258545,2.5388864668754927,19.251870177980674,,67.87330316742081,2.672916889190674
2016-10-04,2.5273942947387695,2.5598860556280063,17.675341445191236,,65.46275395033861,2.657707929611206
2016-10-05,2.5537450313568115,2.550376754377338,19.871523416235508,,68.91891891891892,2.6854169368743896
2016-10-06,2.5497827529907227,2.5442356156199515,20.512575045179915,,69.21348314606742,2.6812500953674316
2016-10-07,2.5331406593322754,2.5579057504958937,18.344866635796215,,66.14349775784754,2.663749933242798
2016-10-10,2.5785090923309326,2.570584708701881,22.639634965770107,,71.58836689038031,2.7114579677581787
2016-10-11,2.471921443939209,2.5731595051139102,9.953696190289357,,56.47321428571429,2.599375009536743
2016-10-12,2.4667704105377197,2.4744970873093726,1.0267546163578685,,44.32071269487751,2.5939579010009766
2016-10-13,2.4378461837768555,2.4152608581284625,-9.749532443294317,,33.55555555555556,2.563541889190674
2016-10-14,2.443392753601074,2.470733021491525,-15.184645257254893,,29.490022172949004,2.5693750381469727
2016-10-17,2.42655348777771,2.4427988061657753,-20.643004178017197,,21.902654867256636,2.5516669750213623
2016-10-18,2.488762140274048,2.511149758794469,-13.191479724937368,,31.788079470198678,2.6170830726623535
2016-10-19,2.4897522926330566,2.4842053830715924,-8.997933653969087,,34.58149779735683,2.6181249618530273
2016-10-20,2.4792518615722656,2.478261738766423,-8.522531031046835,,36.48351648351648,2.6070830821990967
2016-10-21,2.5061967372894287,2.4846013110505862,-3.596385938581322,,41.66666666666667,2.6354169845581055
2016-10-24,2.5975284576416016,2.5569146023876628,14.560464953902647,,62.58205689277899,2.7314579486846924
2016-10-25,2.571575403213501,2.5999057933545258,17.831176604287126,,66.15720524017468,2.704166889190674
2016-10-26,2.522244453430176,2.5220456126186623,11.408707006587159,,58.605664488017425,2.652292013168335
2016-10-27,2.486978530883789,2.5531507995546185,2.1155642955985985,,46.95652173913044,2.6152079105377197
2016-10-28,2.4439868927001953,2.463402776216517,-9.680224470092831,,33.622559652928416,2.569999933242798
2016-10-31,2.430119514465332,2.467761644927406,-17.869326280003776,,25.757575757575758,2.555417060852051
2016-11-01,2.3801937103271484,2.445770594963846,-24.249325062345658,,15.334773218142548,2.5029170513153076
2016-11-02,2.3181817531585693,2.372268038496058,-32.597302351934935,,7.758620689655173,2.4377079010009766
2016-11-03,2.2514164447784424,2.308672168440481,-38.09743020699471,,3.4408602150537635,2.367500066757202
2016-11-04,2.2258591651916504,2.2306138865342073,-41.33448026551619,,0.6437768240343348,2.340625047683716
2016-11-07,2.3853440284729004,2.3336352147003643,-28.756501311501353,,11.991434689507495,2.5083329677581787
2016-11-08,2.4321000576019287,2.3774195175284043,-16.609245274475406,,28.63247863247863,2.557499885559082
2016-11-09,2.466176748275757,2.345919301610747,-6.328175928995529,,39.6588486140725,2.5933330059051514
2016-11-10,2.3488900661468506,2.4960923140185316,-13.212546203214506,,32.12765957446809,2.4700000286102295
2016-11-11,2.346909523010254,2.3126347659626143,-17.16885772768856,,27.81316348195329,2.467916965484619
2016-11-14,2.2676615715026855,2.3512678899053583,-26.00080035179874,,15.466101694915254,2.384582996368408
2016-11-15,2.3726651668548584,2.3251168098822217,-20.078159794479877,,22.621564482029598,2.494999885559082
2016-11-16,2.4112982749938965,2.336806190998926,-12.612698909624683,,33.54430379746836,2.5356249809265137
2016-11-17,2.4671671390533447,2.409712573955401,-3.036838188317738,,43.368421052631575,2.594374895095825
2016-11-18,2.4394307136535645,2.4717247793338357,-1.019372752063563,,44.32773109243697,2.5652079582214355
2016-11-21,2.5127339363098145,2.454882842822789,7.353573560014937,,55.76519916142557,2.642292022705078
2016-11-22,2.535320281982422,2.543244666316008,14.182202931614492,,63.59832635983263,2.6660420894622803
2016-11-23,2.504809617996216,2.5109519175339297,16.433412492155693,,65.76200417536533,2.633958101272583
2016-11-25,2.528980016708374,2.516696325570904,20.59972523275836,,71.25,2.659374952316284
2016-11-28,2.514913320541382,2.517489408584269,21.207874788765313,,72.14137214137214,2.644582986831665
2016-11-29,2.539083480834961,2.517092192565645,23.25991489492202,,74.06639004149378,2.6700000762939453
2016-11-30,2.4568653106689453,2.544235321536409,14.954520535155568,,63.76811594202898,2.5835421085357666
2016-12-01,2.3219470977783203,2.44438407413591,-4.0905978012551945,,41.942148760330575,2.441667079925537
2016-12-02,2.3312573432922363,2.3241251490599013,-13.135912856978951,,32.16494845360825,2.451457977294922
2016-12-05,2.385146379470825,2.3689008353724943,-11.96652409133618,,33.53909465020576,2.508125066757202
2016-12-06,2.4023823738098145,2.4035711108057622,-10.145455239257686,,34.29158110882957,2.526249885559082
2016-12-07,2.4915359020233154,2.388315972369236,1.6608308231886582,,47.950819672131146,2.619999885559082
2016-12-08,2.506791353225708,2.4978759387709766,9.313256952335031,,57.05521472392638,2.6360421180725098
2016-12-09,2.5654332637786865,2.535121265798096,20.213548951000384,,71.0204081632653,2.6977078914642334
2016-12-12,2.5297718048095703,2.530366059846097,20.992075655135466,,72.30142566191446,2.660207986831665
2016-12-13,2.628634214401245,2.557311574921494,26.61475509055941,,77.03252032520325,2.764167070388794
2016-12-14,2.6094155311584473,2.633784070395967,26.980439394732702,,77.48478701825557,2.743957996368408
2016-12-15,2.625265121459961,2.61654764236825,28.657114346474,,78.74493927125506,2.760624885559082
2016-12-16,2.5933682918548584,2.6375492698707212,24.932560325100443,,75.95959595959596,2.7270829677581787
2016-12-19,2.625068187713623,2.6042658536526995,26.84895934738997,,76.81451612903226,2.7604169845581055
2016-12-20,2.656766176223755,2.6456712230482236,30.85053379514885,,81.08651911468813,2.793750047683716
2016-12-21,2.647454261779785,2.6577570261847185,31.89653809754357,,82.1285140562249,2.7839579582214355
2016-12-22,2.624473810195923,2.648643513871526,28.896773472663202,,78.55711422845691,2.7597920894622803
2016-12-23,2.6325955390930176,2.613775041772357,28.1930923890285,,77.8,2.7683329582214355
2016-12-27,2.6710309982299805,2.64686038885225,29.968383506993028,,80.03992015968065,2.8087499141693115
2016-12-28,2.609217405319214,2.6872756651743583,22.176031652220015,,71.31474103585657,2.7437500953674316
2016-12-29,2.5965383052825928,2.6078309647422486,16.53023284129546,,64.41351888667992,2.730417013168335
2016-12-30,2.5206589698791504,2.611397484390282,4.97495031157537,50.79365079365079,50.79365079365079,2.650624990463257
2017-01-03,2.5816800594329834,2.567811082258941,5.1533630539222175,50.99206349206349,50.99206349206349,2.714792013168335
2017-01-04,2.625662326812744,2.5935671069711153,9.622104959892628,56.34920634920635,56.34920634920635,2.7610421180725098
2017-01-05,2.6722195148468018,2.623482432300142,17.44877715474957,64.88095238095238,64.88095238095238,2.809999942779541
2017-01-06,2.739975929260254,2.677172163714941,26.650171453009726,75.9920634920635,75.9920634920635,2.8812499046325684
2017-01-09,2.7677130699157715,2.7467118981026157,32.01037529447066,82.34126984126983,82.34126984126983,2.910417079925537
2017-01-10,2.7835617065429688,2.7665242014857245,34.14608974364055,84.52380952380952,84.52380952380952,2.9270830154418945
2017-01-11,2.8049588203430176,2.7855438392717,37.4987063403261,90.27777777777779,90.27777777777779,2.949583053588867
2017-01-12,2.790693521499634,2.7772222291633804,37.242971756019855,88.88888888888889,88.88888888888889,2.9345829486846924
2017-01-13,2.822789430618286,2.7998082382167633,38.56471367169847,92.06349206349206,92.06349206349206,2.9683330059051514
2017-01-17,2.7962417602539062,2.7974304971372925,36.04333727947802,86.90476190476191,86.90476190476191,2.9404170513153076
2017-01-18,2.8152616024017334,2.8093179169176348,36.3071939428243,87.3015873015873,87.3015873015873,2.9604170322418213
2017-01-19,2.807732582092285,2.823185709372567,34.46890881887367,83.92857142857143,83.92857142857143,2.952500104904175
2017-01-20,2.8259592056274414,2.8449785403091776,34.53606841165886,84.12698412698413,84.12698412698413,2.9716670513153076
2017-01-23,2.832298517227173,2.8172419395768062,35.175593596846355,85.31746031746032,85.31746031746032,2.978332996368408
2017-01-24,2.891338348388672,2.8477516330716077,38.5487606867715,91.86507936507937,91.86507936507937,3.040416955947876
2017-01-25,2.9757373332977295,2.9436421134815207,41.36332091484682,97.42063492063492,97.42063492063492,3.129167079925537
2017-01-26,2.9880199432373047,2.9892086802950644,42.272296488717885,98.61111111111111,98.61111111111111,3.142082929611206
2017-01-27,3.002284526824951,3.0034732638690995,43.079401865233976,99.60317460317461,99.60317460317461,3.157083034515381
2017-01-30,2.9341320991516113,2.970585488120914,38.05392791014092,89.68253968253968,89.68253968253968,3.0854170322418213
2017-01-31,2.9178855419158936,2.9040177010559822,33.56966779557204,81.15079365079364,81.15079365079364,3.0683329105377197
2017-02-01,2.9733593463897705,2.974943724223538,35.55312345710198,84.52380952380952,84.52380952380952,3.126667022705078
2017-02-02,2.9658310413360596,2.9583020713188417,35.33383537374092,84.32539682539682,84.32539682539682,3.1187500953674316
2017-02-03,2.9915859699249268,2.9777179008059074,37.42654914873552,88.69047619047619,88.69047619047619,3.1458330154418945
2017-02-06,3.002681255340576,2.976926266992003,39.221997767233965,92.06349206349206,92.06349206349206,3.1575000286102295
2017-02-07,3.0335874557495117,3.018530649396302,39.81774179234853,93.65079365079364,93.65079365079364,3.190000057220459
2017-02-08,3.0506255626678467,3.0228887465636394,41.00104099720609,96.23015873015873,96.23015873015873,3.2079169750213623
2017-02-09,3.082324504852295,3.0589467664594037,41.45166039213491,97.02380952380952,97.02380952380952,3.2412500381469727
2017-02-10,3.1128342151641846,3.103721094587331,42.296940753948626,98.4126984126984,98.4126984126984,3.2733330726623535
2017-02-13,3.1675148010253906,3.142156364777487,42.903253823955225,99.40476190476191,99.40476190476191,3.3308329582214355
2017-02-14,3.197232723236084,3.1694968115850646,43.75144848496964,100.0,100.0,3.3620829582214355
2017-02-15,3.252310037612915,3.1932710964532096,43.97970962152358,100.0,100.0,3.4200000762939453
2017-02-16,3.249535322189331,3.260233726087441,43.05446692614714,99.0079365079365,99.0079365079365,3.4170830249786377
2017-02-17,3.290348529815674,3.236064312932318,43.792178540677696,99.8015873015873,99.8015873015873,3.4600000381469727
2017-02-21,3.342651605606079,3.313330412542466,44.10190922946501,100.0,100.0,3.515000104904175
2017-02-22,3.3430488109588623,3.3323504039625513,44.10482637228665,100.0,100.0,3.5154170989990234
2017-02-23,3.306990623474121,3.3577086331179586,41.80466820211743,96.03174603174604,96.03174603174604,3.4774999618530273
2017-02-24,3.3248209953308105,3.259442051616581,41.40811717847989,95.03968253968253,95.03968253968253,3.4962499141693115
2017-02-27,3.3347275257110596,3.307387254074667,41.62476215060404,95.43650793650794,95.43650793650794,3.506666898727417
2017-02-28,3.3085756301879883,3.335122802962198,40.05496339138739,91.86507936507937,91.86507936507937,3.4791669845581055
2017-03-01,3.4155592918395996,3.366425666779969,41.327797739997344,94.24603174603175,94.24603174603175,3.5916669368743896
2017-03-02,3.361671209335327,3.413974274386282,38.18729879609942,87.6984126984127,87.6984126984127,3.5350000858306885
2017-03-03,3.379105567932129,3.353747129014446,37.55417566549756,86.90476190476191,86.90476190476191,3.553333044052124
2017-03-06,3.3557279109954834,3.3426522565914523,34.8321102054272,80.95238095238095,80.95238095238095,3.528749942779541
2017-03-07,3.339085578918457,3.3343306312696375,31.054383191036273,75.9920634920635,75.9920634920635,3.5112500190734863
2017-03-08,3.356123685836792,3.347406207028341,30.378233068967415,75.0,75.0,3.5291669368743896
2017-03-09,3.3664257526397705,3.3553307995297397,31.034759702950343,75.79365079365078,75.79365079365078,3.5399999618530273
2017-03-10,3.403275966644287,3.409616199485477,33.9147220666466,78.96825396825396,78.96825396825396,3.578749895095825
2017-03-13,3.4230873584747314,3.4001063959821445,37.03699400997375,84.72222222222221,84.72222222222221,3.5995829105377197
2017-03-14,3.3977291584014893,3.3997100844491044,35.002368413442774,80.95238095238095,80.95238095238095,3.5729169845581055
2017-03-15,3.457164764404297,3.4211070117963533,36.280957900250115,83.13492063492063,83.13492063492063,3.6354169845581055
2017-03-16,3.4551827907562256,3.480938910301005,36.25104049235744,82.73809523809523,82.73809523809523,3.6333329677581787
2017-03-17,3.446861505508423,3.4631077273677455,34.66606969554717,79.76190476190477,79.76190476190477,3.6245830059051514
2017-03-20,3.457164764404297,3.4468619987473184,34.8718794746496,80.15873015873017,80.15873015873017,3.6354169845581055
2017-03-21,3.303027868270874,3.4955989556280658,5.298316356522849,44.84126984126984,44.84126984126984,3.4733328819274902
2017-03-22,3.368011236190796,3.305009538275879,-1.6978887019367945,36.904761904761905,36.904761904761905,3.5416669845581055
2017-03-23,3.341066837310791,3.3557277762014825,-9.544011630865171,29.761904761904763,29.761904761904763,3.5133330821990967
2017-03-24,3.3592941761016846,3.3727666054474876,-10.983750493858977,28.57142857142857,28.57142857142857,3.5325000286102295
2017-03-27,3.377124547958374,3.290745334325408,-9.363355031712803,29.96031746031746,29.96031746031746,3.5512499809265137
2017-03-28,3.440523147583008,3.376728343661507,2.4639518184311666,42.26190476190476,42.26190476190476,3.617917060852051
2017-03-29,3.4860892295837402,3.4436921528947897,15.28765381504463,55.952380952380956,55.952380952380956,3.665832996368408
2017-03-30,3.5035240650177,3.4849003683831445,23.39436194012031,66.66666666666666,66.66666666666666,3.68416690826416
2017-03-31,3.4952034950256348,3.4880712993414735,25.584052603825924,68.25396825396825,68.25396825396825,3.675416946411133
2017-04-03,3.4876742362976074,3.505504836239045,25.068809244673535,68.05555555555556,68.05555555555556,3.6675000190734863
2017-04-04,3.5035240650177,3.4571644577781866,26.855559242192307,69.24603174603175,69.24603174603175,3.68416690826416
2017-04-05,3.463503360748291,3.520561597268836,17.266598953196247,57.14285714285714,57.14285714285714,3.642082929611206
2017-04-06,3.466277837753296,3.475390959318427,12.52324070959863,51.78571428571429,51.78571428571429,3.6449999809265137
2017-04-07,3.4623146057128906,3.463899890513591,9.017373863128912,47.61904761904761,47.61904761904761,3.6408329010009766
2017-04-10,3.466277837753296,3.474202222283895,7.972214329362524,46.82539682539682,46.82539682539682,3.6449999809265137
2017-04-11,3.422692060470581,3.452805218829769,-0.4265138969376663,35.91269841269841,35.91269841269841,3.5991671085357666
2017-04-12,3.3775205612182617,3.4187288953627917,-10.991016916120525,26.785714285714285,26.785714285714285,3.5516669750213623
2017-04-13,3.3375000953674316,3.3640481736121717,-21.305785188377044,16.46825396825397,16.46825396825397,3.509582996368408
2017-04-17,3.416748285293579,3.3656337306190984,-16.563636496017594,22.42063492063492,22.42063492063492,3.592916965484619
2017-04-18,3.406841993331909,3.385048634442962,-15.141563376667635,23.61111111111111,23.61111111111111,3.5824999809265137
2017-04-19,3.418729305267334,3.4460695753988957,-12.949977489228306,25.992063492063494,25.992063492063494,3.5950000286102295
2017-04-20,3.501542329788208,3.4603342171356126,0.4559514889371904,37.5,37.5,3.6820828914642334
2017-04-21,3.499957799911499,3.513033451807392,7.264543175877697,46.03174603174603,46.03174603174603,3.680417060852051
2017-04-24,3.627150297164917,3.615658794492201,22.20841899534766,63.69047619047619,63.69047619047619,3.814167022705078
2017-04-25,3.7075860500335693,3.663207138258846,31.041773758515784,74.40476190476191,74.40476190476191,3.898750066757202
2017-04-26,3.691340208053589,3.7111517347924954,32.76921091366733,75.79365079365078,75.79365079365078,3.881666898727417
2017-04-27,3.7559258937835693,3.7190757323470924,37.39381648064665,85.9126984126984,85.9126984126984,3.949583053588867
2017-04-28,3.7773234844207764,3.801494093677956,38.67779966047539,88.88888888888889,88.88888888888889,3.97208309173584
2017-05-01,3.8724193572998047,3.812191687816491,40.25465021248992,91.86507936507937,91.86507936507937,4.072082996368408
2017-05-02,3.8954014778137207,3.891438719419249,41.74847061023272,95.83333333333334,95.83333333333334,4.096250057220459
2017-05-03,3.856966495513916,3.8716276603863293,40.328244971166264,91.86507936507937,91.86507936507937,4.055832862854004
2017-05-04,3.860929250717163,3.858948551468683,39.722058422017085,89.88095238095238,89.88095238095238,4.059999942779541
2017-05-05,3.902930736541748,3.88866634618655,41.26830548486636,93.84920634920636,93.84920634920636,4.1041669845581055
2017-05-08,3.926307201385498,3.9088731526909184,42.01868881020726,96.42857142857143,96.42857142857143,4.128749847412109
2017-05-09,3.969498872756958,3.9449314891997527,41.91781153649002,96.03174603174604,96.03174603174604,4.174167156219482
2017-05-10,3.9758377075195312,3.9738570081517226,42.067664985830774,96.42857142857143,96.42857142857143,4.180832862854004
2017-05-11,3.966327428817749,3.943741656537061,41.43098656889714,94.04761904761905,94.04761904761905,4.170833110809326
2017-05-12,3.9920830726623535,3.9714784540500356,42.12715998347606,96.42857142857143,96.42857142857143,4.1979169845581055
2017-05-15,4.029329299926758,3.9960455733485616,42.85834222804959,97.81746031746032,97.81746031746032,4.2370829582214355
2017-05-16,4.080049514770508,4.057859602107101,43.57294111544091,99.0079365079365,99.0079365079365,4.290417194366455
2017-05-17,3.771378993988037,3.9841578964927296,18.48576691087265,56.94444444444444,56.94444444444444,3.9658329486846924
2017-05-18,3.866872787475586,3.7658326370816524,10.068379855243276,47.22222222222222,47.22222222222222,4.066249847412109
2017-05-19,3.9136290550231934,3.9045150271334315,8.818741522691138,44.84126984126984,44.84126984126984,4.115417003631592
2017-05-22,4.0150651931762695,3.940969445583799,15.125725426054995,52.182539682539684,52.182539682539684,4.22208309173584
2017-05-23,4.024970531463623,4.04795262384595,18.633098670411723,57.14285714285714,57.14285714285714,4.232500076293945
2017-05-24,4.080443859100342,4.058651633839897,24.844714328285455,64.28571428571429,64.28571428571429,4.290832996368408
2017-05-25,4.18782377243042,4.125218631319721,29.518646105274737,68.84920634920636,68.84920634920636,4.403749942779541
2017-05-26,4.205656051635742,4.184655556947438,32.858554146029874,73.01587301587301,73.01587301587301,4.422500133514404
2017-05-30,4.2143731117248535,4.195353770992628,34.35928480694715,75.59523809523809,75.59523809523809,4.431666851043701
2017-05-31,4.209221363067627,4.252807177241204,33.32385527817714,73.61111111111111,73.61111111111111,4.426249980926514
2017-06-01,4.259543418884277,4.234183849196885,36.18355251567284,79.76190476190477,79.76190476190477,4.4791669845581055
2017-06-02,4.404962062835693,4.301544433552999,38.84514557018641,86.5079365079365,86.5079365079365,4.632082939147949
2017-06-05,4.401395320892334,4.401395320892334,39.5241239204613,88.09523809523809,88.09523809523809,4.62833309173584
2017-06-06,4.351470947265625,4.385548234355633,36.30221457555082,79.96031746031747,79.96031746031747,4.575832843780518
2017-06-07,4.39901876449585,4.382376898655518,36.9993080548478,81.34920634920636,81.34920634920636,4.625833034515381
2017-06-08,4.410904884338379,4.4263582370200325,37.60249340817608,83.92857142857143,83.92857142857143,4.638332843780518
2017-06-09,4.091935634613037,4.426755436270275,13.41805462729495,49.007936507936506,49.007936507936506,4.302917003631592
2017-06-12,4.017839431762695,3.9782154655286033,-4.1497701329921135,32.34126984126984,32.34126984126984,4.224999904632568
2017-06-13,4.111745834350586,4.080442814890679,-8.154579341960588,29.166666666666668,29.166666666666668,4.323750019073486
2017-06-14,4.05666971206665,4.160087332916237,-13.493932061795789,23.214285714285715,23.214285714285715,4.265832901000977
2017-06-15,4.001989364624023,3.932648564113045,-19.36592783124682,18.650793650793652,18.650793650793652,4.2083330154418945
2017-06-16,3.9540457725524902,3.994065153263165,-24.79335283619117,12.5,12.5,4.157917022705078
2017-06-19,4.1454267501831055,4.0641976918144636,-18.850135078835223,19.444444444444446,19.444444444444446,4.359167098999023
2017-06-20,4.05151891708374,4.135520869949523,-21.946228481384555,15.277777777777779,15.277777777777779,4.2604169845581055
2017-06-21,4.169201850891113,4.07648218161279,-15.813188649703672,22.22222222222222,22.22222222222222,4.384167194366455
2017-06-22,4.1644463539123535,4.187823861943589,-13.053523134545046,24.6031746031746,24.6031746031746,4.379167079925537
2017-06-23,4.2112016677856445,4.149785484528016,-8.078108515785686,29.96031746031746,29.96031746031746,4.428332805633545
2017-06-26,4.155332565307617,4.280543310837313,-9.84873450880429,27.18253968253968,27.18253968253968,4.3695831298828125
2017-06-27,3.9267048835754395,4.106992042997565,-24.57500826160678,12.698412698412698,12.698412698412698,4.129167079925537
2017-06-28,4.091537952423096,3.967912506902433,-22.818804906849458,14.880952380952381,14.880952380952381,4.302499771118164
2017-06-29,3.883117914199829,4.041216062931425,-29.78509389584687,9.920634920634921,9.920634920634921,4.0833330154418945
2017-06-30,3.8696470260620117,3.9167988240487386,-33.86931771016536,5.753968253968254,5.753968253968254,4.069167137145996
2017-07-03,3.764247179031372,3.938591786821451,-39.37532672004608,1.5873015873015872,1.5873015873015872,3.9583330154418945
2017-07-05,3.8716282844543457,3.793173445617416,-38.051930002645214,3.7698412698412698,3.7698412698412698,4.071249961853027
2017-07-06,3.7693984508514404,3.7820777825038867,-40.28665479615515,0.992063492063492,0.992063492063492,3.963749885559082
2017-07-07,3.882326126098633,3.8066450939165795,-36.90610917757889,4.563492063492063,4.563492063492063,4.082499980926514
2017-07-10,3.9635543823242188,3.896986930962729,-31.464515084740036,8.73015873015873,8.73015873015873,4.167916774749756
2017-07-11,3.996044397354126,3.9461183687227783,-24.683487475408718,12.698412698412698,12.698412698412698,4.202083110809326
2017-07-12,4.138294219970703,4.0962927945957,-12.226222472601119,25.992063492063494,25.992063492063494,4.3516669273376465
2017-07-13,4.165635108947754,4.154540382590245,-3.180702913051097,34.32539682539682,34.32539682539682,4.3804168701171875
2017-07-14,4.263504981994629,4.214767905447605,8.33915746058585,44.44444444444444,44.44444444444444,4.483333110809326
2017-07-17,4.265882968902588,4.277374470893232,14.20472031318963,50.0,50.0,4.485833168029785
2017-07-18,4.350677490234375,4.257166086127776,20.404928182889183,56.94444444444444,56.94444444444444,4.574999809265137
2017-07-19,4.430321216583252,4.38831978275187,24.13762516429055,61.70634920634921,61.70634920634921,4.658750057220459
2017-07-20,4.446963310241699,4.462812985735759,26.089664038694643,63.29365079365079,63.29365079365079,4.676249980926514
2017-07-21,4.440227508544922,4.391885841259198,26.743210032857114,64.28571428571429,64.28571428571429,4.6691670417785645
2017-07-24,4.498076915740967,4.439037759922616,29.042735436591023,67.06349206349206,67.06349206349206,4.730000019073486
2017-07-25,4.467962741851807,4.4564726015819165,27.899625877389695,65.87301587301587,65.87301587301587,4.698332786560059
2017-07-26,4.507983684539795,4.496492183360772,29.364325208893515,67.65873015873017,67.65873015873017,4.740417003631592
2017-07-27,4.427546501159668,4.598720974382626,22.917844606351277,59.92063492063492,59.92063492063492,4.655832767486572
2017-07-28,4.41328239440918,4.3494887375177695,18.54908391577654,54.563492063492056,54.563492063492056,4.640832901000977
2017-07-31,4.355829238891602,4.449340643559765,11.979128694236367,47.023809523809526,47.023809523809526,4.580417156219482
2017-08-01,4.3843584060668945,4.399414986472629,10.188063745392686,46.230158730158735,46.230158730158735,4.610416889190674
2017-08-02,4.416454315185547,4.46717256201618,11.39083729378998,46.62698412698413,46.62698412698413,4.644166946411133
2017-08-03,4.37048864364624,4.433094695433757,8.326744104780474,43.452380952380956,43.452380952380956,4.595832824707031
2017-08-04,4.387526035308838,4.396243738721427,7.396333406539142,42.65873015873016,42.65873015873016,4.613749980926514
2017-08-07,4.465190410614014,4.4132827579512295,12.0936102786561,47.22222222222222,47.22222222222222,4.6954169273376465
2017-08-08,4.448547840118408,4.4453772707182475,12.899084142392594,48.01587301587302,48.01587301587302,4.677917003631592
2017-08-09,4.431114196777344,4.339583476840912,9.415070340331196,44.44444444444444,44.44444444444444,4.65958309173584
2017-08-10,4.14344596862793,4.356621922204724,-17.113764194288677,21.428571428571427,21.428571428571427,4.357082843780518
2017-08-11,4.2381463050842285,4.163653339658027,-24.194346946685396,13.492063492063492,13.492063492063492,4.456666946411133
2017-08-14,4.402981281280518,4.336810142837274,-15.697781213919527,22.61904761904762,22.61904761904762,4.630000114440918
2017-08-15,4.410904884338379,4.427546747169351,-10.604521992907017,27.18253968253968,27.18253968253968,4.638332843780518
2017-08-16,4.433887958526611,4.441812570489892,-5.340324390551694,32.53968253968254,32.53968253968254,4.662499904632568
2017-08-17,4.161275863647461,4.379998452114539,-23.321856657326432,14.880952380952381,14.880952380952381,4.375833034515381
2017-08-18,4.146615505218506,4.167615992976027,-31.728715850580485,8.134920634920634,8.134920634920634,4.360416889190674
2017-08-21,4.139087677001953,4.153748843007985,-34.749266461634384,5.357142857142857,5.357142857142857,4.352499961853027
2017-08-22,4.323337078094482,4.20010793438784,-25.05763436642454,12.5,12.5,4.546249866485596
2017-08-23,4.274997234344482,4.252411457257609,-22.8858848921024,15.476190476190476,15.476190476190476,4.49541711807251
2017-08-24,4.239335536956787,4.306298857545242,-23.927607342206052,14.087301587301587,14.087301587301587,4.457917213439941
2017-08-25,4.210805892944336,4.28252415413842,-25.468314416876193,11.904761904761903,11.904761904761903,4.427917003631592
2017-08-28,4.247655391693115,4.247655391693115,-23.72412590102667,14.087301587301587,14.087301587301587,4.466667175292969
2017-08-29,4.299959659576416,4.137106553187889,-18.71833206001391,19.841269841269842,19.841269841269842,4.521667003631592
2017-08-30,4.448943138122559,4.307486863937207,-3.624643749205675,33.730158730158735,33.730158730158735,4.678332805633545
2017-08-31,4.575343608856201,4.4850014221821874,12.223648499873141,47.42063492063492,47.42063492063492,4.81125020980835
2017-09-01,4.572174072265625,4.610212745559008,18.584912305532335,54.563492063492056,54.563492063492056,4.80791711807251
2017-09-05,4.44973611831665,4.528586796681411,11.626371155923652,46.03174603174603,46.03174603174603,4.679166793823242
2017-09-06,4.488171577453613,4.485794103495254,11.175467292398992,45.23809523809524,45.23809523809524,4.719583034515381
2017-09-07,4.515908241271973,4.514322956462361,13.22881333673222,48.214285714285715,48.214285714285715,4.74875020980835
2017-09-08,4.404566764831543,4.498870368012637,4.421121501957083,37.89682539682539,37.89682539682539,4.631667137145996
2017-09-11,4.544832706451416,4.504019794592719,10.647540252655256,44.642857142857146,44.642857142857146,4.779167175292969
2017-09-12,4.583268165588379,4.588419434625285,16.96807255561818,51.388888888888886,51.388888888888886,4.819582939147949
2017-09-13,4.602288246154785,4.556721727206279,21.626004710979053,58.13492063492064,58.13492063492064,4.839582920074463
2017-09-14,4.524625301361084,4.551569247040143,16.649629701295193,50.99206349206349,50.99206349206349,4.7579169273376465
2017-09-15,4.561079025268555,4.519870688062002,16.962182342152747,50.99206349206349,50.99206349206349,4.796249866485596
2017-09-18,4.549984455108643,4.580890709077084,16.077408354646717,49.801587301587304,49.801587301587304,4.78458309173584
2017-09-19,4.569401264190674,4.5713824173748145,17.26577869243295,51.19047619047619,51.19047619047619,4.804999828338623
2017-09-20,4.5313615798950195,4.567022782804365,13.043378006425133,46.42857142857143,46.42857142857143,4.764999866485596
2017-09-21,4.444189071655273,4.517888944381282,3.3813873917509776,36.30952380952381,36.30952380952381,4.673333168029785
2017-09-22,4.433096408843994,4.400208085464677,-2.573987727878137,32.53968253968254,32.53968253968254,4.6616668701171875
2017-09-25,4.294017314910889,4.3788110333844035,-15.623082631476088,21.428571428571427,21.428571428571427,4.515417098999023
2017-09-26,4.323337078094482,4.356224483575405,-20.099497571418574,17.063492063492063,17.063492063492063,4.546249866485596
2017-09-27,4.440622806549072,4.3922825008998485,-13.408200988041008,22.61904761904762,22.61904761904762,4.669582843780518
2017-09-28,4.433096408843994,4.408529019917722,-12.702987304076846,23.809523809523807,23.809523809523807,4.6616668701171875
2017-09-29,4.527003288269043,4.460039057479727,-3.658810893269912,31.547619047619047,31.547619047619047,4.7604169845581055
2017-10-02,4.539682388305664,4.550380794232349,2.953348984033927,36.11111111111111,36.11111111111111,4.773749828338623
2017-10-03,4.568212032318115,4.556721436355903,9.551599802360933,42.06349206349206,42.06349206349206,4.803750038146973
2017-10-04,4.5800981521606445,4.541663158309195,14.324644209284184,48.01587301587302,48.01587301587302,4.816249847412109
2017-10-05,4.712046146392822,4.633591308211614,22.554944366753407,59.32539682539682,59.32539682539682,4.954999923706055
2017-10-06,4.729084014892578,4.667666467795221,27.664282139151453,65.27777777777779,65.27777777777779,4.972917079925537
2017-10-09,4.717196464538574,4.750876058912164,27.54436746464889,64.88095238095238,64.88095238095238,4.960416793823242
2017-10-10,4.727103233337402,4.761972709028532,27.57888336726562,64.88095238095238,64.88095238095238,4.970832824707031
2017-10-11,4.768311500549316,4.72115879397656,30.790897744182832,69.04761904761905,69.04761904761905,5.014166831970215
2017-10-12,4.742556095123291,4.748104139786311,28.801901759346087,66.26984126984127,66.26984126984127,4.9870829582214355
2017-10-13,4.795651435852051,4.797235813841314,31.240045062157257,70.63492063492063,70.63492063492063,5.042916774749756
2017-10-16,4.845180511474609,4.83170831108246,33.721079213034706,73.61111111111111,73.61111111111111,5.09499979019165
2017-10-17,4.862218379974365,4.839236288010739,35.18802394750601,77.38095238095238,77.38095238095238,5.112916946411133
2017-10-18,4.8435959815979,4.875691202741754,34.29322099001997,74.40476190476191,74.40476190476191,5.093332767486572
2017-10-19,4.790104389190674,4.76038664228526,28.77729376178122,65.47619047619048,65.47619047619048,5.037083148956299
2017-10-20,4.824972629547119,4.847557950317658,27.905326771988253,64.88095238095238,64.88095238095238,5.073750019073486
2017-10-23,4.735026836395264,4.855482173197868,18.67754335258026,53.17460317460318,53.17460317460318,4.9791669845581055
2017-10-24,4.759198188781738,4.757613810442792,15.573359274001364,48.01587301587302,48.01587301587302,5.00458288192749
2017-10-25,4.701346397399902,4.727101379180804,6.873245642385255,37.698412698412696,37.698412698412696,4.943749904632568
2017-10-26,4.657761096954346,4.694611261965781,-2.048196078031153,31.944444444444443,31.944444444444443,4.897916793823242
2017-10-27,5.05914831161499,4.879256583673041,15.581760919487369,48.61111111111111,48.61111111111111,5.320000171661377
2017-10-30,5.095207214355469,5.046470124784721,23.874723572685035,60.71428571428571,60.71428571428571,5.357916831970215
2017-10-31,5.149094581604004,5.1407731956855285,30.147504685275834,69.44444444444444,69.44444444444444,5.414583206176758
2017-11-01,5.142358303070068,5.213681161865241,31.077916719966918,71.42857142857143,71.42857142857143,5.40749979019165
2017-11-02,5.116207122802734,5.12690552921372,29.414314873308495,68.25396825396825,68.25396825396825,5.380000114440918
2017-11-03,5.258851528167725,5.170490042632763,34.133517120677524,75.1984126984127,75.1984126984127,5.53000020980835
2017-11-06,5.312343597412109,5.249738901774657,37.07459018605863,83.13492063492063,83.13492063492063,5.586249828338623
2017-11-07,5.321062088012695,5.300457462634986,38.155306015786664,86.11111111111111,86.11111111111111,5.595417022705078
2017-11-08,5.38762903213501,5.31590985773635,39.74444872483753,90.27777777777779,90.27777777777779,5.665417194366455
2017-11-09,5.301249980926514,5.256475649710351,35.35486170315739,79.16666666666666,79.16666666666666,5.574583053588867
2017-11-10,5.299665451049805,5.26558862179796,32.85186733028592,72.81746031746032,72.81746031746032,5.5729169845581055
2017-11-13,5.315512657165527,5.243794395426832,32.1939422831037,72.42063492063492,72.42063492063492,5.589582920074463
2017-11-14,5.262022018432617,5.262022018432617,27.706244763270426,65.27777777777779,65.27777777777779,5.533332824707031
2017-11-15,5.184754848480225,5.19466106415898,19.456781933245313,54.36507936507936,54.36507936507936,5.452083110809326
2017-11-16,5.378912448883057,5.266381689260096,24.982688032155583,61.70634920634921,61.70634920634921,5.65625
2017-11-17,5.318684101104736,5.384458916399717,23.214806983580754,59.12698412698413,59.12698412698413,5.592916965484619
2017-11-20,5.305607318878174,5.3270041276560045,21.412810725152948,56.547619047619044,56.547619047619044,5.579166889190674
2017-11-21,5.472820281982422,5.379704283665707,27.181623053739123,63.888888888888886,63.888888888888886,5.755000114440918
2017-11-22,5.494613170623779,5.492235696605211,30.377222216408722,69.24603174603175,69.24603174603175,5.77791690826416
2017-11-24,5.556425094604492,5.5156126295964,33.3995231112462,73.80952380952381,73.80952380952381,5.842916965484619
2017-11-27,5.547311305999756,5.549292911943295,33.44037593998922,74.0079365079365,74.0079365079365,5.8333330154418945
2017-11-28,5.588123798370361,5.584954589216385,35.1228131482035,78.37301587301587,78.37301587301587,5.87624979019165
2017-11-29,5.300853252410889,5.574256864783356,12.704955484661246,44.44444444444444,44.44444444444444,5.574166774749756
2017-11-30,5.432404041290283,5.367421412257975,9.322071350193953,40.27777777777778,40.27777777777778,5.712500095367432
2017-12-01,5.359891414642334,5.327399881000082,1.4058676859058896,33.13492063492063,33.13492063492063,5.636250019073486
2017-12-04,5.174849987030029,5.464894992455808,-17.445527982789162,18.849206349206348,18.849206349206348,5.441667079925537
2017-12-05,5.182379245758057,5.165737377834439,-26.397514376947573,10.317460317460316,10.317460317460316,5.449583053588867
2017-12-06,5.250927448272705,5.124924053316078,-26.660071862621805,10.317460317460316,10.317460317460316,5.521667003631592
2017-12-07,5.302834987640381,5.254097899408205,-23.364810134295023,14.484126984126986,14.484126984126986,5.576250076293945
2017-12-08,5.37296724319458,5.420515353001116,-16.77185190360868,20.238095238095237,20.238095238095237,5.650000095367432
2017-12-11,5.49619722366333,5.381289009273227,-3.1511352583596155,31.944444444444443,31.944444444444443,5.779582977294922
2017-12-12,5.475593090057373,5.48827219401054,1.9852764187547063,35.317460317460316,35.317460317460316,5.7579169273376465
2017-12-13,5.502933979034424,5.537802085665526,7.086984922948412,38.69047619047619,38.69047619047619,5.7866668701171875
2017-12-14,5.495008945465088,5.535029228401117,9.034603980405457,40.67460317460318,40.67460317460318,5.7783331871032715
2017-12-15,5.67371129989624,5.559198503740965,18.48369261072367,52.77777777777778,52.77777777777778,5.966249942779541
2017-12-18,5.819526672363281,5.785450301037768,26.286892386521405,61.904761904761905,61.904761904761905,6.1195831298828125
2017-12-19,5.724826335906982,5.7882245844294005,23.348588630538192,58.92857142857143,58.92857142857143,6.019999980926514
2017-12-20,5.701052665710449,5.779507502267681,20.029727032920956,54.761904761904766,54.761904761904766,5.994999885559082
2017-12-21,5.698277950286865,5.721260046547306,18.00369953940691,51.19047619047619,51.19047619047619,5.9920830726623535
2017-12-22,5.679258823394775,5.674108461155591,15.712582827521333,48.01587301587302,48.01587301587302,5.97208309173584
2017-12-26,5.587332248687744,5.588520758842097,8.11861412550377,38.2936507936508,38.2936507936508,5.875417232513428
2017-12-27,5.587332248687744,5.587727662977937,4.14795071609526,34.72222222222222,34.72222222222222,5.875417232513428
2017-12-28,5.602388858795166,5.636861094949484,2.8228117377914046,33.92857142857143,33.92857142857143,5.891250133514404
2017-12-29,5.496593952178955,5.623389081437239,-5.236090721695658,28.174603174603174,28.174603174603174,5.78000020980835
2018-01-02,5.778715133666992,5.582973689453535,7.3633457414466195,37.698412698412696,37.698412698412696,6.076666831970215
2018-01-03,5.947907447814941,5.802092964802701,18.82838943675528,53.37301587301587,53.37301587301587,6.25458288192749
2018-01-04,5.9827752113342285,6.017644217276361,24.321538622294256,59.92063492063492,59.92063492063492,6.291250228881836
2018-01-05,6.163458824157715,6.066381452129433,31.17150132952012,70.83333333333334,70.83333333333334,6.481249809265137
2018-01-08,6.232008457183838,6.162667659972773,34.950173965238754,77.77777777777779,77.77777777777779,6.553332805633545
2018-01-09,6.236763000488281,6.270046726097029,35.89725082387291,79.76190476190477,79.76190476190477,6.558332920074463
2018-01-10,6.192384719848633,6.149986968909857,34.024402468024874,74.40476190476191,74.40476190476191,6.511666774749756
2018-01-11,6.316406726837158,6.223687065192277,36.6998553977766,81.94444444444444,81.94444444444444,6.642083168029785
2018-01-12,6.4503350257873535,6.2950097687861275,38.61149077912896,87.5,87.5,6.782917022705078
2018-01-16,6.400409698486328,6.5806973155068365,33.51992289243883,72.81746031746032,72.81746031746032,6.730416774749756
2018-01-17,6.60209321975708,6.485599733503739,36.14240303837587,79.96031746031747,79.96031746031747,6.942500114440918
2018-01-18,6.608433723449707,6.573168390032796,37.62191473750911,85.31746031746032,85.31746031746032,6.949166774749756
2018-01-19,6.671831130981445,6.665095483970897,39.461463675094386,89.28571428571429,89.28571428571429,7.015832901000977
2018-01-22,6.880251407623291,6.655981683178515,41.682097409437716,95.63492063492063,95.63492063492063,7.235000133514404
2018-01-23,7.054596900939941,6.946424315922618,42.81180030644901,97.81746031746032,97.81746031746032,7.418333053588867
2018-01-24,6.911555767059326,7.093031454205445,38.57767541178697,86.70634920634922,86.70634920634922,7.267917156219482
2018-01-25,6.902838230133057,7.055785138604352,36.01135241030724,78.57142857142857,78.57142857142857,7.258749961853027
2018-01-26,7.2111101150512695,7.013387539592757,39.56252746453267,89.48412698412699,89.48412698412699,7.582917213439941
2018-01-29,7.115616321563721,7.168316159675483,38.30986854000638,85.71428571428571,85.71428571428571,7.482500076293945
2018-01-30,6.933743953704834,6.917498411538767,30.49444124750602,65.67460317460318,65.67460317460318,7.291250228881836
2018-01-31,7.0193305015563965,7.054991700918802,28.205819939058006,62.10317460317461,62.10317460317461,7.381249904632568
2018-02-01,6.843799591064453,6.864007441582057,19.69614472740191,50.198412698412696,50.198412698412696,7.196667194366455
2018-02-02,6.42576789855957,6.767324223345146,-1.5991635713944925,26.785714285714285,26.785714285714285,6.757082939147949
2018-02-05,5.6840128898620605,6.2506315497855045,-23.542245096960958,10.119047619047619,10.119047619047619,5.977083206176758
2018-02-06,6.122251510620117,5.42130804561493,-24.025997256043034,9.126984126984127,9.126984126984127,6.437917232513428
2018-02-07,5.880150318145752,6.064797007563977,-28.304177132054402,5.952380952380952,5.952380952380952,6.183332920074463
2018-02-08,5.1514716148376465,5.940775317987695,-37.17983408966283,2.1825396825396823,2.1825396825396823,5.417082786560059
2018-02-09,5.393968105316162,5.357118393910201,-36.146351154239284,2.380952380952381,2.380952380952381,5.672082901000977
2018-02-12,5.695899963378906,5.578217511412172,-32.09599287008146,3.968253968253968,3.968253968253968,5.9895830154418945
2018-02-13,5.765242576599121,5.596049226588764,-28.704174789445503,5.753968253968254,5.753968253968254,6.0625
2018-02-14,6.1028361320495605,5.67886309092196,-21.95211502488776,11.11111111111111,11.11111111111111,6.417500019073486
2018-02-15,6.421806812286377,6.260538072285167,-12.887598024336008,18.253968253968253,18.253968253968253,6.7529168128967285
2018-02-16,6.350087642669678,6.375050893524279,-9.171118882084004,21.428571428571427,21.428571428571427,6.677499771118164
2018-02-20,6.381786346435547,6.277179758465417,-6.532776852825112,23.214285714285715,23.214285714285715,6.7108330726623535
2018-02-21,6.324331760406494,6.473316334642829,-6.405239842753481,23.41269841269841,23.41269841269841,6.650416851043701
2018-02-22,6.325520992279053,6.416258597895992,-6.242772480122506,23.809523809523807,23.809523809523807,6.65166711807251
2018-02-23,6.7023420333862305,6.468958256018961,2.148780132781149,29.96031746031746,29.96031746031746,7.047916889190674
2018-02-26,6.971385955810547,6.8077406611884745,11.382534254393024,38.2936507936508,38.2936507936508,7.3308329582214355
2018-02-27,6.721757411956787,6.983669976187599,10.574218434552323,37.5,37.5,7.068333148956299
2018-02-28,6.586641311645508,6.833893180016754,7.668663541149548,33.730158730158735,33.730158730158735,6.926249980926514
2018-03-01,6.269651412963867,6.60130152462504,-0.3947139548636409,27.579365079365083,27.579365079365083,6.592916965484619
2018-03-02,6.442013740539551,6.049739674998566,-0.7960836948464642,27.380952380952383,27.380952380952383,6.774167060852051
2018-03-05,6.644095420837402,6.351276159744962,3.487329595304684,31.349206349206348,31.349206349206348,6.986667156219482
2018-03-06,6.728096008300781,6.743153038562629,8.113444761791728,34.72222222222222,34.72222222222222,7.074999809265137
2018-03-07,6.77841854095459,6.581092764731284,11.772547803961272,40.27777777777778,40.27777777777778,7.1279168128967285
2018-03-08,6.879459857940674,6.854100287751566,16.050518496449655,45.03968253968254,45.03968253968254,7.234167098999023
2018-03-09,7.280055999755859,7.035577463208523,23.024627644496608,55.55555555555556,55.55555555555556,7.655416965484619
2018-03-12,7.389019966125488,7.350189100464801,27.016813865398575,60.317460317460316,60.317460317460316,7.769999980926514
2018-03-13,7.120768070220947,7.350189093567088,22.311110883941936,54.563492063492056,54.563492063492056,7.487916946411133
2018-03-14,7.096596717834473,7.210712735672482,18.71881417316935,50.39682539682539,50.39682539682539,7.462500095367432
2018-03-15,7.06489896774292,7.117994680209315,15.658589088875205,44.642857142857146,44.642857142857146,7.429166793823242
2018-03-16,7.018142223358154,7.105314298823264,11.209120354058175,39.285714285714285,39.285714285714285,7.380000114440918
2018-03-19,6.577526569366455,6.83468323181081,-4.896823653515012,24.6031746031746,24.6031746031746,6.9166669845581055
2018-03-20,6.6258673667907715,6.579110991318551,-12.119306990777805,19.246031746031747,19.246031746031747,6.96750020980835
2018-03-21,6.5299787521362305,6.577527321610304,-18.06249314345888,13.690476190476192,13.690476190476192,6.866666793823242
2018-03-22,6.052909851074219,6.276387411844532,-30.70402709551785,4.563492063492063,4.563492063492063,6.364999771118164
2018-03-23,5.563953876495361,6.030721442638419,-38.30316775429132,0.7936507936507936,0.7936507936507936,5.850832939147949
2018-03-26,6.190008640289307,5.903925012194912,-33.285780665989634,3.571428571428571,3.571428571428571,6.509167194366455
2018-03-27,5.5964460372924805,6.335426914022999,-37.63730520371366,1.3888888888888888,1.3888888888888888,5.885000228881836
2018-03-28,5.403478622436523,5.498575321055031,-40.34359411283387,0.1984126984126984,0.1984126984126984,5.6820831298828125
2018-03-29,5.702637672424316,5.4854994179028544,-38.379697198226246,0.992063492063492,0.992063492063492,5.99666690826416
2018-04-02,5.196247100830078,5.567916613283007,-40.51024286256789,0.1984126984126984,0.1984126984126984,5.46416711807251
2018-04-03,5.3705902099609375,5.339287184075707,-39.73734051484981,0.992063492063492,0.992063492063492,5.647500038146973
2018-04-04,5.624578475952148,5.057167973108747,-36.03335486658349,3.373015873015873,3.373015873015873,5.914583206176758
2018-04-05,5.7129387855529785,5.792185793864495,-32.760170998182744,4.9603174603174605,4.9603174603174605,6.007500171661377
2018-04-06,5.286588191986084,5.53502852284517,-36.30775513217702,3.1746031746031744,3.1746031746031744,5.55916690826416
2018-04-09,5.392383575439453,5.426063169578993,-36.896208286363084,3.1746031746031744,3.1746031746031744,5.670416831970215
2018-04-10,5.748599529266357,5.644389735195343,-32.226614090895055,5.753968253968254,5.753968253968254,6.045000076293945
2018-04-11,5.651917457580566,5.650333079857748,-30.92183195031349,6.746031746031746,6.746031746031746,5.943333148956299
2018-04-12,5.850037097930908,5.765242043415148,-26.428183829117273,9.325396825396826,9.325396825396826,6.15166711807251
2018-04-13,5.763261795043945,5.943945737941308,-25.159942088500404,10.317460317460316,10.317460317460316,6.060417175292969
2018-04-16,5.890453815460205,5.880943919283974,-21.927659594804773,14.484126984126986,14.484126984126986,6.194167137145996
2018-04-17,6.267274856567383,6.067175242281332,-10.42253666591082,24.00793650793651,24.00793650793651,6.59041690826416
2018-04-18,6.310859680175781,6.276386990785021,-2.4793505661913584,30.753968253968257,30.753968253968257,6.636250019073486
2018-04-19,6.139288902282715,6.219725782486047,-2.375801802465734,30.952380952380953,30.952380952380953,6.4558329582214355
2018-04-20,5.844884872436523,6.092136686341413,-6.09531724636478,27.976190476190478,27.976190476190478,6.146249771118164
2018-04-23,5.798922538757324,5.92611444021836,-8.793641181926342,25.793650793650798,25.793650793650798,6.097917079925537
2018-04-24,5.429234027862549,5.875395601927233,-19.009006979900846,16.46825396825397,16.46825396825397,5.709167003631592
2018-04-25,5.4506306648254395,5.455385612539716,-23.79450002422157,12.3015873015873,12.3015873015873,5.7316670417785645
2018-04-26,5.788619518280029,5.657861633492707,-17.744600682015058,18.253968253968253,18.253968253968253,6.087082862854004
2018-04-27,5.802093029022217,6.0418157020511485,-13.836208819164908,21.03174603174603,21.03174603174603,6.101250171661377
2018-04-30,5.678466320037842,5.840923101579763,-15.274160310888046,20.03968253968254,20.03968253968254,5.971250057220459
2018-05-01,5.863113880157471,5.62893788815028,-10.437136327009705,24.6031746031746,24.6031746031746,6.165417194366455
2018-05-02,5.760883808135986,5.901943776414902,-11.2014812834102,23.809523809523807,23.809523809523807,6.05791711807251
2018-05-03,5.761280059814453,5.6840141910152315,-13.179161506557884,21.428571428571427,21.428571428571427,6.058332920074463
2018-05-04,6.0854010581970215,5.688372033371284,-3.559658811165334,30.753968253968257,30.753968253968257,6.399167060852051
2018-05-07,6.230027675628662,6.175743458110354,6.82214761027782,38.095238095238095,38.095238095238095,6.551249980926514
2018-05-08,6.209423065185547,6.196743960259069,11.642365193113502,45.63492063492063,45.63492063492063,6.529582977294922
2018-05-09,6.417446613311768,6.252612371153012,20.29194802122351,57.53968253968254,57.53968253968254,6.748332977294922
2018-05-10,6.61715030670166,6.478467811811427,26.05991020477514,63.69047619047619,63.69047619047619,6.9583330154418945
2018-05-11,6.597338676452637,6.5834706085657375,28.21777429417392,68.05555555555556,68.05555555555556,6.9375
2018-05-14,6.626660346984863,6.638944038279536,28.48280953562719,68.05555555555556,68.05555555555556,6.968332767486572
2018-05-15,6.41229772567749,6.46895897096364,21.845242811952716,58.730158730158735,58.730158730158735,6.742917060852051
2018-05-16,6.530374526977539,6.426956911318142,21.824144421091198,58.53174603174603,58.53174603174603,6.8670830726623535
2018-05-17,6.456674575805664,6.463806543619798,19.120196636005364,54.761904761904766,54.761904761904766,6.789583206176758
2018-05-18,6.353256702423096,6.382974445109732,13.319364669880226,46.230158730158735,46.230158730158735,6.680832862854004
2018-05-21,6.464203834533691,6.499072847811567,14.253460192137494,46.82539682539682,46.82539682539682,6.797500133514404
2018-05-22,6.430522918701172,6.547016413877239,13.135317331265583,45.63492063492063,45.63492063492063,6.762083053588867
2018-05-23,6.592188835144043,6.288275704865519,18.503807646870428,53.17460317460318,53.17460317460318,6.9320831298828125
2018-05-24,6.586641311645508,6.5902072961169,20.572857581239553,56.94444444444444,56.94444444444444,6.926249980926514
2018-05-25,6.603282451629639,6.589018061854448,22.686924232759292,59.92063492063492,59.92063492063492,6.943749904632568
2018-05-29,6.518884181976318,6.512940724013554,19.32428278850776,54.563492063492056,54.563492063492056,6.855000019073486
2018-05-30,6.657963275909424,6.585452360258721,23.55399023848305,61.50793650793651,61.50793650793651,7.00124979019165
2018-05-31,6.643698692321777,6.6484536401314545,24.713634710940617,62.5,62.5,6.986249923706055
2018-06-01,6.952763557434082,6.734040944346929,30.736785589014943,71.23015873015873,71.23015873015873,7.31125020980835
2018-06-04,7.131069183349609,7.00149981711377,34.955182473500315,78.57142857142857,78.57142857142857,7.49875020980835
2018-06-05,7.204770565032959,7.1881286994744,37.14299242069921,83.92857142857143,83.92857142857143,7.576250076293945
2018-06-06,7.3236403465271,7.227354700050743,39.27189469025227,89.28571428571429,89.28571428571429,7.701250076293945
2018-06-07,7.153655052185059,7.33315001840057,34.777225502138975,77.97619047619048,77.97619047619048,7.522500038146973
2018-06-08,7.148900508880615,7.040727937575843,31.89724534367041,73.21428571428571,73.21428571428571,7.517499923706055
2018-06-11,7.204770565032959,7.131070680363558,32.102459157822004,73.61111111111111,73.61111111111111,7.576250076293945
2018-06-12,7.318885326385498,7.234487049516075,35.37848598258781,80.55555555555556,80.55555555555556,7.696249961853027
2018-06-13,7.31056547164917,7.346226675941462,34.00917161947575,75.9920634920635,75.9920634920635,7.6875
2018-06-14,7.532853603363037,7.41517159135237,37.385076645808695,84.52380952380952,84.52380952380952,7.921249866485596
2018-06-15,7.457963466644287,7.4460760997868505,36.64204939056307,82.73809523809523,82.73809523809523,7.84250020980835
2018-06-18,7.4413228034973145,7.310564913260729,35.45283634846896,80.15873015873017,80.15873015873017,7.824999809265137
2018-06-19,7.374756336212158,7.154844732405983,32.31777479818875,73.01587301587301,73.01587301587301,7.755000114440918
2018-06-20,7.529287338256836,7.472229326462982,34.02465917599372,75.59523809523809,75.59523809523809,7.917500019073486
2018-06-21,7.334338188171387,7.581589544639023,27.593593451996806,65.27777777777779,65.27777777777779,7.712500095367432
2018-06-22,7.260639190673828,7.408038942084108,19.73655986180556,54.166666666666664,54.166666666666664,7.635000228881836
2018-06-25,6.7970428466796875,7.0870878820603425,-2.3015876507858595,28.174603174603174,28.174603174603174,7.147500038146973
2018-06-26,6.871932029724121,6.862422132955372,-11.951421264711302,20.03968253968254,20.03968253968254,7.226250171661377
2018-06-27,6.5961503982543945,6.958706770099298,-27.17768727612752,6.746031746031746,6.746031746031746,6.93625020980835
2018-06-28,6.757813930511475,6.564054591171163,-29.22875453871436,5.952380952380952,5.952380952380952,7.106249809265137
2018-06-29,6.788721561431885,6.855289018265102,-29.493898815282087,5.753968253968254,5.753968253968254,7.138750076293945
2018-07-02,6.940876007080078,6.6163583067869185,-24.036868792754934,9.325396825396826,9.325396825396826,7.298749923706055
2018-07-03,6.70194673538208,7.0157660854294335,-29.175794677068417,6.15079365079365,6.15079365079365,7.047500133514404
2018-07-05,6.9480085372924805,6.8338925108143735,-23.39369414245755,10.714285714285714,10.714285714285714,7.306250095367432
2018-07-06,7.260639190673828,6.990802029698061,-9.015024743565426,23.214285714285715,23.214285714285715,7.635000228881836
2018-07-09,7.462719917297363,7.379510594754065,6.622259080826363,33.92857142857143,33.92857142857143,7.847499847412109
2018-07-10,7.480550765991211,7.494815156543818,15.364508482215589,46.03174603174603,46.03174603174603,7.866250038146973
2018-07-11,7.371189117431641,7.31056511840972,14.688073172993917,45.23809523809524,45.23809523809524,7.75124979019165
2018-07-12,7.7349348068237305,7.46153163734711,24.088925101049615,60.51587301587301,60.51587301587301,8.133749961853027
2018-07-13,7.757521152496338,7.736124337768351,28.420156990151746,67.26190476190477,67.26190476190477,8.157500267028809
2018-07-16,7.7052178382873535,7.763464371740225,28.81451228374081,68.25396825396825,68.25396825396825,8.102499961853027
2018-07-17,7.8478617668151855,7.465097516334246,31.349611632533637,72.22222222222221,72.22222222222221,8.2524995803833
2018-07-18,7.79793643951416,7.845485014926748,30.63642489434018,70.43650793650794,70.43650793650794,8.199999809265137
2018-07-19,7.682631492614746,7.721859135622997,26.675857975410526,63.49206349206349,63.49206349206349,8.078749656677246
2018-07-20,7.671932697296143,7.74563302695901,24.046553033769623,60.51587301587301,60.51587301587301,8.067500114440918
2018-07-23,7.738500595092773,7.60417671455529,24.758620350766797,61.70634920634921,61.70634920634921,8.137499809265137
2018-07-24,7.837162494659424,7.9821852121791546,25.529565268489783,62.698412698412696,62.698412698412696,8.241250038146973
2018-07-25,8.164058685302734,7.847861453152394,32.14827648271607,74.20634920634922,74.20634920634922,8.585000038146973
2018-07-26,7.80744743347168,7.835976219964064,23.937562677519843,60.51587301587301,60.51587301587301,8.210000038146973
2018-07-27,7.481739044189453,7.9453355771518,9.409736842122046,38.095238095238095,38.095238095238095,7.867499828338623
2018-07-30,7.159598350524902,7.48292752869492,-7.23725799335017,24.6031746031746,24.6031746031746,7.528749942779541
2018-07-31,7.302244186401367,7.2356762757359565,-12.230832176896136,19.642857142857142,19.642857142857142,7.678750038146973
2018-08-01,7.402096748352051,7.370001526001416,-12.818385037570776,19.047619047619047,19.047619047619047,7.783750057220459
2018-08-02,7.696893692016602,7.239240734955039,-5.566049532793049,26.190476190476193,26.190476190476193,8.09375
2018-08-03,7.765840530395508,7.737310845195881,-0.7011224647025767,30.555555555555557,30.555555555555557,8.166250228881836
2018-08-06,7.908486843109131,7.756332120562899,6.858981866378204,35.317460317460316,35.317460317460316,8.31624984741211
2018-08-07,7.985754489898682,7.970301585084136,14.023158328867598,45.63492063492063,45.63492063492063,8.397500038146973
2018-08-08,8.007150650024414,7.959602068537913,18.30293044503562,52.182539682539684,52.182539682539684,8.420000076293945
2018-08-09,8.000019073486328,8.000019073486328,20.300929708672047,57.14285714285714,57.14285714285714,8.412500381469727
2018-08-10,7.813389778137207,7.840729595188645,12.074337393664859,43.452380952380956,43.452380952380956,8.2162504196167
2018-08-13,7.790802955627441,7.856181440556853,6.567231976165473,34.92063492063492,34.92063492063492,8.192500114440918
2018-08-14,7.93463659286499,7.8763900763063175,10.112190037351713,41.07142857142857,41.07142857142857,8.34375
2018-08-15,7.645780086517334,7.755141151709013,0.3227359247491724,31.150793650793652,31.150793650793652,8.039999961853027
2018-08-16,7.715915679931641,7.814577903218193,-2.3563758019659122,29.365079365079367,29.365079365079367,8.113750457763672
2018-08-17,7.714725971221924,7.654101523868299,-3.879453944257531,27.380952380952383,27.380952380952383,8.112500190734863
2018-08-20,7.699272155761719,7.770595461698303,-5.281548329594357,26.58730158730159,26.58730158730159,8.0962495803833
2018-08-21,7.778914928436279,7.767027108409546,-3.0553649567566876,28.968253968253972,28.968253968253972,8.180000305175781
2018-08-22,7.869258403778076,7.7266135925276185,1.5020902542085945,32.73809523809524,32.73809523809524,8.274999618530273
2018-08-23,7.83003044128418,7.83003044128418,3.370252237084639,34.523809523809526,34.523809523809526,8.233750343322754
2018-08-24,8.047563552856445,7.913239695820135,14.980032749553668,49.2063492063492,49.2063492063492,8.462499618530273
2018-08-27,8.290061950683594,8.177134881639626,24.954639159292913,66.66666666666666,66.66666666666666,8.717499732971191
2018-08-28,8.326912879943848,8.359007646920947,29.438411120584334,74.20634920634922,74.20634920634922,8.756250381469727
2018-08-29,8.618144989013672,8.369705106717824,35.029640777413334,84.12698412698413,84.12698412698413,9.0625
2018-08-30,8.569409370422363,8.565843385771691,34.810485919909894,82.93650793650794,82.93650793650794,9.011249542236328
2018-08-31,8.594371795654297,8.53731332900809,34.948109008905675,83.33333333333334,83.33333333333334,9.037500381469727
2018-09-04,8.492142677307129,8.519482493470136,30.74199317946042,75.1984126984127,75.1984126984127,8.930000305175781
2018-09-05,8.154549598693848,8.439840151391213,13.326307783084895,46.82539682539682,46.82539682539682,8.574999809265137
2018-09-06,7.932260990142822,8.168813989260968,-3.938258269293008,27.579365079365083,27.579365079365083,8.3412504196167
2018-09-07,7.853805065155029,7.769406784064624,-15.692419414926444,16.071428571428573,16.071428571428573,8.258749961853027
2018-09-10,7.922752857208252,7.975055483978172,-19.165743569674177,13.293650793650794,13.293650793650794,8.331250190734863
2018-09-11,8.09868049621582,7.818144877771292,-14.84032826667673,17.261904761904763,17.261904761904763,8.516249656677246
2018-09-12,8.028545379638672,8.065395089929021,-14.791017131205589,17.46031746031746,17.46031746031746,8.442500114440918
2018-09-13,8.266284942626953,8.166432885464184,-6.226735871694901,26.38888888888889,26.38888888888889,8.692500114440918
2018-09-14,8.203286170959473,8.296005385587812,-4.692996979673412,27.579365079365083,27.579365079365083,8.626250267028809
2018-09-17,7.8573713302612305,8.156926697578259,-16.234684440850035,15.873015873015872,15.873015873015872,8.262499809265137
2018-09-18,8.043998718261719,7.874013186516475,-16.49149375890281,15.873015873015872,15.873015873015872,8.458749771118164
2018-09-19,8.026167869567871,8.047564681442012,-18.776162289656607,13.88888888888889,13.88888888888889,8.4399995803833
2018-09-20,8.278175354003906,8.180701182213584,-10.462145642281284,22.61904761904762,22.61904761904762,8.704999923706055
2018-09-21,8.14622974395752,8.3518769795395,-12.193980881220584,21.23015873015873,21.23015873015873,8.56624984741211
2018-09-24,8.216361999511719,7.977431089285763,-10.699931893084877,22.61904761904762,22.61904761904762,8.640000343322754
2018-09-25,8.249646186828613,8.200908649748804,-8.294118207682434,25.793650793650798,25.793650793650798,8.675000190734863
2018-09-26,8.241325378417969,8.256778279549124,-7.486697842538247,26.38888888888889,26.38888888888889,8.666250228881836
2018-09-27,8.469557762145996,8.363762657038597,3.537612037379544,37.10317460317461,37.10317460317461,8.90625
2018-09-28,8.456480979919434,8.397045493185722,8.502929444133875,41.46825396825397,41.46825396825397,8.892499923706055
2018-10-01,8.505220413208008,8.61814750044838,13.992372441049666,48.80952380952381,48.80952380952381,8.943750381469727
2018-10-02,8.456480979919434,8.482632739188436,13.704576133939556,48.80952380952381,48.80952380952381,8.892499923706055
2018-10-03,8.481444358825684,8.559899642028418,14.704176080408745,50.595238095238095,50.595238095238095,8.918749809265137
2018-10-04,7.997639179229736,8.380403869882306,-7.304687982477957,26.58730158730159,26.58730158730159,8.40999984741211
2018-10-05,7.696893692016602,7.988127144624867,-21.833773920476503,12.3015873015873,12.3015873015873,8.09375
2018-10-08,7.559005260467529,7.588723003989817,-29.227369170981582,6.15079365079365,6.15079365079365,7.948750019073486
2018-10-09,7.617253303527832,7.568515762010665,-31.760122311356838,4.761904761904762,4.761904761904762,8.010000228881836
2018-10-10,6.629435062408447,7.487683741811101,-38.49331793358516,1.1904761904761905,1.1904761904761905,6.971250057220459
2018-10-11,6.360785007476807,6.5390914513283604,-40.614810211991966,0.1984126984126984,0.1984126984126984,6.68874979019165
2018-10-12,6.898082733154297,6.8683649885469364,-36.77056420348549,3.1746031746031744,3.1746031746031744,7.253749847412109
2018-10-15,6.637755393981934,6.830326250339009,-37.054794894727394,2.7777777777777777,2.7777777777777777,6.980000019073486
2018-10-16,7.209525108337402,6.851723205100133,-30.54764035357505,6.547619047619048,6.547619047619048,7.581250190734863
2018-10-17,7.2332987785339355,7.331961907232322,-26.688383411721446,8.531746031746032,8.531746031746032,7.606249809265137
2018-10-18,6.731663703918457,7.139391200356407,-30.37631486345549,6.746031746031746,6.746031746031746,7.078750133514404
2018-10-19,6.704323768615723,6.869554366031671,-32.60965786507698,4.9603174603174605,4.9603174603174605,7.050000190734863
2018-10-22,6.805363655090332,6.82438299389205,-32.273110796116896,5.357142857142857,5.357142857142857,7.15625
2018-10-23,6.730473518371582,6.441617054010006,-32.99476076571471,4.761904761904762,4.761904761904762,7.077499866485596
2018-10-24,5.815167427062988,6.705511160087013,-39.163029797737394,1.3888888888888888,1.3888888888888888,6.114999771118164
2018-10-25,6.411900997161865,6.073118859168293,-36.44482624169609,3.7698412698412698,3.7698412698412698,6.742499828338623
2018-10-26,5.913830757141113,5.753355129033557,-38.85865626327179,1.5873015873015872,1.5873015873015872,6.21875
2018-10-29,5.597634315490723,6.178913319473068,-39.76723237182522,0.992063492063492,0.992063492063492,5.886250019073486
2018-10-30,5.81397819519043,5.49659297368408,-38.28302988191279,2.579365079365079,2.579365079365079,6.113749980926514
2018-10-31,6.206254005432129,6.092137968893229,-33.57139358183847,5.555555555555555,5.555555555555555,6.526249885559082
2018-11-01,6.4772796630859375,6.260934070209453,-27.382066643479693,10.317460317460316,10.317460317460316,6.81125020980835
2018-11-02,6.1872334480285645,6.413088455992772,-26.372463978203225,11.507936507936508,11.507936507936508,6.506249904632568
2018-11-05,6.12661075592041,6.190801197490232,-25.713061835228622,11.706349206349206,11.706349206349206,6.442500114440918
2018-11-06,6.256180286407471,6.111157534527271,-23.610293056517563,14.087301587301587,14.087301587301587,6.578750133514404
2018-11-07,6.831514835357666,6.4796564172461935,-10.781393283215426,25.595238095238095,25.595238095238095,7.183750152587891
2018-11-08,6.715022087097168,6.750683291613325,-4.844099535133872,31.349206349206348,31.349206349206348,7.06125020980835
2018-11-09,6.373861312866211,6.5283934838642335,-7.936478359974293,28.373015873015873,28.373015873015873,6.702499866485596
2018-11-12,5.81397819519043,6.24072492741273,-18.277197504712444,17.658730158730158,17.658730158730158,6.113749980926514
2018-11-13,5.811601638793945,5.880547018911389,-23.619148626449043,13.690476190476192,13.690476190476192,6.111249923706055
2018-11-14,5.6642022132873535,5.976832555086172,-28.485027028599823,9.325396825396826,9.325396825396826,5.956250190734863
2018-11-15,5.967323303222656,5.6332956852528495,-25.26611657439958,11.507936507936508,11.507936507936508,6.275000095367432
2018-11-16,5.901943683624268,5.796148142257454,-24.106105202900494,12.896825396825399,12.896825396825399,6.206250190734863
2018-11-19,5.336117267608643,5.81516708643325,-32.468239281129016,6.15079365079365,6.15079365079365,5.611249923706055
2018-11-20,5.040129661560059,4.959297360035388,-36.5401787985147,3.968253968253968,3.968253968253968,5.300000190734863
2018-11-21,5.153056621551514,5.233888921403495,-37.04211643656432,3.373015873015873,3.373015873015873,5.418749809265137
2018-11-23,5.038939476013184,5.025863599017031,-38.768679078964624,1.7857142857142856,1.7857142857142856,5.298749923706055
2018-11-26,5.3848557472229,5.251720365615451,-34.054501326988635,5.555555555555555,5.555555555555555,5.662499904632568
2018-11-27,5.440723896026611,5.304022110583323,-30.546685096820177,8.928571428571429,8.928571428571429,5.721250057220459
2018-11-28,5.956624984741211,5.563161870801435,-18.360075865134114,19.246031746031747,19.246031746031747,6.263750076293945
2018-11-29,5.901943683624268,5.88649033097075,-12.760811924058679,24.6031746031746,24.6031746031746,6.206250190734863
2018-11-30,6.025569438934326,5.924529293588846,-7.045562579174216,30.753968253968257,30.753968253968257,6.336249828338623
2018-12-03,6.334635257720947,6.428543450011355,2.185472918210487,39.08730158730159,39.08730158730159,6.661250114440918
2018-12-04,5.638050079345703,6.246669311865774,-7.310187651810611,30.357142857142854,30.357142857142854,5.928750038146973
2018-12-06,5.7200703620910645,5.279059217504037,-10.50853501240062,27.18253968253968,27.18253968253968,6.014999866485596
2018-12-07,5.160188674926758,5.658257864917583,-21.955937068804232,16.865079365079367,16.865079365079367,5.426249980926514
2018-12-10,5.321854114532471,5.130471753911712,-24.84895888676332,13.293650793650794,13.293650793650794,5.596250057220459
2018-12-11,5.378912448883057,5.5786157539800145,-24.35804171348982,14.087301587301587,14.087301587301587,5.65625
2018-12-12,5.514423847198486,5.61308696318481,-20.323579677017833,18.452380952380953,18.452380952380953,5.798749923706055
2018-12-13,5.515614032745361,5.622597650029588,-18.066035420425692,20.436507936507937,20.436507936507937,5.800000190734863
2018-12-14,5.099565505981445,5.336118515354514,-25.696180688922993,12.5,12.5,5.362500190734863
2018-12-17,4.77029275894165,5.048450882208718,-33.036801548238564,6.349206349206349,6.349206349206349,5.016250133514404
2018-12-18,4.8499345779418945,4.883218751665409,-35.3471859576412,5.357142857142857,5.357142857142857,5.099999904632568
2018-12-19,4.499265670776367,4.839236690150445,-38.935510009336674,1.5873015873015872,1.5873015873015872,4.731249809265137
2018-12-20,4.318582057952881,4.454094875516371,-40.29426751266568,0.5952380952380952,0.5952380952380952,4.541250228881836
2018-12-21,3.9013450145721436,4.35662102579477,-42.49393906722244,0.0,0.0,4.102499961853027
2018-12-24,3.6124889850616455,3.803871334112256,-44.14721977325318,0.0,0.0,3.7987499237060547
2018-12-26,4.268472671508789,3.7256884854338845,-38.07060802897823,3.571428571428571,3.571428571428571,4.482500076293945
2018-12-27,4.329177379608154,4.118491480001793,-33.79856459175796,7.142857142857142,7.142857142857142,4.546249866485596
2018-12-28,4.311323642730713,4.4041681227182385,-31.77799531626158,9.325396825396826,9.325396825396826,4.527500152587891
2018-12-31,4.408929824829102,4.447019894040069,-28.917209350557687,12.103174603174603,12.103174603174603,4.630000114440918
2019-01-02,4.472017288208008,4.139919006874423,-26.397242414070544,14.087301587301587,14.087301587301587,4.696249961853027
2019-01-03,4.038740634918213,4.282755228074724,-31.08548825919221,10.119047619047619,10.119047619047619,4.241250038146973
2019-01-04,4.555337905883789,4.231571913814,-24.394008807371602,16.666666666666664,16.666666666666664,4.783750057220459
2019-01-07,4.70055627822876,4.579144038376878,-15.751148596778593,25.198412698412696,25.198412698412696,4.93625020980835
2019-01-08,4.836252689361572,4.843394292769795,-8.090031114795854,33.33333333333333,33.33333333333333,5.078750133514404
2019-01-09,4.950521945953369,4.894576974826195,-1.653346193637107,40.476190476190474,40.476190476190474,5.198750019073486
2019-01-10,4.998135566711426,4.837442683044667,2.6493432423589582,43.25396825396825,43.25396825396825,5.24875020980835
2019-01-11,4.938620090484619,4.908862197674941,3.800203191183231,44.642857142857146,44.642857142857146,5.18625020980835
2019-01-14,4.8100666999816895,4.812447386352308,2.080792538878669,42.65873015873016,42.65873015873016,5.051249980926514
2019-01-15,5.076695919036865,4.873151618235618,10.151331236549535,50.595238095238095,50.595238095238095,5.331250190734863
2019-01-16,5.083837985992432,5.114786446890156,16.70106904950546,59.12698412698413,59.12698412698413,5.338749885559082
2019-01-17,5.202869892120361,5.035035394118718,22.621104989402195,65.67460317460318,65.67460317460318,5.463749885559082
2019-01-18,5.345707416534424,5.323091583281686,27.013920044324802,71.23015873015873,71.23015873015873,5.613749980926514
2019-01-22,5.050509452819824,5.238579093631878,21.77303413744015,64.68253968253968,64.68253968253968,5.303750038146973
2019-01-23,5.055271148681641,5.112406250341699,19.096826247193057,62.301587301587304,62.301587301587304,5.308750152587891
2019-01-24,5.14454460144043,5.096931791805836,19.84271290474787,63.49206349206349,63.49206349206349,5.402500152587891
2019-01-25,5.327852249145508,5.268336471118966,25.08426514281262,70.23809523809523,70.23809523809523,5.59499979019165
2019-01-28,5.131450176239014,5.1195467488366475,21.82474276184594,65.47619047619048,65.47619047619048,5.388750076293945
2019-01-29,4.986231803894043,5.140972735746888,14.962520560160778,56.94444444444444,56.94444444444444,5.236249923706055
2019-01-30,5.359991550445557,5.154066985043954,22.466987678482624,66.46825396825396,66.46825396825396,5.628749847412109
2019-01-31,5.595673084259033,5.45402570022306,29.03727781050017,75.9920634920635,75.9920634920635,5.87624979019165
2019-02-01,5.524254322052002,5.515922149719608,30.1462718150103,77.18253968253968,77.18253968253968,5.801249980926514
2019-02-04,5.7266082763671875,5.531396595659432,34.8398079539083,85.11904761904762,85.11904761904762,6.013750076293945
2019-02-05,5.87777853012085,5.757556400851904,37.340114893895674,90.27777777777779,90.27777777777779,6.172500133514404
2019-02-06,5.831357479095459,5.8896827007679695,37.20424627646944,90.07936507936508,90.07936507936508,6.12375020980835
2019-02-07,5.593292713165283,5.674233749115796,28.88425744877477,75.9920634920635,75.9920634920635,5.87375020980835
2019-02-08,5.621861934661865,5.440933863584319,25.505853838988685,71.03174603174604,71.03174603174604,5.903749942779541
2019-02-11,5.608767509460449,5.6861382123910555,22.955571302194663,67.46031746031747,67.46031746031747,5.889999866485596
2019-02-12,5.851592063903809,5.728989689992664,29.71888034587386,77.77777777777779,77.77777777777779,6.144999980926514
2019-02-13,5.863495349884033,5.934914569337566,32.01858627083412,81.34920634920636,81.34920634920636,6.15749979019165
2019-02-14,5.884920120239258,5.796837020757156,33.76525378211883,83.92857142857143,83.92857142857143,6.179999828338623
2019-02-15,5.955148220062256,6.012283308795503,35.92005713104681,88.88888888888889,88.88888888888889,6.253749847412109
2019-02-19,5.990858554840088,5.899204200343761,37.35621761117085,91.86507936507937,91.86507936507937,6.291250228881836
2019-02-20,5.986097812652588,6.0051428458437215,37.37444658491045,92.06349206349206,92.06349206349206,6.286250114440918
2019-02-21,5.918249130249023,5.9361035912696405,35.034491992963126,87.6984126984127,87.6984126984127,6.215000152587891
2019-02-22,6.046802997589111,5.958719899792788,37.406617903385765,92.85714285714286,92.85714285714286,6.349999904632568
2019-02-25,6.113461017608643,6.190831259462629,37.617945164148296,93.45238095238095,93.45238095238095,6.420000076293945
2019-02-26,6.132506370544434,6.065848529731016,38.3336293490601,94.44444444444444,94.44444444444444,6.440000057220459
2019-02-27,6.113461017608643,6.050374435869807,37.68160457137479,93.84920634920636,93.84920634920636,6.420000076293945
2019-02-28,6.0753703117370605,6.059896083375887,35.547940677318316,88.88888888888889,88.88888888888889,6.380000114440918
2019-03-01,6.196783542633057,6.2039251460499685,38.01362078425968,94.24603174603175,94.24603174603175,6.507500171661377
2019-03-04,6.197972774505615,6.305101351173639,36.75216773896247,91.07142857142857,91.07142857142857,6.508749961853027
2019-03-05,6.2134480476379395,6.211067361748529,36.52733970732247,90.67460317460318,90.67460317460318,6.525000095367432
2019-03-06,6.106318950653076,6.228921766490635,30.97040326733063,79.76190476190477,79.76190476190477,6.412499904632568
2019-03-07,5.883730411529541,6.056326275032997,15.578295323554467,58.13492063492064,58.13492063492064,6.178750038146973
2019-03-08,5.850400924682617,5.682566455608211,5.411708969056687,45.63492063492063,45.63492063492063,6.143750190734863
2019-03-11,6.2158284187316895,5.919439624516814,17.77570356216735,60.71428571428571,60.71428571428571,6.527500152587891
2019-03-12,6.317004203796387,6.264630486242807,27.051314488920745,74.0079365079365,74.0079365079365,6.633749961853027
2019-03-13,6.453891754150391,6.412230432961116,32.038351317711545,81.94444444444444,81.94444444444444,6.777500152587891
2019-03-14,6.425323963165283,6.465794714303276,33.21944987394689,83.53174603174604,83.53174603174604,6.747499942779541
2019-03-15,6.5848259925842285,6.500313692296129,36.434549298511804,91.07142857142857,91.07142857142857,6.914999961853027
2019-03-18,6.64434289932251,6.590778596379604,38.91482567328007,96.23015873015873,96.23015873015873,6.977499961853027
2019-03-19,6.710999488830566,6.730044520293024,39.62159479240837,97.02380952380952,97.02380952380952,7.047500133514404
2019-03-20,6.788396835327148,6.70980814900199,39.994301400802854,97.42063492063492,97.42063492063492,7.12624979019165
2019-03-21,7.102753162384033,6.725288937101279,41.87124449611575,98.61111111111111,98.61111111111111,7.456250190734863
2019-03-22,6.638364315032959,7.00987444189152,30.78806215235495,80.15873015873017,80.15873015873017,6.96875
2019-03-25,6.596689224243164,6.556204110866951,22.930039810825996,67.85714285714286,67.85714285714286,6.925000190734863
2019-03-26,6.687184810638428,6.750293781368496,21.753160052739076,65.47619047619048,65.47619047619048,7.019999980926514
2019-03-27,6.556204319000244,6.714572254372911,15.802573256931831,58.53174603174603,58.53174603174603,6.882500171661377
2019-03-28,6.597879409790039,6.605024001497061,14.219936149430893,55.55555555555556,55.55555555555556,6.926249980926514
2019-03-29,6.7467217445373535,6.743149675756258,18.414534389248093,60.71428571428571,60.71428571428571,7.082499980926514
2019-04-01,7.012256145477295,6.94200258394399,27.76835296400271,75.1984126984127,75.1984126984127,7.361249923706055
2019-04-02,7.089654445648193,7.036071142650851,34.15585751450987,85.71428571428571,85.71428571428571,7.442500114440918
2019-04-03,7.2123003005981445,7.208728231817716,36.94543629461325,91.07142857142857,91.07142857142857,7.571249961853027
2019-04-04,7.201583385467529,7.2134910380322435,37.898612863232856,93.84920634920636,93.84920634920636,7.559999942779541
2019-04-05,7.309940814971924,7.270646695528788,40.353499980667564,97.61904761904762,97.61904761904762,7.673749923706055
2019-04-08,7.367095947265625,7.2730279896067875,42.00562079040141,98.80952380952381,98.80952380952381,7.733749866485596
2019-04-09,7.286125183105469,7.292079236101405,40.09815032972563,96.82539682539682,96.82539682539682,7.648749828338623
2019-04-10,7.404009819030762,7.318276527270769,41.63929797122998,97.81746031746032,97.81746031746032,7.772500038146973
2019-04-11,7.348043441772461,7.431395185276978,39.719980232532514,95.83333333333334,95.83333333333334,7.713749885559082
2019-04-12,7.438540935516357,7.442113004404702,41.08822328230705,97.22222222222221,97.22222222222221,7.808750152587891
2019-04-15,7.444493770599365,7.438540171653322,41.64021525064989,97.81746031746032,97.81746031746032,7.815000057220459
2019-04-16,7.517129898071289,7.519511428825077,41.90126767439835,98.4126984126984,98.4126984126984,7.891250133514404
2019-04-17,7.5921454429626465,7.6635899969578904,41.64753867310606,97.61904761904762,97.61904761904762,7.96999979019165
2019-04-18,7.615961074829102,7.630250259630907,41.90919896298648,98.4126984126984,98.4126984126984,7.994999885559082
2019-04-22,7.680261135101318,7.519511665128631,43.04836975735892,99.8015873015873,99.8015873015873,8.0625
2019-04-23,7.971991062164307,7.740988492978849,43.496339418947,99.8015873015873,99.8015873015873,8.368749618530273
2019-04-24,7.894593238830566,7.989851732975041,42.319309835543166,99.0079365079365,99.0079365079365,8.287500381469727
2019-04-25,7.982707500457764,8.0696308639713,42.15667864290379,98.80952380952381,98.80952380952381,8.380000114440918
2019-04-26,8.011284828186035,7.955319998861357,42.39507656171736,99.0079365079365,99.0079365079365,8.40999984741211
2019-04-29,8.054152488708496,8.008904767656814,42.916213795507296,99.40476190476191,99.40476190476191,8.454999923706055
2019-04-30,7.869585990905762,7.858869786349236,37.40651718545045,89.48412698412699,89.48412698412699,8.261249542236328
2019-05-01,7.779090881347656,8.016047467939886,29.939014899778382,75.1984126984127,75.1984126984127,8.166250228881836
2019-05-02,7.68383264541626,7.781473131136262,19.77273202018765,61.111111111111114,61.111111111111114,8.06624984741211
2019-05-03,8.045816421508789,7.875540855575537,28.362919809948757,72.81746031746032,72.81746031746032,8.446249961853027
2019-05-06,7.901737689971924,7.538562679360072,25.993713745050346,69.04761904761905,69.04761904761905,8.295000076293945
2019-05-07,7.442113399505615,7.645729513100756,3.368401964280225,41.66666666666667,41.66666666666667,7.8125
2019-05-08,7.376622676849365,7.367096553945739,-11.803357755274282,28.968253968253972,28.968253968253972,7.743750095367432
2019-05-09,7.259930610656738,7.139665803721513,-18.37336240234033,22.61904761904762,22.61904761904762,7.621250152587891
2019-05-10,7.2801713943481445,7.17300525667506,-19.4512484543585,21.428571428571427,21.428571428571427,7.642499923706055
2019-05-13,6.527625560760498,6.725288046990845,-31.537590969246963,9.920634920634921,9.920634920634921,6.852499961853027
2019-05-14,6.732433319091797,6.622885177811083,-33.80334279556171,7.142857142857142,7.142857142857142,7.067500114440918
2019-05-15,7.012256145477295,6.603832967208666,-28.64777043614127,13.095238095238097,13.095238095238097,7.361249923706055
2019-05-16,7.231351852416992,7.025354231986737,-20.557075706408618,21.626984126984127,21.626984126984127,7.591249942779541
2019-05-17,7.006302833557129,7.012256433070802,-21.09745632568696,21.626984126984127,21.626984126984127,7.355000019073486
2019-05-20,6.655034065246582,6.713380422337946,-28.731444866509932,12.896825396825399,12.896825396825399,6.986249923706055
2019-05-21,6.85507869720459,6.81935664769872,-28.34417020394263,13.690476190476192,13.690476190476192,7.196249961853027
2019-05-22,6.765774726867676,6.737197263124007,-29.881294198376978,11.706349206349206,11.706349206349206,7.102499961853027
2019-05-23,6.4466552734375,6.53238855231919,-34.91400091365116,6.547619047619048,6.547619047619048,6.767499923706055
2019-05-24,6.437129974365234,6.557394315919841,-37.68390478174473,3.968253968253968,3.968253968253968,6.757500171661377
2019-05-28,6.368067264556885,6.494285665892301,-40.243117222799896,1.3888888888888888,1.3888888888888888,6.684999942779541
2019-05-29,6.208508014678955,6.250184118260118,-41.4559619620481,0.3968253968253968,0.3968253968253968,6.517499923706055
2019-05-30,6.282334327697754,6.254947404545478,-40.887705499595285,0.5952380952380952,0.5952380952380952,6.59499979019165
2019-05-31,5.979886054992676,6.057283748230283,-43.01347449556018,0.1984126984126984,0.1984126984126984,6.277500152587891
2019-06-03,5.597660064697266,5.932257661604871,-43.56822389576427,0.1984126984126984,0.1984126984126984,5.87624979019165
2019-06-04,6.051331043243408,5.763172638436837,-37.83790337324496,4.9603174603174605,4.9603174603174605,6.352499961853027
2019-06-05,6.184692859649658,6.226368961185071,-31.71136799286492,11.706349206349206,11.706349206349206,6.492499828338623
2019-06-06,6.327581882476807,6.215652670052399,-24.546281500402863,19.642857142857142,19.642857142857142,6.642499923706055
2019-06-07,6.688374996185303,6.429985073307115,-11.877328243598043,32.93650793650794,32.93650793650794,7.021249771118164
2019-06-10,6.932476997375488,6.830073453507629,0.2928331330506072,44.047619047619044,44.047619047619044,7.277500152587891
2019-06-11,6.958672523498535,7.151572401416746,7.6026775341879045,49.60317460317461,49.60317460317461,7.304999828338623
2019-06-12,6.840790748596191,6.897946125171554,8.765263320102902,50.99206349206349,50.99206349206349,7.181250095367432
2019-06-13,6.952719688415527,6.921760697698371,11.881254420932207,54.563492063492056,54.563492063492056,7.298749923706055
2019-06-14,6.862223148345947,6.843171358717391,11.478013891026743,53.769841269841265,53.769841269841265,7.203750133514404
2019-06-17,6.987250804901123,6.905090044253892,14.892493879000085,58.53174603174603,58.53174603174603,7.335000038146973
2019-06-18,7.289698123931885,7.233733293018967,21.480871338148287,66.66666666666666,66.66666666666666,7.652500152587891
2019-06-19,7.375431537628174,7.32661129429478,27.17463089442259,74.60317460317461,74.60317460317461,7.742499828338623
2019-06-20,7.57785701751709,7.679069571944692,31.34140116962857,82.14285714285714,82.14285714285714,7.954999923706055
2019-06-21,7.543324947357178,7.538562340636094,32.38372965000466,83.73015873015873,83.73015873015873,7.918749809265137
2019-06-24,7.5409440994262695,7.583810286596825,32.83212450089154,83.73015873015873,83.73015873015873,7.916250228881836
2019-06-25,7.155145168304443,7.523083254603434,23.746023786264242,69.44444444444444,69.44444444444444,7.511250019073486
2019-06-26,7.245640277862549,7.289697909264047,21.054179739940526,65.27777777777779,65.27777777777779,7.606249809265137
2019-06-27,7.324229717254639,7.324229717254639,21.057774265918308,65.27777777777779,65.27777777777779,7.68874979019165
2019-06-28,7.355188846588135,7.380194236137438,21.80075765522892,66.26984126984127,66.26984126984127,7.721250057220459
2019-07-01,7.648111820220947,7.775520770647765,27.05939805229666,73.80952380952381,73.80952380952381,8.0287504196167
2019-07-02,7.740989685058594,7.6397771146190685,31.6181492593883,81.94444444444444,81.94444444444444,8.126250267028809
2019-07-03,7.912454128265381,7.789808252153397,35.750820882052324,89.0873015873016,89.0873015873016,8.306249618530273
2019-07-05,7.861251354217529,7.750512691233158,36.456542010262815,90.07936507936508,90.07936507936508,8.2524995803833
2019-07-08,7.695738792419434,7.714791035058345,31.43288857573529,81.34920634920636,81.34920634920636,8.078749656677246
2019-07-09,7.8112406730651855,7.581428215237697,31.254543348692742,80.75396825396825,80.75396825396825,8.199999809265137
2019-07-10,8.042244911193848,7.954130549726218,34.22985658911636,85.71428571428571,85.71428571428571,8.442500114440918
2019-07-11,8.020812034606934,8.081539932987088,34.58347327511947,85.9126984126984,85.9126984126984,8.420000076293945
2019-07-12,8.155364990234375,8.043436226619425,37.45027474441286,92.85714285714286,92.85714285714286,8.561249732971191
2019-07-15,8.224430084228516,8.211331889164724,39.040643023080406,95.03968253968253,95.03968253968253,8.633749961853027
2019-07-16,8.107736587524414,8.198232952011418,36.26025030965356,89.28571428571429,89.28571428571429,8.511249542236328
2019-07-17,7.9874725341796875,8.111309423290365,29.685739771811225,76.5873015873016,76.5873015873016,8.385000228881836
2019-07-18,8.022003173828125,7.8695879288463555,27.442259559534982,72.02380952380952,72.02380952380952,8.421250343322754
2019-07-19,7.827911376953125,8.180369716807803,18.484954234712657,58.333333333333336,58.333333333333336,8.217499732971191
2019-07-22,8.012478828430176,7.887450932642836,19.580423638774942,60.51587301587301,60.51587301587301,8.411250114440918
2019-07-23,8.167271614074707,8.145839201913496,25.712035461855947,69.44444444444444,69.44444444444444,8.573749542236328
2019-07-24,8.341119766235352,8.077965877848936,32.083796709944785,81.15079365079364,81.15079365079364,8.756250381469727
2019-07-25,8.102972984313965,8.25657739693288,26.230836029214483,70.03968253968253,70.03968253968253,8.506250381469727
2019-07-26,8.343501091003418,8.25181466515107,30.057581295714325,76.78571428571429,76.78571428571429,8.758749961853027
2019-07-29,8.266101837158203,8.330401789299437,28.901567344540936,75.1984126984127,75.1984126984127,8.677499771118164
2019-07-30,8.155364990234375,8.075585755587499,22.578608186103025,65.07936507936508,65.07936507936508,8.561249732971191
2019-07-31,7.8112406730651855,8.219663821169139,3.305171993720463,41.66666666666667,41.66666666666667,8.199999809265137
2019-08-01,7.701692581176758,7.854106883216227,-11.217473081710096,29.761904761904763,29.761904761904763,8.085000038146973
2019-08-02,7.349234580993652,7.525463738487731,-22.81547882338296,21.03174603174603,21.03174603174603,7.715000152587891
2019-08-05,6.57763671875,6.899135605926784,-31.90716482997143,10.119047619047619,10.119047619047619,6.90500020980835
2019-08-06,6.847934246063232,6.753866286422215,-32.32347717110484,9.523809523809524,9.523809523809524,7.18874979019165
2019-08-07,6.947955131530762,6.621693216949836,-30.485307329283916,12.5,12.5,7.293749809265137
2019-08-08,7.4075822830200195,7.053933344117597,-19.982515054996814,23.41269841269841,23.41269841269841,7.776249885559082
2019-08-09,7.188484191894531,7.294459786668057,-18.26995306943912,25.198412698412696,25.198412698412696,7.546249866485596
2019-08-12,6.947955131530762,7.058693787257326,-21.77836756521196,22.61904761904762,22.61904761904762,7.293749809265137
2019-08-13,7.404009819030762,6.934859153608639,-14.59517720292251,28.57142857142857,28.57142857142857,7.772500038146973
2019-08-14,6.740767478942871,7.043215021484339,-22.580713774126156,21.825396825396826,21.825396825396826,7.076250076293945
2019-08-15,6.7121901512146,6.775299575712272,-27.179945776446722,15.476190476190476,15.476190476190476,7.046249866485596
2019-08-16,7.021782875061035,6.880084747345657,-23.462302863647093,20.833333333333336,20.833333333333336,7.371250152587891
2019-08-19,7.350424289703369,7.319465307165678,-15.457615842918951,27.976190476190478,27.976190476190478,7.716249942779541
2019-08-20,7.199203014373779,7.312323233688628,-13.957575272775511,28.968253968253972,28.968253968253972,7.557499885559082
2019-08-21,7.3825764656066895,7.386148534671754,-9.437786049951086,33.13492063492063,33.13492063492063,7.75
2019-08-22,7.31113338470459,7.425444153130477,-8.52697625649697,33.730158730158735,33.730158730158735,7.675000190734863
2019-08-23,6.641937255859375,7.159908623687727,-20.223393911061173,23.214285714285715,23.214285714285715,6.972499847412109
2019-08-26,6.911043167114258,6.845552670745426,-20.87161696015713,22.61904761904762,22.61904761904762,7.255000114440918
2019-08-27,6.8693671226501465,7.055122407796107,-21.761106811639326,22.22222222222222,22.22222222222222,7.211249828338623
2019-08-28,6.938430309295654,6.800304720882515,-20.784337474697175,22.61904761904762,22.61904761904762,7.283750057220459
2019-08-29,7.253975868225098,7.194438966663577,-13.706848017443399,28.76984126984127,28.76984126984127,7.614999771118164
2019-08-30,7.202774524688721,7.373049644645933,-4.181575014388347,37.5,37.5,7.56125020980835
2019-09-03,6.993204593658447,7.0598860887491695,-5.092780517664179,36.7063492063492,36.7063492063492,7.341249942779541
2019-09-04,7.287316799163818,7.189676317514995,3.0391294415529084,43.25396825396825,43.25396825396825,7.650000095367432
2019-09-05,7.689786911010742,7.52784645582452,14.88397484031947,54.166666666666664,54.166666666666664,8.072500228881836
2019-09-06,7.6683526039123535,7.7219354484472085,20.21941240877306,61.70634920634921,61.70634920634921,8.050000190734863
2019-09-09,7.619533061981201,7.73622533760133,21.758993111288728,63.49206349206349,63.49206349206349,7.99875020980835
2019-09-10,7.556423187255859,7.494504757172073,20.405974297819267,61.904761904761905,61.904761904761905,7.932499885559082
2019-09-11,7.760040283203125,7.590955684420043,25.292935655763387,69.04761904761905,69.04761904761905,8.146249771118164
2019-09-12,7.856489181518555,7.904117971462724,25.685126870801806,69.44444444444444,69.44444444444444,8.2475004196167
2019-09-13,7.773138046264648,7.823148827628597,23.75599908274152,66.66666666666666,66.66666666666666,8.15999984741211
2019-09-16,7.665971755981445,7.619533495806237,19.522096964300275,59.32539682539682,59.32539682539682,8.047499656677246
2019-09-17,7.767185688018799,7.663591137443466,19.834709617388096,60.317460317460316,60.317460317460316,8.1537504196167
2019-09-18,7.762421131134033,7.723126560022546,19.760870533161107,59.92063492063492,59.92063492063492,8.148750305175781
2019-09-19,7.796953201293945,7.80290634650563,21.01201332821003,61.70634920634921,61.70634920634921,8.1850004196167
2019-09-20,7.551660537719727,7.830293715393134,14.097710050140536,52.182539682539684,52.182539682539684,7.927499771118164
2019-09-23,7.558804512023926,7.534989661989009,10.755037206046838,49.2063492063492,49.2063492063492,7.934999942779541
2019-09-24,7.259930610656738,7.662399776356746,-0.7431586793588639,40.67460317460318,40.67460317460318,7.621250152587891
2019-09-25,7.492124080657959,7.234924663271436,0.18940742286658666,41.269841269841265,41.269841269841265,7.864999771118164
2019-09-26,7.417107582092285,7.469499893896858,-1.5864726776833746,40.27777777777778,40.27777777777778,7.786250114440918
2019-09-27,7.148000717163086,7.448066774894847,-13.797409005266873,28.174603174603174,28.174603174603174,7.503749847412109
2019-09-30,7.3385186195373535,7.2158722933456065,-13.429578621470123,28.373015873015873,28.373015873015873,7.703750133514404
2019-10-01,7.161098480224609,7.420679408570454,-18.744466329417104,24.00793650793651,24.00793650793651,7.517499923706055
2019-10-02,6.794351577758789,7.017019469232163,-27.885690721057045,14.880952380952381,14.880952380952381,7.132500171661377
2019-10-03,7.018209934234619,6.789588445653552,-24.36995283623071,18.253968253968253,18.253968253968253,7.367499828338623
2019-10-04,7.313513278961182,7.109897170460132,-14.480416884763306,28.174603174603174,28.174603174603174,7.677499771118164
2019-10-07,7.245640277862549,7.246831270187174,-10.93448425614423,31.746031746031743,31.746031746031743,7.606249809265137
2019-10-08,6.915806293487549,7.101561124641485,-17.691480152875183,25.992063492063494,25.992063492063494,7.260000228881836
2019-10-09,7.125375747680664,7.096797837674158,-15.16033378702328,27.77777777777778,27.77777777777778,7.480000019073486
2019-10-10,7.281363487243652,7.1265671745997565,-9.707841542321608,33.53174603174603,33.53174603174603,7.643750190734863
2019-10-11,7.554042339324951,7.5278464100140345,1.2666718798624488,42.857142857142854,42.857142857142854,7.929999828338623
2019-10-14,7.562376022338867,7.531417037540022,7.381678917605762,47.817460317460316,47.817460317460316,7.93874979019165
2019-10-15,7.849344730377197,7.63024937297564,18.24324290447197,57.341269841269835,57.341269841269835,8.239999771118164
2019-10-16,7.790998935699463,7.765993546184053,22.259514572933504,65.07936507936508,65.07936507936508,8.178750038146973
2019-10-17,7.844583034515381,7.925553269485609,25.262748297630424,69.84126984126983,69.84126984126983,8.234999656677246
2019-10-18,7.619533061981201,7.81362349335789,20.099968186800023,61.70634920634921,61.70634920634921,7.99875020980835
2019-10-21,7.820767879486084,7.743369721270636,22.874976780038274,66.46825396825396,66.46825396825396,8.210000038146973
2019-10-22,7.639774799346924,7.901736773855768,18.76491587297769,58.92857142857143,58.92857142857143,8.020000457763672
2019-10-23,7.675497055053711,7.586191704866746,17.59491326735102,56.94444444444444,56.94444444444444,8.057499885559082
2019-10-24,7.895782470703125,7.8433906225385615,23.406558961083686,68.05555555555556,68.05555555555556,8.288749694824219
2019-10-25,8.075583457946777,7.774326949797978,28.421453947197943,75.59523809523809,75.59523809523809,8.477499961853027
2019-10-28,8.32206916809082,8.19942327941984,32.89507097169573,83.13492063492063,83.13492063492063,8.736249923706055
2019-10-29,8.130358695983887,8.281582926580539,30.042817110551734,77.38095238095238,77.38095238095238,8.53499984741211
2019-10-30,8.244668960571289,8.173224868303851,31.19263312318467,79.76190476190477,79.76190476190477,8.654999732971191
2019-10-31,8.250621795654297,8.307776697647771,31.946018323674302,80.95238095238095,80.95238095238095,8.661250114440918
2019-11-01,8.474481582641602,8.360170851012748,35.30581615065985,87.3015873015873,87.3015873015873,8.896249771118164
2019-11-04,8.62570858001709,8.645950913189909,37.15176533244382,91.07142857142857,91.07142857142857,9.055000305175781
2019-11-05,8.636422157287598,8.664999613557354,38.303049365400796,93.84920634920636,93.84920634920636,9.06624984741211
2019-11-06,8.581648826599121,8.614989345621973,37.35225475168535,91.26984126984127,91.26984126984127,9.008749961853027
2019-11-07,8.668571472167969,8.717391249144724,36.73138827702424,89.68253968253968,89.68253968253968,9.100000381469727
2019-11-08,8.770976066589355,8.617370763935957,38.11081404320576,93.45238095238095,93.45238095238095,9.207500457763672
2019-11-11,8.734064102172852,8.641186672319884,37.66055264813974,92.85714285714286,92.85714285714286,9.168749809265137
2019-11-12,8.80550765991211,8.754305886588982,38.07247036343313,93.65079365079364,93.65079365079364,9.243749618530273
2019-11-13,8.792409896850586,8.719775706861823,37.94198815704618,93.25396825396825,93.25396825396825,9.229999542236328
2019-11-14,8.790027618408203,8.71501145368376,37.76451532195333,92.85714285714286,92.85714285714286,9.227499961853027
2019-11-15,8.955540657043457,8.943633458379248,40.027680086436135,96.42857142857143,96.42857142857143,9.401249885559082
2019-11-18,9.00197982788086,8.943633915521245,40.99016658328947,96.82539682539682,96.82539682539682,9.449999809265137
2019-11-19,9.03889274597168,9.105573784384822,41.22579567416962,97.02380952380952,97.02380952380952,9.488750457763672
2019-11-20,8.880523681640625,8.972210102338563,36.175784311020344,87.3015873015873,87.3015873015873,9.322500228881836
2019-11-21,8.811461448669434,8.84956502940632,30.161531864613934,76.38888888888889,76.38888888888889,9.25
2019-11-22,8.835275650024414,8.87814229096042,27.486049367718508,72.42063492063492,72.42063492063492,9.274999618530273
2019-11-25,9.141294479370117,8.94482345219196,34.332831265364995,83.33333333333334,83.33333333333334,9.5962495803833
2019-11-26,9.19607162475586,9.157968038253305,37.598976648689806,91.26984126984127,91.26984126984127,9.6537504196167
2019-11-27,9.381824493408203,9.261559705110502,40.52835812788649,96.42857142857143,96.42857142857143,9.848750114440918
2019-11-29,9.256796836853027,9.312761667476588,38.33222014903098,93.45238095238095,93.45238095238095,9.717499732971191
2019-12-02,8.959113121032715,9.256797643075572,23.811842940696256,67.26190476190477,67.26190476190477,9.404999732971191
2019-12-03,8.757877349853516,8.609035116908764,5.000785279858671,46.03174603174603,46.03174603174603,9.193750381469727
2019-12-04,8.88766860961914,8.89362266317122,0.08738284812846459,42.06349206349206,42.06349206349206,9.329999923706055
2019-12-05,8.934107780456543,8.980546493479592,-0.7234915096375363,41.66666666666667,41.66666666666667,9.37874984741211
2019-12-06,9.210357666015625,9.130578443090023,10.576847635728113,50.0,50.0,9.668749809265137
2019-12-09,9.097240447998047,9.179400769822328,11.075576100336114,50.198412698412696,50.198412698412696,9.550000190734863
2019-12-10,9.076995849609375,9.10319132156677,10.369968257939096,49.404761904761905,49.404761904761905,9.5287504196167
2019-12-11,9.213930130004883,9.130578835080467,15.392378350438415,54.761904761904766,54.761904761904766,9.672499656677246
2019-12-12,9.424692153930664,9.184162551270525,23.110053013681558,66.07142857142857,66.07142857142857,9.893750190734863
2019-12-13,9.509233474731445,9.402066876036383,28.29286555699214,73.21428571428571,73.21428571428571,9.982500076293945
2019-12-16,9.781912803649902,9.694988530353978,34.25092742809752,82.73809523809523,82.73809523809523,10.268750190734863
2019-12-17,9.795011520385742,9.831924109479633,37.17073854197028,88.88888888888889,88.88888888888889,10.282500267028809
2019-12-18,9.817636489868164,9.84145179990122,38.396475188409845,93.65079365079364,93.65079365079364,10.306249618530273
2019-12-19,10.017677307128906,9.842639604501635,40.91352969692546,96.42857142857143,96.42857142857143,10.516249656677246
2019-12-20,10.136754035949707,10.148662144796626,41.86348913632087,97.81746031746032,97.81746031746032,10.641249656677246
2019-12-23,10.211770057678223,10.242728593754872,42.41238730254054,99.20634920634922,99.20634920634922,10.720000267028809
2019-12-24,10.224990844726562,10.238093772053489,42.923028307509625,99.60317460317461,99.60317460317461,10.729999542236328
2019-12-26,10.490623474121094,10.271448853461857,43.77089743840786,100.0,100.0,11.008749961853027
2019-12-27,10.459650993347168,10.602591767991008,42.682258287944656,98.80952380952381,98.80952380952381,10.976249694824219
2019-12-30,10.251197814941406,10.450123683829853,37.91726632453587,90.67460317460318,90.67460317460318,10.757499694824219
2019-12-31,10.309564590454102,10.160668515541648,36.28684277935484,85.11904761904762,85.11904761904762,10.818750381469727
2020-01-02,10.820574760437012,10.566856184377128,40.05198978083889,94.64285714285714,94.64285714285714,11.354999542236328
2020-01-03,10.526355743408203,10.397709334854667,35.63830771583116,83.33333333333334,83.33333333333334,11.046250343322754
2020-01-06,10.72647476196289,10.276212219277781,36.859139719122254,86.30952380952381,86.30952380952381,11.256250381469727
2020-01-07,10.713371276855469,10.737194286668622,36.9365931870173,86.30952380952381,86.30952380952381,11.242500305175781
2020-01-08,10.959942817687988,10.715752885053432,38.04831272696401,90.87301587301587,90.87301587301587,11.501250267028809
2020-01-09,11.23629379272461,11.224382288301433,40.01554835436514,94.24603174603175,94.24603174603175,11.791250228881836
2020-01-10,11.144572257995605,11.36255631283358,38.92591582475832,92.65873015873017,92.65873015873017,11.694999694824219
2020-01-13,11.534086227416992,11.283940993296088,41.14646342199384,95.83333333333334,95.83333333333334,12.103750228881836
2020-01-14,11.399484634399414,11.504308066580325,39.734569415092594,93.65079365079364,93.65079365079364,11.962499618530273
2020-01-15,11.406630516052246,11.409012453332233,38.82519117995879,91.86507936507937,91.86507936507937,11.970000267028809
2020-01-16,11.724672317504883,11.56743810199095,40.86315433608243,95.03968253968253,95.03968253968253,12.303750038146973
2020-01-17,11.899773597717285,11.877141105212646,42.260968495407596,98.01587301587301,98.01587301587301,12.487500190734863
2020-01-21,11.893816947937012,11.796141170103812,42.29515482874538,98.01587301587301,98.01587301587301,12.481249809265137
2020-01-22,11.974820137023926,12.058202500637556,41.19613142141311,95.43650793650794,95.43650793650794,12.56624984741211
2020-01-23,12.085597038269043,11.950995307711267,41.85323370746039,96.42857142857143,96.42857142857143,12.682499885559082
2020-01-24,11.772319793701172,12.257125389977922,34.43013345699029,79.56349206349206,79.56349206349206,12.353750228881836
2020-01-27,11.044516563415527,10.988531487935155,11.795426970945154,49.2063492063492,49.2063492063492,11.59000015258789
2020-01-28,11.557909965515137,11.27441213681015,9.198114652175926,46.62698412698413,46.62698412698413,12.12874984741211
2020-01-29,11.59959888458252,11.748494951687505,8.470843510890836,46.230158730158735,46.230158730158735,12.172499656677246
2020-01-30,11.730630874633789,11.387573674737403,11.06220294806503,48.41269841269841,48.41269841269841,12.3100004196167
2020-01-31,11.154105186462402,11.873571290448396,-1.2571698670795461,39.88095238095239,39.88095238095239,11.704999923706055
2020-02-03,11.666305541992188,11.329204610580293,2.2539819194032296,42.857142857142854,42.857142857142854,12.242500305175781
2020-02-04,12.463196754455566,12.1499197393216,16.357656588842893,54.96031746031746,54.96031746031746,13.078749656677246
2020-02-05,12.607328414916992,12.931326429513511,21.711051039584014,61.111111111111114,61.111111111111114,13.229999542236328
2020-02-06,12.914649963378906,12.687137229468716,29.184534662593776,72.81746031746032,72.81746031746032,13.552499771118164
2020-02-07,12.747884750366211,12.74312087615203,28.940912066394,72.42063492063492,72.42063492063492,13.3774995803833
2020-02-10,13.207677841186523,12.624005921889548,33.546789056204965,78.96825396825396,78.96825396825396,13.859999656677246
2020-02-11,13.217206954956055,13.424470041260834,33.17369407859821,78.57142857142857,78.57142857142857,13.869999885559082
2020-02-12,13.604337692260742,13.447103459303715,36.92166087482079,85.51587301587301,85.51587301587301,14.276249885559082
2020-02-13,13.551925659179688,13.316074769693545,37.3141447787649,86.70634920634922,86.70634920634922,14.2212495803833
2020-02-14,13.643645286560059,13.60552792761915,38.34157648440098,91.26984126984127,91.26984126984127,14.317500114440918
2020-02-18,13.667468070983887,13.450675425164386,38.84480025023865,91.66666666666666,91.66666666666666,14.342499732971191
2020-02-19,14.06293773651123,13.914041645251237,39.910607055052594,93.05555555555556,93.05555555555556,14.757499694824219
2020-02-20,13.662705421447754,13.97241002852224,33.8778072920429,78.17460317460318,78.17460317460318,14.337499618530273
2020-02-21,12.88129711151123,13.467351842045494,17.7214619958629,53.37301587301587,53.37301587301587,13.517499923706055
2020-02-24,11.397102355957031,11.468572297440781,-7.880494159320146,32.34126984126984,32.34126984126984,11.960000038146973
2020-02-25,10.475137710571289,11.665114972864682,-26.02954979158752,15.476190476190476,15.476190476190476,10.992500305175781
2020-02-26,10.619270324707031,10.634755192367006,-34.06406719211652,6.944444444444445,6.944444444444445,11.143750190734863
2020-02-27,9.031440734863281,9.803318425649607,-39.8616764300631,2.1825396825396823,2.1825396825396823,9.477499961853027
2020-02-28,9.171998977661133,8.148785501956644,-38.89356233793207,3.1746031746031744,3.1746031746031744,9.625
2020-03-02,10.423916816711426,9.442393222456749,-32.034439665952405,10.119047619047619,10.119047619047619,10.938750267028809
2020-03-03,9.442394256591797,10.526358543277585,-33.051133331204205,8.531746031746032,8.531746031746032,9.9087495803833
2020-03-04,10.588298797607422,9.951023707049432,-26.95892248730056,15.674603174603174,15.674603174603174,11.111249923706055
2020-03-05,9.659185409545898,9.796169975600622,-28.748561210377343,14.087301587301587,14.087301587301587,10.136249542236328
2020-03-06,9.152938842773438,8.663369397279103,-32.132894447831646,10.317460317460316,10.317460317460316,9.604999542236328
2020-03-09,7.293525695800781,7.32926066494303,-38.717341536550165,3.7698412698412698,3.7698412698412698,7.653749942779541
2020-03-10,8.4287109375,8.097566146517883,-37.29510992946826,5.555555555555555,5.555555555555555,8.845000267028809
2020-03-11,7.344746112823486,7.835507485101815,-40.10782840578573,2.1825396825396823,2.1825396825396823,7.707499980926514
2020-03-12,5.331669807434082,5.89628385533297,-42.8759328319434,0.5952380952380952,0.5952380952380952,5.59499979019165
2020-03-13,6.770602226257324,6.222664861266896,-39.786021824920454,2.7777777777777777,2.7777777777777777,7.105000019073486
2020-03-16,4.437103748321533,4.819468821336898,-42.474354949240436,0.992063492063492,0.992063492063492,4.65625
2020-03-17,5.160142421722412,4.690822149367051,-41.612979040758304,1.1904761904761905,1.1904761904761905,5.414999961853027
2020-03-18,4.682484149932861,4.323942130045284,-41.67368715390406,1.1904761904761905,1.1904761904761905,4.913750171661377
2020-03-19,4.7908806800842285,4.627690240227065,-41.25747502123105,1.7857142857142856,1.7857142857142856,5.027500152587891
2020-03-20,4.229839324951172,5.120833801026338,-42.37598634601051,1.1904761904761905,1.1904761904761905,4.43874979019165
2020-03-23,4.2429423332214355,4.279868722596362,-42.57102903799485,0.7936507936507936,0.7936507936507936,4.452499866485596
2020-03-24,5.188730716705322,4.91118820776073,-38.87108019146413,5.158730158730158,5.158730158730158,5.445000171661377
2020-03-25,5.068422317504883,5.26496531885934,-37.055666847689665,7.738095238095238,7.738095238095238,5.318749904632568
2020-03-26,5.893901824951172,5.220891878932924,-31.895388340115254,13.293650793650794,13.293650793650794,6.184999942779541
2020-03-27,5.281641006469727,5.435301847930844,-31.712898801233084,13.690476190476192,13.690476190476192,5.542500019073486
2020-03-30,5.836725234985352,5.429345855061131,-28.878944109859123,16.46825396825397,16.46825396825397,6.125
2020-03-31,5.674726963043213,5.790270459093402,-28.05873508368651,17.46031746031746,17.46031746031746,5.954999923706055
2020-04-01,4.9707465171813965,5.193494918326023,-30.796304891499197,14.087301587301587,14.087301587301587,5.216249942779541
2020-04-02,5.264965057373047,4.907614494036343,-30.179905121985577,14.880952380952381,14.880952380952381,5.525000095367432
2020-04-03,5.052936553955078,5.2244651086001594,-30.09374930786104,14.880952380952381,14.880952380952381,5.302499771118164
2020-04-06,6.110694885253906,5.611595400687938,-21.085779293995905,24.206349206349206,24.206349206349206,6.412499904632568
2020-04-07,6.098783493041992,6.658632841541382,-16.23464362072732,28.174603174603174,28.174603174603174,6.400000095367432
2020-04-08,6.488295555114746,6.2762672338391585,-8.976404340526734,34.92063492063492,34.92063492063492,6.808750152587891
2020-04-09,6.512118816375732,6.662206321311501,1.466105921163362,42.46031746031746,42.46031746031746,6.833749771118164
2020-04-13,6.738440990447998,6.4323106849421485,9.744247155310763,47.22222222222222,47.22222222222222,7.071249961853027
2020-04-14,7.612758159637451,7.152967028158528,16.611029841610293,53.57142857142857,53.57142857142857,7.988749980926514
2020-04-15,7.360231876373291,7.255408898273016,17.665227545415295,53.96825396825397,53.96825396825397,7.723750114440918
2020-04-16,7.754507541656494,7.600847134873559,20.95080906894757,58.730158730158735,58.730158730158735,8.137499809265137
2020-04-17,7.94866943359375,8.060638677623436,23.376896163604606,62.89682539682539,62.89682539682539,8.3412504196167
2020-04-20,7.691375732421875,7.765228513924647,21.69260038752888,59.32539682539682,59.32539682539682,8.071249961853027
2020-04-21,6.840881824493408,7.463862994970068,13.017351723882985,48.61111111111111,48.61111111111111,7.178750038146973
2020-04-22,7.4459943771362305,7.269701486949738,12.389767343521555,48.41269841269841,48.41269841269841,7.81374979019165
2020-04-23,7.397157192230225,7.531759377956845,11.508556527294438,47.42063492063492,47.42063492063492,7.762499809265137
2020-04-24,7.754507541656494,7.449568665465446,15.422731442838852,51.98412698412699,51.98412698412699,8.137499809265137
2020-04-27,7.90578556060791,8.00226991706197,19.177398262086896,55.35714285714286,55.35714285714286,8.296250343322754
2020-04-28,7.478156089782715,8.126152078579238,15.644500688353826,51.98412698412699,51.98412698412699,7.847499847412109
2020-04-29,8.255988121032715,7.9867847094143105,21.315816641661257,58.92857142857143,58.92857142857143,8.663749694824219
2020-04-30,8.310781478881836,8.387017092127278,24.782980736875007,64.88095238095238,64.88095238095238,8.7212495803833
2020-05-01,7.56511116027832,7.780712828536598,17.586004783933287,52.38095238095239,52.38095238095239,7.93874979019165
2020-05-04,7.831934452056885,7.44956939622795,16.393018571256064,51.78571428571429,51.78571428571429,8.21875
2020-05-05,8.08207893371582,8.067785491850236,18.312707094617544,53.57142857142857,53.57142857142857,8.481249809265137
2020-05-06,8.24169635772705,8.28338707961735,20.41968246532268,57.53968253968254,57.53968253968254,8.648750305175781
2020-05-07,8.563312530517578,8.5561658084468,24.384967867871758,64.28571428571429,64.28571428571429,8.986249923706055
2020-05-08,8.908748626708984,8.761043998673802,28.29737634909512,69.24603174603175,69.24603174603175,9.348750114440918
2020-05-11,9.130308151245117,8.751516473106589,29.925156003364645,71.82539682539682,71.82539682539682,9.581250190734863
2020-05-12,8.587133407592773,9.227982651719165,22.222252421640494,60.11904761904761,60.11904761904761,9.011249542236328
2020-05-13,8.261943817138672,8.64669068847222,12.389253422844801,46.03174603174603,46.03174603174603,8.670000076293945
2020-05-14,8.535914421081543,8.104711070958873,11.245611779828959,45.03968253968254,45.03968253968254,8.957500457763672
2020-05-15,8.682427406311035,8.184518920758203,13.372945446553441,47.42063492063492,47.42063492063492,9.111249923706055
2020-05-18,9.185101509094238,9.052881716583084,21.223167998693704,58.53174603174603,58.53174603174603,9.638750076293945
2020-05-19,9.114821434020996,9.217262003027658,22.831521779963023,61.70634920634921,61.70634920634921,9.5649995803833
2020-05-20,9.648466110229492,9.435246811825229,28.017561428643596,68.84920634920636,68.84920634920636,10.125
2020-05-21,9.351865768432617,9.677054316358515,25.617643808003155,66.07142857142857,66.07142857142857,9.813750267028809
2020-05-22,9.43643569946289,9.301833095923008,25.551112647690548,65.87301587301587,65.87301587301587,9.90250015258789
2020-05-26,9.397130012512207,9.89265663905314,23.319631461856904,61.904761904761905,61.904761904761905,9.861249923706055
2020-05-27,9.529349327087402,9.304218521938129,24.184140219391942,63.69047619047619,63.69047619047619,10.0
2020-05-28,9.468598365783691,9.362584439593682,23.277381290056912,61.50793650793651,61.50793650793651,9.936249732971191
2020-05-29,9.859302520751953,9.534113988073395,28.20336101812286,68.84920634920636,68.84920634920636,10.3462495803833
2020-06-01,9.98080062866211,9.774728085353775,31.400615111606438,74.60317460317461,74.60317460317461,10.473750114440918
2020-06-02,10.179727554321289,10.034404828183398,34.09740468729406,78.57142857142857,78.57142857142857,10.682499885559082
2020-06-03,10.317902565002441,10.261917496347634,35.32414222964471,81.34920634920636,81.34920634920636,10.827500343322754
2020-06-04,10.108257293701172,10.271447726837218,31.759920846705704,74.60317460317461,74.60317460317461,10.607500076293945
2020-06-05,10.707415580749512,10.232139514626821,34.79946471742443,79.96031746031747,79.96031746031747,11.236249923706055
2020-06-08,10.945649147033691,10.67167998163087,37.581024914293145,87.6984126984127,87.6984126984127,11.486249923706055
2020-06-09,11.189838409423828,10.82653161348557,39.10096806713751,92.26190476190477,92.26190476190477,11.742500305175781
2020-06-10,11.593645095825195,11.430454657878343,39.64928153042342,92.46031746031747,92.46031746031747,12.166250228881836
2020-06-11,9.886700630187988,11.027840511396308,17.976257422048782,52.38095238095239,52.38095238095239,10.375
2020-06-12,10.10110855102539,10.516826074564465,8.076918332777394,42.46031746031746,42.46031746031746,10.600000381469727
2020-06-15,10.457267761230469,9.657993853357308,6.941159440158602,42.06349206349206,42.06349206349206,10.973750114440918
2020-06-16,11.00997257232666,11.124324660984078,11.7692473183221,46.03174603174603,46.03174603174603,11.553750038146973
2020-06-17,11.117176055908203,11.217233775735023,15.657214191805139,50.99206349206349,50.99206349206349,11.666250228881836
2020-06-18,11.202943801879883,11.070723982057256,18.783092168304723,54.563492063492056,54.563492063492056,11.756250381469727
2020-06-19,11.187457084655762,11.550763930001208,20.215352307280014,56.74603174603175,56.74603174603175,11.739999771118164
2020-06-22,11.585305213928223,11.18626394376122,25.748295712547336,67.26190476190477,67.26190476190477,12.157500267028809
2020-06-23,11.887864112854004,11.836643821871002,29.108264386705546,72.02380952380952,72.02380952380952,12.475000381469727
2020-06-24,11.187457084655762,11.78065954337938,20.86944526107527,57.738095238095234,57.738095238095234,11.739999771118164
2020-06-25,11.484055519104004,11.18626340514059,18.717602878730272,54.36507936507936,54.36507936507936,12.051250457763672
2020-06-26,10.658578872680664,11.437602471830397,4.635778680456511,40.87301587301587,40.87301587301587,11.1850004196167
2020-06-29,10.999249458312988,10.626414046145534,0.7631567804664507,38.095238095238095,38.095238095238095,11.542499542236328
2020-06-30,11.631763458251953,10.996870272772098,8.219138176687576,42.65873015873016,42.65873015873016,12.206250190734863
2020-07-01,12.047477722167969,11.656774613004597,18.186723565407007,53.17460317460318,53.17460317460318,12.642499923706055
2020-07-02,12.303581237792969,12.422698104176337,23.02958683508215,62.301587301587304,62.301587301587304,12.911250114440918
2020-07-06,13.207677841186523,12.781240149446903,30.13424938420386,73.61111111111111,73.61111111111111,13.859999656677246
2020-07-07,12.948003768920898,13.168370711638042,28.925906196237328,71.23015873015873,71.23015873015873,13.587499618530273
2020-07-08,13.44591236114502,13.15407638442028,32.64056432864419,77.57936507936508,77.57936507936508,14.109999656677246
2020-07-09,13.781821250915527,13.747278158963365,35.61039709017144,82.14285714285714,82.14285714285714,14.462499618530273
2020-07-10,14.07365608215332,13.748466680101625,38.05987764727018,89.48412698412699,89.48412698412699,14.768750190734863
2020-07-13,13.204102516174316,14.538211768861967,27.313628569742974,67.85714285714286,67.85714285714286,13.856249809265137
2020-07-14,13.484029769897461,12.81578403422213,23.365851284369814,61.70634920634921,61.70634920634921,14.149999618530273
2020-07-15,13.550732612609863,13.68176096103802,20.764433001731227,56.15079365079365,56.15079365079365,14.220000267028809
2020-07-16,13.260087966918945,13.10761854132107,15.842340347586962,49.60317460317461,49.60317460317461,13.914999961853027
2020-07-17,13.322028160095215,13.36014642479722,13.865552772514015,46.62698412698413,46.62698412698413,13.979999542236328
2020-07-20,14.456024169921875,13.436384000350644,22.62607033217346,60.71428571428571,60.71428571428571,15.170000076293945
2020-07-21,13.99384880065918,14.721651962945652,22.27112450556748,60.11904761904761,60.11904761904761,14.6850004196167
2020-07-22,14.15584659576416,14.076038521115064,23.23256417724647,62.301587301587304,62.301587301587304,14.854999542236328
2020-07-23,13.046869277954102,14.092715143112052,10.924070296786878,43.65079365079365,43.65079365079365,13.69124984741211
2020-07-24,12.660929679870605,12.448901839238223,1.0084142976666102,36.904761904761905,36.904761904761905,13.286250114440918
2020-07-27,13.341089248657227,12.934900291563931,1.8472467012466174,37.698412698412696,37.698412698412696,14.0
2020-07-28,12.839607238769531,13.231501841346514,-2.3386124592246107,34.72222222222222,34.72222222222222,13.473750114440918
2020-07-29,13.276765823364258,13.065929369648485,-2.387377958182389,34.523809523809526,34.523809523809526,13.932499885559082
2020-07-30,13.492368698120117,12.971828510272521,-1.6752730001859395,35.11904761904761,35.11904761904761,14.1587495803833
2020-07-31,14.220170974731445,14.213024253665115,6.167004207688518,40.87301587301587,40.87301587301587,14.922499656677246
2020-08-03,14.75024127960205,14.56203641902177,16.889554840888582,51.587301587301596,51.587301587301596,15.478750228881836
2020-08-04,14.94201946258545,14.689491387939087,24.600550435943468,65.27777777777779,65.27777777777779,15.680000305175781
2020-08-05,15.061137199401855,15.026593198354927,28.696233970312985,70.63492063492063,70.63492063492063,15.805000305175781
2020-08-06,15.637661933898926,15.021827958300253,32.382604848168,76.78571428571429,76.78571428571429,16.40999984741211
2020-08-07,15.126648902893066,15.55904275197262,28.23994702967505,69.44444444444444,69.44444444444444,15.873749732971191
2020-08-10,14.92296028137207,15.160002581582848,23.039254869019025,62.10317460317461,62.10317460317461,15.65999984741211
2020-08-11,14.076037406921387,14.71807713111183,9.206944524688318,42.26190476190476,42.26190476190476,14.771249771118164
2020-08-12,15.129034042358398,14.425052898427609,13.77702307081084,46.82539682539682,46.82539682539682,15.876250267028809
2020-08-13,15.235047340393066,15.256488412620758,17.047052000791574,50.99206349206349,50.99206349206349,15.987500190734863
2020-08-14,15.190974235534668,15.325576879815566,18.30231019081007,52.57936507936508,52.57936507936508,15.94124984741211
2020-08-17,15.692458152770996,15.469708355088754,24.32763005318818,64.28571428571429,64.28571428571429,16.467500686645508
2020-08-18,16.153438568115234,15.893762850317197,28.599188725474555,70.23809523809523,70.23809523809523,16.951250076293945
2020-08-19,15.837778091430664,16.151054189089766,26.7493286712616,67.06349206349206,67.06349206349206,16.6200008392334
2020-08-20,16.48934555053711,15.693645822632082,30.13283741260561,73.21428571428571,73.21428571428571,17.303749084472656
2020-08-21,16.833599090576172,16.5167477396936,32.77654956553213,77.18253968253968,77.18253968253968,17.665000915527344
2020-08-24,17.145679473876953,17.416075229051337,33.36828458171504,77.97619047619048,77.97619047619048,17.99250030517578
2020-08-25,17.545915603637695,17.0134630405576,36.64832282619747,83.73015873015873,83.73015873015873,18.412500381469727
2020-08-26,18.669187545776367,17.780576664890145,39.54021824575171,92.06349206349206,92.06349206349206,19.591249465942383
2020-08-27,18.50004005432129,18.8895527126774,39.02550169521529,91.46825396825396,91.46825396825396,19.41374969482422
2020-08-28,18.78592300415039,18.735892317584998,39.71038532884747,92.46031746031747,92.46031746031747,19.7137508392334
2020-08-31,19.22069549560547,18.884785097308725,40.02485854104819,93.45238095238095,93.45238095238095,20.170000076293945
2020-09-01,20.218896865844727,19.763869579314676,42.153950598706984,97.61904761904762,97.61904761904762,21.217500686645508
2020-09-02,20.789466857910156,20.902627519164568,43.00995607704062,99.40476190476191,99.40476190476191,21.81624984741211
2020-09-03,17.597135543823242,19.860356182841475,20.05840661744521,53.769841269841265,53.769841269841265,18.466249465942383
2020-09-04,16.871715545654297,17.317213350594702,1.7807575318690334,36.11111111111111,36.11111111111111,17.704999923706055
2020-09-08,14.486993789672852,14.883652268785188,-18.59964412603566,23.41269841269841,23.41269841269841,15.202500343322754
2020-09-09,15.731765747070312,15.369649447792778,-23.642286317075996,19.246031746031747,19.246031746031747,16.508750915527344
2020-09-10,14.821712493896484,16.26183595619398,-31.113739695153196,12.3015873015873,12.3015873015873,15.553750038146973
2020-09-11,14.497712135314941,15.127840399596986,-34.72043506424377,8.134920634920634,8.134920634920634,15.213749885559082
2020-09-14,15.244576454162598,15.127841529109944,-33.38612162765732,9.325396825396826,9.325396825396826,15.9975004196167
2020-09-15,15.892573356628418,15.881853274021735,-29.939115647118125,14.484126984126986,14.484126984126986,16.677499771118164
2020-09-16,15.129034042358398,16.02479251254048,-31.239645323080843,12.698412698412698,12.698412698412698,15.876250267028809
2020-09-17,14.43220043182373,13.961688249189137,-34.43782499071391,8.333333333333332,8.333333333333332,15.145000457763672
2020-09-18,13.874732971191406,14.63469825018313,-36.473136384573856,7.5396825396825395,7.5396825396825395,14.5600004196167
2020-09-21,14.039114952087402,13.249370398458208,-36.06942294785156,7.936507936507936,7.936507936507936,14.732500076293945
2020-09-22,14.806224822998047,14.436961860854705,-32.599483237923,10.912698412698413,10.912698412698413,15.537500381469727
2020-09-23,13.435192108154297,14.752624422271499,-36.0845510023247,7.936507936507936,7.936507936507936,14.098750114440918
2020-09-24,13.631734848022461,13.065929717414749,-36.99029714188896,7.142857142857142,7.142857142857142,14.305000305175781
2020-09-25,14.587051391601562,13.706777819115686,-33.573847897296694,10.119047619047619,10.119047619047619,15.307499885559082
2020-09-28,15.4518404006958,15.400619201856088,-28.243873168657217,18.055555555555554,18.055555555555554,16.21500015258789
2020-09-29,15.289838790893555,15.423249079978609,-25.99265909925384,20.03968253968254,20.03968253968254,16.045000076293945
2020-09-30,15.592394828796387,15.317235198035572,-23.337193165519967,22.817460317460316,22.817460317460316,16.362499237060547
2020-10-01,16.322582244873047,16.267789510257728,-17.85483435460918,27.380952380952383,27.380952380952383,17.12874984741211
2020-10-02,14.976563453674316,15.26125177225796,-21.284025500387674,24.206349206349206,24.206349206349206,15.7162504196167
2020-10-05,15.921161651611328,15.302944791085302,-13.91757946221558,29.365079365079367,29.365079365079367,16.707500457763672
2020-10-06,15.065900802612305,15.769880970302845,-11.487870847888875,30.753968253968257,30.753968253968257,15.8100004196167
2020-10-07,15.858026504516602,15.505439835843587,-3.190879193948993,34.12698412698413,34.12698412698413,16.641250610351562
2020-10-08,16.09149742126465,16.25349643605219,3.371286914082984,38.88888888888889,38.88888888888889,16.886249542236328
2020-10-09,16.807390213012695,16.38333265102235,11.350329022292295,43.452380952380956,43.452380952380956,17.637500762939453
2020-10-12,18.374967575073242,17.67694264936674,17.634804603783653,49.60317460317461,49.60317460317461,19.282499313354492
2020-10-13,18.377347946166992,18.725168939020666,20.908581800272334,55.35714285714286,55.35714285714286,19.28499984741211
2020-10-14,17.92351531982422,18.541732157159306,18.22787144630894,50.39682539682539,50.39682539682539,18.80875015258789
2020-10-15,17.55306053161621,17.036093796338964,14.292810761171317,45.43650793650794,45.43650793650794,18.420000076293945
2020-10-16,17.283859252929688,17.875870265832326,10.000780058154636,40.87301587301587,40.87301587301587,18.137500762939453
2020-10-19,16.425025939941406,17.63406150291145,1.1790853688893073,35.317460317460316,35.317460317460316,17.236249923706055
2020-10-20,16.531036376953125,16.55485938355171,-2.8480455296140095,32.53968253968254,32.53968253968254,17.34749984741211
2020-10-21,16.488155364990234,16.567963442218687,-5.239837830823184,31.547619047619047,31.547619047619047,17.302499771118164
2020-10-22,16.496498107910156,16.640628521351932,-6.381692808531618,31.349206349206348,31.349206349206348,17.311250686645508
2020-10-23,16.592981338500977,16.606084267681165,-6.922157497735388,31.150793650793652,31.150793650793652,17.412500381469727
2020-10-26,15.836585998535156,16.172496412462245,-17.187335950122527,25.396825396825395,25.396825396825395,16.618749618530273
2020-10-27,16.210613250732422,15.993821507871099,-19.60175496479807,23.214285714285715,23.214285714285715,17.011249542236328
2020-10-28,14.308319091796875,15.41610546386479,-31.30491983806171,12.103174603174603,12.103174603174603,15.015000343322754
2020-10-29,15.036123275756836,14.52511178163066,-32.217271222910945,10.317460317460316,10.317460317460316,15.7787504196167
2020-10-30,13.990274429321289,14.716887980842507,-35.79890005080523,6.944444444444445,6.944444444444445,14.681249618530273
2020-11-02,13.995040893554688,14.26901005986597,-37.55831435773654,5.158730158730158,5.158730158730158,14.686249732971191
2020-11-03,14.699020385742188,14.291640951520822,-34.12416856979596,7.936507936507936,7.936507936507936,15.425000190734863
2020-11-04,16.685890197753906,16.151054834626162,-19.674062510748303,23.015873015873016,23.015873015873016,17.510000228881836
2020-11-05,17.97354507446289,17.82703182812619,-2.5655815714446364,32.53968253968254,32.53968253968254,18.861249923706055
2020-11-06,18.034292221069336,17.852043567198287,7.046856739901479,38.88888888888889,38.88888888888889,18.924999237060547
2020-11-09,16.933650970458984,18.544109391845343,3.4096516181589105,37.5,37.5,17.770000457763672
2020-11-10,16.02002716064453,16.33568611270978,-5.1771011087236944,30.952380952380953,30.952380952380953,16.811250686645508
2020-11-11,17.096843719482422,16.446466645622618,-1.9740874574794853,32.53968253968254,32.53968253968254,17.94124984741211
2020-11-12,16.846702575683594,17.25408397995168,-2.145754936080615,32.34126984126984,32.34126984126984,17.678749084472656
2020-11-13,17.28862190246582,17.12662289159103,1.3785448842245482,35.11904761904761,35.11904761904761,18.142499923706055
2020-11-16,17.68647003173828,17.24216467376476,6.30325359165176,38.492063492063494,38.492063492063494,18.559999465942383
2020-11-17,17.52328109741211,17.724588878754002,7.619720977189143,39.285714285714285,39.285714285714285,18.388750076293945
2020-11-18,17.117094039916992,17.42203293958997,4.5546668644738055,37.301587301587304,37.301587301587304,17.962499618530273
2020-11-19,17.541149139404297,17.022991859703666,6.536550327570896,38.2936507936508,38.2936507936508,18.407499313354492
2020-11-20,17.18498992919922,17.516134655133925,4.306714239549097,36.904761904761905,36.904761904761905,18.033750534057617
2020-11-23,17.18856430053711,17.369622447603916,3.2275458092826677,35.714285714285715,35.714285714285715,18.037500381469727
2020-11-24,17.8913516998291,17.369621097983554,8.912192142448001,40.07936507936508,40.07936507936508,18.774999618530273
2020-11-25,18.228452682495117,18.072409888915477,14.461373841798222,45.43650793650794,45.43650793650794,19.12874984741211
2020-11-27,18.726364135742188,18.586995796859412,21.289492201202062,56.34920634920635,56.34920634920635,19.6512508392334
2020-11-30,18.822843551635742,18.78710813614674,25.554699262090473,64.68253968253968,64.68253968253968,19.752500534057617
2020-12-01,19.56256675720215,19.27192124852823,28.937951529596972,70.03968253968253,70.03968253968253,20.528749465942383
2020-12-02,19.64118003845215,19.32194770876814,31.1155255985979,73.21428571428571,73.21428571428571,20.611249923706055
2020-12-03,19.720989227294922,19.688827162623223,31.856007986923206,74.60317460317461,74.60317460317461,20.69499969482422
2020-12-04,19.962793350219727,19.72575197134357,33.840850000126,77.57936507936508,77.57936507936508,20.948749542236328
2020-12-07,20.301084518432617,19.999719023758534,35.41561711291067,80.15873015873017,80.15873015873017,21.303749084472656
2020-12-08,20.486907958984375,20.208173144907995,36.8453742697912,82.93650793650794,82.93650793650794,21.498750686645508
2020-12-09,19.11467933654785,20.46903721696092,23.873838856244664,61.30952380952381,61.30952380952381,20.05875015258789
2020-12-10,19.349348068237305,18.70611576617708,17.45146871022286,46.82539682539682,46.82539682539682,20.30500030517578
2020-12-11,19.21354866027832,19.017004763223476,11.972858489271468,41.46825396825397,41.46825396825397,20.162500381469727
2020-12-14,19.62331199645996,19.443444376206724,12.825160235535662,41.86507936507937,41.86507936507937,20.592500686645508
2020-12-15,20.23318862915039,20.080719203426053,20.232624092444837,52.57936507936508,52.57936507936508,21.232500076293945
2020-12-16,20.572673797607422,20.341586797189812,25.93119089042762,64.28571428571429,64.28571428571429,21.5887508392334
2020-12-17,20.994346618652344,20.92287577547212,30.72357394363405,71.82539682539682,71.82539682539682,22.03125
2020-12-18,20.765644073486328,21.150391052964704,30.202523752881618,71.62698412698413,71.62698412698413,21.791250228881836
2020-12-21,20.688213348388672,20.198644846560114,28.986905227520932,68.84920634920636,68.84920634920636,21.709999084472656
2020-12-22,20.85140609741211,20.88118531154221,29.89000838733147,69.84126984126983,69.84126984126983,21.881250381469727
2020-12-23,20.536937713623047,20.850213811000188,26.091234882295666,63.69047619047619,63.69047619047619,21.551250457763672
2020-12-24,20.80375862121582,20.596496450564587,26.46606563045274,63.888888888888886,63.888888888888886,21.831249237060547
2020-12-28,21.427936553955078,21.340981736080607,30.981386610222334,72.22222222222221,72.22222222222221,22.486249923706055
2020-12-29,21.491065979003906,21.720962488719042,32.18762028982046,74.8015873015873,74.8015873015873,22.552499771118164
2020-12-30,21.48749351501465,21.73287399248567,32.449580615749184,75.1984126984127,75.1984126984127,22.548749923706055
2020-12-31,21.655447006225586,21.47319834325268,34.31833785290917,78.17460317460318,78.17460317460318,22.725000381469727
2021-01-04,20.70846939086914,21.92703450996568,20.632276131424543,50.79365079365079,50.79365079365079,21.731250762939453
2021-01-05,21.227819442749023,20.521455417235902,19.265822874923003,48.01587301587302,48.01587301587302,22.2762508392334
2021-01-06,20.349925994873047,20.237955844277963,6.37327291819349,32.53968253968254,32.53968253968254,21.354999542236328
2021-01-07,21.819826126098633,20.889523715423294,17.143402030993705,43.84920634920635,43.84920634920635,22.897499084472656
2021-01-08,22.665557861328125,22.311780612285038,26.28856495322045,62.89682539682539,62.89682539682539,23.78499984741211
2021-01-11,21.663782119750977,22.013985968830763,19.785079143814105,48.61111111111111,48.61111111111111,22.733749389648438
2021-01-12,21.569677352905273,21.693558065321003,15.190719732895861,40.67460317460318,40.67460317460318,22.635000228881836
2021-01-13,21.98897361755371,21.628049668386463,15.383063666106148,40.67460317460318,40.67460317460318,23.075000762939453
2021-01-14,21.654253005981445,22.09617735277165,10.658784786202556,35.11904761904761,35.11904761904761,22.7237491607666
2021-01-15,21.12775993347168,21.608993135343784,0.76625393040055,27.18253968253968,27.18253968253968,22.171249389648438
2021-01-19,22.043766021728516,21.613754080505558,7.5974937628621095,32.53968253968254,32.53968253968254,23.13249969482422
2021-01-20,23.58037757873535,22.835897103544642,20.68680761888794,50.79365079365079,50.79365079365079,24.7450008392334
2021-01-21,24.166425704956055,23.88292703680912,29.246636257004354,68.45238095238095,68.45238095238095,25.360000610351562
2021-01-22,23.947256088256836,23.921052047559918,31.38098478092705,72.42063492063492,72.42063492063492,25.1299991607666
2021-01-25,24.611927032470703,24.719133305733763,34.16163159385263,77.57936507936508,77.57936507936508,25.827499389648438
2021-01-26,24.638132095336914,24.709602941876078,35.72004732922024,80.55555555555556,80.55555555555556,25.854999542236328
2021-01-27,22.651262283325195,24.12354672934679,17.065362988727344,43.452380952380956,43.452380952380956,23.770000457763672
2021-01-28,22.98478889465332,22.844230062115898,9.64244519156577,34.523809523809526,34.523809523809526,24.1200008392334
2021-01-29,21.553007125854492,22.608382685229877,-5.9924348716359495,23.214285714285715,23.214285714285715,22.61750030517578
2021-02-01,23.137258529663086,22.28676425913164,-2.0834346102422496,25.396825396825395,25.396825396825395,24.280000686645508
2021-02-02,24.2569580078125,23.79716684204908,8.762858453017888,34.12698412698413,34.12698412698413,25.454999923706055
2021-02-03,23.97822380065918,24.7596300957763,12.320475292125206,38.69047619047619,38.69047619047619,25.162500381469727
2021-02-04,24.826335906982422,24.309369167388617,20.58097180218038,51.19047619047619,51.19047619047619,26.052499771118164
2021-02-05,25.086015701293945,25.062190871186534,25.327679170531674,60.71428571428571,60.71428571428571,26.325000762939453
2021-02-08,25.57677459716797,25.48148073718506,30.020356970289953,69.64285714285714,69.64285714285714,26.84000015258789
2021-02-09,25.564861297607422,25.36712868064716,31.27951090829618,72.22222222222221,72.22222222222221,26.827499389648438
2021-02-10,25.383804321289062,25.915064514286573,29.740404200403773,68.65079365079364,68.65079365079364,26.637500762939453
2021-02-11,25.793567657470703,25.76736361679344,32.04743301906072,74.20634920634922,74.20634920634922,27.0674991607666
2021-02-12,26.231916427612305,25.629185375277377,35.2770953261743,79.56349206349206,79.56349206349206,27.52750015258789
2021-02-16,26.012744903564453,26.434417860124366,33.43503953332315,76.38888888888889,76.38888888888889,27.297500610351562
2021-02-17,25.650623321533203,25.30756801238462,28.533159897993222,66.07142857142857,66.07142857142857,26.917499542236328
2021-02-18,25.30518913269043,24.790603361942686,22.257585974933296,55.158730158730165,55.158730158730165,26.55500030517578
2021-02-19,24.971660614013672,25.64347968972246,15.344813701959245,41.66666666666667,41.66666666666667,26.204999923706055
2021-02-22,23.037195205688477,23.95201344536552,-3.217662168051927,24.206349206349206,24.206349206349206,24.174999237060547
2021-02-23,22.832319259643555,21.86509092081549,-12.753977964197441,20.833333333333336,20.833333333333336,23.959999084472656
2021-02-24,23.38263702392578,22.212908734242784,-14.548987402434332,19.642857142857142,19.642857142857142,24.537500381469727
2021-02-25,20.940746307373047,22.77991108836294,-28.236216776511696,12.3015873015873,12.3015873015873,21.975000381469727
2021-02-26,21.255212783813477,21.533945799923703,-33.53146934864546,6.944444444444445,6.944444444444445,22.30500030517578
2021-03-01,23.108673095703125,22.24150241566246,-26.310313224467475,13.492063492063492,13.492063492063492,24.25
2021-03-02,22.000885009765625,23.237318673007962,-27.97350568662329,12.896825396825399,12.896825396825399,23.087499618530273
2021-03-03,20.092632293701172,21.76741697387006,-36.23066529789222,4.9603174603174605,4.9603174603174605,21.084999084472656
2021-03-04,19.099197387695312,20.00448627402437,-38.623777254201876,3.571428571428571,3.571428571428571,20.042499542236328
2021-03-05,19.95445442199707,19.604250606205706,-35.945090567309514,5.753968253968254,5.753968253968254,20.940000534057617
2021-03-08,18.24870491027832,19.84010643505649,-39.66467010887043,2.976190476190476,2.976190476190476,19.149999618530273
2021-03-09,20.397571563720703,19.647134989452905,-33.995358196301844,7.341269841269842,7.341269841269842,21.405000686645508
2021-03-10,20.22365951538086,21.264741483381567,-31.579302284045603,10.317460317460316,10.317460317460316,21.22249984741211
2021-03-11,21.62685775756836,21.20756588309046,-24.96682595437633,15.476190476190476,15.476190476190476,22.69499969482422
2021-03-12,21.08844757080078,20.766832420305928,-23.578011682563137,16.26984126984127,16.26984126984127,22.1299991607666
2021-03-15,21.762653350830078,21.15753938959589,-20.169936047448783,19.047619047619047,19.047619047619047,22.837499618530273
2021-03-16,22.119998931884766,22.236732937284117,-16.775086383730546,21.428571428571427,21.428571428571427,23.212499618530273
2021-03-17,22.39873695373535,21.46962675880355,-11.885644299104719,24.00793650793651,24.00793650793651,23.5049991607666
2021-03-18,20.3427791595459,21.348125845333374,-18.73080468779787,20.238095238095237,20.238095238095237,21.34749984741211
2021-03-19,20.60245132446289,20.309423071612823,-21.382093654643523,17.658730158730158,17.658730158730158,21.6200008392334
2021-03-22,21.70071029663086,21.03365692155763,-14.845840923668058,22.61904761904762,22.61904761904762,22.772499084472656
2021-03-23,21.41720962524414,21.929412434952525,-11.119402590784015,25.595238095238095,25.595238095238095,22.475000381469727
2021-03-24,20.335628509521484,21.70070657469489,-15.419624237909128,22.42063492063492,22.42063492063492,21.34000015258789
2021-03-25,20.226041793823242,19.968748957784136,-18.053797270860546,21.23015873015873,21.23015873015873,21.225000381469727
2021-03-26,21.119417190551758,20.18315870690386,-13.919408280057798,24.00793650793651,24.00793650793651,22.162500381469727
2021-03-29,21.107507705688477,21.02174341914317,-11.853509244574113,25.595238095238095,25.595238095238095,22.149999618530273
2021-03-30,20.807331085205078,20.714420084933803,-12.656327351547517,25.198412698412696,25.198412698412696,21.834999084472656
2021-03-31,21.741212844848633,21.152775183120557,-4.900252429052339,29.166666666666668,29.166666666666668,22.815000534057617
2021-04-01,22.846616744995117,22.54644171427247,8.56498783083171,39.48412698412698,39.48412698412698,23.975000381469727
2021-04-05,24.218843460083008,23.396935946877832,18.857616410092092,52.976190476190474,52.976190476190474,25.415000915527344
2021-04-06,24.161664962768555,24.147371520296673,22.798553444439058,60.912698412698404,60.912698412698404,25.354999542236328
2021-04-07,24.340341567993164,24.0687552410025,26.123613498992977,67.46031746031747,67.46031746031747,25.542499542236328
2021-04-08,25.100305557250977,24.995482136016598,31.000145329875366,75.79365079365078,75.79365079365078,26.34000015258789
2021-04-09,25.555330276489258,24.78107068855481,34.6877948373477,83.13492063492063,83.13492063492063,26.8174991607666
2021-04-12,25.455272674560547,25.324245218819325,35.72592725910438,84.92063492063492,84.92063492063492,26.712499618530273
2021-04-13,26.327211380004883,25.819772345471893,38.066467892983916,90.07936507936508,90.07936507936508,27.627500534057617
2021-04-14,25.402860641479492,26.39391377866994,31.912074819263736,78.17460317460318,78.17460317460318,26.657499313354492
2021-04-15,26.524944305419922,26.05562535436736,35.00133690523637,83.73015873015873,83.73015873015873,27.834999084472656
2021-04-16,26.636913299560547,26.660738127097787,37.00266969482461,87.6984126984127,87.6984126984127,27.952499389648438
2021-04-19,25.910301208496094,26.24144595066247,31.558293576688705,77.57936507936508,77.57936507936508,27.190000534057617
2021-04-20,25.343303680419922,25.741155393036212,24.022660052320894,64.0873015873016,64.0873015873016,26.594999313354492
2021-04-21,25.984155654907227,25.014544342157254,23.74090633970509,63.29365079365079,63.29365079365079,27.267499923706055
2021-04-22,25.03836441040039,25.888858745336435,16.15228038959025,48.41269841269841,48.41269841269841,26.274999618530273
2021-04-23,25.981769561767578,25.18606978979941,18.406442685384754,52.38095238095239,52.38095238095239,27.264999389648438
2021-04-26,26.49635887145996,26.04133152096905,23.03176691757288,62.10317460317461,62.10317460317461,27.80500030517578
2021-04-27,26.148534774780273,26.55591423592203,22.216101524749973,60.11904761904761,60.11904761904761,27.440000534057617
2021-04-28,25.87933349609375,26.060391668224312,19.567485679549154,54.166666666666664,54.166666666666664,27.157499313354492
2021-04-29,26.139001846313477,26.648821818741396,19.494114766092167,53.96825396825397,53.96825396825397,27.43000030517578
2021-04-30,25.648242950439453,25.56009582045746,13.27233295764891,45.23809523809524,45.23809523809524,26.915000915527344
2021-05-03,25.228952407836914,25.91030102205116,3.177838009751479,35.11904761904761,35.11904761904761,26.475000381469727
2021-05-04,23.89961051940918,24.645281527294653,-13.402544841505021,25.0,25.0,25.079999923706055
2021-05-05,23.620874404907227,24.30936973080318,-24.191437017617012,16.071428571428573,16.071428571428573,24.787500381469727
2021-05-06,24.137840270996094,23.554168388058663,-25.0281891663265,15.476190476190476,15.476190476190476,25.329999923706055
2021-05-07,24.72866439819336,24.769163700164093,-20.39246904795676,19.444444444444446,19.444444444444446,25.950000762939453
2021-05-10,22.870437622070312,24.416573989890214,-32.07125809608689,9.325396825396826,9.325396825396826,24.0
2021-05-11,22.75608253479004,21.581590305060008,-32.63824246163606,8.531746031746032,8.531746031746032,23.8799991607666
2021-05-12,21.024124145507812,21.68403069855561,-38.454040725857844,3.968253968253968,3.968253968253968,22.0625
2021-05-13,21.467239379882812,21.583973386829022,-39.599607356894296,3.1746031746031744,3.1746031746031744,22.52750015258789
2021-05-14,22.863292694091797,22.12714948026109,-32.892515852497404,8.73015873015873,8.73015873015873,23.99250030517578
2021-05-17,22.47734832763672,22.51546659054179,-31.474679171433763,11.30952380952381,11.30952380952381,23.587499618530273
2021-05-18,22.005653381347656,22.682236397019704,-32.999748971253354,8.73015873015873,8.73015873015873,23.092500686645508
2021-05-19,22.08664894104004,20.881186846090053,-33.340222268076936,8.531746031746032,8.531746031746032,23.177499771118164
2021-05-20,23.363582611083984,22.41064765916037,-25.612855828924886,16.26984126984127,16.26984126984127,24.517499923706055
2021-05-21,22.977642059326172,23.71378521504112,-23.681455761163033,17.261904761904763,17.261904761904763,24.112499237060547
2021-05-24,24.12830924987793,23.4779322558137,-14.900137070486167,23.61111111111111,23.61111111111111,25.31999969482422
2021-05-25,24.245046615600586,24.478516477603563,-9.000740598868585,27.976190476190478,27.976190476190478,25.4424991607666
2021-05-26,24.490428924560547,24.385605498509992,-4.22076073797243,29.96031746031746,29.96031746031746,25.700000762939453
2021-05-27,24.20454216003418,24.387983116294965,-3.999558698456857,30.158730158730158,30.158730158730158,25.399999618530273
2021-05-28,24.440399169921875,24.485664163361722,-0.2526704840142831,32.93650793650794,32.93650793650794,25.647499084472656
2021-06-01,24.20216178894043,24.74057048385245,-0.2644681575223794,32.73809523809524,32.73809523809524,25.397499084472656
2021-06-02,24.328428268432617,24.28792715445995,4.200241641193346,36.7063492063492,36.7063492063492,25.530000686645508
2021-06-03,23.563703536987305,23.70187774500553,-1.1446099921179242,31.944444444444443,31.944444444444443,24.727500915527344
2021-06-04,24.77153968811035,23.973455378920765,8.00545694965027,39.48412698412698,39.48412698412698,25.9950008392334
2021-06-07,24.990720748901367,24.64051684544315,14.920343274909817,47.61904761904761,47.61904761904761,26.225000381469727
2021-06-08,25.01930809020996,25.390953983070325,17.354515188149858,50.79365079365079,50.79365079365079,26.2549991607666
2021-06-09,25.047895431518555,25.338540886910344,18.93900962177015,54.36507936507936,54.36507936507936,26.28499984741211
2021-06-10,25.81500816345215,25.116983233856455,25.36013921353367,67.85714285714286,67.85714285714286,27.09000015258789
2021-06-11,26.019887924194336,25.829300215779202,29.86036468693129,75.1984126984127,75.1984126984127,27.30500030517578
2021-06-14,26.748882293701172,26.119945406482664,34.77259653934919,85.31746031746032,85.31746031746032,28.06999969482422
2021-06-15,26.25335693359375,26.686942259641384,32.06637127229759,80.35714285714286,80.35714285714286,27.549999237060547
2021-06-16,25.972240447998047,26.35341587010732,27.306857322674606,70.23809523809523,70.23809523809523,27.2549991607666
2021-06-17,26.941852569580078,25.71971414744247,31.298668187799212,77.97619047619048,77.97619047619048,28.272499084472656
2021-06-18,26.298620223999023,26.5416196364152,25.65502608194601,67.46031746031747,67.46031746031747,27.59749984741211
2021-06-21,26.779857635498047,26.355800019075268,27.005253189043827,69.64285714285714,69.64285714285714,28.102500915527344
2021-06-22,27.527908325195312,26.75602972862791,31.827890565470323,79.36507936507937,79.36507936507937,28.887500762939453
2021-06-23,27.575551986694336,27.532669846106902,33.809484087259314,82.93650793650794,82.93650793650794,28.9375
2021-06-24,28.082992553710938,28.049639975592285,35.97348284159461,87.5,87.5,29.469999313354492
2021-06-25,27.994848251342773,28.22831630666299,36.29889517924569,88.09523809523809,88.09523809523809,29.377500534057617
2021-06-28,28.98589515686035,28.295017032023527,39.66402757084687,95.23809523809523,95.23809523809523,30.417499542236328
2021-06-29,29.312278747558594,28.95969202272962,41.68538521730921,98.01587301587301,98.01587301587301,30.760000228881836
2021-06-30,29.18363380432129,29.276544819598097,41.846548122020124,98.01587301587301,98.01587301587301,30.625
2021-07-01,29.197927474975586,29.08357629416487,41.980475381804865,98.4126984126984,98.4126984126984,30.639999389648438
2021-07-02,30.18897819519043,29.6934516065006,42.71994845700607,99.40476190476191,99.40476190476191,31.68000030517578
2021-07-06,30.593975067138672,30.36288805900584,43.239196681750954,99.8015873015873,99.8015873015873,32.10499954223633
2021-07-07,30.789331436157227,31.184796702001012,42.362666628707274,98.61111111111111,98.61111111111111,32.310001373291016
2021-07-08,30.25568199157715,29.467128971689675,39.08101880348126,93.25396825396825,93.25396825396825,31.75
2021-07-09,30.767887115478516,30.08415742162831,39.51498168828697,93.45238095238095,93.45238095238095,32.287498474121094
2021-07-12,31.153825759887695,31.1609724809452,41.074635732827325,96.23015873015873,96.23015873015873,32.692501068115234
2021-07-13,31.13715362548828,31.060920707868803,39.72641604253393,94.04761904761905,94.04761904761905,32.67499923706055
2021-07-14,31.306297302246094,31.770852377954874,39.750008725246374,94.24603174603175,94.24603174603175,32.852500915527344
2021-07-15,30.65830421447754,31.306300354861754,35.53235938885579,84.52380952380952,84.52380952380952,32.17250061035156
2021-07-16,29.905479431152344,30.8893858859804,24.610591232023538,65.07936507936508,65.07936507936508,31.38249969482422
2021-07-19,29.188398361206055,29.01925261617267,11.017638997405431,41.86507936507937,41.86507936507937,30.6299991607666
2021-07-20,30.150859832763672,29.407571769616585,12.088724155831434,43.65079365079365,43.65079365079365,31.639999389648438
2021-07-21,30.839359283447266,30.09130542782693,17.816084493635213,51.19047619047619,51.19047619047619,32.36249923706055
2021-07-22,31.48735237121582,30.93465199537687,25.57345871179016,66.86507936507937,66.86507936507937,33.04249954223633
2021-07-23,32.53319549560547,31.85184692620325,33.02074769550617,80.35714285714286,80.35714285714286,34.13999938964844
2021-07-26,32.668983459472656,32.404543947415696,36.930447568616266,87.3015873015873,87.3015873015873,34.282501220703125
2021-07-27,31.601699829101562,32.5975186162071,28.658808743772752,71.42857142857143,71.42857142857143,33.162498474121094
2021-07-28,31.9471435546875,31.889966152785615,26.806005067793464,69.04761904761905,69.04761904761905,33.525001525878906
2021-07-29,32.1043815612793,31.799442626257047,26.93139718340831,69.24603174603175,69.24603174603175,33.689998626708984
2021-07-30,31.62314224243164,31.053763852116074,21.30720728549195,58.730158730158735,58.730158730158735,33.185001373291016
2021-08-02,31.613609313964844,32.051958422502416,18.14166749633121,51.388888888888886,51.388888888888886,33.17499923706055
2021-08-03,32.16393280029297,31.789907755155166,22.193688801121304,59.523809523809526,59.523809523809526,33.752498626708984
2021-08-04,32.323551177978516,32.1829941478186,25.74749999669389,67.46031746031747,67.46031746031747,33.91999816894531
2021-08-05,32.9310417175293,32.5331918942671,32.018793411591744,78.37301587301587,78.37301587301587,34.557498931884766
2021-08-06,32.50222396850586,32.58798825124867,30.22098911316094,75.1984126984127,75.1984126984127,34.10749816894531
2021-08-09,32.6761360168457,32.61657759029203,30.772387640476236,75.39682539682539,75.39682539682539,34.290000915527344
2021-08-10,32.1877555847168,32.82145810372832,24.742284957894192,64.48412698412699,64.48412698412699,33.77750015258789
2021-08-11,32.013851165771484,32.51890553165716,19.72900940775165,53.37301587301587,53.37301587301587,33.595001220703125
2021-08-12,32.34737777709961,31.878057006144147,20.32079722927618,54.96031746031746,54.96031746031746,33.94499969482422
2021-08-13,32.67137145996094,32.44266549457956,24.36045585224616,63.69047619047619,63.69047619047619,34.28499984741211
2021-08-16,32.728553771972656,32.38549658999382,26.841733846012616,68.45238095238095,68.45238095238095,34.345001220703125
2021-08-17,31.868526458740234,31.97334987952226,16.73915991962215,46.62698412698413,46.62698412698413,33.442501068115234
2021-08-18,30.941795349121094,31.70890818442482,-3.3944180565347057,26.38888888888889,26.38888888888889,32.470001220703125
2021-08-19,31.382524490356445,30.43197253000259,-10.188877471919275,23.015873015873016,23.015873015873016,32.932498931884766
2021-08-20,32.352142333984375,31.673174726903248,-0.1336473995682846,29.761904761904763,29.761904761904763,33.95000076293945
2021-08-23,33.793453216552734,32.645164989511265,15.911552938911806,45.63492063492063,45.63492063492063,35.462501525878906
2021-08-24,34.126983642578125,33.974514192652876,25.60759371665913,65.87301587301587,65.87301587301587,35.8125
2021-08-25,34.16510009765625,34.18415923227854,30.228239622285912,75.0,75.0,35.852500915527344
2021-08-26,33.58618927001953,33.98880484374648,25.45467264336361,64.88095238095238,64.88095238095238,35.244998931884766
2021-08-27,34.567718505859375,33.7553405476417,30.79297589404531,75.39682539682539,75.39682539682539,36.275001525878906
2021-08-30,35.7136116027832,34.782117047764864,35.74983934097928,85.31746031746032,85.31746031746032,37.477500915527344
2021-08-31,35.61355972290039,35.78746931875871,37.81948746938078,89.28571428571429,89.28571428571429,37.372501373291016
2021-09-01,35.808902740478516,35.93278526805243,37.85048416844506,89.28571428571429,89.28571428571429,37.57749938964844
2021-09-02,35.75887680053711,36.19960692717732,37.61362184992507,88.4920634920635,88.4920634920635,37.525001525878906
2021-09-03,36.080501556396484,35.42535872853628,39.00790186190653,92.06349206349206,92.06349206349206,37.86249923706055
2021-09-07,36.228206634521484,36.10432407171353,40.56119133310624,95.43650793650794,95.43650793650794,38.01750183105469
2021-09-08,35.8565559387207,36.16626050218572,38.37584333609306,90.87301587301587,90.87301587301587,37.627498626708984
2021-09-09,35.47300720214844,35.908975441194016,33.0203087208467,78.57142857142857,78.57142857142857,37.224998474121094
2021-09-10,34.67491912841797,35.97329219243791,21.302621663497433,54.761904761904766,54.761904761904766,36.38750076293945
2021-09-13,34.5963020324707,35.32767768210644,13.939513627936472,41.269841269841265,41.269841269841265,36.30500030517578
2021-09-14,34.29850387573242,35.00843923826659,6.756289442315179,33.13492063492063,33.13492063492063,35.99250030517578
2021-09-15,35.0584831237793,34.42239938215737,10.257827049826764,36.7063492063492,36.7063492063492,36.790000915527344
2021-09-16,35.127559661865234,34.67491706886903,12.711275196322694,40.476190476190474,40.476190476190474,36.86249923706055
2021-09-17,33.8863639831543,34.99653030130576,1.791557690001407,30.158730158730158,30.158730158730158,35.560001373291016
2021-09-20,31.801820755004883,32.261610092093576,-16.59793949729075,18.055555555555554,18.055555555555554,33.372501373291016
2021-09-21,31.842323303222656,32.25208563638869,-25.618804880024804,13.293650793650794,13.293650793650794,33.415000915527344
2021-09-22,32.77381896972656,32.128203903081214,-24.88436583944084,14.087301587301587,14.087301587301587,34.39250183105469
2021-09-23,33.683868408203125,33.0930497498826,-18.286698647286524,17.46031746031746,17.46031746031746,35.34749984741211
2021-09-24,33.77915573120117,33.04778014066545,-14.246606001480325,20.238095238095237,20.238095238095237,35.4474983215332
2021-09-27,32.96440124511719,32.92628660966353,-17.648353138787893,18.253968253968253,18.253968253968253,34.592498779296875
2021-09-28,30.21518325805664,31.718437455314856,-31.220664791356405,10.119047619047619,10.119047619047619,31.707500457763672
2021-09-29,30.01506996154785,30.484390744676006,-38.0832247034041,3.373015873015873,3.373015873015873,31.497499465942383
2021-09-30,29.67677879333496,30.44150892892202,-41.71941428992424,0.7936507936507936,0.7936507936507936,31.142499923706055
2021-10-01,30.217565536499023,29.838774777036893,-39.493563627598135,2.579365079365079,2.579365079365079,31.709999084472656
2021-10-04,28.359342575073242,29.80303835335386,-41.30694948804738,1.3888888888888888,1.3888888888888888,29.760000228881836
2021-10-05,29.450454711914062,28.58090122341694,-38.862527953206296,3.373015873015873,3.373015873015873,30.905000686645508
2021-10-06,30.031742095947266,28.649987613514195,-35.282478841238216,6.349206349206349,6.349206349206349,31.514999389648438
2021-10-07,30.844118118286133,30.80838451655163,-29.795388055216115,12.5,12.5,32.36750030517578
2021-10-08,30.37003517150879,31.12999949600343,-29.076835303897592,12.698412698412698,12.698412698412698,31.8700008392334
2021-10-11,29.695831298828125,29.98409385995434,-30.43305415072901,11.904761904761903,11.904761904761903,31.162500381469727
2021-10-12,29.393278121948242,30.05795047318963,-32.17406695666799,9.523809523809524,9.523809523809524,30.844999313354492
2021-10-13,30.081771850585938,29.965037833503036,-30.15618139773288,12.5,12.5,31.5674991607666
2021-10-14,31.742263793945312,30.99659104874516,-20.12082626174182,18.452380952380953,18.452380952380953,33.310001373291016
2021-10-15,32.330692291259766,32.06625277758373,-10.343311172097954,23.809523809523807,23.809523809523807,33.9275016784668
2021-10-18,33.30031204223633,31.982879744683277,4.350585442806373,33.13492063492063,33.13492063492063,34.94499969482422
2021-10-19,34.03169250488281,33.60048636558148,16.698054596667443,46.42857142857143,46.42857142857143,35.712501525878906
2021-10-20,33.92448425292969,34.18416180090733,21.127115993264635,55.158730158730165,55.158730158730165,35.599998474121094
2021-10-21,34.531986236572266,33.69578696404808,26.655733036042857,65.87301587301587,65.87301587301587,36.23749923706055
2021-10-22,33.65766143798828,34.17939389380722,22.35879059938726,57.53968253968254,57.53968253968254,35.31999969482422
2021-10-25,34.66777038574219,34.06503939218991,25.23792847142459,62.5,62.5,36.380001068115234
2021-10-26,34.99176788330078,35.33482500139712,25.958614508624372,64.88095238095238,64.88095238095238,36.720001220703125
2021-10-27,35.26811981201172,35.15376863938378,27.658618770133398,67.65873015873017,67.65873015873017,37.0099983215332
2021-10-28,36.425941467285156,35.808916884090216,33.51883362391494,79.36507936507937,79.36507936507937,38.224998474121094
2021-10-29,36.96434783935547,35.54209212580177,37.304547098870806,86.90476190476191,86.90476190476191,38.790000915527344
2021-11-01,37.3288459777832,37.11681809075237,39.610149440792235,92.85714285714286,92.85714285714286,39.17250061035156
2021-11-02,37.826751708984375,37.17160894541565,41.240682925807285,96.82539682539682,96.82539682539682,39.69499969482422
2021-11-03,39.02745056152344,37.960160856561046,42.43947792742677,98.80952380952381,98.80952380952381,40.95500183105469
2021-11-04,40.48305130004883,39.410999639352305,42.95932290099568,99.40476190476191,99.40476190476191,42.48249816894531
2021-11-05,40.63314437866211,41.08579064643943,42.57113394372906,98.61111111111111,98.61111111111111,42.63999938964844
2021-11-08,40.46637725830078,40.618846684025115,41.87158388276723,97.02380952380952,97.02380952380952,42.46500015258789
2021-11-09,39.63256072998047,40.7975234437865,38.843649122470055,90.07936507936508,90.07936507936508,41.59000015258789
2021-11-10,37.895835876464844,38.76538741529985,26.352722455807147,65.67460317460318,65.67460317460318,39.76750183105469
2021-11-11,38.20315933227539,38.77253777539873,19.602932909471214,51.98412698412699,51.98412698412699,40.09000015258789
2021-11-12,39.415771484375,38.54860081775643,22.095903924130766,56.547619047619044,56.547619047619044,41.36249923706055
2021-11-15,39.403865814208984,39.76360114902448,23.27235057928699,59.523809523809526,59.523809523809526,41.349998474121094
2021-11-16,40.21862030029297,39.13941815215612,27.690031809016535,68.65079365079364,68.65079365079364,42.20500183105469
2021-11-17,40.26626205444336,40.311527040263115,30.26402025530091,74.20634920634922,74.20634920634922,42.255001068115234
2021-11-18,41.49793243408203,40.899963467993814,35.9870630264361,84.92063492063492,84.92063492063492,43.54750061035156
2021-11-19,42.200721740722656,42.03157419714586,38.597967973581824,90.27777777777779,90.27777777777779,44.28499984741211
2021-11-22,40.73796844482422,42.712924496860964,29.003687457008244,71.42857142857143,71.42857142857143,42.75
2021-11-23,40.18288040161133,40.36870240909422,18.221628503094564,49.60317460317461,49.60317460317461,42.16749954223633
2021-11-24,40.554527282714844,39.38241775454007,14.44425050213324,43.452380952380956,43.452380952380956,42.557498931884766
2021-11-26,38.31751251220703,39.732621459318494,-2.0912194605328884,27.976190476190478,27.976190476190478,40.209999084472656
2021-11-29,40.697471618652344,39.594448201847406,0.9306543712952001,30.555555555555557,30.555555555555557,42.70750045776367
2021-11-30,38.94883728027344,40.4235011462112,-8.941752114607985,24.6031746031746,24.6031746031746,40.872501373291016
2021-12-01,36.95005416870117,40.228149090562646,-24.14872707564229,16.666666666666664,16.666666666666664,38.775001525878906
2021-12-02,37.645687103271484,36.54981072202861,-26.811919793736795,14.880952380952381,14.880952380952381,39.505001068115234
2021-12-03,35.754112243652344,38.11738998660281,-31.72449434573202,10.515873015873016,10.515873015873016,37.52000045776367
2021-12-06,36.59031295776367,35.87561186074821,-30.82401098504287,12.103174603174603,12.103174603174603,38.397499084472656
2021-12-07,39.88985061645508,38.539065997146736,-17.911163690710648,20.634920634920633,20.634920634920633,41.86000061035156
2021-12-08,40.444942474365234,39.997061886373686,-8.522859765816687,25.793650793650798,25.793650793650798,42.442501068115234
2021-12-09,38.69869613647461,40.0590089962435,-10.833104430353012,24.801587301587304,24.801587301587304,40.61000061035156
2021-12-10,39.897003173828125,39.4920065586425,-7.243776231684029,26.38888888888889,26.38888888888889,41.86750030517578
2021-12-13,38.18171691894531,39.89699886794749,-12.246558150716263,24.00793650793651,24.00793650793651,40.067501068115234
2021-12-14,37.04534912109375,36.71658537400305,-19.16389422269378,19.841269841269842,19.841269841269842,38.875
2021-12-15,39.49676513671875,36.91669725927846,-13.298694959903118,23.809523809523807,23.809523809523807,41.4474983215332
2021-12-16,36.483116149902344,39.78741708287684,-21.375453496545894,18.452380952380953,18.452380952380953,38.28499984741211
2021-12-17,35.92565155029297,35.45633075469364,-27.523528993505202,15.079365079365079,15.079365079365079,37.70000076293945
2021-12-20,34.8512077331543,34.54865353966458,-33.109101382421066,8.333333333333332,8.333333333333332,36.5724983215332
2021-12-21,37.1811408996582,35.773178648321235,-27.625593409800388,15.277777777777779,15.277777777777779,39.01750183105469
2021-12-22,38.50810241699219,37.064406503145285,-15.932987364138693,23.015873015873016,23.015873015873016,40.40999984741211
2021-12-23,39.422916412353516,38.63436335188338,-5.079296415164453,29.166666666666668,29.166666666666668,41.369998931884766
2021-12-27,41.307350158691406,39.80647679243127,9.335723056508929,40.87301587301587,40.87301587301587,43.34749984741211
2021-12-28,40.821353912353516,41.63372822510881,13.0035150572037,45.03968253968254,45.03968253968254,42.837501525878906
2021-12-29,40.757022857666016,40.811815592200425,14.636547306803536,47.023809523809526,47.023809523809526,42.77000045776367
2021-12-30,40.3758544921875,40.68317806202744,13.609313188673767,45.83333333333333,45.83333333333333,42.369998931884766
2021-12-31,39.62540817260742,40.17334636007114,9.299177634880195,40.87301587301587,40.87301587301587,41.58250045776367
2022-01-03,40.7689323425293,39.98276044216978,12.731897513011988,45.03968253968254,45.03968253968254,42.782501220703125
2022-01-04,39.18468475341797,40.93570420613635,6.554935574916683,38.095238095238095,38.095238095238095,41.119998931884766
2022-01-05,35.580204010009766,38.68438878316759,-12.919563991207255,25.0,25.0,37.337501525878906
2022-01-06,35.482540130615234,35.02751273381443,-23.28848689590917,18.849206349206348,18.849206349206348,37.23500061035156
2022-01-07,34.32233428955078,35.472999975117624,-32.10479754458761,10.119047619047619,10.119047619047619,36.01750183105469
2022-01-10,34.44859313964844,32.95963257232542,-31.213879704053653,12.3015873015873,12.3015873015873,36.150001525878906
2022-01-11,35.96377182006836,34.16986817258821,-25.327092525833724,17.46031746031746,17.46031746031746,37.7400016784668
2022-01-12,36.3735237121582,36.68084725583457,-20.443827003536693,20.436507936507937,20.436507936507937,38.16999816894531
2022-01-13,33.733890533447266,36.74992615875728,-26.71628120316751,16.46825396825397,16.46825396825397,35.400001525878906
2022-01-14,34.24372100830078,32.91913828640789,-28.46761940549902,14.880952380952381,14.880952380952381,35.935001373291016
2022-01-18,31.77561378479004,32.633252969998615,-36.0999386156241,5.555555555555555,5.555555555555555,33.345001220703125
2022-01-19,30.670209884643555,32.09484648746422,-40.67565926783079,1.7857142857142856,1.7857142857142856,32.185001373291016
2022-01-20,29.483806610107422,31.456379764464653,-43.030914678068314,0.0,0.0,30.940000534057617
2022-01-21,27.00140953063965,28.883456322462443,-44.50623054857055,0.0,0.0,28.334999084472656
2022-01-24,27.39211654663086,25.65777337229602,-40.35730212009644,2.380952380952381,2.380952380952381,28.7450008392334
2022-01-25,25.371891021728516,25.800712442085118,-40.50619616352355,2.380952380952381,2.380952380952381,26.625
2022-01-26,25.324241638183594,27.153876425822286,-40.63922438937787,2.380952380952381,2.380952380952381,26.575000762939453
2022-01-27,24.566661834716797,26.396296875082705,-41.54024423620319,1.7857142857142856,1.7857142857142856,25.780000686645508
2022-01-28,26.85846519470215,24.966890967760772,-38.36349337152843,5.555555555555555,5.555555555555555,28.184999465942383
2022-01-31,29.459985733032227,27.182469898442733,-31.276874172318887,13.690476190476192,13.690476190476192,30.915000915527344
2022-02-01,30.022214889526367,29.741099005735055,-25.404229984869314,19.841269841269842,19.841269841269842,31.5049991607666
2022-02-02,30.732152938842773,31.075210111413345,-20.227905872042744,23.41269841269841,23.41269841269841,32.25
2022-02-03,27.034761428833008,28.264046391747552,-25.434078257159804,19.841269841269842,19.841269841269842,28.3700008392334
2022-02-04,27.96864128112793,27.09670492522774,-24.916522074942243,20.833333333333336,20.833333333333336,29.350000381469727
2022-02-07,27.334936141967773,28.144931142166737,-26.02492054915177,19.246031746031747,19.246031746031747,28.684999465942383
2022-02-08,28.264047622680664,27.063349488597158,-23.87118935356969,21.825396825396826,21.825396825396826,29.65999984741211
2022-02-09,30.017446517944336,29.331334109005443,-17.055602731052343,26.984126984126984,26.984126984126984,31.5
2022-02-10,28.02581787109375,28.259287743050397,-19.307509625947496,25.198412698412696,25.198412698412696,29.40999984741211
2022-02-11,25.386188507080078,28.006759828173923,-26.88630573705687,18.452380952380953,18.452380952380953,26.639999389648438
2022-02-14,25.457658767700195,25.205131573360454,-29.61161444701032,16.26984126984127,16.26984126984127,26.71500015258789
2022-02-15,27.301584243774414,26.601178335352667,-23.82895946057058,22.42063492063492,22.42063492063492,28.649999618530273
2022-02-16,27.29681968688965,26.810822686869116,-20.20308476038229,25.0,25.0,28.645000457763672
2022-02-17,24.876365661621094,26.510649195565854,-26.368548756018427,19.246031746031747,19.246031746031747,26.104999542236328
2022-02-18,24.03302001953125,25.057425870448732,-31.619371437210752,13.095238095238097,13.095238095238097,25.219999313354492
2022-02-22,23.28972816467285,23.365962879713557,-35.727504856180225,8.134920634920634,8.134920634920634,24.440000534057617
2022-02-23,21.50773811340332,23.93772294035963,-40.15448701330377,3.1746031746031744,3.1746031746031744,22.56999969482422
2022-02-24,23.613727569580078,19.420812538958817,-32.72983774295057,11.30952380952381,11.30952380952381,24.780000686645508
2022-02-25,24.73342514038086,23.823372387867483,-25.29866693474666,21.626984126984127,21.626984126984127,25.954999923706055
2022-02-28,24.9954833984375,24.0425484447716,-19.905226427257713,26.190476190476193,26.190476190476193,26.229999542236328
2022-03-01,23.842435836791992,24.738193492025253,-21.020398504975894,24.801587301587304,24.801587301587304,25.020000457763672
2022-03-02,24.98118782043457,24.14260411504407,-16.82821199153097,28.76984126984127,28.76984126984127,26.21500015258789
2022-03-03,23.937726974487305,25.6101270281239,-18.56894476301187,27.18253968253968,27.18253968253968,25.1200008392334
2022-03-04,22.913320541381836,23.427904460166094,-22.048848517774623,23.41269841269841,23.41269841269841,24.045000076293945
2022-03-07,20.354686737060547,22.894256887623474,-30.91290735587347,14.484126984126986,14.484126984126986,21.360000610351562
2022-03-08,20.07357406616211,20.19745480274069,-36.12743500513807,6.944444444444445,6.944444444444445,21.065000534057617
2022-03-09,22.222440719604492,21.631622122248967,-31.973411934605085,11.904761904761903,11.904761904761903,23.31999969482422
2022-03-10,21.50773811340332,21.393386955416485,-32.02771370024334,11.706349206349206,11.706349206349206,22.56999969482422
2022-03-11,20.173627853393555,22.07949727055845,-35.60810652933343,7.738095238095238,7.738095238095238,21.170000076293945
2022-03-14,18.99199676513672,19.921108847792897,-39.39145533344739,3.968253968253968,3.968253968253968,19.93000030517578
2022-03-15,20.75015640258789,19.47322353311365,-35.10750100605305,7.936507936507936,7.936507936507936,21.774999618530273
2022-03-16,23.08008575439453,21.51727288803041,-22.77582149934344,23.214285714285715,23.214285714285715,24.219999313354492
2022-03-17,23.851964950561523,22.675089582446006,-12.72024836415929,31.746031746031743,31.746031746031743,25.030000686645508
2022-03-18,25.333776473999023,23.56608245930059,0.6797135589335929,39.48412698412698,39.48412698412698,26.584999084472656
2022-03-21,25.1527156829834,25.186068257169303,9.791213194237269,47.42063492063492,47.42063492063492,26.395000457763672
2022-03-22,26.63929557800293,25.286127920824622,17.90450016286367,57.936507936507944,57.936507936507944,27.954999923706055
2022-03-23,25.514833450317383,25.996066627862422,16.712917489704033,55.55555555555556,55.55555555555556,26.774999618530273
2022-03-24,27.168174743652344,25.934123951532204,22.403772664066977,66.86507936507937,66.86507936507937,28.510000228881836
2022-03-25,27.12529182434082,27.17770353417126,24.44845914302005,70.63492063492063,70.63492063492063,28.46500015258789
2022-03-28,28.359342575073242,27.120526126190693,27.862647130949153,77.18253968253968,77.18253968253968,29.760000228881836
2022-03-29,29.81256675720215,29.312276322448188,31.45801499477959,84.12698412698413,84.12698412698413,31.28499984741211
2022-03-30,28.91680908203125,29.388512660460993,29.218957249282013,79.56349206349206,79.56349206349206,30.344999313354492
2022-03-31,27.72087860107422,28.892988185497057,22.893477848187157,66.66666666666666,66.66666666666666,29.09000015258789
2022-04-01,27.601760864257812,27.83999460082653,19.046701223449816,59.12698412698413,59.12698412698413,28.96500015258789
2022-04-04,29.326574325561523,27.816173219699408,23.654246938436767,68.45238095238095,68.45238095238095,30.774999618530273
2022-04-05,27.387351989746094,28.978753530337883,17.859585319979086,56.15079365079365,56.15079365079365,28.739999771118164
2022-04-06,25.586301803588867,26.119944825632878,8.53411495484066,43.452380952380956,43.452380952380956,26.850000381469727
2022-04-07,25.753067016601562,25.3623638271014,4.170378323343607,39.682539682539684,39.682539682539684,27.024999618530273
2022-04-08,24.7000732421875,25.357598847056575,-1.6416091937551651,35.714285714285715,35.714285714285715,25.920000076293945
2022-04-11,22.946670532226562,23.74237205689902,-11.350071584971646,29.96031746031746,29.96031746031746,24.079999923706055
2022-04-12,22.651262283325195,23.899606453397986,-17.95430192510371,24.801587301587304,24.801587301587304,23.770000457763672
2022-04-13,24.009197235107422,22.708441167331603,-17.781421312281168,25.396825396825395,25.396825396825395,25.19499969482422
2022-04-14,22.393972396850586,24.023490366906774,-28.38124400292561,14.285714285714285,14.285714285714285,23.5
2022-04-18,22.45591163635254,22.14144318912988,-31.996692688911594,10.317460317460316,10.317460317460316,23.565000534057617
2022-04-19,23.89961051940918,22.265326794837257,-26.89753223535542,15.674603174603174,15.674603174603174,25.079999923706055
2022-04-20,22.822792053222656,24.094959298549398,-28.903481759246503,14.285714285714285,14.285714285714285,23.950000762939453
2022-04-21,21.483915328979492,23.651841654664363,-34.12703576205414,6.944444444444445,6.944444444444445,22.545000076293945
2022-04-22,19.77816390991211,21.464859192485,-38.45067943782778,3.373015873015873,3.373015873015873,20.7549991607666
2022-04-25,20.511924743652344,19.444638601448922,-37.354643033554574,4.166666666666666,4.166666666666666,21.524999618530273
2022-04-26,18.205821990966797,20.116457605330776,-40.859305761020714,0.992063492063492,0.992063492063492,19.104999542236328
2022-04-27,18.12482261657715,18.186762077726875,-42.205136742949094,0.3968253968253968,0.3968253968253968,19.020000457763672
2022-04-28,20.04022216796875,18.977699942535263,-36.734838008422095,4.9603174603174605,4.9603174603174605,21.030000686645508
2022-04-29,17.40535545349121,19.244520110456335,-39.80199995800677,2.380952380952381,2.380952380952381,18.264999389648438
2022-05-02,18.224884033203125,17.271948920355904,-38.21115565961026,4.365079365079365,4.365079365079365,19.125
2022-05-03,18.267763137817383,18.196292289247705,-37.215362040036055,5.158730158730158,5.158730158730158,19.170000076293945
2022-05-04,20.07834243774414,18.33923695593225,-29.55150079635275,15.873015873015872,15.873015873015872,21.06999969482422
2022-05-05,17.08612632751465,19.296935429069396,-34.20312925750228,8.531746031746032,8.531746031746032,17.93000030517578
2022-05-06,16.49053382873535,16.71923791857747,-36.855445500362244,5.555555555555555,5.555555555555555,17.30500030517578
2022-05-09,14.541787147521973,15.513781205497235,-40.37381430062442,1.984126984126984,1.984126984126984,15.260000228881836
2022-05-10,15.042078018188477,15.590016340663098,-40.30503993391595,2.380952380952381,2.380952380952381,15.78499984741211
2022-05-11,13.703203201293945,14.699020188558299,-42.33384687328572,0.3968253968253968,0.3968253968253968,14.380000114440918
2022-05-12,13.593616485595703,13.069502116166062,-42.12834452804396,0.7936507936507936,0.7936507936507936,14.265000343322754
2022-05-13,15.070666313171387,14.222554762352571,-37.41935622696671,5.753968253968254,5.753968253968254,15.8149995803833
2022-05-16,14.603728294372559,14.832432470016482,-36.05390533086902,8.134920634920634,8.134920634920634,15.324999809265137
2022-05-17,15.704365730285645,15.451838579257775,-30.997862299155944,16.071428571428573,16.071428571428573,16.479999542236328
2022-05-18,13.412558555603027,14.989665562977292,-35.38820264412863,9.126984126984127,9.126984126984127,14.074999809265137
2022-05-19,13.140971183776855,13.121912959871485,-38.37851498596112,4.9603174603174605,4.9603174603174605,13.789999961853027
2022-05-20,13.026620864868164,13.650793003886822,-38.19035352678715,5.555555555555555,5.555555555555555,13.670000076293945
2022-05-23,13.669851303100586,13.174324722211512,-35.02479619255224,10.119047619047619,10.119047619047619,14.345000267028809
2022-05-24,12.816973686218262,12.936090543727333,-36.20474248008081,7.738095238095238,7.738095238095238,13.449999809265137
2022-05-25,13.331559181213379,12.597799772620355,-34.45114100726172,10.714285714285714,10.714285714285714,13.989999771118164
2022-05-26,14.446491241455078,13.226734967210145,-27.7577110073717,20.436507936507937,20.436507936507937,15.15999984741211
2022-05-27,15.861600875854492,14.913429908655802,-17.36949143136407,31.746031746031743,31.746031746031743,16.645000457763672
2022-05-31,15.747249603271484,15.866366471401495,-12.218042365660642,35.91269841269841,35.91269841269841,16.524999618530273
2022-06-01,15.38036823272705,16.06171681073944,-10.831999800317536,37.301587301587304,37.301587301587304,16.139999389648438
2022-06-02,16.628719329833984,15.208845245562042,-4.634594398872252,40.07936507936508,40.07936507936508,17.450000762939453
2022-06-03,15.313664436340332,15.79013191384976,-5.5588933422325875,39.285714285714285,39.285714285714285,16.06999969482422
2022-06-06,15.504252433776855,16.018836373619145,-0.9283147428128687,43.65079365079365,43.65079365079365,16.270000457763672
2022-06-07,15.880660057067871,14.970606444424591,6.950711206488395,49.801587301587304,49.801587301587304,16.665000915527344
2022-06-08,15.556663513183594,15.761544669249814,8.623896490722306,51.587301587301596,51.587301587301596,16.325000762939453
2022-06-09,14.289258003234863,15.280310213417541,0.2556412846809567,44.44444444444444,44.44444444444444,14.994999885559082
2022-06-10,12.764564514160156,13.464971398439474,-15.45210453775368,33.13492063492063,33.13492063492063,13.395000457763672
2022-06-13,10.996870040893555,11.56386662949338,-29.47306071641089,19.047619047619047,19.047619047619047,11.539999961853027
2022-06-14,11.068339347839355,11.263690942034122,-35.41991193985615,9.722222222222223,9.722222222222223,11.614999771118164
2022-06-15,11.86404037475586,11.463807608579936,-33.65811441292373,12.103174603174603,12.103174603174603,12.449999809265137
2022-06-16,10.415579795837402,10.953987668645077,-37.78970402706062,5.952380952380952,5.952380952380952,10.930000305175781
2022-06-17,10.801517486572266,10.5156368253202,-37.63455113216473,6.15079365079365,6.15079365079365,11.335000038146973
2022-06-21,11.616276741027832,11.349455207182874,-32.55606781452353,14.682539682539684,14.682539682539684,12.1899995803833
2022-06-22,11.573395729064941,11.297043713364227,-30.024092419010113,19.246031746031747,19.246031746031747,12.145000457763672
2022-06-23,12.068920135498047,11.883098125994017,-25.011782999018457,25.396825396825395,25.396825396825395,12.664999961853027
2022-06-24,13.331559181213379,12.440565548722597,-14.298066692785397,35.714285714285715,35.714285714285715,13.989999771118164
2022-06-27,13.017090797424316,13.507852605961746,-10.289807881976351,39.682539682539684,39.682539682539684,13.65999984741211
2022-06-28,11.830687522888184,13.083796598687316,-15.384030398750975,35.11904761904761,35.11904761904761,12.414999961853027
2022-06-29,11.854510307312012,11.806864287128326,-17.871531853138546,32.73809523809524,32.73809523809524,12.4399995803833
2022-06-30,11.435218811035156,11.463806603601673,-22.028293413284644,28.373015873015873,28.373015873015873,12.0
2022-07-01,11.621040344238281,11.24463154654682,-22.480687098595205,28.174603174603174,28.174603174603174,12.194999694824219
2022-07-05,12.221389770507812,11.154102803809137,-17.7870256476317,33.53174603174603,33.53174603174603,12.824999809265137
2022-07-06,12.454859733581543,12.27856727352798,-13.420339647007209,37.5,37.5,13.069999694824219
2022-07-07,13.226736068725586,12.569210501289565,-5.786346258698549,42.65873015873016,42.65873015873016,13.880000114440918
2022-07-08,13.288678169250488,12.859857604717384,-1.2927178065555855,47.023809523809526,47.023809523809526,13.944999694824219
2022-07-11,12.44056510925293,12.959914689887915,-3.8762920936826095,44.44444444444444,44.44444444444444,13.055000305175781
2022-07-12,12.078449249267578,12.597798808502711,-2.7058822494973462,45.43650793650794,45.43650793650794,12.675000190734863
2022-07-13,12.002215385437012,11.35898414267007,-2.753805543035026,45.43650793650794,45.43650793650794,12.595000267028809
2022-07-14,12.12609577178955,11.65915702609549,-1.104682004536964,48.01587301587302,48.01587301587302,12.725000381469727
2022-07-15,12.764564514160156,12.516801200846118,7.0301888660875385,54.166666666666664,54.166666666666664,13.395000457763672
2022-07-18,12.46915340423584,13.15526679777805,8.196714863017338,55.158730158730165,55.158730158730165,13.085000038146973
2022-07-19,13.560263633728027,12.93609150830047,19.390951653073376,67.26190476190477,67.26190476190477,14.229999542236328
2022-07-20,14.24161148071289,13.655556748036949,26.069794629426575,77.38095238095238,77.38095238095238,14.944999694824219
2022-07-21,14.846724510192871,14.298787167228992,31.764414447058442,86.30952380952381,86.30952380952381,15.579999923706055
2022-07-22,14.070084571838379,14.71331492270412,27.05701532439127,79.36507936507937,79.36507936507937,14.765000343322754
2022-07-25,13.86043930053711,14.07008524974715,22.912070104436697,72.02380952380952,72.02380952380952,14.545000076293945
2022-07-26,13.021855354309082,13.574557522848743,13.689155284985816,60.11904761904761,60.11904761904761,13.664999961853027
2022-07-27,14.64660930633545,13.626969253981706,22.13977934056412,70.43650793650794,70.43650793650794,15.369999885559082
2022-07-28,15.065900802612305,14.618021156039278,28.701784491761494,81.15079365079364,81.15079365079364,15.8100004196167
2022-07-29,15.894954681396484,15.308899926471861,33.513461592015595,89.0873015873016,89.0873015873016,16.68000030517578
2022-08-01,15.871131896972656,15.618602904831471,34.2534344693036,89.88095238095238,89.88095238095238,16.655000686645508
2022-08-02,15.72342586517334,15.504251274180811,33.58752039583084,89.0873015873016,89.0873015873016,16.5
2022-08-03,16.981300354003906,15.98548326817878,36.991382567914386,93.05555555555556,93.05555555555556,17.81999969482422
2022-08-04,17.22429656982422,17.00512019295437,39.44125986407153,95.43650793650794,95.43650793650794,18.075000762939453
2022-08-05,16.814537048339844,16.404774743176834,38.47305308731544,94.24603174603175,94.24603174603175,17.645000457763672
2022-08-08,16.643009185791016,16.962241524262186,35.98755569239164,91.66666666666666,91.66666666666666,17.46500015258789
2022-08-09,16.071243286132812,16.333299961672317,30.87253763316217,83.33333333333334,83.33333333333334,16.864999771118164
2022-08-10,17.391063690185547,17.219535099962815,35.171181138659804,89.88095238095238,89.88095238095238,18.25
2022-08-11,17.129005432128906,17.786531031306577,34.0746129749132,88.4920634920635,88.4920634920635,17.975000381469727
2022-08-12,18.09623146057129,17.438705945946744,37.599177695951944,93.05555555555556,93.05555555555556,18.989999771118164
2022-08-15,18.52981948852539,17.939000847681637,39.650849409257184,96.03174603174604,96.03174603174604,19.44499969482422
2022-08-16,18.41069984436035,18.372583397917154,39.42311162965686,95.03968253968253,95.03968253968253,19.31999969482422
2022-08-17,17.772235870361328,17.87229360060653,35.29565969430838,89.48412698412699,89.48412698412699,18.649999618530273
2022-08-18,17.8913516998291,17.753175708393893,33.74163623814166,87.10317460317461,87.10317460317461,18.774999618530273
2022-08-19,16.843124389648438,17.381533141338593,25.470432394366675,73.01587301587301,73.01587301587301,17.674999237060547
2022-08-22,15.518546104431152,16.147483049899407,11.92961618511124,56.94444444444444,56.94444444444444,16.28499984741211
2022-08-23,15.466134071350098,15.451840628476766,4.0855143930130815,50.79365079365079,50.79365079365079,16.229999542236328
2022-08-24,15.585250854492188,15.38989926014578,-0.7316265584252046,47.817460317460316,47.817460317460316,16.354999542236328
2022-08-25,16.404773712158203,15.856835442234804,1.8754798474371333,50.198412698412696,50.198412698412696,17.21500015258789
2022-08-26,14.40837574005127,16.366656363470728,-15.58532563683829,35.51587301587302,35.51587301587302,15.119999885559082
2022-08-29,13.965261459350586,13.984320594599014,-25.342157677315118,24.801587301587304,24.801587301587304,14.654999732971191
2022-08-30,13.498323440551758,14.19396642199205,-30.99831369261671,18.253968253968253,18.253968253968253,14.164999961853027
2022-08-31,13.250560760498047,13.893792059486998,-35.332410303602316,10.515873015873016,10.515873015873016,13.904999732971191
2022-09-01,13.26485538482666,12.90273997271106,-34.85244581283175,11.30952380952381,11.30952380952381,13.920000076293945
2022-09-02,12.712152481079102,13.646028303402773,-37.82978985145123,5.952380952380952,5.952380952380952,13.34000015258789
2022-09-06,12.42150592803955,12.750268713788595,-40.189186046614715,2.976190476190476,2.976190476190476,13.03499984741211
2022-09-07,13.155266761779785,12.473918153733726,-35.32172486650529,11.11111111111111,11.11111111111111,13.805000305175781
2022-09-08,13.369677543640137,12.878916609511954,-30.806628153951642,20.03968253968254,20.03968253968254,14.029999732971191
2022-09-09,14.217788696289062,13.665086530273738,-20.689921712082437,31.150793650793652,31.150793650793652,14.920000076293945
2022-09-12,14.737137794494629,14.436962803874296,-11.30196316202612,41.66666666666667,41.66666666666667,15.46500015258789
2022-09-13,12.311920166015625,13.45544197434864,-23.87486321711204,27.976190476190478,27.976190476190478,12.920000076293945
2022-09-14,12.58827018737793,12.45009418931952,-27.809096057758026,22.817460317460316,22.817460317460316,13.210000038146973
2022-09-15,11.954569816589355,12.330978674336398,-32.86804873388295,14.682539682539684,14.682539682539684,12.545000076293945
2022-09-16,11.721096992492676,11.53527410800427,-35.38030049366905,10.912698412698413,10.912698412698413,12.300000190734863
2022-09-19,12.002215385437012,11.406631069687908,-33.785914370084946,13.492063492063492,13.492063492063492,12.595000267028809
2022-09-20,11.71633529663086,11.68774750255857,-34.79867805254269,12.3015873015873,12.3015873015873,12.295000076293945
2022-09-21,11.073103904724121,11.821157687959477,-38.794205215773474,4.563492063492063,4.563492063492063,11.619999885559082
2022-09-22,10.663339614868164,10.887279866150477,-41.17083799792181,1.5873015873015872,1.5873015873015872,11.1899995803833
2022-09-23,10.153520584106445,10.386989513573436,-41.990809511344665,0.992063492063492,0.992063492063492,10.654999732971191
2022-09-26,10.015347480773926,10.082052642709709,-42.84711248300034,0.3968253968253968,0.3968253968253968,10.510000228881836
2022-09-27,10.024877548217773,10.396521650402192,-42.896851237870756,0.3968253968253968,0.3968253968253968,10.520000457763672
2022-09-28,10.610931396484375,10.020111808135232,-38.14646686349676,6.944444444444445,6.944444444444445,11.135000228881836
2022-09-29,9.715169906616211,10.153519946971443,-39.982586344622604,4.166666666666666,4.166666666666666,10.194999694824219
2022-09-30,9.205349922180176,9.605582606517526,-42.63851786756896,0.7936507936507936,0.7936507936507936,9.65999984741211
2022-10-03,9.843818664550781,9.38641029206876,-39.5457491694768,5.158730158730158,5.158730158730158,10.329999923706055
2022-10-04,10.758635520935059,10.434637493378375,-28.70503750563665,22.42063492063492,22.42063492063492,11.289999961853027
2022-10-05,10.758635520935059,10.325050192525255,-22.646669897525552,29.761904761904763,29.761904761904763,11.289999961853027
2022-10-06,10.48705005645752,10.62522516247603,-21.991839994652587,30.555555555555557,30.555555555555557,11.005000114440918
2022-10-07,9.291114807128906,9.948639455150651,-31.124800400272832,19.642857142857142,19.642857142857142,9.75
2022-10-10,9.000469207763672,9.300644189110503,-35.989742613638484,10.714285714285714,10.714285714285714,9.444999694824219
2022-10-11,8.643119812011719,8.824177963661196,-39.394263613678696,5.555555555555555,5.555555555555555,9.069999694824219
2022-10-12,8.624059677124023,8.686000036063186,-41.14366875033003,2.579365079365079,2.579365079365079,9.050000190734863
2022-10-13,9.200586318969727,7.871242589579032,-33.392559205829706,15.674603174603174,15.674603174603174,9.654999732971191
2022-10-14,8.371533393859863,9.4578795644804,-35.350093781437785,12.698412698412698,12.698412698412698,8.78499984741211
2022-10-17,9.195820808410645,8.962351882530463,-27.38757604446647,25.396825396825395,25.396825396825395,9.649999618530273
2022-10-18,9.424525260925293,9.943874786500015,-19.897454212543682,34.32539682539682,34.32539682539682,9.890000343322754
2022-10-19,9.310173034667969,9.248231766390816,-16.949003452979348,37.89682539682539,37.89682539682539,9.770000457763672
2022-10-20,9.152938842773438,9.21011533392031,-14.331235352788156,40.27777777777778,40.27777777777778,9.604999542236328
2022-10-21,9.800935745239258,9.043352392704954,-3.3612584283931666,48.41269841269841,48.41269841269841,10.28499984741211
2022-10-24,10.13446044921875,9.829520736370833,7.205261655817993,56.547619047619044,56.547619047619044,10.635000228881836
2022-10-25,10.744338989257812,10.234519041206568,19.017455121705982,66.86507936507937,66.86507936507937,11.274999618530273
2022-10-26,10.034403800964355,10.09158029231564,17.752917392784568,65.07936507936508,65.07936507936508,10.529999732971191
2022-10-27,9.481701850891113,9.905758489423645,9.984406812645219,58.730158730158735,58.730158730158735,9.949999809265137
2022-10-28,10.339344024658203,9.41023213398904,16.592970482485327,63.49206349206349,63.49206349206349,10.850000381469727
2022-10-31,9.981992721557617,10.091580009049558,16.384639701577647,63.29365079365079,63.29365079365079,10.475000381469727
2022-11-01,9.672289848327637,10.358403300082065,11.900231098805044,58.92857142857143,58.92857142857143,10.149999618530273
2022-11-02,8.671707153320312,9.662759321517823,-3.1776957476820575,47.22222222222222,47.22222222222222,9.100000381469727
2022-11-03,8.171415328979492,8.409649017339182,-17.3920894144849,36.30952380952381,36.30952380952381,8.574999809265137
2022-11-04,8.552591323852539,8.638354703804158,-18.511261406077608,34.523809523809526,34.523809523809526,8.975000381469727
2022-11-07,8.824176788330078,8.652648227253978,-14.35448392229153,39.08730158730159,39.08730158730159,9.260000228881836
2022-11-08,9.014762878417969,8.981410307178152,-9.550633267962366,43.84920634920635,43.84920634920635,9.460000038146973
2022-11-09,8.385828018188477,8.828942929951657,-16.038550982652662,37.5,37.5,8.800000190734863
2022-11-10,10.220229148864746,9.600820798418258,5.082570365394265,53.769841269841265,53.769841269841265,10.725000381469727
2022-11-11,10.801517486572266,10.210697938005769,21.36793282382393,70.23809523809523,70.23809523809523,11.335000038146973
2022-11-14,10.515636444091797,10.563283370704703,26.061719058016873,76.5873015873016,76.5873015873016,11.03499984741211
2022-11-15,10.939690589904785,11.268453336004553,29.549442319845166,81.34920634920636,81.34920634920636,11.479999542236328
2022-11-16,10.496578216552734,10.720517590160748,27.073894879801628,78.76984126984127,78.76984126984127,11.015000343322754
2022-11-17,10.415579795837402,9.981994445412829,24.789015567771546,73.61111111111111,73.61111111111111,10.930000305175781
2022-11-18,10.406050682067871,10.74910696839913,23.424730046701892,71.82539682539682,71.82539682539682,10.920000076293945
2022-11-21,10.091581344604492,10.253580360070991,19.551011551467482,66.46825396825396,66.46825396825396,10.59000015258789
2022-11-22,10.515636444091797,10.163050641219554,22.161900585215466,69.64285714285714,69.64285714285714,11.03499984741211
2022-11-23,10.83010482788086,10.506106819242092,26.771313298388772,77.57936507936508,77.57936507936508,11.364999771118164
2022-11-25,10.606165885925293,10.644283246795167,26.751561768963217,77.38095238095238,77.38095238095238,11.130000114440918
2022-11-28,10.139227867126465,10.38699025543044,21.454857560352874,68.65079365079364,68.65079365079364,10.640000343322754
2022-11-29,9.89622974395752,10.158286493547912,15.93184165936094,60.71428571428571,60.71428571428571,10.385000228881836
2022-11-30,11.225573539733887,9.934347109133352,27.23240069249374,78.76984126984127,78.76984126984127,11.779999732971191
2022-12-01,11.287515640258789,11.292280424444742,32.83316371341013,87.10317460317461,87.10317460317461,11.845000267028809
2022-12-02,11.154105186462402,10.696696778221881,34.25908020813196,89.48412698412699,89.48412698412699,11.704999923706055
2022-12-05,10.591872215270996,10.901575905834138,28.837426574537016,80.15873015873017,80.15873015873017,11.114999771118164
2022-12-06,9.920053482055664,10.568049590992675,17.277726862919582,62.5,62.5,10.40999984741211
2022-12-07,9.800935745239258,9.796170961468588,9.17710220164785,55.158730158730165,55.158730158730165,10.28499984741211
2022-12-08,10.14875602722168,9.94387579304538,10.284157141778058,56.547619047619044,56.547619047619044,10.649999618530273
2022-12-09,9.953405380249023,10.029640104452024,1.9285932489429274,51.388888888888886,51.388888888888886,10.444999694824219
2022-12-12,10.315520286560059,9.962934476605323,2.0268805001158614,51.587301587301596,51.587301587301596,10.824999809265137
2022-12-13,10.639518737792969,11.520983753055921,7.394537578879954,54.166666666666664,54.166666666666664,11.164999961853027
2022-12-14,10.386991500854492,10.582343110004157,5.971827935129316,52.976190476190474,52.976190476190474,10.899999618530273
2022-12-15,9.357820510864258,9.939111386687422,-9.371715461806025,44.24603174603175,44.24603174603175,9.819999694824219
2022-12-16,9.081470489501953,9.281586880127646,-19.324450373902295,33.53174603174603,33.53174603174603,9.529999732971191
2022-12-19,8.705060005187988,9.100527928512117,-26.779274222434047,25.198412698412696,25.198412698412696,9.135000228881836
2022-12-20,8.666942596435547,8.57641353246514,-29.90438679875413,21.428571428571427,21.428571428571427,9.095000267028809
2022-12-21,9.043351173400879,8.771764896617471,-24.87437801473401,28.76984126984127,28.76984126984127,9.489999771118164
2022-12-22,8.400614738464355,8.731082944308083,-28.466702485780914,23.214285714285715,23.214285714285715,8.770000457763672
2022-12-23,8.424560546875,8.242562708418872,-29.72472486521056,21.825396825396826,21.825396825396826,8.795000076293945
2022-12-27,8.065356254577637,8.36229878532576,-34.37959090512197,14.087301587301587,14.087301587301587,8.420000076293945
2022-12-28,7.739676475524902,8.022251373090379,-38.64732040812448,6.547619047619048,6.547619047619048,8.079999923706055
2022-12-29,8.285667419433594,7.983935410714658,-32.74124959070343,16.865079365079367,16.865079365079367,8.649999618530273
2022-12-30,8.285667419433594,8.027040113889676,-29.437175737145843,23.214285714285715,23.214285714285715,8.649999618530273
2023-01-03,8.09887981414795,8.496400197856056,-30.02505023046408,21.825396825396826,21.825396825396826,8.454999923706055
2023-01-04,8.223407745361328,8.300038145979787,-28.05609205227767,25.0,25.0,8.585000038146973
2023-01-05,7.835463523864746,8.050986108658035,-32.617177048859226,17.46031746031746,17.46031746031746,8.180000305175781
2023-01-06,8.448507308959961,7.974356481774065,-24.3623585554144,30.753968253968257,30.753968253968257,8.819999694824219
2023-01-09,8.625715255737305,8.65924093190992,-17.50390403734832,38.88888888888889,38.88888888888889,9.005000114440918
2023-01-10,8.855607032775879,8.534716959166634,-10.004685625448635,47.023809523809526,47.023809523809526,9.244999885559082
2023-01-11,9.296232223510742,8.94660598337503,-1.3937655466212375,51.98412698412699,51.98412698412699,9.704999923706055
2023-01-12,9.439912796020508,9.348914797501603,5.038959878009997,56.34920634920635,56.34920634920635,9.854999542236328
2023-01-13,9.626702308654785,9.181287586516818,12.29719580489748,62.10317460317461,62.10317460317461,10.050000190734863
2023-01-17,9.6793851852417,9.607544306905918,22.85941361172868,73.61111111111111,73.61111111111111,10.104999542236328
2023-01-18,9.320178985595703,9.856592591801972,22.375918891215644,73.01587301587301,73.01587301587301,9.729999542236328
2023-01-19,9.028027534484863,9.133394103096958,17.802660058572126,66.66666666666666,66.66666666666666,9.425000190734863
2023-01-20,9.765592575073242,9.186075241631315,26.370901407002783,78.96825396825396,78.96825396825396,10.194999694824219
2023-01-23,10.40737533569336,9.842225481533115,33.43965773985275,88.29365079365078,88.29365079365078,10.864999771118164
2023-01-24,10.345109939575195,10.230164385230657,36.32632251982976,92.85714285714286,92.85714285714286,10.800000190734863
2023-01-25,10.26848030090332,9.847012324801316,37.08228643715119,93.45238095238095,93.45238095238095,10.720000267028809
2023-01-26,10.862367630004883,10.642054586967163,40.32885099630142,97.42063492063492,97.42063492063492,11.34000015258789
2023-01-27,11.17367935180664,10.709107498641629,40.98920510375337,97.61904761904762,97.61904761904762,11.664999961853027
2023-01-30,10.503161430358887,10.800103919078271,35.68142032898567,90.87301587301587,90.87301587301587,10.96500015258789
2023-01-31,10.97252368927002,10.50795186407378,36.449393774147595,92.26190476190477,92.26190476190477,11.454999923706055
2023-02-01,11.681355476379395,10.948577285865017,38.834234558176696,94.84126984126983,94.84126984126983,12.194999694824219
2023-02-02,12.888283729553223,12.433290067513749,40.68751909873778,97.42063492063492,97.42063492063492,13.454999923706055
2023-02-03,12.222557067871094,12.074084912377257,38.45808201981667,94.04761904761905,94.04761904761905,12.760000228881836
2023-02-06,11.911249160766602,11.90167013271218,35.266507619101915,89.28571428571429,89.28571428571429,12.4350004196167
2023-02-07,12.648815155029297,11.892089403594785,36.983333608283864,91.86507936507937,91.86507936507937,13.204999923706055
2023-02-08,11.968719482421875,12.476396008055302,33.01956727050972,85.71428571428571,85.71428571428571,12.494999885559082
2023-02-09,11.64783000946045,12.476396655729841,27.817874916794217,79.96031746031747,79.96031746031747,12.15999984741211
2023-02-10,11.40835952758789,11.379623361017632,22.64223577483184,71.62698412698413,71.62698412698413,11.90999984741211
2023-02-13,11.949563026428223,11.56162065505917,24.53805838559368,74.20634920634922,74.20634920634922,12.475000381469727
2023-02-14,12.208189964294434,11.753197159309945,27.44650553977358,79.96031746031747,79.96031746031747,12.744999885559082
2023-02-15,12.481184005737305,11.983086567023738,30.691239654796927,83.13492063492063,83.13492063492063,13.029999732971191
2023-02-16,11.767561912536621,11.89208648838695,26.010428801570583,76.78571428571429,76.78571428571429,12.28499984741211
2023-02-17,11.513728141784668,11.5089386279612,20.106923402718966,68.65079365079364,68.65079365079364,12.020000457763672
2023-02-21,10.704316139221191,11.063521372661459,6.719081250865595,56.547619047619044,56.547619047619044,11.175000190734863
2023-02-22,10.713897705078125,10.752212902523155,-0.328530368573933,52.77777777777778,52.77777777777778,11.1850004196167
2023-02-23,10.982104301452637,11.106628923955034,-0.3905818082887507,52.57936507936508,52.57936507936508,11.46500015258789
2023-02-24,10.426531791687012,10.416952765305005,-12.128690560551629,44.84126984126984,44.84126984126984,10.885000228881836
2023-02-27,10.651634216308594,10.766579800852544,-14.757134919843287,42.06349206349206,42.06349206349206,11.119999885559082
2023-02-28,10.598949432373047,10.575002780526738,-17.47217126761154,38.88888888888889,38.88888888888889,11.0649995803833
2023-03-01,10.340323448181152,10.565425110347002,-22.418238145174822,32.73809523809524,32.73809523809524,10.795000076293945
2023-03-02,10.589372634887695,10.062538007282665,-19.466444920150256,35.714285714285715,35.714285714285715,11.055000305175781
2023-03-03,11.235940933227539,10.776158604581735,-9.661714603899805,47.023809523809526,47.023809523809526,11.729999542236328
2023-03-06,11.283834457397461,11.379622893370234,-2.9897023581256543,50.39682539682539,50.39682539682539,11.779999732971191
2023-03-07,10.862367630004883,11.28383474948112,-4.441749014785136,49.007936507936506,49.007936507936506,11.34000015258789
2023-03-08,11.010836601257324,10.895891047084632,-3.3279447875505954,50.0,50.0,11.494999885559082
2023-03-09,10.43132209777832,11.068312784500618,-11.965253894297891,44.047619047619044,44.047619047619044,10.890000343322754
2023-03-10,10.000274658203125,10.450478867842024,-21.12516491523376,32.53968253968254,32.53968253968254,10.4399995803833
2023-03-13,10.21579647064209,9.80390752402211,-20.92651878575153,32.73809523809524,32.73809523809524,10.664999961853027
2023-03-14,10.910262107849121,10.594161532372498,-9.564671452417269,46.42857142857143,46.42857142857143,11.390000343322754
2023-03-15,11.06831169128418,10.618107510144393,-1.7780192462144975,50.99206349206349,50.99206349206349,11.555000305175781
2023-03-16,11.94477367401123,10.958155805318258,14.016598322352236,62.5,62.5,12.470000267028809
2023-03-17,11.767561912536621,11.939980696561083,20.704931854627343,69.04761904761905,69.04761904761905,12.28499984741211
2023-03-20,11.89208984375,11.700513870506189,26.874557837493747,78.96825396825396,78.96825396825396,12.414999961853027
2023-03-21,12.394976615905762,12.121980745831308,33.755410944113834,87.5,87.5,12.9399995803833
2023-03-22,11.889158248901367,12.385342135927804,27.678638560912873,80.35714285714286,80.35714285714286,12.34000015258789
2023-03-23,12.313080787658691,12.332350526107817,28.933469918630163,81.54761904761905,81.54761904761905,12.779999732971191
2023-03-24,12.438332557678223,12.25527461851794,30.91627227551279,83.73015873015873,83.73015873015873,12.90999984741211
2023-03-27,12.183014869689941,12.520227054652453,28.897786320916996,81.15079365079364,81.15079365079364,12.645000457763672
2023-03-28,11.98068904876709,12.11075614032253,25.301317409080504,74.0079365079365,74.0079365079365,12.4350004196167
2023-03-29,12.635843276977539,12.409429332353882,30.413084870025813,82.73809523809523,82.73809523809523,13.114999771118164
2023-03-30,12.977872848510742,12.920064548495425,36.035270197144136,90.87301587301587,90.87301587301587,13.470000267028809
2023-03-31,13.613759994506836,13.006776959471676,39.90711451295366,96.82539682539682,96.82539682539682,14.130000114440918
2023-04-03,13.517413139343262,13.3343552011234,40.903765429153175,97.42063492063492,97.42063492063492,14.029999732971191
2023-04-04,13.382527351379395,13.565585272069256,40.1673097741294,96.62698412698413,96.62698412698413,13.890000343322754
2023-04-05,12.953784942626953,13.233189719457128,35.67318616210496,88.88888888888889,88.88888888888889,13.444999694824219
2023-04-06,13.213920593261719,12.74663955195165,35.34133299039019,88.4920634920635,88.4920634920635,13.71500015258789
2023-04-10,13.185018539428711,12.833353126514638,34.71417617715844,87.3015873015873,87.3015873015873,13.6850004196167
2023-04-11,12.92970085144043,13.1802019812196,31.687430724591408,83.13492063492063,83.13492063492063,13.420000076293945
2023-04-12,12.587669372558594,13.170566154598426,24.12279107949279,71.23015873015873,71.23015873015873,13.0649995803833
2023-04-13,13.31026840209961,12.780363393877902,28.651922973350707,79.16666666666666,79.16666666666666,13.8149995803833
2023-04-14,13.23319149017334,13.107940929478582,29.634713715897288,80.95238095238095,80.95238095238095,13.734999656677246
2023-04-17,13.247644424438477,13.175384729526096,29.345289744037373,80.75396825396825,80.75396825396825,13.75
2023-04-18,13.257277488708496,13.522229973556026,29.368319009377824,80.95238095238095,80.95238095238095,13.760000228881836
2023-04-19,13.228374481201172,12.944153141380019,28.063421508709425,79.16666666666666,79.16666666666666,13.729999542236328
2023-04-20,12.920063018798828,12.847803341458828,21.301634473197975,66.86507936507937,66.86507936507937,13.40999984741211
2023-04-21,12.944151878356934,12.862257321670947,18.103442333041038,63.69047619047619,63.69047619047619,13.4350004196167
2023-04-24,12.867074012756348,12.915247444196966,14.297762172630227,60.11904761904761,60.11904761904761,13.354999542236328
2023-04-25,12.13965892791748,12.659929972323555,-2.661788291405475,48.214285714285715,48.214285714285715,12.600000381469727
2023-04-26,12.341986656188965,12.534679466207196,-7.641388257721858,45.03968253968254,45.03968253968254,12.8100004196167
2023-04-27,13.339173316955566,12.794815071913481,8.32491634851034,56.15079365079365,56.15079365079365,13.845000267028809
2023-04-28,13.608942985534668,13.315085869519951,22.388799874131706,69.64285714285714,69.64285714285714,14.125
2023-05-01,13.570404052734375,13.555951747497016,27.887325191570543,79.16666666666666,79.16666666666666,14.085000038146973
2023-05-02,13.209105491638184,13.55595256886445,22.792468697674177,69.84126984126983,69.84126984126983,13.710000038146973
2023-05-03,12.948967933654785,13.247642458830752,14.035290398288852,60.51587301587301,60.51587301587301,13.4399995803833
2023-05-04,12.804450035095215,12.90079690429724,6.046228340496648,54.166666666666664,54.166666666666664,13.289999961853027
2023-05-05,13.589673042297363,13.064585475824078,18.819469890047074,64.68253968253968,64.68253968253968,14.104999542236328
2023-05-08,13.700469970703125,13.536680878119016,27.676300607842386,78.17460317460318,78.17460317460318,14.220000267028809
2023-05-09,13.435519218444824,13.48369265252482,26.228453203831254,74.8015873015873,74.8015873015873,13.944999694824219
2023-05-10,13.86907958984375,13.739011589880645,30.966343658469036,83.73015873015873,83.73015873015873,14.395000457763672
2023-05-11,13.984696388244629,13.926888077417216,34.448123547686976,87.89682539682539,87.89682539682539,14.515000343322754
2023-05-12,13.840173721313477,14.056953701579388,32.71514408610879,84.92063492063492,84.92063492063492,14.364999771118164
2023-05-15,14.052135467529297,13.897981232031288,35.46481004181107,89.0873015873016,89.0873015873016,14.585000038146973
2023-05-16,14.105127334594727,13.960607039404104,35.7108188665983,89.68253968253968,89.68253968253968,14.640000343322754
2023-05-17,14.610945701599121,14.235194046193413,38.724306540519095,93.84920634920636,93.84920634920636,15.164999961853027
2023-05-18,15.396167755126953,14.64466543461449,41.328834467254964,98.01587301587301,98.01587301587301,15.979999542236328
2023-05-19,15.29018783569336,15.429889768245108,41.3608333190665,98.01587301587301,98.01587301587301,15.869999885559082
2023-05-22,15.4491605758667,15.26128520160715,42.021967634647396,98.80952380952381,98.80952380952381,16.03499984741211
2023-05-23,14.851811408996582,15.20347587726702,36.53656660490155,90.47619047619048,90.47619047619048,15.414999961853027
2023-05-24,14.610945701599121,14.582042010823839,29.208447291236002,78.76984126984127,78.76984126984127,15.164999961853027
2023-05-25,15.665939331054688,15.58886221336548,34.85373112549762,86.90476190476191,86.90476190476191,16.260000228881836
2023-05-26,16.851001739501953,15.805643151790669,39.01899735815171,93.84920634920636,93.84920634920636,17.489999771118164
2023-05-30,17.087051391601562,17.49170674210222,39.32004284354743,94.04761904761905,94.04761904761905,17.735000610351562
2023-05-31,16.74020004272461,16.84618175334947,37.54060644651001,91.07142857142857,91.07142857142857,17.375
2023-06-01,17.347185134887695,16.735386525755718,39.464219494781865,94.44444444444444,94.44444444444444,18.0049991607666
2023-06-02,17.737390518188477,17.61214087665314,41.306016304363744,97.42063492063492,97.42063492063492,18.40999984741211
2023-06-05,17.775928497314453,17.7084844093217,41.39564814790351,97.81746031746032,97.81746031746032,18.450000762939453
2023-06-06,17.75665855407715,17.67476308128626,41.09340158449546,96.82539682539682,96.82539682539682,18.43000030517578
2023-06-07,16.851001739501953,17.795196948595414,34.478312630529025,84.92063492063492,84.92063492063492,17.489999771118164
2023-06-08,17.429080963134766,16.870271369789425,34.484644661271105,84.92063492063492,84.92063492063492,18.09000015258789
2023-06-09,17.641042709350586,17.66994731939209,35.996831064043846,88.09523809523809,88.09523809523809,18.309999465942383
2023-06-12,18.541881561279297,17.89636004821371,39.72279827162322,94.64285714285714,94.64285714285714,19.2450008392334
2023-06-13,18.956172943115234,18.965807813534834,41.35509542069394,97.42063492063492,97.42063492063492,19.674999237060547
2023-06-14,19.36082649230957,18.95617116104614,42.79964501057492,99.60317460317461,99.60317460317461,20.094999313354492
2023-06-15,20.040069580078125,19.144048749047986,42.96111386627537,99.8015873015873,99.8015873015873,20.799999237060547
2023-06-16,19.654685974121094,20.430275606629213,40.63432365821358,95.23809523809523,95.23809523809523,20.399999618530273
2023-06-20,19.558338165283203,19.40900227096652,38.75991019605393,91.07142857142857,91.07142857142857,20.299999237060547
2023-06-21,18.774499893188477,19.368906554716503,32.990437910077624,80.55555555555556,80.55555555555556,19.424999237060547
2023-06-22,19.397899627685547,18.54253610644166,32.94780823727085,80.35714285714286,80.35714285714286,20.06999969482422
2023-06-23,18.822824478149414,18.76483426535893,28.256244142583064,74.20634920634922,74.20634920634922,19.475000381469727
2023-06-26,18.078611373901367,18.731006398454767,16.86321815682398,58.13492063492064,58.13492063492064,18.704999923706055
2023-06-27,18.972631454467773,18.291240506951272,17.724446305765106,58.53174603174603,58.53174603174603,19.6299991607666
2023-06-28,19.088613510131836,18.68751011353172,17.828084250934477,59.32539682539682,59.32539682539682,19.75
2023-06-29,18.9581356048584,19.02095941079425,16.077508986689587,57.14285714285714,57.14285714285714,19.614999771118164
2023-06-30,19.81349754333496,19.523544658139766,23.62319401792965,66.86507936507937,66.86507936507937,20.5
2023-07-03,19.948808670043945,19.91014914558927,28.41523862782895,75.39682539682539,75.39682539682539,20.639999389648438
2023-07-05,19.93431282043457,19.678187694108452,30.724622793128376,79.16666666666666,79.16666666666666,20.625
2023-07-06,19.465553283691406,19.315745086633505,26.14318168997697,70.83333333333334,70.83333333333334,20.139999389648438
2023-07-07,19.267417907714844,19.422059693912352,20.55322303202246,62.5,62.5,19.934999465942383
2023-07-10,19.281917572021484,19.214260174959435,17.453850142390554,58.730158730158735,58.730158730158735,19.950000762939453
2023-07-11,19.557373046875,19.33990745441826,18.4880703696968,60.912698412698404,60.912698412698404,20.235000610351562
2023-07-12,20.28225326538086,20.21459772582258,27.027543365222297,73.61111111111111,73.61111111111111,20.985000610351562
2023-07-13,21.29226303100586,20.789676277585585,33.69277628215019,84.32539682539682,84.32539682539682,22.030000686645508
2023-07-14,21.272930145263672,21.36958171761185,34.22740743553071,85.11904761904762,85.11904761904762,22.010000228881836
2023-07-17,21.862503051757812,21.398575873727033,37.77371399209497,91.66666666666666,91.66666666666666,22.6200008392334
2023-07-18,22.38442039489746,21.75618788999395,39.844926097625525,95.63492063492063,95.63492063492063,23.15999984741211
2023-07-19,22.38442039489746,22.582555304370313,40.30229336538193,96.03174603174604,96.03174603174604,23.15999984741211
2023-07-20,20.8138370513916,21.823842227188607,25.785871661764077,70.43650793650794,70.43650793650794,21.53499984741211
2023-07-21,20.630199432373047,21.205275292784577,15.148401908898702,56.547619047619044,56.547619047619044,21.344999313354492
2023-07-24,20.712356567382812,20.770346782723642,10.385217082243624,53.57142857142857,53.57142857142857,21.43000030517578
2023-07-25,21.127954483032227,20.818670914960013,12.863725147066848,54.761904761904766,54.761904761904766,21.860000610351562
2023-07-26,20.910491943359375,20.934654379982163,10.284865974221226,53.57142857142857,53.57142857142857,21.635000228881836
2023-07-27,20.731687545776367,21.79968309044087,5.317447546902964,49.60317460317461,49.60317460317461,21.450000762939453
2023-07-28,21.852840423583984,21.40824387349107,15.816195274419629,57.341269841269835,57.341269841269835,22.610000610351562
2023-07-31,21.896333694458008,21.905999037295395,21.325612095625715,64.68253968253968,64.68253968253968,22.655000686645508
2023-08-01,21.727190017700195,21.64503737992108,21.970331368111594,65.27777777777779,65.27777777777779,22.479999542236328
2023-08-02,20.306421279907227,21.113458071574172,5.127623626211165,49.60317460317461,49.60317460317461,21.010000228881836
2023-08-03,20.16144371032715,19.866657214425388,-5.544779402158989,42.65873015873016,42.65873015873016,20.860000610351562
2023-08-04,19.88115119934082,20.485221188836956,-14.150725611998698,37.5,37.5,20.56999969482422
2023-08-07,20.37407684326172,20.166276575425258,-13.168841356170393,38.095238095238095,38.095238095238095,21.079999923706055
2023-08-08,19.852157592773438,19.953640911504397,-19.07130252487198,32.142857142857146,32.142857142857146,20.540000915527344
2023-08-09,19.190095901489258,19.89081749150614,-28.17540320104859,22.023809523809522,22.023809523809522,19.854999542236328
2023-08-10,19.277080535888672,19.649187857625893,-31.73749242252335,16.46825396825397,16.46825396825397,19.94499969482422
2023-08-11,18.890480041503906,18.861484013358798,-35.04227560372878,12.3015873015873,12.3015873015873,19.545000076293945
2023-08-14,19.518707275390625,18.764829182876486,-30.949109007775377,18.452380952380953,18.452380952380953,20.19499969482422
2023-08-15,18.91947364807129,19.364068295203783,-33.52525175799476,14.285714285714285,14.285714285714285,19.575000762939453
2023-08-16,18.29123878479004,18.808322555112085,-37.81044908381251,7.936507936507936,7.936507936507936,18.924999237060547
2023-08-17,17.672672271728516,18.484542522139744,-40.72666866985931,2.976190476190476,2.976190476190476,18.28499984741211
2023-08-18,17.59052085876465,17.170086770319532,-40.50468326708048,3.7698412698412698,3.7698412698412698,18.200000762939453
2023-08-21,18.441051483154297,17.817650712932092,-33.32392287758008,15.277777777777779,15.277777777777779,19.079999923706055
2023-08-22,18.358896255493164,18.8324869143887,-29.975087697850906,21.03174603174603,21.03174603174603,18.9950008392334
2023-08-23,19.223926544189453,18.532870192544348,-20.810796327623294,31.944444444444443,31.944444444444443,19.889999389648438
2023-08-24,17.95779037475586,19.755503033247027,-25.669931427743602,26.58730158730159,26.58730158730159,18.579999923706055
2023-08-25,18.3830623626709,18.08827584869942,-24.690199797666583,28.76984126984127,28.76984126984127,19.020000457763672
2023-08-28,18.79383087158203,18.822826903451194,-20.43436422325591,32.93650793650794,32.93650793650794,19.44499969482422
2023-08-29,19.9923038482666,18.750335849343635,-7.568924096552973,45.23809523809524,45.23809523809524,20.684999465942383
2023-08-30,20.32575225830078,20.021300398698447,5.256061920827963,52.976190476190474,52.976190476190474,21.030000686645508
2023-08-31,20.509384155273438,20.316082859672274,15.236150813505041,60.912698412698404,60.912698412698404,21.219999313354492
2023-09-01,20.43689727783203,20.881491925916457,19.082025077980962,65.47619047619048,65.47619047619048,21.145000457763672
2023-09-05,20.49005889892578,20.282258633300078,21.585275463904278,68.05555555555556,68.05555555555556,21.200000762939453
2023-09-06,19.948808670043945,20.364409157915777,16.170800593521204,61.70634920634921,61.70634920634921,20.639999389648438
2023-09-07,19.513879776000977,19.204596199577917,9.107057485398167,55.952380952380956,55.952380952380956,20.190000534057617
2023-09-08,19.571870803833008,19.480052814330442,5.8026095445971695,53.37301587301587,53.37301587301587,20.25
2023-09-11,20.238765716552734,20.050296135001012,11.338461264302849,58.13492063492064,58.13492063492064,20.940000534057617
2023-09-12,19.59119987487793,19.977804329714044,6.951204440000446,54.761904761904766,54.761904761904766,20.270000457763672
2023-09-13,19.784500122070312,19.61052950930823,6.729500508031284,54.36507936507936,54.36507936507936,20.469999313354492
2023-09-14,20.248430252075195,20.05512708495048,11.559582867209171,58.730158730158735,58.730158730158735,20.950000762939453
2023-09-15,19.209430694580078,20.03096646404973,2.63679651802227,51.78571428571429,51.78571428571429,19.875
2023-09-18,19.25292205810547,19.054787141543535,-1.396950582878136,49.007936507936506,49.007936507936506,19.920000076293945
2023-09-19,19.13694190979004,19.04512390922507,-6.969306442240293,45.63492063492063,45.63492063492063,19.799999237060547
2023-09-20,18.30717658996582,19.286792618895394,-18.805393608939212,35.11904761904761,35.11904761904761,18.875
2023-09-21,17.26451301574707,17.725223724728153,-31.3842187319226,18.253968253968253,18.253968253968253,17.799999237060547
2023-09-22,17.27906608581543,17.521545254603307,-37.406178065663596,9.126984126984127,9.126984126984127,17.815000534057617
2023-09-25,17.506994247436523,17.12387858859132,-37.53369963311027,8.928571428571429,8.928571428571429,18.049999237060547
2023-09-26,16.726211547851562,17.123877181291256,-40.63342537291094,3.571428571428571,3.571428571428571,17.2450008392334
2023-09-27,16.828052520751953,16.881398227023173,-40.334117351421796,4.563492063492063,4.563492063492063,17.350000381469727
2023-09-28,17.23541831970215,16.677715538153848,-37.13402920287125,10.317460317460316,10.317460317460316,17.770000457763672
2023-09-29,17.274215698242188,17.739777114538434,-35.1473749361066,13.690476190476192,13.690476190476192,17.809999465942383
2023-10-02,17.686431884765625,17.29846371890532,-30.186232430180524,21.626984126984127,21.626984126984127,18.235000610351562
2023-10-03,16.75046157836914,17.317861950581364,-34.8721503174552,14.285714285714285,14.285714285714285,17.270000457763672
2023-10-04,17.429399490356445,16.866847973332373,-30.508816358728918,21.23015873015873,21.23015873015873,17.969999313354492
2023-10-05,17.245113372802734,17.405148608604446,-29.88935524667491,22.61904761904762,22.61904761904762,17.780000686645508
2023-10-06,18.11319351196289,16.803807455652727,-20.678724024830874,33.53174603174603,33.53174603174603,18.674999237060547
2023-10-09,18.37992286682129,17.754326128801853,-13.04421620804201,41.46825396825397,41.46825396825397,18.950000762939453
2023-10-10,18.68059539794922,18.433265609636848,-5.838080776914853,46.03174603174603,46.03174603174603,19.260000228881836
2023-10-11,19.07826042175293,18.88427635336918,2.139620220904797,52.182539682539684,52.182539682539684,19.670000076293945
2023-10-12,18.855180740356445,19.14130623439625,3.7156249481072123,52.38095238095239,52.38095238095239,19.440000534057617
2023-10-13,18.142292022705078,18.95702220872621,-2.686206744711536,48.214285714285715,48.214285714285715,18.704999923706055
2023-10-16,18.753332138061523,18.341118420533096,3.9753936582837435,52.38095238095239,52.38095238095239,19.334999084472656
2023-10-17,18.57390594482422,18.195638993066186,5.603913044734085,53.96825396825397,53.96825396825397,19.149999618530273
2023-10-18,17.78826904296875,18.1713865105989,-4.0624605556528035,46.230158730158735,46.230158730158735,18.34000015258789
2023-10-19,17.313013076782227,18.016203038508376,-14.154208391125184,39.285714285714285,39.285714285714285,17.850000381469727
2023-10-20,16.532228469848633,17.225718984700524,-27.568268711786136,24.6031746031746,24.6031746031746,17.045000076293945
2023-10-23,16.677715301513672,16.32854474063127,-30.96075179625676,19.444444444444446,19.444444444444446,17.19499969482422
2023-10-24,17.14812469482422,16.925044334985852,-27.678908477360682,24.6031746031746,24.6031746031746,17.68000030517578
2023-10-25,15.892085075378418,16.79410788670126,-35.73276239335239,10.912698412698413,10.912698412698413,16.385000228881836
2023-10-26,14.965814590454102,15.702951485411452,-40.01616484717236,4.9603174603174605,4.9603174603174605,15.430000305175781
2023-10-27,15.179195404052734,15.314984069850167,-41.030476717776324,2.380952380952381,2.380952380952381,15.649999618530273
2023-10-30,15.6690034866333,15.494418200993179,-37.959299985956115,7.936507936507936,7.936507936507936,16.155000686645508
2023-10-31,15.896931648254395,15.673851285947002,-34.622696199314035,14.682539682539684,14.682539682539684,16.389999389648438
2023-11-01,16.71651268005371,16.00362340893819,-25.735089862914194,27.976190476190478,27.976190476190478,17.235000610351562
2023-11-02,17.603986740112305,17.342108801919775,-13.033577134324121,42.26190476190476,42.26190476190476,18.149999618530273
2023-11-03,18.224729537963867,17.79796581582199,-0.0487195840285583,52.38095238095239,52.38095238095239,18.790000915527344
2023-11-06,18.433263778686523,18.336273600715586,9.132475902847172,59.32539682539682,59.32539682539682,19.0049991607666
2023-11-07,18.95216941833496,18.598148265614217,19.610801735415386,69.64285714285714,69.64285714285714,19.540000915527344
2023-11-08,18.986116409301758,19.010363952040173,25.31336694261883,75.59523809523809,75.59523809523809,19.575000762939453
2023-11-09,18.535110473632812,19.07826335876642,21.808440843712877,71.42857142857143,71.42857142857143,19.110000610351562
2023-11-10,19.771751403808594,18.792135351857397,29.975370348395806,83.53174603174604,83.53174603174604,20.385000228881836
2023-11-13,19.592315673828125,19.51957119027426,32.573332948639965,85.71428571428571,85.71428571428571,20.200000762939453
2023-11-14,20.824108123779297,20.596178987459435,36.368232785579345,92.26190476190477,92.26190476190477,21.469999313354492
2023-11-15,20.882307052612305,21.15388254249423,37.72019953458241,93.65079365079364,93.65079365079364,21.530000686645508
2023-11-16,20.91625213623047,20.736816232058214,38.5425547650701,94.24603174603175,94.24603174603175,21.565000534057617
2023-11-17,20.930801391601562,20.79501365156279,39.023317206796925,95.23809523809523,95.23809523809523,21.579999923706055
2023-11-20,21.67763900756836,20.925953921449462,40.25844552997374,97.02380952380952,97.02380952380952,22.350000381469727
2023-11-21,21.284820556640625,21.3818125914904,38.79102054563187,94.44444444444444,94.44444444444444,21.94499969482422
2023-11-22,21.53214454650879,21.614586551476712,38.61213502609114,93.84920634920636,93.84920634920636,22.200000762939453
2023-11-24,21.425458908081055,21.45940584277265,37.62786224305461,92.65873015873017,92.65873015873017,22.09000015258789
2023-11-27,21.362415313720703,21.34301653539552,36.486133995155825,91.26984126984127,91.26984126984127,22.024999618530273
2023-11-28,21.53214454650879,21.24116852022323,36.99253814051644,91.86507936507937,91.86507936507937,22.200000762939453
2023-11-29,21.454553604125977,21.93951184983438,35.76286101857531,89.68253968253968,89.68253968253968,22.1200008392334
2023-11-30,21.275123596191406,21.483655847428043,33.390743429984326,84.92063492063492,84.92063492063492,21.934999465942383
2023-12-01,21.454553604125977,21.090834919844674,32.52700508332955,83.53174603174604,83.53174603174604,22.1200008392334
2023-12-04,20.8435115814209,20.80956464179074,23.205195431705494,72.61904761904762,72.61904761904762,21.489999771118164
2023-12-05,20.993844985961914,20.518586079957974,19.670093555514782,68.45238095238095,68.45238095238095,21.645000457763672
2023-12-06,20.62042236328125,21.473947959658666,11.110997467362267,60.11904761904761,60.11904761904761,21.260000228881836
2023-12-07,21.483654022216797,21.085988332706147,18.200839113014087,66.66666666666666,66.66666666666666,22.149999618530273
2023-12-08,21.740680694580078,21.168429773176754,24.49247893903701,73.61111111111111,73.61111111111111,22.415000915527344
2023-12-11,22.293533325195312,21.66308606420707,31.649377061519164,82.93650793650794,82.93650793650794,22.985000610351562
2023-12-12,22.83184051513672,22.298385208259056,36.42674570492867,90.67460317460318,90.67460317460318,23.540000915527344
2023-12-13,23.63686752319336,22.97732396243587,38.940213861173355,94.64285714285714,94.64285714285714,24.3700008392334
2023-12-14,23.598072052001953,23.884197538132664,38.176012337382986,92.85714285714286,92.85714285714286,24.329999923706055
2023-12-15,23.879348754882812,23.73385977729842,39.62257521045864,95.83333333333334,95.83333333333334,24.6200008392334
2023-12-18,24.378854751586914,24.000587857341106,41.24943543132649,98.4126984126984,98.4126984126984,25.135000228881836
2023-12-19,24.742572784423828,24.451596693308367,42.858158747548835,99.8015873015873,99.8015873015873,25.510000228881836
2023-12-20,23.643220901489258,24.588169711022424,33.73598811503856,84.52380952380952,84.52380952380952,24.270000457763672
2023-12-21,24.42742919921875,24.30078545881651,34.47439403363247,85.9126984126984,85.9126984126984,25.075000762939453
2023-12-22,24.524843215942383,24.64661503301874,35.32541682537227,87.3015873015873,87.3015873015873,25.174999237060547
2023-12-26,24.972965240478516,24.666099731700786,37.767714511951745,91.86507936507937,91.86507936507937,25.635000228881836
2023-12-27,25.104475021362305,25.011927263124992,39.44212199028023,95.03968253968253,95.03968253968253,25.770000457763672
2023-12-28,25.041156768798828,25.28957046183991,38.982888745344155,93.84920634920636,93.84920634920636,25.704999923706055
2023-12-29,24.695322036743164,25.026541489774704,35.74119115731709,87.6984126984127,87.6984126984127,25.350000381469727
2024-01-02,23.443511962890625,24.037757197623048,19.482136528166038,64.88095238095238,64.88095238095238,24.065000534057617
2024-01-03,22.69339370727539,22.975903329330126,3.8982885173514537,50.39682539682539,50.39682539682539,23.295000076293945
2024-01-04,22.313467025756836,22.34269107083814,-8.568007868807369,42.857142857142854,42.857142857142854,22.905000686645508
2024-01-05,22.396268844604492,22.337818901883466,-14.62709081151862,38.2936507936508,38.2936507936508,22.989999771118164
2024-01-08,23.745502471923828,22.595976311373168,-6.304114143627782,43.84920634920635,43.84920634920635,24.375
2024-01-09,23.901371002197266,23.214578059959017,-0.6783889378811329,48.80952380952381,48.80952380952381,24.53499984741211
2024-01-10,24.373849868774414,23.950082563765594,7.380499473269488,54.761904761904766,54.761904761904766,25.020000457763672
2024-01-11,24.490745544433594,24.573551340466224,12.381138764748602,58.53174603174603,58.53174603174603,25.139999389648438
2024-01-12,24.519973754882812,24.680711591110875,15.209671438412098,59.72222222222222,59.72222222222222,25.170000076293945
2024-01-16,24.505359649658203,24.29591198835503,16.41760649388841,60.912698412698404,60.912698412698404,25.155000686645508
2024-01-17,24.081592559814453,23.90137080065765,9.059475982220881,55.158730158730165,55.158730158730165,24.719999313354492
2024-01-18,25.114219665527344,24.64174443116501,19.656985933284485,65.27777777777779,65.27777777777779,25.780000686645508
2024-01-19,26.56574058532715,25.484406233689494,29.806509126540465,78.57142857142857,78.57142857142857,27.270000457763672
2024-01-22,26.672897338867188,26.989504798715437,32.66918927717305,81.15079365079364,81.15079365079364,27.3799991607666
2024-01-23,26.989503860473633,26.794668221480062,36.13710847341769,88.4920634920635,88.4920634920635,27.704999923706055
2024-01-24,27.43275260925293,27.73961808401888,36.770340111572494,89.68253968253968,89.68253968253968,28.15999984741211
2024-01-25,27.51068878173828,27.890616257681785,37.45907173577029,90.47619047619048,90.47619047619048,28.239999771118164
2024-01-26,27.004114151000977,27.12101589851702,33.78271307714229,83.13492063492063,83.13492063492063,27.719999313354492
2024-01-29,27.798067092895508,27.086920207968895,35.9503357002889,87.3015873015873,87.3015873015873,28.53499984741211
2024-01-30,27.24279022216797,27.61297571706797,32.23958179905922,79.56349206349206,79.56349206349206,27.96500015258789
2024-01-31,25.640274047851562,26.39525895805292,14.94545874591694,57.341269841269835,57.341269841269835,26.31999969482422
2024-02-01,26.546255111694336,25.956879985431442,12.855581709935954,56.15079365079365,56.15079365079365,27.25
2024-02-02,27.880876541137695,26.877476082033457,21.983374548660304,65.87301587301587,65.87301587301587,28.6200008392334
2024-02-05,27.7396183013916,27.85651819682494,25.563379778434133,70.23809523809523,70.23809523809523,28.475000381469727
2024-02-06,27.578880310058594,27.949067670459364,26.072735375715368,71.03174603174604,71.03174603174604,28.309999465942383
2024-02-07,28.402061462402344,28.100065995063062,29.961068070296264,77.18253968253968,77.18253968253968,29.155000686645508
2024-02-08,28.518959045410156,28.40205914213062,32.14298396699227,79.36507936507937,79.36507936507937,29.274999618530273
2024-02-09,29.356746673583984,28.752757709371533,35.05916380016513,84.92063492063492,84.92063492063492,30.135000228881836
2024-02-12,29.01091957092285,29.327525193582066,33.03269771067701,80.95238095238095,80.95238095238095,29.780000686645508
2024-02-13,27.637332916259766,27.39378927774461,19.449588471123054,61.50793650793651,61.50793650793651,28.3700008392334
2024-02-14,28.514087677001953,28.153642299295544,19.19984924682564,61.111111111111114,61.111111111111114,29.270000457763672
2024-02-15,28.752761840820312,28.645603901614948,20.376806511636797,62.698412698412696,62.698412698412696,29.514999389648438
2024-02-16,27.963682174682617,28.816084960534575,10.37513353136302,52.38095238095239,52.38095238095239,28.704999923706055
2024-02-20,27.31585693359375,27.559400585891453,-1.5705334695438895,42.06349206349206,42.06349206349206,28.040000915527344
2024-02-21,26.97489356994629,26.775187863295383,-10.782428772502401,36.11111111111111,36.11111111111111,27.690000534057617
2024-02-22,29.30803871154785,28.63098773663408,6.596158126422548,48.214285714285715,48.214285714285715,30.084999084472656
2024-02-23,29.04014015197754,29.629517112824843,11.754564670693451,53.17460317460318,53.17460317460318,29.809999465942383
2024-02-26,29.001176834106445,29.19601062948503,13.815433845285863,54.563492063492056,54.563492063492056,29.770000457763672
2024-02-27,29.181398391723633,29.205752383705978,16.85853682046251,57.53968253968254,57.53968253968254,29.954999923706055
2024-02-28,28.70892333984375,28.7527612689483,12.406421451432019,53.57142857142857,53.57142857142857,29.469999313354492
2024-02-29,29.40058708190918,29.26420324476034,17.742449981134854,58.333333333333336,58.333333333333336,30.18000030517578
2024-03-01,30.749820709228516,29.590552454926538,25.519451555025967,69.04761904761905,69.04761904761905,31.565000534057617
2024-03-04,30.384504318237305,30.73033583280473,26.21534610529575,70.43650793650794,70.43650793650794,31.190000534057617
2024-03-05,28.757633209228516,29.761031808200507,10.151146319742544,50.39682539682539,50.39682539682539,29.520000457763672
2024-03-06,29.288555145263672,29.5856786476346,5.599675491130244,45.63492063492063,45.63492063492063,30.065000534057617
2024-03-07,30.593952178955078,29.980221176592636,15.544225394688931,55.158730158730165,55.158730158730165,31.405000686645508
2024-03-08,29.25446128845215,30.6475292809676,6.319339161078035,46.230158730158735,46.230158730158735,30.030000686645508
2024-03-11,28.913497924804688,28.937851914395782,-1.1761379501362876,40.27777777777778,40.27777777777778,29.68000030517578
2024-03-12,30.140960693359375,29.366491862164075,4.115696329710473,43.84920634920635,43.84920634920635,30.940000534057617
2024-03-13,29.43955421447754,29.926641489186178,1.008400280088257,41.86507936507937,41.86507936507937,30.219999313354492
2024-03-14,29.200881958007812,29.64900135068617,-2.68096900369406,38.2936507936508,38.2936507936508,29.975000381469727
2024-03-15,28.13416290283203,28.587154260966205,-11.521259805770342,32.142857142857146,32.142857142857146,28.8799991607666
2024-03-18,28.928112030029297,29.166785604625435,-11.086275470805385,32.53968253968254,32.53968253968254,29.69499969482422
2024-03-19,29.12782096862793,28.51409177132644,-9.27206398068284,34.12698412698413,34.12698412698413,29.899999618530273
2024-03-20,30.161725997924805,29.36490841308051,-0.3956071621620881,40.67460317460318,40.67460317460318,30.850000381469727
2024-03-21,30.552799224853516,31.163855209350587,6.194615821011617,46.03174603174603,46.03174603174603,31.25
2024-03-22,30.616352081298828,30.44036764495787,10.301036652618611,50.595238095238095,50.595238095238095,31.315000534057617
2024-03-25,30.30348777770996,30.05417590348179,8.121946184334552,48.01587301587302,48.01587301587302,30.9950008392334
2024-03-26,30.01995849609375,30.60657261738073,3.6498959792218724,42.65873015873016,42.65873015873016,30.704999923706055
2024-03-27,30.283935546875,30.587018798870083,4.292056401225583,44.047619047619044,44.047619047619044,30.975000381469727
2024-03-28,30.093290328979492,30.254608163493703,2.34747269644773,42.46031746031746,42.46031746031746,30.780000686645508
2024-04-01,30.27904510498047,30.269267985571794,3.3192490292179433,42.857142857142854,42.857142857142854,30.969999313354492
2024-04-02,29.46756362915039,29.267137337905876,-5.18355008870638,35.714285714285715,35.714285714285715,30.139999389648438
2024-04-03,29.663105010986328,29.037384213140864,-7.837614788076517,34.12698412698413,34.12698412698413,30.34000015258789
2024-04-04,28.265005111694336,30.479471374727833,-22.304319509778402,23.214285714285715,23.214285714285715,28.90999984741211
2024-04-05,29.262250900268555,28.54853791850468,-20.6030437265881,24.801587301587304,24.801587301587304,29.93000030517578
2024-04-08,29.28180503845215,29.433345736981458,-19.396542269378607,25.595238095238095,25.595238095238095,29.950000762939453
2024-04-09,29.584888458251953,29.726653902299745,-15.7047800202887,28.57142857142857,28.57142857142857,30.260000228881836
2024-04-10,28.807626724243164,28.528985313138566,-21.340436983143157,23.809523809523807,23.809523809523807,29.46500015258789
2024-04-11,30.161725997924805,29.140040241709364,-10.468721830812619,33.53174603174603,33.53174603174603,30.850000381469727
2024-04-12,28.704967498779297,29.27202739704806,-19.396381797687198,25.992063492063494,25.992063492063494,29.360000610351562
2024-04-15,27.262876510620117,29.42845926605658,-30.493618067945967,16.46825396825397,16.46825396825397,27.885000228881836
2024-04-16,27.26776123046875,27.223765125678888,-35.46275855067664,9.325396825396826,9.325396825396826,27.889999389648438
2024-04-17,26.255849838256836,27.639281310696475,-39.396336116270426,4.365079365079365,4.365079365079365,26.854999542236328
2024-04-18,25.786563873291016,26.343846661474565,-41.829923971894154,1.3888888888888888,1.3888888888888888,26.375
2024-04-19,24.188039779663086,25.55680480706037,-43.13006158739135,0.0,0.0,24.739999771118164
2024-04-22,24.891977310180664,24.628002524933652,-41.24061746270459,1.7857142857142856,1.7857142857142856,25.459999084472656
2024-04-23,26.00165367126465,25.234167501255392,-35.24494815266151,11.507936507936508,11.507936507936508,26.594999313354492
2024-04-24,26.255849838256836,26.554045420078506,-30.580828594939636,17.261904761904763,17.261904761904763,26.854999542236328
2024-04-25,25.83544921875,24.88220326628895,-30.005057107188716,18.253968253968253,18.253968253968253,26.424999237060547
2024-04-26,27.023340225219727,26.412284218934584,-23.526081869745184,23.214285714285715,23.214285714285715,27.639999389648438
2024-04-29,27.345977783203125,27.41441762248812,-18.302302262589336,27.579365079365083,27.579365079365083,27.969999313354492
2024-04-30,25.781675338745117,27.03311682192944,-23.05429018739863,23.015873015873016,23.015873015873016,26.3700008392334
2024-05-01,25.22439193725586,25.4932580797846,-28.33810843359275,19.444444444444446,19.444444444444446,25.799999237060547
2024-05-02,26.158082962036133,25.869664471602402,-26.118411558957515,21.03174603174603,21.03174603174603,26.7549991607666
2024-05-03,27.71750259399414,27.536630526687322,-15.392112508759132,29.761904761904763,29.761904761904763,28.350000381469727
2024-05-06,28.626752853393555,28.069468201454224,-4.317100250750556,37.89682539682539,37.89682539682539,29.280000686645508
2024-05-07,28.626752853393555,28.704967948698116,1.6736270169305532,43.25396825396825,43.25396825396825,29.280000686645508
2024-05-08,28.57297706604004,28.1085741634245,4.45567558323512,46.03174603174603,46.03174603174603,29.225000381469727
2024-05-09,28.729406356811523,28.59741804972971,7.2009810532942975,49.60317460317461,49.60317460317461,29.385000228881836
2024-05-10,28.92494773864746,29.017829449953236,13.340579508272738,55.35714285714286,55.35714285714286,29.584999084472656
2024-05-13,29.115598678588867,29.291581250552824,18.435386691572127,60.912698412698404,60.912698412698404,29.780000686645508
2024-05-14,29.65821647644043,29.01783090945571,23.710057169792158,67.85714285714286,67.85714285714286,30.334999084472656
2024-05-15,31.0269775390625,30.156832597497342,29.40310686302902,75.9920634920635,75.9920634920635,31.735000610351562
2024-05-16,30.83633041381836,30.97320635901869,30.20242649040653,76.98412698412699,76.98412698412699,31.540000915527344
2024-05-17,30.767892837524414,30.841220307724722,30.259982986751886,76.98412698412699,76.98412698412699,31.469999313354492
2024-05-20,31.40338706970215,30.806997716668842,33.16474243456046,80.95238095238095,80.95238095238095,32.119998931884766
2024-05-21,31.564708709716797,31.01231356142341,35.376344089357275,85.9126984126984,85.9126984126984,32.28499984741211
2024-05-22,31.54515266418457,31.623369618214458,35.81952939319149,87.10317460317461,87.10317460317461,32.26499938964844
2024-05-23,31.075864791870117,32.50818025137757,30.245096655931363,76.19047619047619,76.19047619047619,31.78499984741211
2024-05-24,31.94601058959961,31.408281993986378,32.000229621860456,78.17460317460318,78.17460317460318,32.67499923706055
2024-05-28,32.293087005615234,32.19531953529836,34.92451614214989,84.32539682539682,84.32539682539682,33.029998779296875
2024-05-29,31.61848258972168,31.403389678970328,31.015887493638132,77.18253968253968,77.18253968253968,32.34000015258789
2024-05-30,30.6016845703125,31.40827925827171,20.505821354591003,61.50793650793651,61.50793650793651,31.299999237060547
2024-05-31,30.567466735839844,30.601685724882376,14.302478233917185,53.769841269841265,53.769841269841265,31.264999389648438
2024-06-03,30.865663528442383,31.15408206451372,11.443973961614866,50.595238095238095,50.595238095238095,31.56999969482422
2024-06-04,31.09541893005371,30.797223295020444,11.16986514431382,50.198412698412696,50.198412698412696,31.80500030517578
2024-06-05,32.97258377075195,31.83357810024676,24.3062291964267,66.07142857142857,66.07142857142857,33.724998474121094
2024-06-06,32.933475494384766,33.114345683313985,29.632483413451343,74.40476190476191,74.40476190476191,33.685001373291016
2024-06-07,32.8112678527832,32.8112678527832,30.11039644489178,75.1984126984127,75.1984126984127,33.560001373291016
2024-06-10,33.15834045410156,32.55217027575335,33.01574916806568,79.76190476190477,79.76190476190477,33.915000915527344
2024-06-11,33.84272766113281,32.90903228869051,36.63313252725138,89.28571428571429,89.28571428571429,34.6150016784668
2024-06-12,35.177268981933594,34.71286794517007,38.52412522844888,92.26190476190477,92.26190476190477,35.97999954223633
2024-06-13,35.73944091796875,35.96430906137706,40.21842606604553,96.42857142857143,96.42857142857143,36.55500030517578
2024-06-14,36.25761795043945,35.66122669721916,42.22289899427993,99.40476190476191,99.40476190476191,37.084999084472656
2024-06-17,37.57260513305664,36.3113848719196,42.494948258084726,99.40476190476191,99.40476190476191,38.43000030517578
2024-06-18,37.592166900634766,37.557947912876486,42.683046708313796,99.40476190476191,99.40476190476191,38.45000076293945
2024-06-20,36.70736312866211,37.865926927803145,39.69619910520085,94.84126984126983,94.84126984126983,37.54499816894531
2024-06-21,36.37004852294922,36.614470887042174,36.34293840647213,86.90476190476191,86.90476190476191,37.20000076293945
2024-06-24,35.138160705566406,36.08652075231199,26.45260452788155,67.26190476190477,67.26190476190477,35.939998626708984
2024-06-25,36.3113899230957,35.583012239936735,26.577826244139917,67.26190476190477,67.26190476190477,37.13999938964844
2024-06-26,36.53859329223633,36.116578614300835,27.61672878058381,68.84920634920636,68.84920634920636,37.22999954223633
2024-06-27,36.80358123779297,36.469895284816154,29.526193109111652,72.02380952380952,72.02380952380952,37.5
2024-06-28,36.22453689575195,36.94588766351543,26.339297316726984,66.26984126984127,66.26984126984127,36.90999984741211
2024-07-01,36.81830596923828,36.39138677774829,27.485585330387487,68.45238095238095,68.45238095238095,37.51499938964844
2024-07-02,37.94695281982422,36.4551803048595,33.45025857096189,79.16666666666666,79.16666666666666,38.665000915527344
2024-07-03,38.879302978515625,37.760471018391605,37.65946489210557,89.88095238095238,89.88095238095238,39.6150016784668
2024-07-05,40.0570182800293,39.04614773442297,40.41486411062538,96.42857142857143,96.42857142857143,40.814998626708984
2024-07-08,40.32200241088867,40.14534492273014,41.716813177296224,98.61111111111111,98.61111111111111,41.084999084472656
2024-07-09,40.41032791137695,40.69003495453458,41.39091571688847,98.21428571428571,98.21428571428571,41.17499923706055
2024-07-10,41.676368713378906,40.886318332775204,42.58771393487437,99.20634920634922,99.20634920634922,42.46500015258789
2024-07-11,38.93818664550781,41.696002903891824,29.973245821763307,71.82539682539682,71.82539682539682,39.67499923706055
2024-07-12,39.57121276855469,39.016706790363614,23.738365019459454,60.912698412698404,60.912698412698404,40.31999969482422
2024-07-15,39.86563491821289,39.978500872159046,21.475904167731787,57.53968253968254,57.53968253968254,40.619998931884766
2024-07-16,39.89508056640625,40.20913746990009,20.538672958342932,56.15079365079365,56.15079365079365,40.650001525878906
2024-07-17,36.386478424072266,37.94695057662426,-3.127905274657098,30.753968253968257,30.753968253968257,37.07500076293945
2024-07-18,35.84178161621094,37.20105890966614,-18.63791518988872,21.428571428571427,21.428571428571427,36.52000045776367
2024-07-19,34.87016296386719,35.72400868845541,-29.209488702364045,13.690476190476192,13.690476190476192,35.529998779296875
2024-07-22,36.39138412475586,36.14111871580886,-27.033494367240902,15.674603174603174,15.674603174603174,37.08000183105469
2024-07-23,35.99881362915039,36.18037932988187,-27.855736829363707,14.880952380952381,14.880952380952381,36.68000030517578
2024-07-24,32.11725616455078,34.46287415468667,-35.72915850947489,6.15079365079365,6.15079365079365,32.724998474121094
2024-07-25,31.047500610351562,32.171235174462836,-39.6171663733669,3.373015873015873,3.373015873015873,31.635000228881836
2024-07-26,31.935691833496094,31.89643378569655,-39.027129019119386,4.166666666666666,4.166666666666666,32.540000915527344
2024-07-29,32.12216567993164,32.51964316452361,-38.21292439360092,4.761904761904762,4.761904761904762,32.72999954223633
2024-07-30,30.81195831298828,32.52455055893445,-40.23116127260525,2.7777777777777777,2.7777777777777777,31.395000457763672
2024-07-31,33.505977630615234,32.86805117601176,-33.13246340213124,10.515873015873016,10.515873015873016,34.13999938964844
2024-08-01,31.091663360595703,33.653193018622325,-35.94635262417539,6.746031746031746,6.746031746031746,31.68000030517578
2024-08-02,28.824565887451172,29.27111593528538,-38.971282178531354,4.563492063492063,4.563492063492063,29.3700008392334
2024-08-05,26.312105178833008,24.20694185950278,-39.63830817083623,3.571428571428571,3.571428571428571,26.809999465942383
2024-08-06,26.969661712646484,26.56236975310838,-39.05175708250746,4.563492063492063,4.563492063492063,27.479999542236328
2024-08-07,26.101097106933594,28.25042660794889,-39.86599411440794,3.571428571428571,3.571428571428571,26.594999313354492
2024-08-08,28.49087905883789,27.210114160902023,-35.27032582371828,9.126984126984127,9.126984126984127,29.030000686645508
2024-08-09,28.878541946411133,28.18663471117425,-31.411667310446045,12.698412698412698,12.698412698412698,29.424999237060547
2024-08-12,29.0748291015625,29.065014588626944,-28.833366228116624,16.46825396825397,16.46825396825397,29.625
2024-08-13,31.189807891845703,29.913949330573224,-21.6712397972685,21.825396825396826,21.825396825396826,31.780000686645508
2024-08-14,31.243785858154297,31.40081619289402,-15.789233791495139,26.58730158730159,26.58730158730159,31.834999084472656
2024-08-15,33.594303131103516,32.45093782500857,-4.625436747764833,33.53174603174603,33.53174603174603,34.22999954223633
2024-08-16,33.682640075683594,33.1821129761453,2.398385902060024,39.48412698412698,39.48412698412698,34.31999969482422
2024-08-19,34.987937927246094,33.702264862125986,11.550190805526846,49.007936507936506,49.007936507936506,35.650001525878906
2024-08-20,34.77202606201172,34.791655089181354,15.249078568227834,52.976190476190474,52.976190476190474,35.43000030517578
2024-08-21,35.248008728027344,34.929043687328914,21.132271977215474,60.51587301587301,60.51587301587301,35.915000915527344
2024-08-22,33.5550537109375,35.75345615763507,15.753188243611135,53.37301587301587,53.37301587301587,34.189998626708984
2024-08-23,34.61008834838867,34.448151687030254,16.95050929309009,55.35714285714286,55.35714285714286,35.26499938964844
2024-08-26,33.594303131103516,34.48249488487389,13.34977581160378,50.99206349206349,50.99206349206349,34.22999954223633
2024-08-27,33.87892532348633,33.23609060632216,12.526154440924728,50.198412698412696,50.198412698412696,34.52000045776367
2024-08-28,32.730648040771484,33.76115124620609,7.516145517479744,45.23809523809524,45.23809523809524,33.349998474121094
2024-08-29,32.55889892578125,33.09868400432035,4.403467530716559,40.87301587301587,40.87301587301587,33.17499923706055
2024-08-30,33.667911529541016,33.427462548630096,7.032188622565016,44.24603174603175,44.24603174603175,34.30500030517578
2024-09-03,30.59604263305664,33.005452176774845,-2.135883554939143,35.51587301587302,35.51587301587302,31.174999237060547
2024-09-04,30.33596420288086,29.953207568072564,-10.160604134289683,29.96031746031746,29.96031746031746,30.90999984741211
2024-09-05,30.43410873413086,30.00227951782169,-13.857875276541556,27.77777777777778,27.77777777777778,31.010000228881836
2024-09-06,27.9658145904541,30.23291460329729,-25.18377998832431,19.047619047619047,19.047619047619047,28.4950008392334
2024-09-09,29.006128311157227,28.741142087469292,-29.951496092631118,14.682539682539684,14.682539682539684,29.55500030517578
2024-09-10,29.78636360168457,29.334905393206586,-28.73455770858053,15.873015873015872,15.873015873015872,30.350000381469727
2024-09-11,31.685428619384766,30.02190710493332,-20.140561851764545,22.817460317460316,22.817460317460316,32.28499984741211
2024-09-12,32.62269592285156,31.714871260954713,-11.235335631164387,29.166666666666668,29.166666666666668,33.2400016784668
2024-09-13,33.04961395263672,32.46075817264757,-4.352625932882064,33.33333333333333,33.33333333333333,33.67499923706055
2024-09-16,32.60797119140625,32.59325035805765,-3.0962994695869757,34.523809523809526,34.523809523809526,33.224998474121094
2024-09-17,32.627601623535156,33.22136563859656,-2.3701940196167013,35.317460317460316,35.317460317460316,33.244998931884766
2024-09-18,32.200687408447266,32.88768472553859,-4.336742954868664,32.93650793650794,32.93650793650794,32.810001373291016
2024-09-19,34.63462448120117,34.49722504333554,7.899293291264935,45.23809523809524,45.23809523809524,35.290000915527344
2024-09-20,34.41379928588867,34.423615670378794,12.865939472876493,50.595238095238095,50.595238095238095,35.064998626708984
2024-09-23,34.668968200683594,34.65424736978422,18.718497792856105,57.53968253968254,57.53968253968254,35.32500076293945
2024-09-24,35.15968322753906,34.97811757386012,23.54683716851192,64.28571428571429,64.28571428571429,35.82500076293945
2024-09-25,35.28275680541992,35.02184124082034,25.81537477137457,66.86507936507937,66.86507936507937,35.834999084472656
2024-09-26,36.03104782104492,36.882715490260615,26.88670492111757,69.44444444444444,69.44444444444444,36.595001220703125
2024-09-27,35.4107551574707,36.242734337427116,23.963241436357034,64.48412698412699,64.48412698412699,35.96500015258789
2024-09-30,35.68644332885742,35.17938036638848,23.919777088712987,64.28571428571429,64.28571428571429,36.244998931884766
2024-10-01,34.17509841918945,35.58306161302069,14.462513879168432,50.79365079365079,50.79365079365079,34.709999084472656
2024-10-02,34.30309295654297,33.97325642713157,9.951736980207409,44.84126984126984,44.84126984126984,34.84000015258789
2024-10-03,34.22433090209961,33.835421337361545,7.167273834533311,42.26190476190476,42.26190476190476,34.7599983215332
2024-10-04,35.430450439453125,35.44521867962395,12.832025690586246,48.61111111111111,48.61111111111111,35.98500061035156
2024-10-07,34.26370620727539,34.97753568912261,7.478539392015639,42.857142857142854,42.857142857142854,34.79999923706055
2024-10-08,35.75043869018555,34.78554163080672,13.516462264255532,49.60317460317461,49.60317460317461,36.310001373291016
2024-10-09,36.61195755004883,35.701209366267726,21.3777666095637,60.51587301587301,60.51587301587301,37.185001373291016
2024-10-10,36.48395919799805,36.09504594835418,23.421948401484592,63.095238095238095,63.095238095238095,37.05500030517578
2024-10-11,36.57749557495117,36.021200192675686,25.180806386499853,65.47619047619048,65.47619047619048,37.150001525878906
2024-10-14,37.51285934448242,37.13871802979339,28.424159838888798,72.02380952380952,72.02380952380952,38.099998474121094
2024-10-15,36.01628112792969,37.58669862649462,18.080561438752245,54.761904761904766,54.761904761904766,36.58000183105469
2024-10-16,35.996585845947266,36.0556587996492,12.26864792412926,46.42857142857143,46.42857142857143,36.560001373291016
2024-10-17,36.104888916015625,37.20763166949691,8.116278049162307,41.86507936507937,41.86507936507937,36.66999816894531
2024-10-18,36.744876861572266,36.65626366351741,11.596015810157589,45.83333333333333,45.83333333333333,37.31999969482422
2024-10-21,36.94671630859375,36.45934188337678,14.877683560041735,49.801587301587304,49.801587301587304,37.525001525878906
2024-10-22,37.05501937866211,36.336269587500176,17.60073851944926,53.57142857142857,53.57142857142857,37.6349983215332
2024-10-23,35.341835021972656,36.513494991472015,2.260343116240688,33.730158730158735,33.730158730158735,35.89500045776367
2024-10-24,36.183658599853516,36.144274124448806,1.1963048294530734,32.73809523809524,32.73809523809524,36.75
2024-10-25,36.794105529785156,36.774413290699414,6.135729143983183,38.095238095238095,38.095238095238095,37.369998931884766
2024-10-28,36.82856369018555,37.5079327501781,9.006787617481162,41.66666666666667,41.66666666666667,37.404998779296875
2024-10-29,37.847618103027344,36.88764486634961,18.584558613760773,55.75396825396825,55.75396825396825,38.439998626708984
2024-10-30,37.00578689575195,37.685155897380504,14.69419337842647,49.60317460317461,49.60317460317461,37.584999084472656
2024-10-31,34.18986892700195,36.09012696480173,-10.192475188700936,24.00793650793651,24.00793650793651,34.724998474121094
2024-11-01,34.91846466064453,34.5000148995773,-19.720613566403845,17.658730158730158,17.658730158730158,35.46500015258789
2024-11-04,34.593544006347656,34.77569438215272,-26.80866885440957,13.492063492063492,13.492063492063492,35.1349983215332
2024-11-05,35.90797424316406,34.928305150752216,-21.58388214700735,16.26984126984127,16.26984126984127,36.470001220703125
2024-11-06,38.82236099243164,37.73931413666361,2.955484450039947,34.92063492063492,34.92063492063492,39.43000030517578
2024-11-07,40.63893127441406,39.46234717567191,18.503150024433204,55.55555555555556,55.55555555555556,41.275001525878906
2024-11-08,40.73738479614258,40.47646921652079,26.674936580909957,68.45238095238095,68.45238095238095,41.375
2024-11-11,40.663543701171875,41.02292050450162,29.626720846564474,74.0079365079365,74.0079365079365,41.29999923706055
2024-11-12,40.44200897216797,40.63400359812465,29.73797301032628,74.40476190476191,74.40476190476191,41.07500076293945
2024-11-13,40.26478576660156,40.29924624690814,28.662670839207692,71.82539682539682,71.82539682539682,40.89500045776367
2024-11-14,39.41311264038086,40.16632293349809,22.17342677136521,60.51587301587301,60.51587301587301,40.029998779296875
2024-11-15,36.56272506713867,38.03960914091298,0.6462840646607311,31.944444444444443,31.944444444444443,37.1349983215332
2024-11-18,37.30116653442383,36.88764080291871,-6.995393575616397,25.992063492063494,25.992063492063494,37.8849983215332
2024-11-19,38.049461364746094,36.70057481251368,-6.67655272348741,26.38888888888889,26.38888888888889,38.64500045776367
2024-11-20,38.005149841308594,37.980537359528704,-6.837421357130427,26.38888888888889,26.38888888888889,38.599998474121094
2024-11-21,38.379295349121094,38.66975118267048,-4.377350751558338,27.976190476190478,27.976190476190478,38.97999954223633
2024-11-22,38.52206039428711,38.22176032588436,-2.2137782510382467,30.555555555555557,30.555555555555557,39.125
2024-11-25,38.69929122924805,39.46234960655965,0.33511688677414747,32.93650793650794,32.93650793650794,39.30500030517578
2024-11-26,39.29988479614258,39.03404522100454,6.146951797078187,39.285714285714285,39.285714285714285,39.915000915527344
2024-11-27,38.349754333496094,39.034043602720544,1.628723286467148,33.730158730158735,33.730158730158735,38.95000076293945
2024-11-29,39.32942199707031,38.4629823017344,6.524124141075228,40.07936507936508,40.07936507936508,39.94499969482422
2024-12-02,40.604469299316406,39.61987988014289,17.81170934872982,55.35714285714286,55.35714285714286,41.2400016784668
2024-12-03,40.96384811401367,40.26971442862741,25.26080675956972,65.47619047619048,65.47619047619048,41.60499954223633
2024-12-04,42.46041488647461,41.7810496004187,32.196731260902325,77.97619047619048,77.97619047619048,43.125
2024-12-05,42.11088943481445,42.46041822397794,32.42537675270457,78.37301587301587,78.37301587301587,42.77000045776367
2024-12-06,43.19393539428711,42.22903824488186,35.965221958368154,86.11111111111111,86.11111111111111,43.869998931884766
2024-12-09,42.184730529785156,42.952708995900835,31.33721118560832,76.98412698412699,76.98412698412699,42.845001220703125
2024-12-10,41.72690200805664,42.46042009780135,25.627603657223585,66.26984126984127,66.26984126984127,42.380001068115234
2024-12-11,43.95699691772461,42.77056481490418,31.649420691357804,77.18253968253968,77.18253968253968,44.64500045776367
2024-12-12,43.085628509521484,43.38592856318095,29.413670860235534,72.81746031746032,72.81746031746032,43.7599983215332
2024-12-13,44.011146545410156,44.02099078672325,31.058281227302313,76.5873015873016,76.5873015873016,44.70000076293945
2024-12-16,45.92617416381836,44.660976903370994,35.496929173491594,84.52380952380952,84.52380952380952,46.64500045776367
2024-12-17,45.3108024597168,45.453568366560454,35.04881929509742,83.13492063492063,83.13492063492063,46.02000045776367
2024-12-18,40.412471771240234,45.11881184953989,10.144110607111742,43.452380952380956,43.452380952380956,41.04499816894531
2024-12-19,39.841407775878906,41.48567017012151,-6.186008193903079,26.785714285714285,26.785714285714285,40.46500015258789
2024-12-20,40.875221252441406,38.920811031383266,-10.647218988751089,23.41269841269841,23.41269841269841,41.51499938964844
2024-12-23,42.01374053955078,41.218511879154526,-8.691596227925935,24.801587301587304,24.801587301587304,42.529998779296875
2024-12-24,43.683223724365234,42.45333380995859,0.9592676848453799,33.13492063492063,33.13492063492063,44.220001220703125
2024-12-26,43.589378356933594,43.27820341480255,5.696829799635991,38.095238095238095,38.095238095238095,44.125
2024-12-27,41.816165924072266,42.66078678815479,-2.555375441887871,29.761904761904763,29.761904761904763,42.33000183105469
2024-12-30,40.136802673339844,40.107164274049325,-15.75372086640491,19.246031746031747,19.246031746031747,40.630001068115234
2024-12-31,39.08473205566406,40.403529791508475,-27.148729451847853,12.5,12.5,39.564998626708984
2025-01-02,38.837764739990234,39.781174068143294,-31.608633447001612,7.738095238095238,7.738095238095238,39.314998626708984
2025-01-03,40.69989013671875,39.509515349575864,-26.621394594446084,12.896825396825399,12.896825396825399,41.20000076293945
2025-01-06,42.08782196044922,41.96927968290258,-17.076800694358113,18.849206349206348,18.849206349206348,42.60499954223633
2025-01-07,39.8206901550293,42.33973570340852,-22.721384317066267,14.285714285714285,14.285714285714285,40.310001373291016
2025-01-08,39.85032272338867,39.791049692143034,-25.248550616654164,13.095238095238097,13.095238095238097,40.34000015258789
2025-01-10,37.94868850708008,38.92173238188593,-31.848570769155156,7.142857142857142,7.142857142857142,38.415000915527344
2025-01-13,37.55354690551758,36.57556632389603,-34.40026790414482,6.547619047619048,6.547619047619048,38.01499938964844
2025-01-14,37.42018508911133,38.26974636441953,-36.171409427964065,4.563492063492063,4.563492063492063,37.880001068115234
2025-01-15,39.94910430908203,39.17363344232073,-28.166581090427943,11.507936507936508,11.507936507936508,40.439998626708984
2025-01-16,39.134124755859375,40.50725127915416,-26.6673754973621,12.896825396825399,12.896825396825399,39.6150016784668
2025-01-17,41.06539535522461,41.3370587294467,-17.185513784583588,19.246031746031747,19.246031746031747,41.56999969482422
2025-01-21,41.74701690673828,41.71244191195173,-8.72349868147062,24.6031746031746,24.6031746031746,42.2599983215332
2025-01-22,43.36710739135742,42.892930707876445,8.092326907062109,42.06349206349206,42.06349206349206,43.900001525878906
2025-01-23,43.63383483886719,42.74476186823102,18.182245059722895,54.96031746031746,54.96031746031746,44.16999816894531
2025-01-24,42.848480224609375,43.67828379640952,18.597677836834496,55.952380952380956,55.952380952380956,43.375
2025-01-27,39.08966827392578,38.31913772623993,-0.9048606558940331,31.944444444444443,31.944444444444443,39.56999969482422
2025-01-28,40.823368072509766,39.30700116131183,-3.0241316873223725,29.563492063492063,29.563492063492063,41.32500076293945
2025-01-29,40.57146453857422,40.95179326108254,-5.394073199567274,27.380952380952383,27.380952380952383,41.06999969482422
2025-01-30,41.0802116394043,41.22839234314369,-4.041369402308992,29.166666666666668,29.166666666666668,41.584999084472656
2025-01-31,40.857940673828125,41.94458650878231,-4.232739916834922,28.968253968253972,28.968253968253972,41.36000061035156
2025-02-03,39.870079040527344,38.78836980963823,-9.181517138282077,24.6031746031746,24.6031746031746,40.36000061035156
2025-02-04,41.31729507446289,39.96392629770632,-4.514054184232666,28.174603174603174,28.174603174603174,41.82500076293945
2025-02-05,41.855682373046875,40.6751884168667,1.5786342476524777,35.317460317460316,35.317460317460316,42.369998931884766
2025-02-06,42.48297119140625,41.96434256344665,8.2800633997218,44.24603174603175,44.24603174603175,43.005001068115234
2025-02-07,40.862884521484375,42.6064591211015,1.9657725384096065,35.91269841269841,35.91269841269841,41.3650016784668
2025-02-10,42.30021667480469,41.85074178419997,7.053278570324932,42.65873015873016,42.65873015873016,42.81999969482422
2025-02-11,41.99892044067383,41.52474749288233,7.988720978027416,44.047619047619044,44.047619047619044,42.51499938964844
2025-02-12,42.0828857421875,40.64060929016167,8.738652211886519,45.23809523809524,45.23809523809524,42.599998474121094
2025-02-13,43.85609817504883,42.468154402882654,19.957938541474608,60.51587301587301,60.51587301587301,44.39500045776367
2025-02-14,44.36978530883789,43.86597400236251,26.246226461354027,69.64285714285714,69.64285714285714,44.915000915527344
2025-02-18,44.64638900756836,44.76493130272482,30.245906631816727,77.18253968253968,77.18253968253968,45.19499969482422
2025-02-19,44.651329040527344,44.45375603779217,31.812291938485345,79.56349206349206,79.56349206349206,45.20000076293945
2025-02-20,44.10800552368164,44.47845348574484,28.620389214094345,72.61904761904762,72.61904761904762,44.650001525878906
2025-02-21,41.34693145751953,44.340149787806055,8.49257290215482,45.23809523809524,45.23809523809524,41.85499954223633
2025-02-24,39.860198974609375,41.737136811971816,-10.032929833960509,24.00793650793651,24.00793650793651,40.349998474121094
2025-02-25,38.33890151977539,39.67745323765527,-24.275139776128775,14.484126984126986,14.484126984126986,38.810001373291016
2025-02-26,38.58586120605469,38.813068837958554,-30.449624712521917,9.523809523809524,9.523809523809524,39.060001373291016
2025-02-27,35.385189056396484,39.37614934120649,-37.85604181930177,3.7698412698412698,3.7698412698412698,35.81999969482422
2025-02-28,37.00528335571289,35.296283760668985,-35.83231162980375,5.158730158730158,5.158730158730158,37.459999084472656
2025-03-03,34.61465835571289,37.72148237197053,-38.96289075591346,3.373015873015873,3.373015873015873,35.040000915527344
2025-03-04,34.23432922363281,33.962669650354684,-39.37574908639251,2.7777777777777777,2.7777777777777777,34.654998779296875
2025-03-05,35.56794357299805,34.352874748800254,-36.381415941189985,5.158730158730158,5.158730158730158,36.005001068115234
2025-03-06,32.619178771972656,33.779914981520406,-40.22302054273726,1.7857142857142856,1.7857142857142856,33.02000045776367
2025-03-07,33.29587173461914,32.38209688541909,-38.92918622582467,3.968253968253968,3.968253968253968,33.70500183105469
2025-03-10,29.541990280151367,31.61155884497271,-41.28145961376512,0.3968253968253968,0.3968253968253968,29.905000686645508
2025-03-11,29.196237564086914,29.33947788782422,-42.638473340561454,0.1984126984126984,0.1984126984126984,29.55500030517578
2025-03-12,30.193981170654297,30.594063791382602,-41.750117338660125,0.5952380952380952,0.5952380952380952,30.565000534057617
2025-03-13,28.544252395629883,30.030982806412435,-43.36515123023243,0.0,0.0,28.895000457763672
2025-03-14,30.569364547729492,29.492595688458405,-40.44918474138387,2.1825396825396823,2.1825396825396823,30.94499969482422
2025-03-17,31.16208267211914,30.56442707832725,-37.75084546035655,5.952380952380952,5.952380952380952,31.545000076293945
2025-03-18,29.591384887695312,30.510096189522145,-38.853986124735464,5.158730158730158,5.158730158730158,29.954999923706055
2025-03-19,30.74224281311035,29.97171036270571,-37.157027284238126,6.746031746031746,6.746031746031746,31.1200008392334
2025-03-20,30.42612648010254,29.96183235971574,-36.73251800167514,7.142857142857142,7.142857142857142,30.799999237060547
2025-03-21,30.71260643005371,29.403689519408633,-35.71105380076904,8.531746031746032,8.531746031746032,31.09000015258789
2025-03-24,32.663631439208984,32.135125812059606,-29.009293964302245,14.285714285714285,14.285714285714285,33.064998626708984
2025-03-25,33.24646759033203,32.83650805495043,-21.40312305935925,19.642857142857142,19.642857142857142,33.654998779296875
2025-03-26,31.397680282592773,33.0126437299945,-23.193424312751986,18.650793650793652,18.650793650793652,31.690000534057617
2025-03-27,30.8626651763916,31.011281165475992,-25.79963506621666,17.261904761904763,17.261904761904763,31.149999618530273
2025-03-28,28.405540466308594,30.48616989276002,-33.89190892203484,10.317460317460316,10.317460317460316,28.670000076293945
2025-03-31,28.385725021362305,27.10762527924896,-34.50908307477856,10.119047619047619,10.119047619047619,28.649999618530273
2025-04-01,29.039634704589844,28.078582973550116,-31.584553777287038,11.904761904761903,11.904761904761903,29.309999465942383
2025-04-02,29.6885929107666,27.835841588354292,-27.259266687534133,16.666666666666664,16.666666666666664,29.96500015258789
2025-04-03,24.91800880432129,25.973185467811252,-36.02659878343635,7.738095238095238,7.738095238095238,25.149999618530273
2025-04-04,20.355485916137695,22.782887027811807,-40.99029177771286,1.5873015873015872,1.5873015873015872,20.545000076293945
2025-04-07,20.434749603271484,18.205504192005503,-39.36949957201964,4.365079365079365,4.365079365079365,20.625
2025-04-08,19.270587921142578,22.48565397605252,-40.15832517039888,3.1746031746031744,3.1746031746031744,19.450000762939453
2025-04-09,26.06235694885254,19.201233603368575,-25.952356763010076,18.849206349206348,18.849206349206348,26.30500030517578
2025-04-10,22.857194900512695,24.115480482257077,-25.2077216223984,19.841269841269842,19.841269841269842,23.06999969482422
2025-04-11,24.065942764282227,22.624362300376024,-21.63962598179225,21.825396825396826,21.825396825396826,24.290000915527344
2025-04-14,24.57123374938965,25.710627183817614,-18.308474530880904,24.801587301587304,24.801587301587304,24.799999237060547
2025-04-15,24.665363311767578,24.749578345354045,-16.223374610336688,25.595238095238095,25.595238095238095,24.895000457763672
2025-04-16,22.43611717224121,23.199014948520222,-20.67506465758927,23.015873015873016,23.015873015873016,22.645000457763672
2025-04-17,22.37171745300293,22.83242835045417,-23.090664519221367,21.03174603174603,21.03174603174603,22.579999923706055
2025-04-21,20.736934661865234,21.484969446303744,-27.735124892410052,17.063492063492063,17.063492063492063,20.93000030517578
2025-04-22,22.322179794311523,21.529558008385802,-26.185763154471065,18.849206349206348,18.849206349206348,22.530000686645508
2025-04-23,23.80338478088379,24.39289750622711,-21.226474796638243,23.214285714285715,23.214285714285715,24.024999618530273
2025-04-24,25.82952308654785,24.1452054723706,-13.044007750948209,28.76984126984127,28.76984126984127,26.06999969482422
2025-04-25,26.681591033935547,25.779985259912323,-5.0239267504122695,34.523809523809526,34.523809523809526,26.93000030517578
2025-04-28,26.661773681640625,26.760851628647004,0.6167617821844666,40.07936507936508,40.07936507936508,26.90999984741211
2025-04-29,27.181930541992188,26.27537176778187,5.701663013042032,46.03174603174603,46.03174603174603,27.434999465942383
2025-04-30,27.186885833740234,25.740352323927528,8.46801035768699,50.79365079365079,50.79365079365079,27.440000534057617
2025-05-01,28.1231689453125,28.514525806950303,13.709470550788739,57.14285714285714,57.14285714285714,28.385000228881836
2025-05-02,29.440900802612305,29.049543937921396,21.954857093898163,67.85714285714286,67.85714285714286,29.71500015258789
2025-05-05,28.930652618408203,28.68295868122921,24.122827882019237,70.43650793650794,70.43650793650794,29.200000762939453
2025-05-06,28.108308792114258,27.771444886735374,21.860902442243596,67.85714285714286,67.85714285714286,28.3700008392334
2025-05-07,28.435264587402344,28.21729271444257,21.527549546995477,67.46031746031747,67.46031746031747,28.700000762939453
2025-05-08,29.28237533569336,29.326960316595674,24.170081203924255,70.63492063492063,70.63492063492063,29.55500030517578
2025-05-09,29.213022232055664,29.624193166471365,25.025162208467616,71.03174603174604,71.03174603174604,29.485000610351562
2025-05-12,32.750091552734375,32.62128965155694,32.21198749483931,81.74603174603175,81.74603174603175,33.05500030517578
2025-05-13,34.25111770629883,33.027509038496746,36.592345001772614,90.07936507936508,90.07936507936508,34.56999969482422
2025-05-14,34.85548782348633,34.48394695309343,39.40263277890892,94.44444444444444,94.44444444444444,35.18000030517578
2025-05-15,34.964473724365234,34.41954787075996,40.277342224896685,96.03174603174604,96.03174603174604,35.290000915527344
2025-05-16,35.39545822143555,35.22702817682734,41.5325312700779,98.21428571428571,98.21428571428571,35.724998474121094
2025-05-19,35.489585876464844,33.91920727228416,42.20313358035261,98.61111111111111,98.61111111111111,35.81999969482422
2025-05-20,35.1180419921875,34.96447297859035,41.44354504536765,97.81746031746032,97.81746031746032,35.44499969482422
2025-05-21,33.65665054321289,34.30065245763719,35.451129586478196,86.30952380952381,86.30952380952381,33.970001220703125
2025-05-22,33.83003616333008,33.76563710453224,32.43051446927249,81.74603174603175,81.74603174603175,34.14500045776367
2025-05-23,32.85411834716797,32.244789697559064,25.610632465362098,72.02380952380952,72.02380952380952,33.15999984741211
2025-05-27,35.142818450927734,34.17680978879148,30.83710869391132,79.56349206349206,79.56349206349206,35.470001220703125
2025-05-28,34.692012786865234,35.340969703125126,31.599009064373853,80.35714285714286,80.35714285714286,35.01499938964844
2025-05-29,34.86044692993164,36.16331571066501,31.65526159214986,80.95238095238095,80.95238095238095,35.185001373291016
2025-05-30,34.67715072631836,34.74154978847239,30.178651744140684,78.37301587301587,78.37301587301587,35.0
2025-06-02,35.474727630615234,34.28084098387002,32.44650648057847,82.73809523809523,82.73809523809523,35.80500030517578
2025-06-03,36.302024841308594,35.549036893512785,35.67792484843546,87.6984126984127,87.6984126984127,36.63999938964844
2025-06-04,36.59429931640625,36.450636396272806,37.96528591640875,92.26190476190477,92.26190476190477,36.935001373291016
2025-06-05,35.74223327636719,36.881623036341054,33.586648395339,84.92063492063492,84.92063492063492,36.07500076293945
2025-06-06,36.76272964477539,36.79245170451316,34.679711004139776,86.5079365079365,86.5079365079365,37.10499954223633
2025-06-09,36.926212310791016,36.81227143762213,35.97238850039784,89.28571428571429,89.28571428571429,37.27000045776367
2025-06-10,37.63956832885742,37.01042367922281,38.155334765789725,92.85714285714286,92.85714285714286,37.9900016784668
2025-06-11,37.25316619873047,37.941755033572406,35.519632158383494,88.09523809523809,88.09523809523809,37.599998474121094
2025-06-12,37.495906829833984,36.95593211873376,35.518719178948,87.89682539682539,87.89682539682539,37.845001220703125
2025-06-13,36.079097747802734,36.21285080329995,25.34475091184465,71.62698412698413,71.62698412698413,36.415000915527344
2025-06-16,37.55039978027344,36.7676860860648,29.00795598802846,76.38888888888889,76.38888888888889,37.900001525878906
2025-06-17,36.44072723388672,36.995562959063164,22.782275035682012,68.45238095238095,68.45238095238095,36.779998779296875
2025-06-18,36.39119338989258,36.61907136227001,19.132949969627756,63.888888888888886,63.888888888888886,36.72999954223633
2025-06-20,35.89085006713867,37.035198629577245,13.576335970756665,56.74603174603175,56.74603174603175,36.224998474121094
2025-06-23,37.00546646118164,36.02955568808718,18.47095224996563,62.89682539682539,62.89682539682539,37.349998474121094
2025-06-24,38.689788818359375,38.10027986994457,28.103258979761176,76.19047619047619,76.19047619047619,39.04999923706055
2025-06-25,38.98686599731445,39.18557277324379,32.40009798651843,83.73015873015873,83.73015873015873,39.2400016784668
2025-06-26,40.054927825927734,39.45383111689943,37.16500107236165,92.65873015873017,92.65873015873017,40.314998626708984
2025-06-27,40.44738006591797,40.25363830844636,39.05749006446001,95.83333333333334,95.83333333333334,40.709999084472656
2025-06-30,41.23228073120117,41.132927353908336,40.84575339782536,97.81746031746032,97.81746031746032,41.5
2025-07-01,40.18408966064453,40.795123973301955,36.690482306630415,91.66666666666666,91.66666666666666,40.44499969482422
2025-07-02,40.98389434814453,39.970473960361616,37.53342773279494,92.46031746031747,92.46031746031747,41.25
2025-07-03,42.131446838378906,41.475704607862504,39.82341181983373,96.42857142857143,96.42857142857143,42.404998779296875
2025-07-07,41.19253921508789,41.530346015085094,36.057902071642175,89.68253968253968,89.68253968253968,41.459999084472656
2025-07-08,41.2471809387207,41.47073170964595,34.38487866776202,85.9126984126984,85.9126984126984,41.51499938964844
2025-07-09,42.10164260864258,41.71415907069409,37.31576471821698,91.86507936507937,91.86507936507937,42.375
2025-07-10,41.90789794921875,42.24073596115777,37.8782489672714,93.25396825396825,93.25396825396825,42.18000030517578
2025-07-11,41.589962005615234,41.39125144635908,35.959202094140316,88.69047619047619,88.69047619047619,41.86000061035156
2025-07-14,42.0320930480957,41.54525234381802,37.41462746956779,91.66666666666666,91.66666666666666,42.30500030517578
2025-07-15,42.141380310058594,42.93621872498324,36.90601150989164,90.87301587301587,90.87301587301587,42.415000915527344
2025-07-16,42.2606086730957,42.25563986662283,37.19565506395281,91.26984126984127,91.26984126984127,42.53499984741211
2025-07-17,43.244224548339844,42.40964318255741,40.2257731889793,96.82539682539682,96.82539682539682,43.525001525878906
2025-07-18,43.09518814086914,43.53731714538969,40.52714616672202,97.61904761904762,97.61904761904762,43.375
2025-07-21,43.75093078613281,43.29389914820423,41.42248182408913,98.21428571428571,98.21428571428571,44.03499984741211
2025-07-22,43.07034683227539,43.78073450565615,38.142323672805226,92.85714285714286,92.85714285714286,43.349998474121094
2025-07-23,43.63666915893555,43.30879996806031,38.26685621653706,93.45238095238095,93.45238095238095,43.91999816894531
2025-07-24,43.924800872802734,43.93970350155562,39.58125544190373,95.63492063492063,95.63492063492063,44.209999084472656
2025-07-25,44.17318344116211,43.870150721693484,40.39035910887441,97.02380952380952,97.02380952380952,44.459999084472656
2025-07-28,44.60538101196289,44.50602384191435,41.689345713818796,98.61111111111111,98.61111111111111,44.89500045776367
2025-07-29,44.40169906616211,45.20150623548302,38.4860754462377,93.05555555555556,93.05555555555556,44.689998626708984
2025-07-30,44.55570602416992,44.58054247506452,37.4793259031591,90.67460317460318,90.67460317460318,44.845001220703125
2025-07-31,43.82048034667969,46.055965706692234,28.723583843104507,74.0079365079365,74.0079365079365,44.10499954223633
2025-08-01,41.19253921508789,42.35002466994035,-0.1614481603157649,39.285714285714285,39.285714285714285,41.459999084472656
2025-08-04,43.447898864746094,42.33512500628416,1.2536056428373137,40.87301587301587,40.87301587301587,43.72999954223633
2025-08-05,42.543766021728516,43.74099433376752,-5.582496305039524,33.730158730158735,33.730158730158735,42.81999969482422
2025-08-06,44.133445739746094,42.73751057660918,2.9802097532491603,43.25396825396825,43.25396825396825,44.41999816894531
2025-08-07,44.58053970336914,45.15183109966722,10.498899559517444,52.976190476190474,52.976190476190474,44.869998931884766
2025-08-08,45.782737731933594,44.82892785328528,22.09704332113121,66.46825396825396,66.46825396825396,46.08000183105469
2025-08-11,45.38035202026367,45.81751602714535,24.397626990317594,68.84920634920636,68.84920634920636,45.67499923706055
2025-08-12,47.05448532104492,45.91190235606876,32.08557668053462,79.36507936507937,79.36507936507937,47.36000061035156
2025-08-13,47.124027252197266,47.71519009341793,34.1537724751742,83.13492063492063,83.13492063492063,47.43000030517578
2025-08-14,46.994869232177734,46.61731953255383,34.17080420433249,83.13492063492063,83.13492063492063,47.29999923706055
2025-08-15,46.32918930053711,46.93028596956916,29.66367955730326,74.60317460317461,74.60317460317461,46.630001068115234
2025-08-18,46.26957702636719,46.10067551415114,26.800267742663937,71.62698412698413,71.62698412698413,46.56999969482422
2025-08-19,44.381832122802734,46.085768813708,11.165125646155609,51.78571428571429,51.78571428571429,44.66999816894531
2025-08-20,43.57209014892578,44.12847894325375,-1.9220986594731215,36.507936507936506,36.507936507936506,43.85499954223633
2025-08-21,42.966026306152344,43.19454212592828,-11.958624300209337,27.380952380952383,27.380952380952383,43.244998931884766
2025-08-22,44.89847946166992,43.22931678209966,-5.298570462886296,32.34126984126984,32.34126984126984,45.189998626708984
2025-08-25,44.50602722167969,44.52093364088533,-5.311216812399879,32.142857142857146,32.142857142857146,44.79499816894531
2025-08-26,45.022674560546875,44.366932328602246,-1.0740029299919442,37.10317460317461,37.10317460317461,45.314998626708984
2025-08-27,45.22635269165039,44.77925486626493,2.390001011559608,40.87301587301587,40.87301587301587,45.52000045776367
2025-08-28,46.05099105834961,45.34557223274291,9.293254506592046,50.198412698412696,50.198412698412696,46.349998474121094
2025-08-29,44.39176940917969,45.41512366141739,1.3331119273975862,39.08730158730159,39.08730158730159,44.68000030517578
2025-09-02,43.25912094116211,42.280474647309575,-12.351216690381547,25.992063492063494,25.992063492063494,43.540000915527344
2025-09-03,44.26757049560547,44.07879757350246,-13.288668811236596,25.198412698412696,25.198412698412696,44.55500030517578
2025-09-04,45.46480178833008,44.41164224581976,-5.1788820464802,31.746031746031743,31.746031746031743,45.7599983215332
2025-09-05,45.61383819580078,46.66700158698621,0.023788460740526787,37.698412698412696,37.698412698412696,45.90999984741211
2025-09-08,46.26460647583008,46.15531927268111,7.120658765134872,46.62698412698413,46.62698412698413,46.564998626708984
2025-09-09,46.64215850830078,46.44841675232705,13.658885529266012,55.75396825396825,55.75396825396825,46.94499969482422
2025-09-10,46.69183349609375,47.41712380044564,17.27328659580545,58.92857142857143,58.92857142857143,46.994998931884766
2025-09-11,47.47673797607422,47.28796503383542,24.336226115685015,67.65873015873017,67.65873015873017,47.78499984741211
2025-09-12,48.06790542602539,47.67048427902825,29.32584609518886,73.4126984126984,73.4126984126984,48.380001068115234
2025-09-15,49.2949333190918,48.5050599250289,35.46679084290184,84.92063492063492,84.92063492063492,49.6150016784668
2025-09-16,49.16080093383789,49.51351035156104,36.95295000898805,89.28571428571429,89.28571428571429,49.47999954223633
2025-09-17,48.847835540771484,49.126028036815775,35.176708539414,83.92857142857143,83.92857142857143,49.165000915527344
2025-09-18,50.16429138183594,50.055000383887545,37.31364112613632,89.88095238095238,89.88095238095238,50.4900016784668
2025-09-19,51.1578369140625,50.6113819615114,40.57416206915358,97.22222222222221,97.22222222222221,51.4900016784668
2025-09-22,52.02222442626953,50.87964160021056,42.23435448457592,99.20634920634922,99.20634920634922,52.36000061035156
2025-09-23,50.974029541015625,52.0569980557263,38.94002422119656,93.45238095238095,93.45238095238095,51.30500030517578
2025-09-24,50.426063537597656,51.32111018248196,33.50466904320534,80.75396825396825,80.75396825396825,50.70500183105469
2025-09-25,49.74980163574219,49.42658878227854,26.333014016700655,68.84920634920636,68.84920634920636,50.025001525878906
2025-09-26,50.346500396728516,49.92383917683166,25.45492936072541,67.06349206349206,67.06349206349206,50.625
2025-09-29,51.01778793334961,51.112266533804245,28.001204602622675,70.43650793650794,70.43650793650794,51.29999923706055
2025-09-30,51.415584564208984,50.923308760225666,31.204697191611736,75.79365079365078,75.79365079365078,51.70000076293945
2025-10-01,52.14156723022461,50.58517812790183,35.906813595262186,85.31746031746032,85.31746031746032,52.43000030517578
2025-10-02,52.77804946899414,53.11120564676005,38.677631799548365,93.05555555555556,93.05555555555556,53.06999969482422
2025-10-03,52.06201171875,52.927228423776064,34.91178458127287,81.94444444444444,81.94444444444444,52.349998474121094
2025-10-06,53.22557830810547,53.404588402587386,37.12039450087211,88.4920634920635,88.4920634920635,53.52000045776367
2025-10-07,52.365333557128906,53.55375933000617,31.655449427418446,75.9920634920635,75.9920634920635,52.654998779296875
2025-10-08,54.1405143737793,52.56920821152723,36.328621075259946,86.11111111111111,86.11111111111111,54.439998626708984
2025-10-09,53.92669677734375,54.140514174521236,37.35338287553637,89.28571428571429,89.28571428571429,54.224998474121094
2025-10-10,48.26799774169922,54.065927402771514,3.732693545062652,39.48412698412698,39.48412698412698,48.53499984741211
2025-10-13,51.3310546875,50.74927003510959,0.309647586731454,34.92063492063492,34.92063492063492,51.6150016784668
2025-10-14,50.28683090209961,49.59068477089716,-6.928958012394064,26.785714285714285,26.785714285714285,50.564998626708984
2025-10-15,51.31613540649414,51.78355104595226,-5.457430181881817,27.976190476190478,27.976190476190478,51.599998474121094
2025-10-16,50.744300842285156,52.052065348417884,-9.231762290301074,25.595238095238095,25.595238095238095,51.025001525878906
2025-10-17,51.70896530151367,50.182409758130675,-5.469927526227598,28.174603174603174,28.174603174603174,51.994998931884766
2025-10-20,53.64823913574219,52.51451107537615,7.622549543162426,44.24603174603175,44.24603174603175,53.94499969482422
2025-10-21,53.58856964111328,53.65321449527762,13.979431765592517,52.182539682539684,52.182539682539684,53.8849983215332
2025-10-22,52.012290954589844,53.42945110773074,7.632440362623571,44.047619047619044,44.047619047619044,52.29999923706055
2025-10-23,53.31508255004883,51.848194508740406,11.598412032979205,49.007936507936506,49.007936507936506,53.61000061035156
2025-10-24,54.97589111328125,54.69245911392133,19.548416200999487,57.936507936507944,57.936507936507944,55.279998779296875
2025-10-27,57.89474868774414,56.94500049809669,28.816820105858138,69.84126984126983,69.84126984126983,58.21500015258789
2025-10-28,59.217430114746094,58.50139354771188,34.38233335392968,80.55555555555556,80.55555555555556,59.54499816894531
2025-10-29,59.97325134277344,59.953360911227776,38.19529481657015,91.86507936507937,91.86507936507937,60.30500030517578
2025-10-30,57.22842788696289,58.968800673284946,28.281685179358096,68.45238095238095,68.45238095238095,57.54499816894531
2025-10-31,58.03894805908203,59.41632716814125,25.550805980105533,64.68253968253968,64.68253968253968,58.36000061035156
2025-11-03,58.83454513549805,59.66992422641634,26.357091017062718,66.46825396825396,66.46825396825396,59.15999984741211
2025-11-04,55.234466552734375,56.368194624749414,13.010100525254456,49.2063492063492,49.2063492063492,55.540000915527344
2025-11-05,56.30851745605469,55.03556028601881,9.955093654012796,45.03968253968254,45.03968253968254,56.619998931884766
2025-11-06,53.15098571777344,55.87591397879778,-2.926705562724517,29.96031746031746,29.96031746031746,53.44499969482422
2025-11-07,52.59904098510742,52.22113037843629,-11.436963471356142,21.626984126984127,21.626984126984127,52.88999938964844
2025-11-10,56.044979095458984,54.91125107699279,-4.4536668469578045,28.174603174603174,28.174603174603174,56.35499954223633
2025-11-11,55.58253479003906,55.328936545365664,-2.6379156524504936,30.555555555555557,30.555555555555557,55.88999938964844
2025-11-12,55.468170166015625,56.4527218194312,-3.5371418977956854,29.563492063492063,29.563492063492063,55.775001525878906
2025-11-13,52.0421257019043,54.483618361844904,-15.7881671807943,19.642857142857142,19.642857142857142,52.33000183105469
2025-11-14,52.0818977355957,49.71499347568278,-21.103048662774523,17.063492063492063,17.063492063492063,52.369998931884766
2025-11-17,50.744300842285156,51.42056030385881,-27.48832544252686,11.904761904761903,11.904761904761903,51.025001525878906
2025-11-18,48.90945053100586,49.71002235612022,-32.70102407855106,8.531746031746032,8.531746031746032,49.18000030517578
2025-11-19,49.74980163574219,49.05365174990779,-33.14889154555194,8.333333333333332,8.333333333333332,50.025001525878906
2025-11-20,46.19447326660156,52.658715921092075,-38.347876116512715,4.761904761904762,4.761904761904762,46.45000076293945
2025-11-21,47.21879959106445,46.59226432433541,-37.76606113162578,5.357142857142857,5.357142857142857,47.47999954223633
2025-11-24,50.79900360107422,48.432095251508684,-28.822481354082413,11.706349206349206,11.706349206349206,51.08000183105469
2025-11-25,51.723880767822266,50.36141847803763,-21.862533815513185,17.063492063492063,17.063492063492063,52.0099983215332
2025-11-26,53.07640075683594,52.61893221188789,-14.358238205810455,22.22222222222222,22.22222222222222,53.369998931884766
2025-11-28,54.23996353149414,53.5239232069981,-5.9295367399154735,27.976190476190478,27.976190476190478,54.540000915527344
2025-12-01,53.752655029296875,52.817827598719305,-3.1879850087682375,31.944444444444443,31.944444444444443,54.04999923706055
2025-12-02,54.995784759521484,54.329472361746696,2.144191062153179,38.492063492063494,38.492063492063494,55.29999923706055
2025-12-03,55.38364028930664,54.35930767487479,9.531588674003565,47.61904761904761,47.61904761904761,55.689998626708984
2025-12-04,55.204627990722656,55.7317149465912,13.133980958508149,52.38095238095239,52.38095238095239,55.5099983215332
2025-12-05,55.84111022949219,55.552704661361396,18.160489813556357,57.53968253968254,57.53968253968254,56.150001525878906
2025-12-08,55.4930305480957,56.25879505542472,19.254487918341564,59.72222222222222,59.72222222222222,55.79999923706055
2025-12-09,55.701873779296875,55.144956902662884,20.822603387518594,61.70634920634921,61.70634920634921,56.0099983215332
2025-12-10,56.338356018066406,55.34385726253981,24.04072962406526,64.88095238095238,64.88095238095238,56.650001525878906
2025-12-11,55.801326751708984,55.323967795985524,23.217587264941205,63.49206349206349,63.49206349206349,56.11000061035156
2025-12-12,52.52942657470703,54.806829748565676,9.980911115064378,48.214285714285715,48.214285714285715,52.81999969482422
2025-12-15,51.733829498291016,53.76260801831309,0.42045402256689,36.30952380952381,36.30952380952381,52.02000045776367
2025-12-16,52.0421257019043,51.147075235578875,-3.722872625321065,31.746031746031743,31.746031746031743,52.33000183105469
2025-12-17,49.128238677978516,52.360359543800485,-14.962692490586328,22.023809523809522,22.023809523809522,49.400001525878906
2025-12-18,51.22663116455078,51.38575081970205,-13.596990802591721,22.817460317460316,22.817460317460316,51.5099983215332
2025-12-19,53.22557830810547,51.91284014437942,-5.686211515206031,28.57142857142857,28.57142857142857,53.52000045776367
2025-12-22,53.951560974121094,54.50848167894509,0.8523345015283197,37.698412698412696,37.698412698412696,54.25
2025-12-23,54.707374572753906,53.67309875588994,5.8519601233146314,43.25396825396825,43.25396825396825,55.0099983215332
2025-12-24,55.14166259765625,54.65359346961421,10.367599263814125,50.39682539682539,50.39682539682539,55.36000061035156
2025-12-26,55.09185791015625,55.301028755135064,12.13229945737235,52.38095238095239,52.38095238095239,55.310001373291016
2025-12-29,54.27509307861328,54.075881118804844,8.232650249422887,47.61904761904761,47.61904761904761,54.4900016784668
2025-12-30,53.886627197265625,53.986235075424915,3.958570464030383,41.86507936507937,41.86507936507937,54.099998474121094
2025-12-31,52.5120735168457,53.916512324350315,-4.801505920089491,30.555555555555557,30.555555555555557,52.720001220703125
2026-01-02,52.143531799316406,53.95635347511314,-11.116078006854426,24.404761904761905,24.404761904761905,52.349998474121094
2026-01-05,53.38859939575195,53.73722127107424,-8.595082106610462,26.984126984126984,26.984126984126984,53.599998474121094
2026-01-06,54.79303741455078,53.707336251763515,0.8197649524947562,38.2936507936508,38.2936507936508,55.0099983215332
2026-01-07,54.95240783691406,54.673513372088415,6.655885486521443,45.63492063492063,45.63492063492063,55.16999816894531
2026-01-08,53.97627258300781,54.65359095833263,3.504620342606897,42.06349206349206,42.06349206349206,54.189998626708984
2026-01-09,55.540077209472656,54.17548164375882,10.7523979268362,52.182539682539684,52.182539682539684,55.7599983215332
2026-01-12,55.6695671081543,54.384654005259705,17.209767640363005,59.523809523809526,59.523809523809526,55.88999938964844
2026-01-13,55.380714416503906,55.68949315740522,18.419630515857357,60.912698412698404,60.912698412698404,55.599998474121094
2026-01-14,53.617698669433594,54.334856437311004,8.000312757358738,47.42063492063492,47.42063492063492,53.83000183105469
2026-01-15,54.16552734375,55.43051894305887,5.361051646922683,42.857142857142854,42.857142857142854,54.380001068115234
2026-01-16,53.92646789550781,55.101814206758746,2.448449880498245,40.67460317460318,40.67460317460318,54.13999938964844
2026-01-20,50.5299186706543,51.187315455856556,-18.628545770336956,20.03968253968254,20.03968253968254,50.72999954223633
2026-01-21,52.52203369140625,50.86858084349427,-18.852336437219268,19.841269841269842,19.841269841269842,52.72999954223633
2026-01-22,53.68741989135742,54.10576158730231,-12.73699215582733,23.61111111111111,23.61111111111111,53.900001525878906
2026-01-23,54.16552734375,53.37864217730829,-6.279554595471444,28.57142857142857,28.57142857142857,54.380001068115234
2026-01-26,54.86276626586914,54.25517149834525,1.7949431324899991,40.27777777777778,40.27777777777778,55.08000183105469
2026-01-27,56.31700897216797,55.7592162262645,14.357822120629471,57.936507936507944,57.936507936507944,56.540000915527344
2026-01-28,56.834957122802734,57.47243235928801,19.53520216191876,63.69047619047619,63.69047619047619,57.060001373291016
2026-01-29,55.81897735595703,56.725388134807446,16.16761352153559,59.523809523809526,59.523809523809526,56.040000915527344
2026-01-30,53.787025451660156,54.803003055038666,2.5489984140460797,41.86507936507937,41.86507936507937,54.0
2026-02-02,54.88268280029297,52.95033557322943,0.8563570138701901,38.69047619047619,38.69047619047619,55.099998474121094
2026-02-03,52.31285858154297,55.420552059754385,-12.167488383095257,24.00793650793651,24.00793650793651,52.52000045776367
2026-02-04,49.56374740600586,51.93436187033635,-24.269047976883915,15.873015873015872,15.873015873015872,49.7599983215332
2026-02-05,47.45210647583008,48.199148463924764,-33.11605946617184,9.126984126984127,9.126984126984127,47.63999938964844
2026-02-06,50.39047622680664,48.14935009183241,-28.850631791758225,11.706349206349206,11.706349206349206,50.59000015258789
2026-02-09,51.53593826293945,49.86256390653135,-22.774405260413605,17.261904761904763,17.261904761904763,51.7400016784668
2026-02-10,50.81877517700195,51.76502909226341,-21.898165612681204,17.857142857142858,17.857142857142858,51.02000045776367
2026-02-11,51.19728088378906,52.00408382720198,-19.9471242852231,20.238095238095237,20.238095238095237,51.400001525878906
2026-02-12,48.06966018676758,51.59569928723557,-27.971727420732783,12.896825396825399,12.896825396825399,48.2599983215332
2026-02-13,48.27883529663086,47.960097682182614,-31.322434411463583,10.317460317460316,10.317460317460316,48.470001220703125
2026-02-17,48.159305572509766,47.45210673188059,-32.26955833495961,9.523809523809524,9.523809523809524,48.349998474121094
2026-02-18,49.19520568847656,48.338596912584826,-29.792732923159658,11.706349206349206,11.706349206349206,49.38999938964844
2026-02-19,48.63741683959961,48.47804423017802,-29.98145738614284,11.507936507936508,11.507936507936508,48.83000183105469
2026-02-20,49.86256408691406,47.770844234010916,-25.96869540607606,16.071428571428573,16.071428571428573,50.060001373291016
2026-02-23,48.049739837646484,49.33464910235473,-29.327265006331523,12.103174603174603,12.103174603174603,48.2400016784668
2026-02-24,49.58366775512695,48.25891521645331,-25.807287123179673,16.666666666666664,16.666666666666664,49.779998779296875
2026-02-25,51.66542434692383,50.35063071331569,-17.189463391951893,23.61111111111111,23.61111111111111,51.869998931884766
2026-02-26,49.85260009765625,51.426370340170244,-18.314798477061824,23.214285714285715,23.214285714285715,50.04999923706055
2026-02-27,49.3246955871582,48.25891592767352,-20.342732091520947,21.626984126984127,21.626984126984127,49.52000045776367
2026-03-02,49.50398635864258,47.2728191386846,-19.43863999042276,22.42063492063492,22.42063492063492,49.70000076293945
2026-03-03,47.91029357910156,46.62538418663638,-23.965976845738805,18.055555555555554,18.055555555555554,48.099998474121094
2026-03-04,50.061771392822266,48.49796382350492,-18.07915346606213,24.404761904761905,24.404761904761905,50.2599983215332
2026-03-05,49.60358810424805,49.245007335839766,-11.632846984951396,28.373015873015873,28.373015873015873,49.79999923706055
2026-03-06,47.352500915527344,47.47202656597973,-19.409677402338176,22.817460317460316,22.817460317460316,47.540000915527344
2026-03-09,49.19520568847656,46.00782569897442,-13.593922576428263,27.380952380952383,27.380952380952383,49.38999938964844
2026-03-10,49.20516586303711,49.215124750773896,-10.446311225282157,30.357142857142854,30.357142857142854,49.400001525878906
2026-03-11,49.15536117553711,49.48406147332107,-9.121897015196579,31.746031746031743,31.746031746031743,49.349998474121094
2026-03-12,46.64530563354492,47.96009928705341,-20.85023915435108,21.428571428571427,21.428571428571427,46.83000183105469
2026-03-13,45.74885177612305,47.16324945349743,-30.44805531684127,11.30952380952381,11.30952380952381,45.93000030517578
2026-03-16,47.2728157043457,47.183170514528534,-27.933744452351533,14.285714285714285,14.285714285714285,47.459999084472656
2026-03-17,47.97005844116211,47.93021528788914,-22.576914087720784,19.841269841269842,19.841269841269842,48.15999984741211
2026-03-18,45.91817855834961,47.531791960621824,-30.000092055512685,11.706349206349206,11.706349206349206,46.099998474121094
2026-03-19,45.509796142578125,44.69303054682231,-32.12650179405796,9.722222222222223,9.722222222222223,45.689998626708984
2026-03-20,42.91009521484375,45.00181133939148,-36.95513944297188,5.952380952380952,5.952380952380952,43.08000183105469
2026-03-23,44.39421463012695,44.93208577009849,-34.65615393313207,8.333333333333332,8.333333333333332,44.56999969482422
2026-03-24,43.447959899902344,43.6670934269335,-36.656299869636115,6.349206349206349,6.349206349206349,43.619998931884766
2026-03-25,44.288028717041016,44.597317969381855,-34.52597934333838,8.73015873015873,8.73015873015873,44.38999938964844
2026-03-26,41.13528823852539,43.13069394772925,-39.76920185256951,2.579365079365079,2.579365079365079,41.22999954223633
2026-03-27,38.690914154052734,40.466827762254944,-42.355255215293454,0.5952380952380952,0.5952380952380952,38.779998779296875
2026-03-30,37.80295944213867,39.65868730616928,-43.18411272663407,0.1984126984126984,0.1984126984126984,37.88999938964844
2026-03-31,41.58425521850586,39.000204676936896,-35.543444014037966,8.531746031746032,8.531746031746032,41.68000030517578
2026-04-01,43.13069152832031,42.532071371512394,-26.98941654394378,17.658730158730158,17.658730158730158,43.22999954223633
2026-04-02,43.230464935302734,40.78609226976064,-21.840973414763777,22.817460317460316,22.817460317460316,43.33000183105469
2026-04-06,43.998695373535156,43.49984393480603,-16.254114655637657,28.57142857142857,28.57142857142857,44.099998474121094
2026-04-07,44.048580169677734,43.350187448058,-13.164938557470743,31.150793650793652,31.150793650793652,44.150001525878906
2026-04-08,47.88973617553711,48.52826538226145,1.3859211448531992,46.62698412698413,46.62698412698413,48.0
2026-04-09,48.847530364990234,47.90969106107206,12.75290882393417,59.32539682539682,59.32539682539682,48.959999084472656
2026-04-10,49.057044982910156,49.24661095122487,20.393376296878195,67.06349206349206,67.06349206349206,49.16999816894531
2026-04-13,50.54362487792969,48.66794250439771,26.43006325227532,74.60317460317461,74.60317460317461,50.65999984741211
2026-04-14,53.28730773925781,51.27194757573387,32.49380578024637,84.32539682539682,84.32539682539682,53.40999984741211
2026-04-15,55.52216339111328,53.44693970106668,37.52310318455573,92.65873015873017,92.65873015873017,55.650001525878906
2026-04-16,56.30037307739258,56.00106297854268,40.147676188765715,96.03174603174604,96.03174603174604,56.43000030517578
2026-04-17,58.45541000366211,57.64726932682403,41.9679779369861,98.80952380952381,98.80952380952381,58.59000015258789
2026-04-20,57.94658279418945,58.26584739862568,42.28451484143685,99.40476190476191,99.40476190476191,58.08000183105469
2026-04-21,57.26814270019531,58.34565975372361,40.72845978085044,97.02380952380952,97.02380952380952,57.400001525878906
2026-04-22,60.071685791015625,58.79462740118026,42.45994582030407,99.40476190476191,99.40476190476191,60.209999084472656
2026-04-23,59.083961486816406,59.662627136166506,41.062764156074834,97.02380952380952,97.02380952380952,59.220001220703125
2026-04-24,62.416290283203125,60.93969055463169,42.63487098104779,99.8015873015873,99.8015873015873,62.560001373291016
2026-04-27,62.4961051940918,62.26663399795111,43.52016241033323,100.0,100.0,62.63999938964844
2026-04-28,60.60047149658203,60.580516983293705,39.80790752735036,94.24603174603175,94.24603174603175,60.7400016784668
2026-04-29,61.717899322509766,60.8598742568247,39.684127223501484,93.84920634920636,93.84920634920636,61.86000061035156
2026-04-30,63.394039154052734,62.745530787857675,41.423982129300796,97.02380952380952,97.02380952380952,63.540000915527344
2026-05-01,65.1500015258789,63.743236802374845,42.3892463667863,98.80952380952381,98.80952380952381,65.30000305175781
2026-05-04,64.76089477539062,65.28967606087322,42.14837995248054,97.81746031746032,97.81746031746032,64.91000366210938
2026-05-05,67.23519134521484,66.21753783446884,43.10960329654469,99.8015873015873,99.8015873015873,67.38999938964844
2026-05-06,71.40559387207031,69.10090268557101,43.84113940418194,100.0,100.0,71.56999969482422
2026-05-07,71.17611694335938,71.70490584246552,42.6642368156949,99.20634920634922,99.20634920634922,71.33999633789062
2026-05-08,76.10477447509766,72.6527234234227,43.66201566705821,99.8015873015873,99.8015873015873,76.27999877929688
2026-05-11,76.78321075439453,75.82541692767967,43.92051686537534,100.0,100.0,76.95999908447266
2026-05-12,74.78780364990234,75.1270265722086,42.14582302336679,96.62698412698413,96.62698412698413,74.95999908447266
2026-05-13,77.06256866455078,75.63585323529482,42.548642305790615,98.21428571428571,98.21428571428571,77.23999786376953
2026-05-14,78.76863861083984,77.11245580335901,42.86967432995441,99.0079365079365,99.0079365079365,78.94999694824219
2026-05-15,75.16693115234375,75.55604227756676,37.08772073695335,86.70634920634922,86.70634920634922,75.33999633789062
2026-05-18,74.14927673339844,75.95511648595551,31.258228258880138,76.78571428571429,76.78571428571429,74.31999969482422
2026-05-19,72.76246643066406,72.24366431731083,24.389027636307155,66.66666666666666,66.66666666666666,72.93000030517578
2026-05-20,76.33424377441406,73.91979720026487,27.521692391813897,70.83333333333334,70.83333333333334,76.51000213623047
2026-05-21,76.77323150634766,75.00730080546671,30.07270317600197,74.60317460317461,74.60317460317461,76.94999694824219
2026-05-22,77.66118621826172,77.86073135545476,32.650590149085836,79.76190476190477,79.76190476190477,77.83999633789062
2026-05-26,81.7617416381836,80.40486521753448,37.32668234142842,87.6984126984127,87.6984126984127,81.94999694824219
2026-05-27,81.48239135742188,82.6796393654777,38.731105487762456,90.67460317460318,90.67460317460318,81.66999816894531
2026-05-28,83.4877700805664,81.55222422500736,40.763961573151484,94.04761904761905,94.04761904761905,83.68000030517578
2026-05-29,84.36575317382812,84.21610383118697,41.2544570448482,94.44444444444444,94.44444444444444,84.55999755859375
2026-06-01,85.84235382080078,83.95669604998572,41.61891108555566,95.43650793650794,95.43650793650794,86.04000091552734
2026-06-02,87.01964569091797,85.7425872329919,42.64511922915181,98.4126984126984,98.4126984126984,87.22000122070312
2026-06-03,86.36115264892578,87.47858253447208,41.59327872964477,95.03968253968253,95.03968253968253,86.55999755859375
2026-06-04,85.02423858642578,83.27825858883223,38.19934444717242,88.69047619047619,88.69047619047619,85.22000122070312
2026-06-05,72.88219451904297,81.38261925142245,5.309645395863155,45.23809523809524,45.23809523809524,73.05000305175781
2026-06-08,76.09479522705078,76.68344388379349,-6.377156280429504,31.944444444444443,31.944444444444443,76.2699966430664
2026-06-09,73.55065155029297,78.29971900421776,-13.657165707889558,26.38888888888889,26.38888888888889,73.72000122070312
2026-06-10,69.11087036132812,71.5153377892768,-25.325857024982152,17.46031746031746,17.46031746031746,69.2699966430664
2026-06-11,75.83539581298828,70.72715447713439,-19.13589675440725,23.214285714285715,23.214285714285715,76.01000213623047
2026-06-12,77.3419189453125,76.16462931798495,-12.965503669312056,27.976190476190478,27.976190476190478,77.5199966430664
2026-06-15,84.39567565917969,82.68960479550235,3.3807362104839,45.43650793650794,45.43650793650794,84.58999633789062
2026-06-16,79.74639129638672,83.99660768550488,2.872782768666034,45.03968253968254,45.03968253968254,79.93000030517578
2026-06-17,77.36187744140625,81.48238734055283,-2.0972036937624363,39.48412698412698,39.48412698412698,77.54000091552734
2026-06-18,82.67963409423828,81.91139867263759,5.506138401611859,47.22222222222222,47.22222222222222,82.87000274658203
2026-06-22,82.39030456542969,83.75715262132042,8.660635315389472,52.182539682539684,52.182539682539684,82.58000183105469
2026-06-23,74.26900482177734,74.94744308464095,-4.833679673274578,35.317460317460316,35.317460317460316,74.44000244140625
2026-06-24,73.30000305175781,74.79000091552734,-13.639914618351815,26.984126984126984,26.984126984126984,73.30000305175781
2026-06-25,74.94999694824219,77.95999908447266,-14.904702027446918,26.38888888888889,26.38888888888889,74.94999694824219
2026-06-26,71.83000183105469,72.08999633789062,-21.92177370951486,19.841269841269842,19.841269841269842,71.83000183105469
2026-06-29,77.19000244140625,74.12000274658203,-15.380730422724277,26.38888888888889,26.38888888888889,77.19000244140625
2026-06-30,81.0,77.23999786376953,-4.668311812922651,36.507936507936506,36.507936507936506,81.0
2026-07-01,77.45999908447266,78.72000122070312,-5.955467964457062,34.12698412698413,34.12698412698413,77.45999908447266
2026-07-02,73.3499984741211,77.44999694824219,-13.675650876140066,27.380952380952383,27.380952380952383,73.3499984741211
2026-07-06,76.41999816894531,75.54000091552734,-11.348560816258228,30.357142857142854,30.357142857142854,76.41999816894531
2026-07-07,72.2300033569336,73.69999694824219,-17.61109974580325,24.801587301587304,24.801587301587304,72.2300033569336
2026-07-08,72.72000122070312,70.80000305175781,-19.408936470774567,23.41269841269841,23.41269841269841,72.72000122070312
2026-07-09,76.33999633789062,74.8499984741211,-13.079992889029846,29.166666666666668,29.166666666666668,76.33999633789062
2026-07-10,77.02999877929688,75.52999877929688,-9.579610238739301,32.53968253968254,32.53968253968254,77.02999877929688
2026-07-13,72.63999938964844,74.54000091552734,-18.34719844425593,24.404761904761905,24.404761904761905,72.63999938964844
2026-07-14,75.0199966430664,75.19999694824219,-17.481968998438926,25.396825396825395,25.396825396825395,75.0199966430664
2026-07-15,74.44000244140625,76.29000091552734,-18.204877890999455,25.0,25.0,74.44000244140625
2026-07-16,70.73999786376953,72.61000061035156,-27.880491387780964,14.484126984126986,14.484126984126986,70.73999786376953
2026-07-17,67.52999877929688,66.37999725341797,-32.415858192525135,9.920634920634921,9.920634920634921,67.52999877929688
2026-07-20,67.6500015258789,69.47000122070312,-34.39862594790225,8.928571428571429,8.928571428571429,67.6500015258789
2026-07-21,71.37000274658203,70.70999908447266,-28.09308319514837,14.484126984126986,14.484126984126986,71.37000274658203
2026-07-22,70.27999877929688,69.7699966430664,-26.20968958583735,17.261904761904763,17.261904761904763,70.27999877929688
2026-07-23,66.30000305175781,67.11000061035156,-32.80022473370667,9.920634920634921,9.920634920634921,66.30000305175781
2026-07-24,64.0,65.77999877929688,-38.098139314027804,4.9603174603174605,4.9603174603174605,64.0
2026-07-27,63.400001525878906,66.05999755859375,-39.574465115851545,2.976190476190476,2.976190476190476,63.400001525878906
2026-07-28,61.560001373291016,61.77000045776367,-40.35798206883854,1.5873015873015872,1.5873015873015872,61.560001373291016
2026-07-29,57.75,61.5099983215332,-42.96591677343519,0.3968253968253968,0.3968253968253968,57.75
2026-07-30,63.29999923706055,61.130001068115234,-36.76558186039872,6.746031746031746,6.746031746031746,63.29999923706055
2026-07-31,64.62000274658203,65.73999786376953,-31.35974484952816,12.3015873015873,12.3015873015873,64.62000274658203
2026-08-03,67.95999908447266,64.70999908447266,-19.786923158264074,24.00793650793651,24.00793650793651,67.95999908447266
2026-08-04,74.81999969482422,70.30999755859375,0.7278231869865485,45.63492063492063,45.63492063492063,74.81999969482422
2026-08-05,72.83999633789062,75.61000061035156,7.369161997216048,53.57142857142857,53.57142857142857,72.83999633789062
2026-08-06,72.02999877929688,70.8499984741211,9.071493923888687,56.74603174603175,56.74603174603175,72.02999877929688
2026-08-07,74.47000122070312,73.66000366210938,15.372555635787489,63.095238095238095,63.095238095238095,74.47000122070312
2026-08-10,73.80000305175781,74.2699966430664,18.0071569614466,64.48412698412699,64.48412698412699,73.80000305175781
2026-08-11,73.05999755859375,74.54000091552734,17.53600305686616,63.888888888888886,63.888888888888886,73.05999755859375
2026-08-12,74.5999984741211,75.62000274658203,20.900342959845723,67.65873015873017,67.65873015873017,74.5999984741211
2026-08-13,77.1500015258789,75.04000091552734,26.0987068737793,73.21428571428571,73.21428571428571,77.1500015258789
2026-08-14,76.79000091552734,77.56999969482422,28.047381460844466,75.0,75.0,76.79000091552734
2026-08-17,76.4000015258789,77.37999725341797,28.407970257027497,75.39682539682539,75.39682539682539,76.4000015258789
2026-08-18,72.52999877929688,73.36000061035156,18.991448774232474,65.47619047619048,65.47619047619048,72.52999877929688
2026-08-19,72.05999755859375,73.37000274658203,12.627876385119919,58.333333333333336,58.333333333333336,72.05999755859375
2026-08-20,70.4800033569336,70.83000183105469,5.91934752786709,49.801587301587304,49.801587301587304,70.4800033569336
2026-08-21,71.16999816894531,71.69999694824219,3.9679755961210206,48.214285714285715,48.214285714285715,71.16999816894531
2026-08-24,69.01000213623047,70.0,-3.105659627153775,39.285714285714285,39.285714285714285,69.01000213623047
2026-08-25,70.2699966430664,70.41999816894531,-2.4327932496841562,40.476190476190474,40.476190476190474,70.2699966430664
2026-08-26,70.47000122070312,69.55999755859375,-1.4106205916949481,41.66666666666667,41.66666666666667,70.47000122070312
2026-08-27,73.30000305175781,72.08999633789062,5.031325698717215,49.007936507936506,49.007936507936506,73.30000305175781
2026-08-28,71.8499984741211,72.8499984741211,3.235025507846798,47.817460317460316,47.817460317460316,71.8499984741211
2026-08-31,71.91999816894531,71.44000244140625,1.5123062900472333,45.43650793650794,45.43650793650794,71.91999816894531
2026-09-01,69.1500015258789,69.06999969482422,-15.24283229767538,26.190476190476193,26.190476190476193,69.1500015258789
2026-09-02,69.5999984741211,68.97000122070312,-21.92297090674463,18.849206349206348,18.849206349206348,69.5999984741211
2026-09-03,72.02999877929688,70.05999755859375,-15.174248912202604,26.58730158730159,26.58730158730159,72.02999877929688
2026-09-04,72.37000274658203,72.48999786376953,-10.110856760435686,32.142857142857146,32.142857142857146,72.37000274658203
2026-09-08,72.16000366210938,72.94999694824219,-8.116660754089832,33.92857142857143,33.92857142857143,72.16000366210938
2026-09-09,71.55000305175781,71.55000305175781,-10.182081206035923,31.944444444444443,31.944444444444443,71.55000305175781
2026-09-10,69.20999908447266,68.9000015258789,-21.554641019716534,20.238095238095237,20.238095238095237,69.20999908447266
2026-09-11,70.9800033569336,71.19000244140625,-18.967225573400327,23.214285714285715,23.214285714285715,70.9800033569336
2026-09-14,69.2699966430664,67.52999877929688,-23.863972814915456,17.658730158730158,17.658730158730158,69.2699966430664
2026-09-15,67.9000015258789,69.12999725341797,-31.05273034199108,10.515873015873016,10.515873015873016,67.9000015258789
2026-09-16,67.93000030517578,68.8499984741211,-31.7232140898706,9.722222222222223,9.722222222222223,67.93000030517578
2026-09-17,71.37999725341797,71.12999725341797,-14.33654383451534,27.579365079365083,27.579365079365083,71.37999725341797
2026-09-18,72.63999938964844,71.91999816894531,1.5157982181924932,46.42857142857143,46.42857142857143,72.63999938964844
2026-09-21,78.91000342966838,74.83000161063192,18.075354688276672,63.69047619047619,63.69047619047619,78.91
2026-09-22,80.83000698403134,78.7700016647161,27.608782568714187,74.40476190476191,74.40476190476191,80.83
2026-09-23,78.8121124719732,80.68572369287902,28.23929901800877,75.0,75.0,78.66
2026-09-24,78.73195593734945,76.89841533960761,28.365306824835372,75.1984126984127,75.1984126984127,78.58
2026-09-25,79.75392499928465,79.24293664624312,30.529301115863433,78.17460317460318,78.17460317460318,79.6
2026-09-28,77.18897464754887,78.44139181148236,25.84505967737073,71.82539682539682,71.82539682539682,77.04
2026-09-29,77.60978681463051,78.28108241449885,24.3322038688735,69.24603174603175,69.24603174603175,77.46
2026-09-30,78.18088904138419,78.28108241449887,24.865720266651508,69.84126984126983,69.84126984126983,78.03
2026-10-01,78.88224265318694,79.03253271285894,26.762573126991672,73.01587301587301,73.01587301587301,78.73
2026-10-02,81.16665156020164,81.74276345561104,29.955372383312863,77.38095238095238,77.38095238095238,81.01
2026-10-05,83.28073173292137,81.10553360260167,34.044233068576744,82.34126984126983,82.34126984126983,83.12
