date,close,open,without_long,without_long_rank,without_long_partial_rank,raw_close
2014-01-02,15.767027854919434,15.827358408391083,,,,16.987499237060547
2014-01-03,15.864480972290039,15.894645355359373,,,,17.092500686645508
2014-01-06,15.722939491271973,15.964259900808393,,,,16.940000534057617
2014-01-07,16.193979263305664,15.980504108201247,,,,17.447500228881836
2014-01-08,16.60468101501465,16.296071034245667,,,,17.889999389648438
2014-01-09,16.936506271362305,16.648778744155006,,,,18.247499465942383
2014-01-10,17.11284637451172,17.066439363655586,,,,18.4375
2014-01-13,16.746227264404297,17.219586275319635,,,,18.042499542236328
2014-01-14,17.36577033996582,16.975947138362173,,,,18.709999084472656
2014-01-15,17.326322555541992,17.52587590144138,,,,18.667499542236328
2014-01-16,17.44930648803711,17.326326281740002,,,,18.799999237060547
2014-01-17,17.414501190185547,17.289200108190027,,,,18.762500762939453
2014-01-21,17.611736297607422,17.82753234243182,,,,18.975000381469727
2014-01-22,17.73471450805664,17.750957143126662,,,,19.107500076293945
2014-01-23,17.277597427368164,17.68134417709059,,,,18.614999771118164
2014-01-24,16.147573471069336,16.985233381313037,,,,17.397499084472656
2014-01-27,15.725252151489258,16.154524896075614,,,,16.9424991607666
2014-01-28,16.35872459411621,15.952656962347369,,,,17.625
2014-01-29,15.941055297851562,16.207900111985406,,,,17.174999237060547
2014-01-30,16.746227264404297,16.416732839359007,,,,18.042499542236328
2014-01-31,16.305356979370117,16.312319626712586,,,,17.5674991607666
2014-02-03,15.39112377166748,16.377288014451533,,,,16.582500457763672
2014-02-04,15.834320068359375,15.71133984312578,,,,17.059999465942383
2014-02-05,15.565157890319824,15.720623409121153,,,,16.770000457763672
2014-02-06,15.799513816833496,15.718300628036927,,,,17.022499084472656
2014-02-07,16.64413833618164,15.936419524757298,,,,17.9325008392334
2014-02-10,17.080366134643555,16.723026380985214,,,,18.40250015258789
2014-02-11,17.727758407592773,17.173186013250216,,,,19.100000381469727
2014-02-12,17.699909210205078,17.836812944102913,,,,19.06999969482422
2014-02-13,18.087411880493164,17.296161012381976,,,,19.487499237060547
2014-02-14,18.303207397460938,18.189508958855857,,,,19.719999313354492
2014-02-18,18.77656364440918,18.70463224277476,,,,20.229999542236328
2014-02-19,18.46331787109375,18.776569737988133,,,,19.892499923706055
2014-02-20,18.987722396850586,18.5166842393932,,,,20.457500457763672
2014-02-21,18.860097885131836,19.157107021856103,,,,20.31999969482422
2014-02-24,19.23136329650879,19.09678222059623,,,,20.719999313354492
2014-02-25,19.080537796020508,19.34274081709606,,,,20.5575008392334
2014-02-26,19.157106399536133,19.19423342557764,,,,20.639999389648438
2014-02-27,19.4285945892334,19.034127869843143,,,,20.9325008392334
2014-02-28,19.442516326904297,19.491244225029167,,,,20.947500228881836
2014-03-03,19.006284713745117,18.70927378527093,,,,20.477500915527344
2014-03-04,20.117746353149414,19.929795649527275,,,,21.674999237060547
2014-03-05,19.976207733154297,20.27553782213923,,,,21.522499084472656
2014-03-06,19.611906051635742,20.33122728774979,,,,21.1299991607666
2014-03-07,19.414670944213867,19.89731169952677,,,,20.917499542236328
2014-03-10,19.695444107055664,19.27545462893684,,,,21.219999313354492
2014-03-11,19.55157470703125,19.723282790934945,,,,21.065000534057617
2014-03-12,19.56317710876465,19.143187738220636,,,,21.077499389648438
2014-03-13,18.758005142211914,19.806820916909096,,,,20.209999084472656
2014-03-14,18.472597122192383,18.58165557126189,,,,19.90250015258789
2014-03-17,18.913476943969727,18.734806134593377,,,,20.377500534057617
2014-03-18,19.62350845336914,19.205838177506276,,,,21.142499923706055
2014-03-19,19.46108627319336,19.716328487384466,,,,20.967500686645508
2014-03-20,19.410032272338867,19.46108105555354,,,,20.912500381469727
2014-03-21,18.351940155029297,19.655998302101963,,,,19.772499084472656
2014-03-24,17.743993759155273,18.70231263348709,,,,19.11750030517578
2014-03-25,18.17326545715332,17.788082251357906,,,,19.579999923706055
2014-03-26,18.17326545715332,18.498119893687473,,,,19.579999923706055
2014-03-27,18.08972930908203,18.215030367358874,,,,19.489999771118164
2014-03-28,17.88785171508789,18.210386941715615,,,,19.272499084472656
2014-03-31,18.602537155151367,18.215033055159086,,,,20.042499542236328
2014-04-01,18.97148323059082,18.966841465551475,,,,20.440000534057617
2014-04-02,19.224395751953125,19.11997910042016,,,,20.712499618530273
2014-04-03,19.05036735534668,19.368260852122425,,,,20.524999618530273
2014-04-04,18.23824119567871,19.461086117934602,,,,19.649999618530273
2014-04-07,17.56068229675293,17.804323548446728,,,,18.920000076293945
2014-04-08,17.173181533813477,17.725432901239337,,,,18.502500534057617
2014-04-09,18.254480361938477,17.207987314097203,,,,19.667499542236328
2014-04-10,16.49795150756836,18.31945498070379,,,,17.774999618530273
2014-04-11,16.22646713256836,15.931778748509194,,,,17.482500076293945
2014-04-14,16.138290405273438,16.231104458164246,,,,17.387500762939453
2014-04-15,16.732303619384766,16.189332373790858,,,,18.02750015258789
2014-04-16,16.975948333740234,17.22886961025434,,,,18.290000915527344
2014-04-17,16.975948333740234,17.054840624292176,,,,18.290000915527344
2014-04-21,17.586210250854492,16.86920987101259,,,,18.947500228881836
2014-04-22,18.14773941040039,17.913379919455235,,,,19.552499771118164
2014-04-23,17.871618270874023,18.331055634058483,,,,19.2549991607666
2014-04-24,17.77183723449707,18.20807097747839,,,,19.147499084472656
2014-04-25,17.37737464904785,17.491073093771476,,,,18.72249984741211
2014-04-28,17.739355087280273,17.51891906544354,,,,19.112499237060547
2014-04-29,17.994600296020508,17.897142705231087,,,,19.387500762939453
2014-04-30,18.087411880493164,17.922664653060213,,,,19.487499237060547
2014-05-01,18.13846206665039,18.159346467119757,,,,19.542499542236328
2014-05-02,17.727758407592773,18.131505281186556,,,,19.100000381469727
2014-05-05,18.07813262939453,17.44002632219366,,,,19.477500915527344
2014-05-06,17.549081802368164,18.020121731221884,,,,18.907499313354492
2014-05-07,17.71150779724121,17.567643219526357,,,,19.082500457763672
2014-05-08,17.421464920043945,17.7161532714846,,,,18.770000457763672
2014-05-09,17.743993759155273,17.347207926819895,,,,19.11750030517578
2014-05-12,18.27536392211914,17.866975416901937,,,,19.690000534057617
2014-05-13,18.398345947265625,18.41458858299155,,,,19.822500228881836
2014-05-14,18.440113067626953,18.252162314694544,,,,19.86750030517578
2014-05-15,17.850738525390625,18.215039239365336,,,,19.232500076293945
2014-05-16,18.038686752319336,17.86001774503492,,,,19.434999465942383
2014-05-19,18.370498657226562,18.03636422028968,,,,19.792499542236328
2014-05-20,18.038686752319336,18.500445006924473,,,,19.434999465942383
2014-05-21,18.454036712646484,18.189512747955526,,,,19.88249969482422
2014-05-22,18.80905532836914,18.479560818989604,,,,20.264999389648438
2014-05-23,18.843852996826172,18.813688618535128,,,,20.302499771118164
2014-05-27,19.143186569213867,19.050370765118473,,,,20.625
2014-05-28,18.992361068725586,19.18959354556525,,,,20.462499618530273
2014-05-29,19.410032272338867,19.143187486644,,,,20.912500381469727
2014-05-30,19.56317710876465,19.46108131130788,,,,21.077499389648438
2014-06-02,19.658313751220703,19.688478136934414,,,,21.18000030517578
2014-06-03,19.767375946044922,19.40075440249726,,,,21.297500610351562
2014-06-04,19.92051887512207,19.811460420203527,,,,21.462499618530273
2014-06-05,19.990131378173828,19.955325224301095,,,,21.537500381469727
2014-06-06,19.918193817138672,20.036534006210992,,,,21.459999084472656
2014-06-09,19.658313751220703,19.997089951238564,,,,21.18000030517578
2014-06-10,19.776655197143555,19.4935677569038,,,,21.3075008392334
2014-06-11,19.730247497558594,19.6188699291936,,,,21.25749969482422
2014-06-12,19.433244705200195,19.651361689884773,,,,20.9375
2014-06-13,19.44716453552246,19.463407175092176,,,,20.952499389648438
2014-06-16,19.49820899963379,19.530694271546693,,,,21.00749969482422
2014-06-17,19.470361709594727,19.59798189008186,,,,20.977500915527344
2014-06-18,19.95532989501953,19.58638918043255,,,,21.5
2014-06-19,20.127031326293945,20.0597399076264,,,,21.684999465942383
2014-06-20,20.64912223815918,20.196647507123327,,,,22.247499465942383
2014-06-23,20.44260025024414,20.55629866824646,,,,22.024999618530273
2014-06-24,20.45884895324707,20.523819497102043,,,,22.042499542236328
2014-06-25,21.115520477294922,20.57719079527977,,,,22.75
2014-06-26,21.17816925048828,21.231538925085395,,,,22.8174991607666
2014-06-27,21.085351943969727,21.115516329985116,,,,22.717500686645508
2014-06-30,20.790668487548828,21.08535864665784,,,,22.399999618530273
2014-07-01,21.63296890258789,21.073754782666295,,,,23.3075008392334
2014-07-02,22.048311233520508,21.751302051648228,,,,23.7549991607666
2014-07-03,22.336040496826172,22.396369269990142,,,,24.065000534057617
2014-07-07,21.82323455810547,22.17361162599346,,,,23.512500762939453
2014-07-08,21.231538772583008,21.72346140112988,,,,22.875
2014-07-09,21.45197296142578,21.407886820759185,,,,23.112499237060547
2014-07-10,21.43573760986328,20.8092337361818,,,,23.094999313354492
2014-07-11,21.542463302612305,21.59583296085945,,,,23.209999084472656
2014-07-14,21.769866943359375,21.89284714953041,,,,23.454999923706055
2014-07-15,21.196727752685547,21.92300977210286,,,,22.837499618530273
2014-07-16,21.022705078125,21.59352004629631,,,,22.649999618530273
2014-07-17,20.331228256225586,20.72337239224238,,,,21.905000686645508
2014-07-18,21.291868209838867,20.377635311235412,,,,22.940000534057617
2014-07-21,21.059823989868164,21.13175538990795,,,,22.690000534057617
2014-07-22,21.574953079223633,21.354515313601297,,,,23.2450008392334
2014-07-23,22.12952423095703,21.813951560367276,,,,23.842500686645508
2014-07-24,21.97637939453125,22.380126132674153,,,,23.677499771118164
2014-07-25,21.72810173034668,21.8116357962981,,,,23.40999984741211
2014-07-28,21.800029754638672,21.82091415302703,,,,23.487499237060547
2014-07-29,21.827878952026367,21.927655657045616,,,,23.517499923706055
2014-07-30,22.136489868164062,22.050634921414566,,,,23.850000381469727
2014-07-31,20.7628173828125,21.802349453409658,,,,22.3700008392334
2014-08-01,20.753536224365234,20.85331290891754,,,,22.360000610351562
2014-08-04,21.045902252197266,20.97629172796795,,,,22.674999237060547
2014-08-05,20.5029354095459,20.941488319713073,,,,22.09000015258789
2014-08-06,20.403156280517578,20.004049563960212,,,,21.982500076293945
2014-08-07,19.646711349487305,20.500613620957193,,,,21.167499542236328
2014-08-08,20.32194709777832,19.530694385106592,,,,21.895000457763672
2014-08-11,20.284820556640625,20.58182977758087,,,,21.854999542236328
2014-08-12,20.24073028564453,20.250010272881703,,,,21.8075008392334
2014-08-13,20.93453025817871,20.593433111005236,,,,22.55500030517578
2014-08-14,21.67937469482422,21.083035337362055,,,,23.357500076293945
2014-08-15,21.781471252441406,22.043674320199997,,,,23.467500686645508
2014-08-18,22.268753051757812,22.043675242348744,,,,23.99250030517578
2014-08-19,22.711938858032227,22.41957147957161,,,,24.469999313354492
2014-08-20,22.642332077026367,22.577361537745396,,,,24.395000457763672
2014-08-21,22.79315948486328,22.832605634150536,,,,24.5575008392334
2014-08-22,22.841882705688477,22.78619216132022,,,,24.610000610351562
2014-08-25,23.33844757080078,23.278117026813483,,,,25.145000457763672
2014-08-26,23.635459899902344,23.549604951666613,,,,25.46500015258789
2014-08-27,23.619213104248047,23.73755330496428,,,,25.447500228881836
2014-08-28,23.519437789916992,23.526398666191636,,,,25.34000015258789
2014-08-29,23.795560836791992,23.66329889616292,,,,25.637500762939453
2014-09-02,23.81180763244629,24.009040136947643,,,,25.655000686645508
2014-09-03,24.087932586669922,24.27588510398023,,,,25.952499389648438
2014-09-04,23.74915885925293,24.294449410429785,,,,25.587499618530273
2014-09-05,24.132022857666016,23.72595516534952,,,,26.0
2014-09-08,24.20395278930664,23.899982702024264,,,,26.077499389648438
2014-09-09,23.969589233398438,24.55664663619794,,,,25.825000762939453
2014-09-10,24.480077743530273,24.039203951432246,,,,26.375
2014-09-11,24.25732421875,24.364061800868427,,,,26.135000228881836
2014-09-12,23.7305965423584,24.248043610790308,,,,25.5674991607666
2014-09-15,23.51711654663086,23.633135870265264,,,,25.337499618530273
2014-09-16,24.442951202392578,23.363972866959433,,,,26.334999084472656
2014-09-17,24.51024055480957,24.491678809314333,,,,26.407499313354492
2014-09-18,25.0903377532959,24.8165320845834,,,,27.032499313354492
2014-09-19,25.15762710571289,25.42215099456987,,,,27.104999542236328
2014-09-22,24.728363037109375,24.946479971457006,,,,26.642499923706055
2014-09-23,24.303730010986328,24.215555952934515,,,,26.184999465942383
2014-09-24,25.633302688598633,24.496313271566656,,,,27.61750030517578
2014-09-25,24.39887046813965,25.528897841610362,,,,26.287500381469727
2014-09-26,24.535768508911133,24.596099058894612,,,,26.434999465942383
2014-09-29,24.419748306274414,24.145942614155146,,,,26.309999465942383
2014-09-30,23.9742374420166,24.480081858337975,,,,25.829999923706055
2014-10-01,23.257238388061523,23.957994444197904,,,,25.0575008392334
2014-10-02,23.10176658630371,23.257233821581693,,,,24.889999389648438
2014-10-03,24.459192276000977,23.712027621319855,,,,26.352500915527344
2014-10-06,24.18770980834961,25.060175679547857,,,,26.059999465942383
2014-10-07,23.013586044311523,23.767711416502202,,,,24.795000076293945
2014-10-08,24.735322952270508,23.282760318705794,,,,26.649999618530273
2014-10-09,23.326847076416016,24.82581666347538,,,,25.13249969482422
2014-10-10,22.79084014892578,22.981111801691423,,,,24.55500030517578
2014-10-13,21.182811737060547,22.855810441180243,,,,22.822500228881836
2014-10-14,20.681602478027344,21.486776808290205,,,,22.282499313354492
2014-10-15,20.14790916442871,19.405384689058703,,,,21.707500457763672
2014-10-16,19.84162712097168,19.212802539180466,,,,21.377500534057617
2014-10-17,20.897397994995117,20.857951853631864,,,,22.514999389648438
2014-10-20,21.60512351989746,21.025026769326303,,,,23.27750015258789
2014-10-21,23.37325096130371,22.201455222691138,,,,25.1825008392334
2014-10-22,22.90221405029297,23.59601088852291,,,,24.674999237060547
2014-10-23,24.087932586669922,23.753798122045602,,,,25.952499389648438
2014-10-24,25.09265899658203,24.203950558951508,,,,27.03499984741211
2014-10-27,25.104257583618164,25.17618898564808,,,,27.047500610351562
2014-10-28,25.73308563232422,25.756289142353562,,,,27.725000381469727
2014-10-29,25.747011184692383,25.73308943068271,,,,27.739999771118164
2014-10-30,27.24597930908203,25.447679675815376,,,,29.354999542236328
2014-10-31,27.549949645996094,28.062754849175292,,,,29.6825008392334
2014-11-03,27.582439422607422,27.826078982312765,,,,29.717500686645508
2014-11-04,27.64972496032715,27.656685836218493,,,,29.790000915527344
2014-11-05,27.533706665039062,28.47578300406745,,,,29.665000915527344
2014-11-06,28.01866912841797,27.84464012762034,,,,30.1875
2014-11-07,27.24829864501953,28.25766641492668,,,,29.357500076293945
2014-11-10,28.0302734375,27.271505957505806,,,,30.200000762939453
2014-11-11,28.389928817749023,28.308715643326956,,,,30.587499618530273
2014-11-12,28.236785888671875,28.181095334093722,,,,30.422500610351562
2014-11-13,28.125402450561523,28.30871318278943,,,,30.302499771118164
2014-11-14,27.42696762084961,28.401531009448544,,,,29.549999237060547
2014-11-17,27.833032608032227,27.148519366323274,,,,29.987499237060547
2014-11-18,29.19510269165039,28.12308349796637,,,,31.454999923706055
2014-11-19,28.724061965942383,29.348246441619185,,,,30.947500228881836
2014-11-20,28.34815788269043,28.51754685483914,,,,30.542499542236328
2014-11-21,28.71246337890625,29.24615300663417,,,,30.934999465942383
2014-11-24,29.181177139282227,29.211341522354523,,,,31.440000534057617
2014-11-25,29.28095817565918,29.40625926066166,,,,31.547500610351562
2014-11-26,29.842493057250977,29.410900995689076,,,,32.15250015258789
2014-11-28,30.40866470336914,29.932984779751234,,,,32.76250076293945
2014-12-01,30.1951847076416,30.132533293110782,,,,32.532501220703125
2014-12-02,31.160478591918945,30.74513083511792,,,,33.5724983215332
2014-12-03,31.32986831665039,31.487652943478896,,,,33.755001068115234
2014-12-04,31.202228546142578,31.408742743433017,,,,33.61750030517578
2014-12-05,31.91923713684082,31.21616028835862,,,,34.38999938964844
2014-12-08,32.269615173339844,32.016690366358795,,,,34.76750183105469
2014-12-09,31.882110595703125,31.169753747771235,,,,34.349998474121094
2014-12-10,30.364580154418945,31.95172378951826,,,,32.71500015258789
2014-12-11,30.673185348510742,30.673185348510742,,,,33.04750061035156
2014-12-12,29.20438575744629,29.944589646006904,,,,31.46500015258789
2014-12-15,28.50594711303711,29.673101211223628,,,,30.712499618530273
2014-12-16,27.443206787109375,27.867837886254392,,,,29.5674991607666
2014-12-17,28.94914436340332,27.730941371214275,,,,31.190000534057617
2014-12-18,31.443557739257812,30.274084443397008,,,,33.877498626708984
2014-12-19,31.69183921813965,31.74520711622361,,,,34.14500045776367
2014-12-22,30.649986267089844,31.694160254717854,,,,33.022499084472656
2014-12-23,28.598766326904297,30.97716271514583,,,,30.8125
2014-12-24,29.202064514160156,28.450259764134714,,,,31.462499618530273
2014-12-26,29.765918731689453,29.54548271496185,,,,32.06999969482422
2014-12-29,30.035083770751953,29.64061699898954,,,,32.36000061035156
2014-12-30,29.712547302246094,29.70326377428706,,,,32.01250076293945
2014-12-31,28.858646392822266,30.011876950502778,-12.77528002769496,,,31.092500686645508
2015-01-02,29.178857803344727,29.41553642766221,-17.252695195155816,,,31.4375
2015-01-05,28.652128219604492,28.656768212846508,-23.06901705625636,,,30.8700008392334
2015-01-06,28.43633460998535,29.018750292467768,-27.521986145302662,,,30.637500762939453
2015-01-07,30.35762596130371,29.192790603246397,-16.260686409647004,,,32.70750045776367
2015-01-08,31.96099853515625,31.32521148665288,3.605058177754322,,,34.435001373291016
2015-01-09,31.15118408203125,32.132706432681346,7.535764112702599,,,33.5625
2015-01-12,31.067644119262695,31.796245090335983,8.789798792368995,,,33.47249984741211
2015-01-13,30.64069938659668,31.629182597924977,4.842393880565941,,,33.01250076293945
2015-01-14,30.568782806396484,29.673111418878424,2.3605702727234488,,,32.935001373291016
2015-01-15,29.603492736816406,30.835617457793482,-6.7577008381302,,,31.895000457763672
2015-01-16,31.16742515563965,29.399288689527165,0.7636432281449471,,,33.58000183105469
2015-01-20,31.22776222229004,31.3182571549775,4.52078723813337,,,33.64500045776367
2015-01-21,31.32522201538086,31.000369277399,7.579213308417499,,,33.75
2015-01-22,32.49469757080078,31.905320838283306,18.23463849076072,,,35.0099983215332
2015-01-23,32.01205062866211,32.29977626094761,19.674790767579186,,,34.4900016784668
2015-01-26,32.44828796386719,32.01901853285863,23.663417067025,,,34.959999084472656
2015-01-27,31.777690887451172,31.510847868982562,19.48422769849692,,,34.23749923706055
2015-01-28,30.380817413330078,32.09790547244305,5.248580198588845,,,32.73249816894531
2015-01-29,31.153507232666016,30.57109150778913,3.68438193751206,,,33.564998626708984
2015-01-30,29.74503517150879,30.761365593611625,-8.113113981665723,,,32.04750061035156
2015-02-02,30.19285774230957,30.025789687846455,-10.94759258445566,,,32.529998779296875
2015-02-03,30.78224754333496,30.763684026830635,-7.501300915165507,,,33.165000915527344
2015-02-04,29.6429386138916,29.74039442555495,-14.666305554843026,,,31.9375
2015-02-05,31.12335205078125,30.16038931871852,-8.22544789046015,,,33.532501220703125
2015-02-06,30.294965744018555,31.360022303621825,-12.446066209130894,,,32.63999938964844
2015-02-09,29.27167510986328,29.76359766935082,-23.249875045578904,,,31.537500381469727
2015-02-10,30.629104614257812,30.000278257103425,-17.122444103484995,,,33.0
2015-02-11,30.75208854675293,30.633750084691265,-12.542499710726949,,,33.13249969482422
2015-02-12,31.07694435119629,31.181364608644703,-7.065172874485672,,,33.48249816894531
2015-02-13,31.503877639770508,31.151178022000437,-0.2567524912080808,,,33.942501068115234
2015-02-17,32.12110900878906,31.427315702893896,9.713878382746021,,,34.60749816894531
2015-02-18,32.28354263305664,32.14895977398267,16.60631085072089,,,34.782501220703125
2015-02-19,32.37635803222656,32.13503935325053,20.650924298601232,,,34.88249969482422
2015-02-20,33.415889739990234,32.27658248793563,26.358166329407712,,,36.002498626708984
2015-02-23,33.83355712890625,33.39732330632698,28.97592316000991,,,36.45249938964844
2015-02-24,33.74073791503906,33.93796862544289,29.572998358503867,,,36.352500915527344
2015-02-25,33.73609161376953,33.82426741399004,29.867722587495816,,,36.34749984741211
2015-02-26,34.00294876098633,33.81267887247351,31.962777511111405,,,36.6349983215332
2015-02-27,33.52958297729492,33.95189499526501,28.525418723758182,,,36.125
2015-03-02,34.33707809448242,33.78946674429783,31.840581462353096,,,36.994998931884766
2015-03-03,33.51799392700195,34.295325090762994,26.322654790769068,,,36.11249923706055
2015-03-04,33.912452697753906,33.18385136200667,25.93316727039461,,,36.537498474121094
2015-03-05,34.26979064941406,34.146810441473754,27.183338714977083,,,36.92250061035156
2015-03-06,32.309051513671875,34.0261355022538,10.690430884900817,,,34.810001373291016
2015-03-09,32.8543586730957,32.31603073038945,5.7594614670919,,,35.397499084472656
2015-03-10,31.8055419921875,32.02365536645859,-4.5150698480793245,,,34.26750183105469
2015-03-11,31.733612060546875,31.965650765834777,-12.669932368723108,,,34.189998626708984
2015-03-12,32.96804428100586,32.139664790355866,-7.255677891489261,,,35.52000045776367
2015-03-13,32.789371490478516,32.826498513388316,-6.588990141758439,,,35.32749938964844
2015-03-16,34.91252899169922,33.309141430744745,11.944915950702056,,,37.6150016784668
2015-03-17,34.62712860107422,34.72226530241604,18.336793498230154,,,37.307498931884766
2015-03-18,35.97526168823242,34.42060383244593,24.7541828937639,,,38.7599983215332
2015-03-19,36.59016799926758,35.986866213143834,30.692338526755396,,,39.42250061035156
2015-03-20,37.39999008178711,38.239972451247986,32.94133935592903,,,40.29499816894531
2015-03-23,37.08906173706055,37.12386966341522,31.78427061800794,,,39.959999084472656
2015-03-24,36.1144905090332,37.20971307364499,23.619122413215425,,,38.90999984741211
2015-03-25,34.15144729614258,36.43471033568977,4.415661356110726,,,36.79499816894531
2015-03-26,33.905487060546875,33.47157590965861,-7.559950299337366,,,36.529998779296875
2015-03-27,34.62945556640625,34.067922358300635,-8.75775124496641,,,37.310001373291016
2015-03-30,35.68522644042969,36.00776005859154,-2.176256566563973,,,38.4474983215332
2015-03-31,34.12593078613281,35.395179123938924,-10.08473916879334,,,36.76750183105469
2015-04-01,32.84275436401367,33.87764847107552,-21.828355758338542,,,35.3849983215332
2015-04-02,33.067832946777344,33.05159207935441,-26.458587819390857,,,35.627498626708984
2015-04-06,33.25810241699219,32.55038377768689,-27.567465530970388,,,35.83250045776367
2015-04-07,33.46693420410156,33.37180104647265,-27.173049255666104,,,36.057498931884766
2015-04-08,34.31155776977539,33.81731779921352,-21.387841098929673,,,36.967498779296875
2015-04-09,35.10049057006836,34.4925468475984,-12.616922660890987,,,37.817501068115234
2015-04-10,36.026329040527344,35.14458477012257,-2.4120043188617704,,,38.814998626708984
2015-04-13,35.385894775390625,36.07969162626894,-2.30951891479946,,,38.125
2015-04-14,35.59471893310547,35.29539070447154,-0.537549111256738,,,38.349998474121094
2015-04-15,35.833736419677734,35.93351490647798,2.14534058750755,,,38.60749816894531
2015-04-16,35.75484085083008,35.938153398469694,2.7337493738975294,,,38.522499084472656
2015-04-17,34.87309265136719,35.397502349087944,-5.037698433609247,,,37.5724983215332
2015-04-20,35.47871017456055,35.48799370383753,-4.369220229212953,,,38.224998474121094
2015-04-21,36.186424255371094,35.96598826125044,3.903480662488005,,,38.98749923706055
2015-04-22,36.36742401123047,36.49736511512762,10.269510329838347,,,39.182498931884766
2015-04-23,36.747962951660156,36.242120351707925,18.709213181128817,,,39.592498779296875
2015-04-24,36.3813362121582,36.59249222085244,19.24373869312949,,,39.1974983215332
2015-04-27,34.49021911621094,36.662100664276764,1.6299883844923948,,,37.15999984741211
2015-04-28,34.91020202636719,34.768658357536765,-4.177295078785653,,,37.61249923706055
2015-04-29,33.965824127197266,34.341725667037764,-14.837856008123207,,,36.595001220703125
2015-04-30,32.5875129699707,33.73610373433969,-27.55032556469446,,,35.11000061035156
2015-05-01,33.840511322021484,33.251134788041796,-26.43235626021309,,,36.459999084472656
2015-05-04,34.43685531616211,34.13056261271411,-21.468461264544533,,,37.102500915527344
2015-05-05,33.21632766723633,34.255863253820436,-27.535882912250205,,,35.787498474121094
2015-05-06,32.82883071899414,33.594559053952196,-32.59256590248698,,,35.369998931884766
2015-05-07,33.30450439453125,32.50397182641961,-32.222489513686064,,,35.88249969482422
2015-05-08,34.83595275878906,34.34170945591589,-20.652389360905552,,,37.532501220703125
2015-05-11,34.87309265136719,35.03784167673073,-14.010092196022846,,,37.5724983215332
2015-05-12,34.30923080444336,34.111996559412106,-14.839834103339536,,,36.96500015258789
2015-05-13,34.41596603393555,34.66192637759217,-14.499073488705202,,,37.08000183105469
2015-05-14,35.75251770019531,34.75939250357564,-3.2579914283966396,,,38.52000045776367
2015-05-15,35.96135711669922,35.965998882124815,4.707627188522742,,,38.744998931884766
2015-05-18,36.573936462402344,35.93583007750601,14.199279002370794,,,39.404998779296875
2015-05-19,37.10066604614258,36.77813240828813,21.512954896025317,,,39.97249984741211
2015-05-20,37.28396987915039,37.51600853722017,25.101091798149195,,,40.16999816894531
2015-05-21,37.30252456665039,37.580973722924526,27.04540480722164,,,40.189998626708984
2015-05-22,36.97767639160156,37.55313120532059,24.71075494352179,,,39.84000015258789
2015-05-26,35.96599197387695,36.84773958200746,14.002305096984644,,,38.75
2015-05-27,37.08906173706055,36.33725868035764,17.27623321128206,,,39.959999084472656
2015-05-28,37.30252456665039,36.97767193850136,20.780011117616816,,,40.189998626708984
2015-05-29,36.968387603759766,36.940540567031064,18.972878101123626,,,39.83000183105469
2015-06-01,37.348934173583984,37.47887522155167,20.85485524754652,,,40.2400016784668
2015-06-02,36.6899528503418,37.14475019500933,15.189832557177615,,,39.529998779296875
2015-06-03,36.85701370239258,37.11689936548701,13.778199410836317,,,39.709999084472656
2015-06-04,36.17945861816406,36.513594773568975,7.031204806221865,,,38.97999954223633
2015-06-05,36.03095626831055,36.19802435628211,1.5873147805819614,,,38.81999969482422
2015-06-08,35.53904724121094,35.817492966029356,-8.718277180323321,,,38.290000915527344
2015-06-09,35.520477294921875,35.5668843172247,-14.292707920853024,,,38.27000045776367
2015-06-10,36.764198303222656,35.78963683958465,-4.344932466819313,,,39.61000061035156
2015-06-11,37.423194885253906,37.0983421767789,8.069143332707956,,,40.31999969482422
2015-06-12,36.17945861816406,37.070486005491766,-1.808783581424188,,,38.97999954223633
2015-06-15,36.23515701293945,35.2884388809315,-7.883747262333092,,,39.040000915527344
2015-06-16,36.71779251098633,36.10521069568534,-4.826145559641055,,,39.560001373291016
2015-06-17,36.81060791015625,36.75491736464984,-2.165498407940967,,,39.65999984741211
2015-06-18,38.38847732543945,37.12618642063714,13.082301463448953,,,41.36000061035156
2015-06-19,38.30494689941406,38.407044488260276,19.749660543840562,,,41.27000045776367
2015-06-22,39.24238204956055,39.428013709354175,26.031447618948317,,,42.279998779296875
2015-06-23,39.45585250854492,39.4465725199464,30.96318288810777,,,42.5099983215332
2015-06-24,38.3234977722168,38.99176656304385,22.300132615385955,,,41.290000915527344
2015-06-25,38.88039779663086,38.722613205329914,22.683128363856948,,,41.88999938964844
2015-06-26,38.75044631958008,39.07529894433132,21.289439087954737,,,41.75
2015-06-29,35.82676315307617,37.59025816211832,-6.610481615529946,,,38.599998474121094
2015-06-30,36.49504089355469,37.07049579052085,-15.326057026974627,,,39.31999969482422
2015-07-01,37.43247985839844,37.729489072069676,-12.300488538012013,,,40.33000183105469
2015-07-02,36.968387603759766,37.76659733055298,-14.561442225946669,,17.46031746031746,39.83000183105469
2015-07-06,36.90342712402344,35.873178442293906,-16.32404644935394,,13.385826771653544,39.7599983215332
2015-07-07,37.348934173583984,37.16330258764671,-13.101222521996943,,21.09375,40.2400016784668
2015-07-08,35.55759811401367,36.33724799056664,-25.886289918883403,,6.976744186046512,38.310001373291016
2015-07-09,35.96599197387695,36.569293900658074,-29.020106667918444,,1.5384615384615385,38.75
2015-07-10,37.4603157043457,37.21899355469986,-18.381186797676456,,12.977099236641221,40.36000061035156
2015-07-13,38.36989974975586,38.2770857339602,-4.948360541720036,,39.39393939393939,41.34000015258789
2015-07-14,39.52082443237305,38.462725217862676,12.051782443676982,,67.66917293233082,42.58000183105469
2015-07-15,39.6414794921875,39.94777218941433,18.59803527399679,,74.6268656716418,42.709999084472656
2015-07-16,40.23549270629883,40.47681483834385,26.131219497054875,,89.62962962962962,43.349998474121094
2015-07-17,39.93849182128906,40.114843463571226,27.385329071747122,,92.64705882352942,43.029998779296875
2015-07-20,40.34688949584961,40.087003749330414,30.352407238795344,,95.62043795620438,43.470001220703125
2015-07-21,39.91065979003906,40.458271310178745,27.664968773482318,,92.02898550724638,43.0
2015-07-22,40.05914306640625,39.34446376594738,27.44797210666818,,91.36690647482014,43.15999984741211
2015-07-23,39.66933059692383,40.541794677859045,23.123412124853132,,81.42857142857143,42.7400016784668
2015-07-24,36.71779251098633,38.518410927930866,-4.011260913180107,,41.13475177304964,39.560001373291016
2015-07-27,36.58784103393555,36.58784103393555,-19.13477150279554,,11.971830985915492,39.41999816894531
2015-07-28,38.611228942871094,37.57169680919384,-11.048700728517817,,26.573426573426573,41.599998474121094
2015-07-29,38.81542205810547,38.98249015631137,-4.880277926173212,,38.19444444444444,41.81999969482422
2015-07-30,38.63908386230469,38.815431993046246,-3.3053648012961934,,42.758620689655174,41.630001068115234
2015-07-31,39.24238204956055,38.75046116064243,2.4158448444458793,,52.054794520547944,42.279998779296875
2015-08-03,39.19596862792969,39.316629718213285,5.120770292635772,,57.82312925170068,42.22999954223633
2015-08-04,39.158843994140625,39.49298023963526,5.950437003862021,,59.45945945945946,42.189998626708984
2015-08-05,40.03131103515625,39.84567939708016,14.341705618576247,,69.12751677852349,43.130001068115234
2015-08-06,37.534568786621094,40.18909137031177,-5.022032675915112,,36.0,40.439998626708984
2015-08-07,37.28396987915039,37.26540990225828,-17.61839827307778,,12.582781456953644,40.16999816894531
2015-08-10,38.156429290771484,37.77588611502976,-16.753119132151078,,14.473684210526317,41.11000061035156
2015-08-11,37.26540756225586,37.12618295990473,-23.33173169467662,,7.18954248366013,40.150001525878906
2015-08-12,37.2468376159668,36.38365372791043,-24.103141705635256,,7.142857142857142,40.130001068115234
2015-08-13,37.06121826171875,37.45104154470998,-25.948564872706154,,6.451612903225806,39.93000030517578
2015-08-14,37.27468490600586,36.94054871656837,-24.8951652700573,,7.6923076923076925,40.15999984741211
2015-08-17,38.41632843017578,36.70852337543426,-15.114529330287564,,19.10828025477707,41.38999938964844
2015-08-18,38.2585334777832,38.425601587866616,-11.04234228506644,,29.11392405063291,41.220001220703125
2015-08-19,37.794464111328125,37.69236651811777,-12.97479196439797,,24.528301886792452,40.720001220703125
2015-08-20,35.21418380737305,36.94055190820467,-29.273829985848476,,1.25,37.939998626708984
2015-08-21,31.826427459716797,34.295318971124836,-37.664081264644445,,0.0,34.290000915527344
2015-08-24,28.11380386352539,26.832949515958866,-30.241542260985018,,1.8518518518518516,30.290000915527344
2015-08-25,27.566190719604492,32.84738881081369,-26.676715051944534,,6.748466257668712,29.700000762939453
2015-08-26,30.489877700805664,28.726386055855478,-21.57730550101927,,13.414634146341465,32.849998474121094
2015-08-27,32.18840408325195,31.789297293830906,-16.611081311335436,,19.393939393939394,34.68000030517578
2015-08-28,31.69647979736328,31.547975208652325,-14.602218316497966,,24.096385542168676,34.150001525878906
2015-08-31,29.997955322265625,31.18599203502745,-15.54067298321386,,20.958083832335326,32.31999969482422
2015-09-01,27.594036102294922,27.76110421517492,-18.631524014852044,,16.071428571428573,29.729999542236328
2015-09-02,29.246152877807617,28.76351204080925,-18.082620851862206,,17.159763313609467,31.510000228881836
2015-09-03,28.69853973388672,29.55244201977136,-18.407613042829592,,16.470588235294116,30.920000076293945
2015-09-04,27.58475685119629,27.87248608078369,-19.195144653431658,,15.204678362573098,29.719999313354492
2015-09-08,29.905141830444336,28.958423729858396,-16.16873638075089,,22.674418604651162,32.220001220703125
2015-09-09,28.494348526000977,31.213841939752086,-16.433052279403114,,21.38728323699422,30.700000762939453
2015-09-10,29.28327751159668,28.243745330038088,-15.266725697611836,,24.71264367816092,31.549999237060547
2015-09-11,29.858732223510742,28.865608840407052,-13.559590322887441,,30.28571428571429,32.16999816894531
2015-09-14,29.617414474487305,29.765919075531464,-13.071433647959498,,31.25,31.90999984741211
2015-09-15,30.851863861083984,29.8123280452969,-8.890702942521335,,37.85310734463277,33.2400016784668
2015-09-16,31.065336227416992,30.83329757269324,-5.782390699017912,,44.9438202247191,33.470001220703125
2015-09-17,31.965648651123047,31.02821390165368,-1.006502815848006,,54.7486033519553,34.439998626708984
2015-09-18,30.591976165771484,30.49916211777695,-2.006901387546048,,53.888888888888886,32.959999084472656
2015-09-21,29.301841735839844,31.12102398261777,-4.367785250558904,,48.61878453038674,31.56999969482422
2015-09-22,28.69853973388672,28.113803126417,-4.984470593487936,,45.604395604395606,30.920000076293945
2015-09-23,28.5871639251709,28.986270727652325,-17.80457863698502,,17.48633879781421,30.799999237060547
2015-09-24,27.742538452148438,27.826072501825717,-27.45969101691782,,5.434782608695652,29.889999389648438
2015-09-25,25.533531188964844,28.77279026798768,-34.634897990841495,,0.5405405405405406,27.510000228881836
2015-09-28,22.489187240600586,25.0601761026766,-39.012352193929594,,0.0,24.229999542236328
2015-09-29,23.20386505126953,22.758351267160617,-39.76559437182299,,0.0,25.0
2015-09-30,24.540407180786133,24.24339800339984,-36.952156283539736,,1.5957446808510638,26.440000534057617
2015-10-01,25.282928466796875,24.707473665914197,-33.52023352424266,,2.6455026455026456,27.239999771118164
2015-10-02,26.832948684692383,24.12273724850979,-26.72089767842762,,8.947368421052632,28.90999984741211
2015-10-05,27.09282875061035,27.482653688400216,-21.669630353387163,,15.18324607329843,29.190000534057617
2015-10-06,25.19939613342285,26.749414330721656,-25.15518142882672,,11.979166666666668,27.149999618530273
2015-10-07,26.341020584106445,25.80269111332049,-23.308627886476092,,13.989637305699482,28.3799991607666
2015-10-08,26.59162712097168,25.793415423266033,-20.996650655320163,,18.04123711340206,28.649999618530273
2015-10-09,26.916481018066406,26.786539952065958,-17.938596911740063,,22.05128205128205,29.0
2015-10-12,27.11139488220215,26.554503541207115,-15.394971773378499,,28.061224489795915,29.209999084472656
2015-10-13,26.146114349365234,26.554502856503845,-18.748379201135457,,19.796954314720814,28.170000076293945
2015-10-14,25.960481643676758,26.46168594111208,-21.22062865834779,,17.67676767676768,27.969999313354492
2015-10-15,27.65900993347168,25.654195880940787,-13.999969956006437,,34.67336683417086,29.799999237060547
2015-10-16,28.438655853271484,27.71469641161791,-3.269472824506778,,55.50000000000001,30.639999389648438
2015-10-19,28.74494743347168,28.169492570669945,4.196153220793856,,65.67164179104478,30.969999313354492
2015-10-20,27.464094161987305,28.726384957203432,4.138101574484192,,65.34653465346535,29.59000015258789
2015-10-21,26.64731788635254,27.891045199917038,-0.6500141429887447,,59.11330049261084,28.709999084472656
2015-10-22,26.20180320739746,26.795823338758325,-5.091760299780882,,48.03921568627451,28.229999542236328
2015-10-23,27.816797256469727,26.777264926490034,3.5974265457825365,,63.90243902439025,29.969999313354492
2015-10-26,28.18805694580078,27.529066236680382,10.975111430585294,,74.27184466019418,30.3700008392334
2015-10-27,29.682382583618164,28.48506411453319,20.83822300757807,,84.54106280193237,31.979999542236328
2015-10-28,30.499164581298828,29.840175581673506,27.65654831983427,,94.23076923076923,32.86000061035156
2015-10-29,30.888988494873047,30.740483878671903,29.355848076492663,,95.69377990430623,33.279998779296875
2015-10-30,30.304248809814453,31.250963376800307,26.30573976676708,,90.47619047619048,32.650001525878906
2015-11-02,32.19769287109375,31.046782754086017,32.9420041978376,,100.0,34.689998626708984
2015-11-03,31.90067481994629,32.21624754742684,34.86712571057464,,100.0,34.369998931884766
2015-11-04,31.501562118530273,32.06773692397677,33.163952297397316,,99.53051643192488,33.939998626708984
2015-11-05,31.13958740234375,31.408753097162844,29.686295178565896,,94.85981308411215,33.54999923706055
2015-11-06,30.75904655456543,30.52700787682655,25.11597835392598,,86.9767441860465,33.13999938964844
2015-11-09,30.044357299804688,30.471311019843085,18.02581041317867,,75.92592592592592,32.369998931884766
2015-11-10,30.675512313842773,29.9329892574429,18.044716876139695,,76.036866359447,33.04999923706055
2015-11-11,29.765918731689453,30.991082561308502,11.587370752814769,,70.64220183486239,32.06999969482422
2015-11-12,28.197336196899414,29.255433653262763,-3.0072922144224847,,52.054794520547944,30.3799991607666
2015-11-13,27.965295791625977,27.993141065418282,-12.185534250645322,,36.36363636363637,30.1299991607666
2015-11-16,29.014108657836914,27.844633824759324,-9.231202785205946,,38.46153846153847,31.260000228881836
2015-11-17,29.366811752319336,29.255434188756794,-4.986951186861973,,46.3963963963964,31.639999389648438
2015-11-18,31.13031578063965,29.72879991757558,9.268572949914972,,69.05829596412556,33.540000915527344
2015-11-19,29.56172752380371,30.629105073828764,5.588119701282648,,65.625,31.850000381469727
2015-11-20,30.313528060913086,30.146459955358537,7.460518555414231,,67.11111111111111,32.65999984741211
2015-11-23,30.100061416625977,30.20215901441477,5.40014298791595,,65.04424778761062,32.43000030517578
2015-11-24,30.32280921936035,29.626695036532844,5.062369093143938,,63.87665198237885,32.66999816894531
2015-11-25,30.814733505249023,30.471317293765587,9.110853061648452,,69.2982456140351,33.20000076293945
2015-11-27,31.0189266204834,30.93539610121079,13.295679973973645,,73.36244541484717,33.41999816894531
2015-11-30,29.77520179748535,31.09317965344286,2.79780630291606,,58.69565217391305,32.08000183105469
2015-12-01,31.21384048461914,30.174304773533713,10.944309954099417,,70.995670995671,33.630001068115234
2015-12-02,30.44346809387207,31.12102048074842,8.283581987174742,,68.10344827586206,32.79999923706055
2015-12-03,28.485063552856445,30.62910006147144,-12.011667775290338,,34.763948497854074,30.690000534057617
2015-12-04,30.406341552734375,28.754227583876943,-2.015076494311288,,52.56410256410257,32.7599983215332
2015-12-07,29.9515438079834,30.38777752202131,-1.8606147817815388,,53.191489361702125,32.27000045776367
2015-12-08,30.146469116210938,29.25544130957529,0.5361241453130057,,55.50847457627118,32.47999954223633
2015-12-09,29.273996353149414,29.738073643945206,-7.247262393647216,,40.50632911392405,31.540000915527344
2015-12-10,29.923707962036133,29.20902667468722,-4.73196370857503,,46.21848739495798,32.2400016784668
2015-12-11,28.577880859375,28.921297068504323,-16.594550144733926,,21.75732217573222,30.790000915527344
2015-12-14,29.106929779052734,28.652134222544344,-17.099466258813155,,20.833333333333336,31.360000610351562
2015-12-15,30.248563766479492,29.88658397662263,-5.567019217025853,,43.15352697095436,32.59000015258789
2015-12-16,31.39947509765625,31.065338840250007,11.99709575495137,,73.55371900826447,33.83000183105469
2015-12-17,30.35993194580078,31.5572520650796,10.042273278978417,,70.78189300411523,32.709999084472656
2015-12-18,29.106929779052734,30.22071604378128,-3.3539099820492226,,49.18032786885246,31.360000610351562
2015-12-21,29.830886840820312,29.691664011588276,-3.5145585845451612,,48.97959183673469,32.13999938964844
2015-12-22,30.452749252319336,30.04435902197145,3.6369037976138676,,60.56910569105691,32.810001373291016
2015-12-23,31.445878982543945,30.90754761259118,16.624496630771624,,77.7327935222672,33.880001068115234
2015-12-24,31.501562118530273,31.07461190284644,22.897642080599354,,85.88709677419355,33.939998626708984
2015-12-28,31.102466583251953,31.083906602532693,22.09377123023805,,84.73895582329317,33.5099983215332
2015-12-29,32.216243743896484,31.705759446937048,28.41390049689429,,93.60000000000001,34.709999084472656
2015-12-30,31.807865142822266,32.19768845591237,28.007106256461306,,93.22709163346613,34.27000045776367
2015-12-31,31.000368118286133,31.473725453164917,20.2931959923923,,81.34920634920636,33.400001525878906
2016-01-04,29.218305587768555,29.441062473267127,-0.6038083936292336,,53.75494071146245,31.479999542236328
2016-01-05,29.710224151611328,29.543157827750324,-7.220286815503098,,38.976377952755904,32.0099983215332
2016-01-06,28.99555015563965,28.401531764535612,-17.341070666610204,,18.823529411764707,31.239999771118164
2016-01-07,27.194929122924805,27.17636737632891,-29.802822790706674,,3.515625,29.299999237060547
2016-01-08,25.969764709472656,27.584753465361082,-36.84953579032113,,1.556420233463035,27.979999542236328
2016-01-11,25.060171127319336,26.220364235065603,-38.20122019387849,,0.7751937984496124,27.0
2016-01-12,25.951200485229492,25.737725362642646,-35.877384676521636,,2.3166023166023164,27.959999084472656
2016-01-13,23.686506271362305,26.201804435873886,-40.32275445151307,,0.0,25.520000457763672
2016-01-14,25.55208969116211,23.8628473004295,-36.457623697278024,,2.681992337164751,27.530000686645508
2016-01-15,24.51256561279297,23.389499269706192,-37.37030621552038,,1.9083969465648856,26.40999984741211
2016-01-19,24.429027557373047,25.227241039638677,-38.1939022870787,,1.520912547528517,26.31999969482422
2016-01-20,24.596097946166992,23.129613686604333,-35.7118759086634,,4.166666666666666,26.5
2016-01-21,24.373342514038086,24.809574583569926,-35.16551261130869,,4.528301886792453,26.260000228881836
2016-01-22,25.54281997680664,25.4128771037604,-30.542924297203168,,6.390977443609022,27.520000457763672
2016-01-25,24.837417602539062,25.273649632391326,-30.349824136310772,,6.741573033707865,26.760000228881836
2016-01-26,25.366466522216797,24.985923257214,-28.04196379394312,,8.582089552238806,27.329999923706055
2016-01-27,24.568252563476562,25.338620840100912,-29.65279318131568,,7.806691449814126,26.469999313354492
2016-01-28,22.860448837280273,25.06017619317516,-35.656607084427755,,4.444444444444445,24.6299991607666
2016-01-29,23.909255981445312,22.832597089993993,-35.03480248844368,,5.166051660516605,25.760000228881836
2016-02-01,24.011356353759766,23.491588588144033,-33.919199459808894,,5.88235294117647,25.8700008392334
2016-02-02,23.055360794067383,23.222428908132493,-36.15301984209949,,3.6630036630036633,24.84000015258789
2016-02-03,23.389497756958008,23.305963697301305,-34.96323150774165,,5.839416058394161,25.200000762939453
2016-02-04,23.083209991455078,23.194587572877456,-35.338325684516256,,5.090909090909091,24.8700008392334
2016-02-05,21.709531784057617,22.711938508396948,-38.986674533614774,,1.0869565217391304,23.389999389648438
2016-02-08,20.790668487548828,20.892766088539656,-40.0076402994863,,0.36101083032490977,22.399999618530273
2016-02-09,21.25473403930664,20.02957059333208,-37.96018365454221,,2.5179856115107913,22.899999618530273
2016-02-10,21.81163215637207,21.76522513650552,-33.99304080315365,,7.885304659498208,23.5
2016-02-11,20.7628173828125,20.530778752907782,-36.46764826619718,,4.285714285714286,22.3700008392334
2016-02-12,21.607437133789062,21.273300951363634,-32.764231027294734,,9.252669039145907,23.280000686645508
2016-02-16,22.795473098754883,22.25714358142507,-23.187741560249712,,19.50354609929078,24.559999465942383
2016-02-17,23.7236328125,23.35237129945511,-11.16597632108497,,39.57597173144876,25.559999465942383
2016-02-18,23.231708526611328,23.85357213261486,-7.725708646066525,,43.66197183098591,25.030000686645508
2016-02-19,23.17601776123047,22.85116509500329,-6.549063553055793,,47.01754385964912,24.969999313354492
2016-02-22,24.11345672607422,23.66794293107071,1.5983979759677949,,60.83916083916085,25.979999542236328
2016-02-23,23.602968215942383,23.807161559958125,1.5888063209863017,,60.62717770034843,25.43000030517578
2016-02-24,23.797883987426758,23.250272617766612,3.2367248124284673,,63.19444444444444,25.639999389648438
2016-02-25,24.735322952270508,24.011363403135288,12.242189044800085,,76.12456747404845,26.649999618530273
2016-02-26,24.623947143554688,25.04161573563679,18.82438296296628,,81.72413793103448,26.530000686645508
2016-02-29,23.43590545654297,24.540410011371087,11.565543013234185,,74.22680412371135,25.25
2016-03-01,24.902387619018555,23.899980731015713,20.316887099488,,83.9041095890411,26.829999923706055
2016-03-02,25.023048400878906,24.846700292804314,25.747524318042686,,89.76109215017065,26.959999084472656
2016-03-03,24.772445678710938,24.91166850851669,26.601001900017014,,91.83673469387756,26.690000534057617
2016-03-04,24.633224487304688,24.781729085016707,25.890125727535622,,89.49152542372882,26.540000915527344
2016-03-07,25.22723960876465,24.122735257397416,29.43088332660332,,95.6081081081081,27.18000030517578
2016-03-08,24.28980827331543,24.800292643958286,22.53306224781025,,85.52188552188552,26.170000076293945
2016-03-09,24.391908645629883,24.61466558395299,19.968909598692207,,81.87919463087249,26.280000686645508
2016-03-10,24.466156005859375,24.688912899091072,18.98328791024425,,80.2675585284281,26.360000610351562
2016-03-11,25.867673873901367,25.02305141577458,28.724060156448306,,94.66666666666667,27.8700008392334
2016-03-14,25.598501205444336,25.747005784783706,31.438622323969284,,97.67441860465115,27.579999923706055
2016-03-15,24.364059448242188,25.088020709160315,18.252558321959928,,77.81456953642383,26.25
2016-03-16,24.159860610961914,24.34549043600856,7.584159107645467,,67.65676567656766,26.030000686645508
2016-03-17,23.380216598510742,24.08561435910828,-7.149552921302801,,42.76315789473684,25.190000534057617
2016-03-18,24.2712459564209,23.417343529751903,-4.020557027063603,,49.8360655737705,26.149999618530273
2016-03-21,24.623947143554688,24.141306229299367,2.4929166288929747,,59.47712418300654,26.530000686645508
2016-03-22,25.301496505737305,24.373341836137175,14.187938986827985,,74.9185667752443,27.260000228881836
2016-03-23,24.8188533782959,25.25508539571888,14.17411109585644,,74.67532467532467,26.739999771118164
2016-03-24,24.726041793823242,24.45687783884281,12.248677232415229,,73.13915857605178,26.639999389648438
2016-03-28,24.52184295654297,24.883822659740915,8.061464344011368,,67.41935483870968,26.420000076293945
2016-03-29,25.394315719604492,24.382626852947034,17.64527195331413,,77.17041800643086,27.360000610351562
2016-03-30,25.366466522216797,25.533534642523293,21.83716066842906,,84.61538461538461,27.329999923706055
2016-03-31,25.190114974975586,25.347901325893208,21.779223828652963,,84.34504792332268,27.139999389648438
2016-04-01,26.127553939819336,24.809574220789603,30.439817495097106,,96.81528662420382,28.149999618530273
2016-04-04,26.916481018066406,26.146112839051558,35.74196247614126,,100.0,29.0
2016-04-05,25.914072036743164,26.053294848686416,29.437195886625407,,94.9367088607595,27.920000076293945
2016-04-06,27.956012725830078,26.266770145029728,36.65213394530472,,100.0,30.1200008392334
2016-04-07,27.09282875061035,27.575467716667333,34.80613037974095,,99.05660377358491,29.190000534057617
2016-04-08,26.63803482055664,27.501217017275305,30.218763148844687,,95.29780564263322,28.700000762939453
2016-04-11,26.192520141601562,26.84222901929638,23.48763602168526,,85.0,28.219999313354492
2016-04-12,26.851516723632812,26.201807702051443,25.362816749913968,,86.91588785046729,28.93000030517578
2016-04-13,27.510501861572266,27.23205618884709,31.156272436398343,,96.58385093167702,29.639999389648438
2016-04-14,27.575468063354492,27.52906104863749,34.47629425540565,,98.76160990712074,29.709999084472656
2016-04-15,27.58475685119629,27.56619510276693,36.23442131268962,,99.69135802469135,29.719999313354492
2016-04-18,28.3179931640625,27.315586404729057,39.698132046010095,,100.0,30.510000228881836
2016-04-19,28.540754318237305,28.47578377864935,39.61743989840233,,99.69325153374233,30.75
2016-04-20,29.106929779052734,28.56860016417398,40.50975534845866,,100.0,31.360000610351562
2016-04-21,29.552444458007812,29.181182948799577,41.724774783871254,,100.0,31.84000015258789
2016-04-22,29.793764114379883,29.55244545300549,42.203441204844914,,100.0,32.099998474121094
2016-04-25,29.450349807739258,29.561729156734884,40.91737830270006,,99.39393939393939,31.729999542236328
2016-04-26,29.060518264770508,29.598847829252282,38.2163286899437,,98.18731117824774,31.309999465942383
2016-04-27,29.032678604125977,29.051240352016094,36.17605864563909,,97.28915662650603,31.280000686645508
2016-04-28,28.475784301757812,28.503627807627325,30.113294177761457,,91.8918918918919,30.68000030517578
2016-04-29,27.20421028137207,28.085957841705497,12.871914509981261,,68.26347305389223,29.309999465942383
2016-05-02,27.64972496032715,27.46409334175781,5.710482431803079,,60.298507462686565,29.790000915527344
2016-05-03,27.417692184448242,27.2599058060223,-1.3638443249105872,,50.0,29.540000915527344
2016-05-04,26.63803482055664,26.916480462038248,-14.57360967842159,,28.18991097922849,28.700000762939453
2016-05-05,26.97216796875,26.712285854330442,-17.58542885270671,,22.189349112426036,29.059999465942383
2016-05-06,26.470970153808594,26.712290567141228,-23.63092805420166,,15.339233038348082,28.520000457763672
2016-05-09,27.37127685546875,26.42455881074712,-16.551992547402154,,24.705882352941178,29.489999771118164
2016-05-10,28.0488338470459,27.798233428395722,-4.6727014942302585,,44.28152492668622,30.219999313354492
2016-05-11,27.074270248413086,27.983861348187894,-10.360654209418652,,35.08771929824561,29.170000076293945
2016-05-12,26.600915908813477,27.315595515783844,-17.571380675947946,,22.448979591836736,28.65999984741211
2016-05-13,26.424558639526367,26.600908494631273,-23.339225258928913,,15.406976744186046,28.469999313354492
2016-05-16,27.501218795776367,26.424559649292537,-14.17398125281153,,30.144927536231886,29.6299991607666
2016-05-17,26.63803482055664,27.27846015002718,-18.851405910226248,,19.942196531791907,28.700000762939453
2016-05-18,26.916481018066406,26.368869710901294,-18.407023488756295,,21.037463976945244,29.0
2016-05-19,26.285337448120117,26.47096907242786,-23.97006715689547,,14.942528735632186,28.31999969482422
2016-05-20,26.953611373901367,26.498814046161215,-19.81072668937152,,19.484240687679083,29.040000915527344
2016-05-23,26.610193252563477,26.87935717408952,-20.458293738404993,,19.428571428571427,28.670000076293945
2016-05-24,27.7796688079834,26.97217348789842,-6.759850774534392,,41.31054131054131,29.93000030517578
2016-05-25,28.253028869628906,28.17877656626556,6.925765012007251,,62.78409090909091,30.440000534057617
2016-05-26,28.290151596069336,28.2530263328783,14.497506255420245,,72.23796033994334,30.479999542236328
2016-05-27,28.69853973388672,28.44793757197925,25.696251258133795,,84.7457627118644,30.920000076293945
2016-05-31,28.902734756469727,29.00483233278175,31.823473926916552,,94.64788732394366,31.139999389648438
2016-06-01,29.190462112426758,28.66141251724023,35.777301868056526,,97.19101123595506,31.450000762939453
2016-06-02,30.267127990722656,29.13477802430966,39.81759845089792,,98.8795518207283,32.61000061035156
2016-06-03,30.02579689025879,30.378496594354196,39.963207379318206,,98.88268156424581,32.349998474121094
2016-06-06,30.489877700805664,30.044363910272075,41.40532781789665,,99.44289693593315,32.849998474121094
2016-06-07,29.932981491088867,30.11861309218252,38.528931392081155,,97.5,32.25
2016-06-08,30.32280921936035,29.868015446059772,39.36657758538157,,97.50692520775624,32.66999816894531
2016-06-09,30.13718032836914,30.04436274604497,38.08875559259865,,96.68508287292818,32.470001220703125
2016-06-10,29.329689025878906,29.515318904651004,30.104397644762354,,90.08264462809917,31.600000381469727
2016-06-13,28.689260482788086,28.97698793254059,18.447572656517593,,73.07692307692307,30.90999984741211
2016-06-14,28.772794723510742,28.438658476349964,12.968850891367016,,67.67123287671232,31.0
2016-06-15,28.299434661865234,29.051239421939247,4.799105331584852,,57.92349726775956,30.489999771118164
2016-06-16,28.46649932861328,27.98385855114391,2.3962245994039937,,53.67847411444142,30.670000076293945
2016-06-17,27.594036102294922,28.4850654475501,-8.269722292822184,,36.41304347826087,29.729999542236328
2016-06-20,28.104520797729492,28.308714164223847,-10.173462094572319,,34.959349593495936,30.280000686645508
2016-06-21,27.844635009765625,28.652130203987085,-14.229311167946465,,29.45945945945946,30.0
2016-06-22,28.067394256591797,27.881764402979957,-15.378443219168632,,26.41509433962264,30.239999771118164
2016-06-23,29.088367462158203,28.512910788557058,-3.2785717056910086,,47.31182795698925,31.34000015258789
2016-06-24,26.6937255859375,26.368871133101162,-19.67416408663594,,18.766756032171582,28.760000228881836
2016-06-27,25.514970779418945,26.0811456749495,-30.459760235525383,,8.02139037433155,27.489999771118164
2016-06-28,27.037141799926758,26.08114372742739,-24.968089276968318,,13.600000000000001,29.1299991607666
2016-06-29,28.559316635131836,27.816791914568014,-8.322797766116583,,37.234042553191486,30.770000457763672
2016-06-30,29.376094818115234,28.754231121224947,7.111271365658508,,62.06896551724138,31.649999618530273
2016-07-01,29.858732223510742,29.468908985254895,18.81847965805218,,74.60317460317461,32.16999816894531
2016-07-05,29.886579513549805,29.635977340926992,24.933598555847773,,82.32189973614776,32.20000076293945
2016-07-06,30.861141204833984,29.654540903447458,32.62032728175012,,93.6842105263158,33.25
2016-07-07,30.60125732421875,31.000364072807947,33.4246211035705,,94.48818897637796,32.970001220703125
2016-07-08,31.594385147094727,30.944676183735652,37.67306415635479,,96.59685863874346,34.040000915527344
2016-07-11,31.42731285095215,31.80785606539981,38.14853778342145,,96.8668407310705,33.86000061035156
2016-07-12,31.854263305664062,31.742885753022875,40.087575487707774,,98.69791666666666,34.31999969482422
2016-07-13,31.91923713684082,31.872830113499113,40.50619576867575,,98.7012987012987,34.38999938964844
2016-07-14,32.29978561401367,32.41116319616203,40.33981688815453,,98.44559585492227,34.79999923706055
2016-07-15,32.24409484863281,32.53182053082059,40.02728373661962,,97.9328165374677,34.7400016784668
2016-07-18,32.24409484863281,32.29978186292511,39.86190584606186,,97.42268041237114,34.7400016784668
2016-07-19,32.04918670654297,32.309072479218266,38.66612073368228,,96.1439588688946,34.529998779296875
2016-07-20,32.893795013427734,32.27193318265301,40.974274506954565,,99.23076923076923,35.439998626708984
2016-07-21,33.26505661010742,32.96804746060339,42.42681749158826,,100.0,35.84000015258789
2016-07-22,33.4135627746582,33.35787222874084,43.280933546870855,,100.0,36.0
2016-07-25,33.33003234863281,33.506380452261745,43.317849592460284,,100.0,35.90999984741211
2016-07-26,33.107269287109375,32.98661175146531,42.43698091038649,,99.49238578680203,35.66999816894531
2016-07-27,33.580631256103516,33.09799047451489,42.94186941049018,,99.49367088607595,36.18000030517578
2016-07-28,33.432132720947266,33.58991732045503,42.39745074306957,,98.73737373737373,36.02000045776367
2016-07-29,33.70130157470703,33.27434768200989,42.75165445397492,,99.24433249370277,36.310001373291016
2016-08-01,34.26746368408203,33.8776404794368,42.017327771782995,,97.98994974874373,36.91999816894531
2016-08-02,33.84980773925781,34.258194589302164,39.10407518338209,,93.98496240601504,36.470001220703125
2016-08-03,33.6641731262207,33.93333885282287,35.978761319551886,,91.5,36.27000045776367
2016-08-04,33.47853088378906,33.673442469443835,31.63192461741221,,87.78054862842892,36.06999969482422
2016-08-05,33.69200134277344,33.627030823170685,30.552451014265287,,86.56716417910447,36.29999923706055
2016-08-08,32.9123649597168,33.599200998671094,18.795846055458362,,69.97518610421837,35.459999084472656
2016-08-09,33.107269287109375,32.95876470886185,14.283172963289111,,66.0891089108911,35.66999816894531
2016-08-10,32.82883071899414,33.13512346922904,6.356851446525487,,57.28395061728395,35.369998931884766
2016-08-11,33.28363037109375,33.1351257506237,8.919165827507728,,60.09852216748769,35.86000061035156
2016-08-12,33.07014846801758,33.385721164850644,6.514674411344969,,57.24815724815725,35.630001068115234
2016-08-15,33.227935791015625,33.15368526007759,7.858566283432017,,59.068627450980394,35.79999923706055
2016-08-16,32.32762145996094,32.93091973306599,-6.762296678112813,,37.40831295843521,34.83000183105469
2016-08-17,32.52253723144531,32.45756669429839,-12.433080816299787,,30.73170731707317,35.040000915527344
2016-08-18,32.57822799682617,32.46685042610634,-14.569420661440539,,26.763990267639905,35.099998474121094
2016-08-19,32.51325225830078,32.28121362433488,-16.92212638948809,,22.0873786407767,35.029998779296875
2016-08-22,32.6339225769043,32.13271813591299,-15.623748217961102,,24.213075060532688,35.15999984741211
2016-08-23,32.74529266357422,32.865953751139465,-12.86973097671393,,29.951690821256037,35.279998779296875
2016-08-24,31.241682052612305,32.74529143422098,-25.875614861396674,,12.048192771084338,33.65999984741211
2016-08-25,30.480594635009766,31.074612962411948,-33.40700134971684,,6.25,32.84000015258789
2016-08-26,30.74047088623047,30.619813370745533,-35.188768471758074,,4.556354916067146,33.119998931884766
2016-08-29,30.963239669799805,30.703357500974835,-33.87940031117777,,6.220095693779904,33.36000061035156
2016-08-30,30.536283493041992,30.963233699684015,-36.400561612535256,,3.341288782816229,32.900001525878906
2016-08-31,30.32280921936035,30.527004365283208,-38.823495279435505,,1.1904761904761905,32.66999816894531
2016-09-01,30.17430305480957,30.239277131101737,-39.61349417824688,,0.7125890736342043,32.5099983215332
2016-09-02,30.16502571105957,30.38778438187952,-39.995006108871955,,0.47393364928909953,32.5
2016-09-06,30.527006149291992,30.25784044859606,-36.46955015475038,,3.546099290780142,32.88999938964844
2016-09-07,30.499164581298828,30.619825685941112,-34.630441230152925,,6.839622641509433,32.86000061035156
2016-09-08,30.591976165771484,30.304250492611047,-32.565079932976374,,8.705882352941176,32.959999084472656
2016-09-09,28.763507843017578,30.0165167764565,-39.0604769297813,,1.1737089201877933,30.989999771118164
2016-09-12,30.044357299804688,28.141641464929993,-31.307944296193195,,9.367681498829041,32.369998931884766
2016-09-13,28.81919288635254,29.48746517516748,-34.916835914695156,,6.775700934579438,31.049999237060547
2016-09-14,28.74494743347168,28.95842433771853,-37.0238673687547,,3.263403263403263,30.969999313354492
2016-09-15,29.654541015625,28.670695837213014,-31.469279837423485,,9.767441860465116,31.950000762939453
2016-09-16,29.765918731689453,29.35753019837828,-27.477197822968442,,13.225058004640372,32.06999969482422
2016-09-19,29.3946533203125,29.988673408865044,-27.579953065866437,,12.268518518518519,31.670000076293945
2016-09-20,29.70094108581543,29.960823187315327,-25.608176009288403,,15.704387990762125,32.0
2016-09-21,30.60125732421875,29.895857867844434,-15.187780314280875,,28.80184331797235,32.970001220703125
2016-09-22,31.250965118408203,30.824014832541735,-1.5870565294116994,,50.114942528735625,33.66999816894531
2016-09-23,30.981794357299805,31.13957890322099,9.740162739019475,,63.53211009174312,33.380001068115234
2016-09-26,29.886579513549805,30.5919754678508,1.1053576777496914,,51.94508009153318,32.20000076293945
2016-09-27,30.499164581298828,29.942269626462387,3.951233155741982,,55.93607305936074,32.86000061035156
2016-09-28,30.369216918945312,30.629099050616087,3.7799769888645725,,55.58086560364465,32.720001220703125
2016-09-29,28.772794723510742,30.12789968977027,-13.873323982297094,,31.818181818181817,31.0
2016-09-30,29.598848342895508,29.01411174921169,-13.82570345413338,,31.97278911564626,31.889999389648438
2016-10-03,29.46891212463379,29.348252790935927,-15.520553472142568,,27.37556561085973,31.75
2016-10-04,29.35753059387207,29.700948590892644,-17.816887392095868,,23.024830699774267,31.6299991607666
2016-10-05,29.654541015625,29.70094803880986,-15.086596314884954,,29.054054054054053,31.950000762939453
2016-10-06,29.329689025878906,29.37609605299328,-17.799700183318322,,23.370786516853933,31.600000381469727
2016-10-07,29.376094818115234,29.45962887966128,-18.39325376712227,,22.19730941704036,31.649999618530273
2016-10-10,29.72878646850586,29.66381593901477,-13.936171934531666,,32.43847874720358,32.029998779296875
2016-10-11,27.538347244262695,29.236870103258468,-26.75509652627869,,13.616071428571427,29.670000076293945
2016-10-12,27.129962921142578,27.6682926053998,-35.63352348688227,,5.56792873051225,29.229999542236328
2016-10-13,27.120676040649414,26.684444027769484,-37.09594032006144,,3.111111111111111,29.219999313354492
2016-10-14,26.600915908813477,27.36200254675501,-40.27330743014127,,0.22172949002217296,28.65999984741211
2016-10-17,26.40599822998047,26.54522106144583,-42.16856817895802,,0.0,28.450000762939453
2016-10-18,27.21349334716797,27.04642523126161,-37.86271373863172,,3.090507726269316,29.31999969482422
2016-10-19,26.981456756591797,27.194931912010883,-37.00461829799103,,4.185022026431718,29.06999969482422
2016-10-20,27.343433380126953,26.916483118345482,-33.55009301237272,,9.230769230769232,29.459999084472656
2016-10-21,26.63803482055664,27.102112069902127,-36.22061580013977,,5.701754385964912,28.700000762939453
2016-10-24,26.517379760742188,26.925768328511367,-38.08827679398803,,2.8446389496717726,28.56999969482422
2016-10-25,26.303905487060547,26.480255383441413,-40.38615056718472,,0.21834061135371177,28.34000015258789
2016-10-26,25.747011184692383,26.1739632675732,-41.99951744214326,,0.2178649237472767,27.739999771118164
2016-10-27,26.127553939819336,26.173962736100226,-39.87907976354896,,1.5217391304347827,28.149999618530273
2016-10-28,24.419748306274414,25.468564050452418,-41.79830185739345,,0.43383947939262474,26.309999465942383
2016-10-31,24.011356353759766,24.364054265135902,-43.78998652455274,,0.0,25.8700008392334
2016-11-01,23.658662796020508,24.011362569005698,-43.215272606113295,,0.21598272138228944,25.489999771118164
2016-11-02,23.268836975097656,23.538002675463737,-44.08035087222032,,0.0,25.06999969482422
2016-11-03,22.563440322875977,23.389499211943793,-45.03805200012397,,0.0,24.309999465942383
2016-11-04,23.083209991455078,22.684103155676286,-43.845685431607606,,0.4291845493562232,24.8700008392334
2016-11-07,24.753883361816406,23.862854021329262,-34.33250815605478,,10.706638115631693,26.670000076293945
2016-11-08,24.995201110839844,24.52184210070178,-27.045698515245185,,17.094017094017094,26.93000030517578
2016-11-09,27.52906036376953,28.011701094201396,-0.824178662210427,,53.304904051172706,29.65999984741211
2016-11-10,28.540754318237305,29.05123864669789,16.359377952783962,,71.48936170212767,30.75
2016-11-11,27.241334915161133,28.11380064040388,16.308668867361845,,71.3375796178344,29.350000381469727
2016-11-14,27.027860641479492,27.59403369989622,14.999354501709899,,70.97457627118644,29.1200008392334
2016-11-15,27.241334915161133,26.953607515995945,15.510408994852105,,71.24735729386892,29.350000381469727
2016-11-16,26.851516723632812,27.092837166782616,12.775365402191706,,68.14345991561181,28.93000030517578
2016-11-17,27.20421028137207,26.879355823864262,13.875596787625327,,69.26315789473684,29.309999465942383
2016-11-18,26.35958480834961,27.22276869022815,7.414168030611271,,62.39495798319328,28.399999618530273
2016-11-21,26.573062896728516,26.452403589119918,5.864190225289132,,61.0062893081761,28.6299991607666
2016-11-22,25.48712730407715,26.37815673985105,-3.16908492569827,,49.7907949790795,27.459999084472656
2016-11-23,25.72844123840332,24.187704961785695,-5.604625607958138,,44.676409185803756,27.719999313354492
2016-11-25,26.016170501708984,25.88622767174425,-4.633555622327755,,47.083333333333336,28.030000686645508
2016-11-28,25.394315719604492,25.765577282984573,-9.048329373395498,,39.70893970893971,27.360000610351562
2016-11-29,25.904796600341797,25.644912656409048,-6.963068350589932,,43.15352697095436,27.90999984741211
2016-11-30,25.19939613342285,25.923357332807427,-11.254397567383215,,37.88819875776397,27.149999618530273
2016-12-01,24.623947143554688,25.18083859966416,-16.468265529674355,,28.719008264462808,26.530000686645508
2016-12-02,24.809572219848633,24.63322411914776,-18.180177110298455,,25.15463917525773,26.729999542236328
2016-12-05,24.688913345336914,25.16227241587802,-19.950718363084075,,22.839506172839506,26.600000381469727
2016-12-06,24.865264892578125,24.791010818181544,-23.327696086345323,,20.123203285420946,26.790000915527344
2016-12-07,24.19698715209961,24.271239440122024,-27.221513376338045,,16.188524590163937,26.06999969482422
2016-12-08,24.336214065551758,23.92782729787229,-28.011012048001415,,14.723926380368098,26.219999313354492
2016-12-09,25.26436996459961,24.59609922669694,-20.489813202505886,,23.06122448979592,27.219999313354492
2016-12-12,25.66347312927246,25.14370707339925,-10.726628514196525,,39.71486761710794,27.649999618530273
2016-12-13,26.192520141601562,25.867667473068423,1.7302608688787489,,56.09756097560976,28.219999313354492
2016-12-14,25.89551544189453,26.192524658812886,6.067257290473389,,62.47464503042597,27.899999618530273
2016-12-15,26.341020584106445,26.099702002645493,12.938610188264033,,69.4331983805668,28.3799991607666
2016-12-16,26.424558639526367,26.45240391253691,18.16994734716719,,74.14141414141415,28.469999313354492
2016-12-19,25.997610092163086,26.433842109025953,16.019278355490698,,72.37903225806451,28.010000228881836
2016-12-20,25.969764709472656,26.276055649894353,16.402877088578016,,72.83702213279678,27.979999542236328
2016-12-21,25.514970779418945,25.932641074534025,10.709865002743364,,66.66666666666666,27.489999771118164
2016-12-22,25.626346588134766,25.51496726799418,9.127719539345364,,65.33066132264528,27.610000610351562
2016-12-23,26.248214721679688,25.65419452868636,16.528971422872882,,73.0,28.280000686645508
2016-12-27,26.35030746459961,26.35030746459961,21.561772442004592,,79.24151696606786,28.389999389648438
2016-12-28,25.82126235961914,26.4152807755569,17.158558621588238,,73.30677290836654,27.81999969482422
2016-12-29,25.858383178710938,25.71915859692371,15.225286605447893,,71.57057654075547,27.860000610351562
2016-12-30,25.589223861694336,25.737728466648466,10.434296383128745,65.87301587301587,65.87301587301587,27.56999969482422
2017-01-03,26.619468688964844,26.266769022757337,21.44995141371045,78.96825396825396,78.96825396825396,28.68000030517578
2017-01-04,27.194929122924805,26.71229007545774,28.613314220627,86.5079365079365,86.5079365079365,29.299999237060547
2017-01-05,27.603317260742188,27.194928745948605,33.88806169207062,92.06349206349206,92.06349206349206,29.739999771118164
2017-01-06,27.900325775146484,27.79822997663849,36.9193958334072,93.84920634920636,93.84920634920636,30.059999465942383
2017-01-09,28.243751525878906,27.993149298981997,39.2291129318974,95.23809523809523,95.23809523809523,30.43000030517578
2017-01-10,28.540754318237305,28.410813239061394,39.05122486493596,94.84126984126983,94.84126984126983,30.75
2017-01-11,27.640445709228516,28.587162092914888,30.08180895720811,87.3015873015873,87.3015873015873,29.780000686645508
2017-01-12,27.70541763305664,27.315592595504448,25.550592739441534,81.54761904761905,81.54761904761905,29.850000381469727
2017-01-13,27.79823112487793,27.686851793351597,23.851657279327803,80.15873015873017,80.15873015873017,29.950000762939453
2017-01-17,27.42696762084961,26.907201542452153,19.000176264943153,74.8015873015873,74.8015873015873,29.549999237060547
2017-01-18,27.297021865844727,27.556905745663464,14.178028856085351,68.05555555555556,68.05555555555556,29.40999984741211
2017-01-19,26.777257919311523,27.241335173475278,4.047269303510022,56.15079365079365,56.15079365079365,28.850000381469727
2017-01-20,26.563785552978516,26.823667709171254,-4.425320061603266,46.230158730158735,46.230158730158735,28.6200008392334
2017-01-23,26.192520141601562,26.452404046742345,-13.450086602282536,34.32539682539682,34.32539682539682,28.219999313354492
2017-01-24,25.66347312927246,26.1089868914495,-23.253087354544004,20.03968253968254,20.03968253968254,27.649999618530273
2017-01-25,26.35030746459961,25.635629796866713,-21.157400471845943,21.825396825396826,21.825396825396826,28.389999389648438
2017-01-26,25.802698135375977,26.266775452705144,-26.03961995187443,17.261904761904763,17.261904761904763,27.799999237060547
2017-01-27,26.35958480834961,25.89550760478601,-21.563360811938985,21.428571428571427,21.428571428571427,28.399999618530273
2017-01-30,26.025453567504883,26.11826760317129,-23.333480894764094,19.642857142857142,19.642857142857142,28.040000915527344
2017-01-31,27.15780258178711,25.59850264096652,-9.809048700475149,39.682539682539684,39.682539682539684,29.260000228881836
2017-02-01,27.761104583740234,27.36199781329811,4.229821467318624,57.936507936507944,57.936507936507944,29.90999984741211
2017-02-02,27.85391616821289,27.566188774987488,12.48366609138647,66.66666666666666,66.66666666666666,30.010000228881836
2017-02-03,28.33656120300293,28.16949308805186,21.09806851767837,77.18253968253968,77.18253968253968,30.530000686645508
2017-02-06,28.33656120300293,28.17877484669519,25.525836430234683,81.34920634920636,81.34920634920636,30.530000686645508
2017-02-07,28.401533126831055,28.4665036701851,28.31028525700277,84.92063492063492,84.92063492063492,30.600000381469727
2017-02-08,28.262306213378906,27.983858791532672,28.353834449021992,84.92063492063492,84.92063492063492,30.450000762939453
2017-02-09,28.64285659790039,28.22518624576511,32.21238490572303,90.27777777777779,90.27777777777779,30.860000610351562
2017-02-10,28.847043991088867,28.615005348377306,36.00873507442619,92.65873015873017,92.65873015873017,31.079999923706055
2017-02-13,29.329689025878906,29.004834525134477,39.43422249566924,95.43650793650794,95.43650793650794,31.600000381469727
2017-02-14,29.96082878112793,29.27399637303568,41.816321192007976,98.21428571428571,98.21428571428571,32.279998779296875
2017-02-15,31.009639739990234,29.803039674512167,42.6813079434621,99.20634920634922,99.20634920634922,33.40999984741211
2017-02-16,30.87041473388672,30.935388801259318,42.57152855503642,99.0079365079365,99.0079365079365,33.2599983215332
2017-02-17,30.953948974609375,30.53628231158307,42.811522854456676,99.40476190476191,99.40476190476191,33.349998474121094
2017-02-21,31.37163543701172,31.05606262410407,42.76223086489336,99.20634920634922,99.20634920634922,33.79999923706055
2017-02-22,31.32522201538086,31.37162904357408,42.448062006685376,98.4126984126984,98.4126984126984,33.75
2017-02-23,31.94707489013672,31.473717672280582,43.15832892144471,99.60317460317461,99.60317460317461,34.41999816894531
2017-02-24,32.392601013183594,31.631514429113473,43.85909301987355,100.0,100.0,34.900001525878906
2017-02-27,32.82883071899414,32.4204439259768,44.12822628451123,100.0,100.0,35.369998931884766
2017-02-28,32.596778869628906,32.76384693121002,43.241648810161976,99.20634920634922,99.20634920634922,35.119998931884766
2017-03-01,33.571353912353516,33.22793766357524,43.1568921864883,98.80952380952381,98.80952380952381,36.16999816894531
2017-03-02,33.33003234863281,33.58063452155533,41.985157266225414,96.23015873015873,96.23015873015873,35.90999984741211
2017-03-03,33.840511322021484,33.20936599552368,43.01003702404522,98.61111111111111,98.61111111111111,36.459999084472656
2017-03-06,33.33003234863281,33.83123669447785,41.19709068151181,95.23809523809523,95.23809523809523,35.90999984741211
2017-03-07,32.6339225769043,32.70817666029393,36.069986535398684,89.68253968253968,89.68253968253968,35.15999984741211
2017-03-08,32.977325439453125,32.48540472940879,35.25375055869777,88.69047619047619,88.69047619047619,35.529998779296875
2017-03-09,33.552791595458984,32.986616699516674,37.60679320848535,90.47619047619048,90.47619047619048,36.150001525878906
2017-03-10,33.97045135498047,33.88691731309821,39.581630902892975,92.65873015873017,92.65873015873017,36.599998474121094
2017-03-13,33.82194900512695,34.27674627203419,39.27892626382057,92.06349206349206,92.06349206349206,36.439998626708984
2017-03-14,33.47853088378906,33.571344912968975,36.07347932698346,89.0873015873016,89.0873015873016,36.06999969482422
2017-03-15,34.666568756103516,33.58990969023383,38.436103229995375,90.87301587301587,90.87301587301587,37.349998474121094
2017-03-16,33.7291374206543,34.60160144713658,31.90655775071718,85.51587301587301,85.51587301587301,36.34000015258789
2017-03-17,33.144386291503906,33.41355186460826,22.659128862925606,75.39682539682539,75.39682539682539,35.709999084472656
2017-03-20,32.95876693725586,33.05158451782887,15.116186853548063,66.86507936507937,66.86507936507937,35.5099983215332
2017-03-21,32.18840408325195,33.29290686058633,0.4931700121990232,50.79365079365079,50.79365079365079,34.68000030517578
2017-03-22,32.281227111816406,32.17912950371324,-6.6917282274267755,41.66666666666667,41.66666666666667,34.779998779296875
2017-03-23,31.937795639038086,32.18839777448539,-14.914314963747174,31.547619047619047,31.547619047619047,34.40999984741211
2017-03-24,32.253379821777344,32.030621108296664,-16.865780669425632,27.976190476190478,27.976190476190478,34.75
2017-03-27,32.216243743896484,31.3809067690434,-16.325560993368924,29.365079365079367,29.365079365079367,34.709999084472656
2017-03-28,32.281227111816406,32.169849512353885,-15.120888846140648,31.547619047619047,31.547619047619047,34.779998779296875
2017-03-29,32.281227111816406,32.29051064380581,-14.40190951930138,33.730158730158735,33.730158730158735,34.779998779296875
2017-03-30,32.281227111816406,32.206976559051405,-13.940462529963602,34.92063492063492,34.92063492063492,34.779998779296875
2017-03-31,31.99349021911621,32.179118306753075,-17.958705881203553,25.992063492063494,25.992063492063494,34.470001220703125
2017-04-03,32.11414337158203,32.01204935360978,-18.4640869944902,24.6031746031746,24.6031746031746,34.599998474121094
2017-04-04,32.01205062866211,32.1141446507008,-20.120488380892628,22.817460317460316,22.817460317460316,34.4900016784668
2017-04-05,31.733612060546875,32.19768947112268,-24.68121379211767,18.452380952380953,18.452380952380953,34.189998626708984
2017-04-06,31.86354637145996,31.742885292482622,-25.524983436817294,17.658730158730158,17.658730158730158,34.33000183105469
2017-04-07,32.021331787109375,31.854263685839385,-23.006651215309994,20.634920634920633,20.634920634920633,34.5
2017-04-10,31.891393661499023,32.05846177819229,-23.99949504218302,18.849206349206348,18.849206349206348,34.36000061035156
2017-04-11,31.780033111572266,31.872847208035164,-25.85629385964066,17.46031746031746,17.46031746031746,34.2400016784668
2017-04-12,31.770729064941406,31.622224482103483,-26.888114527230307,15.873015873015872,15.873015873015872,34.22999954223633
2017-04-13,31.557266235351562,31.612956803334836,-30.291760213368192,13.095238095238097,13.095238095238097,34.0
2017-04-17,31.807865142822266,31.39947830901889,-26.190871089765572,17.063492063492063,17.063492063492063,34.27000045776367
2017-04-18,30.814733505249023,31.408751884235127,-31.375093105045522,12.3015873015873,12.3015873015873,33.20000076293945
2017-04-19,31.046772003173828,30.953954419020615,-31.425691885993,12.3015873015873,12.3015873015873,33.45000076293945
2017-04-20,31.557266235351562,31.20456638605067,-21.41046763386255,23.015873015873016,23.015873015873016,34.0
2017-04-21,31.102466583251953,31.529420493017977,-23.437874915815843,20.634920634920633,20.634920634920633,33.5099983215332
2017-04-24,31.974925994873047,31.965642466319284,-7.439199564431982,42.857142857142854,42.857142857142854,34.45000076293945
2017-04-25,32.44828796386719,32.29050336193001,8.652340396361474,60.912698412698404,60.912698412698404,34.959999084472656
2017-04-26,32.903079986572266,32.541100273281764,18.026387854185725,70.63492063492063,70.63492063492063,35.45000076293945
2017-04-27,33.15367126464844,32.99588319949133,23.708747559097937,77.18253968253968,77.18253968253968,35.720001220703125
2017-04-28,33.34857940673828,33.265045390325724,28.731361183120534,82.34126984126983,82.34126984126983,35.93000030517578
2017-05-01,33.552791595458984,33.367159959647395,32.04920354697659,85.71428571428571,85.71428571428571,36.150001525878906
2017-05-02,33.81266784667969,33.692006773413944,35.286180027956654,87.6984126984127,87.6984126984127,36.43000030517578
2017-05-03,33.39500045776367,33.608475580498215,31.972127977347114,85.31746031746032,85.31746031746032,35.97999954223633
2017-05-04,34.04471206665039,33.62704177557668,35.57064802914056,87.6984126984127,87.6984126984127,36.68000030517578
2017-05-05,33.98902893066406,34.1746606050491,35.780812265933235,88.09523809523809,88.09523809523809,36.619998931884766
2017-05-08,33.34857940673828,33.94259750539331,28.820395133256326,81.34920634920636,81.34920634920636,35.93000030517578
2017-05-09,33.441410064697266,33.459973582105455,25.911277382162147,77.97619047619048,77.97619047619048,36.029998779296875
2017-05-10,33.17225646972656,33.32076110666589,20.816664714103467,72.02380952380952,72.02380952380952,35.7400016784668
2017-05-11,33.246498107910156,32.9866159480715,18.964690568423954,70.23809523809523,70.23809523809523,35.81999969482422
2017-05-12,33.033023834228516,33.21865547066341,15.042860563318072,65.47619047619048,65.47619047619048,35.59000015258789
2017-05-15,33.65488815307617,33.09799674454651,20.190232617093862,71.23015873015873,71.23015873015873,36.2599983215332
2017-05-16,33.237205505371094,33.68271912771047,17.287662973703757,67.65873015873017,67.65873015873017,35.810001373291016
2017-05-17,31.974925994873047,32.49469029376408,-1.977325035845916,48.214285714285715,48.214285714285715,34.45000076293945
2017-05-18,32.38331604003906,31.872831676981253,-6.808234820057551,41.66666666666667,41.66666666666667,34.88999938964844
2017-05-19,32.64319610595703,32.578225566165486,-5.671062826477145,43.05555555555556,43.05555555555556,35.16999816894531
2017-05-22,32.85667037963867,32.60606824233065,-6.234969157467949,42.857142857142854,42.857142857142854,35.400001525878906
2017-05-23,33.246498107910156,33.033022970809995,-0.20984539493037832,50.595238095238095,50.595238095238095,35.81999969482422
2017-05-24,33.441410064697266,33.31146898346884,6.174917497085206,56.547619047619044,56.547619047619044,36.029998779296875
2017-05-25,33.96117401123047,33.61775783038033,17.058524779716507,67.85714285714286,67.85714285714286,36.59000015258789
2017-05-26,33.7291374206543,33.951896076686324,19.043450660012866,71.42857142857143,71.42857142857143,36.34000015258789
2017-05-30,33.58991241455078,33.617759459113216,17.89978511652258,68.65079365079364,68.65079365079364,36.189998626708984
2017-05-31,33.98902893066406,33.756990222840194,23.144562202215617,75.79365079365078,75.79365079365078,36.619998931884766
2017-06-01,35.177059173583984,34.17465055118199,31.756547168119166,84.32539682539682,84.32539682539682,37.900001525878906
2017-06-02,35.74323654174805,35.27915918392378,35.832543323679246,88.09523809523809,88.09523809523809,38.5099983215332
2017-06-05,35.520477294921875,35.743232418226974,35.93028823313391,88.09523809523809,88.09523809523809,38.27000045776367
2017-06-06,35.177059173583984,35.307000245237134,32.16203823740986,84.72222222222221,84.72222222222221,37.900001525878906
2017-06-07,35.464786529541016,35.399815990583775,32.73721555223481,85.11904761904762,85.11904761904762,38.209999084472656
2017-06-08,35.26059341430664,35.46478501058582,30.6907284982959,82.53968253968253,82.53968253968253,37.9900016784668
2017-06-09,35.93814468383789,35.269872286461684,33.90166098572214,85.9126984126984,85.9126984126984,38.720001220703125
2017-06-12,35.77108383178711,35.90102492635246,33.82329105059521,85.51587301587301,85.51587301587301,38.540000915527344
2017-06-13,35.96599197387695,35.901021432916394,35.234254064614404,86.5079365079365,86.5079365079365,38.75
2017-06-14,36.43935012817383,36.11449741579279,36.81756406275972,89.48412698412699,89.48412698412699,39.2599983215332
2017-06-15,36.3651008605957,36.09593515205374,36.953601698200764,89.68253968253968,89.68253968253968,39.18000030517578
2017-06-16,36.47648239135742,36.448638880771476,37.66988741899979,89.88095238095238,89.88095238095238,39.29999923706055
2017-06-19,37.62738800048828,36.63426287053461,39.884952002734906,93.45238095238095,93.45238095238095,40.540000915527344
2017-06-20,38.072898864746094,37.67379213758688,39.63296388423357,92.65873015873017,92.65873015873017,41.02000045776367
2017-06-21,39.53009796142578,38.40703193252056,42.08206182673337,96.23015873015873,96.23015873015873,42.59000015258789
2017-06-22,40.78311538696289,39.94777829888177,41.636428608025504,95.23809523809523,95.23809523809523,43.939998626708984
2017-06-23,40.58820343017578,40.783115061777664,40.80039701065603,94.24603174603175,94.24603174603175,43.72999954223633
2017-06-26,40.430419921875,40.86665022233271,39.66611942455135,92.06349206349206,92.06349206349206,43.560001373291016
2017-06-27,39.24238204956055,40.2262273680262,33.5585354726317,83.33333333333334,83.33333333333334,42.279998779296875
2017-06-28,39.919921875,39.409437628741046,32.85920629935094,82.53968253968253,82.53968253968253,43.0099983215332
2017-06-29,38.833988189697266,39.88280386784009,24.36271203872369,72.81746031746032,72.81746031746032,41.84000015258789
2017-06-30,38.71332550048828,39.01033467377303,18.053596085159846,66.46825396825396,66.46825396825396,41.709999084472656
2017-07-03,38.88039779663086,39.04746591720187,15.531528549178827,63.49206349206349,63.49206349206349,41.88999938964844
2017-07-05,39.54866027832031,39.16811710894224,18.236798076538374,66.66666666666666,66.66666666666666,42.61000061035156
2017-07-06,38.0264892578125,39.10314828691671,8.275357626409733,55.952380952380956,55.952380952380956,40.970001220703125
2017-07-07,38.620513916015625,38.397755251580804,7.238840985263334,54.761904761904766,54.761904761904766,41.61000061035156
2017-07-10,38.3234977722168,38.434875313916606,3.687058306246112,50.595238095238095,50.595238095238095,41.290000915527344
2017-07-11,38.20283889770508,38.15643188105023,0.7319732139328372,48.214285714285715,48.214285714285715,41.15999984741211
2017-07-12,39.03818893432617,38.59267509204392,4.749291220963805,51.78571428571429,51.78571428571429,42.060001373291016
2017-07-13,39.14027786254883,39.14027786254883,7.323157274604647,54.761904761904766,54.761904761904766,42.16999816894531
2017-07-14,39.81784439086914,39.29807640142225,13.094518389279083,60.51587301587301,60.51587301587301,42.900001525878906
2017-07-17,39.49298095703125,39.854960716016166,13.291396024370993,60.71428571428571,60.71428571428571,42.54999923706055
2017-07-18,39.52082443237305,39.316629288070004,12.684053269205517,59.72222222222222,59.72222222222222,42.58000183105469
2017-07-19,40.40256881713867,39.88280450441201,17.16776861530091,65.47619047619048,65.47619047619048,43.529998779296875
2017-07-20,41.21007537841797,40.50467573324991,26.495425504872895,75.39682539682539,75.39682539682539,44.400001525878906
2017-07-21,41.06155014038086,41.0708301260359,29.813014572727447,78.57142857142857,78.57142857142857,44.2400016784668
2017-07-24,41.06155014038086,41.00585960456698,31.66088630244778,80.55555555555556,80.55555555555556,44.2400016784668
2017-07-25,40.17980194091797,41.37712188070343,23.456213368624972,72.42063492063492,72.42063492063492,43.290000915527344
2017-07-26,39.80855941772461,40.08700515388098,15.196970888428652,63.095238095238095,63.095238095238095,42.88999938964844
2017-07-27,38.96392822265625,39.95705332418106,0.984886542350528,47.61904761904761,47.61904761904761,41.97999954223633
2017-07-28,39.49298095703125,38.991776579684846,-0.5530183891139588,46.62698412698413,46.62698412698413,42.54999923706055
2017-07-31,39.40944290161133,39.61363804368695,-2.172508235249008,44.44444444444444,44.44444444444444,42.459999084472656
2017-08-01,39.13099670410156,39.74357858140857,-6.457635081251045,40.07936507936508,40.07936507936508,42.15999984741211
2017-08-02,38.84326934814453,39.001057474336,-12.010279741551875,35.51587301587302,35.51587301587302,41.849998474121094
2017-08-03,39.0753059387207,38.63907569891741,-12.005688365248007,35.714285714285715,35.714285714285715,42.099998474121094
2017-08-04,38.81542205810547,39.316626352723176,-15.17476426472974,30.952380952380953,30.952380952380953,41.81999969482422
2017-08-07,38.99177169799805,38.861830625464535,-14.714990358979637,31.944444444444443,31.944444444444443,42.0099983215332
2017-08-08,38.49985885620117,38.722617555530825,-20.236087164042303,22.817460317460316,22.817460317460316,41.47999954223633
2017-08-09,38.60194778442383,38.17499754218895,-22.870500530791833,21.03174603174603,21.03174603174603,41.59000015258789
2017-08-10,37.18186950683594,38.23996504080268,-32.30200358456427,11.706349206349206,11.706349206349206,40.060001373291016
2017-08-11,37.43247985839844,37.13546710409808,-35.25570650596247,8.531746031746032,8.531746031746032,40.33000183105469
2017-08-14,38.17500686645508,37.9986551932977,-30.249600601984817,13.690476190476192,13.690476190476192,41.130001068115234
2017-08-15,38.20283889770508,38.31421644580239,-27.076584006436544,15.873015873015872,15.873015873015872,41.15999984741211
2017-08-16,38.472007751464844,38.40703721461782,-22.156702652487635,21.23015873015873,21.23015873015873,41.45000076293945
2017-08-17,37.05192947387695,38.1657156882165,-31.698378346677615,12.103174603174603,12.103174603174603,39.91999816894531
2017-08-18,36.56000518798828,36.87557785960901,-36.83626425687651,6.349206349206349,6.349206349206349,39.38999938964844
2017-08-21,37.01480484008789,36.44862999204984,-35.949829035588486,7.738095238095238,7.738095238095238,39.880001068115234
2017-08-22,38.332786560058594,37.04265215554771,-24.072986362012173,19.246031746031747,19.246031746031747,41.29999923706055
2017-08-23,37.543861389160156,37.94296822600371,-22.640812054339406,21.626984126984127,21.626984126984127,40.45000076293945
2017-08-24,37.83158493041992,37.75733439374873,-18.403626357676945,25.992063492063494,25.992063492063494,40.7599983215332
2017-08-25,37.84086227416992,38.10074442097748,-15.77360414108407,30.158730158730158,30.158730158730158,40.77000045776367
2017-08-28,38.44416046142578,38.28637588455484,-6.38349919871181,41.07142857142857,41.07142857142857,41.41999816894531
2017-08-29,38.611228942871094,37.96152357221576,0.8463782546332735,48.214285714285715,48.214285714285715,41.599998474121094
2017-08-30,39.260929107666016,38.676190863714574,13.529500299696236,61.111111111111114,61.111111111111114,42.29999923706055
2017-08-31,41.2193489074707,39.54867120333864,25.318148456339202,73.61111111111111,73.61111111111111,44.40999984741211
2017-09-01,41.10795593261719,41.57203309544025,29.257364231830042,77.38095238095238,77.38095238095238,44.290000915527344
2017-09-05,40.56964111328125,39.92921564449682,27.201925370732287,75.39682539682539,75.39682539682539,43.709999084472656
2017-09-06,41.247196197509766,40.89449993849536,30.102784915800946,78.57142857142857,78.57142857142857,44.439998626708984
2017-09-07,42.51875686645508,41.312153242217526,34.45888643594702,83.92857142857143,83.92857142857143,45.810001373291016
2017-09-08,43.066368103027344,42.22174769109717,37.11974685625364,88.29365079365078,88.29365079365078,46.400001525878906
2017-09-11,44.19872283935547,43.623267955572956,39.64300693880635,91.86507936507937,91.86507936507937,47.619998931884766
2017-09-12,44.365787506103516,44.28225345361476,41.020645908521885,94.64285714285714,94.64285714285714,47.79999923706055
2017-09-13,43.84602737426758,44.12447306209684,39.529144116688585,90.87301587301587,90.87301587301587,47.2400016784668
2017-09-14,44.031654357910156,43.38194894962967,39.307581301084284,90.27777777777779,90.27777777777779,47.439998626708984
2017-09-15,43.83674621582031,44.38435763244041,38.16611133222819,88.4920634920635,88.4920634920635,47.22999954223633
2017-09-18,43.53044128417969,43.771759862031786,35.63236638990867,84.12698412698413,84.12698412698413,46.900001525878906
2017-09-19,42.51875686645508,43.56756885155695,27.67547796758607,73.80952380952381,73.80952380952381,45.810001373291016
2017-09-20,42.67655563354492,42.74152618378933,23.905272428865118,70.43650793650794,70.43650793650794,45.97999954223633
2017-09-21,41.989715576171875,42.500199897004165,16.34798288098173,61.30952380952381,61.30952380952381,45.2400016784668
2017-09-22,41.98042678833008,42.045397318807964,12.239377999429749,55.75396825396825,55.75396825396825,45.22999954223633
2017-09-25,41.62773513793945,42.03612545486387,6.834064773023016,50.595238095238095,50.595238095238095,44.849998474121094
2017-09-26,41.41425704956055,41.766956787139115,1.995131884836518,45.63492063492063,45.63492063492063,44.619998931884766
2017-09-27,41.33071517944336,41.62772431052013,-1.5440206343661382,42.46031746031746,42.46031746031746,44.529998779296875
2017-09-28,41.469947814941406,41.23790916492075,-3.510197941779134,40.27777777777778,40.27777777777778,44.68000030517578
2017-09-29,42.22175216674805,41.54419622741876,0.32729254166141564,43.65079365079365,43.65079365079365,45.4900016784668
2017-10-02,43.45620346069336,42.509485226787035,11.92050701393609,55.35714285714286,55.35714285714286,46.81999969482422
2017-10-03,43.48404312133789,43.60470421495277,18.24284757844343,64.48412698412699,64.48412698412699,46.849998474121094
2017-10-04,44.050209045410156,43.576851837030105,25.29276758414007,71.03174603174604,71.03174603174604,47.459999084472656
2017-10-05,44.06877517700195,44.06877517700195,28.88050996508126,75.39682539682539,75.39682539682539,47.47999954223633
2017-10-06,43.985252380371094,44.13375699653236,29.75347086557698,76.38888888888889,76.38888888888889,47.38999938964844
2017-10-09,43.1035041809082,44.078069475261586,20.178662088732004,65.87301587301587,65.87301587301587,46.439998626708984
2017-10-10,43.35410690307617,43.214885816943735,17.325910553352745,61.904761904761905,61.904761904761905,46.709999084472656
2017-10-11,43.669677734375,43.493329616778865,19.18106874855782,65.47619047619048,65.47619047619048,47.04999923706055
2017-10-12,43.502593994140625,43.632535038435385,18.055754278755117,62.89682539682539,62.89682539682539,46.869998931884766
2017-10-13,43.12205505371094,43.15918208159643,12.637256428613982,54.761904761904766,54.761904761904766,46.459999084472656
2017-10-16,42.528045654296875,43.15919109768539,1.6685332381150126,43.25396825396825,43.25396825396825,45.81999969482422
2017-10-17,44.226585388183594,42.62087418698429,14.436635927623573,57.53968253968254,57.53968253968254,47.650001525878906
2017-10-18,44.4586181640625,44.51430518834901,20.156355277799936,65.67460317460318,65.67460317460318,47.900001525878906
2017-10-19,45.284664154052734,44.41219655691595,28.54642284371757,74.20634920634922,74.20634920634922,48.790000915527344
2017-10-20,45.36819839477539,45.41460541721774,32.58109542574646,80.35714285714286,80.35714285714286,48.880001068115234
2017-10-23,45.080474853515625,45.98078607263319,29.246184163189216,75.0,75.0,48.56999969482422
2017-10-24,44.115177154541016,44.94123399759055,18.427212420873758,62.89682539682539,62.89682539682539,47.529998779296875
2017-10-25,43.985252380371094,44.03165940905349,11.228986080850188,51.78571428571429,51.78571428571429,47.38999938964844
2017-10-26,42.546627044677734,43.1220821763355,-7.557774758974801,32.93650793650794,32.93650793650794,45.84000015258789
2017-10-27,42.546627044677734,42.2310541904208,-17.712336871489175,23.61111111111111,23.61111111111111,45.84000015258789
2017-10-30,41.21007537841797,42.08253963362094,-30.042617186103328,13.293650793650794,13.293650793650794,44.400001525878906
2017-10-31,40.95945739746094,41.349280571980565,-36.80473707267098,5.753968253968254,5.753968253968254,44.130001068115234
2017-11-01,41.21007537841797,41.172948335908146,-39.06478588346288,2.976190476190476,2.976190476190476,44.400001525878906
2017-11-02,40.67172622680664,41.33071501243107,-41.43623819885779,1.5873015873015872,1.5873015873015872,43.81999969482422
2017-11-03,41.62773513793945,40.76455101978617,-37.42399347223025,4.9603174603174605,4.9603174603174605,44.849998474121094
2017-11-06,41.2286262512207,41.358570871299,-37.46605886543982,4.9603174603174605,4.9603174603174605,44.41999816894531
2017-11-07,41.525634765625,41.30287612303993,-35.67433689090044,8.531746031746032,8.531746031746032,44.7400016784668
2017-11-08,41.83192825317383,41.590609610929164,-32.52886223375289,12.3015873015873,12.3015873015873,45.06999969482422
2017-11-09,41.822635650634766,41.50706303480098,-30.951268432410263,13.690476190476192,13.690476190476192,45.060001373291016
2017-11-10,41.0151481628418,41.55347949967622,-34.51224067444688,10.714285714285714,10.714285714285714,44.189998626708984
2017-11-13,41.09867477416992,40.78310214364602,-35.81710375080987,8.333333333333332,8.333333333333332,44.279998779296875
2017-11-14,40.61604690551758,40.82024206644272,-38.6843113435907,3.968253968253968,3.968253968253968,43.7599983215332
2017-11-15,40.300472259521484,40.170531178065794,-40.51492136391874,1.7857142857142856,1.7857142857142856,43.41999816894531
2017-11-16,41.51636505126953,40.523239668088536,-33.813191248316,12.3015873015873,12.3015873015873,44.72999954223633
2017-11-17,41.0058708190918,41.29360002187823,-33.66076768827552,12.5,12.5,44.18000030517578
2017-11-20,40.523223876953125,40.99658109712236,-36.207797984342115,8.134920634920634,8.134920634920634,43.65999984741211
2017-11-21,41.5442008972168,40.98730951916421,-28.422632008743953,16.865079365079367,16.865079365079367,44.7599983215332
2017-11-22,41.51636505126953,42.008285977341515,-23.103585076396577,22.42063492063492,22.42063492063492,44.72999954223633
2017-11-24,41.794795989990234,41.66485492652812,-14.36751859717187,31.944444444444443,31.944444444444443,45.029998779296875
2017-11-27,41.850494384765625,41.76696032249547,-5.704356825587322,39.285714285714285,39.285714285714285,45.09000015258789
2017-11-28,42.76008987426758,42.17535137910934,9.257931363858532,52.976190476190474,52.976190476190474,46.06999969482422
2017-11-29,43.409793853759766,42.87146245169736,17.29257105252686,62.5,62.5,46.77000045776367
2017-11-30,44.412200927734375,43.53045679625055,25.09580929362337,71.23015873015873,71.23015873015873,47.849998474121094
2017-12-01,44.124454498291016,44.41218005372498,26.243961234216272,73.01587301587301,73.01587301587301,47.540000915527344
2017-12-04,42.49092102050781,44.94124886128683,11.36839876188632,53.769841269841265,53.769841269841265,45.779998779296875
2017-12-05,42.28672409057617,42.60229679052931,0.9850797295231775,45.23809523809524,45.23809523809524,45.560001373291016
2017-12-06,42.16606903076172,42.16606903076172,-5.705402985011253,39.08730158730159,39.08730158730159,45.43000030517578
2017-12-07,42.16606903076172,42.156785500849416,-9.220849925231033,35.51587301587302,35.51587301587302,45.43000030517578
2017-12-08,43.56757354736328,42.59301197250884,1.5096187845401408,45.43650793650794,45.43650793650794,46.939998626708984
2017-12-11,44.10591125488281,43.77177500027603,11.592837359301758,53.96825396825397,53.96825396825397,47.52000045776367
2017-12-12,44.634952545166016,44.30081633996145,20.767687503590395,67.26190476190477,67.26190476190477,48.09000015258789
2017-12-13,45.0861930847168,44.66838376197412,26.459067732502117,73.01587301587301,73.01587301587301,48.560001373291016
2017-12-14,43.72134017944336,45.35543415017302,17.583791724891515,61.904761904761905,61.904761904761905,47.09000015258789
2017-12-15,45.14189910888672,44.25057490551516,22.752435760211874,68.84920634920636,68.84920634920636,48.619998931884766
2017-12-18,45.15118408203125,45.801109284804156,23.15275054098998,69.24603174603175,69.24603174603175,48.630001068115234
2017-12-19,44.98381423950195,45.21626470067582,21.79343101013487,67.65873015873017,67.65873015873017,48.380001068115234
2017-12-20,44.62120819091797,45.07680927296952,16.921678048587303,59.92063492063492,59.92063492063492,47.9900016784668
2017-12-21,44.2957649230957,44.83505176382866,10.497458430405821,51.78571428571429,51.78571428571429,47.63999938964844
2017-12-22,43.83085250854492,44.10979231513228,2.7854979249272573,45.63492063492063,45.63492063492063,47.13999938964844
2017-12-26,43.84945297241211,43.84015651500558,-1.5495522896288427,41.46825396825397,41.46825396825397,47.15999984741211
2017-12-27,44.10980224609375,43.979630543506694,-1.7508548591426385,41.269841269841265,41.269841269841265,47.439998626708984
2017-12-28,44.26787185668945,44.0168249020097,-0.2832106453016894,42.857142857142854,42.857142857142854,47.61000061035156
2017-12-29,43.32877731323242,44.42594409706614,-9.533184256366352,35.11904761904761,35.11904761904761,46.599998474121094
2018-01-02,44.881534576416016,43.44963891280543,0.6219840616446736,43.84920634920635,43.84920634920635,48.27000045776367
2018-01-03,46.108863830566406,45.02099405885291,16.1176321907626,59.72222222222222,59.72222222222222,49.59000015258789
2018-01-04,46.30413818359375,46.601674535297576,23.19340701381481,69.64285714285714,69.64285714285714,49.79999923706055
2018-01-05,47.51287841796875,46.77833757015842,30.862527677931723,78.57142857142857,78.57142857142857,51.099998474121094
2018-01-08,46.98288345336914,47.41989143098033,30.303366030976576,77.77777777777779,77.77777777777779,50.529998779296875
2018-01-09,48.60075378417969,47.131664836463095,34.29609710382938,82.53968253968253,82.53968253968253,52.27000045776367
2018-01-10,48.34039306640625,48.19162493282741,34.4908628521463,82.93650793650794,82.93650793650794,51.9900016784668
2018-01-11,49.01915740966797,48.62863876642364,37.65440554402263,87.5,87.5,52.720001220703125
2018-01-12,50.06053161621094,49.04704746045954,39.09895706020236,89.48412698412699,89.48412698412699,53.84000015258789
2018-01-16,50.86016845703125,51.12051187356097,37.968791883223766,87.6984126984127,87.6984126984127,54.70000076293945
2018-01-17,52.27347183227539,51.60401322835475,39.90992747470853,92.65873015873017,92.65873015873017,56.220001220703125
2018-01-18,52.39433670043945,52.28276146333007,41.198278731698785,94.84126984126983,94.84126984126983,56.349998474121094
2018-01-19,52.94291687011719,52.71046640406957,42.38613572519351,96.42857142857143,96.42857142857143,56.939998626708984
2018-01-22,53.92850875854492,52.868535188383,43.33197479099496,99.60317460317461,99.60317460317461,58.0
2018-01-23,53.184669494628906,54.30972894459621,40.65233766768841,93.25396825396825,93.25396825396825,57.20000076293945
2018-01-24,53.61238479614258,53.86343176934874,40.2595995856927,92.46031746031747,92.46031746031747,57.65999984741211
2018-01-25,55.00707244873047,54.17954944278071,41.569532003301966,94.64285714285714,94.64285714285714,59.15999984741211
2018-01-26,58.531028747558594,55.99267005413775,43.11413610486009,98.4126984126984,98.4126984126984,62.95000076293945
2018-01-29,58.07543182373047,58.028942433309226,42.42318263920134,96.23015873015873,96.23015873015873,62.459999084472656
2018-01-30,54.29113006591797,53.92850790783681,29.906768000652136,73.80952380952381,73.80952380952381,58.38999938964844
2018-01-31,52.02242660522461,55.127965665637554,14.27095943612224,53.769841269841265,53.769841269841265,55.95000076293945
2018-02-01,52.06890869140625,51.25068199026282,5.207014030015531,44.44444444444444,44.44444444444444,56.0
2018-02-02,49.91176223754883,50.87875698657138,-9.645734308205146,31.349206349206348,31.349206349206348,53.68000030517578
2018-02-05,43.3101692199707,48.92616935397413,-26.47767078108866,15.079365079365079,15.079365079365079,46.58000183105469
2018-02-06,44.61189270019531,40.474273724661884,-30.604146367378114,12.3015873015873,12.3015873015873,47.97999954223633
2018-02-07,44.50032043457031,44.398041655919734,-32.95016235923591,10.119047619047619,10.119047619047619,47.86000061035156
2018-02-08,39.7955207824707,44.342251525599295,-39.44105969399168,2.976190476190476,2.976190476190476,42.79999923706055
2018-02-09,41.431976318359375,41.013564729967314,-38.96027031981279,3.571428571428571,3.571428571428571,44.560001373291016
2018-02-12,42.612815856933594,42.185104356762956,-36.76967945075603,5.952380952380952,5.952380952380952,45.83000183105469
2018-02-13,42.74299621582031,42.027048298082384,-35.24111163518832,7.936507936507936,7.936507936507936,45.970001220703125
2018-02-14,44.13770294189453,41.934069604836814,-32.115110443959935,10.912698412698413,10.912698412698413,47.470001220703125
2018-02-15,45.70906066894531,45.05819863800916,-27.32592870545757,14.087301587301587,14.087301587301587,49.15999984741211
2018-02-16,46.55518341064453,45.56029560666029,-22.285453274631724,19.642857142857142,19.642857142857142,50.06999969482422
2018-02-20,45.04889678955078,45.66256582028339,-23.60164868364371,17.857142857142858,17.857142857142858,48.45000076293945
2018-02-21,44.5282096862793,45.22556106841208,-25.11809917141359,16.666666666666664,16.666666666666664,47.88999938964844
2018-02-22,44.27716827392578,45.00241621351053,-26.27412110879227,15.476190476190476,15.476190476190476,47.619998931884766
2018-02-23,46.34133529663086,44.95592865210886,-21.093301187758964,21.23015873015873,21.23015873015873,49.84000015258789
2018-02-26,48.173030853271484,46.71324236198255,-13.645288240184907,30.158730158730158,30.158730158730158,51.810001373291016
2018-02-27,46.67605972290039,48.21023084918094,-13.637530369668893,30.357142857142854,30.357142857142854,50.20000076293945
2018-02-28,44.38875198364258,46.955004113144845,-18.376064234285153,23.809523809523807,23.809523809523807,47.7400016784668
2018-03-01,42.268802642822266,44.50032910307021,-24.85769777244088,17.261904761904763,17.261904761904763,45.459999084472656
2018-03-02,43.496124267578125,41.62722433058788,-24.165043490140423,17.658730158730158,17.658730158730158,46.779998779296875
2018-03-05,44.658390045166016,43.096322362231206,-19.80320619976356,23.015873015873016,23.015873015873016,48.029998779296875
2018-03-06,44.5282096862793,45.26275399338484,-15.829324062597358,26.984126984126984,26.984126984126984,47.88999938964844
2018-03-07,45.13258743286133,43.384558776491005,-9.215866461442687,34.12698412698413,34.12698412698413,48.540000915527344
2018-03-08,46.08098602294922,45.262759311965866,-1.0318292093391936,40.67460317460318,40.67460317460318,49.560001373291016
2018-03-09,48.014976501464844,46.79693810610685,10.848680433442787,50.99206349206349,50.99206349206349,51.63999938964844
2018-03-12,47.47568893432617,48.08005807482967,14.473982010266443,55.75396825396825,55.75396825396825,51.060001373291016
2018-03-13,47.680240631103516,47.903394649308865,16.66555131623932,58.92857142857143,58.92857142857143,51.279998779296875
2018-03-14,46.86201858520508,47.92199221551135,13.411008217122511,54.166666666666664,54.166666666666664,50.400001525878906
2018-03-15,46.6574592590332,47.13165666366447,10.63907869910489,50.79365079365079,50.79365079365079,50.18000030517578
2018-03-16,46.6574592590332,46.72254510776862,9.250828402443048,50.0,50.0,50.18000030517578
2018-03-19,44.34225082397461,46.44360508007066,-5.109542359261086,37.89682539682539,37.89682539682539,47.689998626708984
2018-03-20,44.50961685180664,44.51891685726415,-11.90393764691106,32.53968253968254,32.53968253968254,47.869998931884766
2018-03-21,44.007530212402344,44.68628524445744,-17.72266219332317,25.396825396825395,25.396825396825395,47.33000183105469
2018-03-22,40.20463562011719,42.76159083897838,-31.237401707412214,12.103174603174603,12.103174603174603,43.2400016784668
2018-03-23,37.67557144165039,40.204633612288696,-38.4726388537029,4.166666666666666,4.166666666666666,40.52000045776367
2018-03-26,39.96287536621094,39.02377723979403,-36.693848089589835,6.349206349206349,6.349206349206349,42.97999954223633
2018-03-27,38.58677673339844,40.39989104832618,-39.079182503149354,3.1746031746031744,3.1746031746031744,41.5
2018-03-28,39.13535690307617,38.77273477785541,-38.74686850188999,4.166666666666666,4.166666666666666,42.09000015258789
2018-03-29,40.02796936035156,39.80481890024083,-35.91813014561209,7.936507936507936,7.936507936507936,43.04999923706055
2018-04-02,37.257164001464844,39.72114059756538,-38.73805062480923,4.365079365079365,4.365079365079365,40.06999969482422
2018-04-03,39.023780822753906,37.796442788951026,-35.51882341450042,8.928571428571429,8.928571428571429,41.970001220703125
2018-04-04,40.68813705444336,37.60119446337735,-28.974273529157994,14.880952380952381,14.880952380952381,43.7599983215332
2018-04-05,40.53936004638672,41.01356098557586,-25.997603664479513,17.857142857142858,17.857142857142858,43.599998474121094
2018-04-06,37.62908935546875,39.59097220973453,-31.75850776260566,12.5,12.5,40.470001220703125
2018-04-09,38.67046356201172,38.11258380616568,-31.844516021070113,12.5,12.5,41.59000015258789
2018-04-10,40.69743347167969,39.88850673463342,-25.317966534359886,19.246031746031747,19.246031746031747,43.77000045776367
2018-04-11,39.66535568237305,39.82342387674743,-25.19144367035775,19.444444444444446,19.444444444444446,42.65999984741211
2018-04-12,40.48358154296875,40.251131033714564,-22.178315310538828,23.61111111111111,23.61111111111111,43.540000915527344
2018-04-13,40.38129425048828,40.911281016264155,-20.356615709390844,25.198412698412696,25.198412698412696,43.43000030517578
2018-04-16,41.338993072509766,41.06934966079424,-15.152236472886457,31.746031746031743,31.746031746031743,44.459999084472656
2018-04-17,42.3245964050293,42.37108580546572,-7.302109835571671,39.08730158730159,39.08730158730159,45.52000045776367
2018-04-18,42.426856994628906,42.66860390123244,-1.04391505704943,44.44444444444444,44.44444444444444,45.630001068115234
2018-04-19,41.338993072509766,42.185112689306884,-3.288407832911967,42.65873015873016,42.65873015873016,44.459999084472656
2018-04-20,40.64164733886719,41.32970242640667,-2.6132714994232997,43.25396825396825,43.25396825396825,43.709999084472656
2018-04-23,41.09725570678711,40.90199810670127,0.4862533412851661,46.230158730158735,46.230158730158735,44.20000076293945
2018-04-24,40.13954162597656,41.385476168135256,-3.623565791146246,42.46031746031746,42.46031746031746,43.16999816894531
2018-04-25,40.68813705444336,40.00938196844106,-2.1978810900221815,43.65079365079365,43.65079365079365,43.7599983215332
2018-04-26,42.25019073486328,41.23670667369081,8.26158490942641,53.57142857142857,53.57142857142857,45.439998626708984
2018-04-27,42.72439956665039,42.16651627823365,16.11840925563314,62.5,62.5,45.95000076293945
2018-04-30,40.79039764404297,43.23577699176636,7.68302778136289,53.37301587301587,53.37301587301587,43.869998931884766
2018-05-01,40.734622955322266,40.66953710537316,2.3160414088233447,49.007936507936506,49.007936507936506,43.810001373291016
2018-05-02,39.005184173583984,40.297608040291145,-10.19429780343663,36.904761904761905,36.904761904761905,41.95000076293945
2018-05-03,37.9917106628418,38.391525810544785,-21.03263338514398,24.801587301587304,24.801587301587304,40.86000061035156
2018-05-04,38.82853317260742,37.759262912268014,-22.57294041903396,23.41269841269841,23.41269841269841,41.7599983215332
2018-05-07,38.72624969482422,39.01448600740702,-23.748428037394117,21.23015873015873,21.23015873015873,41.650001525878906
2018-05-08,37.77785110473633,38.4287131254189,-28.6376611340975,15.476190476190476,15.476190476190476,40.630001068115234
2018-05-09,38.465904235839844,37.87083157766196,-27.716886035653992,16.071428571428573,16.071428571428573,41.369998931884766
2018-05-10,40.00008010864258,38.847124135938216,-17.69428364819627,29.761904761904763,29.761904761904763,43.02000045776367
2018-05-11,41.72950744628906,40.055864848726905,-1.5053305568906792,45.43650793650794,45.43650793650794,44.880001068115234
2018-05-14,42.54772186279297,42.07352458283208,11.276269011789578,56.74603174603175,56.74603174603175,45.7599983215332
2018-05-15,40.86479949951172,41.84109091139496,8.127418711992943,53.769841269841265,53.769841269841265,43.95000076293945
2018-05-16,41.56214904785156,40.80900817019866,10.320655174000592,55.35714285714286,55.35714285714286,44.70000076293945
2018-05-17,41.59933090209961,41.431966307182975,11.695691278265526,57.14285714285714,57.14285714285714,44.7400016784668
2018-05-18,41.934059143066406,41.469158249919715,14.562392134466814,60.912698412698404,60.912698412698404,45.099998474121094
2018-05-21,42.064239501953125,42.519840446522885,16.789150261666517,64.0873015873016,64.0873015873016,45.2400016784668
2018-05-22,41.71092224121094,42.59423493432122,15.365013832621655,61.70634920634921,61.70634920634921,44.86000061035156
2018-05-23,42.092124938964844,41.19951612526237,17.232395717182325,64.88095238095238,64.88095238095238,45.27000045776367
2018-05-24,41.683021545410156,42.082833105637455,15.092223811035026,60.71428571428571,60.71428571428571,44.83000183105469
2018-05-25,41.51565170288086,41.6644198486966,12.844188271602256,57.341269841269835,57.341269841269835,44.650001525878906
2018-05-29,40.22323226928711,40.75322266335467,2.5715651622529707,47.817460317460316,47.817460317460316,43.2599983215332
2018-05-30,41.88758087158203,40.874096513873056,9.422589414104312,53.769841269841265,53.769841269841265,45.04999923706055
2018-05-31,40.55795669555664,41.97125596774306,3.836351415242254,48.61111111111111,48.61111111111111,43.619998931884766
2018-06-01,41.952659606933594,41.032157736953174,10.417698001818156,54.563492063492056,54.563492063492056,45.119998931884766
2018-06-04,42.41756820678711,42.03634951104925,16.813324929501945,64.48412698412699,64.48412698412699,45.619998931884766
2018-06-05,42.25019073486328,42.51053763979376,18.801585305801343,68.45238095238095,68.45238095238095,45.439998626708984
2018-06-06,43.728580474853516,42.501242299643685,25.758180580474114,74.60317460317461,74.60317460317461,47.029998779296875
2018-06-07,43.62630844116211,43.979634196757274,26.9875978881513,75.59523809523809,75.59523809523809,46.91999816894531
2018-06-08,44.49102783203125,43.58912223195176,30.792788561234985,79.76190476190477,79.76190476190477,47.849998474121094
2018-06-11,44.658390045166016,44.38875015405656,30.596950671385276,79.56349206349206,79.56349206349206,48.029998779296875
2018-06-12,44.62120819091797,44.81646579751149,30.2733680904413,79.16666666666666,79.16666666666666,47.9900016784668
2018-06-13,44.518917083740234,44.83504987956005,28.865310980513755,77.38095238095238,77.38095238095238,47.880001068115234
2018-06-14,45.29995346069336,44.98382064659328,32.52047688527145,81.94444444444444,81.94444444444444,48.720001220703125
2018-06-15,45.64396667480469,45.09538351694883,35.63570698328007,85.31746031746032,85.31746031746032,49.09000015258789
2018-06-18,44.258567810058594,44.74206521045678,28.487720979727648,75.9920634920635,75.9920634920635,47.599998474121094
2018-06-19,44.586631774902344,43.19795794610028,26.378004481911493,74.40476190476191,74.40476190476191,47.84000015258789
2018-06-20,44.91282653808594,44.89418621611414,27.349223736338235,75.1984126984127,75.1984126984127,48.189998626708984
2018-06-21,44.12063217163086,44.89418597528219,22.406788156108416,70.23809523809523,70.23809523809523,47.34000015258789
2018-06-22,44.63322448730469,44.44682484095517,23.100715758627032,70.63492063492063,70.63492063492063,47.88999938964844
2018-06-25,43.468238830566406,44.08335528362996,14.223464106421083,58.333333333333336,58.333333333333336,46.63999938964844
2018-06-26,43.05817413330078,43.5800891115251,6.029197461363675,48.80952380952381,48.80952380952381,46.20000076293945
2018-06-27,41.883853912353516,43.00224862053221,-10.462897164504744,34.92063492063492,34.92063492063492,44.939998626708984
2018-06-28,42.07024383544922,41.5856061228116,-17.448627736254636,28.373015873015873,28.373015873015873,45.13999938964844
2018-06-29,42.284603118896484,42.480324729085396,-19.26892251926823,25.992063492063494,25.992063492063494,45.369998931884766
2018-07-02,42.67604064941406,41.60424525993954,-16.613741728047987,28.968253968253972,28.968253968253972,45.790000915527344
2018-07-03,43.039520263671875,42.87176091480041,-11.344615215980722,34.72222222222222,34.72222222222222,46.18000030517578
2018-07-05,44.35363006591797,43.6080349808196,3.2886252323432665,47.22222222222222,47.22222222222222,47.59000015258789
2018-07-06,46.245582580566406,44.8196316249191,20.248077232146805,68.84920634920636,68.84920634920636,49.619998931884766
2018-07-09,47.17757797241211,46.90730216986628,29.576939756180543,77.77777777777779,77.77777777777779,50.619998931884766
2018-07-10,47.71813201904297,47.41989398279027,35.261549808981236,84.52380952380952,84.52380952380952,51.20000076293945
2018-07-11,46.590423583984375,46.9539010024907,32.02949347441245,81.34920634920636,81.34920634920636,49.9900016784668
2018-07-12,48.21210479736328,47.317390378737024,36.3837465808302,87.10317460317461,87.10317460317461,51.72999954223633
2018-07-13,48.519649505615234,47.96045050469148,38.24373028924137,89.0873015873016,89.0873015873016,52.060001373291016
2018-07-16,47.485130310058594,48.48236434695009,33.9356517906148,83.73015873015873,83.73015873015873,50.95000076293945
2018-07-17,48.258689880371094,47.42921507250501,34.81352898715453,84.52380952380952,84.52380952380952,51.779998779296875
2018-07-18,48.342567443847656,48.27732809474853,35.65180701504069,86.11111111111111,86.11111111111111,51.869998931884766
2018-07-19,47.52241516113281,47.895210938119504,31.74005450952008,80.75396825396825,80.75396825396825,50.9900016784668
2018-07-20,47.21486282348633,47.18690411338684,28.12849562785254,75.59523809523809,75.59523809523809,50.65999984741211
2018-07-23,47.5876579284668,47.20554018532907,27.897626881557457,75.59523809523809,75.59523809523809,51.060001373291016
2018-07-24,48.87381362915039,48.45441874818116,32.54148939440559,82.93650793650794,82.93650793650794,52.439998626708984
2018-07-25,50.579368591308594,48.90177831846135,36.88089436501822,88.88888888888889,88.88888888888889,54.27000045776367
2018-07-26,50.290443420410156,50.36500471815752,37.85808621368798,90.27777777777779,90.27777777777779,53.959999084472656
2018-07-27,49.106807708740234,50.58867967277597,32.72772827479286,83.33333333333334,83.33333333333334,52.689998626708984
2018-07-30,49.25592041015625,49.18136267996822,30.283935505594243,79.56349206349206,79.56349206349206,52.849998474121094
2018-07-31,50.77507019042969,49.66599779128584,34.4924493299217,85.71428571428571,85.71428571428571,54.47999954223633
2018-08-01,50.87759780883789,50.663239425005536,36.01043801716167,88.69047619047619,88.69047619047619,54.59000015258789
2018-08-02,51.35292053222656,50.30908717944943,37.703812839158005,91.07142857142857,91.07142857142857,55.099998474121094
2018-08-03,52.284908294677734,50.30908025985984,39.89718786106413,94.64285714285714,94.64285714285714,56.099998474121094
2018-08-06,52.55519485473633,52.31287773116866,40.20039032559507,94.84126984126983,94.84126984126983,56.38999938964844
2018-08-07,52.53654479980469,52.69498576129,39.76245959255482,94.04761904761905,94.04761904761905,56.369998931884766
2018-08-08,52.816139221191406,52.461983786416894,40.52504460498883,95.03968253968253,95.03968253968253,56.66999816894531
2018-08-09,52.60179138183594,52.881392698746865,38.738714379686506,91.46825396825396,91.46825396825396,56.439998626708984
2018-08-10,51.949398040771484,51.84687803144596,33.6590712675358,83.53174603174604,83.53174603174604,55.7400016784668
2018-08-13,51.94007873535156,52.28491587534698,30.784250638461895,79.76190476190477,79.76190476190477,55.72999954223633
2018-08-14,52.65771484375,52.00531766560357,33.300028635910394,83.13492063492063,83.13492063492063,56.5
2018-08-15,52.43402862548828,52.126472174150514,32.77355681936666,82.73809523809523,82.73809523809523,56.2599983215332
2018-08-16,53.906578063964844,53.00254199224926,36.99513490706502,89.28571428571429,89.28571428571429,57.84000015258789
2018-08-17,54.41917037963867,53.93453270530521,38.6373444529938,91.26984126984127,91.26984126984127,58.38999938964844
2018-08-20,54.987693786621094,54.903814111515125,40.15312321236056,94.44444444444444,94.44444444444444,59.0
2018-08-21,54.94110107421875,55.42573885774521,39.96373621265669,94.24603174603175,94.24603174603175,58.95000076293945
2018-08-22,55.14613342285156,54.67081761492475,40.637182865747484,95.03968253968253,95.03968253968253,59.16999816894531
2018-08-23,54.95973587036133,55.11817328379654,39.988266237805384,94.04761904761905,94.04761904761905,58.970001220703125
2018-08-24,55.69601821899414,55.230020730847244,41.56956606013235,96.23015873015873,96.23015873015873,59.7599983215332
2018-08-27,56.34840393066406,56.30180490240115,42.511365713721425,97.61904761904762,97.61904761904762,60.459999084472656
2018-08-28,56.51616668701172,56.665285719618154,41.03752240883039,95.23809523809523,95.23809523809523,60.63999938964844
2018-08-29,57.61592102050781,56.581406173946185,42.30378732280373,96.82539682539682,96.82539682539682,61.81999969482422
2018-08-30,57.392250061035156,57.289730048881154,41.351121984591074,95.43650793650794,95.43650793650794,61.58000183105469
2018-08-31,57.28971481323242,57.168554507882874,40.29352719559523,93.65079365079364,93.65079365079364,61.470001220703125
2018-09-04,56.02222442626953,57.08469824101271,31.64401300669852,77.38095238095238,77.38095238095238,60.11000061035156
2018-09-05,56.48820877075195,55.83581166073021,29.498736966579976,74.40476190476191,74.40476190476191,60.61000061035156
2018-09-06,56.637325286865234,56.52548690463653,29.036648948364242,73.80952380952381,73.80952380952381,60.77000045776367
2018-09-07,56.795772552490234,56.05017728281226,29.73286745820543,74.60317460317461,74.60317460317461,60.939998626708984
2018-09-10,56.27384567260742,57.37359979470791,25.712024583393116,69.24603174603175,69.24603174603175,60.380001068115234
2018-09-11,56.15269470214844,55.9196959689445,22.557617155962273,65.87301587301587,65.87301587301587,60.25
2018-09-12,57.10331344604492,56.08743912085424,27.078311128722238,70.63492063492063,70.63492063492063,61.27000045776367
2018-09-13,59.079166412353516,57.75573513082463,34.367548545762375,82.14285714285714,82.14285714285714,63.38999938964844
2018-09-14,58.529266357421875,59.19098174012051,34.6885230711862,82.73809523809523,82.73809523809523,62.79999923706055
2018-09-17,57.93280029296875,58.51063611006825,29.977242828358257,74.8015873015873,74.8015873015873,62.15999984741211
2018-09-18,58.81820297241211,57.876886064206765,32.06233575979694,78.37301587301587,78.37301587301587,63.11000061035156
2018-09-19,58.61315155029297,58.71567154564571,31.36706811551933,76.5873015873016,76.5873015873016,62.88999938964844
2018-09-20,60.27211380004883,59.051202648589054,35.575493761738436,83.92857142857143,83.92857142857143,64.66999816894531
2018-09-21,60.50510025024414,60.644900891294284,36.95090996341171,86.70634920634922,86.70634920634922,64.91999816894531
2018-09-24,60.840614318847656,60.355980192017185,37.73106653720525,88.09523809523809,88.09523809523809,65.27999877929688
2018-09-25,60.30496597290039,61.17286498829279,34.33995654430011,81.15079365079364,81.15079365079364,64.62000274658203
2018-09-26,60.715576171875,60.68758057953237,32.49694460294831,77.97619047619048,77.97619047619048,65.05999755859375
2018-09-27,61.555477142333984,60.93955277499461,34.81427662224629,82.34126984126983,82.34126984126983,65.95999908447266
2018-09-28,62.17141342163086,61.3128415441054,38.13552576254528,88.4920634920635,88.4920634920635,66.62000274658203
2018-10-01,63.22593307495117,62.91796741170578,38.674367633698324,89.28571428571429,89.28571428571429,67.75
2018-10-02,62.98331069946289,63.41259305500972,37.97792147115754,88.09523809523809,88.09523809523809,67.48999786376953
2018-10-03,62.54469299316406,63.61790242289339,35.305751074508365,82.53968253968253,82.53968253968253,67.0199966430664
2018-10-04,60.640926361083984,62.17141385080619,22.539109600367674,62.5,62.5,64.9800033569336
2018-10-05,60.47293472290039,60.74356349198211,14.534532393245541,51.587301587301596,51.587301587301596,64.80000305175781
2018-10-08,60.20230484008789,60.11831094618171,8.834335795511102,44.642857142857146,44.642857142857146,64.51000213623047
2018-10-09,60.60359191894531,59.6890289178677,7.753903590611137,43.65079365079365,43.65079365079365,64.94000244140625
2018-10-10,56.36676025390625,60.44494669195973,-17.267734153621916,24.206349206349206,24.206349206349206,60.400001525878906
2018-10-11,51.76595687866211,55.74149112352805,-29.83096248867908,12.103174603174603,12.103174603174603,55.470001220703125
2018-10-12,54.07101058959961,53.632397622399566,-31.287942511993784,10.912698412698413,10.912698412698413,57.939998626708984
2018-10-15,52.87648391723633,53.9403589535007,-34.53569602294094,7.936507936507936,7.936507936507936,56.65999984741211
2018-10-16,57.486610412597656,54.080344152417105,-22.23280963988305,19.642857142857142,19.642857142857142,61.599998474121094
2018-10-17,58.326515197753906,57.393290954589844,-12.688759227525297,27.77777777777778,27.77777777777778,62.5
2018-10-18,56.2734260559082,58.07454928700833,-14.386588822684407,26.58730158730159,26.58730158730159,60.29999923706055
2018-10-19,54.61228942871094,56.7587047232703,-20.456452355815912,20.833333333333336,20.833333333333336,58.52000045776367
2018-10-22,53.25911331176758,54.66828407231698,-26.81425007304348,13.492063492063492,13.492063492063492,57.06999969482422
2018-10-23,52.447200775146484,51.327331022658555,-30.958164609940507,10.119047619047619,10.119047619047619,56.20000076293945
2018-10-24,47.32380676269531,52.47520569208684,-37.8313091982775,3.968253968253968,3.968253968253968,50.709999084472656
2018-10-25,49.00361251831055,47.36113911251875,-37.22197334163766,4.365079365079365,4.365079365079365,52.5099983215332
2018-10-26,47.351802825927734,47.585108902295204,-39.28999124380854,2.1825396825396823,2.1825396825396823,50.7400016784668
2018-10-29,47.69709396362305,48.788964672584626,-39.82357193400626,1.7857142857142856,1.7857142857142856,51.11000061035156
2018-10-30,49.17158508300781,47.64109786292842,-37.26474728016587,4.166666666666666,4.166666666666666,52.689998626708984
2018-10-31,49.4888801574707,50.48742980643579,-34.99343424133056,6.746031746031746,6.746031746031746,53.029998779296875
2018-11-01,51.364654541015625,49.834167609773516,-28.765453076793957,11.507936507936508,11.507936507936508,55.040000915527344
2018-11-02,50.31945037841797,52.60585052686644,-27.828112229786623,12.103174603174603,12.103174603174603,53.91999816894531
2018-11-05,51.616641998291016,50.31945711321097,-23.186796792179724,17.658730158730158,17.658730158730158,55.310001373291016
2018-11-06,52.42854309082031,51.38333283907556,-17.97052644006695,22.817460317460316,22.817460317460316,56.18000030517578
2018-11-07,57.066673278808594,54.12701500539048,-1.5398806565579393,35.91269841269841,35.91269841269841,61.150001525878906
2018-11-08,57.1879768371582,56.870680472305864,10.75293120246535,46.62698412698413,46.62698412698413,61.279998779296875
2018-11-09,56.55339050292969,56.54405982642344,14.869232441087957,51.78571428571429,51.78571428571429,60.599998474121094
2018-11-12,54.257659912109375,56.18010324034929,9.246999852841007,44.44444444444444,44.44444444444444,58.13999938964844
2018-11-13,53.10979080200195,54.83625420400567,2.4261221410146105,39.48412698412698,39.48412698412698,56.90999984741211
2018-11-14,51.737953186035156,53.94036307279441,-5.788067238482062,31.944444444444443,31.944444444444443,55.439998626708984
2018-11-15,53.25911331176758,50.83273142839433,-4.008489362759657,33.53174603174603,33.53174603174603,57.06999969482422
2018-11-16,54.73360061645508,52.77382766539882,2.284201543733657,39.682539682539684,39.682539682539684,58.650001525878906
2018-11-19,52.596519470214844,54.602949478242785,-2.1266640072386926,35.11904761904761,35.11904761904761,56.36000061035156
2018-11-20,51.04737091064453,51.373997997983146,-9.678902171587623,29.166666666666668,29.166666666666668,54.70000076293945
2018-11-21,50.32878112792969,51.75661300728241,-15.757150519902229,24.801587301587304,24.801587301587304,53.93000030517578
2018-11-23,50.42210388183594,49.47954897827483,-18.41187362217984,21.626984126984127,21.626984126984127,54.029998779296875
2018-11-26,51.9619255065918,51.88726585927013,-14.321026019099941,26.785714285714285,26.785714285714285,55.68000030517578
2018-11-27,53.53908157348633,51.2620153725671,-6.285627068678114,32.53968253968254,32.53968253968254,57.369998931884766
2018-11-28,57.486610412597656,54.12700465132985,10.828334855135092,47.61904761904761,47.61904761904761,61.599998474121094
2018-11-29,57.98123550415039,57.03867682535251,18.024399216929147,57.738095238095234,57.738095238095234,62.130001068115234
2018-11-30,59.64236068725586,57.89723236545114,25.12112413410501,65.07936507936508,65.07936507936508,63.90999984741211
2018-12-03,60.6315803527832,61.63013001039834,26.83212277165843,67.26190476190477,67.26190476190477,64.97000122070312
2018-12-04,56.48806381225586,60.36094594908795,14.425248211538339,50.99206349206349,50.99206349206349,60.529998779296875
2018-12-06,55.80680465698242,54.332312319486995,5.431711563533841,41.66666666666667,41.66666666666667,59.79999923706055
2018-12-07,51.66329574584961,55.246877056543454,-12.416188893612153,27.380952380952383,27.380952380952383,55.36000061035156
2018-12-10,52.17657470703125,51.49532133991368,-18.433212159078757,21.23015873015873,21.23015873015873,55.90999984741211
2018-12-11,52.64317321777344,53.50174127160429,-20.1910001665523,20.238095238095237,20.238095238095237,56.40999984741211
2018-12-12,53.96836853027344,54.360321067814404,-16.631184478544007,23.41269841269841,23.41269841269841,57.83000183105469
2018-12-13,54.11767578125,54.50962825715657,-14.224099425340823,26.190476190476193,26.190476190476193,57.9900016784668
2018-12-14,48.66765213012695,52.21390401033519,-27.56350245108693,11.507936507936508,11.507936507936508,52.150001525878906
2018-12-17,45.6719970703125,47.36113437594973,-34.93099165795376,5.952380952380952,5.952380952380952,48.939998626708984
2018-12-18,44.47746276855469,46.90384413030996,-38.721809071674926,1.984126984126984,1.984126984126984,47.65999984741211
2018-12-19,42.76968002319336,44.86943512263518,-40.918464220396665,0.1984126984126984,0.1984126984126984,45.83000183105469
2018-12-20,41.061866760253906,42.228397065942936,-42.47906104137657,0.0,0.0,44.0
2018-12-21,39.3634033203125,40.791235434900194,-44.126790166408156,0.0,0.0,42.18000030517578
2018-12-24,36.4984016418457,38.8034667198864,-45.189252416678706,0.0,0.0,39.11000061035156
2018-12-26,41.42584228515625,37.0583505707521,-40.42338275431766,1.1904761904761905,1.1904761904761905,44.38999938964844
2018-12-27,42.658687591552734,39.78481972311509,-35.68999443500312,6.15079365079365,6.15079365079365,45.56999969482422
2018-12-28,42.77102279663086,43.557358247613074,-32.86680691104047,8.531746031746032,8.531746031746032,45.689998626708984
2018-12-31,44.54964065551758,43.716500229685664,-28.401133825418878,12.896825396825399,12.896825396825399,47.59000015258789
2019-01-02,42.71485137939453,42.611878343829716,-28.65716447331037,12.5,12.5,45.630001068115234
2019-01-03,39.934600830078125,42.827191620041845,-32.91405537114953,8.531746031746032,8.531746031746032,42.65999984741211
2019-01-04,43.48246383666992,41.338763505995104,-28.403842863917006,13.293650793650794,13.293650793650794,46.45000076293945
2019-01-07,43.987972259521484,43.49182970643934,-22.66575811029979,19.841269841269842,19.841269841269842,46.9900016784668
2019-01-08,45.242366790771484,45.663615005457444,-16.222675963985385,26.785714285714285,26.785714285714285,48.33000183105469
2019-01-09,45.672969818115234,45.68232938009615,-11.718324581713826,31.349206349206348,31.349206349206348,48.790000915527344
2019-01-10,45.96316909790039,44.961527989218304,-8.4511258150311,33.33333333333333,33.33333333333333,49.099998474121094
2019-01-11,46.39377975463867,45.30788839174507,-5.664326603855629,36.11111111111111,36.11111111111111,49.560001373291016
2019-01-14,44.84918975830078,45.5325520646565,-8.213806523622385,33.53174603174603,33.53174603174603,47.90999984741211
2019-01-15,47.189476013183594,44.811747137175765,-0.41128468606452917,40.27777777777778,40.27777777777778,50.40999984741211
2019-01-16,46.974178314208984,47.47031735393786,9.159683215900502,48.01587301587302,48.01587301587302,50.18000030517578
2019-01-17,48.27537536621094,46.51548089676712,17.80051335286572,59.12698412698413,59.12698412698413,51.56999969482422
2019-01-18,49.932289123535156,49.27700902638855,24.419590712959895,65.87301587301587,65.87301587301587,53.34000015258789
2019-01-22,48.88384246826172,48.799592120150244,25.294473398969952,66.46825396825396,66.46825396825396,52.220001220703125
2019-01-23,49.024253845214844,49.16467227240293,26.07947758784741,67.46031746031747,67.46031746031747,52.369998931884766
2019-01-24,47.732421875,48.89320044352751,21.854876839668776,62.698412698412696,62.698412698412696,50.9900016784668
2019-01-25,47.90092086791992,48.25664495908395,20.213944890767756,61.50793650793651,61.50793650793651,51.16999816894531
2019-01-28,46.28144454956055,47.12394802592557,12.748420187462079,51.587301587301596,51.587301587301596,49.439998626708984
2019-01-29,46.91800308227539,46.272086115303885,10.432270938036105,48.41269841269841,48.41269841269841,50.119998931884766
2019-01-30,48.82766342163086,47.48902128592892,17.24414341487946,57.341269841269835,57.341269841269835,52.15999984741211
2019-01-31,50.662445068359375,48.537467689085105,24.398400160640847,65.27777777777779,65.27777777777779,54.119998931884766
2019-02-01,50.82160186767578,50.690546551366225,28.25702727885573,69.84126984126983,69.84126984126983,54.290000915527344
2019-02-04,50.38161849975586,50.821592902025536,28.421929223698967,70.23809523809523,70.23809523809523,53.81999969482422
2019-02-05,50.175682067871094,50.56885159397285,26.273873056036738,67.26190476190477,67.26190476190477,53.599998474121094
2019-02-06,50.72797775268555,49.698254565062136,27.494722024607025,68.84920634920636,68.84920634920636,54.189998626708984
2019-02-07,49.10850524902344,49.829312953593714,19.131264105488484,59.72222222222222,59.72222222222222,52.459999084472656
2019-02-08,49.33317184448242,48.46258618591594,15.876842811172187,54.36507936507936,54.36507936507936,52.70000076293945
2019-02-11,49.145957946777344,49.72634730741459,12.3243946051671,50.0,50.0,52.5
2019-02-12,51.1024284362793,49.716981092783136,21.261856886510856,61.904761904761905,61.904761904761905,54.59000015258789
2019-02-13,51.46752166748047,51.345825908191195,25.87184496004079,66.86507936507937,66.86507936507937,54.97999954223633
2019-02-14,51.879398345947266,51.242844575305874,28.17324586601591,70.23809523809523,70.23809523809523,55.41999816894531
2019-02-15,54.20096206665039,52.796792101928766,33.088550478335506,79.56349206349206,79.56349206349206,57.900001525878906
2019-02-19,53.78907012939453,53.7703474346084,33.3957654023517,79.96031746031747,79.96031746031747,57.459999084472656
2019-02-20,53.55504608154297,53.38654538598891,32.50669389017145,78.17460317460318,78.17460317460318,57.209999084472656
2019-02-21,52.104068756103516,53.06826436088813,25.574016058991468,66.46825396825396,66.46825396825396,55.65999984741211
2019-02-22,53.57377243041992,52.47852140563484,27.688073167534867,70.03968253968253,70.03968253968253,57.22999954223633
2019-02-25,53.7609977722168,54.360109831737525,28.70667811284467,71.62698412698413,71.62698412698413,57.43000030517578
2019-02-26,53.199317932128906,53.41462355200289,26.714060552573283,68.65079365079364,68.65079365079364,56.83000183105469
2019-02-27,52.422359466552734,52.71255595629892,21.58983020922955,62.10317460317461,62.10317460317461,56.0
2019-02-28,51.93557357788086,52.02918706511473,14.746516392667688,53.17460317460318,53.17460317460318,55.47999954223633
2019-03-01,54.17287826538086,52.84359902979832,22.104848575189884,62.89682539682539,62.89682539682539,57.869998931884766
2019-03-04,51.99173355102539,54.622209639199056,11.814066034613878,49.60317460317461,49.60317460317461,55.540000915527344
2019-03-05,51.88875961303711,51.95428725723199,5.377616140287489,43.452380952380956,43.452380952380956,55.43000030517578
2019-03-06,49.51103591918945,51.90748744894675,-11.877993840219808,30.158730158730158,30.158730158730158,52.88999938964844
2019-03-07,48.33154296875,49.33318416877088,-25.18897137711898,16.666666666666664,16.666666666666664,51.630001068115234
2019-03-08,47.96645736694336,47.61073323665313,-29.918845369260083,12.103174603174603,12.103174603174603,51.2400016784668
2019-03-11,49.688899993896484,48.30344904709038,-24.790345523424207,17.46031746031746,17.46031746031746,53.08000183105469
2019-03-12,50.75606918334961,49.99781605137312,-16.440474552465716,26.190476190476193,26.190476190476193,54.220001220703125
2019-03-13,52.35683059692383,51.41135392142565,-3.449264836897789,36.904761904761905,36.904761904761905,55.93000030517578
2019-03-14,52.085350036621094,52.403628741766795,1.8150786740213003,42.46031746031746,42.46031746031746,55.63999938964844
2019-03-15,52.7499885559082,52.46915525066876,7.885509062278409,46.62698412698413,46.62698412698413,56.349998474121094
2019-03-18,52.52532958984375,52.8997728510531,10.05229858406238,48.80952380952381,48.80952380952381,56.11000061035156
2019-03-19,53.80794143676758,53.123505593671815,17.042656111885254,58.53174603174603,58.53174603174603,57.38999938964844
2019-03-20,52.64532470703125,53.59228264373168,14.280748938502963,54.36507936507936,54.36507936507936,56.150001525878906
2019-03-21,53.2641487121582,51.36085074632844,15.912021474303147,57.341269841269835,57.341269841269835,56.810001373291016
2019-03-22,50.3388671875,52.60782158429652,1.218188225302079,42.06349206349206,42.06349206349206,53.689998626708984
2019-03-25,50.2451171875,50.460761037468856,-7.221219404706559,33.92857142857143,33.92857142857143,53.59000015258789
2019-03-26,51.21083068847656,51.257709167307254,-6.203821648650963,35.11904761904761,35.11904761904761,54.619998931884766
2019-03-27,49.973209381103516,51.13581471689974,-12.270010898149359,30.158730158730158,30.158730158730158,53.29999923706055
2019-03-28,50.34825897216797,50.563902852083636,-13.650270127957645,29.166666666666668,29.166666666666668,53.70000076293945
2019-03-29,52.12028503417969,51.126444890972245,-4.663111571822618,36.30952380952381,36.30952380952381,55.59000015258789
2019-04-01,52.345298767089844,52.992230221136,1.317453507022734,42.06349206349206,42.06349206349206,55.83000183105469
2019-04-02,51.979637145996094,52.401550510938804,3.624468392658789,44.047619047619044,44.047619047619044,55.439998626708984
2019-04-03,51.82963562011719,52.60783195545621,3.828564298783855,44.24603174603175,44.24603174603175,55.279998779296875
2019-04-04,51.49209976196289,51.88588681154395,2.194094318666726,42.46031746031746,42.46031746031746,54.91999816894531
2019-04-05,52.542205810546875,51.801513626106576,7.835710932208591,46.62698412698413,46.62698412698413,56.040000915527344
2019-04-08,52.495323181152344,52.28905358238753,9.28098235149918,48.61111111111111,48.61111111111111,55.9900016784668
2019-04-09,51.895267486572266,52.03590650235326,3.4995886455372522,43.25396825396825,43.25396825396825,55.349998474121094
2019-04-10,52.0452766418457,52.129659329305234,1.4947317081287392,40.87301587301587,40.87301587301587,55.5099983215332
2019-04-11,50.12322998046875,52.26092351454938,-14.019875399228493,27.18253968253968,27.18253968253968,53.459999084472656
2019-04-12,48.69811248779297,50.667041066718866,-28.23034507981939,13.88888888888889,13.88888888888889,51.939998626708984
2019-04-15,49.27002716064453,48.95124853084744,-32.208463786826805,9.325396825396826,9.325396825396826,52.54999923706055
2019-04-16,46.28851318359375,50.40450566931513,-37.88466687956618,3.571428571428571,3.571428571428571,49.369998931884766
2019-04-17,42.29440689086914,46.68229947518169,-40.7444527327798,0.992063492063492,0.992063492063492,45.11000061035156
2019-04-18,42.37879180908203,42.66006625588904,-40.35458276581317,1.5873015873015872,1.5873015873015872,45.20000076293945
2019-04-22,42.51005172729492,42.20064734129966,-39.792594347887864,1.984126984126984,1.984126984126984,45.34000015258789
2019-04-23,44.47897720336914,42.52880462683522,-35.132459353926684,7.936507936507936,7.936507936507936,47.439998626708984
2019-04-24,44.35708999633789,44.53522962727159,-32.81876611489858,9.920634920634921,9.920634920634921,47.310001373291016
2019-04-25,45.79158401489258,44.15081268451379,-27.489943732435783,15.476190476190476,15.476190476190476,48.84000015258789
2019-04-26,47.09484100341797,45.96973955707824,-19.8088715171449,22.023809523809522,22.023809523809522,50.22999954223633
2019-04-29,46.75730514526367,47.09483590025086,-16.95790552099133,24.6031746031746,24.6031746031746,49.869998931884766
2019-04-30,47.47924041748047,47.188591744678284,-12.298888288155181,28.76984126984127,28.76984126984127,50.63999938964844
2019-05-01,47.0479736328125,47.64802692548038,-10.970213176953274,30.357142857142854,30.357142857142854,50.18000030517578
2019-05-02,47.73238754272461,46.935442803005955,-7.354175694815831,32.53968253968254,32.53968253968254,50.90999984741211
2019-05-03,48.75436019897461,48.19181131962586,-0.8821424050535067,39.08730158730159,39.08730158730159,52.0
2019-05-06,49.64506149291992,46.588536390214195,6.8139788391414475,46.42857142857143,46.42857142857143,52.95000076293945
2019-05-07,46.766685485839844,48.23869190862325,-2.0506567077352367,37.5,37.5,49.880001068115234
2019-05-08,46.944820404052734,46.60728966506113,-5.691390421354164,34.92063492063492,34.92063492063492,50.06999969482422
2019-05-09,46.70105743408203,45.84785619000845,-8.872602627320713,31.944444444444443,31.944444444444443,49.810001373291016
2019-05-10,46.56978225708008,46.32601206043494,-11.16355629872231,30.357142857142854,30.357142857142854,49.66999816894531
2019-05-13,44.150821685791016,44.319587057450654,-18.77339752731275,22.61904761904762,22.61904761904762,47.09000015258789
2019-05-14,44.685245513916016,44.63836703740086,-20.40773724563885,21.428571428571427,21.428571428571427,47.65999984741211
2019-05-15,45.041534423828125,44.1602032099189,-20.000841606412802,22.22222222222222,22.22222222222222,48.040000915527344
2019-05-16,46.035362243652344,45.50093977429454,-14.218811770617702,28.174603174603174,28.174603174603174,49.099998474121094
2019-05-17,45.81034851074219,45.210295405539284,-12.388710560671283,29.563492063492063,29.563492063492063,48.86000061035156
2019-05-20,45.7259635925293,45.116532675398844,-13.573044402574306,29.166666666666668,29.166666666666668,48.77000045776367
2019-05-21,46.907318115234375,46.40102556260648,-7.37487427798538,34.12698412698413,34.12698412698413,50.029998779296875
2019-05-22,47.78865432739258,46.57917019245565,0.047105579570853234,41.86507936507937,41.86507936507937,50.970001220703125
2019-05-23,47.25422286987305,47.14171024367655,-0.056436419943465294,41.66666666666667,41.66666666666667,50.400001525878906
2019-05-24,47.49800109863281,47.81677977352023,1.6858492282495363,44.24603174603175,44.24603174603175,50.65999984741211
2019-05-28,45.44469451904297,47.601136856362395,-11.057820901990048,31.746031746031743,31.746031746031743,48.470001220703125
2019-05-29,44.12269973754883,44.73212712819142,-23.24853116936661,18.849206349206348,18.849206349206348,47.060001373291016
2019-05-30,44.82588577270508,44.478977168282015,-25.868732080891636,16.865079365079367,16.865079365079367,47.810001373291016
2019-05-31,43.8414192199707,43.78516647803525,-31.270586852075937,11.706349206349206,11.706349206349206,46.7599983215332
2019-06-03,44.141441345214844,44.06643293409195,-32.597944363762174,10.119047619047619,10.119047619047619,47.08000183105469
2019-06-04,46.39164733886719,45.36030655962652,-20.37075943288181,22.42063492063492,22.42063492063492,49.47999954223633
2019-06-05,47.35736083984375,47.1792211878316,-5.258974211700375,37.89682539682539,37.89682539682539,50.5099983215332
2019-06-06,47.807403564453125,47.56362975301512,7.061042204329855,49.801587301587304,49.801587301587304,50.9900016784668
2019-06-07,49.551300048828125,48.60434202945163,18.915796061714932,65.87301587301587,65.87301587301587,52.849998474121094
2019-06-10,50.02947235107422,50.13260714176455,25.390994354267892,71.82539682539682,71.82539682539682,53.36000061035156
2019-06-11,49.61692810058594,50.7607813686266,24.81642752154693,70.83333333333334,70.83333333333334,52.91999816894531
2019-06-12,50.39513397216797,49.523180670335584,27.99157408972871,76.19047619047619,76.19047619047619,53.75
2019-06-13,50.27324295043945,50.545143114045885,29.059806666379224,78.37301587301587,78.37301587301587,53.619998931884766
2019-06-14,49.888832092285156,50.18885861585874,27.576620910361576,75.59523809523809,75.59523809523809,53.209999084472656
2019-06-17,50.526397705078125,50.0107272559419,29.660047686369623,79.56349206349206,79.56349206349206,53.88999938964844
2019-06-18,51.782752990722656,51.14519571879826,32.207300106280066,83.53174603174604,83.53174603174604,55.22999954223633
2019-06-19,53.29227066040039,51.76400785488413,35.85260449871817,89.48412698412699,89.48412698412699,56.84000015258789
2019-06-20,53.92982482910156,54.520503670812445,36.6068245074549,90.07936507936508,90.07936507936508,57.52000045776367
2019-06-21,54.651756286621094,53.68604261605294,38.7532334712647,93.45238095238095,93.45238095238095,58.290000915527344
2019-06-24,53.826690673828125,54.41736952259577,36.879551369286,90.27777777777779,90.27777777777779,57.40999984741211
2019-06-25,53.114131927490234,53.99545954842371,32.62971846911455,84.72222222222221,84.72222222222221,56.650001525878906
2019-06-26,51.13582229614258,53.41415126019041,22.22620550015471,68.45238095238095,68.45238095238095,54.540000915527344
2019-06-27,52.10154342651367,51.64212926206722,19.945379463988328,66.46825396825396,66.46825396825396,55.56999969482422
2019-06-28,52.60783767700195,52.42969443182277,20.650699738997975,67.46031746031747,67.46031746031747,56.11000061035156
2019-07-01,53.545413970947266,53.995453787445726,24.277933627180488,70.83333333333334,70.83333333333334,57.11000061035156
2019-07-02,54.173587799072266,53.5922868769299,27.653498025376262,76.5873015873016,76.5873015873016,57.779998779296875
2019-07-03,55.66434860229492,54.47361675998618,33.24557074747417,86.30952380952381,86.30952380952381,59.369998931884766
2019-07-05,54.47362518310547,54.99867347418704,30.196150587750992,81.54761904761905,81.54761904761905,58.099998474121094
2019-07-08,53.27350616455078,53.83605496042349,21.079915286302406,67.46031746031747,67.46031746031747,56.81999969482422
2019-07-09,53.37664031982422,52.701578911405235,15.592009467755258,60.912698412698404,60.912698412698404,56.93000030517578
2019-07-10,53.92982482910156,53.779811552416106,15.989494201094706,61.30952380952381,61.30952380952381,57.52000045776367
2019-07-11,53.97670364379883,55.14868349289399,16.400324859524776,61.904761904761905,61.904761904761905,57.56999969482422
2019-07-12,52.15778732299805,53.47978032595939,3.652918418672485,47.817460317460316,47.817460317460316,55.630001068115234
2019-07-15,52.47657012939453,52.10153515232033,-1.4151067000518835,41.46825396825397,41.46825396825397,55.970001220703125
2019-07-16,51.63274383544922,52.504697127443585,-10.164901064128752,33.53174603174603,33.53174603174603,55.06999969482422
2019-07-17,51.72649383544922,51.87651066917115,-17.172632784995557,26.190476190476193,26.190476190476193,55.16999816894531
2019-07-18,52.504703521728516,51.67962860779647,-14.417042869482884,28.57142857142857,28.57142857142857,56.0
2019-07-19,50.81704330444336,52.85159845886429,-25.867760265356004,17.46031746031746,17.46031746031746,54.20000076293945
2019-07-22,50.62015151977539,51.10769195399424,-31.526352770783646,11.706349206349206,11.706349206349206,53.9900016784668
2019-07-23,51.548370361328125,51.18271315605941,-26.76226900058909,16.865079365079367,16.865079365079367,54.97999954223633
2019-07-24,51.613990783691406,51.47335535063418,-22.580493947963586,21.23015873015873,21.23015873015873,55.04999923706055
2019-07-25,50.788909912109375,51.47334919555193,-26.055928579499003,17.46031746031746,17.46031746031746,54.16999816894531
2019-07-26,51.30459213256836,51.29521429067671,-23.963536394622132,19.841269841269842,19.841269841269842,54.720001220703125
2019-07-29,51.914024353027344,51.26709268964423,-18.610153157422772,25.396825396825395,25.396825396825395,55.369998931884766
2019-07-30,51.313961029052734,51.107691448202615,-19.905395849932788,24.6031746031746,24.6031746031746,54.72999954223633
2019-07-31,49.75757598876953,51.25770875899376,-27.222817440608534,16.46825396825397,16.46825396825397,53.06999969482422
2019-08-01,49.92634582519531,49.691949835405666,-30.090061183653084,13.293650793650794,13.293650793650794,53.25
2019-08-02,49.53255844116211,49.57005907840756,-32.5128010083006,10.515873015873016,10.515873015873016,52.83000183105469
2019-08-05,46.05411911010742,47.90116049524936,-36.23034840172529,6.15079365079365,6.15079365079365,49.119998931884766
2019-08-06,47.87302780151367,46.60728758673736,-32.58518498181011,10.515873015873016,10.515873015873016,51.060001373291016
2019-08-07,48.041805267333984,46.73856051564207,-29.7854942565242,14.682539682539684,14.682539682539684,51.2400016784668
2019-08-08,49.8138313293457,48.54809097629711,-20.07217178897772,25.595238095238095,25.595238095238095,53.130001068115234
2019-08-09,49.98259735107422,49.138770438214756,-11.268579560797093,35.11904761904761,35.11904761904761,53.310001373291016
2019-08-12,48.501216888427734,49.363795974862875,-13.772533317614965,32.34126984126984,32.34126984126984,51.72999954223633
2019-08-13,50.38576126098633,48.388706516816065,-4.189943195384262,41.07142857142857,41.07142857142857,53.7400016784668
2019-08-14,46.091617584228516,48.86686466060462,-19.612567125017915,25.992063492063494,25.992063492063494,49.15999984741211
2019-08-15,46.60729217529297,46.45727890283914,-24.904828602575666,19.841269841269842,19.841269841269842,49.709999084472656
2019-08-16,48.28556823730469,47.638636668885205,-19.587583834403635,25.992063492063494,25.992063492063494,51.5
2019-08-19,49.7107048034668,49.43880458128557,-7.478004483112242,37.89682539682539,37.89682539682539,53.02000045776367
2019-08-20,48.3980712890625,49.6638114743896,-7.9403894868111475,37.5,37.5,51.619998931884766
2019-08-21,49.52317810058594,49.373164829377366,-1.8827470336829941,42.857142857142854,42.857142857142854,52.81999969482422
2019-08-22,48.66060256958008,49.804452418601144,-3.5639298034854487,41.269841269841265,41.269841269841265,51.900001525878906
2019-08-23,45.407188415527344,48.379327652098716,-20.037677817763416,24.00793650793651,24.00793650793651,48.43000030517578
2019-08-26,46.766685485839844,46.62604647154642,-22.067884715980604,22.22222222222222,22.22222222222222,49.880001068115234
2019-08-27,45.950984954833984,47.52612617889175,-26.27219827354453,17.261904761904763,17.261904761904763,49.0099983215332
2019-08-28,46.92607879638672,45.44469792637819,-23.573890539848797,20.436507936507937,20.436507936507937,50.04999923706055
2019-08-29,47.99491882324219,47.798027061519,-15.118125235149323,29.761904761904763,29.761904761904763,51.189998626708984
2019-08-30,48.116798400878906,48.72622927708628,-9.124379607664965,36.507936507936506,36.507936507936506,51.31999969482422
2019-09-03,47.272979736328125,47.254231205253106,-11.24998433285545,34.32539682539682,34.32539682539682,50.41999816894531
2019-09-04,47.31047439575195,48.154301187642126,-11.893976795086434,33.53174603174603,33.53174603174603,50.459999084472656
2019-09-05,48.68872833251953,48.41682816480693,-3.0579037924556163,42.46031746031746,42.46031746031746,51.93000030517578
2019-09-06,49.15752410888672,49.07314141491588,5.078804843771899,50.99206349206349,50.99206349206349,52.43000030517578
2019-09-09,47.7698974609375,49.31690865413971,-0.4720568531688425,45.43650793650794,45.43650793650794,50.95000076293945
2019-09-10,48.1636848449707,47.01045705553117,-0.2569614798218891,46.03174603174603,46.03174603174603,51.369998931884766
2019-09-11,49.607566833496094,48.23869511985607,9.24579315085236,54.563492063492056,54.563492063492056,52.90999984741211
2019-09-12,49.53255844116211,50.188864300441104,14.727301733833903,61.70634920634921,61.70634920634921,52.83000183105469
2019-09-13,49.420040130615234,49.75757086329668,16.969684496610913,65.07936507936508,65.07936507936508,52.709999084472656
2019-09-16,49.11064910888672,48.72623982613835,15.519829364144485,62.698412698412696,62.698412698412696,52.380001068115234
2019-09-17,49.29816436767578,48.941881475635775,16.648547680280686,64.48412698412699,64.48412698412699,52.58000183105469
2019-09-18,49.27002716064453,49.223148686738725,17.128430336128623,65.87301587301587,65.87301587301587,52.54999923706055
2019-09-19,49.98259735107422,49.36379214051016,22.31469959323697,71.62698412698413,71.62698412698413,53.310001373291016
2019-09-20,50.80766677856445,50.141983113475874,27.645947231379033,78.37301587301587,78.37301587301587,54.189998626708984
2019-09-23,49.973209381103516,50.41387485479531,25.110680022332488,74.40476190476191,74.40476190476191,53.29999923706055
2019-09-24,48.50782012939453,50.46544853169762,11.42335322169087,58.13492063492064,58.13492063492064,51.540000915527344
2019-09-25,47.83958435058594,48.65839973102121,-1.2901168645097927,44.84126984126984,44.84126984126984,50.83000183105469
2019-09-26,47.001949310302734,48.19723362710975,-13.2681259342149,32.34126984126984,32.34126984126984,49.939998626708984
2019-09-27,46.343135833740234,47.585477894514085,-24.083532578820975,19.841269841269842,19.841269841269842,49.2400016784668
2019-09-30,47.61370849609375,46.69136391436599,-20.3959937670589,23.61111111111111,23.61111111111111,50.59000015258789
2019-10-01,46.2490119934082,48.01840949090182,-27.231554379701212,16.26984126984127,16.26984126984127,49.13999938964844
2019-10-02,44.15962219238281,45.81608068400238,-33.985865053105556,8.531746031746032,8.531746031746032,46.91999816894531
2019-10-03,45.42079162597656,44.03727632984928,-30.624733726376697,12.698412698412698,12.698412698412698,48.2599983215332
2019-10-04,47.50076675415039,45.87254597442024,-16.774224044497952,29.365079365079367,29.365079365079367,50.470001220703125
2019-10-07,46.87017822265625,47.05841259107494,-12.600721100859936,33.92857142857143,33.92857142857143,49.79999923706055
2019-10-08,44.30079650878906,45.81607821434755,-23.520730849583767,21.428571428571427,21.428571428571427,47.06999969482422
2019-10-09,45.194908142089844,45.1854944472991,-24.309492001431614,20.238095238095237,20.238095238095237,48.02000045776367
2019-10-10,45.881961822509766,44.91255947032657,-21.011700251275986,24.206349206349206,24.206349206349206,48.75
2019-10-11,47.0113525390625,47.22782079529359,-11.931970284815488,35.51587301587302,35.51587301587302,49.95000076293945
2019-10-14,47.03018569946289,47.011361900789254,-6.989056821526724,41.46825396825397,41.46825396825397,49.970001220703125
2019-10-15,49.5148811340332,48.385478084263895,9.151635554957682,56.15079365079365,56.15079365079365,52.61000061035156
2019-10-16,49.345458984375,49.51486958182925,16.711922398643058,66.46825396825396,66.46825396825396,52.43000030517578
2019-10-17,50.41839599609375,49.75957733145861,25.37714290298476,75.39682539682539,75.39682539682539,53.56999969482422
2019-10-18,49.91957473754883,50.07016154378976,27.26291901272615,78.17460317460318,78.17460317460318,53.040000915527344
2019-10-21,49.75016403198242,50.766624074502275,28.837477352120665,81.15079365079364,81.15079365079364,52.86000061035156
2019-10-22,50.032508850097656,50.67250360902226,28.723164227254074,80.95238095238095,80.95238095238095,53.15999984741211
2019-10-23,50.9360237121582,50.31485282262963,32.57505516356752,86.70634920634922,86.70634920634922,54.119998931884766
2019-10-24,50.05133819580078,51.265446351600616,30.007766559033332,83.13492063492063,83.13492063492063,53.18000030517578
2019-10-25,50.31486129760742,49.759571803566836,29.874311913876273,82.53968253968253,82.53968253968253,53.459999084472656
2019-10-28,51.82072830200195,50.78544100961754,35.17971563882642,90.27777777777779,90.27777777777779,55.060001373291016
2019-10-29,54.04188537597656,52.28190155234818,39.050128079402626,95.23809523809523,95.23809523809523,57.41999816894531
2019-10-30,55.00189208984375,54.25837161906662,41.606881963934434,98.80952380952381,98.80952380952381,58.439998626708984
2019-10-31,54.71011734008789,54.75717503966185,42.34982515288422,99.0079365079365,99.0079365079365,58.130001068115234
2019-11-01,54.9736442565918,55.293641645470096,40.901124909693664,97.42063492063492,97.42063492063492,58.40999984741211
2019-11-04,54.42778015136719,55.65129857487311,38.72278183597132,94.04761904761905,94.04761904761905,57.83000183105469
2019-11-05,52.96895980834961,54.653652214319514,32.347052482095215,84.72222222222221,84.72222222222221,56.279998779296875
2019-11-06,53.73130416870117,53.279543766952976,31.440470669213216,83.53174603174604,83.53174603174604,57.09000015258789
2019-11-07,54.1171875,54.286598113308784,32.18171001306341,84.32539682539682,84.32539682539682,57.5
2019-11-08,55.312469482421875,54.02306972879611,35.10611099860766,89.0873015873016,89.0873015873016,58.77000045776367
2019-11-11,54.61599349975586,54.68187499136238,33.94184419109179,87.3015873015873,87.3015873015873,58.029998779296875
2019-11-12,55.61363983154297,54.87011594815704,36.282273552198205,90.67460317460318,90.67460317460318,59.09000015258789
2019-11-13,55.792457580566406,55.06775753398341,37.912601297700604,92.65873015873017,92.65873015873017,59.279998779296875
2019-11-14,55.7171745300293,55.698350729665485,38.432119634463895,93.45238095238095,93.45238095238095,59.20000076293945
2019-11-15,59.350093841552734,56.187766737378226,41.00872374466921,97.42063492063492,97.42063492063492,63.060001373291016
2019-11-18,58.72890853881836,59.2747843340493,39.81720781069059,94.84126984126983,94.84126984126983,62.400001525878906
2019-11-19,59.830078125,59.34067009979327,41.45753374487502,98.01587301587301,98.01587301587301,63.56999969482422
2019-11-20,59.660667419433594,59.67949121925003,41.91136565256182,98.61111111111111,98.61111111111111,63.38999938964844
2019-11-21,60.07478713989258,59.75478970595375,42.72647506977162,99.60317460317461,99.60317460317461,63.83000183105469
2019-11-22,60.790061950683594,60.31947776274935,43.41186433463554,100.0,100.0,64.58999633789062
2019-11-25,62.76652145385742,61.27947369264074,43.93262073361438,100.0,100.0,66.69000244140625
2019-11-26,62.653594970703125,62.888887126546315,43.447703078355296,99.8015873015873,99.8015873015873,66.56999969482422
2019-11-27,63.613555908203125,63.039449905833536,43.50786372025585,99.8015873015873,99.8015873015873,67.58999633789062
2019-11-29,63.180641174316406,63.31240419478265,42.51278179056696,98.61111111111111,98.61111111111111,67.12999725341797
2019-12-02,62.13593673706055,63.26534316407601,39.18324925492093,92.85714285714286,92.85714285714286,66.0199966430664
2019-12-03,61.702999114990234,60.73359679445788,36.077143171520035,87.89682539682539,87.89682539682539,65.55999755859375
2019-12-04,63.34065246582031,62.521833162451465,38.36977172991675,91.07142857142857,91.07142857142857,67.30000305175781
2019-12-05,63.45356369018555,63.547679082041,39.783879488426905,93.05555555555556,93.05555555555556,67.41999816894531
2019-12-06,64.57356262207031,64.2723890300436,40.612229265537664,95.03968253968253,95.03968253968253,68.61000061035156
2019-12-09,63.32180404663086,64.7617904415776,37.31977835096224,88.69047619047619,88.69047619047619,67.27999877929688
2019-12-10,63.57594299316406,63.246528232555995,36.004325012637885,86.70634920634922,86.70634920634922,67.55000305175781
2019-12-11,63.8488655090332,63.6606346873962,35.78616010700531,86.30952380952381,86.30952380952381,67.83999633789062
2019-12-12,65.5335464477539,63.9523834092034,38.21444418452338,90.27777777777779,90.27777777777779,69.62999725341797
2019-12-13,65.38296508789062,65.3735513940304,38.18839410070224,90.07936507936508,90.07936507936508,69.47000122070312
2019-12-16,67.50060272216797,66.51237297248262,39.73940654642093,92.46031746031747,92.46031746031747,71.72000122070312
2019-12-17,67.36885070800781,68.03707955826063,39.86142363571965,93.05555555555556,93.05555555555556,71.58000183105469
2019-12-18,67.6041259765625,67.55706468568019,40.43897139722737,94.64285714285714,94.64285714285714,71.83000183105469
2019-12-19,68.3570785522461,67.99002334197935,41.86701507511567,97.22222222222221,97.22222222222221,72.62999725341797
2019-12-20,69.90998840332031,69.17587819180471,42.72722866218671,98.80952380952381,98.80952380952381,74.27999877929688
2019-12-23,70.6158447265625,70.56879062766761,43.298990968865695,99.0079365079365,99.0079365079365,75.02999877929688
2019-12-24,70.38997650146484,70.68173637040202,43.02140364823677,98.61111111111111,98.61111111111111,74.79000091552734
2019-12-26,70.09822082519531,70.62527279558464,42.096906930978264,96.82539682539682,96.82539682539682,74.4800033569336
2019-12-27,70.22057342529297,70.5688083109836,41.84780663902516,96.23015873015873,96.23015873015873,74.61000061035156
2019-12-30,68.86529541015625,70.15469880249006,36.86488769510377,85.51587301587301,85.51587301587301,73.16999816894531
2019-12-31,69.34529113769531,68.38530248568735,35.59232416523489,83.33333333333334,83.33333333333334,73.68000030517578
2020-01-02,69.88175201416016,70.20174581577895,36.32872302201689,84.92063492063492,84.92063492063492,74.25
2020-01-03,68.03704833984375,67.5664642516007,28.276303469501833,70.83333333333334,70.83333333333334,72.29000091552734
2020-01-06,69.2229232788086,67.03941336421808,28.44325669606872,71.03174603174604,71.03174603174604,73.55000305175781
2020-01-07,68.75234985351562,68.69587487055534,25.67107565160346,66.07142857142857,66.07142857142857,73.05000305175781
2020-01-08,70.1076431274414,68.82765332776383,29.037222321710228,72.22222222222221,72.22222222222221,74.48999786376953
2020-01-09,71.10526275634766,70.82290941470276,32.895202788501514,78.96825396825396,78.96825396825396,75.55000305175781
2020-01-10,71.1523208618164,71.67937998383033,33.48428043065116,79.76190476190477,79.76190476190477,75.5999984741211
2020-01-13,70.36174774169922,71.43467908450427,29.938675287136746,73.80952380952381,73.80952380952381,74.76000213623047
2020-01-14,71.55703735351562,69.83469733662429,32.2877466499807,77.18253968253968,77.18253968253968,76.02999877929688
2020-01-15,73.4864273071289,71.74526727640863,35.40748143989658,82.93650793650794,82.93650793650794,78.08000183105469
2020-01-16,74.62522888183594,74.40875703221336,38.729113921147835,89.88095238095238,89.88095238095238,79.29000091552734
2020-01-17,74.62522888183594,75.02051781014465,39.70684869831959,90.67460317460318,90.67460317460318,79.29000091552734
2020-01-21,74.81346893310547,74.06053857348748,40.309525184375524,93.25396825396825,93.25396825396825,79.48999786376953
2020-01-22,75.1052474975586,75.09583380221567,40.132876898988876,92.46031746031747,92.46031746031747,79.80000305175781
2020-01-23,73.91938018798828,74.81348745531656,34.925838868268286,82.14285714285714,82.14285714285714,78.54000091552734
2020-01-24,70.18292236328125,74.25818297191002,13.508501817206414,54.166666666666664,54.166666666666664,74.56999969482422
2020-01-27,68.57355499267578,67.22768340682539,-6.980076534424719,37.10317460317461,37.10317460317461,72.86000061035156
2020-01-28,69.4770736694336,68.92178757891907,-12.604828098707582,30.555555555555557,30.555555555555557,73.81999969482422
2020-01-29,68.95941162109375,69.9194074952926,-17.79589896082831,25.0,25.0,73.2699966430664
2020-01-30,67.45355224609375,67.47237963931354,-25.637797128736945,15.476190476190476,15.476190476190476,71.66999816894531
2020-01-31,63.35004806518555,66.6723716493431,-34.5072614334516,6.349206349206349,6.349206349206349,67.30999755859375
2020-02-03,65.081787109375,64.42296501404516,-35.530568433629675,5.158730158730158,5.158730158730158,69.1500015258789
2020-02-04,68.42293548583984,67.35941784601327,-24.626875627811213,17.46031746031746,17.46031746031746,72.69999694824219
2020-02-05,72.52642822265625,69.62763526301397,-4.9271991651466704,39.88095238095239,39.88095238095239,77.05999755859375
2020-02-06,72.658203125,73.39232056440221,6.157107521376627,49.007936507936506,49.007936507936506,77.19999694824219
2020-02-07,70.92644500732422,72.43231287976907,5.874738839225599,48.61111111111111,48.61111111111111,75.36000061035156
2020-02-10,71.95232391357422,70.23939765076148,9.051174662775678,50.79365079365079,50.79365079365079,76.44999694824219
2020-02-11,73.33583068847656,72.59230688526445,14.865012744752901,57.14285714285714,57.14285714285714,77.91999816894531
2020-02-12,73.62761688232422,74.35231348725341,18.691147953676353,61.50793650793651,61.50793650793651,78.2300033569336
2020-02-13,72.50760650634766,72.8370139743878,16.96586746818932,59.92063492063492,59.92063492063492,77.04000091552734
2020-02-14,72.7334976196289,72.79937912476987,16.805653772730388,59.523809523809526,59.523809523809526,77.27999877929688
2020-02-18,71.93350219726562,72.58291070095306,13.726879938453962,54.761904761904766,54.761904761904766,76.43000030517578
2020-02-19,72.85585021972656,72.46055402947147,15.33398007996909,56.94444444444444,56.94444444444444,77.41000366210938
2020-02-20,71.4629135131836,72.35702057860121,10.5596077503526,51.78571428571429,51.78571428571429,75.93000030517578
2020-02-21,71.50055694580078,70.66291773270643,9.533775980718262,50.79365079365079,50.79365079365079,75.97000122070312
2020-02-24,64.78060150146484,66.42764566261167,-13.377973828574968,28.968253968253972,28.968253968253972,68.83000183105469
2020-02-25,58.935970306396484,65.38297666824083,-28.620376219578237,10.714285714285714,10.714285714285714,62.619998931884766
2020-02-26,58.74773025512695,59.69831235696831,-36.42407722542587,3.968253968253968,3.968253968253968,62.41999816894531
2020-02-27,52.88425064086914,57.27950889736102,-41.18349873468534,0.5952380952380952,0.5952380952380952,56.189998626708984
2020-02-28,50.69132614135742,48.57369742755207,-40.39431755908461,1.3888888888888888,1.3888888888888888,53.86000061035156
2020-03-02,57.99479675292969,51.538380848702026,-33.16042096570016,6.746031746031746,6.746031746031746,61.619998931884766
2020-03-03,53.45835876464844,58.34302454332451,-33.260082225643565,6.746031746031746,6.746031746031746,56.79999923706055
2020-03-04,62.84180450439453,59.5100714365363,-19.961569114402682,21.626984126984127,21.626984126984127,66.7699966430664
2020-03-05,58.33362579345703,58.94538678177323,-19.48446822565384,22.61904761904762,22.61904761904762,61.97999954223633
2020-03-06,57.43950653076172,53.72189420824579,-20.330532865363303,20.634920634920633,20.634920634920633,61.029998779296875
2020-03-09,48.70547103881836,47.06783622996696,-30.382123554537028,10.119047619047619,10.119047619047619,51.75
2020-03-10,53.43013000488281,52.75248761426026,-30.159250727005947,10.317460317460316,10.317460317460316,56.77000045776367
2020-03-11,47.24665451049805,49.6560433224578,-35.59400748032561,5.158730158730158,5.158730158730158,50.20000076293945
2020-03-12,36.61145782470703,38.71026324854195,-40.28234531723844,1.7857142857142856,1.7857142857142856,38.900001525878906
2020-03-13,44.5737419128418,42.05140997893695,-36.78692779129247,4.365079365079365,4.365079365079365,47.36000061035156
2020-03-16,31.2750244140625,32.940892854990416,-40.7449260507611,0.992063492063492,0.992063492063492,33.22999954223633
2020-03-17,36.90321350097656,33.18559746202339,-39.22517427750127,2.7777777777777777,2.7777777777777777,39.209999084472656
2020-03-18,33.053829193115234,31.52913757534489,-39.292366787732576,2.579365079365079,2.579365079365079,35.119998931884766
2020-03-19,31.331483840942383,31.9903021644485,-40.27250031871852,2.1825396825396823,2.1825396825396823,33.290000915527344
2020-03-20,27.472707748413086,31.95266981685749,-42.355912101885664,0.5952380952380952,0.5952380952380952,29.190000534057617
2020-03-23,23.143333435058594,27.924469317728704,-43.28744961793607,0.3968253968253968,0.3968253968253968,24.59000015258789
2020-03-24,28.747249603271484,26.68712426629183,-40.15357940033661,2.7777777777777777,2.7777777777777777,30.420000076293945
2020-03-25,29.8056640625,28.444846975560345,-37.38041013733705,5.357142857142857,5.357142857142857,31.540000915527344
2020-03-26,35.81593322753906,30.60891843467484,-30.3149222514159,12.103174603174603,12.103174603174603,37.900001525878906
2020-03-27,33.44395446777344,33.10374977072306,-28.506455729538217,14.087301587301587,14.087301587301587,35.38999938964844
2020-03-30,38.121768951416016,35.23003209216039,-22.61625330835375,20.436507936507937,20.436507936507937,40.34000015258789
2020-03-31,37.65869903564453,38.490309992837375,-20.033469785656592,23.61111111111111,23.61111111111111,39.849998474121094
2020-04-01,33.30220413208008,33.973161377213984,-22.705476411415233,19.841269841269842,19.841269841269842,35.2400016784668
2020-04-02,36.01438903808594,32.72574943275312,-21.00022194682406,21.626984126984127,21.626984126984127,38.11000061035156
2020-04-03,35.04104232788086,35.52299680170794,-20.303531390436063,22.817460317460316,22.817460317460316,37.08000183105469
2020-04-06,40.607139587402344,38.66986340140069,-10.04881443455686,35.11904761904761,35.11904761904761,42.970001220703125
2020-04-07,39.57707977294922,43.461077334415236,-6.196199770300012,38.095238095238095,38.095238095238095,41.880001068115234
2020-04-08,44.443885803222656,40.69219292779595,4.659681823720679,47.22222222222222,47.22222222222222,47.029998779296875
2020-04-09,45.36054992675781,45.965356682325364,15.403385146027817,57.341269841269835,57.341269841269835,48.0
2020-04-13,43.98082733154297,45.28494034672621,18.563873230389234,61.30952380952381,61.30952380952381,46.540000915527344
2020-04-14,48.40348434448242,46.49456091217117,23.74884816610006,65.07936507936508,65.07936507936508,51.220001220703125
2020-04-15,47.7136344909668,46.30556570281281,25.19684514010662,66.26984126984127,66.26984126984127,50.4900016784668
2020-04-16,50.79436492919922,48.479086178881765,28.246976567065314,71.42857142857143,71.42857142857143,53.75
2020-04-17,53.884552001953125,54.659461083724715,30.51673620906626,75.9920634920635,75.9920634920635,57.02000045776367
2020-04-20,52.599342346191406,52.12683657462845,30.007597860416347,75.0,75.0,55.65999984741211
2020-04-21,47.70417022705078,49.95329814154169,23.169372403822543,64.0873015873016,64.0873015873016,50.47999954223633
2020-04-22,49.85880661010742,49.85880661010742,21.37287945103855,62.10317460317461,62.10317460317461,52.7599983215332
2020-04-23,50.72822189331055,50.84162227350808,21.6170414492076,62.301587301587304,62.301587301587304,53.68000030517578
2020-04-24,52.75053405761719,51.87167320057712,24.283798141958716,64.48412698412699,64.48412698412699,55.81999969482422
2020-04-27,54.9902229309082,54.149163195555744,28.234568227773643,70.83333333333334,70.83333333333334,58.189998626708984
2020-04-28,51.53147888183594,55.30207656815873,23.86756342828689,63.888888888888886,63.888888888888886,54.529998779296875
2020-04-29,52.52373504638672,54.10190234512591,23.23179960285781,63.49206349206349,63.49206349206349,55.58000183105469
2020-04-30,51.81498336791992,51.9756335959396,21.39069284477531,61.111111111111114,61.111111111111114,54.83000183105469
2020-05-01,48.6680908203125,49.943854865862185,14.762521042449428,53.57142857142857,53.57142857142857,51.5
2020-05-04,48.696441650390625,48.21448736949286,10.588696948588634,49.801587301587304,49.801587301587304,51.529998779296875
2020-05-05,51.767723083496094,49.896600953302155,12.785946681451446,51.388888888888886,51.388888888888886,54.779998779296875
2020-05-06,50.27461242675781,52.61824050977326,10.312072196002656,48.61111111111111,48.61111111111111,53.20000076293945
2020-05-07,50.35966491699219,51.81498352733999,9.129184338701977,46.82539682539682,46.82539682539682,53.290000915527344
2020-05-08,51.04951858520508,51.97562936678497,8.56259465014733,46.230158730158735,46.230158730158735,54.02000045776367
2020-05-11,53.63885498046875,50.416365679771076,15.216684525431404,54.166666666666664,54.166666666666664,56.7599983215332
2020-05-12,51.361366271972656,54.97130939971923,9.054860021871564,46.42857142857143,46.42857142857143,54.349998474121094
2020-05-13,49.66035079956055,51.03061811816444,-0.5405470772486284,39.08730158730159,39.08730158730159,52.54999923706055
2020-05-14,51.21961975097656,48.2995343152171,-2.3546538135610264,37.5,37.5,54.20000076293945
2020-05-15,52.50483322143555,50.64315966163673,1.5292976386057584,40.87301587301587,40.87301587301587,55.560001373291016
2020-05-18,53.827857971191406,55.49108034725764,8.658840632375139,46.03174603174603,46.03174603174603,56.959999084472656
2020-05-19,52.00397872924805,53.44039656002088,4.712072961540602,43.65079365079365,43.65079365079365,55.029998779296875
2020-05-20,52.126827239990234,53.2419409495839,3.1208875858213463,42.26190476190476,42.26190476190476,55.15999984741211
2020-05-21,50.76601028442383,51.63541898593237,-3.862905868113516,36.904761904761905,36.904761904761905,53.720001220703125
2020-05-22,51.13457107543945,50.86051688472228,-6.133403390276873,35.317460317460316,35.317460317460316,54.11000061035156
2020-05-26,51.00227355957031,53.714455648302796,-7.79785981176947,33.53174603174603,33.53174603174603,53.970001220703125
2020-05-27,52.56154251098633,51.17237795452095,-1.8034857513653375,38.88888888888889,38.88888888888889,55.619998931884766
2020-05-28,54.508262634277344,53.64830232884301,9.699542758018131,49.60317460317461,49.60317460317461,57.68000030517578
2020-05-29,56.52113723754883,54.735062533662685,20.869850981952005,60.317460317460316,60.317460317460316,59.810001373291016
2020-06-01,54.85791015625,55.34931650884469,20.266168564063367,59.92063492063492,59.92063492063492,58.04999923706055
2020-06-02,55.7462272644043,55.075266392233985,23.27540158067715,63.49206349206349,63.49206349206349,58.9900016784668
2020-06-03,55.43437957763672,56.06753921581648,23.174425873795546,63.095238095238095,63.095238095238095,58.65999984741211
2020-06-04,54.15861129760742,54.64056558475601,16.79075023996429,55.952380952380956,55.952380952380956,57.310001373291016
2020-06-05,56.72904968261719,55.1792311127905,21.47367843881944,60.71428571428571,60.71428571428571,60.029998779296875
2020-06-08,57.88195037841797,56.15257772245843,27.419288328513503,68.84920634920636,68.84920634920636,61.25
2020-06-09,56.01082992553711,57.21099491787326,22.659094211332615,62.5,62.5,59.27000045776367
2020-06-10,55.85962677001953,56.70068637445135,19.493057497674783,58.53174603174603,58.53174603174603,59.11000061035156
2020-06-11,46.551265716552734,53.86565644042269,-10.34971266592253,31.944444444444443,31.944444444444443,49.2599983215332
2020-06-12,47.50572967529297,49.584755746069526,-21.44667024413168,18.849206349206348,18.849206349206348,50.27000045776367
2020-06-15,47.685272216796875,45.45504483712475,-25.501519664450772,15.476190476190476,15.476190476190476,50.459999084472656
2020-06-16,51.29521942138672,50.992816051270104,-17.74411524747076,24.404761904761905,24.404761904761905,54.279998779296875
2020-06-17,51.00227355957031,51.94728509201411,-14.725302509922953,26.785714285714285,26.785714285714285,53.970001220703125
2020-06-18,50.60536193847656,50.1895582022623,-14.238362013459692,27.579365079365083,27.579365079365083,53.54999923706055
2020-06-19,52.10794448852539,52.04179395801235,-8.90049931743719,33.92857142857143,33.92857142857143,55.13999938964844
2020-06-22,51.3046760559082,51.51257613802153,-8.426515305015249,34.523809523809526,34.523809523809526,54.290000915527344
2020-06-23,52.057125091552734,52.27454138005004,-5.818346972589555,37.301587301587304,37.301587301587304,55.06999969482422
2020-06-24,47.954566955566406,50.89441978124577,-16.267218112384114,26.190476190476193,26.190476190476193,50.72999954223633
2020-06-25,49.485939025878906,47.75605988749249,-17.529868940980602,24.6031746031746,24.6031746031746,52.349998474121094
2020-06-26,47.59535598754883,49.060558554895835,-22.852063951675532,17.857142857142858,17.857142857142858,50.349998474121094
2020-06-29,48.814781188964844,48.493382404128305,-22.338316400442775,18.849206349206348,18.849206349206348,51.63999938964844
2020-06-30,51.35761260986328,48.7864223966618,-13.967703845866442,29.166666666666668,29.166666666666668,54.33000183105469
2020-07-01,52.520320892333984,51.99095712166405,-5.615708876364338,38.69047619047619,38.69047619047619,55.560001373291016
2020-07-02,53.81535720825195,53.88152721635384,2.773605220941989,45.23809523809524,45.23809523809524,56.93000030517578
2020-07-06,55.29001998901367,55.479075125767466,12.161610007058979,53.17460317460318,53.17460317460318,58.4900016784668
2020-07-07,53.749183654785156,54.42033861040263,11.60705270662219,52.77777777777778,52.77777777777778,56.86000061035156
2020-07-08,53.8909912109375,54.38254253393484,11.651491656994553,52.77777777777778,52.77777777777778,57.0099983215332
2020-07-09,52.633750915527344,53.890984822269886,8.467433464578894,48.41269841269841,48.41269841269841,55.68000030517578
2020-07-10,52.2934455871582,52.690469285626634,6.7757934581364125,47.42063492063492,47.42063492063492,55.31999969482422
2020-07-13,53.19147491455078,53.23873869884467,9.355503122903407,50.99206349206349,50.99206349206349,56.27000045776367
2020-07-14,56.3109245300293,52.87952084969114,21.575700668788393,63.49206349206349,63.49206349206349,59.56999969482422
2020-07-15,58.60797882080078,57.62487637514207,28.60124165120156,74.0079365079365,74.0079365079365,62.0
2020-07-16,58.24877166748047,58.39056661688241,31.293913482914192,77.77777777777779,77.77777777777779,61.619998931884766
2020-07-17,60.649810791015625,59.07117459171069,33.76903576420777,82.53968253968253,82.53968253968253,64.16000366210938
2020-07-20,60.649810791015625,61.320965835860044,34.50619860051804,83.53174603174604,83.53174603174604,64.16000366210938
2020-07-21,60.451297760009766,61.179171511257486,34.07677742640425,82.93650793650794,82.93650793650794,63.95000076293945
2020-07-22,61.92595672607422,61.10355173936138,36.28585044150297,86.70634920634922,86.70634920634922,65.51000213623047
2020-07-23,61.216983795166016,62.69163392047083,33.83225054286779,82.34126984126983,82.34126984126983,64.76000213623047
2020-07-24,59.31695556640625,61.00902576194668,28.140568017812264,72.22222222222221,72.22222222222221,62.75
2020-07-27,60.49856948852539,59.704525619748665,27.39549949983119,70.83333333333334,70.83333333333334,64.0
2020-07-28,60.39458084106445,60.77269830423596,26.579431004025373,70.03968253968253,70.03968253968253,63.88999938964844
2020-07-29,62.133914947509766,60.92393768799226,29.383423640880537,75.59523809523809,75.59523809523809,65.7300033569336
2020-07-30,60.97121047973633,61.00902294857354,27.23341225138499,70.83333333333334,70.83333333333334,64.5
2020-07-31,59.808502197265625,61.01847591943288,21.779363842617958,64.0873015873016,64.0873015873016,63.27000045776367
2020-08-03,61.632904052734375,60.89557901936334,24.617123900757974,67.65873015873017,67.65873015873017,65.19999694824219
2020-08-04,60.81995391845703,61.27369628263266,23.24415324963865,66.26984126984127,66.26984126984127,64.33999633789062
2020-08-05,61.66127395629883,61.95431156786598,24.968482626953648,68.25396825396825,68.25396825396825,65.2300033569336
2020-08-06,60.7537956237793,61.43440569529372,22.205515966299984,64.68253968253968,64.68253968253968,64.2699966430664
2020-08-07,61.40604019165039,60.58363525974773,23.073218115886295,65.87301587301587,65.87301587301587,64.95999908447266
2020-08-10,60.62145233154297,61.34932975704196,18.914927224766924,60.912698412698404,60.912698412698404,64.12999725341797
2020-08-11,59.49655532836914,61.916499190301096,11.099293418538627,52.976190476190474,52.976190476190474,62.939998626708984
2020-08-12,62.64438247680664,60.54584415366421,18.998827225803367,61.50793650793651,61.50793650793651,66.2699966430664
2020-08-13,62.34185791015625,62.48365281910808,21.382694762486206,63.69047619047619,63.69047619047619,65.94999694824219
2020-08-14,61.85032653808594,62.11500659079881,18.804000007891716,61.111111111111114,61.111111111111114,65.43000030517578
2020-08-17,63.04139709472656,62.304071993827684,23.765753899177348,68.25396825396825,68.25396825396825,66.69000244140625
2020-08-18,62.8428955078125,63.419515893298446,25.013983677878997,70.03968253968253,70.03968253968253,66.4800033569336
2020-08-19,62.29461669921875,62.90905668360377,21.79888744822024,65.27777777777779,65.27777777777779,65.9000015258789
2020-08-20,61.72743225097656,61.68961979021398,15.55281537102688,57.53968253968254,57.53968253968254,65.30000305175781
2020-08-21,61.94486618041992,61.29261362901934,13.74141074753712,55.158730158730165,55.158730158730165,65.52999877929688
2020-08-24,61.08464050292969,62.833425506326066,6.3662520952212045,47.42063492063492,47.42063492063492,64.62000274658203
2020-08-25,62.25680923461914,61.74635169327467,10.751502379339001,52.77777777777778,52.77777777777778,65.86000061035156
2020-08-26,62.067745208740234,62.03938045050976,11.460604777407719,53.769841269841265,53.769841269841265,65.66000366210938
2020-08-27,63.514034271240234,62.3891369189556,19.019281746076395,62.89682539682539,62.89682539682539,67.19000244140625
2020-08-28,63.75982666015625,63.75982666015625,24.34075263419713,70.43650793650794,70.43650793650794,67.44999694824219
2020-08-31,64.43097686767578,63.49513447328364,26.73340617265761,74.60317460317461,74.60317460317461,68.16000366210938
2020-09-01,62.65382385253906,64.43097377618149,14.595628641096564,56.547619047619044,56.547619047619044,66.27999877929688
2020-09-02,66.37825775146484,62.97521556311415,23.622720010899243,69.64285714285714,69.64285714285714,70.22000122070312
2020-09-03,61.094085693359375,66.37826016213482,0.24481710088750172,43.05555555555556,43.05555555555556,64.62999725341797
2020-09-04,59.487098693847656,61.95430611711246,-14.390723157011964,27.380952380952383,27.380952380952383,62.93000030517578
2020-09-08,56.7173957824707,58.97663813751327,-27.52918581457424,13.492063492063492,13.492063492063492,60.0
2020-09-09,59.66670608520508,57.99354228813291,-25.315179046145563,15.873015873015872,15.873015873015872,63.119998931884766
2020-09-10,56.9537239074707,60.17716274289023,-31.812923652512588,9.325396825396826,9.325396825396826,60.25
2020-09-11,57.719417572021484,57.709962651210574,-32.77180043575084,8.531746031746032,8.531746031746032,61.060001373291016
2020-09-14,60.073184967041016,59.005006147327464,-26.164727790854403,15.277777777777779,15.277777777777779,63.54999923706055
2020-09-15,60.337860107421875,61.01847003513179,-21.6506634778524,20.436507936507937,20.436507936507937,63.83000183105469
2020-09-16,60.00700759887695,61.34932124785809,-20.309845598393878,22.22222222222222,22.22222222222222,63.47999954223633
2020-09-17,59.31695556640625,58.0124541793308,-22.055239133760757,20.436507936507937,20.436507936507937,62.75
2020-09-18,59.18461608886719,59.50601487987348,-23.27181446321173,18.452380952380953,18.452380952380953,62.61000061035156
2020-09-21,55.904457092285156,56.63233091704586,-28.56891354399311,12.698412698412698,12.698412698412698,59.13999938964844
2020-09-22,55.5451774597168,55.84772111650091,-32.13855248271729,9.523809523809524,9.523809523809524,58.75
2020-09-23,53.71100997924805,55.989544088124084,-37.684722909142195,4.563492063492063,4.563492063492063,56.810001373291016
2020-09-24,52.97355270385742,53.07755276198464,-39.695389489652314,3.373015873015873,3.373015873015873,56.029998779296875
2020-09-25,55.507362365722656,52.529197366023325,-34.9563002474168,7.142857142857142,7.142857142857142,58.709999084472656
2020-09-28,56.73644256591797,57.14298628030396,-29.418921996457488,12.896825396825399,12.896825396825399,60.0099983215332
2020-09-29,56.71753692626953,57.04844292434732,-26.44101823180238,16.26984126984127,16.26984126984127,59.9900016784668
2020-09-30,59.601158142089844,57.09571465022934,-16.542059851146313,29.166666666666668,29.166666666666668,63.040000915527344
2020-10-01,58.80698776245117,60.20625325925455,-13.893463702189509,32.34126984126984,32.34126984126984,62.20000076293945
2020-10-02,57.246986389160156,56.887714444513385,-17.053247839375032,28.57142857142857,28.57142857142857,60.54999923706055
2020-10-05,60.74515914916992,58.74080626958377,-0.7036183268680445,45.83333333333333,45.83333333333333,64.25
2020-10-06,58.286991119384766,61.34079043206915,-1.4910058028700128,45.23809523809524,45.23809523809524,61.650001525878906
2020-10-07,61.60552978515625,59.60117304775602,10.19807017869029,56.547619047619044,56.547619047619044,65.16000366210938
2020-10-08,62.62661361694336,62.59825126759865,18.316034785384176,66.46825396825396,66.46825396825396,66.23999786376953
2020-10-09,64.27167510986328,63.47749359455976,24.60434230268646,75.59523809523809,75.59523809523809,67.9800033569336
2020-10-12,65.51022338867188,65.3305856023181,28.73457020051201,83.53174603174604,83.53174603174604,69.29000091552734
2020-10-13,64.16767120361328,64.59312066654097,26.298476176690333,78.37301587301587,78.37301587301587,67.87000274658203
2020-10-14,62.976417541503906,64.43241123286977,20.293702370793277,68.25396825396825,68.25396825396825,66.61000061035156
2020-10-15,61.59606170654297,60.858611947289866,11.705889792841647,58.13492063492064,58.13492063492064,65.1500015258789
2020-10-16,63.44914245605469,62.23896775552494,13.909323168679638,59.72222222222222,59.72222222222222,67.11000061035156
2020-10-19,60.385894775390625,64.00696665692243,4.449166012174033,49.60317460317461,49.60317460317461,63.869998931884766
2020-10-20,60.79243850708008,61.10443152823079,0.4740379029378063,46.42857142857143,46.42857142857143,64.30000305175781
2020-10-21,59.733524322509766,60.90588016609259,-4.604949194797989,41.46825396825397,41.46825396825397,63.18000030517578
2020-10-22,62.32404708862305,59.94151684274644,1.0973988720670491,46.42857142857143,46.42857142857143,65.91999816894531
2020-10-23,63.20333480834961,63.26951602374889,6.699994303742864,51.19047619047619,51.19047619047619,66.8499984741211
2020-10-26,61.08551788330078,61.59606168876175,-1.4540147866585555,43.65079365079365,43.65079365079365,64.61000061035156
2020-10-27,59.733524322509766,60.53715528614952,-10.6675727216383,34.72222222222222,34.72222222222222,63.18000030517578
2020-10-28,54.108097076416016,57.54953411832686,-26.58357777779406,14.880952380952381,14.880952380952381,57.22999954223633
2020-10-29,52.6710090637207,54.39172746252559,-33.83446828872266,7.341269841269842,7.341269841269842,55.709999084472656
2020-10-30,52.77501678466797,52.2455635056202,-35.706167917199416,5.357142857142857,5.357142857142857,55.81999969482422
2020-11-02,55.40336227416992,54.65645959989491,-31.163220755274978,10.119047619047619,10.119047619047619,58.599998474121094
2020-11-03,58.003353118896484,57.26590331036961,-22.768690496818163,19.246031746031747,19.246031746031747,61.349998474121094
2020-11-04,65.48184967041016,62.88186293868251,-0.1463328368970818,45.23809523809524,45.23809523809524,69.26000213623047
2020-11-05,66.22877502441406,68.54512462650821,13.643179983045142,59.12698412698413,59.12698412698413,70.05000305175781
2020-11-06,66.26657104492188,66.47457114883701,20.958913204314,68.65079365079364,68.65079365079364,70.08999633789062
2020-11-09,67.88330841064453,72.50655802883854,22.218814906651474,71.42857142857143,71.42857142857143,71.80000305175781
2020-11-10,68.54512023925781,68.79093924188376,23.80069896266078,73.80952380952381,73.80952380952381,72.5
2020-11-11,68.23310852050781,70.28473280078472,24.075873167918296,74.0079365079365,74.0079365079365,72.16999816894531
2020-11-12,67.47674560546875,68.1101951537696,22.813010229535706,71.62698412698413,71.62698412698413,71.37000274658203
2020-11-13,70.0672836303711,68.36547114454807,26.13814729239092,77.97619047619048,77.97619047619048,74.11000061035156
2020-11-16,69.67020416259766,71.88255342571786,27.238317403159535,79.36507936507937,79.36507936507937,73.69000244140625
2020-11-17,68.2614974975586,69.11240406962705,24.372704529335607,74.20634920634922,74.20634920634922,72.19999694824219
2020-11-18,64.69713592529297,69.06511699116821,12.573640552755968,56.94444444444444,56.94444444444444,68.43000030517578
2020-11-19,64.37568664550781,64.4607808958592,5.410995696078844,48.80952380952381,48.80952380952381,68.08999633789062
2020-11-20,63.93132400512695,64.14877343990737,0.20458165998729844,44.44444444444444,44.44444444444444,67.62000274658203
2020-11-23,63.32624816894531,65.02805394838236,-3.7044187946223923,40.27777777777778,40.27777777777778,66.9800033569336
2020-11-24,63.950233459472656,64.45132077430279,-4.3395519488291425,39.682539682539684,39.682539682539684,67.63999938964844
2020-11-25,63.22222900390625,64.28112813466342,-6.46000711706575,37.10317460317461,37.10317460317461,66.87000274658203
2020-11-27,64.93348693847656,63.855674836719345,-2.735745600903838,40.87301587301587,40.87301587301587,68.68000030517578
2020-11-30,65.62366485595703,65.03748346559813,1.3979020102454365,45.43650793650794,45.43650793650794,69.41000366210938
2020-12-01,66.93785858154297,67.36330816890444,6.566267620065414,49.801587301587304,49.801587301587304,70.80000305175781
2020-12-02,68.80984497070312,67.11748872502137,13.735824676865912,58.13492063492064,58.13492063492064,72.77999877929688
2020-12-03,68.32767486572266,68.66803747535512,11.768566516820938,56.34920634920635,56.34920634920635,72.2699966430664
2020-12-04,70.64401245117188,68.68693159161528,18.28424175329754,64.28571428571429,64.28571428571429,74.72000122070312
2020-12-07,69.2353286743164,70.5967722019508,16.183027510574707,61.904761904761905,61.904761904761905,73.2300033569336
2020-12-08,70.71018981933594,68.84765260105759,20.15249430904122,66.46825396825396,66.46825396825396,74.79000091552734
2020-12-09,70.10511779785156,71.6461986759303,23.30534278454707,72.61904761904762,72.61904761904762,74.1500015258789
2020-12-10,69.9160385131836,69.64186430630679,23.93914692336753,73.61111111111111,73.61111111111111,73.94999694824219
2020-12-11,68.84767150878906,69.27312114079088,18.997154384085153,64.88095238095238,64.88095238095238,72.81999969482422
2020-12-14,67.24983978271484,70.40764577662362,7.648971326821082,49.801587301587304,49.801587301587304,71.12999725341797
2020-12-15,69.52838897705078,68.74366380105408,12.603320566369918,56.34920634920635,56.34920634920635,73.54000091552734
2020-12-16,68.96112060546875,69.32984550326691,12.817128925033048,56.74603174603175,56.74603174603175,72.94000244140625
2020-12-17,71.09782409667969,69.53783765288259,22.94988976755718,71.03174603174604,71.03174603174604,75.19999694824219
2020-12-18,71.40037536621094,71.40037536621094,29.50509470460707,84.32539682539682,84.32539682539682,75.5199966430664
2020-12-21,69.05565643310547,68.26147482521672,20.476138948933713,66.26984126984127,66.26984126984127,73.04000091552734
2020-12-22,68.54130554199219,69.16535732839846,12.734544071358627,55.55555555555556,55.55555555555556,72.48999786376953
2020-12-23,68.60749053955078,69.02352505377168,8.713398808558539,49.60317460317461,49.60317460317461,72.55999755859375
2020-12-24,69.1748046875,68.74931292686162,9.860577561947915,51.587301587301596,51.587301587301596,73.16000366210938
2020-12-28,69.63809967041016,70.33778797897001,11.84751042430027,54.563492063492056,54.563492063492056,73.6500015258789
2020-12-29,70.79165649414062,70.43235137669308,19.773193247080197,65.07936507936508,65.07936507936508,74.87000274658203
2020-12-30,70.73491668701172,71.11312916570564,22.207668111819196,69.64285714285714,69.64285714285714,74.80999755859375
2020-12-31,72.82453155517578,70.66872981166046,30.771671803274263,85.71428571428571,85.71428571428571,77.0199966430664
2021-01-04,71.96410369873047,73.7511502231881,28.777170083997554,83.13492063492063,83.13492063492063,76.11000061035156
2021-01-05,73.39183807373047,71.74661523318733,32.95060635607941,87.6984126984127,87.6984126984127,77.62000274658203
2021-01-06,76.38916015625,70.29996134045108,37.060743544055576,92.46031746031747,92.46031746031747,80.79000091552734
2021-01-07,79.38651275634766,77.14560928653201,39.760281548166304,95.03968253968253,95.03968253968253,83.95999908447266
2021-01-08,80.49276733398438,79.94436677207297,40.78747870015809,96.42857142857143,96.42857142857143,85.12999725341797
2021-01-11,81.83541107177734,80.67240902919934,42.30586768607044,98.01587301587301,98.01587301587301,86.55000305175781
2021-01-12,79.13121032714844,81.58958074301724,38.90228156730329,93.65079365079364,93.65079365079364,83.69000244140625
2021-01-13,79.8025131225586,79.1595542090982,38.01350834478821,92.06349206349206,92.06349206349206,84.4000015258789
2021-01-14,79.09337615966797,80.5305747736368,36.1750697757922,90.07936507936508,90.07936507936508,83.6500015258789
2021-01-15,79.78363037109375,78.26133008933685,36.47364040813328,90.67460317460318,90.67460317460318,84.37999725341797
2021-01-19,81.51393127441406,81.37210069557865,39.28450195655789,94.04761904761905,94.04761904761905,86.20999908447266
2021-01-20,82.90384674072266,82.13797181800038,41.23243647776895,96.62698412698413,96.62698412698413,87.68000030517578
2021-01-21,81.80703735351562,82.83766609515835,40.668943836881986,95.83333333333334,95.83333333333334,86.5199966430664
2021-01-22,81.09789276123047,80.8615108796422,38.54493000726603,92.26190476190477,92.26190476190477,85.7699966430664
2021-01-25,82.62964630126953,81.10734647397446,40.08887170211414,94.84126984126983,94.84126984126983,87.38999938964844
2021-01-26,81.62741088867188,83.2064404708396,37.70728132294578,90.67460317460318,90.67460317460318,86.33000183105469
2021-01-27,74.37520599365234,79.23521737954678,11.180934367332414,50.39682539682539,50.39682539682539,78.66000366210938
2021-01-28,77.61835479736328,76.23788541013154,5.7357259084971,43.84920634920635,43.84920634920635,82.08999633789062
2021-01-29,75.40582275390625,77.19286926150275,-3.973914965716708,34.72222222222222,34.72222222222222,79.75
2021-02-01,76.20950317382812,77.07938660687391,-6.685230192944477,32.142857142857146,32.142857142857146,80.5999984741211
2021-02-02,77.0321273803711,78.09111357455144,-5.681838999660503,33.53174603174603,33.53174603174603,81.47000122070312
2021-02-03,75.20726776123047,77.4292562254927,-12.780066469442735,26.38888888888889,26.38888888888889,79.54000091552734
2021-02-04,76.11497497558594,75.48147318846841,-13.342038662792003,26.190476190476193,26.190476190476193,80.5
2021-02-05,76.63502502441406,77.76019811218316,-16.26263284963646,23.61111111111111,23.61111111111111,81.05000305175781
2021-02-08,77.0416030883789,77.26852772510964,-15.76180983362701,23.809523809523807,23.809523809523807,81.4800033569336
2021-02-09,77.34416961669922,76.9564997927068,-14.029900703115757,25.198412698412696,25.198412698412696,81.80000305175781
2021-02-10,77.57109069824219,78.52607566216999,-12.066090771694665,28.373015873015873,28.373015873015873,82.04000091552734
2021-02-11,78.08167266845703,78.28023260319783,-8.287204473614915,31.746031746031743,31.746031746031743,82.58000183105469
2021-02-12,79.86869812011719,77.62779565563119,2.306699889600727,43.452380952380956,43.452380952380956,84.47000122070312
2021-02-16,77.40087890625,80.1239954100379,-5.278928078982887,35.317460317460316,35.317460317460316,81.86000061035156
2021-02-17,78.29913330078125,77.12668117071958,-4.646243045578389,36.11111111111111,36.11111111111111,82.80999755859375
2021-02-18,76.76739501953125,77.18342229536024,-12.132721023325573,28.373015873015873,28.373015873015873,81.19000244140625
2021-02-19,74.02536010742188,77.10778224643559,-25.112257805567484,13.690476190476192,13.690476190476192,78.29000091552734
2021-02-22,73.58096313476562,73.3824031893337,-29.36180806845476,9.722222222222223,9.722222222222223,77.81999969482422
2021-02-23,73.37295532226562,73.04202203734923,-32.09892689947914,7.341269841269842,7.341269841269842,77.5999984741211
2021-02-24,74.67777252197266,73.44858376468302,-29.659724261935754,9.722222222222223,9.722222222222223,78.9800033569336
2021-02-25,72.41796112060547,74.71559365797928,-33.43062411375837,5.555555555555555,5.555555555555555,76.58999633789062
2021-02-26,70.45124816894531,73.30673772565004,-37.87584870258483,2.976190476190476,2.976190476190476,74.51000213623047
2021-03-01,73.12710571289062,72.27613659050232,-32.344160096104225,7.341269841269842,7.341269841269842,77.33999633789062
2021-03-02,72.62596893310547,73.3918511553203,-30.693623442445368,8.928571428571429,8.928571428571429,76.80999755859375
2021-03-03,69.80829620361328,72.12483566479612,-36.42708623198499,3.7698412698412698,3.7698412698412698,73.83000183105469
2021-03-04,66.89608764648438,69.42064498253693,-38.83316779390937,2.7777777777777777,2.7777777777777777,70.75
2021-03-05,70.87674713134766,68.42783414103499,-31.451522664190733,8.928571428571429,8.928571428571429,74.95999908447266
2021-03-08,70.45124816894531,71.63315741181675,-28.291718019331828,12.3015873015873,12.3015873015873,74.51000213623047
2021-03-09,71.80335998535156,71.87899670215279,-23.1743411237843,17.857142857142858,17.857142857142858,75.94000244140625
2021-03-10,72.29505157470703,72.71108609701089,-19.447146037556863,23.41269841269841,23.41269841269841,76.45999908447266
2021-03-11,73.60930633544922,72.862338826957,-13.309039344093437,29.166666666666668,29.166666666666668,77.8499984741211
2021-03-12,74.12936401367188,73.37293906110057,-7.656827267627567,34.523809523809526,34.523809523809526,78.4000015258789
2021-03-15,75.49091339111328,74.11990137886471,0.504048612904444,44.24603174603175,44.24603174603175,79.83999633789062
2021-03-16,75.50037384033203,75.87858630517445,4.832986021041602,48.01587301587302,48.01587301587302,79.8499984741211
2021-03-17,74.5926742553711,74.78177689610777,5.392027649706179,48.41269841269841,48.41269841269841,78.88999938964844
2021-03-18,74.14828491210938,73.6944356288502,4.507909026137307,47.61904761904761,47.61904761904761,78.41999816894531
2021-03-19,74.90470123291016,74.33738608835425,8.60775919832252,51.587301587301596,51.587301587301596,79.22000122070312
2021-03-22,76.84302520751953,75.30181780987814,20.10384480894525,66.07142857142857,66.07142857142857,81.2699966430664
2021-03-23,74.62104034423828,76.54991761428046,14.897741026171518,60.11904761904761,60.11904761904761,78.91999816894531
2021-03-24,74.45085906982422,74.92362298327157,10.840118209149315,54.96031746031746,54.96031746031746,78.73999786376953
2021-03-25,75.1221694946289,74.32792972504156,12.291023059802814,56.94444444444444,56.94444444444444,79.44999694824219
2021-03-26,79.41487121582031,75.86914226435204,25.333755700293555,75.79365079365078,75.79365079365078,83.98999786376953
2021-03-29,80.45494842529297,78.93265546698078,31.883554120613578,83.73015873015873,83.73015873015873,85.08999633789062
2021-03-30,78.18567657470703,79.74579128424742,27.065750999784395,76.98412698412699,76.98412698412699,82.69000244140625
2021-03-31,78.97991943359375,78.62062154183589,27.052868740439635,76.78571428571429,76.78571428571429,83.52999877929688
2021-04-01,78.09111785888672,79.76470568284049,23.454735960086726,71.42857142857143,71.42857142857143,82.58999633789062
2021-04-05,79.67015075683594,78.84753921848127,26.436229227231667,76.19047619047619,76.19047619047619,84.26000213623047
2021-04-06,78.78135681152344,79.89707963221777,22.864874686349555,69.44444444444444,69.44444444444444,83.31999969482422
2021-04-07,78.17621612548828,78.61115792172107,16.37149963750224,60.317460317460316,60.317460317460316,82.68000030517578
2021-04-08,78.4787826538086,78.77189387096631,14.303525929537361,57.53968253968254,57.53968253968254,83.0
2021-04-09,81.1640853881836,78.80026639788743,26.19748683687272,75.79365079365078,75.79365079365078,85.83999633789062
2021-04-12,81.40992736816406,80.94662085008063,31.79100230861281,83.53174603174604,83.53174603174604,86.0999984741211
2021-04-13,82.45947265625,80.72915517507933,35.58062846883945,87.5,87.5,87.20999908447266
2021-04-14,82.2798080444336,82.21362140141487,35.950053580089694,88.09523809523809,88.09523809523809,87.0199966430664
2021-04-15,86.62922668457031,83.14022812115208,39.0055611319583,92.85714285714286,92.85714285714286,91.62000274658203
2021-04-16,88.5392074584961,88.15154487803571,41.2633765777792,96.62698412698413,96.62698412698413,93.63999938964844
2021-04-19,88.56756591796875,88.24609000618658,42.47157819605609,98.21428571428571,98.21428571428571,93.66999816894531
2021-04-20,89.73057556152344,87.79224099061254,42.83678470346124,98.80952380952381,98.80952380952381,94.9000015258789
2021-04-21,92.708984375,90.15605551819601,43.52712594199374,99.8015873015873,99.8015873015873,98.05000305175781
2021-04-22,91.58381652832031,92.81300546315623,42.171544594911566,97.22222222222221,97.22222222222221,96.86000061035156
2021-04-23,93.3330307006836,91.76345859936282,42.68959688345651,98.01587301587301,98.01587301587301,98.70999908447266
2021-04-26,92.33076477050781,93.63559016526742,41.236899130648574,95.43650793650794,95.43650793650794,97.6500015258789
2021-04-27,90.94083404541016,91.73507367236462,37.89324885477528,89.0873015873016,89.0873015873016,96.18000030517578
2021-04-28,89.90076446533203,90.43971489994347,33.59249331750749,83.53174603174604,83.53174603174604,95.08000183105469
2021-04-29,88.77557373046875,90.08039904429401,27.26021030768382,74.8015873015873,74.8015873015873,93.88999938964844
2021-04-30,87.97187805175781,87.83004748627687,20.35658926506641,62.301587301587304,62.301587301587304,93.04000091552734
2021-05-03,90.96922302246094,89.08762483925622,25.334908112084626,72.02380952380952,72.02380952380952,96.20999908447266
2021-05-04,91.139404296875,91.00703101069097,28.539753054821055,77.18253968253968,77.18253968253968,96.38999938964844
2021-05-05,91.77288818359375,91.87689677588561,31.558809912457704,80.95238095238095,80.95238095238095,97.05999755859375
2021-05-06,92.07546997070312,90.04259151479421,33.658838015440246,83.53174603174604,83.53174603174604,97.37999725341797
2021-05-07,94.08000183105469,92.47260770036712,36.24195485755216,86.90476190476191,86.90476190476191,99.5
2021-05-10,94.44876098632812,94.90261745452983,36.59175083494792,87.6984126984127,87.6984126984127,99.88999938964844
2021-05-11,91.5081787109375,92.5293504593446,27.24383239443065,73.61111111111111,73.61111111111111,96.77999877929688
2021-05-12,88.81340026855469,90.00476696397355,10.102103742502736,47.22222222222222,47.22222222222222,93.93000030517578
2021-05-13,91.4230728149414,89.22944890683272,9.449540839956558,46.42857142857143,46.42857142857143,96.69000244140625
2021-05-14,92.50098419189453,92.66172218273519,9.607632372719983,46.62698412698413,46.62698412698413,97.83000183105469
2021-05-17,92.0281982421875,92.46314004985905,6.702783049823659,43.25396825396825,43.25396825396825,97.33000183105469
2021-05-18,92.15111541748047,91.95255549492155,5.917390608028429,42.26190476190476,42.26190476190476,97.45999908447266
2021-05-19,91.6594467163086,90.12768942632543,2.2740392648325987,39.285714285714285,39.285714285714285,96.94000244140625
2021-05-20,94.54329681396484,91.90527410866072,13.886859667194114,52.57936507936508,52.57936507936508,99.98999786376953
2021-05-21,94.48655700683594,95.4037197743409,18.003162093902578,57.341269841269835,57.341269841269835,99.93000030517578
2021-05-24,94.7796859741211,95.93323081700342,21.269091800778618,61.904761904761905,61.904761904761905,100.23999786376953
2021-05-25,93.99490356445312,95.2713644005122,18.829587131330396,58.13492063492064,58.13492063492064,99.41000366210938
2021-05-26,92.30240631103516,94.52439471388053,7.718787811713539,43.05555555555556,43.05555555555556,97.62000274658203
2021-05-27,91.76345825195312,93.04937639009135,-0.45624612606571263,36.30952380952381,36.30952380952381,97.05000305175781
2021-05-28,92.86026763916016,92.99264093020246,-0.2293029720966963,36.507936507936506,36.507936507936506,98.20999908447266
2021-06-01,88.19880676269531,93.43703013971147,-21.086580561600915,17.46031746031746,17.46031746031746,93.27999877929688
2021-06-02,87.56531524658203,88.44465623962196,-31.35625827027227,7.738095238095238,7.738095238095238,92.61000061035156
2021-06-03,88.67158508300781,86.61979173930727,-31.626891047248208,7.142857142857142,7.142857142857142,93.77999877929688
2021-06-04,89.45637512207031,89.54146915134861,-29.08321905520632,10.119047619047619,10.119047619047619,94.61000061035156
2021-06-07,90.4113540649414,89.93859025262195,-24.13415796068982,14.484126984126986,14.484126984126986,95.62000274658203
2021-06-08,89.32398986816406,91.20558769524298,-25.46885787574681,13.492063492063492,13.492063492063492,94.47000122070312
2021-06-09,92.15111541748047,89.90076241467659,-14.323895066130179,24.206349206349206,24.206349206349206,97.45999908447266
2021-06-10,96.77474975585938,92.7373500220861,9.82817746225849,46.42857142857143,46.42857142857143,102.3499984741211
2021-06-11,94.58112335205078,96.44381385222877,12.607921823556294,50.79365079365079,50.79365079365079,100.02999877929688
2021-06-14,94.89315795898438,94.88370066237744,15.254826237124597,54.36507936507936,54.36507936507936,100.36000061035156
2021-06-15,95.0160903930664,95.32811631082866,17.159206432742284,57.738095238095234,57.738095238095234,100.48999786376953
2021-06-16,93.89089965820312,95.1200812896842,12.729094766411379,50.99206349206349,50.99206349206349,99.30000305175781
2021-06-17,96.11288452148438,93.44649690760659,19.318317283354016,60.317460317460316,60.317460317460316,101.6500015258789
2021-06-18,92.71844482421875,94.96880538818435,7.791537378325051,43.452380952380956,43.452380952380956,98.05999755859375
2021-06-21,96.14126586914062,93.55997183122903,14.812809090980144,54.166666666666664,54.166666666666664,101.68000030517578
2021-06-22,96.82202911376953,96.80311452176024,21.93197584551753,65.27777777777779,65.27777777777779,102.4000015258789
2021-06-23,95.44155883789062,97.20024076178328,19.197883714441673,60.71428571428571,60.71428571428571,100.94000244140625
2021-06-24,96.93549346923828,96.88822141406196,20.460392529410985,62.698412698412696,62.698412698412696,102.5199966430664
2021-06-25,98.3537826538086,97.20024498421665,26.34696808072875,74.0079365079365,74.0079365079365,104.0199966430664
2021-06-28,98.66578674316406,98.9683552348659,30.274478348202727,80.55555555555556,80.55555555555556,104.3499984741211
2021-06-29,98.9872817993164,99.1763844243329,31.672544917671303,81.54761904761905,81.54761904761905,104.69000244140625
2021-06-30,98.89274597167969,98.94002524568711,32.02145974977796,81.94444444444444,81.94444444444444,104.58999633789062
2021-07-01,101.4740219116211,99.2047542250996,36.52203727110891,88.09523809523809,88.09523809523809,107.31999969482422
2021-07-02,104.22551727294922,101.86169811984037,39.18521551046526,91.86507936507937,91.86507936507937,110.2300033569336
2021-07-06,103.8945541381836,103.69599423832852,39.8049597191193,92.85714285714286,92.85714285714286,109.87999725341797
2021-07-07,105.82343292236328,104.06475124754792,41.38739017564996,95.63492063492063,95.63492063492063,111.91999816894531
2021-07-08,104.24443054199219,102.77885969873738,38.97506533345422,90.67460317460318,90.67460317460318,110.25
2021-07-09,105.331787109375,105.22777848538266,38.89376209169204,90.27777777777779,90.27777777777779,111.4000015258789
2021-07-12,106.00308990478516,105.30340156605128,38.45598475639753,89.48412698412699,89.48412698412699,112.11000061035156
2021-07-13,105.72889709472656,105.5965238063894,37.68039827087132,87.6984126984127,87.6984126984127,111.81999969482422
2021-07-14,105.21830749511719,106.51368287110832,35.79309794801792,84.72222222222221,84.72222222222221,111.27999877929688
2021-07-15,104.39570617675781,103.6392812083518,31.540097922608883,79.36507936507937,79.36507936507937,110.41000366210938
2021-07-16,105.0008544921875,104.7077359983446,31.236608781732222,78.76984126984127,78.76984126984127,111.05000305175781
2021-07-19,101.56856536865234,102.75047477914346,16.25484089799076,55.35714285714286,55.35714285714286,107.41999816894531
2021-07-20,105.49250793457031,102.8072131686963,21.93607548165516,63.888888888888886,63.888888888888886,111.56999969482422
2021-07-21,105.97473907470703,106.83516547148153,25.592360009122196,70.83333333333334,70.83333333333334,112.08000183105469
2021-07-22,108.19673156738281,106.20166760656505,32.731060647888775,81.15079365079364,81.15079365079364,114.43000030517578
2021-07-23,111.99772644042969,109.5204490747051,37.31730378268032,87.3015873015873,87.3015873015873,118.44999694824219
2021-07-26,109.81356811523438,111.23185942777535,34.77582871715175,82.93650793650794,82.93650793650794,116.13999938964844
2021-07-27,111.26969146728516,109.40700088732795,36.17360747701074,85.11904761904762,85.11904761904762,117.68000030517578
2021-07-28,112.65961456298828,111.10894988187034,37.753394096555446,87.89682539682539,87.89682539682539,119.1500015258789
2021-07-29,113.32147216796875,113.70914191495272,39.4071686021194,91.66666666666666,91.66666666666666,119.8499984741211
2021-07-30,113.54838562011719,112.93379856158262,39.126290090534276,90.87301587301587,90.87301587301587,120.08999633789062
2021-08-02,114.19136047363281,115.06125131304842,39.275330022871465,91.26984126984127,91.26984126984127,120.7699966430664
2021-08-03,118.93790435791016,114.79649653039316,41.68251541802124,96.03174603174604,96.03174603174604,125.79000091552734
2021-08-04,117.54798889160156,117.6709048804869,40.21693562013215,93.25396825396825,93.25396825396825,124.31999969482422
2021-08-05,115.92169189453125,117.46290662669828,36.196679617086566,84.12698412698413,84.12698412698413,122.5999984741211
2021-08-06,115.60964965820312,115.72311556047897,33.1556116290057,79.56349206349206,79.56349206349206,122.2699966430664
2021-08-09,116.87665557861328,115.88384881192103,33.68136204110988,80.15873015873017,80.15873015873017,123.61000061035156
2021-08-10,116.22425842285156,117.08469205746141,32.196580664479605,77.97619047619048,77.97619047619048,122.91999816894531
2021-08-11,112.76361846923828,116.64973730566604,20.17885445889824,57.341269841269835,57.341269841269835,119.26000213623047
2021-08-12,115.34490203857422,113.12291377285592,20.473567772997615,58.13492063492064,58.13492063492064,121.98999786376953
2021-08-13,117.34944152832031,115.99733665061146,25.20736672546091,67.26190476190477,67.26190476190477,124.11000061035156
2021-08-16,121.5380859375,117.3021272151339,32.94057939866067,78.96825396825396,78.96825396825396,128.5399932861328
2021-08-17,125.6038818359375,120.5642252539793,37.882761621848175,86.90476190476191,86.90476190476191,132.83999633789062
2021-08-18,120.19546508789062,125.49986802147271,29.653273142894403,74.0079365079365,74.0079365079365,127.12000274658203
2021-08-19,121.74610900878906,117.6425233471531,27.16191959664077,69.44444444444444,69.44444444444444,128.75999450683594
2021-08-20,123.76010131835938,122.06761334002648,29.552402435327586,73.80952380952381,73.80952380952381,130.88999938964844
2021-08-23,123.86410522460938,125.79297501889221,30.65593065991531,75.1984126984127,75.1984126984127,131.0
2021-08-24,122.52144622802734,123.75063477372503,26.993652563646698,68.45238095238095,68.45238095238095,129.5800018310547
2021-08-25,121.62322235107422,122.26617420728374,21.47652177535605,58.13492063492064,58.13492063492064,128.6300048828125
2021-08-26,120.14820098876953,121.71777317306307,11.957734370771666,43.84920634920635,43.84920634920635,127.06999969482422
2021-08-27,119.42012786865234,120.83841913923585,4.636550014343128,33.53174603174603,33.53174603174603,126.30000305175781
2021-08-30,121.62322235107422,119.54305725924311,7.535966761355654,36.507936507936506,36.507936507936506,128.6300048828125
2021-08-31,121.25446319580078,121.83123560214034,7.87821064220044,37.10317460317461,37.10317460317461,128.24000549316406
2021-09-01,121.159912109375,121.9825165454301,7.387450086568751,36.11111111111111,36.11111111111111,128.13999938964844
2021-09-02,125.09332275390625,122.14326639748361,19.998733040770396,54.761904761904766,54.761904761904766,132.3000030517578
2021-09-03,125.52824401855469,124.96093609235666,27.492493326251395,70.43650793650794,70.43650793650794,132.75999450683594
2021-09-07,123.40079498291016,124.7718214683431,22.93370829121827,60.51587301587301,60.51587301587301,130.50999450683594
2021-09-08,123.06988525390625,122.56875674193952,19.487659545613383,53.769841269841265,53.769841269841265,130.16000366210938
2021-09-09,118.87174224853516,122.5120296232463,2.712028883719447,31.349206349206348,31.349206349206348,125.72000122070312
2021-09-10,115.63802337646484,120.27110264553401,-15.27246504933718,18.849206349206348,18.849206349206348,122.30000305175781
2021-09-13,113.48220825195312,117.40614885000446,-27.097655265479194,10.317460317460316,10.317460317460316,120.0199966430664
2021-09-14,113.32147216796875,114.95723795653132,-33.304974263949426,5.158730158730158,5.158730158730158,119.8499984741211
2021-09-15,115.61911010742188,113.4538511064275,-31.741238368560598,6.746031746031746,6.746031746031746,122.27999877929688
2021-09-16,114.80596160888672,115.99732842704393,-32.29359556825775,6.15079365079365,6.15079365079365,121.41999816894531
2021-09-17,114.9666748046875,114.18189253356324,-32.25267663467322,6.349206349206349,6.349206349206349,121.58999633789062
2021-09-20,111.52497100830078,110.97657051488224,-34.698893163344366,4.365079365079365,4.365079365079365,117.94999694824219
2021-09-21,112.28140258789062,112.99054828844572,-34.78820689561062,4.365079365079365,4.365079365079365,118.75
2021-09-22,112.31922912597656,112.99055288415067,-34.70323853948691,4.563492063492063,4.563492063492063,118.79000091552734
2021-09-23,114.97615051269531,113.22692595942304,-29.537950653186417,9.920634920634921,9.920634920634921,121.5999984741211
2021-09-24,113.56732940673828,114.42775583818437,-29.323602300152473,10.515873015873016,10.515873015873016,120.11000061035156
2021-09-27,108.65057373046875,112.67851588089609,-36.66591033004384,3.1746031746031744,3.1746031746031744,114.91000366210938
2021-09-28,103.00576782226562,106.84460715132113,-40.44395817095555,0.7936507936507936,0.7936507936507936,108.94000244140625
2021-09-29,105.4736099243164,104.35788703329203,-40.05899154647118,1.7857142857142856,1.7857142857142856,111.55000305175781
2021-09-30,101.5780258178711,106.26784163866567,-42.77129137146373,0.1984126984126984,0.1984126984126984,107.43000030517578
2021-10-01,101.8427734375,102.10752000221164,-40.677208345422436,0.992063492063492,0.992063492063492,107.70999908447266
2021-10-04,97.20968627929688,100.575769303273,-42.19716194596778,0.5952380952380952,0.5952380952380952,102.80999755859375
2021-10-05,98.85490417480469,98.17412321257828,-41.62145611428733,0.7936507936507936,0.7936507936507936,104.55000305175781
2021-10-06,98.2214126586914,97.01113838425881,-41.37712604477968,0.992063492063492,0.992063492063492,103.87999725341797
2021-10-07,101.92787170410156,100.11245334469434,-37.41679682356983,4.166666666666666,4.166666666666666,107.80000305175781
2021-10-08,100.45284271240234,102.41954170503946,-36.19235440824734,5.357142857142857,5.357142857142857,106.23999786376953
2021-10-11,98.25922393798828,100.32047434162004,-37.44145388943968,4.166666666666666,4.166666666666666,103.91999816894531
2021-10-12,96.85039520263672,99.26149353901147,-39.50738746345851,3.1746031746031744,3.1746031746031744,102.43000030517578
2021-10-13,97.11515045166016,97.13406504563383,-40.18664936015415,2.579365079365079,2.579365079365079,102.70999908447266
2021-10-14,101.26599884033203,100.311013998003,-34.94505793672602,6.944444444444445,6.944444444444445,107.0999984741211
2021-10-15,102.96796417236328,103.06251549611275,-29.154246284379003,13.095238095238097,13.095238095238097,108.9000015258789
2021-10-18,100.71760559082031,101.68204786693974,-29.579869748265054,12.3015873015873,12.3015873015873,106.5199966430664
2021-10-19,104.6509780883789,102.11696424269333,-23.219803983320997,17.063492063492063,17.063492063492063,110.68000030517578
2021-10-20,109.09497833251953,106.57042122277036,-10.823184232625943,25.396825396825395,25.396825396825395,115.37999725341797
2021-10-21,110.60783386230469,109.6150268887113,-1.2692668582621143,31.349206349206348,31.349206349206348,116.9800033569336
2021-10-22,111.84648895263672,110.72130851569175,8.05493312668495,39.48412698412698,39.48412698412698,118.29000091552734
2021-10-25,112.23412322998047,111.90319001275435,17.022227508629843,52.38095238095239,52.38095238095239,118.69999694824219
2021-10-26,114.03063201904297,113.02837502837622,23.38135091386503,63.69047619047619,63.69047619047619,120.5999984741211
2021-10-27,111.2034912109375,114.38992152184242,18.71769854254979,53.769841269841265,53.769841269841265,117.61000061035156
2021-10-28,114.01171875,111.63844247472873,22.193813960725695,60.912698412698404,60.912698412698404,120.58000183105469
2021-10-29,117.29268646240234,113.60512785761178,28.22354654507026,72.22222222222221,72.22222222222221,124.05000305175781
2021-11-01,116.66864013671875,117.60471036182273,28.23053264372503,72.42063492063492,72.42063492063492,123.38999938964844
2021-11-02,118.7866439819336,118.35170209962942,30.929418181739297,76.38888888888889,76.38888888888889,125.62999725341797
2021-11-03,121.0369873046875,118.27604834311704,35.03531430429538,82.34126984126983,82.34126984126983,128.00999450683594
2021-11-04,118.52188110351562,120.57367422761112,31.269966428411443,76.78571428571429,76.78571428571429,125.3499984741211
2021-11-05,114.99507141113281,116.12024437031539,20.809874792993238,58.13492063492064,58.13492063492064,121.62000274658203
2021-11-08,116.78211212158203,114.99506559244186,18.341077061258606,53.37301587301587,53.37301587301587,123.51000213623047
2021-11-09,115.34490203857422,116.57409072027504,13.762362691203093,48.61111111111111,48.61111111111111,121.98999786376953
2021-11-10,116.35662078857422,115.24089796423102,13.378355269025944,47.61904761904761,47.61904761904761,123.05999755859375
2021-11-11,115.48674011230469,116.64028493477156,10.11317594924034,42.857142857142854,42.857142857142854,122.13999938964844
2021-11-12,116.91448211669922,117.2737799860149,11.786741037591726,45.63492063492063,45.63492063492063,123.6500015258789
2021-11-15,114.86270141601562,117.71819172803583,7.706226252421933,38.88888888888889,38.88888888888889,121.4800033569336
2021-11-16,116.1769790649414,114.76813774389908,7.55841298331634,38.69047619047619,38.69047619047619,122.87000274658203
2021-11-17,116.7348403930664,116.32826322340905,7.332886865235176,38.2936507936508,38.2936507936508,123.45999908447266
2021-11-18,116.84828186035156,117.1319357618707,6.846818911808245,38.2936507936508,38.2936507936508,123.58000183105469
2021-11-19,114.62632751464844,117.7181999538196,-2.874896715852832,30.357142857142854,30.357142857142854,121.2300033569336
2021-11-22,113.18913269042969,115.1274675765361,-12.658722816067344,24.801587301587304,24.801587301587304,119.70999908447266
2021-11-23,113.50114440917969,112.13958223152994,-18.478454366448283,20.833333333333336,20.833333333333336,120.04000091552734
2021-11-24,113.38766479492188,113.21746954327168,-22.081446762043736,18.452380952380953,18.452380952380953,119.91999816894531
2021-11-26,112.08285522460938,114.1630132939528,-27.62613810487832,14.484126984126986,14.484126984126986,118.54000091552734
2021-11-29,112.99055480957031,114.60740623449435,-27.928370393560147,14.484126984126986,14.484126984126986,119.5
2021-11-30,106.58932495117188,111.20349684433187,-35.16407468633842,6.746031746031746,6.746031746031746,112.7300033569336
2021-12-01,106.06926727294922,108.06433072522789,-39.637808468549935,3.373015873015873,3.373015873015873,112.18000030517578
2021-12-02,107.27008056640625,105.28447447061173,-37.590514867580964,4.761904761904762,4.761904761904762,113.44999694824219
2021-12-03,108.1210708618164,109.29352297100877,-34.762410011806665,7.936507936507936,7.936507936507936,114.3499984741211
2021-12-06,109.68120574951172,109.06661134349947,-28.81006501286124,14.484126984126986,14.484126984126986,116.0
2021-12-07,113.84153747558594,112.13958471581947,-14.893375558268692,24.404761904761905,24.404761904761905,120.4000015258789
2021-12-08,116.4322738647461,115.1179910126302,0.9199825135679386,35.714285714285715,35.714285714285715,123.13999938964844
2021-12-09,117.36833190917969,116.1486005068849,12.123709422379857,49.60317460317461,49.60317460317461,124.12999725341797
2021-12-10,118.44622802734375,117.28323322954023,20.600905423262958,62.698412698412696,62.698412698412696,125.2699966430664
2021-12-13,121.9446792602539,118.57860376718557,28.26610668211217,77.97619047619048,77.97619047619048,128.97000122070312
2021-12-14,120.31839752197266,120.31839752197266,27.424216239922693,76.78571428571429,76.78571428571429,127.25
2021-12-15,127.6556625366211,120.98969799222314,34.29251569207199,86.5079365079365,86.5079365079365,135.00999450683594
2021-12-16,130.14242553710938,128.32701417528585,37.159800629237864,90.67460317460318,90.67460317460318,137.63999938964844
2021-12-17,127.5516586303711,128.4782860020377,34.56994013710851,86.90476190476191,86.90476190476191,134.89999389648438
2021-12-20,125.10276794433594,126.70071206914766,27.676065987382977,77.18253968253968,77.18253968253968,132.30999755859375
2021-12-21,126.61881256103516,126.44856763949659,26.462615939974654,74.40476190476191,74.40476190476191,133.8800048828125
2021-12-22,131.15847778320312,126.69448725379745,32.52355521459386,84.52380952380952,84.52380952380952,138.67999267578125
2021-12-23,132.7662811279297,132.23665589136357,36.018958580350954,89.28571428571429,89.28571428571429,140.3800048828125
2021-12-27,136.71954345703125,134.21327642735446,39.46510397425657,95.63492063492063,95.63492063492063,144.55999755859375
2021-12-28,135.48062133789062,137.16407921293305,39.05076109746174,94.64285714285714,94.64285714285714,143.25
2021-12-29,138.13819885253906,135.35765216852994,40.41847214246615,97.42063492063492,97.42063492063492,146.05999755859375
2021-12-30,138.68673706054688,138.33680923904762,40.79511885049231,97.81746031746032,97.81746031746032,146.63999938964844
2021-12-31,137.12623596191406,138.62999625398777,38.73576707893112,93.45238095238095,93.45238095238095,144.99000549316406
2022-01-03,132.79466247558594,136.47368207893064,29.45747962010795,80.35714285714286,80.35714285714286,140.41000366210938
2022-01-04,127.53620147705078,132.614946365432,14.364958977232526,53.57142857142857,53.57142857142857,134.85000610351562
2022-01-05,124.84078216552734,128.29281317262212,0.3969925911053775,35.317460317460316,35.317460317460316,132.0
2022-01-06,120.3105697631836,122.94925070181014,-13.96215374094659,25.793650793650798,25.793650793650798,127.20999908447266
2022-01-07,118.61766052246094,119.5917958065056,-25.752628964387984,16.865079365079367,16.865079365079367,125.41999816894531
2022-01-10,122.20210266113281,117.18955345146146,-26.33972739189373,16.666666666666664,16.666666666666664,129.2100067138672
2022-01-11,125.09613800048828,122.82629701770523,-22.260420519280313,20.238095238095237,20.238095238095237,132.27000427246094
2022-01-12,124.14091491699219,123.83827809365641,-21.763559029979156,20.833333333333336,20.833333333333336,131.25999450683594
2022-01-13,118.11639404296875,123.74368355796324,-30.059469464233214,12.896825396825399,12.896825396825399,124.88999938964844
2022-01-14,117.6718978881836,116.56535627838105,-33.118449362236234,9.722222222222223,9.722222222222223,124.41999816894531
2022-01-18,112.7349853515625,114.4657339664879,-38.03601574497865,4.365079365079365,4.365079365079365,119.19999694824219
2022-01-19,111.26907348632812,113.30246638625185,-41.18479032141078,1.1904761904761905,1.1904761904761905,117.6500015258789
2022-01-20,109.16947174072266,111.78923323641396,-42.95024204185221,0.1984126984126984,0.1984126984126984,115.43000030517578
2022-01-21,105.98224639892578,110.02066023783199,-43.958493274036286,0.0,0.0,112.05999755859375
2022-01-24,104.63926696777344,102.29377766513,-40.43982223984783,2.579365079365079,2.579365079365079,110.63999938964844
2022-01-25,102.70989227294922,100.62921591263952,-39.45313889433328,4.563492063492063,4.563492063492063,108.5999984741211
2022-01-26,101.10211944580078,103.14496485071058,-39.76386074428576,3.968253968253968,3.968253968253968,106.9000015258789
2022-01-27,101.69794464111328,102.32215199398321,-39.43535807268096,4.9603174603174605,4.9603174603174605,107.52999877929688
2022-01-28,107.97781372070312,101.4425918901204,-34.34287567149194,10.317460317460316,10.317460317460316,114.16999816894531
2022-01-31,110.21924591064453,107.4103280083968,-28.784157926322397,16.865079365079367,16.865079365079367,116.54000091552734
2022-02-01,111.20287322998047,110.21927833146512,-24.05415382184887,20.634920634920633,20.634920634920633,117.58000183105469
2022-02-02,115.38314819335938,110.86239977109963,-15.382329649020567,26.785714285714285,26.785714285714285,122.0
2022-02-03,113.85099792480469,114.5697801445174,-12.160807556923004,29.761904761904763,29.761904761904763,120.37999725341797
2022-02-04,112.43235778808594,111.12720680787422,-9.804190048139034,31.150793650793652,31.150793650793652,118.87999725341797
2022-02-07,111.77977752685547,112.78228441264186,-9.263187694974395,31.349206349206348,31.349206349206348,118.19000244140625
2022-02-08,114.6170883178711,110.38006438782968,-4.876132513863536,34.12698412698413,34.12698412698413,121.19000244140625
2022-02-09,117.19900512695312,116.27216098562529,1.1895794320135247,39.285714285714285,39.285714285714285,123.91999816894531
2022-02-10,111.91218566894531,113.21733657283565,-2.870728970504879,35.714285714285715,35.714285714285715,118.33000183105469
2022-02-11,107.17391204833984,111.33527260090827,-11.257645234071461,30.357142857142854,30.357142857142854,113.31999969482422
2022-02-14,103.91102600097656,106.3983811129333,-17.256375085668097,25.595238095238095,25.595238095238095,109.87000274658203
2022-02-15,107.15499877929688,106.33218200315437,-15.245153958269904,27.18253968253968,27.18253968253968,113.30000305175781
2022-02-16,107.85487365722656,105.67016221535995,-12.69173297712831,29.96031746031746,29.96031746031746,114.04000091552734
2022-02-17,102.6342544555664,106.4835117098455,-19.19313890691435,25.0,25.0,108.5199966430664
2022-02-18,100.64815521240234,102.41673564769623,-25.08685092614462,20.03968253968254,20.03968253968254,106.41999816894531
2022-02-22,99.39029693603516,99.18223499744794,-29.62090693767612,14.880952380952381,14.880952380952381,105.08999633789062
2022-02-23,98.07566833496094,100.87513453825687,-36.19119260401475,8.134920634920634,8.134920634920634,103.69999694824219
2022-02-24,99.13494110107422,92.95910589538448,-33.81983264925331,10.515873015873016,10.515873015873016,104.81999969482422
2022-02-25,108.3088150024414,100.42115217533701,-19.226563106180734,25.396825396825395,25.396825396825395,114.5199966430664
2022-02-28,105.89714050292969,103.35303437284821,-14.626374844538612,28.373015873015873,28.373015873015873,111.97000122070312
2022-03-01,104.13802337646484,104.37446426012485,-14.873275284729475,27.976190476190478,27.976190476190478,110.11000061035156
2022-03-02,108.6114730834961,105.44316691226273,-7.976349785735973,33.33333333333333,33.33333333333333,114.83999633789062
2022-03-03,110.21924591064453,110.20978625812903,-1.9488784156694188,37.5,37.5,116.54000091552734
2022-03-04,112.04459381103516,106.97530128950531,3.8936043291889724,42.26190476190476,42.26190476190476,118.47000122070312
2022-03-07,106.47405242919922,110.18144347356068,-1.7369968743625483,37.5,37.5,112.58000183105469
2022-03-08,99.52268981933594,104.62035417617211,-14.378194327732807,27.77777777777778,27.77777777777778,105.2300033569336
2022-03-09,105.14053344726562,104.6014485055935,-12.865048468772242,29.365079365079367,29.365079365079367,111.16999816894531
2022-03-10,105.2729263305664,101.79251657833996,-11.769852694621159,30.555555555555557,30.555555555555557,111.30999755859375
2022-03-11,102.92743682861328,106.23760886609412,-13.781699312516679,28.57142857142857,28.57142857142857,108.83000183105469
2022-03-14,104.85679626464844,104.85679626464844,-9.94248825573586,31.547619047619047,31.547619047619047,110.87000274658203
2022-03-15,111.01370239257812,107.54275253705035,3.769124383789603,42.06349206349206,42.06349206349206,117.37999725341797
2022-03-16,114.96697235107422,112.93358724235082,14.94557440441502,57.936507936507944,57.936507936507944,121.55999755859375
2022-03-17,120.46190643310547,114.41847790217464,24.04194244802172,73.21428571428571,73.21428571428571,127.37000274658203
2022-03-18,122.58985137939453,121.05771923827068,29.433289383019627,82.14285714285714,82.14285714285714,129.6199951171875
2022-03-21,122.61821746826172,122.40069592978273,30.500802940693138,83.33333333333334,83.33333333333334,129.64999389648438
2022-03-22,122.52835845947266,123.1716443116926,30.77419377776956,83.92857142857143,83.92857142857143,129.52000427246094
2022-03-23,116.04812622070312,121.30798851871882,19.61172375610528,62.301587301587304,62.301587301587304,122.66999816894531
2022-03-24,119.94573211669922,116.94685406293168,19.45386823311676,61.70634920634921,61.70634920634921,126.79000091552734
2022-03-25,121.7620849609375,121.23230231240599,20.939547320251382,65.07936507936508,65.07936507936508,128.7100067138672
2022-03-28,124.39202880859375,122.44321777337574,25.9262137261741,75.1984126984127,75.1984126984127,131.49000549316406
2022-03-29,126.57728576660156,126.76648659091175,29.149643036739292,81.34920634920636,81.34920634920636,133.8000030517578
2022-03-30,127.46659088134766,126.57733081201897,31.894427447743247,85.71428571428571,85.71428571428571,134.74000549316406
2022-03-31,123.42707061767578,127.40034658207006,25.821586060253782,74.60317460317461,74.60317460317461,130.47000122070312
2022-04-01,126.36919403076172,124.55283965267883,26.63632703353925,76.19047619047619,76.19047619047619,133.5800018310547
2022-04-04,123.55952453613281,126.89896997480378,21.657325457374867,65.87301587301587,65.87301587301587,130.61000061035156
2022-04-05,124.14603424072266,122.77430996543457,20.266282751738014,62.10317460317461,62.10317460317461,131.22999572753906
2022-04-06,130.2005615234375,123.13380050468693,27.110326570244226,76.98412698412699,76.98412698412699,137.6300048828125
2022-04-07,137.2767791748047,128.97073583863911,32.99771767709178,86.90476190476191,86.90476190476191,145.11000061035156
2022-04-08,139.5567169189453,137.39979490835347,36.356672652899164,91.07142857142857,91.07142857142857,147.52000427246094
2022-04-11,131.38308715820312,138.7336423706898,26.57500606682504,75.1984126984127,75.1984126984127,138.8800048828125
2022-04-12,127.58958435058594,131.2695978689228,14.594460641997003,53.769841269841265,53.769841269841265,134.8699951171875
2022-04-13,129.39642333984375,127.4192479243593,9.680705111382252,46.03174603174603,46.03174603174603,136.77999877929688
2022-04-14,127.59900665283203,130.01134278554758,2.652015506620036,38.095238095238095,38.095238095238095,134.8800048828125
2022-04-18,123.2851791381836,126.64353438985017,-7.996216560396475,29.365079365079367,29.365079365079367,130.32000732421875
2022-04-19,126.79491424560547,124.1649828120891,-8.924937438834291,28.76984126984127,28.76984126984127,134.02999877929688
2022-04-20,131.8561248779297,128.01529027945105,-1.5266733337961504,34.523809523809526,34.523809523809526,139.3800048828125
2022-04-21,127.52332305908203,132.94400614326238,-4.952115404591683,31.746031746031743,31.746031746031743,134.8000030517578
2022-04-22,113.95744323730469,123.90955953665974,-21.86707667865342,18.849206349206348,18.849206349206348,120.45999908447266
2022-04-25,115.76432037353516,112.58569670448504,-25.332044180518608,16.071428571428573,16.071428571428573,122.37000274658203
2022-04-26,109.37870025634766,114.02364898117416,-33.12095767866413,8.333333333333332,8.333333333333332,115.62000274658203
2022-04-27,108.88675689697266,109.70033360098671,-36.45554405077901,5.158730158730158,5.158730158730158,115.0999984741211
2022-04-28,113.25738525390625,111.57347274603161,-33.88156314923497,7.738095238095238,7.738095238095238,119.72000122070312
2022-04-29,104.62023162841797,110.37202854432226,-37.899648432443804,3.968253968253968,3.968253968253968,110.58999633789062
2022-05-02,102.6998062133789,104.39318085671572,-38.0219174996177,3.968253968253968,3.968253968253968,108.55999755859375
2022-05-03,103.73096466064453,103.73096466064453,-37.21151091376419,5.357142857142857,5.357142857142857,109.6500015258789
2022-05-04,110.56121063232422,103.27686214279831,-30.661908004227605,12.3015873015873,12.3015873015873,116.87000274658203
2022-05-05,104.09991455078125,108.72594612457729,-32.420371502271095,9.920634920634921,9.920634920634921,110.04000091552734
2022-05-06,103.1255111694336,101.3942950372417,-33.92048718826518,8.333333333333332,8.333333333333332,109.01000213623047
2022-05-09,95.15056610107422,99.83335595243025,-38.28613716845046,3.7698412698412698,3.7698412698412698,100.58000183105469
2022-05-10,95.97361755371094,97.85620042089575,-39.7306152290992,2.579365079365079,2.579365079365079,101.44999694824219
2022-05-11,94.35591125488281,95.41545488858192,-41.443363998061486,0.992063492063492,0.992063492063492,99.73999786376953
2022-05-12,96.90070343017578,93.32475361481134,-39.49214959530018,3.571428571428571,3.571428571428571,102.43000030517578
2022-05-13,99.91850280761719,100.17392469397149,-35.5251086821459,7.5396825396825395,7.5396825396825395,105.62000274658203
2022-05-16,102.07543182373047,99.56848051453372,-31.273975107404738,13.293650793650794,13.293650793650794,107.9000015258789
2022-05-17,106.218994140625,105.66084648976351,-24.251426710698485,19.841269841269842,19.841269841269842,112.27999877929688
2022-05-18,98.11161804199219,104.38372067326287,-28.331413949744327,16.666666666666664,16.666666666666664,103.70999908447266
2022-05-19,98.80220794677734,96.01144809508996,-29.674639471428026,14.285714285714285,14.285714285714285,104.44000244140625
2022-05-20,102.34978485107422,100.61856856991221,-24.768683171541543,20.238095238095237,20.238095238095237,108.19000244140625
2022-05-23,104.99862670898438,104.93240568035067,-15.648490466143175,26.38888888888889,26.38888888888889,110.98999786376953
2022-05-24,105.92573547363281,103.54176384688458,-8.431593695208498,33.53174603174603,33.53174603174603,111.97000122070312
2022-05-25,105.71760559082031,105.85004765129288,-4.541541510174415,36.7063492063492,36.7063492063492,111.75
2022-05-26,107.0325698852539,106.4838772314548,0.05198163511761511,40.07936507936508,40.07936507936508,113.13999938964844
2022-05-27,112.41542053222656,107.6285602920688,13.326651302658455,54.761904761904766,54.761904761904766,118.83000183105469
2022-05-31,107.86506652832031,110.5328394071801,12.382588007262733,53.57142857142857,53.57142857142857,114.0199966430664
2022-06-01,103.3714599609375,109.06649656506698,3.503720574923605,43.05555555555556,43.05555555555556,109.2699966430664
2022-06-02,105.61354064941406,103.72150300651155,2.9949029200254014,43.05555555555556,43.05555555555556,111.63999938964844
2022-06-03,102.00921630859375,103.98639227906334,-3.7328253280689263,37.301587301587304,37.301587301587304,107.83000183105469
2022-06-06,101.88622283935547,104.0620689870133,-7.679557444293963,34.523809523809526,34.523809523809526,107.69999694824219
2022-06-07,105.802734375,101.24292425252511,-1.9276399373151107,38.69047619047619,38.69047619047619,111.83999633789062
2022-06-08,103.36202239990234,105.0175554006641,-3.59713943530246,37.89682539682539,37.89682539682539,109.26000213623047
2022-06-09,96.4182357788086,102.18894909998866,-16.57697758141578,25.595238095238095,25.595238095238095,101.91999816894531
2022-06-10,92.06654357910156,92.84227865796633,-27.646006976153213,17.46031746031746,17.46031746031746,97.31999969482422
2022-06-13,83.44831848144531,87.06211005202961,-35.29177921955769,7.738095238095238,7.738095238095238,88.20999908447266
2022-06-14,80.83729553222656,83.53345461808456,-39.16045445115145,4.166666666666666,4.166666666666666,85.44999694824219
2022-06-15,83.36319732666016,82.41717832157231,-38.8908085075677,4.365079365079365,4.365079365079365,88.12000274658203
2022-06-16,79.59801483154297,79.1439298860131,-40.426525377770275,2.1825396825396823,2.1825396825396823,84.13999938964844
2022-06-17,79.60749053955078,79.67371157273492,-41.15375143697917,1.5873015873015872,1.5873015873015872,84.1500015258789
2022-06-21,85.84175109863281,82.76718974048285,-35.12932780297737,8.928571428571429,8.928571428571429,90.73999786376953
2022-06-22,89.65460968017578,84.36186904361591,-27.098740493311873,19.246031746031747,19.246031746031747,94.69000244140625
2022-06-23,95.5438461303711,90.89494495737186,-15.214498920200489,28.373015873015873,28.373015873015873,100.91000366210938
2022-06-24,100.24009704589844,97.5795210051321,-4.013964382610091,37.5,37.5,105.87000274658203
2022-06-27,101.29104614257812,100.13592185708022,3.2188923255942905,44.24603174603175,44.24603174603175,106.9800033569336
2022-06-28,96.07405090332031,102.57871486955635,1.3420864727053199,42.65873015873016,42.65873015873016,101.47000122070312
2022-06-29,98.60206604003906,96.42437203071628,4.098918797192281,44.84126984126984,44.84126984126984,104.13999938964844
2022-06-30,97.57950592041016,96.72737161194192,5.321874200829944,45.63492063492063,45.63492063492063,103.05999755859375
2022-07-01,100.99754333496094,97.48483310960557,11.623998279709348,53.17460317460318,53.17460317460318,106.66999816894531
2022-07-05,99.25538635253906,97.85408612903777,12.831990904375722,56.34920634920635,56.34920634920635,104.83000183105469
2022-07-06,101.18689727783203,99.40686681025487,15.874973400996192,59.72222222222222,59.72222222222222,106.87000274658203
2022-07-07,102.74916076660156,101.28159042227391,19.927088290725383,64.0873015873016,64.0873015873016,108.5199966430664
2022-07-08,103.43084716796875,101.8307226848666,22.70474681620743,69.44444444444444,69.44444444444444,109.23999786376953
2022-07-11,102.63554382324219,101.82127602721563,22.794387992913418,69.44444444444444,69.44444444444444,108.4000015258789
2022-07-12,98.68728637695312,101.85913947232149,17.219893332260213,60.11904761904761,60.11904761904761,104.2300033569336
2022-07-13,95.93202209472656,95.93202209472656,9.72964479220646,50.198412698412696,50.198412698412696,101.31999969482422
2022-07-14,95.12723541259766,92.5897514189799,4.526229051451252,44.642857142857146,44.642857142857146,100.47000122070312
2022-07-15,101.69818878173828,98.9524026110764,11.854394598861077,53.37301587301587,53.37301587301587,107.41000366210938
2022-07-18,95.35448455810547,102.42724915470833,6.3518609295564135,46.230158730158735,46.230158730158735,100.70999908447266
2022-07-19,100.33475494384766,98.30855590763956,10.623677165739554,51.587301587301596,51.587301587301596,105.97000122070312
2022-07-20,97.48482513427734,99.9560319656967,7.730942313494249,48.80952380952381,48.80952380952381,102.95999908447266
2022-07-21,101.61296081542969,97.96769669687977,12.207573866803209,54.563492063492056,54.563492063492056,107.31999969482422
2022-07-22,100.59040069580078,102.48404532528933,10.173463240642066,51.587301587301596,51.587301587301596,106.23999786376953
2022-07-25,102.04850769042969,100.84604653191577,12.002651278146871,54.563492063492056,54.563492063492056,107.77999877929688
2022-07-26,103.81906127929688,102.15265209470712,17.382653115092523,61.70634920634921,61.70634920634921,109.6500015258789
2022-07-27,105.78846740722656,103.29831993146358,23.685440164165552,73.01587301587301,73.01587301587301,111.7300033569336
2022-07-28,107.6726303100586,106.21452313915803,27.190517011719695,79.56349206349206,79.56349206349206,113.72000122070312
2022-07-29,106.51749420166016,106.42281342932799,26.439158289355625,77.57936507936508,77.57936507936508,112.5
2022-08-01,104.09364318847656,104.91737394428128,20.705427129192806,67.65873015873017,67.65873015873017,109.94000244140625
2022-08-02,102.87225341796875,104.77536843154479,15.139966603694846,59.92063492063492,59.92063492063492,108.6500015258789
2022-08-03,105.62749481201172,104.78482353225117,18.107847517822165,62.301587301587304,62.301587301587304,111.55999755859375
2022-08-04,104.1125717163086,106.42282027291074,15.85380225661843,60.51587301587301,60.51587301587301,109.95999908447266
2022-08-05,103.87586212158203,102.14317577146626,14.184548553328415,58.53174603174603,58.53174603174603,109.70999908447266
2022-08-08,104.69014739990234,104.35876102071623,15.421807703913915,60.51587301587301,60.51587301587301,110.56999969482422
2022-08-09,103.66756439208984,105.09726798825426,13.438015772244006,57.341269841269835,57.341269841269835,109.48999786376953
2022-08-10,106.99092864990234,106.74475280913902,20.258209456023092,67.46031746031747,67.46031746031747,113.0
2022-08-11,104.97418975830078,106.4417599717116,18.438234408257976,63.888888888888886,63.888888888888886,110.87000274658203
2022-08-12,108.92243957519531,105.5706877258469,26.156975069157607,76.98412698412699,76.98412698412699,115.04000091552734
2022-08-15,110.64563751220703,108.48688415652708,31.78438109065795,85.71428571428571,85.71428571428571,116.86000061035156
2022-08-16,109.65148162841797,109.73669938658483,32.43396163578717,86.70634920634922,86.70634920634922,115.80999755859375
2022-08-17,107.70104217529297,107.7862527193174,27.545641497815836,80.55555555555556,80.55555555555556,113.75
2022-08-18,106.16718292236328,107.9282729952419,19.1731565816667,64.68253968253968,64.68253968253968,112.12999725341797
2022-08-19,106.99092864990234,105.86420770917928,16.421800801826073,61.904761904761905,61.904761904761905,113.0
2022-08-22,102.82489013671875,104.88896283494378,-0.8080160590148895,39.285714285714285,39.285714285714285,108.5999984741211
2022-08-23,98.4695053100586,101.61295461370173,-17.572480292854223,25.595238095238095,25.595238095238095,104.0
2022-08-24,98.93345642089844,98.7914316364501,-24.783681749109796,21.626984126984127,21.626984126984127,104.48999786376953
2022-08-25,102.02010345458984,99.8708199987457,-19.912800259086886,25.0,25.0,107.75
2022-08-26,93.5649642944336,102.39881666121673,-30.20010241910437,15.277777777777779,15.277777777777779,98.81999969482422
2022-08-29,91.58612060546875,91.99325446718173,-34.743891108909594,9.920634920634921,9.920634920634921,96.7300033569336
2022-08-30,89.74929809570312,92.17316118032586,-38.36174633249353,5.158730158730158,5.158730158730158,94.79000091552734
2022-08-31,88.0355453491211,90.3741904875273,-41.09812334645137,1.7857142857142856,1.7857142857142856,92.9800033569336
2022-09-01,92.14473724365234,87.49584394607102,-35.55372783463627,8.73015873015873,8.73015873015873,97.31999969482422
2022-09-02,88.07341003417969,93.89636881344059,-37.7805589232061,6.547619047619048,6.547619047619048,93.0199966430664
2022-09-06,88.48055267333984,89.20013973853617,-38.21523580810171,5.753968253968254,5.753968253968254,93.44999694824219
2022-09-07,92.60869598388672,88.44268323200646,-31.439848845159407,15.476190476190476,15.476190476190476,97.80999755859375
2022-09-08,97.44695281982422,92.14474919752155,-18.513409189058677,27.380952380952383,27.380952380952383,102.91999816894531
2022-09-09,100.11698913574219,98.52632736442247,-6.826922281879277,36.30952380952381,36.30952380952381,105.73999786376953
2022-09-12,102.02010345458984,101.25317969843486,3.466137838318302,45.43650793650794,45.43650793650794,107.75
2022-09-13,91.88910675048828,97.25758743712389,-9.946290144469538,33.92857142857143,33.92857142857143,97.05000305175781
2022-09-14,92.1352767944336,92.82646026005277,-16.361470089692723,27.976190476190478,27.976190476190478,97.30999755859375
2022-09-15,93.68807220458984,93.19572774229307,-16.604447284459596,27.380952380952383,27.380952380952383,98.94999694824219
2022-09-16,92.5708236694336,92.98742784061136,-18.472342663498907,26.58730158730159,26.58730158730159,97.7699966430664
2022-09-19,91.226318359375,90.85705827589315,-21.858561572419692,24.801587301587304,24.801587301587304,96.3499984741211
2022-09-20,88.23243713378906,89.97791995800779,-27.79673189850499,19.841269841269842,19.841269841269842,93.01000213623047
2022-09-21,83.72643280029297,89.07672759364931,-34.51274304466195,11.507936507936508,11.507936507936508,88.26000213623047
2022-09-22,84.97863006591797,83.4513288438104,-34.0448249331282,11.904761904761903,11.904761904761903,89.58000183105469
2022-09-23,83.47978210449219,83.72642894175607,-34.628456814650505,11.507936507936508,11.507936507936508,88.0
2022-09-26,81.20307922363281,81.91455481362522,-37.912331844932055,6.349206349206349,6.349206349206349,85.5999984741211
2022-09-27,80.73823547363281,82.71139581221769,-39.45375325117574,4.166666666666666,4.166666666666666,85.11000061035156
2022-09-28,85.47191619873047,83.612594552396,-32.166562128404856,14.484126984126986,14.484126984126986,90.0999984741211
2022-09-29,83.32799530029297,84.91221935672655,-31.429432581213323,15.674603174603174,15.674603174603174,87.83999633789062
2022-09-30,80.1026382446289,83.44182594677886,-35.54866321859047,9.325396825396826,9.325396825396826,84.44000244140625
2022-10-03,84.86478424072266,81.67737389236201,-29.6032758343868,18.055555555555554,18.055555555555554,89.45999908447266
2022-10-04,90.67992401123047,87.16998097365142,-15.90166940374662,28.373015873015873,28.373015873015873,95.58999633789062
2022-10-05,91.60958099365234,89.01032597639379,-6.900861374945258,35.91269841269841,35.91269841269841,96.56999969482422
2022-10-06,88.13758850097656,90.43328104624125,-8.650001804192366,34.72222222222222,34.72222222222222,92.91000366210938
2022-10-07,82.44578552246094,86.1075061531889,-19.200061346623052,26.190476190476193,26.190476190476193,86.91000366210938
2022-10-10,80.76669311523438,83.13827796648627,-27.351385823394708,21.03174603174603,21.03174603174603,85.13999938964844
2022-10-11,81.99042510986328,80.3303158487776,-28.33773956954879,19.841269841269842,19.841269841269842,86.43000030517578
2022-10-12,80.9943618774414,82.96752217762447,-30.83236079305096,16.666666666666664,16.666666666666664,85.37999725341797
2022-10-13,86.60078430175781,77.78797504137499,-17.63692271136879,27.77777777777778,27.77777777777778,91.29000091552734
2022-10-14,84.5232925415039,88.07118186762783,-12.916268636352598,32.53968253968254,32.53968253968254,89.0999984741211
2022-10-17,88.74470520019531,87.04664963232253,0.2777425407749567,43.65079365079365,43.65079365079365,93.55000305175781
2022-10-18,90.10126495361328,92.30209565278801,10.435590199011926,54.96031746031746,54.96031746031746,94.9800033569336
2022-10-19,86.41105651855469,89.16209621370481,6.554706400051173,49.801587301587304,49.801587301587304,91.08999633789062
2022-10-20,84.33354949951172,85.82290433308991,-0.6055528991064535,42.65873015873016,42.65873015873016,88.9000015258789
2022-10-21,89.83562469482422,83.68848126332627,9.383642457788698,53.17460317460318,53.17460317460318,94.69999694824219
2022-10-24,94.92032623291016,91.85624212667801,22.293750439139146,72.42063492063492,72.42063492063492,100.05999755859375
2022-10-25,97.1306381225586,94.63573321965956,30.44899059523527,83.33333333333334,83.33333333333334,102.38999938964844
2022-10-26,100.41288757324219,97.74722887697736,33.420605470915675,87.89682539682539,87.89682539682539,105.8499984741211
2022-10-27,98.93302917480469,101.54177237014784,32.94535174152875,87.10317460317461,87.10317460317461,104.29000091552734
2022-10-28,103.48648071289062,99.00893426363598,37.40279822036939,92.26190476190477,92.26190476190477,109.08999633789062
2022-10-31,103.44853210449219,102.16787051959969,39.015990398480064,94.84126984126983,94.84126984126983,109.05000305175781
2022-11-01,103.56237030029297,104.52049265067092,39.446420361329544,96.03174603174604,96.03174603174604,109.16999816894531
2022-11-02,98.29745483398438,102.71808538224445,31.852181334807582,84.72222222222221,84.72222222222221,103.62000274658203
2022-11-03,97.04524230957031,95.86893116627131,25.33080223319829,74.20634920634922,74.20634920634922,102.30000305175781
2022-11-04,98.51564025878906,99.3978701755097,24.34447010382501,73.61111111111111,73.61111111111111,103.8499984741211
2022-11-07,101.73149871826172,99.55912619081415,28.230802422443524,79.96031746031747,79.96031746031747,107.23999786376953
2022-11-08,103.33468627929688,102.11094773589681,31.96762161635051,85.11904761904762,85.11904761904762,108.93000030517578
2022-11-09,99.88166809082031,102.58527336365043,28.777425172408993,80.35714285714286,80.35714285714286,105.29000091552734
2022-11-10,107.66046142578125,106.50312688676242,34.72432648164051,88.29365079365078,88.29365079365078,113.48999786376953
2022-11-11,103.34416961669922,106.4936335775968,31.692015539034657,83.73015873015873,83.73015873015873,108.94000244140625
2022-11-14,103.79003143310547,104.26434835093339,30.855574352893584,82.34126984126983,82.34126984126983,109.41000366210938
2022-11-15,103.21137237548828,105.6114150114735,29.19076267041259,79.96031746031747,79.96031746031747,108.80000305175781
2022-11-16,103.23033905029297,103.26828527418371,28.322491588164407,78.96825396825396,78.96825396825396,108.81999969482422
2022-11-17,102.78448486328125,100.85875914347005,27.209091979790497,76.78571428571429,76.78571428571429,108.3499984741211
2022-11-18,106.42725372314453,105.44067346732416,32.006926529987695,84.92063492063492,84.92063492063492,112.19000244140625
2022-11-21,106.816162109375,106.26595278034104,34.236137339314595,87.6984126984127,87.6984126984127,112.5999984741211
2022-11-22,109.61465454101562,107.43279358642278,37.85446538696135,92.46031746031747,92.46031746031747,115.55000305175781
2022-11-23,110.56330108642578,109.40596639094315,39.6199590887704,96.23015873015873,96.23015873015873,116.55000305175781
2022-11-25,112.64078521728516,111.09451459382038,41.07051258963054,97.81746031746032,97.81746031746032,118.73999786376953
2022-11-28,109.98462677001953,110.96171861864006,36.66542127258919,90.47619047619048,90.47619047619048,115.94000244140625
2022-11-29,109.01701354980469,109.0359902821113,32.38660141933863,84.32539682539682,84.32539682539682,114.91999816894531
2022-11-30,117.08988189697266,109.81386166257795,37.71871890253606,91.66666666666666,91.66666666666666,123.43000030517578
2022-12-01,118.07647705078125,117.60216004309754,39.0778111629683,94.44444444444444,94.44444444444444,124.47000122070312
2022-12-02,118.85435485839844,114.59499022024416,40.58398977281221,97.02380952380952,97.02380952380952,125.29000091552734
2022-12-05,115.44874572753906,116.42584474936831,36.80922480100396,89.88095238095238,89.88095238095238,121.69999694824219
2022-12-06,112.62181854248047,114.78470269139228,28.92959539338722,77.38095238095238,77.38095238095238,118.72000122070312
2022-12-07,115.60053253173828,112.35620619325586,29.21385297424853,77.77777777777779,77.77777777777779,121.86000061035156
2022-12-08,118.70255279541016,116.42583731183879,34.29302978860339,86.30952380952381,86.30952380952381,125.12999725341797
2022-12-09,113.92144775390625,118.01955337211085,27.723190439275857,75.1984126984127,75.1984126984127,120.08999633789062
2022-12-12,117.63060760498047,114.78470580808577,30.46248313762787,78.96825396825396,78.96825396825396,124.0
2022-12-13,118.39900207519531,123.32241463709242,29.557601586336407,78.17460317460318,78.17460317460318,124.80999755859375
2022-12-14,119.28121185302734,118.64562894473357,30.43124825211309,78.57142857142857,78.57142857142857,125.73999786376953
2022-12-15,112.36568450927734,115.7428261733643,17.06060685315037,59.32539682539682,59.32539682539682,118.44999694824219
2022-12-16,107.57508087158203,110.09844316864589,0.8061014952951562,41.66666666666667,41.66666666666667,113.4000015258789
2022-12-19,106.44622039794922,107.29999244646405,-14.158740519596972,30.555555555555557,30.555555555555557,112.20999908447266
2022-12-20,106.30754089355469,106.10807264279144,-21.772717193960684,24.801587301587304,24.801587301587304,111.91999816894531
2022-12-21,110.19243621826172,108.47319755297914,-16.949529684597632,27.579365079365083,27.579365079365083,116.01000213623047
2022-12-22,109.6225357055664,109.02412369127524,-15.691496458456047,28.968253968253972,28.968253968253972,115.41000366210938
2022-12-23,109.81249237060547,109.23308153229866,-14.529834949984421,30.753968253968257,30.753968253968257,115.61000061035156
2022-12-27,108.94811248779297,110.14492903640055,-15.953230064963927,28.57142857142857,28.57142857142857,114.69999694824219
2022-12-28,106.96292877197266,110.06894436669018,-21.295574957619152,25.198412698412696,25.198412698412696,112.61000061035156
2022-12-29,110.37288665771484,108.55867167344579,-15.566476561958211,29.761904761904763,29.761904761904763,116.19999694824219
2022-12-30,109.005126953125,108.75816315615468,-16.019742985328076,28.76984126984127,28.76984126984127,114.76000213623047
2023-01-03,107.8462905883789,109.6035168647514,-18.98720979781502,26.58730158730159,26.58730158730159,113.54000091552734
2023-01-04,108.6441650390625,109.61301899236581,-18.46224679164555,27.380952380952383,27.380952380952383,114.37999725341797
2023-01-05,105.59514617919922,107.00093167344387,-24.713582580055903,23.015873015873016,23.015873015873016,111.16999816894531
2023-01-06,108.12174987792969,107.42835412023156,-21.390164845723422,25.396825396825395,25.396825396825395,113.83000183105469
2023-01-09,102.90705871582031,108.57768163366097,-29.229344152719033,18.650793650793652,18.650793650793652,108.33999633789062
2023-01-10,105.33868408203125,102.17567230522617,-27.802600117437514,20.436507936507937,20.436507936507937,110.9000015258789
2023-01-11,107.04840850830078,105.8705930560858,-23.245165823560328,24.206349206349206,24.206349206349206,112.69999694824219
2023-01-12,105.965576171875,106.57348138483563,-23.224376645362383,24.404761904761905,24.404761904761905,111.55999755859375
2023-01-13,107.5423583984375,104.45533613181867,-18.890457927834632,27.976190476190478,27.976190476190478,113.22000122070312
2023-01-17,105.7091293334961,106.49750897393292,-19.677980742395246,26.984126984126984,26.984126984126984,111.29000091552734
2023-01-18,101.32080841064453,106.17455737199437,-28.772908044003355,19.642857142857142,19.642857142857142,106.66999816894531
2023-01-19,102.00469207763672,99.96250709895921,-29.302961036568377,18.650793650793652,18.650793650793652,107.38999938964844
2023-01-20,103.52446746826172,102.76458948220355,-25.08685093897578,23.214285714285715,23.214285714285715,108.98999786376953
2023-01-23,104.45532989501953,103.43898753010382,-19.79292430406783,27.579365079365083,27.579365079365083,109.97000122070312
2023-01-24,102.41313934326172,103.10653514855106,-23.40596865753341,24.801587301587304,24.801587301587304,107.81999969482422
2023-01-25,102.59361267089844,100.5514275081794,-23.93052010581128,24.801587301587304,24.801587301587304,108.01000213623047
2023-01-26,102.8975601196289,102.7930757272581,-22.982984739758997,25.992063492063494,25.992063492063494,108.33000183105469
2023-01-27,100.67489624023438,101.90020722181819,-29.271598966444916,18.849206349206348,18.849206349206348,105.98999786376953
2023-01-30,98.01531219482422,99.77253841549313,-35.416757954069524,9.523809523809524,9.523809523809524,103.19000244140625
2023-01-31,101.65323638916016,98.7941848779369,-28.2457556075062,21.03174603174603,21.03174603174603,107.0199966430664
2023-02-01,103.12553405761719,101.05485434545966,-19.16635358520968,29.96031746031746,29.96031746031746,108.56999969482422
2023-02-02,101.15933227539062,101.79573196925206,-20.58521951329767,28.57142857142857,28.57142857142857,106.5
2023-02-03,100.14299011230469,101.21632126518729,-23.774397097029258,25.595238095238095,25.595238095238095,105.43000030517578
2023-02-06,98.27178955078125,99.2786314019726,-30.860897107057728,16.26984126984127,16.26984126984127,103.45999908447266
2023-02-07,100.14299011230469,97.83484730826669,-26.193401984218966,23.214285714285715,23.214285714285715,105.43000030517578
2023-02-08,99.37361145019531,99.25962649513194,-25.869505691122217,23.41269841269841,23.41269841269841,104.62000274658203
2023-02-09,96.82801818847656,101.14035172483348,-32.661694939211706,13.690476190476192,13.690476190476192,101.94000244140625
2023-02-10,99.4495849609375,96.96097527040632,-27.61142526419692,22.61904761904762,22.61904761904762,104.69999694824219
2023-02-13,101.71974182128906,99.39260515530371,-16.85081018819174,33.53174603174603,33.53174603174603,107.08999633789062
2023-02-14,100.10498809814453,101.72923555037278,-16.187815229215293,34.32539682539682,34.32539682539682,105.38999938964844
2023-02-15,98.52825927734375,98.78471641019972,-20.75447888936158,29.761904761904763,29.761904761904763,103.7300033569336
2023-02-16,95.45071411132812,96.88499399267732,-29.73538079756379,17.658730158730158,17.658730158730158,100.48999786376953
2023-02-17,97.93932342529297,94.25389714615083,-24.781231180974334,25.595238095238095,25.595238095238095,103.11000061035156
2023-02-21,94.08293151855469,96.10611556250991,-32.389055260447456,14.087301587301587,14.087301587301587,99.05000305175781
2023-02-22,93.08557891845703,94.13991615737964,-36.81689662740908,7.936507936507936,7.936507936507936,98.0
2023-02-23,93.83594512939453,93.44650206041993,-35.66223310311073,9.126984126984127,9.126984126984127,98.79000091552734
2023-02-24,90.16004180908203,91.70830678188376,-38.95768356708262,4.9603174603174605,4.9603174603174605,94.91999816894531
2023-02-27,89.62812042236328,91.4518362551721,-40.91682097419639,1.984126984126984,1.984126984126984,94.36000061035156
2023-02-28,87.2249984741211,88.55479405861011,-43.115818348477845,0.1984126984126984,0.1984126984126984,91.83000183105469
2023-03-01,86.88302612304688,86.80703616913134,-43.400474171119306,0.1984126984126984,0.1984126984126984,91.47000122070312
2023-03-02,88.18434143066406,85.53425816657001,-41.221216844871655,1.7857142857142856,1.7857142857142856,92.83999633789062
2023-03-03,91.0718765258789,89.67559910956184,-32.99304607683666,14.682539682539684,14.682539682539684,95.87999725341797
2023-03-06,91.0718765258789,91.55630344399775,-28.350604566605693,21.23015873015873,21.23015873015873,95.87999725341797
2023-03-07,86.68357849121094,91.00540487841958,-34.545670975435826,12.5,12.5,91.26000213623047
2023-03-08,85.22079467773438,86.6740683074003,-38.55221851918365,6.15079365079365,6.15079365079365,89.72000122070312
2023-03-09,82.53271484375,85.93318983900866,-41.388425522937716,1.5873015873015872,1.5873015873015872,86.88999938964844
2023-03-10,80.78499603271484,82.26676431090465,-42.858227662651494,0.7936507936507936,0.7936507936507936,85.05000305175781
2023-03-13,82.92214965820312,79.78763262080791,-40.90152205374571,3.1746031746031744,3.1746031746031744,87.30000305175781
2023-03-14,85.0973129272461,85.04032407550793,-35.91220421025781,10.317460317460316,10.317460317460316,89.58999633789062
2023-03-15,84.96434020996094,82.21926586981593,-33.323449418848945,14.880952380952381,14.880952380952381,89.44999694824219
2023-03-16,87.17749786376953,84.22345476972666,-25.117039987444556,25.992063492063494,25.992063492063494,91.77999877929688
2023-03-17,83.8910140991211,86.52210363989268,-27.69565257479836,23.61111111111111,23.61111111111111,88.31999969482422
2023-03-20,86.85453796386719,83.94798361485495,-20.706655413344524,31.547619047619047,31.547619047619047,91.44000244140625
2023-03-21,88.4368896484375,88.23635335929612,-11.468148363255239,41.269841269841265,41.269841269841265,92.61000061035156
2023-03-22,84.48342895507812,88.23633838194108,-16.350158501733382,36.11111111111111,36.11111111111111,88.47000122070312
2023-03-23,83.90091705322266,85.95403677134175,-20.475234734737864,31.944444444444443,31.944444444444443,87.86000061035156
2023-03-24,87.25276184082031,83.34705831276726,-9.150128442543549,43.05555555555556,43.05555555555556,91.37000274658203
2023-03-27,88.28408813476562,88.79021181287779,0.5714839742497169,48.80952380952381,48.80952380952381,92.44999694824219
2023-03-28,86.83258819580078,88.00716616361794,0.8065007939228785,49.2063492063492,49.2063492063492,90.93000030517578
2023-03-29,87.47239685058594,88.47508555328973,3.1657014870555353,50.79365079365079,50.79365079365079,91.5999984741211
2023-03-30,88.80931854248047,88.32229765889082,9.30823644076016,55.75396825396825,55.75396825396825,93.0
2023-03-31,91.67411804199219,89.92657841827167,21.33894800900544,70.03968253968253,70.03968253968253,96.0
2023-04-03,94.55803680419922,91.97970495751775,30.172242370260864,81.54761904761905,81.54761904761905,99.0199966430664
2023-04-04,94.57714080810547,95.1119042113943,32.85645482871706,86.90476190476191,86.90476190476191,99.04000091552734
2023-04-05,99.50460815429688,96.14322718567036,37.751199681127154,93.25396825396825,93.25396825396825,104.19999694824219
2023-04-06,100.11578369140625,100.25902597338681,39.47495302844194,96.82539682539682,96.82539682539682,104.83999633789062
2023-04-10,99.91523742675781,99.57145889859888,40.1047751560183,97.22222222222221,97.22222222222221,104.62999725341797
2023-04-11,100.80335235595703,100.00120714200796,41.00254706768131,98.01587301587301,98.01587301587301,105.55999755859375
2023-04-12,101.07072448730469,101.93972233875839,40.551577150707026,97.42063492063492,97.42063492063492,105.83999633789062
2023-04-13,104.71858215332031,102.0256480042017,42.2564886364963,99.20634920634922,99.20634920634922,109.66000366210938
2023-04-14,102.25485229492188,104.08833311127245,40.168379276970015,96.62698412698413,96.62698412698413,107.08000183105469
2023-04-17,101.81556701660156,102.24528651820313,38.17923871701983,92.85714285714286,92.85714285714286,106.62000274658203
2023-04-18,99.85794067382812,102.51266912354124,33.65251823928469,87.10317460317461,87.10317460317461,104.56999969482422
2023-04-19,100.6028060913086,100.01074866885601,32.47624165246346,85.31746031746032,85.31746031746032,105.3499984741211
2023-04-20,99.28498077392578,99.02714323727656,29.06849395343404,78.76984126984127,78.76984126984127,103.97000122070312
2023-04-21,101.3381118774414,100.95613488600216,30.9598866125889,82.53968253968253,82.53968253968253,106.12000274658203
2023-04-24,102.98059844970703,102.05431391783115,34.247160600791304,88.4920634920635,88.4920634920635,107.83999633789062
2023-04-25,99.60965728759766,102.21664324429268,27.926934732229107,77.18253968253968,77.18253968253968,104.30999755859375
2023-04-26,95.58937072753906,97.90032083400769,14.362449027728246,61.50793650793651,61.50793650793651,100.0999984741211
2023-04-27,96.72576141357422,95.63713165764486,10.322159712027725,57.738095238095234,57.738095238095234,101.29000091552734
2023-04-28,99.18948364257812,96.27691774470055,13.460131608995987,61.111111111111114,61.111111111111114,103.87000274658203
2023-05-01,101.03253173828125,99.18949949382873,18.54719904618624,66.07142857142857,66.07142857142857,105.80000305175781
2023-05-02,99.52371978759766,100.50730555512446,15.975632015960931,63.888888888888886,63.888888888888886,104.22000122070312
2023-05-03,98.76930236816406,100.55504022141258,10.247182153443642,57.738095238095234,57.738095238095234,103.43000030517578
2023-05-04,96.49657440185547,97.73799054443487,-0.7873686971790173,47.61904761904761,47.61904761904761,101.05000305175781
2023-05-05,99.0844497680664,97.87167343856451,2.1974426761658084,50.198412698412696,50.198412698412696,103.76000213623047
2023-05-08,98.34915161132812,98.38735004017938,1.29515225179584,50.0,50.0,102.98999786376953
2023-05-09,96.46791076660156,97.4037539613076,-6.000792433706965,44.84126984126984,44.84126984126984,101.0199966430664
2023-05-10,97.09817504882812,97.36555674044916,-7.18228088943286,44.44444444444444,44.44444444444444,101.68000030517578
2023-05-11,96.09549713134766,96.06685013056709,-12.05367343651716,41.46825396825397,41.46825396825397,100.62999725341797
2023-05-12,95.65621185302734,97.06952439412632,-16.067809858774773,36.7063492063492,36.7063492063492,100.16999816894531
2023-05-15,95.18830108642578,96.23873232266857,-19.33152214300397,32.73809523809524,32.73809523809524,99.68000030517578
2023-05-16,92.84870910644531,95.16921084123982,-29.330224841344855,20.436507936507937,20.436507936507937,97.2300033569336
2023-05-17,93.00148010253906,93.22111921084006,-28.932072286824813,21.825396825396826,21.825396825396826,97.38999938964844
2023-05-18,92.50492858886719,92.04655473734869,-30.27132617535902,18.849206349206348,18.849206349206348,96.87000274658203
2023-05-19,93.72724151611328,92.88689073766751,-26.54514912358768,25.595238095238095,25.595238095238095,98.1500015258789
2023-05-22,93.80365753173828,94.12833328203476,-24.094947869433955,28.76984126984127,28.76984126984127,98.2300033569336
2023-05-23,90.77648162841797,92.72455768970946,-31.75612894807455,17.063492063492063,17.063492063492063,95.05999755859375
2023-05-24,88.96208953857422,89.85017550294522,-36.613624472715955,9.722222222222223,9.722222222222223,93.16000366210938
2023-05-25,86.07817077636719,87.86390870472853,-38.91909408122148,6.547619047619048,6.547619047619048,90.13999938964844
2023-05-26,85.4765853881836,86.4124214566216,-40.97685302080906,2.976190476190476,2.976190476190476,89.51000213623047
2023-05-30,83.8340835571289,84.13011227291238,-42.87339388635545,0.7936507936507936,0.7936507936507936,87.79000091552734
2023-05-31,86.0208740234375,83.35659435645914,-39.39663435469432,6.547619047619048,6.547619047619048,90.08000183105469
2023-06-01,87.44374084472656,86.3933096792662,-34.59670960352971,14.484126984126986,14.484126984126986,91.56999969482422
2023-06-02,90.82422637939453,88.62786430910123,-20.7548561619294,33.53174603174603,33.53174603174603,95.11000061035156
2023-06-05,91.96060943603516,91.76006587652451,-9.366935623255284,45.63492063492063,45.63492063492063,96.30000305175781
2023-06-06,89.56371307373047,92.73410967432247,-9.722107481584079,45.43650793650794,45.43650793650794,93.79000091552734
2023-06-07,88.58013153076172,89.71650383069023,-13.330474450854021,42.65873015873016,42.65873015873016,92.76000213623047
2023-06-08,89.95523834228516,87.98806660798411,-9.521745714496213,45.43650793650794,45.43650793650794,94.19999694824219
2023-06-09,90.55684661865234,90.24171507144501,-4.490379614330144,48.61111111111111,48.61111111111111,94.83000183105469
2023-06-12,91.72187042236328,90.85287265736692,2.3783166716178075,53.37301587301587,53.37301587301587,96.05000305175781
2023-06-13,93.163818359375,91.29213935917122,11.511271641895153,60.51587301587301,60.51587301587301,97.55999755859375
2023-06-14,90.16533660888672,91.76963438432374,6.306773584177895,56.15079365079365,56.15079365079365,94.41999816894531
2023-06-15,94.34796142578125,90.40405930699534,17.659352824069494,67.46031746031747,67.46031746031747,98.80000305175781
2023-06-16,94.26200866699219,95.45568217450491,22.169025281171155,72.81746031746032,72.81746031746032,98.70999908447266
2023-06-20,93.9564208984375,92.19933713538359,23.67069105394458,74.0079365079365,74.0079365079365,98.38999938964844
2023-06-21,93.8863296508789,93.11819061548452,24.181522608698064,74.40476190476191,74.40476190476191,97.77999877929688
2023-06-22,95.72987365722656,94.2896047015476,29.82281972239585,82.14285714285714,82.14285714285714,99.69999694824219
2023-06-23,94.97135162353516,95.15378073515316,30.268373256198366,82.34126984126983,82.34126984126983,98.91000366210938
2023-06-26,93.32942199707031,94.37602120936666,24.334991277372204,74.0079365079365,74.0079365079365,97.19999694824219
2023-06-27,92.6092758178711,92.85892444730884,19.134955720759926,67.85714285714286,67.85714285714286,96.44999694824219
2023-06-28,91.67792510986328,92.49407607042264,12.635263142021364,62.301587301587304,62.301587301587304,95.4800033569336
2023-06-29,93.23340606689453,91.23623141826371,14.757410736860836,64.48412698412699,64.48412698412699,97.0999984741211
2023-06-30,96.02752685546875,93.76150328633858,24.648452783767976,74.60317460317461,74.60317460317461,100.01000213623047
2023-07-03,93.78069305419922,95.00972115782784,18.89413447740887,68.25396825396825,68.25396825396825,97.66999816894531
2023-07-05,93.57907104492188,92.71490823431317,14.913876321365798,64.68253968253968,64.68253968253968,97.45999908447266
2023-07-06,91.19783782958984,91.56270334515177,1.6646490914364136,53.17460317460318,53.17460317460318,94.9800033569336
2023-07-07,87.95242309570312,90.90977712073617,-18.66944789575963,35.51587301587302,35.51587301587302,91.5999984741211
2023-07-10,89.9496078491211,88.09646128599438,-20.11125760008866,33.53174603174603,33.53174603174603,93.68000030517578
2023-07-11,90.05523681640625,90.00722491083384,-20.304932983675975,33.53174603174603,33.53174603174603,93.79000091552734
2023-07-12,89.40230560302734,91.01540730759125,-23.605988783774794,29.96031746031746,29.96031746031746,93.11000061035156
2023-07-13,89.35428619384766,90.23765674576603,-25.45625860140409,27.380952380952383,27.380952380952383,93.05999755859375
2023-07-14,93.27181243896484,91.14981716006449,-7.956344286124111,47.817460317460316,47.817460317460316,97.13999938964844
2023-07-17,92.05239868164062,92.90695773343178,-3.8382162944833578,50.0,50.0,95.87000274658203
2023-07-18,94.01116180419922,92.17721576590827,7.0077622849999255,58.53174603174603,58.53174603174603,97.91000366210938
2023-07-19,95.24978637695312,95.21138565036188,16.779106710029087,68.25396825396825,68.25396825396825,99.19999694824219
2023-07-20,99.916259765625,96.79567691095566,27.573759554832662,80.75396825396825,80.75396825396825,104.05999755859375
2023-07-21,102.86400604248047,100.30993290706438,34.3694025907612,91.86507936507937,91.86507936507937,107.12999725341797
2023-07-24,102.32630920410156,103.31529272546773,36.23683107133575,93.25396825396825,93.25396825396825,106.56999969482422
2023-07-25,102.07667541503906,100.78043461719966,36.73308386762395,93.65079365079364,93.65079365079364,106.30999755859375
2023-07-26,101.84622192382812,100.81883032685414,36.46921383641271,93.25396825396825,93.25396825396825,106.06999969482422
2023-07-27,99.52259826660156,102.72959401049275,30.622620266374685,85.51587301587301,85.51587301587301,103.6500015258789
2023-07-28,100.2811279296875,101.04926697045576,29.131370469785622,82.53968253968253,82.53968253968253,104.44000244140625
2023-07-31,97.93829345703125,99.71462378500705,21.821667039950526,74.0079365079365,74.0079365079365,102.0
2023-08-01,96.39241027832031,97.45821000830045,13.246635833242376,64.48412698412699,64.48412698412699,100.38999938964844
2023-08-02,96.48841857910156,96.06594465635779,8.941908806977798,60.317460317460316,60.317460317460316,100.48999786376953
2023-08-03,94.99052429199219,95.5474299611749,1.6836598842516686,54.761904761904766,54.761904761904766,98.93000030517578
2023-08-04,93.78069305419922,95.2689736230033,-6.105828770675964,48.80952380952381,48.80952380952381,97.66999816894531
2023-08-07,97.1893539428711,94.41443623700394,0.8266594103444378,53.96825396825397,53.96825396825397,101.22000122070312
2023-08-08,99.34015655517578,98.26475302557742,9.955248779214628,61.904761904761905,61.904761904761905,103.45999908447266
2023-08-09,99.17692565917969,99.34015439007567,14.171636609291893,66.66666666666666,66.66666666666666,103.29000091552734
2023-08-10,99.07129669189453,100.3579333885854,15.835106850661374,68.65079365079364,68.65079365079364,103.18000030517578
2023-08-11,100.60759735107422,98.71604274234497,20.009846889589358,73.4126984126984,73.4126984126984,104.77999877929688
2023-08-14,101.72139739990234,100.77081461835175,25.524712327588638,79.16666666666666,79.16666666666666,105.94000244140625
2023-08-15,100.59798431396484,100.81882878122002,24.32384707568641,77.97619047619048,77.97619047619048,104.7699966430664
2023-08-16,98.08230590820312,99.82022790118633,12.974005218688674,65.47619047619048,65.47619047619048,102.1500015258789
2023-08-17,95.72987365722656,96.96850583818087,-2.9821991566695845,50.79365079365079,50.79365079365079,99.69999694824219
2023-08-18,95.61466217041016,94.96173991433844,-11.907876887777926,44.44444444444444,44.44444444444444,99.58000183105469
2023-08-21,96.10435485839844,95.7682935257226,-14.057915693983228,42.65873015873016,42.65873015873016,100.08999633789062
2023-08-22,94.98094177246094,95.68187593766575,-19.57933327003556,34.92063492063492,34.92063492063492,98.91999816894531
2023-08-23,95.595458984375,96.25798511639654,-19.178085287493253,35.91269841269841,35.91269841269841,99.55999755859375
2023-08-24,93.44464874267578,95.39381154039768,-28.371222951302187,23.61111111111111,23.61111111111111,97.31999969482422
2023-08-25,95.00013732910156,94.3184109407443,-25.09604381791369,28.174603174603174,28.174603174603174,98.94000244140625
2023-08-28,95.95071411132812,95.5378367349276,-18.336344305181186,38.095238095238095,38.095238095238095,99.93000030517578
2023-08-29,98.14952850341797,95.66266032522101,-5.693737136633811,50.595238095238095,50.595238095238095,102.22000122070312
2023-08-30,98.1399154663086,98.41836831426805,0.9740217732203991,56.15079365079365,56.15079365079365,102.20999908447266
2023-08-31,94.45284271240234,98.01510712436536,-12.266309933804786,45.23809523809524,45.23809523809524,98.37000274658203
2023-09-01,94.98094177246094,95.94112114499028,-16.484474912912876,39.682539682539684,39.682539682539684,98.91999816894531
2023-09-05,92.25403594970703,95.14417058907078,-28.36226637993791,23.809523809523807,23.809523809523807,96.08000183105469
2023-09-06,90.74654388427734,92.06198478167461,-33.144861497162395,16.46825396825397,16.46825396825397,94.51000213623047
2023-09-07,92.01398468017578,91.69712375095835,-31.534458690425737,18.849206349206348,18.849206349206348,95.83000183105469
2023-09-08,91.90836334228516,91.21703307739419,-31.08514579151399,19.642857142857142,19.642857142857142,95.72000122070312
2023-09-11,93.77111053466797,91.95636498430774,-22.72710580052794,32.53968253968254,32.53968253968254,97.66000366210938
2023-09-12,93.13739013671875,92.98375793567561,-20.788720184431803,34.32539682539682,34.32539682539682,97.0
2023-09-13,93.55027770996094,92.76293090781981,-17.315023144766204,39.88095238095239,39.88095238095239,97.43000030517578
2023-09-14,94.11678314208984,94.40483989715251,-11.730299657284663,47.61904761904761,47.61904761904761,98.0199966430664
2023-09-15,91.92756652832031,93.5598757762432,-18.754604895653245,38.095238095238095,38.095238095238095,95.73999786376953
2023-09-18,91.25544738769531,91.84115738420378,-24.945911987345564,29.166666666666668,29.166666666666668,95.04000091552734
2023-09-19,91.4426040649414,90.86373274593683,-27.029535488540574,26.785714285714285,26.785714285714285,94.77999877929688
2023-09-20,91.60662078857422,92.45563896848887,-27.370315016746506,26.190476190476193,26.190476190476193,94.94999694824219
2023-09-21,89.05958557128906,91.07599649200885,-35.28683476407247,12.698412698412698,12.698412698412698,92.30999755859375
2023-09-22,88.47106170654297,88.82803593679213,-38.93162035441496,7.142857142857142,7.142857142857142,91.69999694824219
2023-09-25,89.81210327148438,88.27809402325552,-35.844327744175494,11.706349206349206,11.706349206349206,93.08999633789062
2023-09-26,87.47733306884766,88.91487260157224,-39.59725773196236,5.555555555555555,5.555555555555555,90.66999816894531
2023-09-27,86.12661743164062,88.07549322111939,-40.022652219457015,4.9603174603174605,4.9603174603174605,89.2699966430664
2023-09-28,87.26506042480469,86.67653923168672,-37.66860196925685,9.920634920634921,9.920634920634921,90.44999694824219
2023-09-29,85.41268157958984,87.98866380670746,-39.70762524434936,5.555555555555555,5.555555555555555,88.52999877929688
2023-10-02,84.9785385131836,84.65050672812532,-38.05023583477525,8.928571428571429,8.928571428571429,88.08000183105469
2023-10-03,82.65338897705078,83.50240715652322,-40.60818944836085,3.968253968253968,3.968253968253968,85.66999816894531
2023-10-04,83.71464538574219,82.77880727735925,-39.40600552536205,6.746031746031746,6.746031746031746,86.7699966430664
2023-10-05,85.06536102294922,84.09093038736535,-35.37001227630464,13.293650793650794,13.293650793650794,88.16999816894531
2023-10-06,87.60276794433594,84.5057914707297,-23.500592703644145,31.150793650793652,31.150793650793652,90.80000305175781
2023-10-09,88.46143341064453,86.81164645333685,-12.775843841870572,46.03174603174603,46.03174603174603,91.69000244140625
2023-10-10,89.66740417480469,88.77015098934817,-2.4151819762528692,54.563492063492056,54.563492063492056,92.94000244140625
2023-10-11,88.55789947509766,90.05331659495182,-0.9600237193060773,55.55555555555556,55.55555555555556,91.79000091552734
2023-10-12,86.12661743164062,88.7122494432946,-10.652371061406116,47.817460317460316,47.817460317460316,89.2699966430664
2023-10-13,87.76676177978516,87.19753305656887,-8.103768217967469,50.0,50.0,90.97000122070312
2023-10-16,89.65775299072266,88.79909222265044,2.557228606779125,59.32539682539682,59.32539682539682,92.93000030517578
2023-10-17,89.35867309570312,88.55789723637842,6.86900483772363,62.301587301587304,62.301587301587304,92.62000274658203
2023-10-18,86.91775512695312,89.61916471181564,-1.223808262331245,54.96031746031746,54.96031746031746,90.08999633789062
2023-10-19,84.33212280273438,86.6765505816862,-13.940210724440055,43.65079365079365,43.65079365079365,87.41000366210938
2023-10-20,83.31910705566406,83.77255867385873,-23.761586404106954,28.968253968253972,28.968253968253972,86.36000061035156
2023-10-23,81.6017837524414,83.21297820147267,-32.971210755296916,15.873015873015872,15.873015873015872,84.58000183105469
2023-10-24,82.57620239257812,81.48599458916932,-33.90851499566958,14.484126984126986,14.484126984126986,85.58999633789062
2023-10-25,80.0967025756836,81.59212703302023,-35.8220267096074,10.714285714285714,10.714285714285714,83.0199966430664
2023-10-26,77.72332763671875,78.31184897154711,-40.200495874832505,3.571428571428571,3.571428571428571,80.55999755859375
2023-10-27,73.76770782470703,77.2120015413619,-41.98074924309907,1.1904761904761905,1.1904761904761905,76.45999908447266
2023-10-30,74.8000259399414,74.86756081768009,-41.4516837338219,1.3888888888888888,1.3888888888888888,77.52999877929688
2023-10-31,76.1603775024414,75.9095305270888,-38.81168032548087,7.5396825396825395,7.5396825396825395,78.94000244140625
2023-11-01,76.60416412353516,75.68761116150941,-36.42724683064967,10.912698412698413,10.912698412698413,79.4000015258789
2023-11-02,80.21247863769531,77.86804335985751,-26.245685403320486,26.785714285714285,26.785714285714285,83.13999938964844
2023-11-03,81.35092163085938,81.77543069463756,-16.02937166348847,41.86507936507937,41.86507936507937,84.31999969482422
2023-11-06,82.96211242675781,81.93943957162573,-5.116036041022527,53.17460317460318,53.17460317460318,85.98999786376953
2023-11-07,82.95247650146484,82.67268709472548,0.6989613697486133,58.333333333333336,58.333333333333336,85.9800033569336
2023-11-08,82.68233489990234,83.95585486164913,3.06211950197344,61.50793650793651,61.50793650793651,85.69999694824219
2023-11-09,77.57860565185547,82.68232763115496,-11.458102233261053,48.41269841269841,48.41269841269841,80.41000366210938
2023-11-10,78.86177825927734,78.36974162161343,-15.221052353001156,43.65079365079365,43.65079365079365,81.73999786376953
2023-11-13,80.10636138916016,78.67847900511008,-12.658582149674855,47.22222222222222,47.22222222222222,83.02999877929688
2023-11-14,81.76579284667969,81.07114422530661,-4.740007056739924,54.36507936507936,54.36507936507936,84.75
2023-11-15,81.87191772460938,82.16135709526678,0.13436418592882834,58.53174603174603,58.53174603174603,84.86000061035156
2023-11-16,82.96211242675781,82.30605633686702,9.938482577706264,67.46031746031747,67.46031746031747,85.98999786376953
2023-11-17,82.38325500488281,83.64712505637371,15.56925200104739,73.4126984126984,73.4126984126984,85.38999938964844
2023-11-20,83.76290130615234,81.92980247117019,23.900869386193918,80.15873015873017,80.15873015873017,86.81999969482422
2023-11-21,85.2583236694336,84.92064195921132,29.802606913634904,87.5,87.5,88.37000274658203
2023-11-22,86.62832641601562,86.46431420174497,34.05198156343997,92.65873015873017,92.65873015873017,89.79000091552734
2023-11-24,87.92112731933594,87.07211653375155,37.71353429699562,95.83333333333334,95.83333333333334,91.12999725341797
2023-11-27,86.09768676757812,87.07212479583204,34.95782258797759,93.84920634920636,93.84920634920636,89.23999786376953
2023-11-28,84.920654296875,85.7793225685,30.222108215360745,87.3015873015873,87.3015873015873,88.0199966430664
2023-11-29,84.89170837402344,84.73734609558291,27.16863204440069,82.34126984126983,82.34126984126983,87.98999786376953
2023-11-30,87.98866271972656,84.94958640611378,33.60813101981776,91.86507936507937,91.86507936507937,91.19999694824219
2023-12-01,88.85697937011719,87.77642144751825,37.071426128512556,95.23809523809523,95.23809523809523,92.0999984741211
2023-12-04,89.43585205078125,88.0851546276963,38.818157839666995,96.82539682539682,96.82539682539682,92.69999694824219
2023-12-05,89.13676452636719,89.27183426022765,39.13104408476244,97.42063492063492,97.42063492063492,92.38999938964844
2023-12-06,89.24290466308594,89.62882139864378,39.321509934318904,97.42063492063492,97.42063492063492,92.5
2023-12-07,88.94380950927734,89.49373838371265,38.47571005911301,96.03174603174604,96.03174603174604,92.19000244140625
2023-12-08,89.18501281738281,88.83768851837253,38.53647304699816,96.03174603174604,96.03174603174604,92.44000244140625
2023-12-11,90.94093322753906,90.6322013134682,40.249385068609136,98.61111111111111,98.61111111111111,94.26000213623047
2023-12-12,92.07937622070312,91.47155502265792,41.72601931790664,99.8015873015873,99.8015873015873,95.44000244140625
2023-12-13,97.16381072998047,91.27860466721869,43.182972129444586,100.0,100.0,100.70999908447266
2023-12-14,95.59120178222656,98.40838112228484,40.34256101335108,98.21428571428571,98.21428571428571,99.08000183105469
2023-12-15,93.03451538085938,95.33070837452084,33.89957234218841,90.07936507936508,90.07936507936508,96.43000030517578
2023-12-18,93.680908203125,94.18260205769936,31.611602881512525,86.70634920634922,86.70634920634922,97.0999984741211
2023-12-19,95.47543334960938,94.34663299358925,33.32971262437252,89.48412698412699,89.48412698412699,98.95999908447266
2023-12-20,91.50048828125,94.99302341074987,23.284686250412395,76.38888888888889,76.38888888888889,94.83999633789062
2023-12-21,94.52214050292969,92.52259866517043,24.833532083033877,78.37301587301587,78.37301587301587,97.37999725341797
2023-12-22,95.9004898071289,95.12396468424423,28.92759795128348,82.53968253968253,82.53968253968253,98.80000305175781
2023-12-26,96.55081176757812,96.07519408455069,32.2803725977394,88.29365079365078,88.29365079365078,99.47000122070312
2023-12-27,97.90972900390625,96.55081390257298,36.439757122903444,92.65873015873017,92.65873015873017,100.87000274658203
2023-12-28,98.46300506591797,98.03591553935546,38.34714489601538,94.84126984126983,94.84126984126983,101.44000244140625
2023-12-29,98.75418090820312,98.70565272766142,39.90513438861245,97.42063492063492,97.42063492063492,101.73999786376953
2024-01-02,103.7724609375,97.66705590574675,41.623373312532166,99.40476190476191,99.40476190476191,106.91000366210938
2024-01-03,103.35509490966797,104.58782048668628,40.80209969102883,98.80952380952381,98.80952380952381,106.4800033569336
2024-01-04,104.79165649414062,104.0539584256888,40.93886225834236,98.80952380952381,98.80952380952381,107.95999908447266
2024-01-05,104.46163177490234,104.16072444383494,40.484322509393536,98.01587301587301,98.01587301587301,107.62000274658203
2024-01-08,107.06298828125,104.83048426525613,42.38947709914951,99.8015873015873,99.8015873015873,110.30000305175781
2024-01-09,107.04357147216797,106.76208131917684,40.96935640858305,98.61111111111111,98.61111111111111,110.27999877929688
2024-01-10,108.32482147216797,107.5677136794162,41.4938369659782,99.0079365079365,99.0079365079365,111.5999984741211
2024-01-11,107.9462661743164,108.40247404492106,41.045621299272035,98.61111111111111,98.61111111111111,111.20999908447266
2024-01-12,107.14060974121094,106.88824544799743,39.54651956732767,95.83333333333334,95.83333333333334,110.37999725341797
2024-01-16,105.28667449951172,106.36409933256351,35.006782927357584,90.87301587301587,90.87301587301587,108.47000122070312
2024-01-17,104.5781021118164,104.52957392833119,31.194002698252454,85.51587301587301,85.51587301587301,107.73999786376953
2024-01-18,104.4519271850586,102.32619561506117,28.747677732724757,80.75396825396825,80.75396825396825,107.61000061035156
2024-01-19,104.54898071289062,104.61692609220816,27.64391892791418,79.76190476190477,79.76190476190477,107.70999908447266
2024-01-22,105.84967041015625,104.98579017702306,29.435484280098613,82.53968253968253,82.53968253968253,109.05000305175781
2024-01-23,105.66524505615234,105.78172603680554,29.507018330034867,82.53968253968253,82.53968253968253,108.86000061035156
2024-01-24,102.86004638671875,106.35439389803942,20.459942599755063,72.42063492063492,72.42063492063492,105.97000122070312
2024-01-25,102.1126480102539,101.6079119292626,12.25461785774187,64.28571428571429,64.28571428571429,105.19999694824219
2024-01-26,103.7530517578125,104.1121958717227,11.973640056469337,63.69047619047619,63.69047619047619,106.88999938964844
2024-01-29,105.93701171875,104.19954288032908,17.129793881595205,69.24603174603175,69.24603174603175,109.13999938964844
2024-01-30,106.72323608398438,106.00495532992582,22.463778173297523,73.80952380952381,73.80952380952381,109.94999694824219
2024-01-31,106.34468841552734,109.03340006055085,23.682644929491843,74.60317460317461,74.60317460317461,109.55999755859375
2024-02-01,110.33407592773438,106.16027431726197,33.21127777722258,88.29365079365078,88.29365079365078,113.66999816894531
2024-02-02,109.81963348388672,110.3340781719129,35.05295779763594,90.87301587301587,90.87301587301587,113.13999938964844
2024-02-05,110.71263122558594,110.80970240826018,35.62397277772355,90.87301587301587,90.87301587301587,114.05999755859375
2024-02-06,114.26522064208984,113.43045884736374,39.325065231335415,95.23809523809523,95.23809523809523,117.72000122070312
2024-02-07,115.31350708007812,115.40086224068372,39.98380666609656,96.23015873015873,96.23015873015873,118.80000305175781
2024-02-08,114.5564193725586,115.06116288387827,39.03018808767225,94.24603174603175,94.24603174603175,118.0199966430664
2024-02-09,114.18756866455078,114.27493124741186,37.7703576489569,92.65873015873017,92.65873015873017,117.63999938964844
2024-02-12,114.64376831054688,113.7992979626232,37.68435990332617,91.86507936507937,91.86507936507937,118.11000061035156
2024-02-13,111.57650756835938,112.53745892402121,30.076193644198085,81.54761904761905,81.54761904761905,114.94999694824219
2024-02-14,114.04195404052734,112.66362934170265,31.09314112720477,83.73015873015873,83.73015873015873,117.48999786376953
2024-02-15,116.7889175415039,114.76025721415142,35.817856968718566,89.88095238095238,89.88095238095238,120.31999969482422
2024-02-16,117.65277862548828,117.17716101449513,36.65578765715015,90.67460317460318,90.67460317460318,121.20999908447266
2024-02-20,116.4782943725586,118.4195992787679,34.876504877716364,88.69047619047619,88.69047619047619,120.0
2024-02-21,117.08012390136719,115.32323759025499,34.95693525241146,88.69047619047619,88.69047619047619,120.62000274658203
2024-02-22,121.28302001953125,117.92456344907224,38.49227380280621,93.45238095238095,93.45238095238095,124.94999694824219
2024-02-23,122.69048309326172,122.43811135818017,40.174222985222535,96.62698412698413,96.62698412698413,126.4000015258789
2024-02-26,120.86563873291016,122.46721674216185,37.756596741159406,92.06349206349206,92.06349206349206,124.5199966430664
2024-02-27,119.99207305908203,119.53586516748314,34.34969501826861,87.3015873015873,87.3015873015873,123.62000274658203
2024-02-28,118.2254867553711,118.72051423732955,27.761054811917973,75.9920634920635,75.9920634920635,121.80000305175781
2024-02-29,114.86701965332031,118.11871163269605,15.971698218072541,64.0873015873016,64.0873015873016,118.33999633789062
2024-03-01,118.77875518798828,115.97356991143508,17.76185930642305,65.67460317460318,65.67460317460318,122.37000274658203
2024-03-04,118.12841033935547,118.84669854594465,15.767982931017169,63.095238095238095,63.095238095238095,121.69999694824219
2024-03-05,115.40087890625,117.87604582438604,5.891742526901064,54.36507936507936,54.36507936507936,118.88999938964844
2024-03-06,117.88574981689453,116.32299861124538,7.290482109191782,55.35714285714286,55.35714285714286,121.44999694824219
2024-03-07,119.24465942382812,118.56520562873148,11.46670864895079,57.936507936507944,57.936507936507944,122.8499984741211
2024-03-08,118.50697326660156,118.90494439021708,11.598768427375978,58.13492063492064,58.13492063492064,122.08999633789062
2024-03-11,118.35166931152344,117.64308967009093,10.97991344279823,57.53968253968254,57.53968253968254,121.93000030517578
2024-03-12,120.0503158569336,118.52639154585765,15.164446451537442,62.5,62.5,123.68000030517578
2024-03-13,118.43901824951172,121.07919431147243,12.618720180594847,59.32539682539682,59.32539682539682,122.0199966430664
2024-03-14,116.93451690673828,118.69139569790545,3.823980572514602,52.38095238095239,52.38095238095239,120.47000122070312
2024-03-15,115.88619995117188,115.1388007938195,-8.541237822572851,41.66666666666667,41.66666666666667,119.38999938964844
2024-03-18,115.7406005859375,117.21599651464939,-15.612168013892566,36.507936507936506,36.507936507936506,119.23999786376953
2024-03-19,117.91649627685547,115.9012460640683,-10.432368923891715,40.27777777777778,40.27777777777778,121.12000274658203
2024-03-20,117.00135803222656,116.91373458095421,-11.578804068084679,39.682539682539684,39.682539682539684,120.18000030517578
2024-03-21,117.41024780273438,117.70231607051316,-10.563226874859037,40.476190476190474,40.476190476190474,120.5999984741211
2024-03-22,116.94293975830078,117.70230829121115,-12.165265396824875,39.08730158730159,39.08730158730159,120.12000274658203
2024-03-25,116.41722869873047,116.84558608183698,-15.400227138544235,36.904761904761905,36.904761904761905,119.58000183105469
2024-03-26,117.56602478027344,116.89427219092433,-9.420967680895725,41.86507936507937,41.86507936507937,120.76000213623047
2024-03-27,122.04435729980469,119.34761679642045,12.98379995742075,61.111111111111114,61.111111111111114,125.36000061035156
2024-03-28,122.13196563720703,122.66742163921361,21.472387426416592,69.64285714285714,69.64285714285714,125.44999694824219
2024-04-01,119.01660919189453,122.34615181365616,12.52973232851938,60.317460317460316,60.317460317460316,122.25
2024-04-02,113.31158447265625,114.44090704020485,-9.627818812904906,41.66666666666667,41.66666666666667,116.38999938964844
2024-04-03,113.02926635742188,113.51604184339493,-21.99238093111967,27.18253968253968,27.18253968253968,116.0999984741211
2024-04-04,108.20044708251953,115.13213220614476,-32.193296665969065,14.880952380952381,14.880952380952381,111.13999938964844
2024-04-05,110.92639923095703,107.71367807825293,-31.389732658497444,16.071428571428573,16.071428571428573,113.94000244140625
2024-04-08,109.72892761230469,110.52723910096013,-33.204202835482214,13.492063492063492,13.492063492063492,112.70999908447266
2024-04-09,110.96533966064453,110.35199781338882,-31.27459514331406,16.46825396825397,16.46825396825397,113.9800033569336
2024-04-10,107.05166625976562,107.53844175608737,-35.922584863305715,9.126984126984127,9.126984126984127,109.95999908447266
2024-04-11,105.12403106689453,107.99600329502229,-39.54413521685212,4.166666666666666,4.166666666666666,107.9800033569336
2024-04-12,100.65543365478516,103.8194742903324,-41.6898429587169,0.992063492063492,0.992063492063492,103.38999938964844
2024-04-15,100.15892028808594,103.24508248234224,-43.24535082859822,0.1984126984126984,0.1984126984126984,102.87999725341797
2024-04-16,100.1881332397461,102.23258877799785,-43.963973960530396,0.0,0.0,102.91000366210938
2024-04-17,99.88632202148438,101.84316143307588,-44.300487342197336,0.0,0.0,102.5999984741211
2024-04-18,99.50663757324219,99.3021927735503,-44.76979245411124,0.0,0.0,102.20999908447266
2024-04-19,100.5970230102539,100.06156700838667,-43.421394166070094,0.5952380952380952,0.5952380952380952,103.33000183105469
2024-04-22,101.66792297363281,101.0545885673614,-41.014726806213496,3.373015873015873,3.373015873015873,104.43000030517578
2024-04-23,105.27006530761719,103.7513281482329,-33.405615494551725,15.079365079365079,15.079365079365079,108.12999725341797
2024-04-24,104.78327941894531,105.83471616078526,-30.04484416912401,20.03968253968254,20.03968253968254,107.62999725341797
2024-04-25,102.53439331054688,103.92657156871203,-32.13463438557949,17.46031746031746,17.46031746031746,105.31999969482422
2024-04-26,102.48571014404297,101.62898794097175,-33.27143265781383,15.476190476190476,15.476190476190476,105.2699966430664
2024-04-29,103.43978881835938,103.0308992004789,-31.538160318663426,18.055555555555554,18.055555555555554,106.25
2024-04-30,103.1087875366211,104.91958552039755,-29.488974782060946,21.23015873015873,21.23015873015873,105.91000366210938
2024-05-01,103.74159240722656,101.73607971972858,-26.47561561152891,25.595238095238095,25.595238095238095,106.55999755859375
2024-05-02,103.01141357421875,105.54265173889621,-26.572997339936144,25.198412698412696,25.198412698412696,105.80999755859375
2024-05-03,104.0628662109375,104.84170998508647,-21.44997848572591,30.952380952380953,30.952380952380953,106.88999938964844
2024-05-06,105.15324401855469,104.50095921332142,-13.361951972062705,41.46825396825397,41.46825396825397,108.01000213623047
2024-05-07,107.82077026367188,106.16573658055346,1.105328575409117,53.17460317460318,53.17460317460318,110.75
2024-05-08,106.8277587890625,108.08363309321469,9.410812559820231,58.730158730158735,58.730158730158735,109.7300033569336
2024-05-09,109.310302734375,107.11007544209221,20.394077221082757,70.83333333333334,70.83333333333334,112.27999877929688
2024-05-10,110.10861206054688,110.16703016890196,25.442364546769614,75.1984126984127,75.1984126984127,113.0999984741211
2024-05-13,109.76787567138672,110.9945520158251,26.813290028489746,75.79365079365078,75.79365079365078,112.75
2024-05-14,111.13085174560547,109.32978382261874,31.004535076294527,82.53968253968253,82.53968253968253,114.1500015258789
2024-05-15,115.83309173583984,112.3477776594315,35.74267761806949,89.0873015873016,89.0873015873016,118.9800033569336
2024-05-16,115.38526153564453,115.81362635353159,37.22755430384178,90.87301587301587,90.87301587301587,118.5199966430664
2024-05-17,115.94992065429688,115.21975741664059,38.934729148379404,93.65079365079364,93.65079365079364,119.0999984741211
2024-05-20,115.07373046875,115.9694030745133,37.3849487674951,90.67460317460318,90.67460317460318,118.19999694824219
2024-05-21,115.74547576904297,115.3171109597103,36.55851039295045,89.28571428571429,89.28571428571429,118.88999938964844
2024-05-22,116.32960510253906,114.87901621481015,37.27195925056776,90.47619047619048,90.47619047619048,119.48999786376953
2024-05-23,112.51329040527344,115.87203843296132,26.953181158388478,74.40476190476191,74.40476190476191,115.56999969482422
2024-05-24,111.2768783569336,112.3672506849133,17.340521005870116,66.26984126984127,66.26984126984127,114.30000305175781
2024-05-28,107.11009216308594,110.74144114981539,-0.18346077354337728,48.61111111111111,48.61111111111111,110.0199966430664
2024-05-29,104.6177749633789,104.60803737500903,-15.640182951258044,36.7063492063492,36.7063492063492,107.45999908447266
2024-05-30,104.66645812988281,103.25480488462436,-23.474067526083747,26.38888888888889,26.38888888888889,107.51000213623047
2024-05-31,109.0279769897461,105.14351048757344,-15.87851449402667,36.7063492063492,36.7063492063492,111.98999786376953
2024-06-03,110.9750747680664,109.14480158908839,-6.673567888695743,45.23809523809524,45.23809523809524,113.98999786376953
2024-06-04,112.49381256103516,111.7052312595686,2.7179566999197875,52.38095238095239,52.38095238095239,115.55000305175781
2024-06-05,113.95413970947266,112.51328106009763,11.508125428757957,58.730158730158735,58.730158730158735,117.05000305175781
2024-06-06,114.9082260131836,113.81785362149958,18.346280174550795,67.06349206349206,67.06349206349206,118.02999877929688
2024-06-07,115.30738067626953,114.99584465915707,22.710467672580865,70.63492063492063,70.63492063492063,118.44000244140625
2024-06-10,116.45616912841797,115.1321392215688,28.000864647373298,76.19047619047619,76.19047619047619,119.62000274658203
2024-06-11,115.02506256103516,116.17385314226215,26.37895127515668,73.61111111111111,73.61111111111111,118.1500015258789
2024-06-12,114.31436157226562,116.61194262565937,23.179477518608476,70.43650793650794,70.43650793650794,117.41999816894531
2024-06-13,113.81784057617188,113.27264701521284,19.92535898828874,67.26190476190477,67.26190476190477,116.91000366210938
2024-06-14,113.66207885742188,113.01953163439093,17.6850195629995,65.47619047619048,65.47619047619048,116.75
2024-06-17,113.24345397949219,112.32831364684709,14.81130017084885,61.50793650793651,61.50793650793651,116.31999969482422
2024-06-18,113.37000274658203,113.5549797999834,13.744736342750391,60.51587301587301,60.51587301587301,116.44999694824219
2024-06-20,114.56748962402344,112.22122799216966,17.327246912425025,64.68253968253968,64.68253968253968,117.68000030517578
2024-06-21,115.49234771728516,115.90124476548722,21.89474284721386,69.04761904761905,69.04761904761905,118.62999725341797
2024-06-24,117.38104248046875,116.30040028815881,27.84684096166416,75.79365079365078,75.79365079365078,120.56999969482422
2024-06-25,116.2520751953125,117.98892724331044,26.738861425586435,73.61111111111111,73.61111111111111,119.13999938964844
2024-06-26,115.38365936279297,115.77396498483617,23.050224152776774,69.84126984126983,69.84126984126983,118.25
2024-06-27,114.54451751708984,114.65185176110396,18.345965139411096,65.07936507936508,65.07936507936508,117.38999938964844
2024-06-28,113.97856903076172,115.13972627970833,13.558850778294115,59.12698412698413,59.12698412698413,116.80999755859375
2024-07-01,112.1246337890625,114.8762778843598,3.462962222549522,50.0,50.0,114.91000366210938
2024-07-02,110.9146728515625,111.09031000545846,-11.902280463568554,38.88888888888889,38.88888888888889,113.66999816894531
2024-07-03,108.02642059326172,110.51461230549457,-25.474575978800925,22.023809523809522,22.023809523809522,110.70999908447266
2024-07-05,110.64146423339844,109.31442957692458,-23.446778122598662,25.198412698412696,25.198412698412696,113.38999938964844
2024-07-08,110.20237731933594,110.943949832108,-23.692883326966786,24.6031746031746,24.6031746031746,112.94000244140625
2024-07-09,111.63674926757812,110.72929181137262,-18.614666499958084,31.746031746031743,31.746031746031743,114.41000366210938
2024-07-10,114.73965454101562,111.89043614149753,-4.75353418754082,45.03968253968254,45.03968253968254,117.58999633789062
2024-07-11,117.13027954101562,114.25178188864541,10.730848804630494,55.75396825396825,55.75396825396825,120.04000091552734
2024-07-12,119.56966400146484,117.76450899655859,21.827491209639078,68.45238095238095,68.45238095238095,122.54000091552734
2024-07-15,117.95967102050781,120.99428637928712,21.80086861623275,68.25396825396825,68.25396825396825,120.88999938964844
2024-07-16,123.0726547241211,120.36980173226591,31.008287043085165,81.34920634920636,81.34920634920636,126.12999725341797
2024-07-17,124.79975128173828,120.56494745674104,34.4389899871304,86.5079365079365,86.5079365079365,127.9000015258789
2024-07-18,115.9496078491211,123.199507776993,15.447913590094094,61.30952380952381,61.30952380952381,118.83000183105469
2024-07-19,117.54008483886719,117.09123599422456,8.503905738515655,53.17460317460318,53.17460317460318,120.45999908447266
2024-07-22,119.87216186523438,119.15010126444083,10.104010699846873,54.36507936507936,54.36507936507936,122.8499984741211
2024-07-23,119.56966400146484,121.95052143497193,9.893565621461184,53.96825396825397,53.96825396825397,122.54000091552734
2024-07-24,122.74089050292969,119.15985194563633,16.84723585287646,62.89682539682539,62.89682539682539,125.79000091552734
2024-07-25,120.40884399414062,121.09187334823339,14.468583161845732,59.72222222222222,59.72222222222222,123.4000015258789
2024-07-26,122.37985229492188,120.3697885042255,17.527254349066357,63.888888888888886,63.888888888888886,125.41999816894531
2024-07-29,122.84822082519531,122.06760962287557,19.96308309031812,66.26984126984127,66.26984126984127,125.9000015258789
2024-07-30,123.14095306396484,122.76040712341803,22.160611004486963,68.45238095238095,68.45238095238095,126.19999694824219
2024-07-31,121.76514434814453,122.37011849174527,19.841384077583882,65.87301587301587,65.87301587301587,124.79000091552734
2024-08-01,125.16078186035156,123.27755667876977,25.706060819093913,72.61904761904762,72.61904761904762,128.27000427246094
2024-08-02,124.52654266357422,125.76575507347711,27.11638112894444,73.80952380952381,73.80952380952381,127.62000274658203
2024-08-05,114.51524353027344,118.15482572935822,4.04000167346724,51.587301587301596,51.587301587301596,117.36000061035156
2024-08-06,116.01789855957031,115.70565556834437,-5.068882195638353,45.03968253968254,45.03968253968254,118.9000015258789
2024-08-07,112.65152740478516,116.41796288363969,-19.726608958712198,29.761904761904763,29.761904761904763,115.44999694824219
2024-08-08,119.81360626220703,117.44250847239867,-10.760849684350335,40.87301587301587,40.87301587301587,122.79000091552734
2024-08-09,121.19918823242188,120.01851914071433,-2.3869103432095296,46.82539682539682,46.82539682539682,124.20999908447266
2024-08-12,119.88191986083984,122.26277754997999,-1.5612277741723997,47.023809523809526,47.023809523809526,122.86000061035156
2024-08-13,124.21429443359375,120.82840485794227,9.916150639156287,55.158730158730165,55.158730158730165,127.30000305175781
2024-08-14,125.69745635986328,124.21429644803688,19.023038548753096,65.67460317460318,65.67460317460318,128.82000732421875
2024-08-15,127.90265655517578,126.8488336886306,26.565864273161637,73.01587301587301,73.01587301587301,131.0800018310547
2024-08-16,128.3222198486328,128.26367661826376,30.235823994880036,79.36507936507937,79.36507936507937,131.50999450683594
2024-08-19,130.55673217773438,128.19539401923387,33.76198477077945,84.92063492063492,84.92063492063492,133.8000030517578
2024-08-20,132.09844970703125,131.005587918096,34.25113319993181,85.71428571428571,85.71428571428571,135.3800048828125
2024-08-21,132.88877868652344,132.54725667466334,35.726582193509884,87.89682539682539,87.89682539682539,136.19000244140625
2024-08-22,132.9473419189453,133.9523738447235,36.42022575267397,88.4920634920635,88.4920634920635,136.25
2024-08-23,134.47930908203125,133.9523901141005,38.49705849914584,93.05555555555556,93.05555555555556,137.82000732421875
2024-08-26,134.26463317871094,134.75251336484155,38.02090575324733,92.06349206349206,92.06349206349206,137.60000610351562
2024-08-27,134.81105041503906,134.0401914185509,38.46648733689438,92.46031746031747,92.46031746031747,138.16000366210938
2024-08-28,135.03546142578125,134.2938889901698,38.30220912463468,92.06349206349206,92.06349206349206,138.38999938964844
2024-08-29,136.10882568359375,136.6454820008448,38.781827557917566,93.25396825396825,93.25396825396825,139.49000549316406
2024-08-30,138.66531372070312,136.37227078079744,40.79719910213362,97.61904761904762,97.61904761904762,142.11000061035156
2024-09-03,137.71881103515625,138.06033310288805,39.62416595853623,95.43650793650794,95.43650793650794,141.13999938964844
2024-09-04,137.14312744140625,137.21142292728806,37.855555070568045,90.87301587301587,90.87301587301587,140.5500030517578
2024-09-05,131.45443725585938,136.81136700716755,24.534534082917887,69.44444444444444,69.44444444444444,134.72000122070312
2024-09-06,129.7078094482422,131.99109986434183,11.272063258905531,55.158730158730165,55.158730158730165,132.92999267578125
2024-09-09,132.49850463867188,130.42014500959152,8.983419105043398,52.38095238095239,52.38095238095239,135.7899932861328
2024-09-10,134.2938995361328,133.0449274996962,11.607481368530095,55.952380952380956,55.952380952380956,137.6300048828125
2024-09-11,132.6546173095703,132.86928577882466,8.110685931377333,51.587301587301596,51.587301587301596,135.9499969482422
2024-09-12,134.528076171875,133.07420276327022,9.612767431647583,52.77777777777778,52.77777777777778,137.8699951171875
2024-09-13,135.123291015625,134.82080768506214,10.580712022399101,54.36507936507936,54.36507936507936,138.47999572753906
2024-09-16,137.72854614257812,136.78205755837072,18.058290433346176,62.698412698412696,62.698412698412696,141.14999389648438
2024-09-17,133.7767333984375,137.60171171079014,8.692271251430576,51.19047619047619,51.19047619047619,137.10000610351562
2024-09-18,132.8985595703125,133.11322804307514,0.7228009562881307,46.03174603174603,46.03174603174603,136.1999969482422
2024-09-19,134.27438354492188,135.72827183927382,0.8394649112473951,46.62698412698413,46.62698412698413,137.61000061035156
2024-09-20,132.75221252441406,132.96688101505202,-4.710445167941107,42.65873015873016,42.65873015873016,136.0500030517578
2024-09-23,131.68861389160156,133.19127817112522,-10.67005039216245,37.89682539682539,37.89682539682539,134.9600067138672
2024-09-24,130.7525177001953,131.07531691353518,-16.217691082624217,31.349206349206348,31.349206349206348,133.6699981689453
2024-09-25,127.04524230957031,131.41768122902292,-27.808267736496784,17.658730158730158,17.658730158730158,129.8800048828125
2024-09-26,128.18968200683594,126.59525390510747,-30.4227439318331,14.285714285714285,14.285714285714285,131.0500030517578
2024-09-27,127.7494888305664,128.18966400228646,-32.83492957418709,11.30952380952381,11.30952380952381,130.60000610351562
2024-09-30,130.27320861816406,127.10393435073647,-28.322073757246518,17.261904761904763,17.261904761904763,133.17999267578125
2024-10-01,128.2288055419922,130.48838473200072,-30.471737172450396,13.88888888888889,13.88888888888889,131.08999633789062
2024-10-02,127.48540496826172,127.40714926591446,-30.672322507101267,13.690476190476192,13.690476190476192,130.3300018310547
2024-10-03,123.91506958007812,126.21377674563135,-36.32175928255199,7.142857142857142,7.142857142857142,126.68000030517578
2024-10-04,124.1204833984375,124.00309984586009,-37.043670635706924,6.547619047619048,6.547619047619048,126.88999938964844
2024-10-07,122.42825317382812,124.15961775351583,-39.488577026805764,4.761904761904762,4.761904761904762,125.16000366210938
2024-10-08,124.28677368164062,123.32816743626073,-37.35273737468419,6.746031746031746,6.746031746031746,127.05999755859375
2024-10-09,128.03318786621094,124.85412252504253,-28.30653586963816,17.658730158730158,17.658730158730158,130.88999938964844
2024-10-10,126.66374206542969,128.5613868695473,-25.829717161691747,20.634920634920633,20.634920634920633,129.49000549316406
2024-10-11,129.33416748046875,127.1332759803597,-18.85891528531996,29.563492063492063,29.563492063492063,132.22000122070312
2024-10-14,131.30026245117188,129.56890560525096,-9.343444595130066,39.88095238095239,39.88095238095239,134.22999572753906
2024-10-15,126.7224349975586,126.77134667896958,-15.341318421991135,33.92857142857143,33.92857142857143,129.5500030517578
2024-10-16,127.56364440917969,126.02790443216566,-16.21556962565691,31.547619047619047,31.547619047619047,130.41000366210938
2024-10-17,125.28450775146484,125.81271505998349,-21.120562855297965,25.595238095238095,25.595238095238095,128.0800018310547
2024-10-18,126.87893676757812,124.71716598975964,-18.431194097941113,30.158730158730158,30.158730158730158,129.7100067138672
2024-10-21,122.60430908203125,126.19420538793881,-28.17921002443104,17.658730158730158,17.658730158730158,125.33999633789062
2024-10-22,121.91959381103516,120.34473324130795,-31.376731743187907,13.293650793650794,13.293650793650794,124.63999938964844
2024-10-23,120.14910125732422,120.42298875373523,-34.73381787918349,9.523809523809524,9.523809523809524,122.83000183105469
2024-10-24,117.74279022216797,120.62840012419797,-39.411842286124035,4.9603174603174605,4.9603174603174605,120.37000274658203
2024-10-25,115.70819091796875,118.6427126025344,-41.52811007163724,2.1825396825396823,2.1825396825396823,118.29000091552734
2024-10-28,116.31465911865234,117.37108123241475,-41.78214237336476,1.984126984126984,1.984126984126984,118.91000366210938
2024-10-29,115.19953155517578,115.72774633212491,-43.264904380073325,0.992063492063492,0.992063492063492,117.7699966430664
2024-10-30,114.60285186767578,110.05434197182714,-38.97434535546548,6.15079365079365,6.15079365079365,117.16000366210938
2024-10-31,111.71724700927734,112.460661308038,-39.756341002349856,4.761904761904762,4.761904761904762,114.20999908447266
2024-11-01,113.47795867919922,113.52686289753056,-37.859738218859455,7.738095238095238,7.738095238095238,116.01000213623047
2024-11-04,111.27706909179688,112.77367402039296,-39.24090162688715,6.349206349206349,6.349206349206349,113.76000213623047
2024-11-05,113.69316101074219,110.36736810224994,-36.66053017789482,8.928571428571429,8.928571428571429,116.2300033569336
2024-11-06,114.08441925048828,119.88499077499263,-34.81697554884978,11.30952380952381,11.30952380952381,116.62999725341797
2024-11-07,116.49073028564453,115.80601151659617,-29.389531711740247,17.658730158730158,17.658730158730158,119.08999633789062
2024-11-08,118.82857513427734,116.76462749571958,-22.418463073076218,27.380952380952383,27.380952380952383,121.4800033569336
2024-11-11,116.66679382324219,118.21231032405713,-22.075042347786315,27.579365079365083,27.579365079365083,119.2699966430664
2024-11-12,111.71724700927734,115.84514231206995,-29.417074254611723,17.658730158730158,17.658730158730158,114.20999908447266
2024-11-13,110.7781982421875,111.69768413006601,-34.16381034633213,12.103174603174603,12.103174603174603,113.25
2024-11-14,105.42757415771484,110.01521180654917,-39.54953110051799,5.357142857142857,5.357142857142857,107.77999877929688
2024-11-15,99.55854034423828,103.61796360321074,-42.45811230709543,1.984126984126984,1.984126984126984,101.77999877929688
2024-11-18,99.55854034423828,98.47276669643692,-43.36321560317293,0.992063492063492,0.992063492063492,101.77999877929688
2024-11-19,98.15975189208984,97.52393734819418,-43.15495952273681,1.5873015873015872,1.5873015873015872,100.3499984741211
2024-11-20,101.9061508178711,98.94228528056554,-38.762333619546936,8.333333333333332,8.333333333333332,104.18000030517578
2024-11-21,104.0581283569336,101.69094950198617,-33.56464450465552,13.492063492063492,13.492063492063492,106.37999725341797
2024-11-22,104.19508361816406,104.43962710037827,-30.22363289286535,18.452380952380953,18.452380952380953,106.5199966430664
2024-11-25,106.95352935791016,105.36889243520211,-24.024407264489618,26.58730158730159,26.58730158730159,109.33999633789062
2024-11-26,108.52839660644531,107.775205949727,-17.711419157149553,35.714285714285715,35.714285714285715,110.94999694824219
2024-11-27,110.14237213134766,109.01747073053562,-11.746820250066701,42.46031746031746,42.46031746031746,112.5999984741211
2024-11-29,111.21836853027344,109.90761909723187,-6.856397053291831,46.62698412698413,46.62698412698413,113.69999694824219
2024-12-02,110.4260482788086,110.98360708968531,-5.423517363936579,47.61904761904761,47.61904761904761,112.88999938964844
2024-12-03,109.69242858886719,110.48474711782023,-6.180675805606992,47.023809523809526,47.023809523809526,112.13999938964844
2024-12-04,109.5065689086914,110.6119102301751,-6.775172597008108,46.82539682539682,46.82539682539682,111.94999694824219
2024-12-05,105.8971176147461,108.26429686532278,-13.474643823949462,40.67460317460318,40.67460317460318,108.26000213623047
2024-12-06,103.9016342163086,105.84819821326246,-19.639900234213417,33.13492063492063,33.13492063492063,106.22000122070312
2024-12-09,104.73307800292969,104.17551918468159,-21.451420810057577,30.158730158730158,30.158730158730158,107.06999969482422
2024-12-10,103.31472778320312,105.55474686158409,-24.210182165887186,26.38888888888889,26.38888888888889,105.62000274658203
2024-12-11,99.19661712646484,102.13113877751361,-30.61687700320716,17.857142857142858,17.857142857142858,101.41000366210938
2024-12-12,96.75118255615234,99.11836156697343,-36.79808911334839,9.920634920634921,9.920634920634921,98.91000366210938
2024-12-13,96.72183227539062,96.37947290392115,-38.467488870410826,8.73015873015873,8.73015873015873,98.87999725341797
2024-12-16,93.11237335205078,96.29143843906387,-41.80796227567882,2.7777777777777777,2.7777777777777777,95.19000244140625
2024-12-17,92.89716339111328,92.25156512587559,-42.43036405073797,2.579365079365079,2.579365079365079,94.97000122070312
2024-12-18,89.17032623291016,93.29821335578207,-43.98253145832156,0.3968253968253968,0.3968253968253968,91.16000366210938
2024-12-19,86.9303207397461,88.38779782083017,-44.595221933091,0.1984126984126984,0.1984126984126984,88.87000274658203
2024-12-20,90.28545379638672,89.04316876636145,-41.15519767111547,4.761904761904762,4.761904761904762,92.30000305175781
2024-12-23,92.9259262084961,90.72226537352928,-35.94276402869511,12.103174603174603,12.103174603174603,94.87999725341797
2024-12-24,93.91512298583984,92.23054558249942,-31.23688357169786,18.849206349206348,18.849206349206348,95.88999938964844
2024-12-26,94.48318481445312,92.67128737975787,-27.62706873439687,24.801587301587304,24.801587301587304,96.47000122070312
2024-12-27,92.91613006591797,92.90633392631618,-28.14978731622511,24.206349206349206,24.206349206349206,94.87000274658203
2024-12-30,89.38048553466797,91.33929516522755,-32.687542023182175,16.865079365079367,16.865079365079367,91.26000213623047
2024-12-31,90.38926696777344,90.15421191560354,-33.4830716925484,15.277777777777779,15.277777777777779,92.29000091552734
2025-01-02,90.15422058105469,91.63311654338207,-34.18772239697779,14.682539682539684,14.682539682539684,92.05000305175781
2025-01-03,92.81818389892578,91.0552598507232,-29.65458192935723,21.626984126984127,21.626984126984127,94.7699966430664
2025-01-06,92.87696075439453,92.80840271597341,-26.2075451195988,27.380952380952383,27.380952380952383,94.83000183105469
2025-01-07,94.36564636230469,93.24912554278748,-19.861463529390054,35.91269841269841,35.91269841269841,96.3499984741211
2025-01-08,95.51155090332031,94.7280315623062,-13.984846362422267,42.46031746031746,42.46031746031746,97.5199966430664
2025-01-10,94.07183074951172,94.68885306198636,-13.544326994521413,42.65873015873016,42.65873015873016,96.05000305175781
2025-01-13,97.47035217285156,94.2187288771948,-2.9938781168387285,51.78571428571429,51.78571428571429,99.5199966430664
2025-01-14,94.56153869628906,97.59769215463638,-2.100911290921335,52.38095238095239,52.38095238095239,96.55000305175781
2025-01-15,95.64867401123047,95.78579008208979,4.139220023731478,57.53968253968254,57.53968253968254,97.66000366210938
2025-01-16,96.69664764404297,94.72804173173292,10.556494771839372,61.50793650793651,61.50793650793651,98.7300033569336
2025-01-17,94.70843505859375,96.44198562717882,7.9833526617745205,58.333333333333336,58.333333333333336,96.69999694824219
2025-01-21,99.28226470947266,96.0502259637922,18.65702876102297,70.63492063492063,70.63492063492063,101.37000274658203
2025-01-22,98.44976806640625,98.03841984016421,21.18200033906336,72.42063492063492,72.42063492063492,100.5199966430664
2025-01-23,102.44573211669922,99.39978284271646,28.353646983153862,79.96031746031747,79.96031746031747,104.5999984741211
2025-01-24,102.98440551757812,101.38797107714798,31.693371606158983,83.92857142857143,83.92857142857143,105.1500015258789
2025-01-27,109.76189422607422,104.14990150642186,36.71472234533251,89.88095238095238,89.88095238095238,112.06999969482422
2025-01-28,107.41132354736328,110.08510196217878,34.91834999808083,86.90476190476191,86.90476190476191,109.66999816894531
2025-01-29,105.7071533203125,106.40252978531223,30.739419709181497,82.14285714285714,82.14285714285714,107.93000030517578
2025-01-30,109.18405151367188,106.76492043725261,33.77892945287518,85.11904761904762,85.11904761904762,111.4800033569336
2025-01-31,108.1458740234375,109.87942466865334,32.1326888482149,83.33333333333334,83.33333333333334,110.41999816894531
2025-02-03,109.26239013671875,105.76591552233936,32.585844900127334,83.73015873015873,83.73015873015873,111.55999755859375
2025-02-04,108.0283432006836,106.75511408054177,30.581615862417227,81.15079365079364,81.15079365079364,110.30000305175781
2025-02-05,111.28976440429688,108.76290570670437,34.2308964465259,85.51587301587301,85.51587301587301,113.62999725341797
2025-02-06,108.52784729003906,111.65215110236181,30.518981267019946,80.75396825396825,80.75396825396825,110.80999755859375
2025-02-07,106.86285400390625,108.95877959335908,24.83435492915815,74.60317460317461,74.60317460317461,109.11000061035156
2025-02-10,106.49067687988281,107.18605332387489,20.89124367581384,69.84126984126983,69.84126984126983,108.7300033569336
2025-02-11,105.80509948730469,105.35457417538525,17.031361804509697,65.47619047619048,65.47619047619048,108.02999877929688
2025-02-12,105.40354919433594,105.23704469636792,13.727065103690883,62.10317460317461,62.10317460317461,107.62000274658203
2025-02-13,106.5984115600586,104.67877910789157,14.80702058548985,63.095238095238095,63.095238095238095,108.83999633789062
2025-02-14,103.1019287109375,106.8334656711996,6.45489918175039,53.96825396825397,53.96825396825397,105.2699966430664
2025-02-18,102.45552825927734,101.47612354021133,-0.47979101543311964,48.80952380952381,48.80952380952381,104.61000061035156
2025-02-19,106.15767669677734,102.22047302153192,4.76783387260867,53.37301587301587,53.37301587301587,108.38999938964844
2025-02-20,107.9695816040039,105.91283304618833,12.542205918826927,60.317460317460316,60.317460317460316,110.23999786376953
2025-02-21,106.22623443603516,104.43392201518968,9.716710207129024,56.15079365079365,56.15079365079365,108.45999908447266
2025-02-24,108.85104370117188,106.29479669687395,14.811028850903055,63.095238095238095,63.095238095238095,111.13999938964844
2025-02-25,111.62276458740234,109.54642375234245,26.215747108704186,75.1984126984127,75.1984126984127,113.97000122070312
2025-02-26,109.13507080078125,110.4670618489131,23.34061307591305,72.42063492063492,72.42063492063492,111.43000030517578
2025-02-27,107.74432373046875,108.51805441619803,16.69292074858191,64.48412698412699,64.48412698412699,110.01000213623047
2025-02-28,111.4758529663086,108.21443322029297,25.4552505786802,74.60317460317461,74.60317460317461,113.81999969482422
2025-03-03,112.87639617919922,111.9459646659774,29.660178283049603,79.16666666666666,79.16666666666666,115.25
2025-03-04,109.60518646240234,113.13104198119724,21.538872291841567,69.64285714285714,69.64285714285714,111.91000366210938
2025-03-05,112.78825378417969,108.01854999602435,25.957679297109564,74.8015873015873,74.8015873015873,115.16000366210938
2025-03-06,111.87740325927734,111.27996578867287,25.72341458552626,74.60317460317461,74.60317460317461,114.2300033569336
2025-03-07,111.80885314941406,110.74129805480158,25.322903930047584,73.61111111111111,73.61111111111111,114.16000366210938
2025-03-10,108.35154724121094,109.12527790779754,14.030105808356508,60.11904761904761,60.11904761904761,110.62999725341797
2025-03-11,104.571044921875,108.18505094598383,-1.9166352914354252,45.03968253968254,45.03968253968254,106.7699966430664
2025-03-12,101.37818908691406,103.55246885583358,-17.86965718479344,31.150793650793652,31.150793650793652,103.51000213623047
2025-03-13,99.78175354003906,101.72097823866723,-28.07473603213182,21.03174603174603,21.03174603174603,101.87999725341797
2025-03-14,102.16169738769531,99.47813071956156,-26.389076379399253,22.61904761904762,22.61904761904762,104.30999755859375
2025-03-17,105.76592254638672,101.2900428971479,-16.729606572862586,31.547619047619047,31.547619047619047,107.98999786376953
2025-03-18,105.98139190673828,106.04015380327806,-10.887395123765584,37.698412698412696,37.698412698412696,108.20999908447266
2025-03-19,105.97158813476562,106.5102637218049,-7.785793827525006,40.67460317460318,40.67460317460318,108.19999694824219
2025-03-20,106.2164535522461,106.04995652021424,-5.574004772335164,42.26190476190476,42.26190476190476,108.44999694824219
2025-03-21,104.93342590332031,105.37415505857598,-7.833644048901596,40.27777777777778,40.27777777777778,107.13999938964844
2025-03-24,107.23502349853516,106.39273481957702,-2.680874538952261,44.24603174603175,44.24603174603175,109.48999786376953
2025-03-25,103.38854217529297,108.81194222787448,-9.831287709585508,37.89682539682539,37.89682539682539,105.2300033569336
2025-03-26,102.0621566772461,103.46713279444134,-17.00240173063798,30.357142857142854,30.357142857142854,103.87999725341797
2025-03-27,102.74991607666016,102.08181535887869,-18.595326296677577,29.365079365079367,29.365079365079367,104.58000183105469
2025-03-28,101.53162384033203,102.25867979189262,-22.77790649719306,25.0,25.0,103.33999633789062
2025-03-31,104.74439239501953,100.31331247047977,-15.991753116287018,31.944444444444443,31.944444444444443,106.61000061035156
2025-04-01,99.02623748779297,103.59486682837814,-25.365413542188413,22.817460317460316,22.817460317460316,100.79000091552734
2025-04-02,100.88317108154297,98.14199325877061,-23.569955773104773,24.6031746031746,24.6031746031746,102.68000030517578
2025-04-03,98.67253875732422,99.5764375396211,-27.692729544060168,20.436507936507937,20.436507936507937,100.43000030517578
2025-04-04,82.47110748291016,95.0962394163316,-36.14695886840403,10.119047619047619,10.119047619047619,83.94000244140625
2025-04-07,80.68295288085938,76.27151974004846,-36.45056289164286,9.722222222222223,9.722222222222223,82.12000274658203
2025-04-08,78.1874008178711,89.05385523181144,-37.825538778020324,8.531746031746032,8.531746031746032,79.58000183105469
2025-04-09,88.48401641845703,72.99980977287738,-27.75181242678777,21.03174603174603,21.03174603174603,90.05999755859375
2025-04-10,80.94822692871094,86.52883084987427,-29.18263255980067,19.246031746031747,19.246031746031747,82.38999938964844
2025-04-11,84.21995544433594,81.39034882445925,-26.293081994643952,23.015873015873016,23.015873015873016,85.72000122070312
2025-04-14,87.20675659179688,87.01025197147881,-21.114428816678004,28.373015873015873,28.373015873015873,88.76000213623047
2025-04-15,85.56597900390625,88.23838200227478,-20.394713354760178,28.968253968253972,28.968253968253972,87.08999633789062
2025-04-16,83.15885162353516,86.1653011128838,-22.49656507251359,27.18253968253968,27.18253968253968,84.63999938964844
2025-04-17,81.48860931396484,81.14472807707874,-25.47794585240373,23.809523809523807,23.809523809523807,82.94000244140625
2025-04-21,76.16344451904297,80.53557676150012,-31.50866182522471,15.873015873015872,15.873015873015872,77.5199966430664
2025-04-22,80.33907318115234,77.90247581753242,-29.969157380134227,18.452380952380953,18.452380952380953,81.7699966430664
2025-04-23,81.557373046875,82.94269492948398,-27.831660131757978,21.428571428571427,21.428571428571427,83.01000213623047
2025-04-24,84.65225219726562,82.22547460470075,-21.477398945268003,28.76984126984127,28.76984126984127,86.16000366210938
2025-04-25,85.69371032714844,85.07473010269496,-16.466190222365647,34.523809523809526,34.523809523809526,87.22000122070312
2025-04-28,86.68603515625,86.30285300870806,-12.630325118837751,38.69047619047619,38.69047619047619,88.2300033569336
2025-04-29,87.8748550415039,86.0081024240202,-8.702119415620015,43.25396825396825,43.25396825396825,89.44000244140625
2025-04-30,90.18373107910156,88.80822873831406,-2.4229339947669652,48.41269841269841,48.41269841269841,91.79000091552734
2025-05-01,82.50057220458984,87.58009823810272,-10.302707787148135,41.86507936507937,41.86507936507937,83.97000122070312
2025-05-02,86.03758239746094,86.4011103397617,-8.665106570605051,43.65079365079365,43.65079365079365,87.56999969482422
2025-05-05,85.16315460205078,85.81160111765928,-5.721689161349069,46.230158730158735,46.230158730158735,86.68000030517578
2025-05-06,78.16773986816406,83.28656673650956,-13.957848627802772,37.301587301587304,37.301587301587304,79.55999755859375
2025-05-07,79.90678405761719,79.34675895615659,-14.58704809143796,36.904761904761905,36.904761904761905,81.33000183105469
2025-05-08,77.8631820678711,78.60005760794559,-18.814208240641584,32.142857142857146,32.142857142857146,79.25
2025-05-09,75.22025299072266,77.85335522947669,-28.584091610954758,20.03968253968254,20.03968253968254,76.55999755859375
2025-05-12,80.91875457763672,75.6721971799909,-20.76778532046081,30.158730158730158,30.158730158730158,82.36000061035156
2025-05-13,73.53035736083984,77.04771207584318,-29.770712519098375,18.650793650793652,18.650793650793652,74.83999633789062
2025-05-14,68.33291625976562,74.3163410120215,-35.681964837834684,11.507936507936508,11.507936507936508,69.55000305175781
2025-05-15,70.9365463256836,67.7925471379308,-32.98451428248885,14.484126984126986,14.484126984126986,72.19999694824219
2025-05-16,75.1907730102539,71.69307311981964,-24.793950287276846,26.38888888888889,26.38888888888889,76.52999877929688
2025-05-19,77.43087005615234,74.86654288489014,-16.37860961332539,36.11111111111111,36.11111111111111,78.80999755859375
2025-05-20,77.922119140625,77.63719307094611,-11.078939249852592,42.06349206349206,42.06349206349206,79.30999755859375
2025-05-21,72.3316879272461,75.90798906939241,-16.99182919591014,35.11904761904761,35.11904761904761,73.62000274658203
2025-05-22,70.75969696044922,71.03480345238899,-22.421431586031478,28.76984126984127,28.76984126984127,72.0199966430664
2025-05-23,70.1210708618164,69.67894109213363,-26.088345570310405,24.404761904761905,24.404761904761905,71.37000274658203
2025-05-27,73.13734436035156,71.97799339535271,-22.57533300693678,28.373015873015873,28.373015873015873,74.44000244140625
2025-05-28,71.86009216308594,73.05874407572475,-22.75244190228244,27.976190476190478,27.976190476190478,73.13999938964844
2025-05-29,73.40261840820312,72.47906545204116,-19.890125855563426,31.547619047619047,31.547619047619047,74.70999908447266
2025-05-30,73.8250961303711,72.92119735722963,-16.33594472567014,35.91269841269841,35.91269841269841,75.13999938964844
2025-06-02,73.94300079345703,73.40262243924285,-13.940765437307084,38.69047619047619,38.69047619047619,75.26000213623047
2025-06-03,74.35563659667969,73.19628573090516,-11.490885458226806,41.66666666666667,41.66666666666667,75.68000030517578
2025-06-04,74.96480560302734,75.22025038524563,-6.6787431830509325,46.62698412698413,46.62698412698413,76.30000305175781
2025-06-05,74.7093505859375,75.52482792729262,-2.8529804072006772,49.801587301587304,49.801587301587304,76.04000091552734
2025-06-06,76.546630859375,75.66237875648578,4.630617936260173,55.35714285714286,55.35714285714286,77.91000366210938
2025-06-09,76.19292449951172,76.5564449240079,7.800379392719653,56.74603174603175,56.74603174603175,77.55000305175781
2025-06-10,78.75725555419922,76.26170300837711,15.57801331011417,66.07142857142857,66.07142857142857,80.16000366210938
2025-06-11,78.8063735961914,78.90462215872208,20.98513868720322,71.62698412698413,71.62698412698413,80.20999908447266
2025-06-12,80.6240005493164,78.93409824017027,28.190353021914312,80.55555555555556,80.55555555555556,82.05999755859375
2025-06-13,79.33692169189453,79.07164983396223,27.124656179909046,79.16666666666666,79.16666666666666,80.75
2025-06-16,78.70812225341797,80.28012168603479,23.869523105202525,74.60317460317461,74.60317460317461,80.11000061035156
2025-06-17,74.8469009399414,77.75510200807385,9.993116439190992,58.333333333333336,58.333333333333336,76.18000030517578
2025-06-18,74.31635284423828,74.65040698232785,0.47109023909803455,50.99206349206349,50.99206349206349,75.63999938964844
2025-06-20,73.06857299804688,75.16129659693316,-8.60225611510331,43.84920634920635,43.84920634920635,74.37000274658203
2025-06-23,73.44193267822266,73.17666076807645,-12.184411156928622,39.48412698412698,39.48412698412698,74.75
2025-06-24,76.04141235351562,74.1275498456094,-3.605586781952478,48.41269841269841,48.41269841269841,77.08000183105469
2025-06-25,76.33737182617188,75.93290011891519,-0.32868929740179925,51.19047619047619,51.19047619047619,77.37999725341797
2025-06-26,76.89969635009766,76.78131805072017,3.4599244434213325,54.166666666666664,54.166666666666664,77.94999694824219
2025-06-27,76.36697387695312,77.23511396330291,3.557942208048903,54.563492063492056,54.563492063492056,77.41000366210938
2025-06-30,77.75798034667969,76.22886200993105,8.782534804659527,57.738095238095234,57.738095238095234,78.81999969482422
2025-07-01,81.02336883544922,77.40282061662526,20.048263188147786,71.42857142857143,71.42857142857143,82.12999725341797
2025-07-02,78.65571594238281,79.91846793224857,17.527980048848665,68.84920634920636,68.84920634920636,79.7300033569336
2025-07-03,78.65571594238281,79.46466690630278,16.18785314212747,67.06349206349206,67.06349206349206,79.7300033569336
2025-07-07,76.78131866455078,78.5274663336909,8.718961670390232,57.738095238095234,57.738095238095234,77.83000183105469
2025-07-08,77.70864868164062,76.70239548663713,8.083207269091758,57.14285714285714,57.14285714285714,78.7699966430664
2025-07-09,78.58666229248047,78.2907014911829,10.56304713863906,60.71428571428571,60.71428571428571,79.66000366210938
2025-07-10,80.04671478271484,78.78396277409612,17.32835549281448,68.65079365079364,68.65079365079364,81.13999938964844
2025-07-11,77.93553924560547,79.5041116758845,12.926100275071564,63.29365079365079,63.29365079365079,79.0
2025-07-14,77.74810791015625,77.10687206229015,9.827212625928148,58.92857142857143,58.92857142857143,78.80999755859375
2025-07-15,73.55537414550781,78.13285405854438,-7.931736328474782,44.44444444444444,44.44444444444444,74.55999755859375
2025-07-16,76.20912170410156,74.29525915182477,-6.621261814532488,45.63492063492063,45.63492063492063,77.25
2025-07-17,73.61457061767578,74.75893682946102,-15.56254338711527,35.51587301587302,35.51587301587302,74.62000274658203
2025-07-18,72.10518646240234,74.25581358469849,-24.96546254522305,24.00793650793651,24.00793650793651,73.08999633789062
2025-07-21,70.9706802368164,72.41100724062139,-31.338410216530495,15.476190476190476,15.476190476190476,71.94000244140625
2025-07-22,74.74906921386719,71.25677391381215,-21.201802737017665,28.76984126984127,28.76984126984127,75.7699966430664
2025-07-23,79.22789001464844,77.05753611667048,-0.8912295850870466,50.79365079365079,50.79365079365079,80.30999755859375
2025-07-24,78.37948608398438,78.82342729084917,7.198451809082586,56.15079365079365,56.15079365079365,79.44999694824219
2025-07-25,79.44493103027344,79.0996484640405,14.960043393140266,66.07142857142857,66.07142857142857,80.52999877929688
2025-07-28,77.49161529541016,78.92207489219292,12.367409132890057,62.89682539682539,62.89682539682539,78.55000305175781
2025-07-29,75.82439422607422,75.15355619843888,5.259205764527971,55.55555555555556,55.55555555555556,76.86000061035156
2025-07-30,75.46923828125,76.80104686324698,0.23010618190981927,51.78571428571429,51.78571428571429,76.5
2025-07-31,69.06668853759766,73.69349043790115,-18.690730901328827,31.746031746031743,31.746031746031743,70.01000213623047
2025-08-01,70.27024841308594,69.07654536159404,-24.124170937062615,25.0,25.0,71.2300033569336
2025-08-04,73.23968505859375,70.66485170453498,-17.38442847958331,33.33333333333333,33.33333333333333,74.23999786376953
2025-08-05,72.351806640625,72.24329571497177,-16.46997990741142,34.523809523809526,34.523809523809526,73.33999633789062
2025-08-06,69.16532897949219,71.5428523997014,-24.95796424187409,24.404761904761905,24.404761904761905,70.11000061035156
2025-08-07,66.65956115722656,67.6756817274575,-30.964850729562098,16.26984126984127,16.26984126984127,67.56999969482422
2025-08-08,68.37611389160156,67.14295640530608,-28.55959218431273,19.246031746031747,19.246031746031747,69.30999755859375
2025-08-11,68.6030044555664,68.57340988607157,-26.53591849822873,22.42063492063492,22.42063492063492,69.54000091552734
2025-08-12,69.8460464477539,68.7510019442816,-21.68046394610451,29.166666666666668,29.166666666666668,70.80000305175781
2025-08-13,73.15089416503906,70.63525020656172,-8.16940754856391,46.03174603174603,46.03174603174603,74.1500015258789
2025-08-14,74.21634674072266,72.81547424303835,2.0753405155868077,54.96031746031746,54.96031746031746,75.2300033569336
2025-08-15,77.95526885986328,76.87009193707897,16.862741752931846,69.44444444444444,69.44444444444444,79.0199966430664
2025-08-18,77.4422836303711,78.80368667124151,23.208674645176202,76.19047619047619,76.19047619047619,78.5
2025-08-19,78.8036880493164,77.31403932417466,29.28748046641207,82.73809523809523,82.73809523809523,79.87999725341797
2025-08-20,80.17496490478516,79.29695736476108,33.75398475899017,87.10317460317461,87.10317460317461,81.2699966430664
2025-08-21,79.35615539550781,79.59291953267648,33.81844460539637,87.5,87.5,80.44000244140625
2025-08-22,81.12203216552734,80.56957251554222,35.9951107687932,90.67460317460318,90.67460317460318,82.2300033569336
2025-08-25,77.72838592529297,81.1121704708778,30.01276862798742,82.93650793650794,82.93650793650794,78.79000091552734
2025-08-26,79.06018829345703,78.17231344141933,29.536513193654418,82.34126984126983,82.34126984126983,80.13999938964844
2025-08-27,78.92208099365234,79.16871249675751,29.02397589071221,81.54761904761905,81.54761904761905,80.0
2025-08-28,78.06379699707031,78.5767947143961,26.52281109134238,78.37301587301587,78.37301587301587,79.12999725341797
2025-08-29,79.58304595947266,78.10325704601308,28.9341750331299,81.34920634920636,81.34920634920636,80.66999816894531
2025-09-02,79.8099594116211,78.53733989657377,30.71921031221947,83.92857142857143,83.92857142857143,80.9000015258789
2025-09-03,78.65571594238281,78.99113114680534,28.612892410549467,80.55555555555556,80.55555555555556,79.7300033569336
2025-09-04,79.59291076660156,78.70503594176111,29.735910421972317,82.34126984126983,82.34126984126983,80.68000030517578
2025-09-05,80.33280944824219,79.20817045282861,32.34675807680597,85.71428571428571,85.71428571428571,81.43000030517578
2025-09-08,80.17496490478516,80.32294531046703,32.81823302696108,85.9126984126984,85.9126984126984,81.2699966430664
2025-09-09,81.45745849609375,80.53012156815288,35.85487529662714,90.47619047619048,90.47619047619048,82.56999969482422
2025-09-10,79.2673568725586,81.1022957022264,30.487230624830502,82.73809523809523,82.73809523809523,80.3499984741211
2025-09-11,83.17400360107422,80.60903753878671,35.82772069736291,90.27777777777779,90.27777777777779,84.30999755859375
2025-09-12,80.38213348388672,82.76952435075725,30.056946717824477,81.74603174603175,81.74603174603175,81.4800033569336
2025-09-15,78.32029724121094,80.56957527971679,13.135138079881289,62.5,62.5,79.38999938964844
2025-09-16,78.29069519042969,77.97500720686324,1.987455507418716,51.587301587301596,51.587301587301596,79.36000061035156
2025-09-17,78.71491241455078,78.71491241455078,-1.6891749297561387,48.61111111111111,48.61111111111111,79.79000091552734
2025-09-18,79.18843841552734,78.92207970821438,-1.0320660073760104,49.007936507936506,49.007936507936506,80.2699966430664
2025-09-19,78.65571594238281,79.89873319869692,-3.7517282345433056,46.42857142857143,46.42857142857143,79.7300033569336
2025-09-22,78.68531036376953,78.28083111929489,-4.8272757038939815,45.63492063492063,45.63492063492063,79.76000213623047
2025-09-23,79.17059326171875,78.19011640617188,-2.5083297557616238,47.22222222222222,47.22222222222222,79.94000244140625
2025-09-24,78.35848999023438,79.1904015467248,-6.298632244957133,44.047619047619044,44.047619047619044,79.12000274658203
2025-09-25,74.40689086914062,77.67513226294427,-19.805955560127778,29.365079365079367,29.365079365079367,75.12999725341797
2025-09-26,76.44705963134766,75.7636983654376,-16.874633217631327,31.944444444444443,31.944444444444443,77.19000244140625
2025-09-29,77.08090209960938,76.9719602252945,-12.522974456264684,37.301587301587304,37.301587301587304,77.83000183105469
2025-09-30,82.71612548828125,76.97195440985142,12.081276826890486,60.912698412698404,60.912698412698404,83.5199966430664
2025-10-01,90.40144348144531,83.74612119098947,27.832843839456938,78.17460317460318,78.17460317460318,91.27999877929688
2025-10-02,89.80722045898438,88.63857745951428,34.71150471865487,88.09523809523809,88.09523809523809,90.68000030517578
2025-10-03,92.79814910888672,90.46086313589527,37.06990037070385,91.66666666666666,91.66666666666666,93.69999694824219
2025-10-06,91.45124053955078,93.02594100563006,36.6407788326014,91.07142857142857,91.07142857142857,92.33999633789062
2025-10-07,91.51066589355469,91.09471014161139,36.474597060432444,90.67460317460318,90.67460317460318,92.4000015258789
2025-10-08,92.0850830078125,92.85757440106205,37.11824122697057,91.86507936507937,91.86507936507937,92.9800033569336
2025-10-09,91.48096466064453,92.6991219881099,36.481535994945204,90.47619047619048,90.47619047619048,92.37000274658203
2025-10-10,87.3411865234375,92.35248234312982,29.407271176225834,78.96825396825396,78.96825396825396,88.19000244140625
2025-10-13,87.09359741210938,86.85590192407192,24.71383185160704,72.61904761904762,72.61904761904762,87.94000244140625
2025-10-14,87.8660888671875,86.16264231589614,24.07178544352685,72.22222222222221,72.22222222222221,88.72000122070312
2025-10-15,88.11368560791016,87.03417267583222,24.24248792000592,72.22222222222221,72.22222222222221,88.97000122070312
2025-10-16,87.69772338867188,88.77722868557316,23.007312188224493,70.23809523809523,70.23809523809523,88.55000305175781
2025-10-17,89.35165405273438,86.26168062905627,25.680351936895345,73.61111111111111,73.61111111111111,90.22000122070312
2025-10-20,92.1445083618164,90.17366385414502,31.16284473644339,82.73809523809523,82.73809523809523,93.04000091552734
2025-10-21,92.54065704345703,92.64959891515163,34.392506110931684,86.70634920634922,86.70634920634922,93.44000244140625
2025-10-22,94.50160217285156,94.64025409989912,37.95971799597782,93.45238095238095,93.45238095238095,95.41999816894531
2025-10-23,94.5114974975586,93.64986842762767,39.80894665419451,96.82539682539682,96.82539682539682,95.43000030517578
2025-10-24,94.35303497314453,94.69967231217531,40.09816774621498,97.22222222222221,97.22222222222221,95.2699966430664
2025-10-27,95.11563873291016,94.5610310177211,41.52108487018927,99.20634920634922,99.20634920634922,96.04000091552734
2025-10-28,93.24382781982422,95.35332430347337,38.9857160522121,95.03968253968253,95.03968253968253,94.1500015258789
2025-10-29,90.75798034667969,92.67931060227055,27.654599417193964,75.0,75.0,91.63999938964844
2025-10-30,90.90653228759766,90.31230873256801,20.01693931307069,65.47619047619048,65.47619047619048,91.79000091552734
2025-10-31,90.93624877929688,88.22262290015702,16.0304292770234,61.111111111111114,61.111111111111114,91.81999969482422
2025-11-03,90.98576354980469,90.36182239829608,14.268172038681918,58.730158730158735,58.730158730158735,91.87000274658203
2025-11-04,92.0850830078125,89.70818118214747,17.784903037608203,63.69047619047619,63.69047619047619,92.9800033569336
2025-11-05,93.43199157714844,91.56018307694475,24.159352768013044,70.23809523809523,70.23809523809523,94.33999633789062
2025-11-06,93.97669982910156,92.58027476029582,28.924356459458007,76.5873015873016,76.5873015873016,94.88999938964844
2025-11-07,94.1153564453125,93.68949479622208,31.696164084696072,82.14285714285714,82.14285714285714,95.02999877929688
2025-11-10,96.31399536132812,93.37257958966808,37.018077725239465,90.27777777777779,90.27777777777779,97.25
2025-11-11,103.05843353271484,96.79926301804063,40.556622693991265,97.81746031746032,97.81746031746032,104.05999755859375
2025-11-12,107.3071517944336,103.4644987247711,41.85608120920591,99.60317460317461,99.60317460317461,108.3499984741211
2025-11-13,107.2774429321289,105.67303236449621,40.12496962182621,96.62698412698413,96.62698412698413,108.31999969482422
2025-11-14,105.12832641601562,106.28706355820056,37.201319272164675,90.27777777777779,90.27777777777779,106.1500015258789
2025-11-17,105.0490951538086,103.9893940123027,35.00562347547794,85.9126984126984,85.9126984126984,106.06999969482422
2025-11-18,106.65350341796875,105.14812894315206,35.46213634627675,86.30952380952381,86.30952380952381,107.69000244140625
2025-11-19,106.06917572021484,106.30686363755686,34.920175725271555,85.11904761904762,85.11904761904762,107.0999984741211
2025-11-20,104.09833526611328,106.11870153016628,31.663956310186435,80.15873015873017,80.15873015873017,105.11000061035156
2025-11-21,110.73384857177734,104.67275719028872,35.96779782531449,87.5,87.5,111.80999755859375
2025-11-24,112.189697265625,111.86287164837496,38.60176019246741,93.65079365079364,93.65079365079364,113.27999877929688
2025-11-25,119.61750793457031,113.3781491000058,41.33672136122751,98.61111111111111,98.61111111111111,120.77999877929688
2025-11-26,118.6469497680664,118.77569582151688,41.93046174183058,99.60317460317461,99.60317460317461,119.80000305175781
2025-11-28,116.93360137939453,118.16166453081405,40.77129707682935,97.22222222222221,97.22222222222221,118.06999969482422
2025-12-01,111.99162292480469,115.60649370604068,35.00036927206771,84.72222222222221,84.72222222222221,113.08000183105469
2025-12-02,109.65434265136719,111.73412904686774,28.315005573522612,73.4126984126984,73.4126984126984,110.72000122070312
2025-12-03,111.209228515625,109.92173777490711,26.42385899207231,70.43650793650794,70.43650793650794,112.29000091552734
2025-12-04,108.5847396850586,110.99135179780033,19.82079172488221,62.10317460317461,62.10317460317461,109.63999938964844
2025-12-05,107.1288833618164,109.71376323325653,12.799425723997473,54.563492063492056,54.563492063492056,108.16999816894531
2025-12-08,103.4645004272461,107.55474736510205,2.091236247277088,45.03968253968254,45.03968253968254,104.47000122070312
2025-12-09,100.33490753173828,104.524197887129,-10.281273995204696,35.11904761904761,35.11904761904761,101.30999755859375
2025-12-10,104.56381225585938,100.97865142052434,-10.555161287414144,34.72222222222222,34.72222222222222,105.58000183105469
2025-12-11,107.45570373535156,106.15831470723835,-7.069868682947722,37.89682539682539,37.89682539682539,108.5
2025-12-12,108.46588897705078,108.3767588355863,-3.183649875575245,41.269841269841265,41.269841269841265,109.5199966430664
2025-12-15,112.69479370117188,109.23838640606157,7.764928139306934,48.80952380952381,48.80952380952381,113.79000091552734
2025-12-16,108.45598602294922,112.95229016168969,3.4047701209938026,46.230158730158735,46.230158730158735,109.51000213623047
2025-12-17,107.742919921875,108.53521555570335,-0.7301066974948379,43.84920634920635,43.84920634920635,108.79000091552734
2025-12-18,107.9112777709961,107.38638013909859,-2.6142766927337737,42.06349206349206,42.06349206349206,108.95999908447266
2025-12-19,109.9118423461914,107.91128022312775,1.6092449757307998,45.83333333333333,45.83333333333333,110.9800033569336
2025-12-22,112.05105590820312,109.78309566425895,8.470694005768836,50.595238095238095,50.595238095238095,113.13999938964844
2025-12-23,111.3669204711914,110.71158369382947,10.379965063512435,53.37301587301587,53.37301587301587,112.16000366210938
2025-12-24,113.19390869140625,111.57543711008488,15.153361013109432,59.72222222222222,59.72222222222222,114.0
2025-12-26,113.51165008544922,112.68751714573204,18.201786355514447,64.0873015873016,64.0873015873016,114.31999969482422
2025-12-29,112.9158935546875,113.51164947369551,19.768969821910026,65.07936507936508,65.07936507936508,113.72000122070312
2025-12-30,112.84638977050781,112.77688503896452,21.27249606028999,67.46031746031747,67.46031746031747,113.6500015258789
2025-12-31,110.77116394042969,112.57829453364272,18.55131699746717,64.68253968253968,64.68253968253968,111.55999755859375
2026-01-02,112.18112182617188,111.05910720715586,21.499540526902422,68.05555555555556,68.05555555555556,112.9800033569336
2026-01-05,111.08889770507812,110.62222742201885,19.13507049710974,65.27777777777779,65.27777777777779,111.87999725341797
2026-01-06,117.42378997802734,111.04917980633498,28.73690511777586,77.77777777777779,77.77777777777779,118.26000213623047
2026-01-07,120.8692626953125,118.71460079063138,32.83165026666313,84.32539682539682,84.32539682539682,121.7300033569336
2026-01-08,117.62236785888672,120.42242732225067,30.070830750430282,80.55555555555556,80.55555555555556,118.45999908447266
2026-01-09,115.63652038574219,117.7812508465901,23.877105107247843,71.23015873015873,71.23015873015873,116.45999908447266
2026-01-12,115.82518005371094,115.53722970808455,18.588700373330187,64.88095238095238,64.88095238095238,116.6500015258789
2026-01-13,114.37549591064453,116.4904319900314,10.597229377699808,54.166666666666664,54.166666666666664,115.19000244140625
2026-01-14,116.77838897705078,113.99818454019847,13.186907518637101,57.936507936507944,57.936507936507944,117.61000061035156
2026-01-15,114.79252624511719,115.62658299759573,8.005679253777757,50.198412698412696,50.198412698412696,115.61000061035156
2026-01-16,112.11161804199219,113.97832185174434,-3.62662151165912,41.07142857142857,41.07142857142857,112.91000366210938
2026-01-20,111.4066390991211,108.55693750434973,-11.347423182382963,33.730158730158735,33.730158730158735,112.19999694824219
2026-01-21,117.12591552734375,110.52293550850678,1.0619401168504226,46.03174603174603,46.03174603174603,117.95999908447266
2026-01-22,117.31456756591797,116.48050323326429,8.331859144015025,51.388888888888886,51.388888888888886,118.1500015258789
2026-01-23,115.3982162475586,116.71881371183015,5.443253951655116,49.404761904761905,49.404761904761905,116.22000122070312
2026-01-26,116.77838897705078,115.41807341876735,7.9815767206343455,50.79365079365079,50.79365079365079,117.61000061035156
2026-01-27,110.9697494506836,111.83359285022051,-6.930376390434134,38.2936507936508,38.2936507936508,111.76000213623047
2026-01-28,108.48743438720703,108.98389893171591,-20.678397101317326,24.404761904761905,24.404761904761905,109.26000213623047
2026-01-29,107.42499542236328,108.36827498159471,-29.723579064050888,13.690476190476192,13.690476190476192,108.19000244140625
2026-01-30,108.6562271118164,107.2363382559649,-30.845514646399668,12.103174603174603,12.103174603174603,109.43000030517578
2026-02-02,110.93003845214844,108.71580326211854,-25.79799587500552,19.047619047619047,19.047619047619047,111.72000122070312
2026-02-03,107.6136474609375,109.1924085859893,-30.710977059388277,12.3015873015873,12.3015873015873,108.37999725341797
2026-02-04,111.49600219726562,109.1924071401566,-23.507668187200718,21.626984126984127,21.626984126984127,112.29000091552734
2026-02-05,109.03353881835938,110.28463156843975,-25.61346475758908,19.444444444444446,19.444444444444446,109.80999755859375
2026-02-06,114.5542221069336,111.31727142744784,-12.88013555118354,33.53174603174603,33.53174603174603,115.37000274658203
2026-02-09,111.92296600341797,115.11026740966076,-10.34606290495126,36.904761904761905,36.904761904761905,112.72000122070312
2026-02-10,109.6590805053711,112.62793607586917,-15.811957030482196,31.150793650793652,31.150793650793652,110.44000244140625
2026-02-11,111.8038101196289,109.56971974504528,-11.97358076903802,34.72222222222222,34.72222222222222,112.5999984741211
2026-02-12,111.28749084472656,111.8038106226453,-11.994871902056591,34.72222222222222,34.72222222222222,112.08000183105469
2026-02-13,114.60387420654297,112.36978374513711,-1.4273141660153457,46.62698412698413,46.62698412698413,115.41999816894531
2026-02-17,113.9882583618164,114.64358759783528,1.5680462095806151,49.2063492063492,49.2063492063492,114.80000305175781
2026-02-18,114.67337799072266,113.91875733988437,6.058187121838389,52.77777777777778,52.77777777777778,115.48999786376953
2026-02-19,113.69037628173828,113.72016294118156,4.440715131985453,51.78571428571429,51.78571428571429,114.5
2026-02-20,112.49886322021484,112.87617352811304,0.09416639006733461,48.01587301587302,48.01587301587302,113.30000305175781
2026-02-23,116.27198791503906,113.47192835304446,13.45116507321548,62.698412698412696,62.698412698412696,117.0999984741211
2026-02-24,114.75281524658203,115.3287159399925,14.286394679339859,63.888888888888886,63.888888888888886,115.56999969482422
2026-02-25,114.77266693115234,114.73295643496559,14.26487933995704,63.69047619047619,63.69047619047619,115.58999633789062
2026-02-26,113.7896728515625,115.2592112463882,10.863600578487025,59.523809523809526,59.523809523809526,114.5999984741211
2026-02-27,119.58837890625,111.98253863890815,24.602819400801675,77.38095238095238,77.38095238095238,120.44000244140625
2026-03-02,115.75566864013672,117.35428499144157,18.856109551450366,70.83333333333334,70.83333333333334,116.58000183105469
2026-03-03,111.96268463134766,111.75417043462674,3.1657356352728443,50.595238095238095,50.595238095238095,112.76000213623047
2026-03-04,112.40950012207031,111.88324892228349,-3.737825972946745,43.84920634920635,43.84920634920635,113.20999908447266
2026-03-05,105.77672576904297,108.78529944435317,-19.824895852325838,26.38888888888889,26.38888888888889,106.52999877929688
2026-03-06,103.18518829345703,103.42349672725182,-28.37205103172382,15.674603174603174,15.674603174603174,103.91999816894531
2026-03-09,106.31291961669922,101.44756545748324,-26.47370053999004,18.452380952380953,18.452380952380953,107.06999969482422
2026-03-10,104.1681900024414,106.76965925843027,-29.32137324136377,15.079365079365079,15.079365079365079,104.91000366210938
2026-03-11,103.46320343017578,103.26462065140973,-32.14534658675001,10.317460317460316,10.317460317460316,104.19999694824219
2026-03-12,98.05174255371094,101.82487593026053,-38.64108749970801,5.158730158730158,5.158730158730158,98.75
2026-03-13,97.20775604248047,99.37234168635345,-41.82740721050648,2.380952380952381,2.380952380952381,97.9000015258789
2026-03-16,99.44184875488281,98.88580331946171,-40.99413974956831,3.7698412698412698,3.7698412698412698,100.1500015258789
2026-03-17,96.73114013671875,100.78229222351511,-42.96980764005113,1.984126984126984,1.984126984126984,97.41999816894531
2026-03-18,92.03459167480469,95.5992031579112,-44.095182749200454,0.5952380952380952,0.5952380952380952,92.69000244140625
2026-03-19,90.8827896118164,91.56791304184259,-44.73679422118643,0.1984126984126984,0.1984126984126984,91.52999877929688
2026-03-20,88.42034149169922,90.50549113628611,-44.61852653535034,0.3968253968253968,0.3968253968253968,89.05000305175781
2026-03-23,88.4898452758789,91.5282059374523,-44.445295803455146,0.7936507936507936,0.7936507936507936,89.12000274658203
2026-03-24,88.4928207397461,86.42095489536717,-43.42421485502456,1.7857142857142856,1.7857142857142856,88.83999633789062
2026-03-25,90.9830551147461,90.3455567342296,-41.048176172783144,4.761904761904762,4.761904761904762,91.33999633789062
2026-03-26,90.00688934326172,90.26587543607529,-40.4626714017291,5.357142857142857,5.357142857142857,90.36000061035156
2026-03-27,85.45474243164062,90.00688303854434,-42.61186473696193,3.1746031746031744,3.1746031746031744,85.79000091552734
2026-03-30,86.30142211914062,87.16802501395271,-43.062259274542185,2.976190476190476,2.976190476190476,86.63999938964844
2026-03-31,91.212158203125,88.0047402525314,-37.36587062614097,8.333333333333332,8.333333333333332,91.56999969482422
2026-04-01,93.49320983886719,92.54692533587631,-30.318820950571812,16.26984126984127,16.26984126984127,93.86000061035156
2026-04-02,91.65043640136719,91.90941487610074,-28.31486850151579,19.444444444444446,19.444444444444446,92.01000213623047
2026-04-06,90.57466125488281,90.85356584634306,-28.306940638271318,19.642857142857142,19.642857142857142,90.93000030517578
2026-04-07,91.1922378540039,91.88949930756267,-27.01958020129594,21.626984126984127,21.626984126984127,91.55000305175781
2026-04-08,96.70063018798828,94.55903049148807,-14.423156598283404,36.7063492063492,36.7063492063492,97.08000183105469
2026-04-09,96.03324890136719,94.7781706504737,-7.218639682448163,43.25396825396825,43.25396825396825,96.41000366210938
2026-04-10,92.1883316040039,96.85004317411703,-11.34738334408653,39.682539682539684,39.682539682539684,92.55000305175781
2026-04-13,93.44339752197266,91.30180558542537,-10.022344776211014,41.269841269841265,41.269841269841265,93.80999755859375
2026-04-14,95.05707550048828,92.58676359031725,-4.2950625888704455,46.42857142857143,46.42857142857143,95.43000030517578
2026-04-15,93.0748519897461,95.15668091446453,-6.5383897031957074,44.44444444444444,44.44444444444444,93.44000244140625
2026-04-16,90.8834457397461,92.21821317402026,-11.01139848175406,39.285714285714285,39.285714285714285,91.23999786376953
2026-04-17,94.58890533447266,92.06879352593775,-1.8751232529647917,49.2063492063492,49.2063492063492,94.95999908447266
2026-04-20,92.208251953125,94.16059169607364,-4.19472735247128,46.230158730158735,46.230158730158735,92.56999969482422
2026-04-21,89.6980972290039,93.83187339126204,-12.536225449619714,36.7063492063492,36.7063492063492,90.05000305175781
2026-04-22,90.10649108886719,90.24594337588329,-15.596995480637304,34.12698412698413,34.12698412698413,90.45999908447266
2026-04-23,89.8873519897461,89.87739654010964,-18.027845630891292,30.555555555555557,30.555555555555557,90.23999786376953
2026-04-24,86.04243469238281,87.94497429165045,-28.960677740919138,16.46825396825397,16.46825396825397,86.37999725341797
2026-04-27,84.74752044677734,85.31529265825067,-36.361247564901305,8.134920634920634,8.134920634920634,85.08000183105469
2026-04-28,85.26548767089844,86.6898997686067,-38.73633736107507,5.952380952380952,5.952380952380952,85.5999984741211
2026-04-29,83.51235961914062,82.67564588687894,-39.58238166380787,4.761904761904762,4.761904761904762,83.83999633789062
2026-04-30,88.70201110839844,84.92682085810107,-28.249748623390147,17.857142857142858,17.857142857142858,89.05000305175781
2026-05-01,87.48677825927734,89.6283779727043,-24.564926720307906,23.015873015873016,23.015873015873016,87.83000183105469
2026-05-04,86.6102066040039,86.19184973842161,-24.877678611109673,22.61904761904762,22.61904761904762,86.94999694824219
2026-05-05,87.53657531738281,87.49673071947362,-22.2073474795575,25.793650793650798,25.793650793650798,87.87999725341797
2026-05-06,87.80552673339844,87.52662214037183,-20.12504089905184,27.976190476190478,27.976190476190478,88.1500015258789
2026-05-07,86.55044555664062,87.48677460140448,-22.562754979433052,24.801587301587304,24.801587301587304,86.88999938964844
2026-05-08,84.35904693603516,86.56040968395348,-28.790585814900567,15.674603174603174,15.674603174603174,84.69000244140625
2026-05-11,83.28326416015625,84.53834238032135,-33.96458086862467,10.119047619047619,10.119047619047619,83.61000061035156
2026-05-12,88.13423919677734,84.19967053645055,-23.222181163071046,24.404761904761905,24.404761904761905,88.4800033569336
2026-05-13,89.80767059326172,87.65610793257295,-10.714128229479467,39.48412698412698,39.48412698412698,90.16000366210938
2026-05-14,89.668212890625,90.14634047119353,-4.3697356410004735,46.230158730158735,46.230158730158735,90.0199966430664
2026-05-15,86.78950500488281,89.8773967036936,-10.645602599013078,39.88095238095239,39.88095238095239,87.12999725341797
2026-05-18,87.89517211914062,85.89303230257326,-9.580848536020428,41.269841269841265,41.269841269841265,88.23999786376953
2026-05-19,90.60453796386719,87.84536614622655,1.1135511823084268,53.17460317460318,53.17460317460318,90.95999908447266
2026-05-20,90.22602844238281,91.33169133282345,8.28500745411247,58.92857142857143,58.92857142857143,90.58000183105469
2026-05-21,92.06879425048828,89.15024405725636,19.20322039006962,73.01587301587301,73.01587301587301,92.43000030517578
2026-05-22,95.25628662109375,93.54301455975549,27.54032364627293,82.53968253968253,82.53968253968253,95.62999725341797
2026-05-26,92.97523498535156,95.82405906118605,24.744821912599996,79.36507936507937,79.36507936507937,93.33999633789062
2026-05-27,93.37367248535156,92.7361741414034,24.33146157149192,78.76984126984127,78.76984126984127,93.73999786376953
2026-05-28,96.96956634521484,93.83187464784473,30.596823874929672,87.89682539682539,87.89682539682539,97.3499984741211
2026-05-29,94.46937561035156,96.78031668788537,26.801046784707545,82.34126984126983,82.34126984126983,94.83999633789062
2026-06-01,91.15239715576172,92.72621701819736,13.765754705138278,66.07142857142857,66.07142857142857,91.51000213623047
2026-06-02,88.4928207397461,89.31957902741902,-1.1674513577973427,50.79365079365079,50.79365079365079,88.83999633789062
2026-06-03,90.415283203125,88.02466806749051,-3.7594696173403226,47.22222222222222,47.22222222222222,90.7699966430664
2026-06-04,98.68284606933594,95.09691595561962,15.903741130894078,68.65079365079364,68.65079365079364,99.06999969482422
2026-06-05,100.46585083007812,101.04358607782045,23.961015876937466,78.17460317460318,78.17460317460318,100.86000061035156
2026-06-08,99.76859283447266,100.68499578345426,26.84772427984836,82.53968253968253,82.53968253968253,100.16000366210938
2026-06-09,103.5138931274414,100.78460279798473,32.90851419411853,90.47619047619048,90.47619047619048,103.91999816894531
2026-06-10,100.04750061035156,104.50003385394102,29.783557359582787,86.30952380952381,86.30952380952381,100.44000244140625
2026-06-11,102.52776336669922,101.13323286312637,32.17796167417268,89.48412698412699,89.48412698412699,102.93000030517578
2026-06-12,101.95999145507812,104.06174646600861,32.239792293850265,89.48412698412699,89.48412698412699,102.36000061035156
2026-06-15,100.11722564697266,101.9500315830477,28.02829885443472,83.13492063492063,83.13492063492063,100.51000213623047
2026-06-16,100.16702270507812,101.2527670844578,25.897964228952446,79.96031746031747,79.96031746031747,100.55999755859375
2026-06-17,95.78422546386719,99.36019265965952,11.674482098041636,62.89682539682539,62.89682539682539,96.16000366210938
2026-06-18,93.09477233886719,96.51136875081424,-2.5648716555805278,48.41269841269841,48.41269841269841,93.45999908447266
2026-06-22,95.58499908447266,94.08089785285337,-3.99596807793422,46.42857142857143,46.42857142857143,95.95999908447266
2026-06-23,99.58999633789062,98.25,5.828802352949593,56.547619047619044,56.547619047619044,99.58999633789062
2026-06-24,101.7699966430664,101.0,16.464779160803417,68.84920634920636,68.84920634920636,101.7699966430664
2026-06-25,106.37000274658203,102.79000091552734,25.15396065961031,78.96825396825396,78.96825396825396,106.37000274658203
2026-06-26,115.77999877929688,107.72000122070312,33.435412069677014,90.47619047619048,90.47619047619048,115.77999877929688
2026-06-29,116.69000244140625,116.75,37.53277017090909,96.03174603174604,96.03174603174604,116.69000244140625
2026-06-30,112.16999816894531,117.4800033569336,35.01194324925873,92.85714285714286,92.85714285714286,112.16999816894531
2026-07-01,114.05000305175781,114.0199966430664,35.249800441779364,92.85714285714286,92.85714285714286,114.05000305175781
2026-07-02,122.88999938964844,115.9000015258789,38.842024930612986,97.61904761904762,97.61904761904762,122.88999938964844
2026-07-06,119.12999725341797,122.30999755859375,36.8435480527204,94.84126984126983,94.84126984126983,119.12999725341797
2026-07-07,124.30000305175781,124.5999984741211,37.99211403966834,96.23015873015873,96.23015873015873,124.30000305175781
2026-07-08,119.3499984741211,122.70999908447266,33.75734155184399,89.48412698412699,89.48412698412699,119.3499984741211
2026-07-09,119.19999694824219,118.4000015258789,31.214292129425015,86.70634920634922,86.70634920634922,119.19999694824219
2026-07-10,116.22000122070312,119.2699966430664,25.988033810823417,78.96825396825396,78.96825396825396,116.22000122070312
2026-07-13,117.2699966430664,116.55999755859375,24.20964571264557,75.79365079365078,75.79365079365078,117.2699966430664
2026-07-14,110.62000274658203,113.94999694824219,12.0912215560382,62.89682539682539,62.89682539682539,110.62000274658203
2026-07-15,110.80999755859375,108.55000305175781,5.824932460600146,55.35714285714286,55.35714285714286,110.80999755859375
2026-07-16,117.68000030517578,114.66000366210938,13.216073865668381,64.0873015873016,64.0873015873016,117.68000030517578
2026-07-17,116.02999877929688,116.94000244140625,14.014519080578733,64.68253968253968,64.68253968253968,116.02999877929688
2026-07-20,112.05999755859375,115.83999633789062,7.526170810918958,56.15079365079365,56.15079365079365,112.05999755859375
2026-07-21,114.12000274658203,108.98999786376953,6.648698765588019,55.952380952380956,55.952380952380956,114.12000274658203
2026-07-22,112.12999725341797,115.58999633789062,1.2238244119853394,51.98412698412699,51.98412698412699,112.12999725341797
2026-07-23,116.0999984741211,112.87000274658203,4.454078270418909,54.563492063492056,54.563492063492056,116.0999984741211
2026-07-24,118.80000305175781,118.5,10.390557786573376,61.50793650793651,61.50793650793651,118.80000305175781
2026-07-27,120.77999877929688,120.19999694824219,15.152359275943391,67.26190476190477,67.26190476190477,120.77999877929688
2026-07-28,129.3800048828125,125.69000244140625,25.12387419575789,77.57936507936508,77.57936507936508,129.3800048828125
2026-07-29,126.5199966430664,129.25999450683594,26.36152580572619,79.56349206349206,79.56349206349206,126.5199966430664
2026-07-30,120.5999984741211,120.38999938964844,15.870394703342486,67.46031746031747,67.46031746031747,120.5999984741211
2026-07-31,118.5199966430664,117.94999694824219,5.771232158152176,55.55555555555556,55.55555555555556,118.5199966430664
2026-08-03,117.9000015258789,121.19999694824219,-0.8540738115404382,50.0,50.0,117.9000015258789
2026-08-04,117.4800033569336,117.63999938964844,-5.04118908332627,44.24603174603175,44.24603174603175,117.4800033569336
2026-08-05,121.66999816894531,119.73999786376953,1.124338064911535,52.38095238095239,52.38095238095239,121.66999816894531
2026-08-06,122.2300033569336,126.05000305175781,5.462249418139214,56.15079365079365,56.15079365079365,122.2300033569336
2026-08-07,125.18000030517578,121.08000183105469,13.106597071169404,64.88095238095238,64.88095238095238,125.18000030517578
2026-08-10,131.19000244140625,125.0,25.40815309285333,78.17460317460318,78.17460317460318,131.19000244140625
2026-08-11,130.10000610351562,130.5,28.638524013725338,82.53968253968253,82.53968253968253,130.10000610351562
2026-08-12,131.07000732421875,127.30000305175781,31.321638527831468,86.90476190476191,86.90476190476191,131.07000732421875
2026-08-13,130.8800048828125,133.36000061035156,32.47951608173886,88.29365079365078,88.29365079365078,130.8800048828125
2026-08-14,128.6199951171875,129.5,29.158532242916724,82.93650793650794,82.93650793650794,128.6199951171875
2026-08-17,127.86000061035156,126.54000091552734,25.919991563371305,78.17460317460318,78.17460317460318,127.86000061035156
2026-08-18,133.72000122070312,130.83999633789062,31.48463972002119,86.70634920634922,86.70634920634922,133.72000122070312
2026-08-19,147.8699951171875,140.10000610351562,36.181195087471295,93.45238095238095,93.45238095238095,147.8699951171875
2026-08-20,140.0,144.0,31.331602689843013,86.30952380952381,86.30952380952381,140.0
2026-08-21,144.69000244140625,138.47999572753906,32.324640332045576,87.6984126984127,87.6984126984127,144.69000244140625
2026-08-24,144.9600067138672,144.7100067138672,33.02167354475271,88.88888888888889,88.88888888888889,144.9600067138672
2026-08-25,146.58999633789062,144.27999877929688,34.65943297058075,90.67460317460318,90.67460317460318,146.58999633789062
2026-08-26,142.35000610351562,144.72000122070312,30.54714976733922,84.52380952380952,84.52380952380952,142.35000610351562
2026-08-27,137.22999572753906,138.77999877929688,20.61504098416013,71.62698412698413,71.62698412698413,137.22999572753906
2026-08-28,136.19000244140625,136.4600067138672,13.136765316182744,63.888888888888886,63.888888888888886,136.19000244140625
2026-08-31,134.6199951171875,134.16000366210938,6.5010213071644785,56.15079365079365,56.15079365079365,134.6199951171875
2026-09-01,137.0500030517578,139.30999755859375,6.9701139538381405,56.547619047619044,56.547619047619044,137.0500030517578
2026-09-02,140.33999633789062,138.86000061035156,11.706104574898328,62.698412698412696,62.698412698412696,140.33999633789062
2026-09-03,141.14999389648438,142.67999267578125,15.115936395773028,67.26190476190477,67.26190476190477,141.14999389648438
2026-09-04,136.47999572753906,136.47000122070312,7.903649222009,57.53968253968254,57.53968253968254,136.47999572753906
2026-09-08,126.16000366210938,129.0500030517578,-14.975811596590313,33.33333333333333,33.33333333333333,126.16000366210938
2026-09-09,124.80000305175781,126.58000183105469,-27.935845213651582,18.253968253968253,18.253968253968253,124.80000305175781
2026-09-10,122.83999633789062,124.76000213623047,-34.873678858260945,9.325396825396826,9.325396825396826,122.83999633789062
2026-09-11,121.87999725341797,125.1500015258789,-38.60596654626329,6.547619047619048,6.547619047619048,121.87999725341797
2026-09-14,127.0,127.30000305175781,-34.20377838661246,10.119047619047619,10.119047619047619,127.0
2026-09-15,126.86000061035156,127.06999969482422,-32.003886427957795,12.103174603174603,12.103174603174603,126.86000061035156
2026-09-16,127.05000305175781,127.19999694824219,-30.447580548443266,14.285714285714285,14.285714285714285,127.05000305175781
2026-09-17,129.32000732421875,128.74000549316406,-26.665184640187135,20.634920634920633,20.634920634920633,129.32000732421875
2026-09-18,128.38999938964844,128.13999938964844,-25.23508100889839,23.015873015873016,23.015873015873016,128.38999938964844
2026-09-21,131.16000024319646,128.17998933454749,-19.92649631832718,29.166666666666668,29.166666666666668,131.16
2026-09-22,133.21994015179564,130.33301717985753,-12.832688056910339,36.904761904761905,36.904761904761905,132.9
2026-09-23,130.64376103312836,133.490594438251,-14.215582013981564,35.714285714285715,35.714285714285715,130.33
2026-09-24,132.98939072767914,130.70390303111324,-9.639933667982044,41.66666666666667,41.66666666666667,132.67
2026-09-25,134.8839401418199,133.3402394432888,-1.985890788761378,50.39682539682539,50.39682539682539,134.56
2026-09-28,136.05675680327892,133.2199438529122,4.76084557927255,56.547619047619044,56.547619047619044,135.73
2026-09-29,135.03430125226336,134.89396421584945,5.307670245733616,56.94444444444444,56.94444444444444,134.71
2026-09-30,129.8017346088307,132.91922163202526,-6.046379744408853,45.23809523809524,45.23809523809524,129.49
2026-10-01,124.33861426271804,128.8093512799038,-20.93094511437033,28.174603174603174,28.174603174603174,124.04
2026-10-02,124.3185661146589,125.18063648120146,-28.518112988720233,17.261904761904763,17.261904761904763,124.02
