date,close,open,without_long,without_long_rank,without_long_partial_rank,raw_close
2017-05-03,18.184589385986328,18.184589385986328,,,,24.6200008392334
2017-05-04,18.116640090942383,18.42537877027532,,,,24.527999877929688
2017-05-05,18.7208194732666,18.465259781990643,,,,25.34600067138672
2017-05-08,18.657304763793945,19.01922380500947,,,,25.260000228881836
2017-05-09,18.72008514404297,19.01183666906178,,,,25.344999313354492
2017-05-10,18.420949935913086,18.96013537026829,,,,24.940000534057617
2017-05-11,18.457876205444336,17.93346342724491,,,,24.989999771118164
2017-05-12,18.23629379272461,18.531737713450074,,,,24.690000534057617
2017-05-15,18.46526336669922,18.46526336669922,,,,25.0
2017-05-16,18.561279296875,18.723774491443066,,,,25.1299991607666
2017-05-17,17.57154083251953,18.081180957656557,,,,23.790000915527344
2017-05-18,17.47552490234375,17.00946127805058,,,,23.65999984741211
2017-05-19,18.248109817504883,17.72665128754528,,,,24.70599937438965
2017-05-22,18.742238998413086,19.68396698160047,,,,25.375
2017-05-23,18.98229217529297,18.871499462979934,,,,25.700000762939453
2017-05-24,19.40329933166504,19.440229295355007,,,,26.270000457763672
2017-05-25,19.949871063232422,19.79476211563953,,,,27.010000228881836
2017-05-26,19.920326232910156,19.94248505680356,,,,26.969999313354492
2017-05-30,19.586469650268555,19.80214374436238,,,,26.51799964904785
2017-05-31,20.016345977783203,19.824307067733585,,,,27.100000381469727
2017-06-01,20.23054313659668,20.28963192606454,,,,27.389999389648438
2017-06-02,20.68109893798828,20.688485213806416,,,,28.0
2017-06-05,20.038503646850586,20.777114198517275,,,,27.1299991607666
2017-06-06,19.536245346069336,19.68396657854771,,,,26.450000762939453
2017-06-07,19.469772338867188,19.469772338867188,,,,26.360000610351562
2017-06-08,19.920326232910156,19.2112607737753,,,,26.969999313354492
2017-06-09,19.95725440979004,20.149293293079825,,,,27.020000457763672
2017-06-12,19.610107421875,20.57030187848497,,,,26.549999237060547
2017-06-13,20.008960723876953,19.395913998859907,,,,27.09000015258789
2017-06-14,20.06066131591797,20.282243905149052,,,,27.15999984741211
2017-06-15,20.14116668701172,20.02372874710527,,,,27.268999099731445
2017-06-16,20.17144775390625,20.208379115744727,,,,27.309999465942383
2017-06-19,20.57768440246582,20.49643681473059,,,,27.860000610351562
2017-06-20,20.082820892333984,20.814045154794517,,,,27.190000534057617
2017-06-21,19.802146911621094,19.942483299671938,,,,26.809999465942383
2017-06-22,19.610107421875,19.765216353199087,,,,26.549999237060547
2017-06-23,19.543630599975586,19.35897799910452,,,,26.459999084472656
2017-06-26,19.432838439941406,19.81691617044451,,,,26.309999465942383
2017-06-27,19.026607513427734,19.395912780205165,,,,25.760000228881836
2017-06-28,19.926969528198242,19.0266035755725,,,,26.979000091552734
2017-06-29,19.405517578125,19.940270952020494,,,,26.273000717163086
2017-06-30,19.809539794921875,19.580570860288542,,,,26.81999969482422
2017-07-03,20.24679183959961,20.12713645203243,,,,27.41200065612793
2017-07-05,20.806665420532227,20.36349867734368,,,,28.170000076293945
2017-07-06,20.237930297851562,20.555533083448577,,,,27.399999618530273
2017-07-07,20.9359130859375,20.577687969026744,,,,28.344999313354492
2017-07-10,21.10210418701172,21.139035561532644,,,,28.56999969482422
2017-07-11,21.433000564575195,21.139034446351282,,,,29.01799964904785
2017-07-12,21.6782169342041,21.6782169342041,,,,29.350000381469727
2017-07-13,21.493572235107422,21.637601100110363,,,,29.100000381469727
2017-07-14,22.025365829467773,21.84809947091769,,,,29.81999969482422
2017-07-17,22.04752540588379,22.158316707664543,,,,29.850000381469727
2017-07-18,21.7520809173584,22.21001866220235,,,,29.450000762939453
2017-07-19,22.187862396240234,21.95224544199105,,,,30.040000915527344
2017-07-20,22.17308235168457,22.638406237765903,,,,30.020000457763672
2017-07-21,22.365127563476562,22.15831610599038,,,,30.280000686645508
2017-07-24,22.505460739135742,22.357739488928868,,,,30.469999313354492
2017-07-25,22.498071670532227,22.896921954998593,,,,30.459999084472656
2017-07-26,22.535005569458008,22.786133241523107,,,,30.510000228881836
2017-07-27,22.28018569946289,22.768406705987246,,,,30.165000915527344
2017-07-28,23.044649124145508,22.328935621243264,,,,31.200000762939453
2017-07-31,22.712268829345703,23.22191037802566,,,,30.75
2017-08-01,22.792781829833984,23.266231732573385,,,,30.858999252319336
2017-08-02,23.284692764282227,22.734428800806754,,,,31.524999618530273
2017-08-03,23.86450958251953,23.450886630767663,,,,32.310001373291016
2017-08-04,23.8792781829834,25.016736181404728,,,,32.33000183105469
2017-08-07,24.167339324951172,24.00484409407472,,,,32.720001220703125
2017-08-08,24.108240127563477,24.322437794214284,,,,32.63999938964844
2017-08-09,24.14518165588379,24.706527339855505,,,,32.689998626708984
2017-08-10,23.36963653564453,24.31505710502745,,,,31.639999389648438
2017-08-11,23.702009201049805,23.509970317038288,,,,32.09000015258789
2017-08-14,24.344602584838867,24.08609002432754,,,,32.959999084472656
2017-08-15,23.990076065063477,24.743459344405274,,,,32.47999954223633
2017-08-16,23.930978775024414,24.087562696646422,,,,32.400001525878906
2017-08-17,22.948627471923828,23.86450571019865,,,,31.06999969482422
2017-08-18,22.83783721923828,22.8969260041879,,,,30.920000076293945
2017-08-21,22.92720603942871,22.837833965557753,,,,31.041000366210938
2017-08-22,23.76848793029785,23.2293025622363,,,,32.18000030517578
2017-08-23,23.364465713500977,23.54690231693059,,,,31.632999420166016
2017-08-24,23.524744033813477,23.443496430325556,,,,31.850000381469727
2017-08-25,23.46565818786621,23.842348339488765,,,,31.770000457763672
2017-08-28,23.303159713745117,23.56167365943422,,,,31.549999237060547
2017-08-29,24.281824111938477,23.79064737383618,,,,32.875
2017-08-30,24.566181182861328,24.507093814753027,,,,33.2599983215332
2017-08-31,25.048498153686523,24.595730654698773,,,,33.91299819946289
2017-09-01,24.994579315185547,25.585467148892267,,,,33.84000015258789
2017-09-05,24.202049255371094,25.44513256622719,,,,32.766998291015625
2017-09-06,23.64291763305664,24.344598075645386,,,,32.0099983215332
2017-09-07,23.787691116333008,23.635536404026716,,,,32.20600128173828
2017-09-08,23.8201904296875,23.849735528144034,,,,32.25
2017-09-11,24.322439193725586,23.95313401655705,,,,32.93000030517578
2017-09-12,24.39630699157715,24.440624641496086,,,,33.029998779296875
2017-09-13,24.25596809387207,24.37414565708218,,,,32.84000015258789
2017-09-14,24.552888870239258,24.13778959678886,,,,33.242000579833984
2017-09-15,25.016738891601562,24.625276196217307,,,,33.869998931884766
2017-09-18,26.42009735107422,25.29002421216615,,,,35.77000045776367
2017-09-19,27.07007598876953,26.47180046863039,,,,36.650001525878906
2017-09-20,27.5501651763916,27.14393005205272,,,,37.29999923706055
2017-09-21,27.912092208862305,27.550171814564486,,,,37.790000915527344
2017-09-22,28.18537712097168,28.207534534782795,,,,38.15999984741211
2017-09-25,27.742210388183594,28.355255615810673,,,,37.560001373291016
2017-09-26,28.414339065551758,27.97117119620901,,,,38.470001220703125
2017-09-27,28.901830673217773,28.414347838728467,,,,39.130001068115234
2017-09-28,28.288789749145508,29.06433043441077,,,,38.29999923706055
2017-09-29,28.547286987304688,28.288771711996844,,,,38.650001525878906
2017-10-02,29.625667572021484,28.791036919052324,,,,40.11000061035156
2017-10-03,29.743846893310547,29.81770682055197,,,,40.27000045776367
2017-10-04,29.935880661010742,29.84724819586036,,,,40.529998779296875
2017-10-05,30.52602767944336,30.031898276362906,,,,41.32899856567383
2017-10-06,30.452917098999023,30.541549589060338,,,,41.22999954223633
2017-10-09,30.644943237304688,30.681873189573746,,,,41.4900016784668
2017-10-10,30.548933029174805,30.918238306959655,,,,41.36000061035156
2017-10-11,30.334728240966797,30.615400975766097,,,,41.06999969482422
2017-10-12,30.83698081970215,30.20916317555249,,,,41.75
2017-10-13,30.506834030151367,31.110277052327607,,,,41.303001403808594
2017-10-16,30.50461769104004,30.52677792533635,,,,41.29999923706055
2017-10-17,30.113157272338867,30.349512460691756,,,,40.77000045776367
2017-10-18,30.231325149536133,29.98019749043185,,,,40.93000030517578
2017-10-19,30.22393798828125,30.098375565352704,,,,40.91999816894531
2017-10-20,31.390945434570312,30.430752373027943,,,,42.5
2017-10-23,30.785280227661133,31.664225547371668,,,,41.68000030517578
2017-10-24,30.918237686157227,30.704039953124695,,,,41.86000061035156
2017-10-25,30.593244552612305,30.888689869937462,,,,41.41999816894531
2017-10-26,29.862022399902344,30.615405439420897,,,,40.43000030517578
2017-10-27,29.625667572021484,29.93588262923144,,,,40.11000061035156
2017-10-30,29.492719650268555,29.54442216364889,,,,39.93000030517578
2017-10-31,29.54442024230957,29.93588290889602,,,,40.0
2017-11-01,29.54442024230957,29.721688003496638,,,,40.0
2017-11-02,31.088117599487305,29.729074099383876,,,,42.09000015258789
2017-11-03,30.31996726989746,31.457428371534856,,,,41.04999923706055
2017-11-06,30.526779174804688,30.37166879868532,,,,41.33000183105469
2017-11-07,30.50461769104004,30.836993029725914,,,,41.29999923706055
2017-11-08,30.7705078125,30.86652794924327,,,,41.65999984741211
2017-11-09,29.40407943725586,30.54153724996349,,,,39.810001373291016
2017-11-10,28.879671096801758,29.359769076657855,,,,39.099998474121094
2017-11-13,28.451278686523438,28.879671339818174,,,,38.52000045776367
2017-11-14,28.53990936279297,28.310941910290293,,,,38.63999938964844
2017-11-15,28.037662506103516,28.25186029304031,,,,37.959999084472656
2017-11-16,28.73933219909668,28.309460380675116,,,,38.90999984741211
2017-11-17,28.222309112548828,28.650704594204875,,,,38.209999084472656
2017-11-20,29.005229949951172,28.104124385061386,,,,39.27000045776367
2017-11-21,29.921113967895508,29.322841189110473,,,,40.5099983215332
2017-11-22,29.559194564819336,30.275647700324328,,,,40.02000045776367
2017-11-24,29.729074478149414,29.655214550575568,,,,40.25
2017-11-27,29.83986473083496,29.69214207027134,,,,40.400001525878906
2017-11-28,30.977323532104492,29.913725420373922,,,,41.939998626708984
2017-11-29,30.947778701782227,31.161973588985383,,,,41.900001525878906
2017-11-30,32.151710510253906,31.021637475278517,,,,43.529998779296875
2017-12-01,30.652341842651367,31.597762568944965,,,,41.5
2017-12-04,30.696657180786133,32.03354054744355,,,,41.560001373291016
2017-12-05,29.97281837463379,30.65233874867407,,,,40.58000183105469
2017-12-06,30.63756561279297,29.972817801028544,,,,41.47999954223633
2017-12-07,31.398332595825195,30.977324816379014,,,,42.5099983215332
2017-12-08,31.479581832885742,31.760254639551825,,,,42.619998931884766
2017-12-11,30.814098358154297,31.597762032127296,,,,41.71900177001953
2017-12-12,31.215158462524414,30.873919073483,,,,42.262001037597656
2017-12-13,31.716777801513672,30.921985658666316,,,,42.29999923706055
2017-12-14,31.499332427978516,32.23414444306882,,,,42.0099983215332
2017-12-15,32.99818801879883,31.911721771213305,,,,44.00899887084961
2017-12-18,33.33635330200195,33.73375217937927,,,,44.459999084472656
2017-12-19,33.02055740356445,33.77818364633767,,,,44.02000045776367
2017-12-20,33.29059982299805,33.75567724154932,,,,44.380001068115234
2017-12-21,33.358116149902344,33.77068502619196,,,,44.470001220703125
2017-12-22,33.17808532714844,33.50813986325212,,,,44.22999954223633
2017-12-26,33.30560302734375,33.53064030560197,,,,44.400001525878906
2017-12-27,33.455631256103516,33.590654216685934,,,,44.599998474121094
2017-12-28,33.883201599121094,33.56814994522443,,,,45.16999816894531
2017-12-29,33.380619049072266,34.183253929871164,,,,44.5
2018-01-02,33.380619049072266,33.965716624588005,,,,44.5
2018-01-03,33.568145751953125,33.418119947241316,,,,44.75
2018-01-04,34.36328125,33.96571242977139,,,,45.810001373291016
2018-01-05,35.28593063354492,34.655824627177914,,,,47.040000915527344
2018-01-08,35.901039123535156,35.510973169913086,,,,47.86000061035156
2018-01-09,36.523643493652344,36.163583262553075,,,,48.689998626708984
2018-01-10,36.40363693237305,36.456145556726135,,,,48.529998779296875
2018-01-11,37.48379898071289,37.18374742134228,,,,49.970001220703125
2018-01-12,39.29911422729492,38.076407624646436,,,,52.38999938964844
2018-01-16,37.83636474609375,40.439303592852404,,,,50.439998626708984
2018-01-17,39.28411102294922,38.06890729571611,,,,52.369998931884766
2018-01-18,38.31644821166992,39.34412031898946,,,,51.08000183105469
2018-01-19,39.08157730102539,38.75152277423661,,,,52.099998474121094
2018-01-22,38.669010162353516,39.00656756938957,,,,51.54999923706055
2018-01-23,38.28643798828125,38.67650391545466,,,,51.040000915527344
2018-01-24,38.856536865234375,37.95638484650411,,,,51.79999923706055
2018-01-25,40.55182647705078,39.321617012104454,,,,54.060001373291016
2018-01-26,42.149593353271484,41.09191544529685,,,,56.189998626708984
2018-01-29,42.35963439941406,42.194605692579316,,,,56.470001220703125
2018-01-30,41.376953125,41.33194453150896,,,,55.15999984741211
2018-01-31,41.67701721191406,43.50732430782574,,,,55.560001373291016
2018-02-01,42.35963439941406,41.56449946644327,,,,56.470001220703125
2018-02-02,39.68918228149414,41.66201524490333,,,,52.90999984741211
2018-02-05,33.84569549560547,38.50398166864888,,,,45.119998931884766
2018-02-06,34.633323669433594,31.430287462553622,,,,46.16999816894531
2018-02-07,36.18608474731445,34.86586119339366,,,,48.2400016784668
2018-02-08,32.45795822143555,37.23626090260891,,,,43.27000045776367
2018-02-09,34.02572250366211,34.2057511765945,,,,45.36000061035156
2018-02-12,35.59348678588867,35.57848391934122,,,,47.45000076293945
2018-02-13,35.99855422973633,35.293433836330905,,,,47.9900016784668
2018-02-14,37.783851623535156,35.4884675422562,,,,50.369998931884766
2018-02-15,40.38679504394531,38.70651108350807,,,,53.84000015258789
2018-02-16,40.61933898925781,40.506818903258015,,,,54.150001525878906
2018-02-20,39.56165313720703,39.75668467087026,,,,52.7400016784668
2018-02-21,39.659175872802734,39.64417300372744,,,,52.869998931884766
2018-02-22,39.914215087890625,40.92688719185923,,,,53.209999084472656
2018-02-23,40.73185729980469,40.80687164630625,,,,54.29999923706055
2018-02-26,41.89680099487305,41.324454312515584,,,,55.85300064086914
2018-02-27,40.664329528808594,42.127075792316845,,,,54.209999084472656
2018-02-28,40.484310150146484,41.62450226740854,,,,53.970001220703125
2018-03-01,37.903873443603516,40.48430923095154,,,,50.529998779296875
2018-03-02,38.43646240234375,36.75617868893088,,,,51.2400016784668
2018-03-05,39.33662414550781,37.74635710972733,,,,52.439998626708984
2018-03-06,39.06658172607422,40.551831557387416,,,,52.08000183105469
2018-03-07,39.5466423034668,37.288761517086385,,,,52.720001220703125
2018-03-08,39.88420867919922,39.82420007118341,,,,53.16999816894531
2018-03-09,41.63950729370117,40.88188103270751,,,,55.5099983215332
2018-03-12,39.53914260864258,41.999557948677285,,,,52.709999084472656
2018-03-13,39.18659210205078,39.79419246408052,,,,52.2400016784668
2018-03-14,37.88887405395508,39.554155175435305,,,,50.5099983215332
2018-03-15,37.82135009765625,38.714001834823755,,,,50.41999816894531
2018-03-16,37.51381301879883,37.97889336047133,,,,50.0099983215332
2018-03-19,37.72384262084961,36.921207915002086,,,,50.290000915527344
2018-03-20,38.61649703979492,38.173922460376055,,,,51.47999954223633
2018-03-21,38.856536865234375,38.70651105186193,,,,51.79999923706055
2018-03-22,35.47346496582031,38.33144365683488,,,,47.290000915527344
2018-03-23,35.72850799560547,35.41345353635228,,,,47.630001068115234
2018-03-26,38.45896530151367,38.15141371648418,,,,51.27000045776367
2018-03-27,36.726173400878906,39.141580373794675,,,,48.959999084472656
2018-03-28,35.72850799560547,36.60615418491009,,,,47.630001068115234
2018-03-29,37.326271057128906,35.751007493852605,,,,49.7599983215332
2018-04-02,35.533470153808594,37.13123944002466,,,,47.369998931884766
2018-04-03,36.951210021972656,35.886032345168346,,,,49.2599983215332
2018-04-04,37.506309509277344,33.94321010589599,,,,50.0
2018-04-05,39.261600494384766,37.8813683451699,,,,52.34000015258789
2018-04-06,36.4111213684082,38.37645093772512,,,,48.540000915527344
2018-04-09,36.08856201171875,36.981210914005544,,,,48.11000061035156
2018-04-10,37.10948944091797,37.60382284699565,,,,49.47100067138672
2018-04-11,37.19875717163086,36.643662542488194,,,,49.59000015258789
2018-04-12,38.541481018066406,37.723843429173364,,,,51.380001068115234
2018-04-13,37.948883056640625,39.00656084193287,,,,50.59000015258789
2018-04-16,39.171592712402344,38.54148656367856,,,,52.220001220703125
2018-04-17,40.34177780151367,39.741677537560136,,,,53.779998779296875
2018-04-18,41.361961364746094,41.03190684171513,,,,55.13999938964844
2018-04-19,41.61699295043945,40.89687262851134,,,,55.47999954223633
2018-04-20,40.93438720703125,41.601999078638904,,,,54.56999969482422
2018-04-23,41.02139663696289,41.039398358567226,,,,54.68600082397461
2018-04-24,38.19642639160156,41.74452599002864,,,,50.91999816894531
2018-04-25,37.108741760253906,38.023893722463775,,,,49.470001220703125
2018-04-26,36.98121643066406,37.296270882971605,,,,49.29999923706055
2018-04-27,35.44346618652344,36.756187156394674,,,,47.25
2018-04-30,33.86819839477539,35.435962235766304,,,,45.150001525878906
2018-05-01,31.985376358032227,33.75567440699528,,,,42.63999938964844
2018-05-02,31.460298538208008,31.692838740171172,-21.524862009694704,,,41.939998626708984
2018-05-03,31.527807235717773,30.770180937489506,-30.81125145562011,,,42.029998779296875
2018-05-04,32.59298324584961,30.860190731797875,-33.348476208537335,,,43.45000076293945
2018-05-07,33.958213806152344,32.63799007659527,-31.25439569906608,,,45.27000045776367
2018-05-08,35.4809684753418,34.130741895723915,-25.678428512737295,,,47.29999923706055
2018-05-09,36.5611457824707,36.00605123355832,-18.583645294577956,,,48.7400016784668
2018-05-10,36.681182861328125,36.75619435827355,-14.114539693992834,,,48.900001525878906
2018-05-11,36.906211853027344,37.12374915099597,-10.70944637414979,,,49.20000076293945
2018-05-14,36.261104583740234,37.01123086568645,-11.994529737999205,,,48.34000015258789
2018-05-15,35.69100570678711,35.82602578920916,-14.911311208950199,,,47.58000183105469
2018-05-16,35.70600128173828,35.398449694627026,-16.34228481609526,,,47.599998474121094
2018-05-17,36.448631286621094,35.74351370589968,-13.742163170458923,,,48.59000015258789
2018-05-18,37.236263275146484,36.07356826352047,-8.392468141015849,,,49.63999938964844
2018-05-21,38.924041748046875,38.07639847828362,2.030212368461549,,,51.88999938964844
2018-05-22,37.281272888183594,38.9990625810487,-0.6707328001579488,,,49.70000076293945
2018-05-23,38.188926696777344,36.94371725502746,7.938457928536346,,,50.90999984741211
2018-05-24,38.91655349731445,37.67134394570844,16.06089441020101,,,51.880001068115234
2018-05-25,38.3764533996582,38.99905947249056,17.133510979954607,,,51.15999984741211
2018-05-29,36.94371032714844,37.506304900658314,9.542096237062188,,,49.25
2018-05-30,38.45896530151367,37.288767561118924,13.780672946174658,,,51.27000045776367
2018-05-31,37.05622863769531,37.89636902660106,8.137043205206584,,,49.400001525878906
2018-06-01,38.061397552490234,37.82135458064977,10.725180807694354,,,50.7400016784668
2018-06-04,38.50397491455078,38.533977784452965,14.256192289425703,,,51.33000183105469
2018-06-05,38.5272331237793,38.856537918775075,15.784593711866144,,,51.361000061035156
2018-06-06,39.56916046142578,38.286445235598485,21.349190991030106,,,52.75
2018-06-07,39.5466423034668,39.64415661989922,22.312430060277645,,,52.720001220703125
2018-06-08,40.39429473876953,38.774022260693364,26.172251136493475,,,53.849998474121094
2018-06-11,39.9442253112793,40.4993200300662,23.881853942833473,,,53.25
2018-06-12,38.77402114868164,39.77169033992153,12.632085007805824,,,51.689998626708984
2018-06-13,38.15142059326172,38.458972233727266,1.3935494978089233,,,50.86000061035156
2018-06-14,37.266265869140625,38.16641778540811,-11.125387307447149,,,49.68000030517578
2018-06-15,36.78618621826172,36.43362602036578,-21.01470358421793,,,49.040000915527344
2018-06-18,36.906211853027344,36.03606552265739,-26.47115303567558,,,49.20000076293945
2018-06-19,34.32943344116211,35.77266932789303,-35.22598166877693,,,45.66999816894531
2018-06-20,34.772918701171875,34.64513373094779,-37.799565340306636,,,46.2599983215332
2018-06-21,33.6679573059082,34.50232775455655,-40.34271643336457,,,44.790000915527344
2018-06-22,34.013729095458984,34.11896448359228,-40.40335433421908,,,45.25
2018-06-25,33.02901077270508,33.502572737109546,-41.72736754638681,,,43.939998626708984
2018-06-26,33.419883728027344,32.983908319383644,-41.06512215749479,,,44.459999084472656
2018-06-27,32.74338150024414,33.99117779456403,-42.73935812971204,,,43.560001373291016
2018-06-28,33.2214469909668,32.45021797217414,-40.4824181121661,,,44.19599914550781
2018-06-29,33.44996643066406,33.269560855652436,-38.35678800230392,,,44.5
2018-07-02,33.652915954589844,32.54042322065078,-36.49535510750771,,,44.77000045776367
2018-07-03,33.713050842285156,33.998691773508014,-35.27586093673008,,,44.849998474121094
2018-07-05,33.85211181640625,33.78821932120008,-33.906254021793515,,,45.03499984741211
2018-07-06,34.03627395629883,33.32217596028026,-32.40578962290627,,,45.279998779296875
2018-07-09,35.765159606933594,34.37454118351025,-22.130914797723054,,,47.58000183105469
2018-07-10,36.16203308105469,35.85534514591182,-13.823378264812245,,,48.108001708984375
2018-07-11,34.57748794555664,35.32917246611222,-18.481539359936438,,,46.0
2018-07-12,36.381526947021484,35.23144783860146,-7.900901012200033,,,48.400001525878906
2018-07-13,37.3361701965332,36.38153334204266,3.9861271521967176,,,49.66999816894531
2018-07-16,37.68195343017578,37.58423361987825,14.294072657767543,,,50.130001068115234
2018-07-17,38.328392028808594,37.31361628332219,22.4141147051321,,,50.9900016784668
2018-07-18,39.102630615234375,38.3359120305299,27.81794583214412,,,52.02000045776367
2018-07-19,38.77189254760742,38.80947620363604,28.723225768642823,,,51.58000183105469
2018-07-20,38.89967727661133,38.28329614626192,29.252903189427244,,,51.75
2018-07-23,37.64435958862305,39.050008742943945,21.51845361271206,,,50.08000183105469
2018-07-24,38.44115447998047,38.32840349726646,22.21177286886168,,,51.13999938964844
2018-07-25,38.516319274902344,37.824767967822424,23.052021273780923,,,51.2400016784668
2018-07-26,39.71149444580078,38.862090137928334,27.4236846602625,,,52.83000183105469
2018-07-27,39.230411529541016,39.71149199988726,26.32480215081066,,,52.189998626708984
2018-07-30,37.561668395996094,39.14772285477682,14.518648370201351,,,49.970001220703125
2018-07-31,40.4180793762207,38.072824337926676,22.87976449564408,,,53.77000045776367
2018-08-01,39.779151916503906,40.177546747042776,23.14289541103647,,,52.91999816894531
2018-08-02,39.606258392333984,38.899675938961074,21.553751787652256,,,52.689998626708984
2018-08-03,39.110137939453125,39.7866550382167,17.71033754614181,,,52.029998779296875
2018-08-06,39.05752182006836,39.01242258998337,14.258641107668717,,,51.959999084472656
2018-08-07,39.46343994140625,39.08008207222447,15.29551932718264,,,52.5
2018-08-08,39.26048278808594,38.95981069555756,14.320805014788816,,,52.22999954223633
2018-08-09,39.132694244384766,39.0875921442445,11.805515961307254,,,52.060001373291016
2018-08-10,38.62155532836914,38.170542850498116,2.9050546078949444,,,51.380001068115234
2018-08-13,38.50128173828125,38.55389942488395,-3.363263370160082,,,51.220001220703125
2018-08-14,39.410823822021484,38.614037113444084,2.9507902666497694,,,52.43000030517578
2018-08-15,37.945037841796875,38.57645301347084,-8.692756740845772,,,50.47999954223633
2018-08-16,39.478477478027344,39.05753304903951,-0.2999276818853196,,,52.52000045776367
2018-08-17,40.12491989135742,39.162761770018925,9.936837872058993,,,53.380001068115234
2018-08-20,40.78639602661133,40.21511711985708,19.143162308748206,,,54.2599983215332
2018-08-21,41.77862548828125,41.11714233169863,27.395207152790167,,,55.58000183105469
2018-08-22,40.71123123168945,41.5305674277678,23.369893688665677,,,54.15999984741211
2018-08-23,39.93699264526367,40.455653844701445,12.682596506876747,,,53.130001068115234
2018-08-24,40.718753814697266,39.91445151401294,14.26364011773641,,,54.16999816894531
2018-08-27,41.71548843383789,41.342654078311966,22.23527964311772,,,55.49599838256836
2018-08-28,41.906410217285156,42.09433133933576,25.658197795324877,,,55.75
2018-08-29,41.82447814941406,41.95903032287376,26.758085791235548,,,55.64099884033203
2018-08-30,40.77812576293945,41.147203637029286,17.63810658338236,,,54.249000549316406
2018-08-31,41.15472412109375,40.763847858406876,16.29286281438975,,,54.75
2018-09-04,41.10962677001953,41.05700908121905,15.200815107003192,,,54.689998626708984
2018-09-05,41.48546600341797,40.60599652580228,17.72203534270206,,,55.189998626708984
2018-09-06,42.82346725463867,41.62077032372022,25.665203954361598,,,56.970001220703125
2018-09-07,42.312320709228516,42.733262189246645,25.910917710246206,,,56.290000915527344
2018-09-10,42.31983947753906,42.94373902873436,26.071143500085505,,,56.29999923706055
2018-09-11,42.35892868041992,41.95903137555168,26.39190330671697,,,56.35200119018555
2018-09-12,42.88360595703125,42.08306288843645,29.967095553303174,,,57.04999923706055
2018-09-13,43.748050689697266,43.0339496418019,31.8896020599463,,,58.20000076293945
2018-09-14,45.634769439697266,44.21408606482576,36.104644417849194,,,60.709999084472656
2018-09-17,45.63928985595703,45.55209357834477,37.63612136311839,,,60.715999603271484
2018-09-18,47.363643646240234,46.09329775113925,39.65193059384503,,,63.0099983215332
2018-09-19,46.191009521484375,47.491423261687224,34.19818613086054,,,61.45000076293945
2018-09-20,45.078514099121094,46.747251506651764,25.42690654947982,,,59.970001220703125
2018-09-21,46.22858428955078,46.191000648170835,25.738992827609298,,,61.5
2018-09-24,44.73274230957031,45.92040516876492,16.42118402156641,,,59.5099983215332
2018-09-25,46.146915435791016,45.19760872570071,19.316988607606998,,,61.25
2018-09-26,45.53663635253906,46.14690668375496,17.15957533713814,,,60.439998626708984
2018-09-27,46.2975959777832,45.77773505248966,19.836385953450563,,,61.45000076293945
2018-09-28,47.10375213623047,46.335264478048195,25.031228651365577,,,62.52000045776367
2018-10-01,47.48799514770508,47.88730914261716,28.438219290374818,,,63.029998779296875
2018-10-02,47.35238265991211,47.55580613333735,29.33377692497156,,,62.849998474121094
2018-10-03,47.729087829589844,48.030456549723965,31.376556273656124,,,63.349998474121094
2018-10-04,47.156494140625,47.52567070594189,28.483497775624805,,,62.59000015258789
2018-10-05,46.0565071105957,47.39759209346999,18.110460138943125,,,61.130001068115234
2018-10-08,46.25993347167969,45.7325395316314,14.126747012320678,,,61.400001525878906
2018-10-09,44.32740783691406,45.92089034623729,-1.9480765873733172,,,58.834999084472656
2018-10-10,40.00654602050781,44.4366503536903,-23.996087073987532,,,53.099998474121094
2018-10-11,36.86479187011719,39.55449746801712,-34.70471954344825,,,48.93000030517578
2018-10-12,37.35451889038086,38.424372590808716,-37.89363487081229,,,49.58000183105469
2018-10-15,38.92916488647461,37.866844033078486,-35.94919579082176,,,51.66999816894531
2018-10-16,41.52092361450195,39.381213433141035,-27.93201324519891,,,55.11000061035156
2018-10-17,40.27778244018555,41.309968626386116,-26.591378180606217,,,53.459999084472656
2018-10-18,38.31889343261719,39.539431491738085,-30.680060890709658,,,50.86000061035156
2018-10-19,37.67094802856445,38.3188887945062,-34.32969226352098,,,50.0
2018-10-22,37.48258972167969,37.57299918360685,-36.69158080593737,,,49.75
2018-10-23,36.71410369873047,36.05109424309168,-38.983328429562434,,,48.72999954223633
2018-10-24,32.91687774658203,37.51273574398086,-42.409189586919005,,,43.689998626708984
2018-10-25,32.788795471191406,33.46687085184575,-43.82422266966674,,,43.52000045776367
2018-10-26,32.359336853027344,32.39700721683867,-43.16418614470454,,,42.95000076293945
2018-10-29,28.599781036376953,33.353855376941915,-43.51635447501964,,,37.959999084472656
2018-10-30,30.581274032592773,28.471701634521718,-41.38434532247751,,4.761904761904762,40.59000015258789
2018-10-31,31.786745071411133,31.764143422181412,-38.652530422971154,,9.448818897637794,42.189998626708984
2018-11-01,34.03946304321289,32.826458264429526,-32.464258487118386,,19.53125,45.18000030517578
2018-11-02,33.95584487915039,34.46139016513949,-29.249387803108167,,23.25581395348837,45.069000244140625
2018-11-05,34.53371810913086,34.23536420288683,-25.388385211383223,,26.923076923076923,45.83599853515625
2018-11-06,35.689453125,34.65727001832295,-20.5959826209704,,30.53435114503817,47.369998931884766
2018-11-07,36.751773834228516,36.20177836996568,-13.672113696156174,,36.36363636363637,48.779998779296875
2018-11-08,36.39767837524414,36.699044295934684,-7.874725716722067,,41.35338345864661,48.310001373291016
2018-11-09,36.48808670043945,35.78740671793153,-4.625898690560134,,41.7910447761194,48.43000030517578
2018-11-12,33.361392974853516,36.533289203770046,-12.25582593223638,,36.2962962962963,44.279998779296875
2018-11-13,33.06755065917969,33.43672713562333,-17.07344925529214,,31.61764705882353,43.88999938964844
2018-11-14,32.291542053222656,33.06002985553563,-21.284270020527096,,28.467153284671532,42.86000061035156
2018-11-15,33.2935791015625,31.64359279749913,-19.198450752760408,,30.434782608695656,44.189998626708984
2018-11-16,32.894283294677734,33.29359456478664,-17.98968429056601,,32.37410071942446,43.65999984741211
2018-11-19,30.264846801757812,32.540173049248544,-24.67268548614607,,25.71428571428571,40.16999816894531
2018-11-20,28.8258056640625,28.855943109644322,-31.51491621881965,,19.148936170212767,38.2599983215332
2018-11-21,29.23642349243164,29.7449807246587,-33.94028304226654,,16.19718309859155,38.80500030517578
2018-11-23,29.74498176574707,29.232656615983142,-33.12682141386299,,18.181818181818183,39.47999954223633
2018-11-26,30.249773025512695,30.43812776944723,-30.646150229752838,,22.916666666666664,40.150001525878906
2018-11-27,28.848419189453125,29.323071172222747,-33.77810159511556,,17.24137931034483,38.290000915527344
2018-11-28,30.935382843017578,29.760048256940756,-27.764106314512834,,25.34246575342466,41.060001373291016
2018-11-29,31.048398971557617,30.634019060718398,-23.967866681069328,,29.931972789115648,41.209999084472656
2018-11-30,31.379905700683594,30.841210945768843,-20.90232638826176,,33.108108108108105,41.650001525878906
2018-12-03,32.14085388183594,33.150435439735965,-15.787083363614329,,38.25503355704698,42.65999984741211
2018-12-04,28.298419952392578,31.651132354521785,-27.089692352472067,,25.333333333333336,37.560001373291016
2018-12-06,27.771028518676758,27.45459100178851,-29.89268054390194,,23.178807947019866,36.86000061035156
2018-12-07,26.618297576904297,27.575137282955396,-34.33526193860727,,14.473684210526317,35.33000183105469
2018-12-10,27.801164627075195,27.01760811029275,-32.45195806247032,,19.607843137254903,36.900001525878906
2018-12-11,27.34911346435547,28.788143867707216,-32.71842629318597,,18.83116883116883,36.29999923706055
2018-12-12,28.26828384399414,28.403899506484404,-29.498803647405097,,25.161290322580644,37.52000045776367
2018-12-13,27.725814819335938,28.80320407137073,-28.07381497308562,,26.282051282051285,36.79999923706055
2018-12-14,26.91966438293457,26.784048713574432,-30.17422947631005,,24.203821656050955,35.72999954223633
2018-12-17,25.382680892944336,26.535413727369033,-36.24208095153227,,11.39240506329114,33.689998626708984
2018-12-18,25.940216064453125,26.01555681385262,-37.0888245331888,,10.062893081761008,34.43000030517578
2018-12-19,24.08680534362793,25.940216864046064,-39.73815136646906,,6.875000000000001,31.969999313354492
2018-12-20,22.007368087768555,23.792971732825,-41.27639926809419,,4.3478260869565215,29.209999084472656
2018-12-21,20.357379913330078,21.849149055693026,-43.62154132831957,,0.6172839506172839,27.020000457763672
2018-12-24,18.579313278198242,19.460813606157988,-44.859819192703604,,0.0,24.65999984741211
2018-12-26,20.621076583862305,19.12930602207545,-41.32606146943227,,5.487804878048781,27.3700008392334
2018-12-27,21.564029693603516,19.516428432822355,-37.01841743635556,,13.333333333333334,28.540000915527344
2018-12-28,21.64715003967285,22.244052956866557,-34.48299214290775,,18.072289156626507,28.649999618530273
2018-12-31,22.4102725982666,22.100488094118845,-30.277188799824412,,28.143712574850298,29.65999984741211
2019-01-02,22.727611541748047,21.035129999836336,-27.1404549827959,,32.73809523809524,30.079999923706055
2019-01-03,20.528894424438477,22.636939876126284,-31.157248428134675,,26.035502958579883,27.170000076293945
2019-01-04,22.659610748291016,21.186245781151055,-25.802146355485995,,35.294117647058826,29.989999771118164
2019-01-07,23.150737762451172,22.7351735209245,-19.200928870631156,,42.10526315789473,30.639999389648438
2019-01-08,24.291645050048828,24.140530048105408,-11.337665546599682,,50.58139534883721,32.150001525878906
2019-01-09,24.72232437133789,24.654322755117292,-5.0856964058378615,,54.33526011560693,32.720001220703125
2019-01-10,25.606334686279297,24.503200255120607,1.8747450008423865,,58.04597701149425,33.88999938964844
2019-01-11,25.810348510742188,25.689457063382157,6.332876730222013,,60.57142857142858,34.15999984741211
2019-01-14,25.749906539916992,25.462788245805882,9.308088250235478,,61.93181818181818,34.08000183105469
2019-01-15,25.908573150634766,25.74385664766828,14.327170364788353,,69.49152542372882,34.290000915527344
2019-01-16,25.712125778198242,26.346806658357,15.939961164829747,,71.91011235955057,34.029998779296875
2019-01-17,26.921043395996094,25.153003997568188,23.11711160781661,,83.79888268156425,35.630001068115234
2019-01-18,28.220624923706055,27.608613190799826,30.0640400511634,,96.66666666666667,37.349998474121094
2019-01-22,26.13524627685547,27.653945349350447,23.26252729190711,,83.97790055248619,34.59000015258789
2019-01-23,27.140151977539062,26.83036749154895,23.947205448206798,,85.16483516483517,35.91999816894531
2019-01-24,27.948627471923828,27.623731072982395,27.98753624309728,,92.89617486338798,36.9900016784668
2019-01-25,28.64374351501465,28.5455183167356,32.21640997123538,,97.82608695652173,37.90999984741211
2019-01-28,28.538715362548828,27.956169309093493,33.897964792032454,,97.83783783783784,37.770999908447266
2019-01-29,30.124662399291992,28.583297322683112,37.145989653969885,,98.9247311827957,39.869998931884766
2019-01-30,31.431806564331055,31.613145184748937,39.51907926327286,,99.46524064171123,41.599998474121094
2019-01-31,31.386476516723633,30.986021206093593,40.66567477354314,,100.0,41.540000915527344
2019-02-01,31.37891960144043,31.446921230026575,40.769487296842144,,100.0,41.529998779296875
2019-02-04,33.407623291015625,31.658474771883807,42.46323453079567,,100.0,44.21500015258789
2019-02-05,34.55231475830078,33.86474420346733,43.51230990918163,,100.0,45.72999954223633
2019-02-06,34.65053939819336,34.854544225379485,43.45681255956711,,99.47916666666666,45.86000061035156
2019-02-07,34.03852462768555,34.31053106162468,41.84153592267676,,98.44559585492227,45.04999923706055
2019-02-08,34.3785400390625,33.35096123826864,41.656142048726636,,97.9381443298969,45.5
2019-02-11,34.77143096923828,34.77898542259643,41.8997012834105,,98.46153846153847,46.02000045776367
2019-02-12,36.040802001953125,35.5119007756471,43.03557396822396,,98.9795918367347,47.70000076293945
2019-02-13,36.123905181884766,36.81903016970905,42.56847800271931,,98.47715736040608,47.810001373291016
2019-02-14,36.01057052612305,35.70078604294632,41.97977959773323,,97.47474747474747,47.65999984741211
2019-02-15,38.14884567260742,35.904795079430656,43.25986570246746,,98.99497487437185,50.4900016784668
2019-02-19,38.156394958496094,37.9675019141471,43.53130330880657,,100.0,50.5
2019-02-20,38.6777458190918,38.15640195866341,43.96134921073613,,100.0,51.189998626708984
2019-02-21,37.869266510009766,38.68528562499602,42.24381348772664,,96.03960396039604,50.119998931884766
2019-02-22,38.881744384765625,38.25462096296189,43.139856348261915,,97.53694581280789,51.459999084472656
2019-02-25,38.9278450012207,39.486211797903174,42.228776838548626,,95.09803921568627,51.520999908447266
2019-02-26,38.04305648803711,38.79107418254651,39.24741153415034,,90.73170731707317,50.349998474121094
2019-02-27,38.35284423828125,37.597272025781564,37.98020456643613,,90.29126213592234,50.7599983215332
2019-02-28,38.79862976074219,38.54929244352915,38.08814828613213,,90.33816425120773,51.349998474121094
2019-03-01,38.6777458190918,38.94219785906418,37.475649368116905,,88.9423076923077,51.189998626708984
2019-03-04,36.90971374511719,39.16132222617326,28.789416228827925,,83.25358851674642,48.849998474121094
2019-03-05,36.40347671508789,36.87193077356206,20.230359056911258,,67.14285714285714,48.18000030517578
2019-03-06,35.27010726928711,36.2523504621183,5.533261760488303,,50.23696682464455,46.68000030517578
2019-03-07,34.484317779541016,34.94521732323926,-7.088452283947473,,44.339622641509436,45.63999938964844
2019-03-08,34.15187072753906,33.26029512575584,-15.783074918775618,,37.558685446009385,45.20000076293945
2019-03-11,33.9327507019043,32.119376091827746,-17.756866302945102,,35.981308411214954,44.90999984741211
2019-03-12,32.76161193847656,33.29806752322611,-24.18576903316676,,29.767441860465116,43.36000061035156
2019-03-13,33.57007598876953,33.27540326637149,-23.247953244846578,,31.01851851851852,44.43000030517578
2019-03-14,32.776729583740234,33.71363769034382,-26.20130760773814,,27.64976958525346,43.380001068115234
2019-03-15,32.557613372802734,32.92784510042059,-28.815627135188436,,24.31192660550459,43.09000015258789
2019-03-18,33.29806900024414,32.38382726473229,-26.109694262934802,,28.31050228310502,44.06999969482422
2019-03-19,33.098304748535156,33.7112344470062,-25.469893853798226,,29.545454545454547,43.7400016784668
2019-03-20,32.68967056274414,32.76533994047711,-27.068553778136682,,26.69683257918552,43.20000076293945
2019-03-21,33.416114807128906,32.38699486396078,-23.901030655732235,,32.432432432432435,44.15999984741211
2019-03-22,31.036279678344727,32.68211377870155,-32.1153405721171,,18.83408071748879,41.01499938964844
2019-03-25,31.690828323364258,31.009792193470055,-32.718661719631385,,16.964285714285715,41.880001068115234
2019-03-26,31.80433464050293,32.53833997766546,-32.21014924322945,,19.11111111111111,42.029998779296875
2019-03-27,31.864871978759766,31.940541381033693,-31.55518715525469,,19.911504424778762,42.11000061035156
2019-03-28,32.5232048034668,32.18268672225058,-27.676440674344978,,26.87224669603524,42.97999954223633
2019-03-29,33.57502365112305,32.99992871683053,-20.108752008900417,,37.280701754385966,44.369998931884766
2019-04-01,35.90946578979492,34.17282492920615,-3.140470855029973,,49.78165938864629,47.45500183105469
2019-04-02,35.14897155761719,35.82243900044248,5.863180947256712,,54.347826086956516,46.45000076293945
2019-04-03,33.92310333251953,35.43651408188159,1.9759535103818808,,51.94805194805194,44.83000183105469
2019-04-04,35.23977279663086,34.02904522367685,12.348026632039321,,58.189655172413794,46.56999969482422
2019-04-05,35.92837905883789,35.784606043950085,22.44427706678115,,73.39055793991416,47.47999954223633
2019-04-08,34.861427307128906,34.5057747458452,19.468363991748593,,69.23076923076923,46.06999969482422
2019-04-09,33.431251525878906,34.22579177833879,7.971782922677689,,54.8936170212766,44.18000030517578
2019-04-10,33.18153381347656,33.673393525227546,0.14034778823053554,,50.0,43.849998474121094
2019-04-11,34.513336181640625,33.43881293708426,5.177063154870764,,53.16455696202531,45.61000061035156
2019-04-12,36.16295623779297,35.42895098516918,18.584432917285913,,68.4873949579832,47.790000915527344
2019-04-15,35.28517532348633,36.24619157453979,18.70429602813918,,68.6192468619247,46.630001068115234
2019-04-16,36.072147369384766,35.79216716149466,23.98748909629742,,77.5,47.66999816894531
2019-04-17,35.51975631713867,36.48077268062771,20.91959162209354,,70.53941908713693,46.939998626708984
2019-04-18,36.36726760864258,35.71650041250112,24.996129093695394,,77.68595041322314,48.060001373291016
2019-04-22,36.026756286621094,35.875414580021925,24.57087229073675,,77.36625514403292,47.61000061035156
2019-04-23,38.16066360473633,37.26775076660815,30.26527477287121,,87.29508196721312,50.43000030517578
2019-04-24,37.721763610839844,38.78115234164262,30.170192207529485,,86.93877551020408,49.849998474121094
2019-04-25,37.63096618652344,37.192078474021855,29.62152868792243,,85.77235772357723,49.72999954223633
2019-04-26,38.03958511352539,37.903377895167644,31.12362404368549,,87.4493927125506,50.27000045776367
2019-04-29,38.213619232177734,37.9033701617964,31.933113355928374,,88.30645161290323,50.5
2019-04-30,38.56170654296875,38.19848829687352,34.151787100700226,,89.1566265060241,50.959999084472656
2019-05-01,38.71305847167969,39.000607408605454,31.99288794625709,,88.0,51.15999984741211
2019-05-02,38.06228256225586,38.417935038167364,26.46159768612077,,79.6812749003984,50.29999923706055
2019-05-03,39.303287506103516,38.57685082877903,30.053676203194314,,84.92063492063492,51.939998626708984
2019-05-06,38.85683822631836,36.88183868837175,29.04396412175884,,83.00395256916995,51.349998474121094
2019-05-07,36.1553840637207,37.50988745904823,11.839215001760099,,54.330708661417326,47.779998779296875
2019-05-08,36.99533462524414,35.90567965040136,6.462395633833516,,50.98039215686274,48.88999938964844
2019-05-09,36.94993591308594,35.94351607735078,3.204772048258784,,48.828125,48.83000183105469
2019-05-10,37.396392822265625,36.09486103287977,3.295775805673054,,49.0272373540856,49.41999816894531
2019-05-13,34.14254379272461,34.95221826753763,-14.120160019138705,,37.5968992248062,45.119998931884766
2019-05-14,35.11870193481445,34.77818388447899,-17.970772410952836,,35.13513513513514,46.40999984741211
2019-05-15,35.30485153198242,34.3090285188363,-18.91683060333838,,33.84615384615385,46.65599822998047
2019-05-16,36.88182067871094,35.92837030442062,-11.094292095535048,,41.37931034482759,48.7400016784668
2019-05-17,36.004051208496094,36.329431937097866,-11.53864350231106,,40.458015267175576,47.58000183105469
2019-05-20,36.072147369384766,35.663528620729714,-11.441128441058055,,40.68441064638783,47.66999816894531
2019-05-21,37.72933578491211,36.73805056456393,-2.2843182608842127,,45.83333333333333,49.86000061035156
2019-05-22,37.08613967895508,37.52503030652511,-1.0622667322033263,,46.41509433962264,49.0099983215332
2019-05-23,35.307884216308594,35.671102568571435,-9.988932934656164,,42.10526315789473,46.65999984741211
2019-05-24,35.77703094482422,35.784599615439085,-12.035532261922194,,39.325842696629216,47.279998779296875
2019-05-28,35.4592170715332,36.02674614659205,-14.760083608210827,,36.940298507462686,46.86000061035156
2019-05-29,35.13383483886719,34.76304789230537,-18.00956717341354,,33.82899628252788,46.43000030517578
2019-05-30,35.16410446166992,35.37598107164834,-19.5218032279065,,31.851851851851855,46.470001220703125
2019-05-31,33.885276794433594,34.05175295481449,-26.43019892434102,,24.723247232472325,44.779998779296875
2019-06-03,34.40740966796875,33.73394204576132,-26.60722519602718,,23.897058823529413,45.470001220703125
2019-06-04,36.54887390136719,35.512188207839394,-12.910569221812088,,39.92673992673993,48.29999923706055
2019-06-05,38.16066360473633,36.95750158635025,9.259237913124284,,55.47445255474452,50.43000030517578
2019-06-06,38.40280532836914,38.38767087150261,19.869247180835448,,69.0909090909091,50.75
2019-06-07,39.12924575805664,38.85683128107154,26.798208034486564,,81.15942028985508,51.709999084472656
2019-06-10,38.43307113647461,40.1583586674107,22.3029285243619,,71.48014440433214,50.790000915527344
2019-06-11,35.761898040771484,38.947630156273235,5.148259730417919,,51.798561151079134,47.2599983215332
2019-06-12,36.01162338256836,35.56516691645091,-2.622876033021178,,46.236559139784944,47.59000015258789
2019-06-13,36.99457550048828,36.60184458013352,-1.8632125468453122,,47.14285714285714,48.888999938964844
2019-06-14,36.42780685424805,36.594283008736646,-4.246366142401567,,45.195729537366546,48.13999938964844
2019-06-17,36.51104736328125,36.72292402012206,-5.203874414999551,,44.32624113475177,48.25
2019-06-18,39.09897232055664,37.22234300193651,8.883939904911248,,55.47703180212014,51.66999816894531
2019-06-19,39.303287506103516,39.386525583284964,17.252830189724744,,65.49295774647888,51.939998626708984
2019-06-20,41.459896087646484,40.309703352128615,28.4941925177097,,83.85964912280703,54.790000915527344
2019-06-21,40.559410095214844,41.391787804318696,29.280487591136634,,85.3146853146853,53.599998474121094
2019-06-24,40.89992904663086,40.7864249609494,31.319068488253226,,88.15331010452961,54.04999923706055
2019-06-25,39.97367858886719,40.93553139827408,26.918729890562222,,80.90277777777779,52.779998779296875
2019-06-26,39.9130973815918,40.18574897951168,23.90483899347438,,74.74048442906575,52.70000076293945
2019-06-27,39.390499114990234,39.29204387828642,19.012627356419916,,66.55172413793103,52.0099983215332
2019-06-28,40.284202575683594,39.761622294184384,21.432517009231212,,69.41580756013745,53.189998626708984
2019-07-01,39.31476974487305,41.5414191264771,15.813478518363189,,61.64383561643836,51.90999984741211
2019-07-02,39.943389892578125,39.23904094286962,14.841090943140117,,60.40955631399317,52.7400016784668
2019-07-03,40.4508056640625,40.443233296295006,17.59510548214429,,64.28571428571429,53.40999984741211
2019-07-05,40.44324493408203,40.049415247223706,18.931697237030136,,66.44067796610169,53.400001525878906
2019-07-08,39.2011604309082,39.74646345019928,10.897785256902365,,55.067567567567565,51.7599983215332
2019-07-09,39.85248947143555,38.72401882560367,10.28112458293947,,54.54545454545454,52.619998931884766
2019-07-10,39.742679595947266,40.5114065766458,9.2274179492538,,53.02013422818792,52.474998474121094
2019-07-11,40.66288375854492,39.56243422184621,14.682021195210075,,60.200668896321076,53.689998626708984
2019-07-12,42.21546936035156,40.988537637124885,26.49843118115222,,80.66666666666666,55.7400016784668
2019-07-15,41.314212799072266,42.117019818613,25.687422535622655,,78.07308970099668,54.54999923706055
2019-07-16,41.639869689941406,41.4126610824061,27.466988231601995,,82.45033112582782,54.97999954223633
2019-07-17,40.647727966308594,41.67774355657502,18.900489342166864,,66.006600660066,53.66999816894531
2019-07-18,39.95095443725586,40.48110986069166,5.028051967430787,,48.68421052631579,52.75
2019-07-19,41.59443283081055,40.738613522300966,13.082077666980627,,56.393442622950815,54.91999816894531
2019-07-22,41.67017364501953,41.655026016138066,18.245390957895545,,65.359477124183,55.02000045776367
2019-07-23,42.412384033203125,42.404811664407525,24.44535382650333,,75.8957654723127,56.0
2019-07-24,42.86680603027344,41.95797144009695,27.757718895307352,,82.79220779220779,56.599998474121094
2019-07-25,42.510841369628906,42.6698871134006,26.098121518311384,,78.96440129449837,56.130001068115234
2019-07-26,41.86708450317383,42.45783043726524,19.277550112284768,,66.77419354838709,55.279998779296875
2019-07-29,41.26119613647461,41.75348396088079,10.451654624555598,,53.054662379421224,54.47999954223633
2019-07-30,41.45811080932617,40.74618672854582,7.262670146885583,,49.67948717948718,54.7400016784668
2019-07-31,40.640159606933594,41.67774766901799,-0.8696790958011257,,43.45047923322684,53.65999984741211
2019-08-01,38.769466400146484,40.42052033355534,-17.71261205482874,,31.210191082802545,51.189998626708984
2019-08-02,38.35291290283203,38.60284441224675,-24.41803936619282,,24.126984126984127,50.63999938964844
2019-08-05,35.72486114501953,36.59583096531586,-31.287150540537816,,14.873417721518987,47.16999816894531
2019-08-06,38.48925018310547,37.11084750683786,-23.15377165985351,,26.18296529968454,50.81999969482422
2019-08-07,39.14057922363281,37.03510782618442,-15.657664531339769,,33.33333333333333,51.68000030517578
2019-08-08,41.60200500488281,39.88278836770263,-0.3776230435735356,,44.827586206896555,54.93000030517578
2019-08-09,40.93553161621094,41.07185739396226,4.559789921440077,,48.4375,54.04999923706055
2019-08-12,39.17844009399414,40.185735619298256,-0.7397640675598312,,44.23676012461059,51.72999954223633
2019-08-13,39.685874938964844,38.76946229900477,-1.1217555870174847,,43.47826086956522,52.400001525878906
2019-08-14,36.55038833618164,38.01967646450096,-14.489326947135122,,33.746130030959755,48.2599983215332
2019-08-15,37.62583923339844,37.17899441148648,-16.625688897012154,,31.790123456790127,49.68000030517578
2019-08-16,38.89065170288086,38.60285537824849,-12.174886833449579,,36.30769230769231,51.349998474121094
2019-08-19,40.0872802734375,40.238753664569735,-4.9838170402588675,,41.41104294478527,52.93000030517578
2019-08-20,40.0797119140625,40.011551909890514,-1.1827549468269487,,44.03669724770643,52.91999816894531
2019-08-21,41.08700942993164,40.784062582636274,5.716561544771177,,50.91463414634146,54.25
2019-08-22,42.495697021484375,41.253620450110006,17.12854742658613,,63.829787234042556,56.11000061035156
2019-08-23,40.09485626220703,41.91253134164393,9.773528466273259,,54.54545454545454,52.939998626708984
2019-08-26,41.132450103759766,41.238480627855886,10.534429041718168,,55.58912386706949,54.310001373291016
2019-08-27,40.35235595703125,41.86708406820047,7.190050139361535,,51.50602409638554,53.279998779296875
2019-08-28,41.63078308105469,40.27661761721895,11.251836051008695,,56.45645645645646,54.96799850463867
2019-08-29,43.30607986450195,42.87438255468985,20.853587663181646,,70.65868263473054,57.18000030517578
2019-08-30,43.73019790649414,44.12402463754682,26.876398877151846,,82.68656716417911,57.7400016784668
2019-09-03,42.23061752319336,42.68503767984433,22.763388630323078,,73.80952380952381,55.7599983215332
2019-09-04,43.442405700683594,43.33637518781331,24.79106980638079,,77.44807121661721,57.36000061035156
2019-09-05,44.38911437988281,44.69205831382635,27.2353879351764,,83.13609467455622,58.61000061035156
2019-09-06,45.004093170166016,44.66176482877098,30.828800932694282,,89.38053097345133,59.422000885009766
2019-09-09,43.283355712890625,44.93440953867934,24.174184486638246,,76.17647058823529,57.150001525878906
2019-09-10,44.025577545166016,42.91225135310695,23.60103734895481,,74.7800586510264,58.130001068115234
2019-09-11,45.8659782409668,44.16190874456667,30.640291175638772,,89.18128654970761,60.560001373291016
2019-09-12,46.33553695678711,46.267374070622495,33.943191083278926,,91.83673469387756,61.18000030517578
2019-09-13,46.918701171875,46.98686404859316,35.8183950331212,,92.44186046511628,61.95000076293945
2019-09-16,48.37283706665039,47.623048337022766,37.67004007177969,,93.6231884057971,63.869998931884766
2019-09-17,48.78181838989258,48.44100112032598,39.064012310867845,,94.21965317919076,64.41000366210938
2019-09-18,49.115055084228516,48.65306257407008,40.40970865694127,,95.10086455331412,64.8499984741211
2019-09-19,48.38041687011719,49.20594380951818,38.18681663187224,,93.67816091954023,63.880001068115234
2019-09-20,46.555171966552734,48.433434580396614,28.572661851041538,,83.95415472779369,61.470001220703125
2019-09-23,46.244651794433594,46.350682303443,21.87363432285636,,69.14285714285714,61.060001373291016
2019-09-24,46.1710090637207,46.64934499927054,17.98928197377237,,63.24786324786324,60.810001373291016
2019-09-25,47.4010124206543,46.10266727495235,21.988716647763603,,69.31818181818183,62.43000030517578
2019-09-26,47.29472351074219,47.431391748661824,23.43033952356276,,73.08781869688386,62.290000915527344
2019-09-27,45.54840850830078,47.64398322932205,12.57822035801676,,54.23728813559322,59.9900016784668
2019-09-30,45.41173553466797,45.662292001842374,5.79578789693155,,47.32394366197183,59.810001373291016
2019-10-01,42.40503692626953,45.70025396760538,-11.74896834467621,,33.98876404494382,55.849998474121094
2019-10-02,40.370201110839844,41.660954826316384,-24.865192031146975,,21.288515406162464,53.16999816894531
2019-10-03,41.21831130981445,40.392989917839444,-27.459204712337314,,17.59776536312849,54.2869987487793
2019-10-04,42.579673767089844,41.243362883651606,-23.135063314298296,,23.955431754874652,56.08000183105469
2019-10-07,42.38985061645508,42.435404753347946,-21.418956557715337,,24.72222222222222,55.83000183105469
2019-10-08,41.38002014160156,41.258537629517775,-24.05445414251583,,22.437673130193904,54.5
2019-10-09,42.22281265258789,42.32910950451603,-21.985346981062843,,24.585635359116022,55.61000061035156
2019-10-10,42.83023452758789,42.10133918907603,-18.169218737466224,,28.37465564738292,56.40999984741211
2019-10-11,43.87802505493164,44.06024744830039,-11.811793074633572,,35.16483516483517,57.790000915527344
2019-10-14,43.67300796508789,43.72615638659836,-9.242833023291002,,37.534246575342465,57.52000045776367
2019-10-15,43.86283493041992,43.98431747915316,-7.168800686997356,,38.79781420765027,57.77000045776367
2019-10-16,43.976715087890625,43.36171106540667,-5.4610053332967095,,39.23705722070845,57.91999816894531
2019-10-17,43.19467544555664,44.310798249460156,-8.29325180964164,,38.04347826086957,56.88999938964844
2019-10-18,39.876686096191406,42.78467595369614,-23.001620292126002,,23.848238482384822,52.52000045776367
2019-10-21,39.307228088378906,39.83871523165889,-31.48662759241957,,12.702702702702704,51.77000045776367
2019-10-22,40.21076202392578,39.52742376085898,-32.07018673476046,,12.129380053908356,52.959999084472656
2019-10-23,40.40057373046875,40.992803628059804,-31.45217141385318,,13.172043010752688,53.209999084472656
2019-10-24,42.291141510009766,40.765014335603986,-22.04272402925545,,24.932975871313673,55.70000076293945
2019-10-25,41.144649505615234,42.21521512648514,-22.111199780166956,,24.86631016042781,54.189998626708984
2019-10-28,41.645774841308594,41.32688423667328,-18.020779742466456,,29.333333333333332,54.849998474121094
2019-10-29,42.08614730834961,41.32688071847698,-13.204923673666723,,34.57446808510639,55.43000030517578
2019-10-30,42.9365234375,42.01022020278076,-2.1454880315745366,,43.236074270557026,56.54999923706055
2019-10-31,42.11652755737305,42.68597761998167,-1.8634390256286837,,43.65079365079365,55.470001220703125
2019-11-01,44.105796813964844,43.08837945632192,11.592507350443064,,56.200527704485495,58.09000015258789
2019-11-04,43.8856086730957,44.81191484713017,16.501192615971245,,63.1578947368421,57.79999923706055
2019-11-05,44.72080993652344,44.30321093304358,22.986540770823627,,73.49081364829397,58.900001525878906
2019-11-06,45.077659606933594,44.72080625565796,28.766929748215635,,85.6020942408377,59.369998931884766
2019-11-07,45.958412170410156,45.556001748471225,31.802029184475277,,89.81723237597912,60.529998779296875
2019-11-08,46.18619155883789,46.01535482532268,34.01336377674545,,91.40625,60.83000183105469
2019-11-11,47.52250289916992,45.54841063645967,36.72415302088857,,92.46753246753246,62.59000015258789
2019-11-12,47.65916442871094,47.55286756902454,37.84988860509234,,93.52331606217616,62.77000045776367
2019-11-13,47.917320251464844,47.15045928888579,38.86083531831787,,94.31524547803618,63.11000061035156
2019-11-14,48.98788070678711,47.940094836615366,40.12344597759093,,95.36082474226805,64.5199966430664
2019-11-15,50.324188232421875,49.375105002954825,40.965996688583424,,96.1439588688946,66.27999877929688
2019-11-18,50.06604766845703,50.091101291293064,40.67200514272969,,95.64102564102565,65.94000244140625
2019-11-19,49.53759002685547,50.19511282988116,38.85314925016281,,93.35038363171356,65.24400329589844
2019-11-20,49.618064880371094,49.26120869663398,37.95087215941217,,92.3469387755102,65.3499984741211
2019-11-21,48.40324401855469,49.52696109516546,32.506808277672036,,88.80407124681933,63.75
2019-11-22,48.653804779052734,48.63861620322174,30.235470613379213,,85.78680203045685,64.08000183105469
2019-11-25,48.97117614746094,49.04102505734471,30.172368030181158,,85.56962025316456,64.49800109863281
2019-11-26,49.67880630493164,48.96509395593307,32.486430412607504,,88.63636363636364,65.43000030517578
2019-11-27,49.35232925415039,49.91418491907534,32.171654224676885,,88.16120906801007,65.0
2019-11-29,48.73732376098633,49.314362192633766,27.88246152034168,,80.65326633165829,64.19000244140625
2019-12-02,45.65470886230469,48.98788641628746,4.680926475905525,,46.616541353383454,60.130001068115234
2019-12-03,45.13081359863281,44.1513617136158,-11.591398333854121,,34.5,59.439998626708984
2019-12-04,45.32061767578125,45.84451342987389,-20.850302193318214,,25.187032418952622,59.689998626708984
2019-12-05,45.38591766357422,45.83692043813517,-25.28933766949784,,19.900497512437813,59.7760009765625
2019-12-06,46.93026351928711,46.95304058750228,-17.70391533219614,,29.280397022332505,61.810001373291016
2019-12-09,45.84450912475586,46.79359218855537,-20.407379187463103,,25.742574257425744,60.380001068115234
2019-12-10,45.593963623046875,45.82174304811369,-23.212151039705553,,22.22222222222222,60.04999923706055
2019-12-11,46.4063720703125,45.381363356646844,-19.64982600646119,,26.354679802955665,61.119998931884766
2019-12-12,46.590118408203125,46.47470955647331,-16.657253458032955,,30.22113022113022,61.36199951171875
2019-12-13,46.14822006225586,46.18618570691938,-17.851846779864054,,29.166666666666668,60.779998779296875
2019-12-16,45.10043716430664,45.06247151723769,-25.323801032998244,,19.559902200489,59.400001525878906
2019-12-17,44.21208953857422,44.82709646840143,-31.906612305133397,,11.219512195121952,58.22999954223633
2019-12-18,43.35943603515625,44.51580104607704,-37.86041080669625,,4.866180048661801,57.106998443603516
2019-12-19,44.060245513916016,43.468018416909146,-37.54477502463034,,5.339805825242718,58.029998779296875
2019-12-20,44.568946838378906,44.652466621875114,-34.73593786310293,,7.506053268765134,58.70000076293945
2019-12-23,46.014400482177734,45.67259601375055,-23.809361121514403,,22.705314009661837,60.58000183105469
2019-12-24,45.194068908691406,46.22707666163411,-23.079836058660437,,23.85542168674699,59.5
2019-12-26,44.97379684448242,45.24724042773163,-24.274120721750904,,21.394230769230766,59.209999084472656
2019-12-27,44.68516159057617,45.31559834608229,-26.513297166565426,,18.225419664268586,58.83000183105469
2019-12-30,44.19144821166992,44.73073813272919,-30.62237059196126,,14.354066985645932,58.18000030517578
2019-12-31,43.72052764892578,44.05473493984926,-35.080635748462825,,7.398568019093078,57.560001373291016
2020-01-02,46.84232711791992,44.51806230722524,-8.249864259821578,,40.23809523809524,61.66999816894531
2020-01-03,48.39183807373047,48.67287893476851,12.201607344466487,,56.53206650831354,63.709999084472656
2020-01-06,48.58932113647461,49.50839309158432,20.843238226871204,,68.00947867298578,63.970001220703125
2020-01-07,49.1741943359375,48.61211834023306,27.703446469935887,,81.08747044917257,64.73999786376953
2020-01-08,48.23232650756836,49.721071638226945,24.323646934531098,,74.76415094339622,63.5
2020-01-09,49.28812026977539,48.61970586275575,28.608868980081624,,83.05882352941177,64.88999938964844
2020-01-10,47.33604431152344,49.43244328553298,16.911109551507817,,61.97183098591549,62.31999969482422
2020-01-13,48.568817138671875,47.90571671805953,17.798746502425367,,63.934426229508205,63.94300079345703
2020-01-14,48.498172760009766,48.53615328781919,17.9207630292295,,64.01869158878505,63.849998474121094
2020-01-15,48.8399772644043,48.33106777614394,20.301240309667392,,67.5990675990676,64.30000305175781
2020-01-16,50.45024871826172,49.34888303478988,28.92696019037824,,83.95348837209302,66.41999816894531
2020-01-17,49.68157958984375,50.738897593107396,27.65406411306018,,80.74245939675174,65.40799713134766
2020-01-21,48.55134201049805,49.02227389815534,19.060521110772637,,65.50925925925925,63.91999816894531
2020-01-22,47.54872131347656,48.45260463341265,8.040326300338842,,51.03926096997691,62.599998474121094
2020-01-23,49.05265426635742,47.15374388870359,11.26802114679553,,54.377880184331794,64.58000183105469
2020-01-24,49.32609176635742,49.52357424896911,14.543421378460069,,58.620689655172406,64.94000244140625
2020-01-27,48.17156219482422,47.00183547983969,9.227881707515229,,51.60550458715596,63.41999816894531
2020-01-28,49.35649490356445,48.31588963907842,13.172814946903014,,56.52173913043478,64.9800033569336
2020-01-29,49.56157684326172,50.131250140310705,16.263748720742708,,60.73059360730594,65.25
2020-01-30,49.607139587402344,48.642495534375,18.35486742188045,,64.69248291571755,65.30999755859375
2020-01-31,46.644840240478516,49.06025187754439,-1.4498584296110033,,42.72727272727273,61.40999984741211
2020-02-03,46.35620880126953,46.834735126727686,-19.924583056164234,,26.75736961451247,61.029998779296875
2020-02-04,48.733642578125,47.57910173175219,-10.73379683105543,,37.10407239819005,64.16000366210938
2020-02-05,51.118675231933594,50.009706351423716,11.477829638607743,,54.401805869074494,67.30000305175781
2020-02-06,52.918846130371094,51.33895091375924,24.53006644209377,,75.45045045045045,69.66999816894531
2020-02-07,52.63779067993164,52.440302405464855,29.588795871599,,85.39325842696628,69.30000305175781
2020-02-10,53.663204193115234,52.40992228384651,34.26886518535491,,91.25560538116592,70.6500015258789
2020-02-11,53.55384063720703,54.749398797809434,33.967474070900685,,90.38031319910515,70.50599670410156
2020-02-12,54.257957458496094,54.33923255667174,36.04822240481937,,91.51785714285714,71.43299865722656
2020-02-13,53.44294357299805,53.57966537614164,33.67624289740615,,89.53229398663697,70.36000061035156
2020-02-14,53.111000061035156,53.822714757529965,30.337836233089266,,86.44444444444444,69.9229965209961
2020-02-18,51.87063980102539,52.68337326146403,20.71325571963105,,67.1840354767184,68.29000091552734
2020-02-19,51.63518524169922,52.29600249408273,13.96861446347856,,55.97345132743363,67.9800033569336
2020-02-20,50.716094970703125,51.27817660552447,4.884785524245358,,46.57836644591612,66.7699966430664
2020-02-21,50.19960021972656,50.275561283339734,-2.7028829625940842,,40.52863436123348,66.08999633789062
2020-02-24,45.69538116455078,46.40937045395516,-23.061348899626978,,22.857142857142858,60.15999984741211
2020-02-25,38.851707458496094,46.01439762977313,-34.129941202847064,,8.114035087719298,51.150001525878906
2020-02-26,38.175697326660156,38.88968956477912,-39.83243796123703,,3.282275711159737,50.2599983215332
2020-02-27,33.70186233520508,36.49705878920866,-42.30119612193153,,1.5283842794759825,44.369998931884766
2020-02-28,31.233280181884766,30.45852432316609,-42.12045404736075,,1.7429193899782136,41.119998931884766
2020-03-02,34.21836853027344,32.144758496849256,-39.321708291859494,,4.130434782608695,45.04999923706055
2020-03-03,32.47896194458008,34.78044330111129,-39.2565305361054,,4.3383947939262475,42.7599983215332
2020-03-04,36.124874114990234,34.17279436792727,-35.95933354038978,,7.142857142857142,47.560001373291016
2020-03-05,29.091310501098633,33.47399661733906,-40.095522112602566,,3.6717062634989204,38.29999923706055
2020-03-06,27.868408203125,26.463215655245378,-41.03268323111915,,3.0172413793103448,36.689998626708984
2020-03-09,20.139842987060547,22.407142439921575,-42.82611185577643,,1.0752688172043012,26.514999389648438
2020-03-10,22.17775535583496,22.786925875681604,-42.300416899390534,,1.9313304721030045,29.197999954223633
2020-03-11,16.263025283813477,20.363911702730555,-43.727939021896404,,0.4282655246252677,21.410999298095703
2020-03-12,10.863287925720215,12.137836353276773,-44.9073991262816,,0.0,14.302000045776367
2020-03-13,12.829038619995117,14.051937421345864,-44.26817741440621,,0.42643923240938164,16.889999389648438
2020-03-16,7.261434555053711,8.886901587868973,-45.04515771787448,,0.0,9.5600004196167
2020-03-17,7.667041301727295,7.739959254042423,-44.592821426851884,,0.6369426751592357,10.093999862670898
2020-03-18,5.3397369384765625,6.061322844832749,-44.6109355419236,,0.6355932203389831,7.03000020980835
2020-03-19,5.567605018615723,4.975145199651135,-44.381791267759866,,1.0570824524312896,7.329999923706055
2020-03-20,5.0359110832214355,5.7802840654872965,-44.53536338982468,,1.0548523206751055,6.630000114440918
2020-03-23,4.686512470245361,5.309355054989603,-44.807967476433795,,0.631578947368421,6.170000076293945
2020-03-24,6.2255964279174805,5.863911393511293,-43.590638738689336,,2.5210084033613445,8.09000015258789
2020-03-25,8.134061813354492,8.849736381674727,-41.19095846637864,,5.2410901467505235,10.569999694824219
2020-03-26,10.642765998840332,8.703520504467997,-37.81099346540418,,8.577405857740587,13.829999923706055
2020-03-27,8.557306289672852,9.619274255552988,-37.39153755744893,,9.18580375782881,11.119999885559082
2020-03-30,8.280274391174316,8.295664853816016,-37.355069058209786,,9.375,10.760000228881836
2020-03-31,7.672335624694824,8.080192768470551,-37.74212939432279,,8.93970893970894,9.970000267028809
2020-04-01,6.4333720207214355,6.58728103570446,-38.7363986093721,,7.676348547717843,8.359999656677246
2020-04-02,6.410286903381348,6.441068564119723,-39.11894238335526,,7.453416149068323,8.329999923706055
2020-04-03,6.402587890625,6.456456318612014,-38.91277710913976,,7.851239669421488,8.319999694824219
2020-04-06,7.972456455230713,7.341432123480368,-35.77745705159575,,11.752577319587628,10.359999656677246
2020-04-07,7.633854866027832,9.303760663839688,-34.52995983348754,,12.962962962962962,9.920000076293945
2020-04-08,8.534219741821289,8.0417126643094,-31.624867361483773,,16.83778234086242,11.09000015258789
2020-04-09,9.33454704284668,9.272983725104474,-23.762958493281978,,26.84426229508197,12.130000114440918
2020-04-13,8.503439903259277,9.334545268710706,-21.29967043295452,,29.65235173824131,11.050000190734863
2020-04-14,8.918993949890137,9.172942809618263,-12.916440493506197,,37.95918367346939,11.59000015258789
2020-04-15,8.341836929321289,8.56500412094811,-10.539126666612063,,41.14052953156823,10.84000015258789
2020-04-16,7.94167423248291,8.280273167263559,-11.001575726584747,,40.65040650406504,10.319999694824219
2020-04-17,9.503844261169434,9.157549764304404,-3.876039559530789,,44.62474645030426,12.350000381469727
2020-04-20,8.672740936279297,8.949775863758864,-4.063296073031253,,44.534412955465584,11.270000457763672
2020-04-21,7.810851097106934,8.187927239242073,-7.822690107151035,,42.82828282828282,10.149999618530273
2020-04-22,8.010932922363281,8.357226711022216,-12.023161909548149,,38.50806451612903,10.40999984741211
2020-04-23,8.08788776397705,8.218709981578396,-15.393289545201819,,35.61368209255533,10.510000228881836
2020-04-24,7.964759826660156,8.195621834708627,-17.907925776529932,,33.33333333333333,10.350000381469727
2020-04-27,8.318750381469727,8.180232569330846,-13.767052093626141,,37.07414829659319,10.8100004196167
2020-04-28,8.811256408691406,8.811256408691406,-7.1694430701321545,,43.4,11.449999809265137
2020-04-29,9.75009822845459,9.465367746450266,3.136748803821168,,50.49900199600798,12.670000076293945
2020-04-30,9.103682518005371,9.657753007116241,3.3109978273010787,,50.99601593625498,11.829999923706055
2020-05-01,8.157148361206055,8.657350543495374,-4.064151355608767,,44.93041749502982,10.600000381469727
2020-05-04,7.680030345916748,7.710812736618704,-12.34934382418344,37.89682539682539,37.89682539682539,9.979999542236328
2020-05-05,7.656942844390869,8.080191096208871,-22.198952446204224,27.579365079365083,27.579365079365083,9.949999809265137
2020-05-06,7.179828643798828,7.73389923147605,-30.843403423943066,17.857142857142858,17.857142857142858,9.329999923706055
2020-05-07,7.4183855056762695,7.4183855056762695,-32.8834370586726,14.285714285714285,14.285714285714285,9.640000343322754
2020-05-08,8.280274391174316,7.695422132936879,-24.879417429297497,23.809523809523807,23.809523809523807,10.760000228881836
2020-05-11,7.918588638305664,8.064801322861895,-24.105107101077806,24.801587301587304,24.801587301587304,10.289999961853027
2020-05-12,7.3645195960998535,8.026326445583589,-29.2272247793975,19.444444444444446,19.444444444444446,9.569999694824219
2020-05-13,6.7104058265686035,7.3106483257165165,-33.381181716812286,14.087301587301587,14.087301587301587,8.720000267028809
2020-05-14,6.641149044036865,6.371808989808975,-32.781521696713966,14.682539682539684,14.682539682539684,8.630000114440918
2020-05-15,6.541106224060059,6.36411193732441,-33.15433850237531,14.285714285714285,14.285714285714285,8.5
2020-05-18,8.049409866333008,7.31064946953006,-20.094877165776577,31.150793650793652,31.150793650793652,10.460000038146973
2020-05-19,7.680030345916748,8.0032381093614,-15.955529841803079,35.317460317460316,35.317460317460316,9.979999542236328
2020-05-20,7.818547248840332,8.103277724308406,-12.43021941069624,38.095238095238095,38.095238095238095,10.15999984741211
2020-05-21,8.318750381469727,8.026324296894606,-5.808322119202799,43.65079365079365,43.65079365079365,10.8100004196167
2020-05-22,8.280274391174316,8.464964346230566,-2.6043230775687496,46.42857142857143,46.42857142857143,10.760000228881836
2020-05-26,9.272982597351074,9.257591402841037,8.088720720723853,54.761904761904766,54.761904761904766,12.050000190734863
2020-05-27,10.681243896484375,10.073305697551195,23.103905517379914,74.40476190476191,74.40476190476191,13.880000114440918
2020-05-28,10.565812110900879,11.550826474180147,26.411986362212385,80.15873015873017,80.15873015873017,13.729999542236328
2020-05-29,10.165651321411133,10.173346918659693,24.05373985086169,76.19047619047619,76.19047619047619,13.210000038146973
2020-06-01,10.504249572753906,10.327255238630277,25.875144557779706,78.76984126984127,78.76984126984127,13.649999618530273
2020-06-02,10.519640922546387,10.719722051467514,26.894091636238997,81.15079365079364,81.15079365079364,13.670000076293945
2020-06-03,12.266499519348145,10.88901932802336,34.81607526054845,92.06349206349206,92.06349206349206,15.9399995803833
2020-06-04,12.85135269165039,12.566621490215518,38.56629589495669,94.64285714285714,94.64285714285714,16.700000762939453
2020-06-05,14.69056224822998,14.929119944141117,39.29794390211464,95.43650793650794,95.43650793650794,19.09000015258789
2020-06-08,16.32198715209961,16.38355192885507,41.525913260810924,97.02380952380952,97.02380952380952,21.209999084472656
2020-06-09,14.667470932006836,15.390840863574633,38.52150401685914,94.04761904761905,94.04761904761905,19.059999465942383
2020-06-10,13.243816375732422,14.367348396225895,30.857970167201504,87.3015873015873,87.3015873015873,17.209999084472656
2020-06-11,9.919398307800293,10.72741695620051,10.947206745595093,56.94444444444444,56.94444444444444,12.890000343322754
2020-06-12,10.8274564743042,11.543130819989123,3.7162472931337676,51.19047619047619,51.19047619047619,14.069999694824219
2020-06-15,11.112188339233398,9.850139681090882,0.6240989837606885,49.404761904761905,49.404761904761905,14.4399995803833
2020-06-16,11.643171310424805,12.612793736154332,-0.03356296540574956,49.2063492063492,49.2063492063492,15.130000114440918
2020-06-17,11.235315322875977,11.650868041180017,-2.836380485325089,45.83333333333333,45.83333333333333,14.600000381469727
2020-06-18,11.058320045471191,10.927497827907908,-5.753766032232695,43.452380952380956,43.452380952380956,14.369999885559082
2020-06-19,10.411904335021973,11.48156811077624,-10.629042102947947,40.67460317460318,40.67460317460318,13.529999732971191
2020-06-22,10.596592903137207,10.273385228495176,-12.313051832592233,37.89682539682539,37.89682539682539,13.770000457763672
2020-06-23,10.281081199645996,10.719720653363003,-17.566641605042825,33.92857142857143,33.92857142857143,13.359999656677246
2020-06-24,8.918993949890137,10.004048302163516,-26.1217782589997,22.42063492063492,22.42063492063492,11.59000015258789
2020-06-25,9.01903247833252,8.464962030825,-28.836640749245852,19.444444444444446,19.444444444444446,11.720000267028809
2020-06-26,8.495746612548828,8.818954423941396,-32.62297459270004,14.484126984126986,14.484126984126986,11.039999961853027
2020-06-29,9.965568542480469,9.042118308787082,-26.743155319980588,21.23015873015873,21.23015873015873,12.949999809265137
2020-06-30,9.48845386505127,9.565408367235714,-25.965413581664905,22.61904761904762,22.61904761904762,12.329999923706055
2020-07-01,9.234504699707031,9.650057381838147,-26.679759459877133,21.03174603174603,21.03174603174603,12.0
2020-07-02,9.311461448669434,9.788577552021293,-26.524580076782456,21.428571428571427,21.428571428571427,12.100000381469727
2020-07-06,9.765486717224121,9.811659555692966,-23.870360972298542,25.793650793650798,25.793650793650798,12.6899995803833
2020-07-07,8.749692916870117,9.465367249744876,-28.06498243292022,18.849206349206348,18.849206349206348,11.369999885559082
2020-07-08,8.780474662780762,8.903601273213578,-29.88783621337837,17.46031746031746,17.46031746031746,11.40999984741211
2020-07-09,7.795460224151611,8.772778141918213,-34.288757574429354,11.11111111111111,11.11111111111111,10.130000114440918
2020-07-10,8.303359031677246,7.733898067388431,-32.19504624277895,14.087301587301587,14.087301587301587,10.789999961853027
2020-07-13,8.118667602539062,8.588087921087943,-32.15590510205114,14.285714285714285,14.285714285714285,10.550000190734863
2020-07-14,8.518830299377441,8.080191563626189,-28.991477864476277,18.650793650793652,18.650793650793652,11.069999694824219
2020-07-15,9.426889419555664,9.080595669289249,-19.51416385989518,31.547619047619047,31.547619047619047,12.25
2020-07-16,9.142159461975098,9.203722766050959,-15.230988030904932,36.11111111111111,36.11111111111111,11.880000114440918
2020-07-17,9.157550811767578,9.249896510755955,-12.075109761604075,38.88888888888889,38.88888888888889,11.899999618530273
2020-07-20,8.818952560424805,9.095987454267545,-13.903189986975226,36.904761904761905,36.904761904761905,11.460000038146973
2020-07-21,9.342239379882812,9.165244352739272,-6.292128022688144,43.84920634920635,43.84920634920635,12.140000343322754
2020-07-22,9.734707832336426,9.234505732072845,2.9060359752657234,51.19047619047619,51.19047619047619,12.649999618530273
2020-07-23,9.442281723022461,9.711621012089061,8.316361291984355,55.952380952380956,55.952380952380956,12.270000457763672
2020-07-24,9.034424781799316,9.396109802470567,4.9441375039707935,53.17460317460318,53.17460317460318,11.739999771118164
2020-07-27,8.680435180664062,9.08829304547289,-2.0939703444385374,47.817460317460316,47.817460317460316,11.279999732971191
2020-07-28,8.77277946472168,8.688130099676439,-4.392036626697695,45.43650793650794,45.43650793650794,11.399999618530273
2020-07-29,8.557306289672852,8.903600016094282,-9.085104041548785,42.26190476190476,42.26190476190476,11.119999885559082
2020-07-30,8.287967681884766,8.249490435154485,-15.558204668597064,35.91269841269841,35.91269841269841,10.770000457763672
2020-07-31,7.987847328186035,8.31105507869416,-22.84999383786864,28.373015873015873,28.373015873015873,10.380000114440918
2020-08-03,8.334141731262207,7.98784789784792,-20.955151038367294,29.96031746031746,29.96031746031746,10.829999923706055
2020-08-04,8.518830299377441,8.295663133166322,-16.49255184145472,35.51587301587302,35.51587301587302,11.069999694824219
2020-08-05,9.411499977111816,8.680435094216476,0.6866371297221341,51.98412698412699,51.98412698412699,12.229999542236328
2020-08-06,9.272982597351074,9.365327562733654,7.740740217613169,57.14285714285714,57.14285714285714,12.050000190734863
2020-08-07,9.434584617614746,9.111376935296352,13.813020591374706,62.89682539682539,62.89682539682539,12.260000228881836
2020-08-10,10.334949493408203,9.565407478623198,25.649111203531998,77.57936507936508,77.57936507936508,13.430000305175781
2020-08-11,10.504249572753906,10.935193479925537,27.107679099780697,80.95238095238095,80.95238095238095,13.649999618530273
2020-08-12,10.281081199645996,11.012146711210187,25.121274463307664,76.98412698412699,76.98412698412699,13.359999656677246
2020-08-13,10.104086875915527,10.096391279531641,21.957372097570783,72.02380952380952,72.02380952380952,13.130000114440918
2020-08-14,10.381122589111328,10.00404714219362,23.12851559494237,73.61111111111111,73.61111111111111,13.489999771118164
2020-08-17,9.850138664245605,10.496554121877185,17.516275888835946,65.87301587301587,65.87301587301587,12.800000190734863
2020-08-18,9.534627914428711,9.773185580250338,10.306308302664068,58.92857142857143,58.92857142857143,12.390000343322754
2020-08-19,9.511540412902832,9.588494919057787,6.208284857304702,55.35714285714286,55.35714285714286,12.359999656677246
2020-08-20,9.288373947143555,9.288373947143555,1.243712767757351,51.587301587301596,51.587301587301596,12.069999694824219
2020-08-21,9.095987319946289,9.180637420012053,-3.9592702115299665,47.023809523809526,47.023809523809526,11.819999694824219
2020-08-24,9.973264694213867,9.357630926147833,4.769578015975863,53.96825396825397,53.96825396825397,12.960000038146973
2020-08-25,9.719317436218262,10.081002451971926,6.533286687544098,56.547619047619044,56.547619047619044,12.630000114440918
2020-08-26,9.457672119140625,9.619275985045084,3.6681385841181138,53.37301587301587,53.37301587301587,12.289999961853027
2020-08-27,9.680839538574219,9.66544907823127,5.438705664705694,55.35714285714286,55.35714285714286,12.579999923706055
2020-08-28,9.919398307800293,9.888616651993548,8.926289073356244,58.730158730158735,58.730158730158735,12.890000343322754
2020-08-31,9.526930809020996,9.811661283696461,5.582032312802689,55.75396825396825,55.75396825396825,12.380000114440918
2020-09-01,9.55771255493164,9.465367594726082,1.6500853617498454,51.98412698412699,51.98412698412699,12.420000076293945
2020-09-02,10.119478225708008,9.588494504644077,6.178455107565742,56.74603174603175,56.74603174603175,13.149999618530273
2020-09-03,9.449976921081543,9.996351849449113,-5.115595342591371,45.63492063492063,45.63492063492063,12.279999732971191
2020-09-04,9.449976921081543,9.603885196559897,-10.33926254273351,42.65873015873016,42.65873015873016,12.279999732971191
2020-09-08,8.641956329345703,9.049814118768339,-22.963311788298185,28.373015873015873,28.373015873015873,11.229999542236328
2020-09-09,8.718913078308105,8.92668982483917,-26.559049697494043,21.825396825396826,21.825396825396826,11.329999923706055
2020-09-10,8.341836929321289,8.811257371324581,-32.178824905331524,14.285714285714285,14.285714285714285,10.84000015258789
2020-09-11,8.78817081451416,8.45726747765496,-27.094181596745738,20.833333333333336,20.833333333333336,11.420000076293945
2020-09-14,9.257591247558594,8.934383507194624,-15.725402866943828,37.10317460317461,37.10317460317461,12.029999732971191
2020-09-15,9.042119026184082,9.39610839613933,-13.338442510907933,39.285714285714285,39.285714285714285,11.75
2020-09-16,9.550017356872559,9.003642435756204,-2.2912836972870427,50.0,50.0,12.40999984741211
2020-09-17,9.596189498901367,9.165245631136195,4.271110450371525,55.75396825396825,55.75396825396825,12.470000267028809
2020-09-18,9.188333511352539,9.58080020804584,-0.049582334490161695,52.77777777777778,52.77777777777778,11.9399995803833
2020-09-21,8.226404190063477,8.726606962806313,-16.97799872403622,35.91269841269841,35.91269841269841,10.6899995803833
2020-09-22,8.44957160949707,8.341836188965402,-21.904363468479442,30.158730158730158,30.158730158730158,10.979999542236328
2020-09-23,7.810851097106934,8.495743749258056,-30.405747193080035,17.46031746031746,17.46031746031746,10.149999618530273
2020-09-24,7.5876851081848145,7.741594120702234,-33.717549873169595,11.904761904761903,11.904761904761903,9.859999656677246
2020-09-25,8.041714668273926,7.541512604913799,-29.39685344079551,18.849206349206348,18.849206349206348,10.449999809265137
2020-09-28,8.572701454162598,8.449574070152872,-19.163168757544373,34.12698412698413,34.12698412698413,11.140000343322754
2020-09-29,8.257185935974121,8.480353837490446,-17.948964933805946,35.51587301587302,35.51587301587302,10.729999542236328
2020-09-30,8.0032377243042,8.311055011480548,-20.763254258997286,32.142857142857146,32.142857142857146,10.399999618530273
2020-10-01,8.134061813354492,8.218711935392287,-20.37533578365169,32.73809523809524,32.73809523809524,10.569999694824219
2020-10-02,8.388008117675781,7.656943311181698,-15.978839092162534,38.2936507936508,38.2936507936508,10.899999618530273
2020-10-05,8.595787048339844,8.457269207573583,-7.447544814199163,47.42063492063492,47.42063492063492,11.170000076293945
2020-10-06,8.157148361206055,8.688132204960983,-10.736920176858725,45.23809523809524,45.23809523809524,10.600000381469727
2020-10-07,8.649654388427734,8.449573234821424,-3.414007952533482,51.388888888888886,51.388888888888886,11.239999771118164
2020-10-08,9.080596923828125,8.795866434987742,7.305028274111343,62.89682539682539,62.89682539682539,11.800000190734863
2020-10-09,8.88821029663086,9.20372240097772,10.046840138315876,65.47619047619048,65.47619047619048,11.550000190734863
2020-10-12,9.003640174865723,9.003640174865723,13.187925236127374,68.65079365079364,68.65079365079364,11.699999809265137
2020-10-13,8.649654388427734,8.880517201520195,8.594268239316033,63.69047619047619,63.69047619047619,11.239999771118164
2020-10-14,8.80356216430664,8.688131131545248,8.98983066859007,64.0873015873016,64.0873015873016,11.4399995803833
2020-10-15,8.903602600097656,8.557308773174837,11.52982739470933,67.06349206349206,67.06349206349206,11.569999694824219
2020-10-16,9.126769065856934,9.157550720582373,16.40293067783233,70.43650793650794,70.43650793650794,11.859999656677246
2020-10-19,8.911296844482422,9.157550064647364,18.00175290134823,72.22222222222221,72.22222222222221,11.579999923706055
2020-10-20,8.734302520751953,8.99594620007489,15.060106927100147,69.44444444444444,69.44444444444444,11.350000381469727
2020-10-21,8.334141731262207,8.695826760509073,5.057930690425034,58.333333333333336,58.333333333333336,10.829999923706055
2020-10-22,8.811256408691406,8.418789783361605,10.299537856253096,64.68253968253968,64.68253968253968,11.449999809265137
2020-10-23,8.949775695800781,8.903602841807718,15.497870709439997,69.44444444444444,69.44444444444444,11.630000114440918
2020-10-26,8.249490737915039,8.626566155147295,1.3490093536661152,54.36507936507936,54.36507936507936,10.720000267028809
2020-10-27,7.479948043823242,8.27257605576993,-19.159497507602726,32.53968253968254,32.53968253968254,9.720000267028809
2020-10-28,6.625756740570068,7.156741162385194,-30.454882126640907,15.873015873015872,15.873015873015872,8.609999656677246
2020-10-29,6.833533763885498,6.764274859207779,-33.8006502695648,9.920634920634921,9.920634920634921,8.880000114440918
2020-10-30,6.841230392456055,6.695016964111909,-34.92532782088639,8.333333333333332,8.333333333333332,8.890000343322754
2020-11-02,7.356822490692139,7.002833110167135,-28.73304137722822,18.253968253968253,18.253968253968253,9.5600004196167
2020-11-03,8.057106018066406,7.641553312102976,-13.920700129871888,38.492063492063494,38.492063492063494,10.470000267028809
2020-11-04,8.049409866333008,8.118668768203985,-6.025752076675625,46.42857142857143,46.42857142857143,10.460000038146973
2020-11-05,8.303359031677246,8.257186183865374,2.8813820742205474,54.96031746031746,54.96031746031746,10.789999961853027
2020-11-06,8.295661926269531,8.241794225194578,7.4252012953553495,61.111111111111114,61.111111111111114,10.779999732971191
2020-11-09,10.042525291442871,9.880921409184523,22.479001700719063,76.78571428571429,76.78571428571429,13.050000190734863
2020-11-10,11.004449844360352,10.319557256323579,32.672425794116634,90.27777777777779,90.27777777777779,14.300000190734863
2020-11-11,10.419600486755371,11.312269246636019,33.13084751859829,90.27777777777779,90.27777777777779,13.539999961853027
2020-11-12,10.027132034301758,9.91170102809137,30.38478497587117,87.5,87.5,13.029999732971191
2020-11-13,11.004449844360352,10.257993960083462,35.12733448314685,91.86507936507937,91.86507936507937,14.300000190734863
2020-11-16,11.974074363708496,11.820165369900485,39.140372140501384,95.03968253968253,95.03968253968253,15.5600004196167
2020-11-17,12.197243690490723,11.404614726829898,41.164683017470786,96.82539682539682,96.82539682539682,15.850000381469727
2020-11-18,12.104897499084473,12.83596311854343,40.0953879246906,95.43650793650794,95.43650793650794,15.729999542236328
2020-11-19,12.297281265258789,11.874033736625583,40.317851934329234,95.63492063492063,95.63492063492063,15.979999542236328
2020-11-20,11.61238956451416,12.135678389420864,36.88868911311744,91.66666666666666,91.66666666666666,15.09000015258789
2020-11-23,12.55892562866211,11.912510209441125,39.18371878765541,94.44444444444444,94.44444444444444,16.31999969482422
2020-11-24,13.451593399047852,13.22073139317581,41.330479423167496,96.82539682539682,96.82539682539682,17.479999542236328
2020-11-25,13.197649002075195,13.220735797467357,41.27985442999128,96.62698412698413,96.62698412698413,17.149999618530273
2020-11-27,12.928306579589844,13.336164417418242,40.09608168762425,94.84126984126983,94.84126984126983,16.799999237060547
2020-11-30,12.05102825164795,12.835961486192978,34.73601359796165,89.68253968253968,89.68253968253968,15.65999984741211
2020-12-01,12.31267261505127,12.466581609853392,33.07001243052077,87.89682539682539,87.89682539682539,16.0
2020-12-02,12.689746856689453,12.120285977378543,33.53242413731417,88.09523809523809,88.09523809523809,16.489999771118164
2020-12-03,13.328465461730957,12.920609194462722,36.38395415765656,90.47619047619048,90.47619047619048,17.31999969482422
2020-12-04,13.74402141571045,13.52854911435795,39.3627010410669,94.24603174603175,94.24603174603175,17.860000610351562
2020-12-07,13.690155029296875,13.797890456484021,40.3675008653181,95.23809523809523,95.23809523809523,17.790000915527344
2020-12-08,13.936407089233398,13.582416980596502,41.563043989596046,97.02380952380952,97.02380952380952,18.110000610351562
2020-12-09,13.667067527770996,14.259615282109243,38.894297713545086,92.65873015873017,92.65873015873017,17.760000228881836
2020-12-10,13.582417488098145,13.259209754129227,36.7519018953873,89.88095238095238,89.88095238095238,17.649999618530273
2020-12-11,13.574722290039062,13.405423554998345,35.49358891317758,88.88888888888889,88.88888888888889,17.639999389648438
2020-12-14,12.974481582641602,13.921018108720059,28.804925751396155,80.95238095238095,80.95238095238095,16.860000610351562
2020-12-15,13.366951942443848,13.236129677605474,26.469850014837792,77.18253968253968,77.18253968253968,17.3700008392334
2020-12-16,12.859045028686523,13.390029374790373,18.69203452477378,67.65873015873017,67.65873015873017,16.709999084472656
2020-12-17,12.658966064453125,12.974478156495936,11.352009304260966,60.51587301587301,60.51587301587301,16.450000762939453
2020-12-18,12.751312255859375,12.68974894708397,8.526256409244569,56.547619047619044,56.547619047619044,16.56999969482422
2020-12-21,12.535840034484863,11.927901142676227,3.5314824133472826,50.0,50.0,16.290000915527344
2020-12-22,12.37499713897705,12.682832596588371,-3.9322343172853373,42.65873015873016,42.65873015873016,16.079999923706055
2020-12-23,13.044540405273438,12.5289154687919,2.768368406376819,48.61111111111111,48.61111111111111,16.950000762939453
2020-12-24,12.798270225524902,13.075322860831278,2.4900231619075934,48.41269841269841,48.41269841269841,16.6299991607666
2020-12-28,12.859834671020508,13.07532017283477,3.4001082063685613,49.801587301587304,49.801587301587304,16.709999084472656
2020-12-29,12.644353866577148,13.044540700211881,-0.1934002735998024,46.03174603174603,46.03174603174603,16.43000030517578
2020-12-30,13.044540405273438,12.69822460171299,4.657815379388324,50.79365079365079,50.79365079365079,16.950000762939453
2020-12-31,13.013757705688477,12.998365564133897,6.478931223929081,54.36507936507936,54.36507936507936,16.90999984741211
2021-01-04,11.374528884887695,12.77518181593476,-13.947683023280744,31.150793650793652,31.150793650793652,14.779999732971191
2021-01-05,12.136425018310547,11.420706651592607,-13.90944455789606,31.349206349206348,31.349206349206348,15.770000457763672
2021-01-06,12.528915405273438,11.959418716715472,-7.930620096577802,37.5,37.5,16.280000686645508
2021-01-07,12.475044250488281,12.852144371828953,-5.447533382170456,39.48412698412698,39.48412698412698,16.209999084472656
2021-01-08,12.32882308959961,12.513524377683924,-6.432952896366169,38.2936507936508,38.2936507936508,16.020000457763672
2021-01-11,12.351906776428223,11.651581415904367,-5.480409790570499,39.285714285714285,39.285714285714285,16.049999237060547
2021-01-12,12.967577934265137,12.359601779468868,5.471658505321557,52.38095238095239,52.38095238095239,16.850000381469727
2021-01-13,12.844449996948242,12.86753674400148,9.246370392491524,57.738095238095234,57.738095238095234,16.690000534057617
2021-01-14,13.513988494873047,13.059930663635054,19.524316754681386,69.04761904761905,69.04761904761905,17.559999465942383
2021-01-15,12.675134658813477,13.367766171214512,12.881223835899766,61.904761904761905,61.904761904761905,16.469999313354492
2021-01-19,13.098410606384277,13.0830184676617,15.72977539709105,64.0873015873016,64.0873015873016,17.020000457763672
2021-01-20,13.090714454650879,13.290807853159889,17.15390842616952,65.47619047619048,65.47619047619048,17.010000228881836
2021-01-21,12.513524055480957,13.083020046046164,8.145894646216082,56.15079365079365,56.15079365079365,16.260000228881836
2021-01-22,12.528915405273438,12.359604805335477,3.800344683903898,50.0,50.0,16.280000686645508
2021-01-25,12.236469268798828,12.367299505224747,-3.4606763233921325,41.86507936507937,41.86507936507937,15.899999618530273
2021-01-26,11.84398078918457,12.46734850816802,-12.951612664492885,31.944444444444443,31.944444444444443,15.390000343322754
2021-01-27,10.951255798339844,11.536143864469311,-25.47090941967321,16.666666666666664,16.666666666666664,14.229999542236328
2021-01-28,11.297572135925293,11.182133290579088,-27.431990856123562,14.087301587301587,14.087301587301587,14.680000305175781
2021-01-29,10.628028869628906,11.243699740650978,-33.556109473316646,7.738095238095238,7.738095238095238,13.8100004196167
2021-02-01,11.18213176727295,10.858904218636015,-30.36041691895532,12.3015873015873,12.3015873015873,14.529999732971191
2021-02-02,12.12103271484375,11.543840680803571,-16.335150399900286,29.166666666666668,29.166666666666668,15.75
2021-02-03,12.659744262695312,12.167206858517376,-1.3748102259551258,45.83333333333333,45.83333333333333,16.450000762939453
2021-02-04,13.367768287658691,12.698224875624295,13.632740826631471,64.68253968253968,64.68253968253968,17.3700008392334
2021-02-05,13.229240417480469,13.621731134829812,20.203175652915853,71.82539682539682,71.82539682539682,17.190000534057617
2021-02-08,13.798735618591309,13.460115934365904,28.802775972156162,82.73809523809523,82.73809523809523,17.93000030517578
2021-02-09,14.16814136505127,13.606341430420587,33.8951462049066,88.69047619047619,88.69047619047619,18.40999984741211
2021-02-10,13.891088485717773,14.352842432684572,33.80085729097438,88.69047619047619,88.69047619047619,18.049999237060547
2021-02-11,14.145051956176758,13.92956787229962,35.61406804827262,90.87301587301587,90.87301587301587,18.3799991607666
2021-02-12,14.021915435791016,13.944957686028292,35.492636774034004,90.67460317460318,90.67460317460318,18.219999313354492
2021-02-16,13.91417407989502,14.237401635192777,34.36704656412968,90.07936507936508,90.07936507936508,18.079999923706055
2021-02-17,14.068096160888672,13.852610579002366,35.102835832533344,90.67460317460318,90.67460317460318,18.280000686645508
2021-02-18,13.544772148132324,13.652514181800811,30.491710399011108,85.51587301587301,85.51587301587301,17.600000381469727
2021-02-19,14.43749713897705,13.72177877109815,35.42143424952375,91.26984126984127,91.26984126984127,18.760000228881836
2021-02-22,14.037310600280762,13.929568553076537,32.78218962560789,88.09523809523809,88.09523809523809,18.239999771118164
2021-02-23,14.068096160888672,13.868002720824697,31.612988521773485,86.70634920634922,86.70634920634922,18.280000686645508
2021-02-24,15.414875030517578,14.06039761404978,35.919250891907375,92.65873015873017,92.65873015873017,20.030000686645508
2021-02-25,13.65251350402832,15.561094545584412,24.281342969837656,76.5873015873016,76.5873015873016,17.739999771118164
2021-02-26,12.921406745910645,13.906480239639192,10.195840856479043,60.51587301587301,60.51587301587301,16.790000915527344
2021-03-01,14.214313507080078,13.590946599797753,15.400749494244891,66.26984126984127,66.26984126984127,18.469999313354492
2021-03-02,14.068096160888672,14.214317104574494,16.347912260620852,67.26190476190477,67.26190476190477,18.280000686645508
2021-03-03,14.198922157287598,14.121962939213208,16.536168781389083,67.85714285714286,67.85714285714286,18.450000762939453
2021-03-04,13.390854835510254,14.298970533147342,5.52834809827298,54.36507936507936,54.36507936507936,17.399999618530273
2021-03-05,13.85261058807373,13.814131701368145,4.642706777904175,52.182539682539684,52.182539682539684,18.0
2021-03-08,14.014223098754883,14.121966619286136,6.094759133904212,55.55555555555556,55.55555555555556,18.209999084472656
2021-03-09,14.068096160888672,14.268189600952647,7.416355798247317,57.14285714285714,57.14285714285714,18.280000686645508
2021-03-10,15.222479820251465,14.36823506266905,19.691291821794586,72.61904761904762,72.61904761904762,19.780000686645508
2021-03-11,15.845846176147461,15.66114489264742,27.668663379875007,82.14285714285714,82.14285714285714,20.59000015258789
2021-03-12,17.192626953125,15.807366649305948,35.24305477928666,92.46031746031747,92.46031746031747,22.34000015258789
2021-03-15,17.431198120117188,17.68516254160167,37.18030035537274,94.64285714285714,94.64285714285714,22.649999618530273
2021-03-16,16.34607696533203,17.16953730210009,32.06974848948656,87.89682539682539,87.89682539682539,21.239999771118164
2021-03-17,17.25419044494629,16.161373689155088,33.61841048497694,89.48412698412699,89.48412698412699,22.420000076293945
2021-03-18,16.42303466796875,17.14644897201529,28.998044082168267,83.33333333333334,83.33333333333334,21.34000015258789
2021-03-19,16.322988510131836,16.569258321586716,25.784676411301728,78.17460317460318,78.17460317460318,21.209999084472656
2021-03-22,15.968979835510254,16.438429832924857,21.890627262877203,73.01587301587301,73.01587301587301,20.75
2021-03-23,14.708369255065918,15.732564521892026,7.661065653656851,55.55555555555556,55.55555555555556,19.100000381469727
2021-03-24,14.646767616271973,14.970197866968045,-0.370955204804517,44.84126984126984,44.84126984126984,19.020000457763672
2021-03-25,15.670960426330566,14.300232180808617,5.409400242196668,51.78571428571429,51.78571428571429,20.350000381469727
2021-03-26,15.83267593383789,15.855778616804287,9.890250651360791,58.730158730158735,58.730158730158735,20.559999465942383
2021-03-29,16.071395874023438,16.032891410504515,13.919339046377496,63.69047619047619,63.69047619047619,20.8700008392334
2021-03-30,16.333223342895508,16.06369936862634,17.545051401239853,67.46031746031747,67.46031746031747,21.209999084472656
2021-03-31,16.49493980407715,16.456436797418608,20.35928560280033,71.62698412698413,71.62698412698413,21.420000076293945
2021-04-01,16.64895248413086,16.625849802028,23.101320125440928,74.40476190476191,74.40476190476191,21.6200008392334
2021-04-05,17.365121841430664,16.941582857511158,28.9819358739617,83.13492063492063,83.13492063492063,22.549999237060547
2021-04-06,17.14179801940918,17.218805491259687,29.258756672341494,83.53174603174604,83.53174603174604,22.260000228881836
2021-04-07,16.91077423095703,17.08019094903313,26.576796535675417,78.96825396825396,78.96825396825396,21.959999084472656
2021-04-08,17.280410766601562,16.980081780361644,28.85002006584122,82.53968253968253,82.53968253968253,22.440000534057617
2021-04-09,17.280410766601562,17.08019193204006,30.037357650612297,84.12698412698413,84.12698412698413,22.440000534057617
2021-04-12,17.37281608581543,17.195699958081224,31.245838759000062,86.5079365079365,86.5079365079365,22.559999465942383
2021-04-13,17.20340347290039,17.07249121314511,29.743308030166638,83.73015873015873,83.73015873015873,22.34000015258789
2021-04-14,17.403623580932617,17.272711311613566,31.80233749171211,87.10317460317461,87.10317460317461,22.600000381469727
2021-04-15,17.34971809387207,17.565337256738257,31.979330108316123,87.3015873015873,87.3015873015873,22.530000686645508
2021-04-16,17.34971809387207,17.372819307724654,32.072682973421024,87.6984126984127,87.6984126984127,22.530000686645508
2021-04-19,17.01858901977539,17.211106991789148,27.650381931826807,78.96825396825396,78.96825396825396,22.100000381469727
2021-04-20,16.01749038696289,16.749059071873116,10.588240476434382,58.53174603174603,58.53174603174603,20.799999237060547
2021-04-21,16.64895248413086,15.855778024143593,10.836410430473013,58.730158730158735,58.730158730158735,21.6200008392334
2021-04-22,16.433334350585938,16.71826012910261,7.562073660801523,53.769841269841265,53.769841269841265,21.34000015258789
2021-04-23,17.041685104370117,16.518037611974776,14.304509341660903,62.89682539682539,62.89682539682539,22.1299991607666
2021-04-26,17.28811264038086,17.180301588709078,18.43544231870674,68.25396825396825,68.25396825396825,22.450000762939453
2021-04-27,17.557636260986328,17.465228468519612,23.69356754387112,74.20634920634922,74.20634920634922,22.799999237060547
2021-04-28,17.303510665893555,17.334314239085547,21.98327617388047,72.22222222222221,72.22222222222221,22.469999313354492
2021-04-29,17.68084716796875,17.588439377917535,26.794845922431264,78.37301587301587,78.37301587301587,22.959999084472656
2021-04-30,17.511432647705078,17.365118593674005,26.413048111218046,77.57936507936508,77.57936507936508,22.739999771118164
2021-05-03,17.734750747680664,17.71934896206613,29.12828690794725,83.53174603174604,83.53174603174604,23.030000686645508
2021-05-04,17.45752716064453,17.53453463173881,25.722285299809712,76.78571428571429,76.78571428571429,22.670000076293945
2021-05-05,16.956981658935547,17.40362325130663,14.052744783681431,62.89682539682539,62.89682539682539,22.020000457763672
2021-05-06,17.295812606811523,17.033989535751456,14.35526962541038,63.29365079365079,63.29365079365079,22.459999084472656
2021-05-07,18.073583602905273,17.226505845481416,24.823829849368337,76.38888888888889,76.38888888888889,23.469999313354492
2021-05-10,17.565336227416992,18.227598403230022,19.408710300514713,69.64285714285714,69.64285714285714,22.809999465942383
2021-05-11,16.93387794494629,16.633550426453805,5.311572375494521,50.0,50.0,21.989999771118164
2021-05-12,15.47844409942627,16.648953635251313,-19.3916843405708,22.817460317460316,22.817460317460316,20.100000381469727
2021-05-13,16.1792049407959,15.72486256669644,-24.12156789756167,16.865079365079367,16.865079365079367,21.010000228881836
2021-05-14,17.188003540039062,16.54884396020269,-12.29649021744622,30.952380952380953,30.952380952380953,22.31999969482422
2021-05-17,17.149499893188477,16.980083151679867,-6.777202078740579,36.11111111111111,36.11111111111111,22.270000457763672
2021-05-18,16.533437728881836,17.08326942524197,-13.274193119949043,29.365079365079367,29.365079365079367,21.469999313354492
2021-05-19,16.28702163696289,16.017496157588965,-19.729890259210915,22.42063492063492,22.42063492063492,21.149999618530273
2021-05-20,16.779869079589844,16.364029507093516,-15.775411397019539,26.984126984126984,26.984126984126984,21.790000915527344
2021-05-21,17.1803035736084,17.0955966639028,-7.401864071437404,35.714285714285715,35.714285714285715,22.309999465942383
2021-05-24,17.711650848388672,17.434424539008077,4.3887948705942215,47.817460317460316,47.817460317460316,23.0
2021-05-25,17.711650848388672,17.919570580424118,10.585304205302538,58.333333333333336,58.333333333333336,23.0
2021-05-26,17.96577262878418,17.734751707246932,17.066104596903976,65.67460317460318,65.67460317460318,23.329999923706055
2021-05-27,19.41350746154785,18.512524954301075,28.987256324831005,83.33333333333334,83.33333333333334,25.209999084472656
2021-05-28,19.26719856262207,19.36730725957004,33.698441931313575,89.88095238095238,89.88095238095238,25.020000457763672
2021-06-01,19.860153198242188,19.852452303687695,37.43050267943631,94.64285714285714,94.64285714285714,25.790000915527344
2021-06-02,19.937158584594727,20.021866953257653,39.15678459358916,96.82539682539682,96.82539682539682,25.889999389648438
2021-06-03,19.64453125,19.62142856787372,37.85114586942026,94.84126984126983,94.84126984126983,25.510000228881836
2021-06-04,20.098875045776367,19.9371591977911,39.61752978532992,97.42063492063492,97.42063492063492,26.100000381469727
2021-06-07,20.245189666748047,20.245189666748047,41.18190778417917,99.20634920634922,99.20634920634922,26.290000915527344
2021-06-08,20.637922286987305,20.584017499561142,42.20717416573468,100.0,100.0,26.799999237060547
2021-06-09,19.898656845092773,20.668728699875636,37.45773769399335,93.65079365079364,93.65079365079364,25.84000015258789
2021-06-10,19.806243896484375,20.28368900401615,33.74176114666439,88.4920634920635,88.4920634920635,25.719999313354492
2021-06-11,20.037269592285156,20.021867803002703,33.52806336155464,87.5,87.5,26.020000457763672
2021-06-14,19.83704948425293,19.96796174728889,30.98436943595265,84.32539682539682,84.32539682539682,25.760000228881836
2021-06-15,20.145078659057617,19.944859809946433,32.47146658008225,86.11111111111111,86.11111111111111,26.15999984741211
2021-06-16,19.5598201751709,20.037265258083938,26.593126426033546,76.38888888888889,76.38888888888889,25.399999618530273
2021-06-17,18.835956573486328,19.498218828436162,13.943416090270189,59.72222222222222,59.72222222222222,24.459999084472656
2021-06-18,18.212200164794922,18.38931634951305,-1.746720099342066,39.88095238095239,39.88095238095239,23.649999618530273
2021-06-21,19.552120208740234,18.420115326015004,5.173297365778134,47.61904761904761,47.61904761904761,25.389999389648438
2021-06-22,19.405807495117188,19.49051438363152,5.62596433967625,49.007936507936506,49.007936507936506,25.200000762939453
2021-06-23,19.244096755981445,19.4520165231264,2.6291673736416596,43.452380952380956,43.452380952380956,24.989999771118164
2021-06-24,19.85245132446289,19.58292590353183,9.557497296636368,54.563492063492056,54.563492063492056,25.780000686645508
2021-06-25,20.206682205200195,20.02186516455207,16.376675493454055,63.49206349206349,63.49206349206349,26.239999771118164
2021-06-28,19.097780227661133,20.060369986490734,1.960789221455738,43.25396825396825,43.25396825396825,24.799999237060547
2021-06-29,18.32771110534668,19.398112072744606,-16.825320499449308,25.0,25.0,23.799999237060547
2021-06-30,18.843656539916992,18.358511949028387,-19.722959459410905,22.22222222222222,22.22222222222222,24.469999313354492
2021-07-01,19.11318016052246,19.00537058801583,-16.436685492218096,25.992063492063494,25.992063492063494,24.81999969482422
2021-07-02,19.09008026123047,19.32880210339353,-14.983455800894163,27.976190476190478,27.976190476190478,24.790000915527344
2021-07-06,18.604934692382812,19.005372383517095,-21.777860402037305,20.238095238095237,20.238095238095237,24.15999984741211
2021-07-07,18.56643295288086,18.489425473377807,-25.202109214614683,15.674603174603174,15.674603174603174,24.110000610351562
2021-07-08,18.504825592041016,17.619241860917914,-25.308758829100974,15.476190476190476,15.476190476190476,24.030000686645508
2021-07-09,19.213289260864258,18.974565979334237,-13.817865389606995,29.761904761904763,29.761904761904763,24.950000762939453
2021-07-12,18.751249313354492,18.966868485255045,-15.201628903851747,28.57142857142857,28.57142857142857,24.350000381469727
2021-07-13,17.873363494873047,18.32770591646705,-26.690715608556342,13.88888888888889,13.88888888888889,23.209999084472656
2021-07-14,17.31891632080078,18.042784295746632,-34.784638147647215,6.547619047619048,6.547619047619048,22.489999771118164
2021-07-15,17.103294372558594,17.0339892602312,-37.78571010739806,4.9603174603174605,4.9603174603174605,22.209999084472656
2021-07-16,16.51803970336914,17.395921032518753,-41.323171310800035,2.7777777777777777,2.7777777777777777,21.450000762939453
2021-07-19,15.031805038452148,15.601658113610418,-41.993089841329535,2.7777777777777777,2.7777777777777777,19.520000457763672
2021-07-20,16.81836700439453,15.339829197344617,-34.0074697158468,8.134920634920634,8.134920634920634,21.84000015258789
2021-07-21,17.642343521118164,17.049387926279106,-23.743943783901255,19.246031746031747,19.246031746031747,22.90999984741211
2021-07-22,17.19570541381836,17.503733879084237,-21.170807353005994,22.61904761904762,22.61904761904762,22.329999923706055
2021-07-23,17.33431625366211,17.526834202100655,-18.813798791820815,25.595238095238095,25.595238095238095,22.510000228881836
2021-07-26,17.603843688964844,17.049390994008125,-15.277137974705013,30.158730158730158,30.158730158730158,22.860000610351562
2021-07-27,17.719350814819336,17.588438560997734,-11.779686444561882,34.92063492063492,34.92063492063492,23.010000228881836
2021-07-28,18.250699996948242,18.558728385204898,-1.7812845012484206,43.84920634920635,43.84920634920635,23.700000762939453
2021-07-29,18.427820205688477,18.61263727945238,5.8382833228962205,53.96825396825397,53.96825396825397,23.93000030517578
2021-07-30,17.819461822509766,18.119790837456822,2.120592363224981,47.61904761904761,47.61904761904761,23.139999389648438
2021-08-02,17.673145294189453,18.01967666206279,-1.6073137914204787,44.24603174603175,44.24603174603175,22.950000762939453
2021-08-03,18.127492904663086,17.79636175861732,3.189225102915526,48.80952380952381,48.80952380952381,23.540000915527344
2021-08-04,16.987783432006836,17.557636385580015,-6.393332356674353,38.69047619047619,38.69047619047619,22.059999465942383
2021-08-05,17.549936294555664,17.118695047021312,-6.142449015916261,38.88888888888889,38.88888888888889,22.790000915527344
2021-08-06,18.027379989624023,17.865665623202094,0.24368405795288645,46.03174603174603,46.03174603174603,23.40999984741211
2021-08-09,17.75785255432129,17.796357019652127,1.018557756432198,46.42857142857143,46.42857142857143,23.059999465942383
2021-08-10,18.081283569335938,17.780956069609346,6.220344836172334,54.761904761904766,54.761904761904766,23.479999542236328
2021-08-11,18.59723663330078,18.181398558953912,15.622131500613282,65.47619047619048,65.47619047619048,24.149999618530273
2021-08-12,18.196796417236328,18.5741329006827,14.988270659772635,64.68253968253968,64.68253968253968,23.6299991607666
2021-08-13,17.626943588256836,18.181396241783315,6.912392096969573,54.761904761904766,54.761904761904766,22.889999389648438
2021-08-16,17.38051986694336,17.32661507726579,-0.008062417323080702,45.03968253968254,45.03968253968254,22.56999969482422
2021-08-17,16.84147071838379,16.97238298162849,-9.663851885418634,35.317460317460316,35.317460317460316,21.8700008392334
2021-08-18,16.325523376464844,16.756763189815803,-26.818544154570027,14.484126984126986,14.484126984126986,21.200000762939453
2021-08-19,15.455341339111328,15.894282045670952,-35.18423004592691,6.746031746031746,6.746031746031746,20.06999969482422
2021-08-20,15.871180534362793,15.455341050362435,-36.222603981426445,6.349206349206349,6.349206349206349,20.610000610351562
2021-08-23,16.502635955810547,16.217708794529152,-31.337710006344604,11.904761904761903,11.904761904761903,21.43000030517578
2021-08-24,16.84147071838379,16.602747405599388,-25.14878629613676,17.857142857142858,17.857142857142858,21.8700008392334
2021-08-25,16.91077423095703,16.8876730194341,-20.927169978516982,23.41269841269841,23.41269841269841,21.959999084472656
2021-08-26,16.402528762817383,16.879973925388203,-23.801127040859775,19.642857142857142,19.642857142857142,21.299999237060547
2021-08-27,17.026287078857422,16.587346410787312,-17.81944780136308,27.579365079365083,27.579365079365083,22.110000610351562
2021-08-30,16.6258487701416,17.134095994497223,-19.468889319463127,25.793650793650798,25.793650793650798,21.59000015258789
2021-08-31,16.702857971191406,16.610448707715733,-18.868705757303257,26.58730158730159,26.58730158730159,21.690000534057617
2021-09-01,16.45643424987793,16.841470132040026,-21.46459366373773,22.817460317460316,22.817460317460316,21.3700008392334
2021-09-02,16.779869079589844,16.54114570924755,-18.324732934808395,27.18253968253968,27.18253968253968,21.790000915527344
2021-09-03,16.271615982055664,16.633550656836842,-22.834123114943843,21.626984126984127,21.626984126984127,21.1299991607666
2021-09-07,15.670960426330566,16.17150677071261,-30.612541263706177,12.5,12.5,20.350000381469727
2021-09-08,15.516946792602539,15.647859060023412,-35.78923345760191,6.746031746031746,6.746031746031746,20.149999618530273
2021-09-09,15.670960426330566,15.540048169911081,-36.86844017454657,6.349206349206349,6.349206349206349,20.350000381469727
2021-09-10,15.193513870239258,15.909680766531714,-40.70227561624257,3.571428571428571,3.571428571428571,19.729999542236328
2021-09-13,15.540045738220215,15.478440066533116,-38.988568504428045,4.761904761904762,4.761904761904762,20.18000030517578
2021-09-14,15.062601089477539,15.69405960859133,-40.481679176521176,3.7698412698412698,3.7698412698412698,19.559999465942383
2021-09-15,15.57085132598877,15.11650884477072,-34.57421146836305,8.928571428571429,8.928571428571429,20.219999313354492
2021-09-16,15.093408584594727,15.570852310044662,-37.11381624794716,6.944444444444445,6.944444444444445,19.600000381469727
2021-09-17,15.024101257324219,15.024101257324219,-37.60910755062987,6.349206349206349,6.349206349206349,19.510000228881836
2021-09-20,14.746874809265137,14.277132005808689,-36.511634397629834,7.5396825396825395,7.5396825396825395,19.149999618530273
2021-09-21,14.384939193725586,14.854683387766709,-39.02465437122286,4.9603174603174605,4.9603174603174605,18.68000030517578
2021-09-22,15.38603401184082,14.67756790628202,-29.512992984498233,15.476190476190476,15.476190476190476,19.979999542236328
2021-09-23,16.20231056213379,15.540048377427444,-11.798115120482905,38.2936507936508,38.2936507936508,21.040000915527344
2021-09-24,16.356325149536133,15.940487133840474,-0.10302769261159518,49.2063492063492,49.2063492063492,21.239999771118164
2021-09-27,16.93387794494629,16.525739380516626,13.408932395691101,66.66666666666666,66.66666666666666,21.989999771118164
2021-09-28,16.263916015625,16.74135967837426,10.157524437673402,63.29365079365079,63.29365079365079,21.1200008392334
2021-09-29,16.5411434173584,16.71056016881078,12.615412914884436,66.07142857142857,66.07142857142857,21.479999542236328
2021-09-30,15.83267593383789,16.787564797851154,2.880023263931079,52.38095238095239,52.38095238095239,20.559999465942383
2021-10-01,16.733661651611328,16.21540301626142,11.407339777051465,65.07936507936508,65.07936507936508,21.729999542236328
2021-10-04,16.425628662109375,16.64124925847249,11.290617379202889,64.68253968253968,64.68253968253968,21.329999923706055
2021-10-05,16.702857971191406,16.541142127307833,14.898845834430436,68.65079365079364,68.65079365079364,21.690000534057617
2021-10-06,16.956981658935547,16.27931764160295,20.213868457611355,74.20634920634922,74.20634920634922,22.020000457763672
2021-10-07,17.480628967285156,17.25730745917389,25.893272110466114,78.76984126984127,78.76984126984127,22.700000762939453
2021-10-08,17.465227127075195,17.465227127075195,28.495913040429222,81.34920634920636,81.34920634920636,22.68000030517578
2021-10-11,17.426725387573242,17.4729307562872,26.498124903397187,79.16666666666666,79.16666666666666,22.6299991607666
2021-10-12,17.38051986694336,17.488329446298497,24.8558995843902,77.18253968253968,77.18253968253968,22.56999969482422
2021-10-13,17.2650089263916,17.419023865985018,22.52363606950257,75.0,75.0,22.420000076293945
2021-10-14,17.2650089263916,17.519132548564013,21.281641825303954,74.0079365079365,74.0079365079365,22.420000076293945
2021-10-15,17.534536361694336,17.44212709350504,24.01710222799873,75.9920634920635,75.9920634920635,22.770000457763672
2021-10-18,17.411325454711914,17.164902691262625,23.483736985130477,75.59523809523809,75.59523809523809,22.610000610351562
2021-10-19,17.657745361328125,17.603840574144247,26.2194034974627,78.37301587301587,78.37301587301587,22.93000030517578
2021-10-20,17.76555633544922,17.54223627540695,28.851347038025754,82.34126984126983,82.34126984126983,23.06999969482422
2021-10-21,17.796361923217773,17.673150537800066,29.826449587767513,83.92857142857143,83.92857142857143,23.110000610351562
2021-10-22,17.742462158203125,17.8117672969623,28.540549823340783,80.95238095238095,80.95238095238095,23.040000915527344
2021-10-25,17.611541748046875,17.82716090021278,24.335919589562817,75.79365079365078,75.79365079365078,22.8700008392334
2021-10-26,16.425628662109375,16.86456927899577,-1.2899821254897683,45.23809523809524,45.23809523809524,21.329999923706055
2021-10-27,15.878880500793457,16.610447799040863,-22.115968843055676,22.817460317460316,22.817460317460316,20.6200008392334
2021-10-28,15.80957317352295,15.971287532086166,-31.081237028530122,13.492063492063492,13.492063492063492,20.530000686645508
2021-10-29,15.855779647827148,15.647859893995813,-35.15287067002848,8.928571428571429,8.928571428571429,20.59000015258789
2021-11-01,16.263916015625,15.986689715451043,-32.0743737757529,13.095238095238097,13.095238095238097,21.1200008392334
2021-11-02,15.932785987854004,16.17920872938174,-34.143311515593275,10.515873015873016,10.515873015873016,20.690000534057617
2021-11-03,16.28702163696289,15.794176053281907,-30.80702015495069,14.484126984126986,14.484126984126986,21.149999618530273
2021-11-04,16.194610595703125,16.25621628138093,-30.19701123434641,15.674603174603174,15.674603174603174,21.030000686645508
2021-11-05,17.896467208862305,16.795264376578018,-0.8897081193210196,45.83333333333333,45.83333333333333,23.239999771118164
2021-11-08,17.673145294189453,18.173691582536588,10.193332399182555,60.71428571428571,60.71428571428571,22.950000762939453
2021-11-09,17.75785255432129,17.542233423649265,18.171922128741617,70.43650793650794,70.43650793650794,23.059999465942383
2021-11-10,17.19570541381836,17.542238355239707,11.481543087927967,63.29365079365079,63.29365079365079,22.329999923706055
2021-11-11,16.772165298461914,17.318915602920516,0.9504406980295209,47.817460317460316,47.817460317460316,21.780000686645508
2021-11-12,16.864572525024414,16.85687163058687,-3.2321531807438886,43.65079365079365,43.65079365079365,21.899999618530273
2021-11-15,17.57303810119629,17.35741893894063,7.0424383331201765,57.14285714285714,57.14285714285714,22.81999969482422
2021-11-16,16.856870651245117,17.85026394404326,-0.33496312168837816,46.42857142857143,46.42857142857143,21.889999389648438
2021-11-17,16.772165298461914,16.987784474847626,-5.805520480284666,41.269841269841265,41.269841269841265,21.780000686645508
2021-11-18,16.68745994567871,16.94928453764269,-10.079644288074672,38.2936507936508,38.2936507936508,21.670000076293945
2021-11-19,15.593955993652344,16.394831475632174,-26.30921432536935,19.246031746031747,19.246031746031747,20.25
2021-11-22,15.747968673706055,15.863479148305327,-32.376986263477164,12.698412698412698,12.698412698412698,20.450000762939453
2021-11-23,15.724867820739746,15.925086685443638,-35.64038282189046,8.73015873015873,8.73015873015873,20.420000076293945
2021-11-24,15.717161178588867,15.563146271657905,-36.988987638258784,7.5396825396825395,7.5396825396825395,20.40999984741211
2021-11-26,13.73038387298584,14.315638776561617,-38.49100096801535,5.753968253968254,5.753968253968254,17.829999923706055
2021-11-29,13.707281112670898,14.265583610510797,-39.37319235896057,4.365079365079365,4.365079365079365,17.799999237060547
2021-11-30,12.914106369018555,13.32224354400123,-41.881196889448965,2.976190476190476,2.976190476190476,16.770000457763672
2021-12-01,11.874506950378418,13.37614751446413,-43.94840746954128,1.5873015873015872,1.5873015873015872,15.420000076293945
2021-12-02,13.222132682800293,12.475163575845777,-39.99903720971504,4.563492063492063,4.563492063492063,17.170000076293945
2021-12-03,12.937207221984863,13.13742609053026,-39.04849853470262,5.753968253968254,5.753968253968254,16.799999237060547
2021-12-06,13.953700065612793,13.24523403192746,-32.62682917279648,14.087301587301587,14.087301587301587,18.1200008392334
2021-12-07,14.269433975219727,14.354140892202807,-27.009175490875837,19.841269841269842,19.841269841269842,18.530000686645508
2021-12-08,14.716073036193848,14.492751502067273,-20.425283493940494,27.976190476190478,27.976190476190478,19.110000610351562
2021-12-09,14.37817668914795,14.425215016050709,-19.407302413147526,29.761904761904763,29.761904761904763,18.34000015258789
2021-12-10,14.291938781738281,14.636890007991148,-19.182001513356877,29.96031746031746,29.96031746031746,18.229999542236328
2021-12-13,13.547158241271973,14.048904344360118,-23.787509804119352,24.404761904761905,24.404761904761905,17.280000686645508
2021-12-14,13.257087707519531,13.264927678695052,-28.074839423695074,19.246031746031747,19.246031746031747,16.90999984741211
2021-12-15,13.476601600646973,13.288446789761549,-28.544220472150567,19.246031746031747,19.246031746031747,17.190000534057617
2021-12-16,12.959175109863281,13.719634301396379,-31.424730441135612,15.873015873015872,15.873015873015872,16.530000686645508
2021-12-17,13.014052391052246,12.896455833863614,-32.44994178717593,14.484126984126986,14.484126984126986,16.600000381469727
2021-12-20,12.386871337890625,12.449589613208689,-36.15161008980425,9.325396825396826,9.325396825396826,15.800000190734863
2021-12-21,13.82330322265625,12.623664081233002,-24.91712015406695,23.214285714285715,23.214285714285715,17.6299991607666
2021-12-22,13.956597328186035,13.713533401020102,-16.883063858849322,32.34126984126984,32.34126984126984,17.799999237060547
2021-12-23,14.4662446975708,14.08988599091791,-5.392081937821964,43.84920634920635,43.84920634920635,18.450000762939453
2021-12-27,14.59169864654541,14.340793812546412,7.4121449321699675,59.523809523809526,59.523809523809526,18.610000610351562
2021-12-28,14.826920509338379,14.474084676705731,15.662656587920528,70.43650793650794,70.43650793650794,18.90999984741211
2021-12-29,14.662266731262207,14.65442576777253,17.67405342503727,72.61904761904762,72.61904761904762,18.700000762939453
2021-12-30,14.607378959655762,14.654424737285607,18.00045134201723,73.01587301587301,73.01587301587301,18.6299991607666
2021-12-31,14.670105934143066,14.536814043759824,19.052159489655203,74.0079365079365,74.0079365079365,18.709999084472656
2022-01-03,15.054305076599121,14.724992106313803,23.461320653638634,77.77777777777779,77.77777777777779,19.200000762939453
2022-01-04,16.128490447998047,15.360094070239318,32.67940026263948,89.68253968253968,89.68253968253968,20.56999969482422
2022-01-05,15.658041954040527,16.230420207277017,29.544570114298217,86.11111111111111,86.11111111111111,19.969999313354492
2022-01-06,15.830541610717773,15.932471133721133,29.856444262770825,86.70634920634922,86.70634920634922,20.190000534057617
2022-01-07,16.191221237182617,15.9873606412838,33.56524959960971,90.67460317460318,90.67460317460318,20.649999618530273
2022-01-10,15.775655746459961,16.097127723551637,29.93558161287581,86.5079365079365,86.5079365079365,20.1200008392334
2022-01-11,16.285308837890625,15.728612392431648,33.61422846289658,90.67460317460318,90.67460317460318,20.770000457763672
2022-01-12,16.32451057434082,16.402918706361422,35.49332589546466,93.84920634920636,93.84920634920636,20.81999969482422
2022-01-13,16.54405403137207,16.606780241626595,36.43828473728307,94.84126984126983,94.84126984126983,21.100000381469727
2022-01-14,16.943931579589844,16.128489476040574,39.03861301746738,96.62698412698413,96.62698412698413,21.610000610351562
2022-01-18,16.300992965698242,16.559738814573876,33.738566837679286,90.67460317460318,90.67460317460318,20.790000915527344
2022-01-19,15.681565284729004,16.308827297913922,23.823405725261896,77.18253968253968,77.18253968253968,20.0
2022-01-20,15.16407585144043,15.75997559430233,10.89789991742703,63.888888888888886,63.888888888888886,19.34000015258789
2022-01-21,14.309432983398438,15.07782957372128,-9.754597055371022,39.08730158730159,39.08730158730159,18.25
2022-01-24,14.607378959655762,13.45478432691831,-13.357400456582374,35.317460317460316,35.317460317460316,18.6299991607666
2022-01-25,14.474084854125977,13.752734246142705,-16.494152008881446,31.547619047619047,31.547619047619047,18.459999084472656
2022-01-26,13.729214668273926,14.7485161166404,-24.604904855622486,22.817460317460316,22.817460317460316,17.510000228881836
2022-01-27,12.913771629333496,14.003641699901312,-33.73077168348696,12.3015873015873,12.3015873015873,16.469999313354492
2022-01-28,13.258767127990723,12.851045954829846,-33.64405933453395,12.698412698412698,12.698412698412698,16.90999984741211
2022-01-31,13.752737045288086,12.984339010131091,-29.183916581266068,18.452380952380953,18.452380952380953,17.540000915527344
2022-02-01,14.317272186279297,13.823301942205273,-21.358583208086397,26.785714285714285,26.785714285714285,18.260000228881836
2022-02-02,14.560335159301758,14.16829597247937,-14.049131848951566,35.11904761904761,35.11904761904761,18.56999969482422
2022-02-03,14.317272186279297,14.27806736781498,-12.968314668905023,37.10317460317461,37.10317460317461,18.260000228881836
2022-02-04,14.332952499389648,14.07420670871052,-12.23682992118094,38.492063492063494,38.492063492063494,18.280000686645508
2022-02-07,14.91317081451416,14.434882534798716,-5.076319429909913,44.84126984126984,44.84126984126984,19.020000457763672
2022-02-08,15.446342468261719,14.86612323425083,4.734043500812739,55.952380952380956,55.952380952380956,19.700000762939453
2022-02-09,15.995195388793945,15.846220108251968,15.6302100924674,70.43650793650794,70.43650793650794,20.399999618530273
2022-02-10,15.665885925292969,15.509071144078803,17.09381765485423,72.02380952380952,72.02380952380952,19.979999542236328
2022-02-11,15.5482759475708,15.618843129272458,16.240878910351828,71.03174603174604,71.03174603174604,19.829999923706055
2022-02-14,15.007262229919434,15.563958750689839,10.045726770610441,63.69047619047619,63.69047619047619,19.139999389648438
2022-02-15,15.775655746459961,15.29736751422133,16.210535051657494,71.23015873015873,71.23015873015873,20.1200008392334
2022-02-16,16.277467727661133,15.6502041117342,25.451407492932905,79.96031746031747,79.96031746031747,20.760000228881836
2022-02-17,15.642363548278809,15.995197905485314,22.583904034083176,76.98412698412699,76.98412698412699,19.950000762939453
2022-02-18,15.077825546264648,15.477705663929024,14.59667871302428,69.04761904761905,69.04761904761905,19.229999542236328
2022-02-22,14.458406448364258,14.999419480080068,2.934099304244021,53.37301587301587,53.37301587301587,18.440000534057617
2022-02-23,13.940914154052734,14.881807314046721,-7.926159518031528,41.269841269841265,41.269841269841265,17.780000686645508
2022-02-24,15.12487506866455,13.674329536331877,-0.529321359036565,48.61111111111111,48.61111111111111,19.290000915527344
2022-02-25,16.449960708618164,15.360092460590417,16.72309715246964,72.02380952380952,72.02380952380952,20.979999542236328
2022-02-28,18.410158157348633,16.755753958395882,30.02170087186144,86.5079365079365,86.5079365079365,23.479999542236328
2022-03-01,17.822101593017578,18.323912783710746,33.33708910968111,89.88095238095238,89.88095238095238,22.729999542236328
2022-03-02,18.198455810546875,17.84562148864702,36.7961425310375,94.84126984126983,94.84126984126983,23.209999084472656
2022-03-03,17.390859603881836,18.363116665723688,31.96204196780525,87.6984126984127,87.6984126984127,22.18000030517578
2022-03-04,17.147796630859375,17.257567137032797,27.15550105915545,82.14285714285714,82.14285714285714,21.8700008392334
2022-03-07,16.12065315246582,17.375179021311908,15.530249162040164,68.84920634920636,68.84920634920636,20.559999465942383
2022-03-08,15.140551567077637,16.08144612607863,0.6831756030133527,49.007936507936506,49.007936507936506,19.309999465942383
2022-03-09,16.23826026916504,15.603157288609209,2.3556380349235955,50.595238095238095,50.595238095238095,20.709999084472656
2022-03-10,16.18337631225586,15.807019071391942,2.8176240369526413,51.19047619047619,51.19047619047619,20.639999389648438
2022-03-11,15.469865798950195,16.575416175132982,-3.1540830230070593,44.44444444444444,44.44444444444444,19.729999542236328
2022-03-14,15.266005516052246,15.64236427493782,-8.150016319581448,38.492063492063494,38.492063492063494,19.469999313354492
2022-03-15,16.057926177978516,15.59531977626871,-3.3198845683004934,44.047619047619044,44.047619047619044,20.479999542236328
2022-03-16,15.924630165100098,16.09712835159403,-1.9616615756346771,45.23809523809524,45.23809523809524,20.309999465942383
2022-03-17,16.661664962768555,15.838383292224298,5.574010325384202,56.34920634920635,56.34920634920635,21.25
2022-03-18,16.96745491027832,16.732232004940457,11.757135588612998,65.27777777777779,65.27777777777779,21.639999389648438
2022-03-21,17.61040496826172,16.81064591785878,20.688440877598353,74.60317460317461,74.60317460317461,22.459999084472656
2022-03-22,18.284709930419922,17.767218252805094,30.46048783965047,86.30952380952381,86.30952380952381,23.31999969482422
2022-03-23,18.01027488708496,18.198453466966875,32.86786421312788,89.0873015873016,89.0873015873016,22.969999313354492
2022-03-24,18.645383834838867,18.22982176798059,37.77487910607113,95.63492063492063,95.63492063492063,23.780000686645508
2022-03-25,18.80219841003418,18.715950808775276,38.59316552142776,96.23015873015873,96.23015873015873,23.979999542236328
2022-03-28,18.041645050048828,18.57481862753134,31.31235320361355,86.5079365079365,86.5079365079365,23.010000228881836
2022-03-29,18.33175277709961,17.829943067533087,30.29505828827824,85.11904761904762,85.11904761904762,23.3799991607666
2022-03-30,18.449363708496094,18.394476968973073,30.826739334328423,85.71428571428571,85.71428571428571,23.530000686645508
2022-03-31,17.712329864501953,18.237662413435128,22.9223868424588,74.60317460317461,74.60317460317461,22.59000015258789
2022-04-01,18.198455810546875,17.939710042949404,23.215089884322254,75.1984126984127,75.1984126984127,23.209999084472656
2022-04-04,17.986759185791016,18.23766403829024,20.781876241430187,72.81746031746032,72.81746031746032,22.940000534057617
2022-04-05,17.3594970703125,17.837785421722202,12.71440141890237,63.29365079365079,63.29365079365079,22.139999389648438
2022-04-06,17.1556339263916,17.04586343412241,6.130501394464778,54.563492063492056,54.563492063492056,21.8799991607666
2022-04-07,17.884828567504883,17.04586488678289,10.961320099985569,61.70634920634921,61.70634920634921,22.809999465942383
2022-04-08,17.179161071777344,17.978921559191424,5.2483538299337535,52.182539682539684,52.182539682539684,21.90999984741211
2022-04-11,17.335973739624023,17.249724637871196,4.035758077680105,50.198412698412696,50.198412698412696,22.110000610351562
2022-04-12,17.61040496826172,17.46927207384563,6.980146980605145,55.55555555555556,55.55555555555556,22.459999084472656
2022-04-13,18.096529006958008,17.822101274000882,13.242166674550566,63.69047619047619,63.69047619047619,23.079999923706055
2022-04-14,18.198455810546875,18.308227784580467,16.365054442273006,68.05555555555556,68.05555555555556,23.209999084472656
2022-04-18,18.1043701171875,18.190619218519707,14.670631198731247,65.27777777777779,65.27777777777779,23.09000015258789
2022-04-19,18.566980361938477,17.986762412566794,19.95528514638787,71.82539682539682,71.82539682539682,23.68000030517578
2022-04-20,18.543455123901367,18.802200953704233,21.833557003676287,73.01587301587301,73.01587301587301,23.649999618530273
2022-04-21,16.89689064025879,19.006062169510738,-5.087289388733866,37.5,37.5,21.549999237060547
2022-04-22,16.42643928527832,16.740070273757585,-22.007860806131283,19.444444444444446,19.444444444444446,20.950000762939453
2022-04-25,16.167699813842773,16.104973591778375,-25.31750604055814,16.071428571428573,16.071428571428573,20.6200008392334
2022-04-26,15.462023735046387,15.807018610194518,-32.765576972882485,7.738095238095238,7.738095238095238,19.719999313354492
2022-04-27,15.12487506866455,15.313053730270958,-36.44809211616422,3.571428571428571,3.571428571428571,19.290000915527344
2022-04-28,15.360095024108887,15.367935987084456,-36.444364565396704,3.7698412698412698,3.7698412698412698,19.59000015258789
2022-04-29,14.074206352233887,15.367935272861487,-40.34591898633151,1.1904761904761905,1.1904761904761905,17.950000762939453
2022-05-02,14.027162551879883,13.972277301383482,-40.13040141711559,1.3888888888888888,1.3888888888888888,17.889999389648438
2022-05-03,14.403521537780762,14.183979037157759,-38.25018189799004,2.7777777777777777,2.7777777777777777,18.3700008392334
2022-05-04,15.556116104125977,14.481928001607999,-28.626681211046943,14.087301587301587,14.087301587301587,19.84000015258789
2022-05-05,14.411358833312988,15.313050095828103,-30.909584901642916,11.11111111111111,11.11111111111111,18.3799991607666
2022-05-06,14.144773483276367,14.19181776330975,-33.89417831011633,6.944444444444445,6.944444444444445,18.040000915527344
2022-05-09,12.23946475982666,13.752737207850858,-38.951448190421814,2.579365079365079,2.579365079365079,15.609999656677246
2022-05-10,12.302189826965332,12.576618315160877,-41.19404417033239,0.7936507936507936,0.7936507936507936,15.6899995803833
2022-05-11,11.902310371398926,12.223782396301406,-43.1750803902635,0.1984126984126984,0.1984126984126984,15.180000305175781
2022-05-12,11.6592435836792,11.792536947096103,-42.85199594460409,0.3968253968253968,0.3968253968253968,14.869999885559082
2022-05-13,12.262986183166504,11.925832239088795,-40.537339689715566,1.5873015873015872,1.5873015873015872,15.640000343322754
2022-05-16,12.176735877990723,12.137531813155165,-39.52662632032459,2.579365079365079,2.579365079365079,15.529999732971191
2022-05-17,13.039222717285156,12.670706419445619,-34.089137083160495,7.936507936507936,7.936507936507936,16.6299991607666
2022-05-18,12.066967010498047,12.694229888642045,-35.647675888984985,6.349206349206349,6.349206349206349,15.390000343322754
2022-05-19,11.627883911132812,11.769018278180699,-38.24064787795622,4.166666666666666,4.166666666666666,14.829999923706055
2022-05-20,11.290728569030762,11.878787364246019,-39.34229115723077,2.976190476190476,2.976190476190476,14.399999618530273
2022-05-23,11.941513061523438,11.612200838323316,-35.25319716813895,7.142857142857142,7.142857142857142,15.229999542236328
2022-05-24,12.223782539367676,11.823902370550329,-30.76208708081416,13.095238095238097,13.095238095238097,15.59000015258789
2022-05-25,12.506049156188965,12.161055021594702,-24.72884065364834,20.03968253968254,20.03968253968254,15.949999809265137
2022-05-26,13.125473022460938,12.788319050991218,-15.490147902068843,29.563492063492063,29.563492063492063,16.739999771118164
2022-05-27,13.956597328186035,13.352857992677821,-1.5007153709206367,42.06349206349206,42.06349206349206,17.799999237060547
2022-05-31,13.454785346984863,13.479875532983186,0.6239185546601422,44.642857142857146,44.642857142857146,17.15999984741211
2022-06-01,13.40774154663086,13.674328334351252,1.2539648747798104,46.03174603174603,46.03174603174603,17.100000381469727
2022-06-02,14.215340614318848,13.603760424593723,9.870281536391051,58.92857142857143,58.92857142857143,18.1299991607666
2022-06-03,14.160455703735352,13.862506565163143,14.25693758500029,65.27777777777779,65.27777777777779,18.059999465942383
2022-06-06,14.36431884765625,14.505453226438517,22.76690370829218,75.59523809523809,75.59523809523809,18.31999969482422
2022-06-07,15.344415664672852,14.07420936039068,32.141436168122596,88.29365079365078,88.29365079365078,19.56999969482422
2022-06-08,14.481925964355469,15.007258496121503,28.608656465810643,82.14285714285714,82.14285714285714,18.469999313354492
2022-06-09,13.603759765625,14.278066134338168,17.76533535635371,71.03174603174604,71.03174603174604,17.350000381469727
2022-06-10,12.70991039276123,12.98433813718804,2.9730151770680986,48.80952380952381,48.80952380952381,16.209999084472656
2022-06-13,11.29857063293457,11.84742541237742,-16.281232631597167,28.76984126984127,28.76984126984127,14.40999984741211
2022-06-14,10.977096557617188,11.361294757672502,-27.831378478049558,16.46825396825397,16.46825396825397,14.0
2022-06-15,11.431862831115723,11.275047303150536,-29.70085280197205,14.484126984126986,14.484126984126986,14.579999923706055
2022-06-16,10.271428108215332,10.8516459882001,-36.06222622120493,6.547619047619048,6.547619047619048,13.100000381469727
2022-06-17,10.38119888305664,10.271428374554265,-36.96032226024911,5.357142857142857,5.357142857142857,13.239999771118164
2022-06-21,11.220161437988281,10.883007510596173,-31.031851622191,13.095238095238097,13.095238095238097,14.3100004196167
2022-06-22,11.071186065673828,10.781077169745858,-29.036734473821944,15.873015873015872,15.873015873015872,14.119999885559082
2022-06-23,10.812439918518066,11.079026664878691,-29.5957132253251,15.277777777777779,15.277777777777779,13.789999961853027
2022-06-24,11.831743240356445,11.110391048590461,-21.338326721836463,24.6031746031746,24.6031746031746,15.09000015258789
2022-06-27,11.910150527954102,11.949354597376704,-16.09013289794464,30.158730158730158,30.158730158730158,15.1899995803833
2022-06-28,11.682768821716309,12.121853090840025,-15.197077741067499,31.746031746031743,31.746031746031743,14.899999618530273
2022-06-29,11.478907585144043,11.745493602345332,-16.68908076562454,28.76984126984127,28.76984126984127,14.640000343322754
2022-06-30,12.09048843383789,11.141753583398419,-10.741892710346884,35.11904761904761,35.11904761904761,15.420000076293945
2022-07-01,12.474686622619629,12.059125300036516,-3.9086628941303254,40.476190476190474,40.476190476190474,15.90999984741211
2022-07-05,11.29857063293457,11.878788521266854,-11.601818635168602,34.72222222222222,34.72222222222222,14.40999984741211
2022-07-06,11.76901626586914,11.392658267344416,-10.803320558665892,34.72222222222222,34.72222222222222,15.010000228881836
2022-07-07,12.051284790039062,11.91799140363692,-7.202924084220408,37.10317460317461,37.10317460317461,15.369999885559082
2022-07-08,12.082647323608398,12.051284219337564,-4.7702950579669166,39.682539682539684,39.682539682539684,15.40999984741211
2022-07-11,11.784698486328125,11.81606159333261,-5.133093200124528,38.88888888888889,38.88888888888889,15.029999732971191
2022-07-12,11.831743240356445,11.69060888830275,-0.44724457577849436,43.65079365079365,43.65079365079365,15.09000015258789
2022-07-13,11.290728569030762,11.369136707494967,-3.683541280110189,40.27777777777778,40.27777777777778,14.399999618530273
2022-07-14,10.914372444152832,10.781079043431781,-9.99753070755224,34.523809523809526,34.523809523809526,13.920000076293945
2022-07-15,11.212321281433105,11.290728672862937,-9.242451517597738,34.92063492063492,34.92063492063492,14.300000190734863
2022-07-18,10.80459976196289,11.580837918908745,-14.017349081795306,29.96031746031746,29.96031746031746,13.779999732971191
2022-07-19,11.965034484863281,10.757553988540263,0.6676032261294471,45.23809523809524,45.23809523809524,15.260000228881836
2022-07-20,12.41196060180664,11.98071734651362,14.025746931455025,65.07936507936508,65.07936507936508,15.829999923706055
2022-07-21,12.529572486877441,12.278667637882833,22.87045296782945,75.9920634920635,75.9920634920635,15.979999542236328
2022-07-22,12.192418098449707,12.553094157716409,21.279564768744727,74.0079365079365,74.0079365079365,15.550000190734863
2022-07-25,12.38844108581543,12.278669820985641,23.401677716718538,76.78571428571429,76.78571428571429,15.800000190734863
2022-07-26,11.816060066223145,12.20025901206847,14.49752757295156,65.27777777777779,65.27777777777779,15.069999694824219
2022-07-27,12.082647323608398,12.114010427879233,14.156672078593777,64.48412698412699,64.48412698412699,15.40999984741211
2022-07-28,12.866727828979492,12.114012452897695,25.527708263219782,78.96825396825396,78.96825396825396,16.40999984741211
2022-07-29,13.611599922180176,12.74911348321753,33.71833765322234,91.46825396825396,91.46825396825396,17.360000610351562
2022-08-01,13.940914154052734,13.650804495026987,37.741822263880145,96.03174603174604,96.03174603174604,17.780000686645508
2022-08-02,13.917391777038574,13.870347491183182,37.86156883389282,96.42857142857143,96.42857142857143,17.75
2022-08-03,14.152612686157227,14.003638886247419,39.661660051048365,98.01587301587301,98.01587301587301,18.049999237060547
2022-08-04,13.838984489440918,14.144776105115396,37.6599471606692,95.43650793650794,95.43650793650794,17.649999618530273
2022-08-05,13.768414497375488,13.470465402090102,35.89741534266194,93.45238095238095,93.45238095238095,17.559999465942383
2022-08-08,13.572397232055664,13.940915052029299,32.12061941323755,87.3015873015873,87.3015873015873,17.309999465942383
2022-08-09,13.635125160217285,13.619444726203337,30.833974355195657,85.31746031746032,85.31746031746032,17.389999389648438
2022-08-10,14.41919994354248,14.136932762993409,36.70542001261034,94.04761904761905,94.04761904761905,18.389999389648438
2022-08-11,14.32511043548584,14.654423370629559,37.38349225126695,94.84126984126983,94.84126984126983,18.270000457763672
2022-08-12,15.11703109741211,14.474085595415268,40.807509390461554,98.80952380952381,98.80952380952381,19.280000686645508
2022-08-15,15.477705955505371,14.897488174486652,42.2132096104314,100.0,100.0,19.739999771118164
2022-08-16,15.556116104125977,15.367937461194321,42.79003640531281,100.0,100.0,19.84000015258789
2022-08-17,15.289528846740723,15.062145392200387,41.329880060196494,99.0079365079365,99.0079365079365,19.5
2022-08-18,15.383618354797363,15.289528291899378,41.05162387153616,98.21428571428571,98.21428571428571,19.6200008392334
2022-08-19,14.724993705749512,15.101350999666899,34.52504082308276,90.07936507936508,90.07936507936508,18.780000686645508
2022-08-22,13.791935920715332,14.270224110401802,19.387741441379312,69.44444444444444,69.44444444444444,17.59000015258789
2022-08-23,13.84682559967041,13.768417453912996,11.379199461131536,58.92857142857143,58.92857142857143,17.65999984741211
2022-08-24,14.246705055236816,14.027162557649994,12.078536330861263,59.72222222222222,59.72222222222222,18.170000076293945
2022-08-25,15.140551567077637,14.411358508178468,22.59001148336669,72.81746031746032,72.81746031746032,19.309999465942383
2022-08-26,13.854665756225586,15.218962029041865,8.356637313795781,54.166666666666664,54.166666666666664,17.670000076293945
2022-08-29,13.627283096313477,13.501830661253889,-6.321140292225924,35.51587301587302,35.51587301587302,17.3799991607666
2022-08-30,13.015701293945312,13.737053457094401,-19.01288345504643,24.404761904761905,24.404761904761905,16.600000381469727
2022-08-31,12.63150405883789,13.094110454851322,-27.790803246636553,16.26984126984127,16.26984126984127,16.110000610351562
2022-09-01,12.208099365234375,12.42764183613362,-31.856847441238973,11.706349206349206,11.706349206349206,15.569999694824219
2022-09-02,11.98071575164795,12.584455630484362,-36.007541530622085,6.944444444444445,6.944444444444445,15.279999732971191
2022-09-06,11.965034484863281,12.059123786787183,-38.27466935525082,4.166666666666666,4.166666666666666,15.260000228881836
2022-09-07,12.576617240905762,11.816060297035195,-31.886589103972995,12.103174603174603,12.103174603174603,16.040000915527344
2022-09-08,12.63150405883789,12.380598451314652,-27.838261314549147,16.865079365079367,16.865079365079367,16.110000610351562
2022-09-09,13.094110488891602,12.796159845509601,-20.126810883722936,23.809523809523807,23.809523809523807,16.700000762939453
2022-09-12,13.196036338806152,13.24308061310644,-14.584545720472297,29.96031746031746,29.96031746031746,16.829999923706055
2022-09-13,11.52595043182373,12.45116303069878,-27.232580862860996,17.46031746031746,17.46031746031746,14.699999809265137
2022-09-14,12.082647323608398,11.59651883353278,-27.03695190824444,17.658730158730158,17.658730158730158,15.40999984741211
2022-09-15,11.761177062988281,11.91015164344038,-29.680816320876335,14.880952380952381,14.880952380952381,15.0
2022-09-16,11.36913776397705,11.329933691101893,-33.49564789538625,10.912698412698413,10.912698412698413,14.5
2022-09-19,11.580839157104492,11.1339139285926,-33.403556721011824,11.11111111111111,11.11111111111111,14.770000457763672
2022-09-20,11.525802612304688,11.415734034697174,-33.794691926726735,10.119047619047619,10.119047619047619,14.65999984741211
2022-09-21,11.187734603881836,12.021115050555505,-36.85951796039942,5.952380952380952,5.952380952380952,14.229999542236328
2022-09-22,10.818215370178223,11.164146339960002,-38.96070741502504,3.7698412698412698,3.7698412698412698,13.760000228881836
2022-09-23,9.969112396240234,10.582354101278142,-40.47312986939482,1.984126984126984,1.984126984126984,12.680000305175781
2022-09-26,9.536699295043945,9.84332056166744,-42.78855054158448,0.5952380952380952,0.5952380952380952,12.130000114440918
2022-09-27,9.363731384277344,9.76469739690136,-43.705440704460365,0.1984126984126984,0.1984126984126984,11.90999984741211
2022-09-28,9.929800987243652,9.434490163676335,-40.21062803023263,2.7777777777777777,2.7777777777777777,12.630000114440918
2022-09-29,9.26152515411377,9.686077220606972,-40.727463612309045,1.7857142857142856,1.7857142857142856,11.779999732971191
2022-09-30,9.033524513244629,9.17504211129404,-42.37235025190023,0.992063492063492,0.992063492063492,11.489999771118164
2022-10-03,9.79614543914795,9.277248611277152,-37.13974804292764,6.547619047619048,6.547619047619048,12.460000038146973
2022-10-04,10.747457504272461,10.220698374232962,-24.75623057487856,21.825396825396826,21.825396825396826,13.670000076293945
2022-10-05,10.558768272399902,10.393664646964057,-19.38622576289168,26.38888888888889,26.38888888888889,13.430000305175781
2022-10-06,10.354354858398438,10.377940878067491,-18.62092659181828,27.579365079365083,27.579365079365083,13.170000076293945
2022-10-07,10.189250946044922,10.06345784482484,-19.544587682507363,25.793650793650798,25.793650793650798,12.960000038146973
2022-10-10,10.464423179626465,10.432974906538353,-16.87928678894385,28.57142857142857,28.57142857142857,13.3100004196167
2022-10-11,10.432975769042969,10.370078467880987,-14.447310760764395,31.547619047619047,31.547619047619047,13.270000457763672
2022-10-12,9.74897289276123,10.291456498362807,-20.327970850989022,25.198412698412696,25.198412698412696,12.399999618530273
2022-10-13,10.322904586791992,9.214352129414786,-15.299547701136865,30.753968253968257,30.753968253968257,13.130000114440918
2022-10-14,9.434490203857422,10.503732157038334,-23.109281591680304,23.214285714285715,23.214285714285715,12.0
2022-10-17,10.189250946044922,9.843319917689698,-17.539868201372247,28.76984126984127,28.76984126984127,12.960000038146973
2022-10-18,11.423596382141113,10.692423813493498,0.8036562860590466,45.83333333333333,45.83333333333333,14.529999732971191
2022-10-19,11.588699340820312,11.203457813497792,12.185836353496386,59.92063492063492,59.92063492063492,14.739999771118164
2022-10-20,11.533666610717773,11.620149184733497,20.161970554178588,70.03968253968253,70.03968253968253,14.670000076293945
2022-10-21,12.280560493469238,11.51793904371228,29.533894428450708,81.15079365079364,81.15079365079364,15.619999885559082
2022-10-24,12.705114364624023,12.610770294845283,34.47261510967876,89.88095238095238,89.88095238095238,16.15999984741211
2022-10-25,12.862358093261719,12.461391997491955,37.96554679698002,95.23809523809523,95.23809523809523,16.360000610351562
2022-10-26,12.720837593078613,12.972423753209368,35.448218190165285,90.87301587301587,90.87301587301587,16.18000030517578
2022-10-27,13.341941833496094,12.964562562326522,37.827823895783276,94.64285714285714,94.64285714285714,16.969999313354492
2022-10-28,14.356151580810547,13.373392038035226,40.86171595889915,98.01587301587301,98.01587301587301,18.260000228881836
2022-10-31,14.238221168518066,14.041669253986662,41.87743236371996,99.40476190476191,99.40476190476191,18.110000610351562
2022-11-01,14.316841125488281,14.52911755887414,41.97194299790749,99.40476190476191,99.40476190476191,18.209999084472656
2022-11-02,13.703598022460938,14.15959834766837,37.421657375425355,92.85714285714286,92.85714285714286,17.43000030517578
2022-11-03,13.923734664916992,13.31049374999166,36.391035178042515,91.26984126984127,91.26984126984127,17.709999084472656
2022-11-04,14.175326347351074,14.206773877739886,37.118055672058986,92.26190476190477,92.26190476190477,18.030000686645508
2022-11-07,14.788564682006836,14.348288841543738,40.2087138229844,96.82539682539682,96.82539682539682,18.809999465942383
2022-11-08,15.165946960449219,14.985118053260098,41.85267837873524,99.0079365079365,99.0079365079365,19.290000915527344
2022-11-09,14.843597412109375,14.985115006540118,40.605033835379366,97.02380952380952,97.02380952380952,18.8799991607666
2022-11-10,16.321670532226562,15.842083399430487,42.373401760293106,99.8015873015873,99.8015873015873,20.760000228881836
2022-11-11,14.662771224975586,15.82635809600792,34.663096096430664,87.5,87.5,18.649999618530273
2022-11-14,14.167463302612305,14.615601457650094,26.188784034677354,74.0079365079365,74.0079365079365,18.020000457763672
2022-11-15,14.820015907287598,14.544842903787973,24.996422106166033,73.01587301587301,73.01587301587301,18.850000381469727
2022-11-16,14.529117584228516,14.717807247710065,21.282384892422666,68.84920634920636,68.84920634920636,18.479999542236328
2022-11-17,14.702082633972168,14.112426937415616,20.180338362401073,67.46031746031747,67.46031746031747,18.700000762939453
2022-11-18,15.087325096130371,15.04015155783634,22.717778800595035,70.43650793650794,70.43650793650794,19.190000534057617
2022-11-21,15.28387451171875,14.906493764838268,24.43596460989771,73.21428571428571,73.21428571428571,19.440000534057617
2022-11-22,15.433255195617676,15.527600771509437,26.64647204154498,76.38888888888889,76.38888888888889,19.6299991607666
2022-11-23,15.543325424194336,15.488291129249752,28.08732540159901,77.38095238095238,77.38095238095238,19.770000457763672
2022-11-25,15.802772521972656,15.637668151815534,30.824449203960175,82.14285714285714,82.14285714285714,20.100000381469727
2022-11-28,15.01656436920166,15.53546122754636,21.713949683022484,69.24603174603175,69.24603174603175,19.100000381469727
2022-11-29,15.110908508300781,14.99297767620569,17.882739773956683,65.27777777777779,65.27777777777779,19.219999313354492
2022-11-30,15.849944114685059,15.2131164179944,24.393400597077967,73.61111111111111,73.61111111111111,20.15999984741211
2022-12-01,15.944291114807129,15.960014127573174,28.684469964051363,78.76984126984127,78.76984126984127,20.280000686645508
2022-12-02,16.793392181396484,15.45683887123974,35.415366101770005,90.07936507936508,90.07936507936508,21.360000610351562
2022-12-05,16.258773803710938,16.416014427795375,33.353775157897395,86.70634920634922,86.70634920634922,20.68000030517578
2022-12-06,15.378220558166504,16.416014371968192,19.153823981355604,66.46825396825396,66.46825396825396,19.559999465942383
2022-12-07,15.213117599487305,15.331048441430056,9.309631671283826,53.769841269841265,53.769841269841265,19.350000381469727
2022-12-08,15.488287925720215,15.566907473909973,7.571261488042127,52.77777777777778,52.77777777777778,19.700000762939453
2022-12-09,15.048015594482422,15.401809675683083,0.2883039123632721,43.84920634920635,43.84920634920635,19.139999389648438
2022-12-12,15.676980018615723,15.158083120769774,4.920543517612419,49.2063492063492,49.2063492063492,19.940000534057617
2022-12-13,15.614082336425781,16.706910345013043,6.382026371364984,51.78571428571429,51.78571428571429,19.860000610351562
2022-12-14,15.787047386169434,15.724150842781183,9.77041514271728,54.96031746031746,54.96031746031746,20.079999923706055
2022-12-15,14.875048637390137,15.535463176225992,-2.2555896598438903,40.67460317460318,40.67460317460318,18.920000076293945
2022-12-16,15.071599960327148,14.73353044772228,-5.76579049475029,37.89682539682539,37.89682539682539,19.170000076293945
2022-12-19,14.780701637268066,15.15022015292152,-15.07601120759717,30.952380952380953,30.952380952380953,18.799999237060547
2022-12-20,15.144129753112793,14.726307230198103,-14.13379244062468,31.746031746031743,31.746031746031743,19.209999084472656
2022-12-21,15.877291679382324,15.49888587158606,-1.7818834211913586,41.66666666666667,41.66666666666667,20.139999389648438
2022-12-22,15.03376293182373,15.64867355570124,-8.738358188733974,36.11111111111111,36.11111111111111,19.06999969482422
2022-12-23,15.349101066589355,15.08106321919468,-7.516557824462154,36.904761904761905,36.904761904761905,19.469999313354492
2022-12-27,15.451587677001953,15.42793674684628,-5.155385963660504,39.48412698412698,39.48412698412698,19.600000381469727
2022-12-28,15.128365516662598,15.514655012976082,-9.209311131238758,36.11111111111111,36.11111111111111,19.190000534057617
2022-12-29,15.625020027160645,15.27814730957897,-3.769676589773624,40.87301587301587,40.87301587301587,19.81999969482422
2022-12-30,15.69597339630127,15.43581919926621,0.42614385935926197,45.63492063492063,45.63492063492063,19.90999984741211
2023-01-03,15.546187400817871,15.86152710155079,0.10081003232526341,45.23809523809524,45.23809523809524,19.719999313354492
2023-01-04,15.822107315063477,15.610830819193476,5.437505824759614,51.19047619047619,51.19047619047619,20.06999969482422
2023-01-05,15.719623565673828,15.546186440256756,6.296192051975372,52.77777777777778,52.77777777777778,19.940000534057617
2023-01-06,16.421249389648438,15.908824719549692,16.630751457158834,65.47619047619048,65.47619047619048,20.829999923706055
2023-01-09,15.506768226623535,16.594685209640375,6.878313554285639,52.77777777777778,52.77777777777778,19.670000076293945
2023-01-10,15.743271827697754,15.435817315179786,5.285500743383847,50.0,50.0,19.969999313354492
2023-01-11,15.995545387268066,15.916710465219392,8.542480040131432,54.761904761904766,54.761904761904766,20.290000915527344
2023-01-12,16.405485153198242,16.14533094907265,16.588369739907595,65.27777777777779,65.27777777777779,20.809999465942383
2023-01-13,15.814227104187012,15.514656157639072,10.751848182008628,56.94444444444444,56.94444444444444,20.059999465942383
2023-01-17,15.593487739562988,15.845758272661316,4.0169436257822095,48.214285714285715,48.214285714285715,19.780000686645508
2023-01-18,14.757838249206543,15.695970516421074,-12.227065848984443,33.730158730158735,33.730158730158735,18.719999313354492
2023-01-19,14.205999374389648,14.529221207235212,-25.722693658825246,19.841269841269842,19.841269841269842,18.020000457763672
2023-01-20,14.529220581054688,14.324250390387462,-27.437474649507486,18.452380952380953,18.452380952380953,18.43000030517578
2023-01-23,15.025882720947266,14.702660800934687,-21.622120423196733,23.809523809523807,23.809523809523807,19.059999465942383
2023-01-24,15.632905960083008,14.994345923395514,-9.529019375264646,36.30952380952381,36.30952380952381,19.829999923706055
2023-01-25,15.86940860748291,15.333334445662539,0.2636738312070169,45.43650793650794,45.43650793650794,20.1299991607666
2023-01-26,16.263582229614258,16.16109788027268,11.482508715141373,59.12698412698413,59.12698412698413,20.6299991607666
2023-01-27,16.310884475708008,16.200514977263115,17.87662423589525,67.06349206349206,67.06349206349206,20.690000534057617
2023-01-30,16.03496551513672,16.208401177699592,16.505855981380655,65.07936507936508,65.07936507936508,20.34000015258789
2023-01-31,16.673521041870117,16.090145061857918,24.574556277979216,75.59523809523809,75.59523809523809,21.149999618530273
2023-02-01,16.728702545166016,16.610450939064307,28.4115458951447,79.56349206349206,79.56349206349206,21.219999313354492
2023-02-02,16.42913246154785,16.80753821985605,26.070949903051922,76.98412698412699,76.98412698412699,20.84000015258789
2023-02-03,16.153215408325195,16.232050338576006,19.674833343422822,68.05555555555556,68.05555555555556,20.489999771118164
2023-02-06,16.460670471191406,16.074380955505468,21.38917418094212,70.43650793650794,70.43650793650794,20.8799991607666
2023-02-07,16.878488540649414,16.51585008519331,27.722647911860683,79.16666666666666,79.16666666666666,21.40999984741211
2023-02-08,16.720821380615234,16.618337041122757,28.618696877031336,80.15873015873017,80.15873015873017,21.209999084472656
2023-02-09,16.42913246154785,16.92578983137101,24.16400576379893,74.0079365079365,74.0079365079365,20.84000015258789
2023-02-10,16.99674415588379,16.326649565247717,29.911555439204594,83.13492063492063,83.13492063492063,21.559999465942383
2023-02-13,17.343618392944336,17.288434393187345,33.87237013858486,90.07936507936508,90.07936507936508,22.0
2023-02-14,17.71413803100586,17.264780951330895,37.18266810274051,94.04761904761905,94.04761904761905,22.469999313354492
2023-02-15,17.879690170288086,17.431908950409888,39.796252388275775,97.22222222222221,97.22222222222221,22.68000030517578
2023-02-16,17.264780044555664,17.351498600517633,33.93132723198497,90.27777777777779,90.27777777777779,21.899999618530273
2023-02-17,17.469751358032227,17.09134554970289,33.065782349366344,88.09523809523809,88.09523809523809,22.15999984741211
2023-02-21,16.965208053588867,17.430332362482257,24.17702861519972,74.20634920634922,74.20634920634922,21.520000457763672
2023-02-22,17.138648986816406,16.973096979722502,22.32005228508111,71.03174603174604,71.03174603174604,21.739999771118164
2023-02-23,17.170183181762695,17.304202114676247,20.83270611954177,69.44444444444444,69.44444444444444,21.780000686645508
2023-02-24,16.870609283447266,16.720823076397206,11.525498620483885,57.936507936507944,57.936507936507944,21.399999618530273
2023-02-27,16.925792694091797,17.162297460773445,6.352893208303091,51.587301587301596,51.587301587301596,21.469999313354492
2023-02-28,16.54738426208496,16.92579002471572,-4.611150934754996,39.285714285714285,39.285714285714285,20.989999771118164
2023-03-01,16.957326889038086,16.468551584970818,-1.6118673689623066,41.66666666666667,41.66666666666667,21.510000228881836
2023-03-02,17.548585891723633,16.705055731989933,12.383748979634564,59.12698412698413,59.12698412698413,22.260000228881836
2023-03-03,17.816627502441406,17.643190346105612,24.65141617252737,75.9920634920635,75.9920634920635,22.600000381469727
2023-03-06,17.706254959106445,17.84027387347092,27.277552713924493,79.56349206349206,79.56349206349206,22.459999084472656
2023-03-07,17.280548095703125,17.706254245337494,19.374467941306705,67.26190476190477,67.26190476190477,21.920000076293945
2023-03-08,17.083463668823242,17.375152449267347,10.84632911052569,56.547619047619044,56.547619047619044,21.670000076293945
2023-03-09,16.224164962768555,17.241132296744578,-11.301666093611933,33.92857142857143,33.92857142857143,20.579999923706055
2023-03-10,15.69597339630127,16.082262870465385,-23.05650539979837,22.22222222222222,22.22222222222222,19.90999984741211
2023-03-13,15.538301467895508,15.317565514295945,-27.742529466355865,18.055555555555554,18.055555555555554,19.709999084472656
2023-03-14,16.074378967285156,16.082262609934396,-23.1544762494291,22.22222222222222,22.22222222222222,20.389999389648438
2023-03-15,14.915508270263672,15.301797678776818,-28.751880271507908,16.865079365079367,16.865079365079367,18.920000076293945
2023-03-16,15.640789031982422,14.647472620257508,-24.276276153215555,21.626984126984127,21.626984126984127,19.84000015258789
2023-03-17,14.576522827148438,15.388520053039093,-31.2639008694816,14.285714285714285,14.285714285714285,18.489999771118164
2023-03-20,15.262384414672852,14.844560346253186,-28.024411313934515,17.857142857142858,17.857142857142858,19.360000610351562
2023-03-21,15.66142463684082,15.716737197989731,-22.023280079786534,24.00793650793651,24.00793650793651,19.81999969482422
2023-03-22,14.744812965393066,15.65352300956029,-27.099792119942677,19.246031746031747,19.246031746031747,18.65999984741211
2023-03-23,14.64208984375,14.981867228550165,-30.8067827655418,15.277777777777779,15.277777777777779,18.530000686645508
2023-03-24,14.989768981933594,14.341819248903395,-29.023550810460492,17.261904761904763,17.261904761904763,18.969999313354492
2023-03-27,15.400663375854492,15.321644790397427,-23.64990053359207,23.61111111111111,23.61111111111111,19.489999771118164
2023-03-28,15.606107711791992,15.282132938094186,-18.55129678950759,29.563492063492063,29.563492063492063,19.75
2023-03-29,16.088123321533203,15.80365701300969,-10.281212781234053,37.10317460317461,37.10317460317461,20.360000610351562
2023-03-30,16.222455978393555,16.246160501543702,-4.207614297248361,42.46031746031746,42.46031746031746,20.530000686645508
2023-03-31,16.499019622802734,16.43580504597799,3.1867002090940595,50.79365079365079,50.79365079365079,20.8799991607666
2023-04-03,17.257593154907227,16.475312332835706,15.853434292339985,65.27777777777779,65.27777777777779,21.84000015258789
2023-04-04,16.712369918823242,17.139069456391525,15.514123210972288,64.48412698412699,64.48412698412699,21.149999618530273
2023-04-05,16.254056930541992,16.467406608562033,11.013542240553452,59.32539682539682,59.32539682539682,20.56999969482422
2023-04-06,16.1750431060791,16.285669734794094,8.044721884873663,56.15079365079365,56.15079365079365,20.469999313354492
2023-04-10,16.649152755737305,15.985399027315852,13.231386124508223,62.10317460317461,62.10317460317461,21.06999969482422
2023-04-11,16.688661575317383,16.846697232693195,16.493855003002224,67.06349206349206,67.06349206349206,21.1200008392334
2023-04-12,16.965225219726562,16.862502112539083,22.39892486858059,74.0079365079365,74.0079365079365,21.469999313354492
2023-04-13,17.21808433532715,17.00473461265508,28.110226551724004,82.34126984126983,82.34126984126983,21.790000915527344
2023-04-14,16.325178146362305,16.49111733453828,18.020547028131926,69.44444444444444,69.44444444444444,20.65999984741211
2023-04-17,16.822996139526367,16.348886056524073,19.166586726748612,70.43650793650794,70.43650793650794,21.290000915527344
2023-04-18,17.391925811767578,17.012638381442972,26.891545510752213,81.74603174603175,81.74603174603175,22.010000228881836
2023-04-19,17.194379806518555,17.225986338286692,28.22005888990356,83.13492063492063,83.13492063492063,21.760000228881836
2023-04-20,16.909914016723633,16.84669944404474,24.23087912959479,77.77777777777779,77.77777777777779,21.399999618530273
2023-04-21,16.562232971191406,17.052147035611608,17.566675138395095,68.25396825396825,68.25396825396825,20.959999084472656
2023-04-24,16.593841552734375,16.491118434841546,14.301589274296484,63.29365079365079,63.29365079365079,21.0
2023-04-25,15.985398292541504,16.33307915981771,0.49847806288869784,47.817460317460316,47.817460317460316,20.229999542236328
2023-04-26,15.005569458007812,16.072316416230038,-19.01715128090814,28.76984126984127,28.76984126984127,18.989999771118164
2023-04-27,15.62982177734375,15.132005595728277,-19.998849340306755,27.18253968253968,27.18253968253968,19.780000686645508
2023-04-28,15.803657531738281,15.542897242750769,-18.28044543862678,30.357142857142854,30.357142857142854,20.0
2023-05-01,15.890578269958496,15.748345109779484,-16.119061442844608,32.34126984126984,32.34126984126984,20.110000610351562
2023-05-02,15.66142463684082,15.985399501130946,-18.252395840618803,30.555555555555557,30.555555555555557,19.81999969482422
2023-05-03,15.131999969482422,15.653520484878909,-26.43813886564451,20.634920634920633,20.634920634920633,19.149999618530273
2023-05-04,14.436640739440918,15.06088439460428,-31.634326619859905,13.88888888888889,13.88888888888889,18.270000457763672
2023-05-05,14.839637756347656,14.689502559551173,-29.506414333283526,17.063492063492063,17.063492063492063,18.780000686645508
2023-05-08,14.594679832458496,14.973968827382457,-31.133138111413867,14.682539682539684,14.682539682539684,18.469999313354492
2023-05-09,15.068788528442383,14.729009620757441,-26.395778108842755,21.428571428571427,21.428571428571427,19.06999969482422
2023-05-10,14.744812965393066,15.305843614656462,-27.13584417649248,20.238095238095237,20.238095238095237,18.65999984741211
2023-05-11,14.5235595703125,14.563069615610033,-30.22052445228211,16.26984126984127,16.26984126984127,18.3799991607666
2023-05-12,14.484053611755371,14.744813928543593,-32.15757779596126,13.293650793650794,13.293650793650794,18.329999923706055
2023-05-15,14.966066360473633,14.539366819363991,-27.034525378679263,21.23015873015873,21.23015873015873,18.940000534057617
2023-05-16,14.547264099121094,14.847534383837989,-28.79954751999308,18.452380952380953,18.452380952380953,18.40999984741211
2023-05-17,15.2742338180542,14.792221816582904,-20.717906849542185,28.373015873015873,28.373015873015873,19.329999923706055
2023-05-18,15.369059562683105,15.25843292062658,-14.006479004599967,37.301587301587304,37.301587301587304,19.450000762939453
2023-05-19,15.076688766479492,15.5824053098259,-14.405710288484386,36.7063492063492,36.7063492063492,19.079999923706055
2023-05-22,15.242630004882812,15.060886778847593,-10.952144720761304,39.285714285714285,39.285714285714285,19.290000915527344
2023-05-23,14.405034065246582,15.108297878921023,-20.398217934732422,28.76984126984127,28.76984126984127,18.229999542236328
2023-05-24,13.954630851745605,14.262801721619512,-31.145440873661066,14.880952380952381,14.880952380952381,17.65999984741211
2023-05-25,13.646459579467773,13.954630440254402,-35.52267159574436,9.722222222222223,9.722222222222223,17.270000457763672
2023-05-26,13.883511543273926,13.733376389396023,-34.8648529717373,10.515873015873016,10.515873015873016,17.56999969482422
2023-05-30,13.812397003173828,14.002040722062096,-35.26815291884243,9.920634920634921,9.920634920634921,17.479999542236328
2023-05-31,13.496323585510254,13.741279857312504,-38.23419753673034,6.15079365079365,6.15079365079365,17.079999923706055
2023-06-01,14.049452781677246,13.591146750924105,-31.518704438359325,15.079365079365079,15.079365079365079,17.780000686645508
2023-06-02,15.005569458007812,14.381325901827669,-11.012949309656921,40.476190476190474,40.476190476190474,18.989999771118164
2023-06-05,14.626285552978516,15.005572980489887,-6.268202962099996,44.24603174603175,44.24603174603175,18.510000228881836
2023-06-06,15.045084953308105,14.63418943405246,3.4575464993256095,55.35714285714286,55.35714285714286,19.040000915527344
2023-06-07,15.803657531738281,15.100395253865281,19.218299616414853,73.21428571428571,73.21428571428571,20.0
2023-06-08,16.15134048461914,15.661426375344881,27.432777504825868,83.92857142857143,83.92857142857143,20.440000534057617
2023-06-09,16.001203536987305,16.1671412206035,29.351224286987588,86.30952380952381,86.30952380952381,20.25
2023-06-12,16.2935733795166,16.0012050197122,33.29241333350333,90.67460317460318,90.67460317460318,20.6200008392334
2023-06-13,16.254056930541992,16.333075497270208,33.71528913122726,91.86507936507937,91.86507936507937,20.56999969482422
2023-06-14,15.756245613098145,16.28566815473003,26.74438084476231,83.33333333333334,83.33333333333334,19.940000534057617
2023-06-15,16.230358123779297,15.70093549980124,28.774426867210597,86.30952380952381,86.30952380952381,20.540000915527344
2023-06-16,16.2935733795166,16.451609068011244,29.280949353374602,86.70634920634922,86.70634920634922,20.6200008392334
2023-06-20,16.01700782775879,16.143436971841933,25.547367373791936,81.94444444444444,81.94444444444444,20.270000457763672
2023-06-21,16.46571159362793,15.918703912220048,29.045382422636205,86.5079365079365,86.5079365079365,20.770000457763672
2023-06-22,15.67294692993164,15.966268805970548,19.109144783466657,72.42063492063492,72.42063492063492,19.770000457763672
2023-06-23,15.324129104614258,15.538175762110685,8.729625532398485,60.11904761904761,60.11904761904761,19.329999923706055
2023-06-26,15.23692798614502,15.14972494888682,2.0272183140210585,53.37301587301587,53.37301587301587,19.219999313354492
2023-06-27,15.760149955749512,15.284492695962953,6.0006672292350665,57.14285714285714,57.14285714285714,19.8799991607666
2023-06-28,15.760149955749512,15.815644713996992,8.091590208868661,59.72222222222222,59.72222222222222,19.8799991607666
2023-06-29,16.37850570678711,15.728439405701224,17.98840521432437,71.42857142857143,71.42857142857143,20.65999984741211
2023-06-30,16.529132843017578,16.57669826867355,24.96866439354503,80.95238095238095,80.95238095238095,20.850000381469727
2023-07-03,16.600481033325195,16.370578713598476,28.863616934899834,86.30952380952381,86.30952380952381,20.940000534057617
2023-07-05,16.537057876586914,16.291299942649417,29.521606364629065,86.90476190476191,86.90476190476191,20.860000610351562
2023-07-06,16.259593963623047,16.291303745420983,24.44016680379428,79.76190476190477,79.76190476190477,20.510000228881836
2023-07-07,16.180316925048828,16.25166582279806,18.224407727314045,71.23015873015873,71.23015873015873,20.40999984741211
2023-07-10,16.48949432373047,16.180316777684794,21.58121131464626,75.0,75.0,20.799999237060547
2023-07-11,17.076139450073242,16.489492685091992,30.573438689820176,88.69047619047619,88.69047619047619,21.540000915527344
2023-07-12,16.78281593322754,17.466972035969576,26.791229265754456,82.53968253968253,82.53968253968253,21.170000076293945
2023-07-13,16.798673629760742,16.806601453119637,25.062859275020898,80.35714285714286,80.35714285714286,21.190000534057617
2023-07-14,16.219953536987305,16.759033392736605,11.866476834555579,62.10317460317461,62.10317460317461,20.459999084472656
2023-07-17,16.47364044189453,16.148607244381726,9.672091111820668,58.53174603174603,58.53174603174603,20.780000686645508
2023-07-18,16.235809326171875,16.44985600821352,3.432676410137239,52.77777777777778,52.77777777777778,20.479999542236328
2023-07-19,15.958345413208008,16.251668882747513,-4.946784688556419,43.65079365079365,43.65079365079365,20.1299991607666
2023-07-20,16.552919387817383,16.005913060964676,2.078263030645623,50.99206349206349,50.99206349206349,20.8799991607666
2023-07-21,16.259593963623047,16.648048241133502,-0.4376443406812507,47.42063492063492,47.42063492063492,20.510000228881836
2023-07-24,16.505352020263672,16.259595517551293,2.8280705436326024,51.587301587301596,51.587301587301596,20.81999969482422
2023-07-25,15.466828346252441,15.078374104290498,-8.385537447597555,39.88095238095239,39.88095238095239,19.510000228881836
2023-07-26,16.188241958618164,15.641234340833291,-4.671871596161546,43.25396825396825,43.25396825396825,20.420000076293945
2023-07-27,15.958345413208008,16.3150899691239,-5.945310622354831,41.269841269841265,41.269841269841265,20.1299991607666
2023-07-28,16.386438369750977,16.20410294110969,-0.38733454443111465,47.22222222222222,47.22222222222222,20.670000076293945
2023-07-31,16.727325439453125,16.50535091224397,8.568967656711969,57.936507936507944,57.936507936507944,21.100000381469727
2023-08-01,16.703540802001953,16.50534975971512,12.90146114203943,63.095238095238095,63.095238095238095,21.06999969482422
2023-08-02,15.67294692993164,16.370578686417673,-0.24164210772981298,47.22222222222222,47.22222222222222,19.770000457763672
2023-08-03,15.601598739624023,15.62538069643351,-8.18494534811918,39.285714285714285,39.285714285714285,19.68000030517578
2023-08-04,15.799787521362305,15.823569474775912,-9.632411501976279,38.2936507936508,38.2936507936508,19.93000030517578
2023-08-07,16.521203994750977,15.98212416384671,-0.025868062756892865,47.817460317460316,47.817460317460316,20.84000015258789
2023-08-08,16.251665115356445,16.267520761294445,0.9184499339433065,50.0,50.0,20.5
2023-08-09,16.54498863220215,16.521205163129398,5.909207784388178,54.36507936507936,54.36507936507936,20.8700008392334
2023-08-10,16.31508445739746,16.679756714922885,7.793874531929807,56.74603174603175,56.74603174603175,20.579999923706055
2023-08-11,16.434001922607422,16.204101085019218,11.465242414156345,60.912698412698404,60.912698412698404,20.729999542236328
2023-08-14,16.299232482910156,16.378509209967213,10.79821462597736,59.32539682539682,59.32539682539682,20.559999465942383
2023-08-15,15.585745811462402,16.02176556588027,-0.49177981605371157,46.230158730158735,46.230158730158735,19.65999984741211
2023-08-16,15.40340805053711,15.474756946736179,-9.37438758351175,38.69047619047619,38.69047619047619,19.43000030517578
2023-08-17,14.983241081237793,15.514393084950932,-19.42023689303541,28.968253968253972,28.968253968253972,18.899999618530273
2023-08-18,15.316204071044922,14.737486569115752,-19.617490459789824,28.57142857142857,28.57142857142857,19.31999969482422
2023-08-21,15.300346374511719,15.228997485248065,-19.86924065342678,28.57142857142857,28.57142857142857,19.299999237060547
2023-08-22,15.50646686553955,15.347914937521107,-16.146305757973025,32.93650793650794,32.93650793650794,19.559999465942383
2023-08-23,15.67294692993164,15.522321324570347,-13.785058455359971,35.51587301587302,35.51587301587302,19.770000457763672
2023-08-24,14.785052299499512,15.308276560156024,-26.521286148902977,21.626984126984127,21.626984126984127,18.649999618530273
2023-08-25,14.999096870422363,14.983241225483653,-27.58649638999355,20.03968253968254,20.03968253968254,18.920000076293945
2023-08-28,15.538179397583008,15.094231846817147,-19.362401169697193,29.365079365079367,29.365079365079367,19.600000381469727
2023-08-29,15.633309364318848,15.379625064122813,-13.135026399085836,35.714285714285715,35.714285714285715,19.719999313354492
2023-08-30,16.06932830810547,15.68087408930063,-1.5990839184698395,45.83333333333333,45.83333333333333,20.270000457763672
2023-08-31,15.807717323303223,16.13275049867442,-0.8521927015522296,46.42857142857143,46.42857142857143,19.940000534057617
2023-09-01,15.95041561126709,16.0376186409099,2.3577148297050448,51.19047619047619,51.19047619047619,20.1200008392334
2023-09-05,15.260708808898926,15.847354056986518,-7.938733947314576,39.682539682539684,39.682539682539684,19.25
2023-09-06,14.666139602661133,15.173508272617992,-22.058229433634583,25.198412698412696,25.198412698412696,18.5
2023-09-07,14.65028190612793,14.586860831247286,-29.2264154808991,17.46031746031746,17.46031746031746,18.479999542236328
2023-09-08,14.15876579284668,14.642350813821027,-35.984586249771205,8.531746031746032,8.531746031746032,17.860000610351562
2023-09-11,13.540410995483398,13.984358475575997,-38.90638474379864,4.9603174603174605,4.9603174603174605,17.079999923706055
2023-09-12,13.342220306396484,13.262943590630524,-40.722503760077814,1.7857142857142856,1.7857142857142856,16.829999923706055
2023-09-13,13.191595077514648,13.318437221561702,-42.307201642650675,1.1904761904761905,1.1904761904761905,16.639999389648438
2023-09-14,13.389785766601562,13.167812776360197,-41.51214662742891,1.5873015873015872,1.5873015873015872,16.889999389648438
2023-09-15,13.247088432312012,13.310511016919639,-42.087879234800006,1.3888888888888888,1.3888888888888888,16.709999084472656
2023-09-18,13.342220306396484,13.286727058983589,-41.56844814400744,1.7857142857142856,1.7857142857142856,16.829999923706055
2023-09-19,13.128190994262695,13.350972963523722,-42.06523150565684,1.5873015873015872,1.5873015873015872,16.5
2023-09-20,12.969059944152832,13.350972083068381,-43.51094503770196,0.3968253968253968,0.3968253968253968,16.299999237060547
2023-09-21,12.276849746704102,12.754238883812421,-44.70770860088634,0.0,0.0,15.430000305175781
2023-09-22,11.93471908569336,12.29276050650636,-45.40056505825584,0.0,0.0,15.0
2023-09-25,12.077936172485352,11.8631108609009,-44.02762215332271,0.3968253968253968,0.3968253968253968,15.180000305175781
2023-09-26,11.767633438110352,11.879024427000209,-44.753369227027626,0.1984126984126984,0.1984126984126984,14.789999961853027
2023-09-27,12.085892677307129,11.93471989253553,-43.309429302671106,1.3888888888888888,1.3888888888888888,15.1899995803833
2023-09-28,11.894938468933105,12.038155364034882,-43.606028408117545,1.1904761904761905,1.1904761904761905,14.949999809265137
2023-09-29,11.910848617553711,12.085890599557041,-43.623546786044614,1.1904761904761905,1.1904761904761905,14.970000267028809
2023-10-02,11.513026237487793,11.831285119183706,-44.09540465857682,0.5952380952380952,0.5952380952380952,14.470000267028809
2023-10-03,11.266374588012695,11.401634797063359,-44.69271724758095,0.5952380952380952,0.5952380952380952,14.15999984741211
2023-10-04,11.099289894104004,11.226593457811576,-44.28589314350695,0.7936507936507936,0.7936507936507936,13.949999809265137
2023-10-05,10.97198486328125,11.043593297988936,-44.56627770928747,0.7936507936507936,0.7936507936507936,13.789999961853027
2023-10-06,11.266374588012695,10.84468139680186,-41.37872849759649,4.761904761904762,4.761904761904762,14.15999984741211
2023-10-09,12.770150184631348,12.276849259345477,-21.944517723940894,27.579365079365083,27.579365079365083,16.049999237060547
2023-10-10,13.000887870788574,13.112278100274583,-4.763051724392032,44.44444444444444,44.44444444444444,16.34000015258789
2023-10-11,13.231623649597168,13.048625000407192,8.977760421112785,59.523809523809526,59.523809523809526,16.6299991607666
2023-10-12,12.730368614196777,13.303234655507481,6.909471301801823,57.341269841269835,57.341269841269835,16.0
2023-10-13,12.674674034118652,12.770150952947564,4.852466224621543,54.96031746031746,54.96031746031746,15.930000305175781
2023-10-16,12.929279327392578,12.937235989088032,8.125811152628653,59.12698412698413,59.12698412698413,16.25
2023-10-17,13.024758338928223,12.658759472283071,12.694953055075336,64.68253968253968,64.68253968253968,16.3700008392334
2023-10-18,12.897454261779785,13.112279601159491,12.18786631298346,64.48412698412699,64.48412698412699,16.209999084472656
2023-10-19,12.515544891357422,12.8417605076998,5.97178699588729,56.34920634920635,56.34920634920635,15.729999542236328
2023-10-20,12.030196189880371,12.571237006174048,-3.8911843645939257,45.43650793650794,45.43650793650794,15.119999885559082
2023-10-23,11.982458114624023,11.982458114624023,-9.665881966160358,39.48412698412698,39.48412698412698,15.0600004196167
2023-10-24,12.396195411682129,12.730367622475226,-6.412869455696529,42.26190476190476,42.26190476190476,15.579999923706055
2023-10-25,12.300718307495117,12.698542313871041,-5.8683629469201986,43.05555555555556,43.05555555555556,15.460000038146973
2023-10-26,12.412109375,12.300718379399534,-3.846357022770304,46.230158730158735,46.230158730158735,15.600000381469727
2023-10-27,12.13363265991211,12.451891573705637,-6.823274910539258,42.26190476190476,42.26190476190476,15.25
2023-10-30,12.276849746704102,12.237067192146888,-6.049423332123513,43.05555555555556,43.05555555555556,15.430000305175781
2023-10-31,13.008842468261719,12.40414992864736,9.054369662085362,61.50793650793651,61.50793650793651,16.350000381469727
2023-11-01,13.255494117736816,13.239580795247827,20.942256981393996,75.9920634920635,75.9920634920635,16.65999984741211
2023-11-02,14.082968711853027,13.629448125237342,32.14321342600764,90.07936507936508,90.07936507936508,17.700000762939453
2023-11-03,14.289836883544922,14.321663530940043,35.9562089535745,94.04761904761905,94.04761904761905,17.959999084472656
2023-11-06,14.154577255249023,14.361444379419023,35.55568107399614,93.65079365079364,93.65079365079364,17.790000915527344
2023-11-07,14.07501220703125,14.06705554567819,34.625630361278034,92.65873015873017,92.65873015873017,17.690000534057617
2023-11-08,14.003403663635254,14.130707209139196,33.25132527865906,90.07936507936508,90.07936507936508,17.600000381469727
2023-11-09,14.019320487976074,14.329622767952264,32.79944682158475,89.48412698412699,89.48412698412699,17.6200008392334
2023-11-10,14.441011428833008,14.20231762706513,36.718119558465695,94.64285714285714,94.64285714285714,18.149999618530273
2023-11-13,14.934311866760254,14.647878129088687,38.90913883852865,97.02380952380952,97.02380952380952,18.770000457763672
2023-11-14,15.29235553741455,15.308268863218917,41.11450524800199,98.61111111111111,98.61111111111111,19.219999313354492
2023-11-15,15.276440620422363,15.340092393108375,40.86942040906379,98.21428571428571,98.21428571428571,19.200000762939453
2023-11-16,15.053658485412598,15.268483784867646,39.31701119584011,96.82539682539682,96.82539682539682,18.920000076293945
2023-11-17,15.093442916870117,15.21279133807448,38.720502590227845,96.23015873015873,96.23015873015873,18.969999313354492
2023-11-20,15.602656364440918,15.20483240016718,41.042279667351075,98.21428571428571,98.21428571428571,19.610000610351562
2023-11-21,15.634483337402344,15.515136437552192,42.4793306854189,99.8015873015873,99.8015873015873,19.649999618530273
2023-11-22,15.936829566955566,15.634482485067982,43.37975331004571,100.0,100.0,20.030000686645508
2023-11-24,16.10391616821289,15.968655940535712,43.51078354751532,100.0,100.0,20.239999771118164
2023-11-27,15.889091491699219,15.992526591164658,42.10661026015027,98.80952380952381,98.80952380952381,19.969999313354492
2023-11-28,15.920917510986328,16.111872859058376,40.92532241537028,97.22222222222221,97.22222222222221,20.010000228881836
2023-11-29,15.865221977233887,16.06413398265405,39.704761277695006,95.83333333333334,95.83333333333334,19.940000534057617
2023-11-30,16.684738159179688,15.984568580807874,42.10368316290749,98.61111111111111,98.61111111111111,20.969999313354492
2023-12-01,17.257604598999023,16.652911970034026,43.03827995119505,99.60317460317461,99.60317460317461,21.690000534057617
2023-12-04,17.639514923095703,16.9632138693305,43.817034338428606,100.0,100.0,22.170000076293945
2023-12-05,17.17803955078125,17.448559978161903,41.429671878008655,97.42063492063492,97.42063492063492,21.59000015258789
2023-12-06,17.337169647216797,17.25760454829605,40.815809222093066,95.83333333333334,95.83333333333334,21.790000915527344
2023-12-07,17.24169158935547,17.416733596617743,39.55490307987334,94.44444444444444,94.44444444444444,21.670000076293945
2023-12-08,17.60769271850586,17.22578197448268,41.27001494191666,97.02380952380952,97.02380952380952,22.1299991607666
2023-12-11,18.12486457824707,17.575866954816618,42.701690334875465,99.0079365079365,99.0079365079365,22.780000686645508
2023-12-12,18.27603530883789,18.09303662008809,42.44851530392664,98.61111111111111,98.61111111111111,22.969999313354492
2023-12-13,19.055770874023438,18.403338216421293,42.83047961611211,99.20634920634922,99.20634920634922,23.950000762939453
2023-12-14,18.721599578857422,19.25468384490669,40.37612424993865,94.44444444444444,94.44444444444444,23.530000686645508
2023-12-15,18.729557037353516,18.59429679939823,39.09574126586613,93.05555555555556,93.05555555555556,23.540000915527344
2023-12-18,18.84890365600586,18.657948296728165,39.04824082850352,92.85714285714286,92.85714285714286,23.690000534057617
2023-12-19,19.39789581298828,19.023941833231877,41.05523203492662,96.03174603174604,96.03174603174604,24.3799991607666
2023-12-20,18.466989517211914,19.198985744481067,35.08524164268645,87.5,87.5,23.209999084472656
2023-12-21,18.9816951751709,19.149532590266684,34.99231788647993,87.3015873015873,87.3015873015873,23.75
2023-12-22,19.309377670288086,19.133547792159135,36.72015057445573,89.48412698412699,89.48412698412699,24.15999984741211
2023-12-26,19.605091094970703,19.31736812054658,38.24472509988613,91.66666666666666,91.66666666666666,24.530000686645508
2023-12-27,19.637062072753906,19.613086171310012,39.07474335771109,92.65873015873017,92.65873015873017,24.56999969482422
2023-12-28,19.573123931884766,19.485208227551716,38.88640165322553,91.86507936507937,91.86507936507937,24.489999771118164
2023-12-29,19.573123931884766,19.589108882565103,38.71425794459082,91.46825396825396,91.46825396825396,24.489999771118164
2024-01-02,18.989686965942383,19.221462653345508,32.77841650021864,82.53968253968253,82.53968253968253,23.760000228881836
2024-01-03,18.198450088500977,18.765902114934796,16.229826617368825,61.70634920634921,61.70634920634921,22.770000457763672
2024-01-04,18.22242546081543,18.406249338499112,7.487599764965373,51.98412698412699,51.98412698412699,22.799999237060547
2024-01-05,18.230419158935547,18.21443573214145,2.9664615523685374,47.42063492063492,47.42063492063492,22.809999465942383
2024-01-08,17.630996704101562,17.175436278712613,-8.676807417127396,34.72222222222222,34.72222222222222,22.059999465942383
2024-01-09,17.223392486572266,17.247369916700134,-20.442918108144134,23.41269841269841,23.41269841269841,21.549999237060547
2024-01-10,17.567058563232422,17.39922115231403,-21.328416313388228,23.214285714285715,23.214285714285715,21.979999542236328
2024-01-11,17.183429718017578,17.591036838443806,-27.06352197418524,18.849206349206348,18.849206349206348,21.5
2024-01-12,17.5430850982666,17.375246139624675,-24.718165961989335,20.833333333333336,20.833333333333336,21.950000762939453
2024-01-16,16.216360092163086,17.14346577889046,-32.752256682553785,12.103174603174603,12.103174603174603,20.290000915527344
2024-01-17,16.23234748840332,16.088485963122068,-36.43722914489452,8.928571428571429,8.928571428571429,20.309999465942383
2024-01-18,17.023584365844727,16.46412474138562,-30.156140447648657,15.079365079365079,15.079365079365079,21.299999237060547
2024-01-19,17.20740509033203,17.119489391208194,-24.396167737775762,21.825396825396826,21.825396825396826,21.530000686645508
2024-01-22,17.399219512939453,17.303311341159226,-19.155242580861348,26.984126984126984,26.984126984126984,21.770000457763672
2024-01-23,17.48713493347168,17.790842895440434,-15.192516369228356,30.555555555555557,30.555555555555557,21.8799991607666
2024-01-24,17.575050354003906,17.63099615546391,-12.246441759522416,33.13492063492063,33.13492063492063,21.989999771118164
2024-01-25,17.127479553222656,17.351262721633358,-16.274047652587413,29.365079365079367,29.365079365079367,21.43000030517578
2024-01-26,17.287330627441406,17.271347198569092,-16.03766899896706,30.158730158730158,30.158730158730158,21.6299991607666
2024-01-29,17.40721321105957,17.39122826057128,-13.742519657277422,32.93650793650794,32.93650793650794,21.780000686645508
2024-01-30,17.287330627441406,17.383238822720536,-14.330198228081366,31.746031746031743,31.746031746031743,21.6299991607666
2024-01-31,17.53508758544922,17.519102636948848,-10.899085414249543,34.72222222222222,34.72222222222222,21.940000534057617
2024-02-01,17.97466468811035,17.87076556190777,0.6625379404227707,47.42063492063492,47.42063492063492,22.489999771118164
2024-02-02,17.894739151000977,17.774855090280997,6.86439540881914,53.96825396825397,53.96825396825397,22.389999389648438
2024-02-05,17.710920333862305,17.53509044491125,9.132862477149656,56.94444444444444,56.94444444444444,22.15999984741211
2024-02-06,18.08655548095703,17.654972521023986,18.796469223918947,67.46031746031747,67.46031746031747,22.6299991607666
2024-02-07,18.502153396606445,18.206439482692044,26.28737841475649,76.5873015873016,76.5873015873016,23.149999618530273
2024-02-08,18.25439453125,18.582078371986093,26.021648355108372,75.9920634920635,75.9920634920635,22.84000015258789
2024-02-09,18.31034278869629,18.31034278869629,26.459576621930303,76.5873015873016,76.5873015873016,22.90999984741211
2024-02-12,18.446205139160156,18.334313567697897,28.813945774733746,79.76190476190477,79.76190476190477,23.079999923706055
2024-02-13,18.02261734008789,18.038602289493515,22.789697402514904,71.82539682539682,71.82539682539682,22.549999237060547
2024-02-14,18.590072631835938,18.382272842857187,28.257085593663877,78.57142857142857,78.57142857142857,23.260000228881836
2024-02-15,18.965707778930664,18.709954689235865,32.63842198046904,83.53174603174604,83.53174603174604,23.729999542236328
2024-02-16,18.693971633911133,18.92574884768377,30.424983749049744,81.34920634920636,81.34920634920636,23.389999389648438
2024-02-20,18.590072631835938,18.590072631835938,27.69969542704477,77.18253968253968,77.18253968253968,23.260000228881836
2024-02-21,18.62203598022461,18.57408266476715,26.633981182824385,75.59523809523809,75.59523809523809,23.299999237060547
2024-02-22,18.83783531188965,18.733936168363446,29.77768678666098,80.55555555555556,80.55555555555556,23.56999969482422
2024-02-23,19.013662338256836,18.829838473968383,33.05279020478986,84.12698412698413,84.12698412698413,23.790000915527344
2024-02-26,18.90976333618164,19.085593216844593,31.837922177974825,82.34126984126983,82.34126984126983,23.65999984741211
2024-02-27,18.9976806640625,18.9177574298656,32.450104468608274,83.13492063492063,83.13492063492063,23.770000457763672
2024-02-28,19.724977493286133,18.965709120681794,34.298781025754,85.9126984126984,85.9126984126984,24.68000030517578
2024-02-29,19.581113815307617,19.82088194613978,33.878416417551506,85.51587301587301,85.51587301587301,24.5
2024-03-01,19.61308479309082,19.573122419477855,33.91211519678047,85.51587301587301,85.51587301587301,24.540000915527344
2024-03-04,20.044668197631836,19.645053599174734,36.266411191234674,88.09523809523809,88.09523809523809,25.079999923706055
2024-03-05,19.988723754882812,20.06065450944151,34.68040007046814,86.5079365079365,86.5079365079365,25.010000228881836
2024-03-06,20.380346298217773,20.164554030378522,36.93269728195595,89.0873015873016,89.0873015873016,25.5
2024-03-07,20.492237091064453,20.500229566340963,38.42037668263458,91.26984126984127,91.26984126984127,25.639999389648438
2024-03-08,20.132583618164062,20.500228311934656,34.58601091568899,85.71428571428571,85.71428571428571,25.190000534057617
2024-03-11,19.54914665222168,20.004708603569096,24.583079696809428,71.82539682539682,71.82539682539682,24.459999084472656
2024-03-12,19.093584060668945,19.309376298778567,10.76678721475756,56.15079365079365,56.15079365079365,23.889999389648438
2024-03-13,19.117565155029297,18.989688587389683,3.545023077221063,48.61111111111111,48.61111111111111,23.920000076293945
2024-03-14,18.9816951751709,19.253433249105,-6.070869090646165,37.89682539682539,37.89682539682539,23.75
2024-03-15,19.245437622070312,18.78188478204304,-6.650977239211607,37.301587301587304,37.301587301587304,24.079999923706055
2024-03-18,19.149532318115234,19.221463073393686,-9.400226665943123,34.92063492063492,34.92063492063492,23.959999084472656
2024-03-19,19.639312744140625,19.3106549797171,-0.7152791027418417,43.25396825396825,43.25396825396825,24.5
2024-03-20,20.336708068847656,19.543118220339917,14.490729356271512,60.71428571428571,60.71428571428571,25.3700008392334
2024-03-21,20.400836944580078,20.649333933499893,22.381515505225714,68.45238095238095,68.45238095238095,25.450000762939453
2024-03-22,20.625282287597656,20.456946085714883,28.69592580492074,77.38095238095238,77.38095238095238,25.729999542236328
2024-03-25,20.673383712768555,21.07418601945482,29.31979746934144,78.37301587301587,78.37301587301587,25.790000915527344
2024-03-26,20.561155319213867,20.729493060899724,27.91109900852975,75.59523809523809,75.59523809523809,25.649999618530273
2024-03-27,21.346729278564453,20.841719066231413,34.16630248107455,84.92063492063492,84.92063492063492,26.6299991607666
2024-03-28,21.36275863647461,21.426886932366987,35.874289831323786,87.5,87.5,26.649999618530273
2024-04-01,20.881799697875977,21.450939771992093,30.905406197690766,80.95238095238095,80.95238095238095,26.049999237060547
2024-04-02,20.60123634338379,20.705444256064332,23.863343789177364,70.03968253968253,70.03968253968253,25.700000762939453
2024-04-03,20.28059196472168,20.4489296941978,14.684239477322505,60.912698412698404,60.912698412698404,25.299999237060547
2024-04-04,20.521076202392578,20.68941241921605,13.47963228294488,59.523809523809526,59.523809523809526,25.600000381469727
2024-04-05,21.0421199798584,20.60123807757045,20.113190518916934,66.07142857142857,66.07142857142857,26.25
2024-04-08,20.97799301147461,21.146329248144095,22.768232935709293,69.64285714285714,69.64285714285714,26.170000076293945
2024-04-09,20.232494354248047,20.753536895113115,11.21622556578829,56.74603174603175,56.74603174603175,25.239999771118164
2024-04-10,20.000032424926758,19.535101886816044,0.8244899851615828,46.230158730158735,46.230158730158735,24.950000762939453
2024-04-11,19.992015838623047,20.04011167854859,-4.75490321771717,40.27777777777778,40.27777777777778,24.940000534057617
2024-04-12,19.29462242126465,19.967970405621838,-17.49102380187831,27.579365079365083,27.579365079365083,24.06999969482422
2024-04-15,18.998027801513672,20.10424137021981,-28.103321634473122,16.865079365079367,16.865079365079367,23.700000762939453
2024-04-16,19.27057456970215,19.02207605251382,-30.126612525838482,14.880952380952381,14.880952380952381,24.040000915527344
2024-04-17,19.182397842407227,19.567167673829214,-31.969914975658416,12.3015873015873,12.3015873015873,23.93000030517578
2024-04-18,19.134300231933594,19.11025154633423,-33.551645569866714,11.30952380952381,11.30952380952381,23.8700008392334
2024-04-19,19.39081382751465,19.33470175556954,-30.62051244323017,14.880952380952381,14.880952380952381,24.190000534057617
2024-04-22,19.599231719970703,19.655343793442153,-25.495020202463635,21.23015873015873,21.23015873015873,24.450000762939453
2024-04-23,19.992015838623047,19.86375924619547,-14.981454128158623,31.547619047619047,31.547619047619047,24.940000534057617
2024-04-24,19.575183868408203,20.440916752043037,-17.38251183490134,28.968253968253972,28.968253968253972,24.420000076293945
2024-04-25,19.791614532470703,19.006041000194212,-14.756893569972432,31.944444444444443,31.944444444444443,24.690000534057617
2024-04-26,20.024078369140625,19.807644805287982,-8.612137374231018,37.89682539682539,37.89682539682539,24.979999542236328
2024-04-29,20.76155662536621,20.200434382428316,5.819137369777405,51.587301587301596,51.587301587301596,25.899999618530273
2024-04-30,20.152339935302734,20.689415099262916,4.458716886043095,50.595238095238095,50.595238095238095,25.139999389648438
2024-05-01,20.264562606811523,20.04011279311055,5.370520545878037,51.19047619047619,51.19047619047619,25.280000686645508
2024-05-02,21.170373916625977,20.68139470098323,18.866978282674587,64.88095238095238,64.88095238095238,26.40999984741211
2024-05-03,21.354745864868164,21.402843241276912,26.056469846516393,73.4126984126984,73.4126984126984,26.639999389648438
2024-05-06,21.85975456237793,21.69141682633061,31.03920707756645,81.15079365079364,81.15079365079364,27.270000457763672
2024-05-07,21.827693939208984,21.61126031987049,33.2322308982621,83.13492063492063,83.13492063492063,27.229999542236328
2024-05-08,22.140316009521484,21.747528475965712,35.91133067678322,87.89682539682539,87.89682539682539,27.6200008392334
2024-05-09,22.757551193237305,22.124284435303206,38.80979534000721,91.86507936507937,91.86507936507937,28.389999389648438
2024-05-10,22.557151794433594,22.94993784475654,37.14847262790129,89.28571428571429,89.28571428571429,28.139999389648438
2024-05-13,22.220478057861328,22.701441104088154,33.04578232926266,81.94444444444444,81.94444444444444,27.719999313354492
2024-05-14,22.324689865112305,22.30865740512601,31.632643282465928,80.15873015873017,80.15873015873017,27.850000381469727
2024-05-15,22.23651123046875,22.452944837564328,29.85956731044696,78.57142857142857,78.57142857142857,27.739999771118164
2024-05-16,22.460960388183594,22.188414712434433,30.926977260103435,79.76190476190477,79.76190476190477,28.020000457763672
2024-05-17,22.73350715637207,22.36476824189932,33.44195568429874,83.13492063492063,83.13492063492063,28.360000610351562
2024-05-20,23.142324447631836,22.86977877341279,36.02059268687288,87.6984126984127,87.6984126984127,28.8700008392334
2024-05-21,23.254547119140625,23.11025806208634,37.86510652430171,90.67460317460318,90.67460317460318,29.010000228881836
2024-05-22,23.34272575378418,23.20645291571113,39.41015822279161,93.05555555555556,93.05555555555556,29.1200008392334
2024-05-23,22.020076751708984,23.318676813937973,25.78450783532491,70.43650793650794,70.43650793650794,27.469999313354492
2024-05-24,22.669376373291016,22.292621270415196,23.461652675013386,67.26190476190477,67.26190476190477,28.280000686645508
2024-05-28,22.060161590576172,22.76557304999372,14.187255190771866,57.53968253968254,57.53968253968254,27.520000457763672
2024-05-29,21.226490020751953,21.651341020772872,-2.472583815118075,39.48412698412698,39.48412698412698,26.479999542236328
2024-05-30,21.79562759399414,21.426888715227058,-4.0968524117922795,38.2936507936508,38.2936507936508,27.190000534057617
2024-05-31,22.89382553100586,21.803644382155618,7.790402196991825,50.198412698412696,50.198412698412696,28.559999465942383
2024-06-03,8.152318954467773,23.046132564667463,-10.772020137174183,30.753968253968257,30.753968253968257,10.170000076293945
2024-06-04,23.190420150756836,23.054147314485487,5.888435696413528,47.817460317460316,47.817460317460316,28.93000030517578
2024-06-05,23.487014770507812,23.150340768719683,15.195206894231642,58.53174603174603,58.53174603174603,29.299999237060547
2024-06-06,23.190420150756836,23.44693336516423,19.220502662321717,62.5,62.5,28.93000030517578
2024-06-07,22.957956314086914,22.933909153498547,20.838638267028266,63.888888888888886,63.888888888888886,28.639999389648438
2024-06-10,22.829696655273438,22.893824956537827,21.474775386208712,64.88095238095238,64.88095238095238,28.479999542236328
2024-06-11,22.23651123046875,22.56516899134451,19.837616603694634,63.095238095238095,63.095238095238095,27.739999771118164
2024-06-12,22.324689865112305,22.533107258115546,19.381514622303452,62.698412698412696,62.698412698412696,27.850000381469727
2024-06-13,21.771583557128906,22.204450829565577,17.269795324356664,59.72222222222222,59.72222222222222,27.15999984741211
2024-06-14,21.026086807250977,21.3306973899608,14.700013744718564,57.936507936507944,57.936507936507944,26.229999542236328
2024-06-17,21.579195022583008,20.801639142370327,14.419836825031004,57.14285714285714,57.14285714285714,26.920000076293945
2024-06-18,21.715469360351562,21.53110066399883,14.824231449355931,57.936507936507944,57.936507936507944,27.09000015258789
2024-06-20,21.84372329711914,21.555145178979195,15.660876148464578,58.333333333333336,58.333333333333336,27.25
2024-06-21,21.996030807495117,21.883805123023475,16.7486121954911,59.523809523809526,59.523809523809526,27.440000534057617
2024-06-24,21.426891326904297,21.963966488506298,15.178454583085314,57.53968253968254,57.53968253968254,26.729999542236328
2024-06-25,20.96257209777832,21.043042933392865,12.787185633364706,54.761904761904766,54.761904761904766,26.049999237060547
2024-06-26,21.091327667236328,20.817729244988584,12.066856011313288,53.57142857142857,53.57142857142857,26.209999084472656
2024-06-27,21.12351417541504,21.131561412616673,11.884412543500181,53.37301587301587,53.37301587301587,26.25
2024-06-28,20.785537719726562,21.292501380515898,10.356522875222897,50.99206349206349,50.99206349206349,25.829999923706055
2024-07-01,20.56022071838379,21.099373354833038,8.891105056501994,49.60317460317461,49.60317460317461,25.549999237060547
2024-07-02,20.970619201660156,20.375137477659532,9.879064212372734,50.79365079365079,50.79365079365079,26.059999465942383
2024-07-03,21.26031494140625,21.09937326099991,-3.3621373540364243,37.10317460317461,37.10317460317461,26.420000076293945
2024-07-05,20.9062442779541,21.252267818292697,-14.45508407160037,25.0,25.0,25.979999542236328
2024-07-08,21.332740783691406,21.02695186578727,-15.05441509311482,24.404761904761905,24.404761904761905,26.510000228881836
2024-07-09,21.091327667236328,21.300551254128855,-17.901741746530206,22.22222222222222,22.22222222222222,26.209999084472656
2024-07-10,21.461490631103516,21.171796228998165,-13.306830004295914,27.18253968253968,27.18253968253968,26.670000076293945
2024-07-11,21.485633850097656,21.44539766095295,-8.523387200098338,31.349206349206348,31.349206349206348,26.700000762939453
2024-07-12,21.220083236694336,21.70290527528132,-10.40373959047081,28.968253968253972,28.968253968253972,26.3700008392334
2024-07-15,21.541963577270508,21.638527364187564,-5.7921525110960035,34.32539682539682,34.32539682539682,26.770000457763672
2024-07-16,23.17551612854004,21.72704694607647,12.1803520784108,53.769841269841265,53.769841269841265,28.799999237060547
2024-07-17,22.3305721282959,22.90995939313143,12.089036009300875,53.57142857142857,53.57142857142857,27.75
2024-07-18,21.896034240722656,22.282294017618657,6.171912214762973,45.43650793650794,45.43650793650794,27.209999084472656
2024-07-19,21.421255111694336,21.879936873207352,-3.6371934092657203,36.507936507936506,36.507936507936506,26.6200008392334
2024-07-22,22.29033660888672,21.654618708402282,3.264504671931032,42.26190476190476,42.26190476190476,27.700000762939453
2024-07-23,24.068737030029297,22.63636094648849,15.785624822762381,58.13492063492064,58.13492063492064,29.90999984741211
2024-07-24,22.29033660888672,23.77099442953418,7.411076750425854,46.62698412698413,46.62698412698413,27.700000762939453
2024-07-25,24.0848331451416,23.01457501220159,14.307162387036488,56.15079365079365,56.15079365079365,29.93000030517578
2024-07-26,24.736642837524414,24.59179562565286,20.227902668064868,64.28571428571429,64.28571428571429,30.739999771118164
2024-07-29,24.680313110351562,25.06657130943043,22.79960742970448,67.46031746031747,67.46031746031747,30.670000076293945
2024-07-30,25.171184539794922,24.93781924563862,26.306418931501003,71.82539682539682,71.82539682539682,31.280000686645508
2024-07-31,26.00003433227539,25.88737299012435,28.6186939639116,75.0,75.0,32.310001373291016
2024-08-01,24.970006942749023,26.233392530434102,23.542875911535358,67.46031746031747,67.46031746031747,31.030000686645508
2024-08-02,22.70073699951172,24.11701858801124,4.991460949120054,43.65079365079365,43.65079365079365,28.209999084472656
2024-08-05,21.646575927734375,20.72116498303559,-12.772505569736023,27.380952380952383,27.380952380952383,26.899999618530273
2024-08-06,21.992595672607422,22.048924797736312,-19.475248118043364,20.238095238095237,20.238095238095237,27.329999923706055
2024-08-07,22.29033660888672,22.708782183097394,-20.885809585321457,18.452380952380953,18.452380952380953,27.700000762939453
2024-08-08,23.85146713256836,22.58003268500569,-9.411590951451956,30.357142857142854,30.357142857142854,29.639999389648438
2024-08-09,24.157255172729492,24.012407962969508,-1.613671397425898,38.095238095238095,38.095238095238095,30.020000457763672
2024-08-12,24.076784133911133,24.318195124974856,2.096008393236497,42.26190476190476,42.26190476190476,29.920000076293945
2024-08-13,24.55156135559082,24.229679510199603,6.540467938346124,47.42063492063492,47.42063492063492,30.510000228881836
2024-08-14,24.728595733642578,24.511324914658037,10.02640187855676,52.182539682539684,52.182539682539684,30.729999542236328
2024-08-15,25.702289581298828,25.275795188729088,17.244832094605904,61.30952380952381,61.30952380952381,31.940000534057617
2024-08-16,26.01612663269043,25.710337726141486,22.95373388455803,69.24603174603175,69.24603174603175,32.33000183105469
2024-08-19,26.30581283569336,26.080496353838623,27.271474521096074,75.1984126984127,75.1984126984127,32.689998626708984
2024-08-20,25.68619155883789,26.120731594317466,25.336048305490266,72.42063492063492,72.42063492063492,31.920000076293945
2024-08-21,25.96784210205078,25.822994892976723,25.804784390319107,73.01587301587301,73.01587301587301,32.27000045776367
2024-08-22,25.951745986938477,26.040264061302878,25.911342941837173,73.21428571428571,73.21428571428571,32.25
2024-08-23,26.450660705566406,26.160966324439755,28.867689455056322,79.36507936507937,79.36507936507937,32.869998931884766
2024-08-26,26.201204299926758,26.45066096524054,28.475859657574944,77.77777777777779,77.77777777777779,32.560001373291016
2024-08-27,26.37019920349121,25.97589216379896,29.29307520555081,79.76190476190477,79.76190476190477,32.77000045776367
2024-08-28,26.684032440185547,26.39433798875878,29.968741508382053,81.15079365079364,81.15079365079364,33.15999984741211
2024-08-29,27.48873519897461,26.957629779831887,31.88749982253703,82.73809523809523,82.73809523809523,34.15999984741211
2024-08-30,27.931318283081055,27.6335782023129,34.73669068962191,87.6984126984127,87.6984126984127,34.709999084472656
2024-09-03,25.05047607421875,27.432404632660027,16.79359366928244,60.51587301587301,60.51587301587301,31.1299991607666
2024-09-04,25.589630126953125,24.90563179100713,9.17771405611289,50.79365079365079,50.79365079365079,31.799999237060547
2024-09-05,24.849300384521484,25.509160056864694,-2.327361095535378,37.10317460317461,37.10317460317461,30.8799991607666
2024-09-06,23.602006912231445,24.881488490460058,-17.22085511299058,22.817460317460316,22.817460317460316,29.329999923706055
2024-09-09,25.155088424682617,24.39866499600902,-16.126080325303253,23.41269841269841,23.41269841269841,31.260000228881836
2024-09-10,24.792972564697266,25.420643319635904,-19.16193867501219,20.436507936507937,20.436507936507937,30.809999465942383
2024-09-11,24.752737045288086,24.51132451649774,-19.97003577153762,18.849206349206348,18.849206349206348,30.760000228881836
2024-09-12,25.742521286010742,24.7044522905569,-11.081352372735346,27.976190476190478,27.976190476190478,31.989999771118164
2024-09-13,26.394332885742188,25.533298471420537,-1.8065483350737395,37.301587301587304,37.301587301587304,32.79999923706055
2024-09-16,26.71622085571289,26.65989172126167,5.5074282199974265,45.03968253968254,45.03968253968254,33.20000076293945
2024-09-17,26.474809646606445,26.539184484203425,7.213401954252715,47.61904761904761,47.61904761904761,32.900001525878906
2024-09-18,26.563322067260742,26.595511017765627,8.72839342801653,49.60317460317461,49.60317460317461,33.0099983215332
2024-09-19,27.351938247680664,27.553114600262376,15.30801087791929,58.333333333333336,58.333333333333336,33.9900016784668
2024-09-20,27.69795799255371,27.21513598744401,21.470441916226353,66.07142857142857,66.07142857142857,34.41999816894531
2024-09-23,28.64750862121582,27.939370138505957,28.133599297924043,76.19047619047619,76.19047619047619,35.599998474121094
2024-09-24,28.359088897705078,28.68940770079577,29.309552301254303,79.16666666666666,79.16666666666666,35.20000076293945
2024-09-25,28.206008911132812,28.439649836575814,28.686094499122888,77.38095238095238,77.38095238095238,35.0099983215332
2024-09-26,27.682336807250977,28.367143082812586,23.591762695603837,68.05555555555556,68.05555555555556,34.36000061035156
2024-09-27,28.109333038330078,27.779014251910414,23.789552410895908,68.05555555555556,68.05555555555556,34.88999938964844
2024-09-30,28.72968864440918,28.05293758023727,28.520239131478643,76.5873015873016,76.5873015873016,35.65999984741211
2024-10-01,29.680360794067383,28.439650082701252,31.509936146651253,81.94444444444444,81.94444444444444,36.84000015258789
2024-10-02,29.728700637817383,30.050961118028784,32.953432906429036,83.53174603174604,83.53174603174604,36.900001525878906
2024-10-03,29.068063735961914,29.72870126874895,28.86345660435763,77.57936507936508,77.57936507936508,36.08000183105469
2024-10-04,29.87371826171875,29.648132549947672,31.302191453880457,81.54761904761905,81.54761904761905,37.08000183105469
2024-10-07,29.607851028442383,29.777038011004986,30.513455917155106,80.35714285714286,80.35714285714286,36.75
2024-10-08,29.615907669067383,29.91400254611899,30.12185022990508,79.96031746031747,79.96031746031747,36.7599983215332
2024-10-09,29.922054290771484,29.366152925444634,31.667379869270334,81.94444444444444,81.94444444444444,37.13999938964844
2024-10-10,29.00360870361328,29.591737066858816,23.371659322559285,65.67460317460318,65.67460317460318,36.0
2024-10-11,30.437673568725586,29.18890775787871,28.785896715549956,76.38888888888889,76.38888888888889,37.779998779296875
2024-10-14,31.009695053100586,30.389339679113746,32.76520687124418,82.93650793650794,82.93650793650794,38.4900016784668
2024-10-15,30.45379066467285,31.28361828410872,28.030525424538094,73.21428571428571,73.21428571428571,37.79999923706055
2024-10-16,31.476974487304688,30.60686774881588,32.26644884059354,82.34126984126983,82.34126984126983,39.06999969482422
2024-10-17,31.581710815429688,31.65421996688518,33.074107500551975,84.12698412698413,84.12698412698413,39.20000076293945
2024-10-18,31.549484252929688,31.718671250746734,33.015855836650196,83.33333333333334,83.33333333333334,39.15999984741211
2024-10-21,31.96036720275879,31.928143303374398,34.22734833038745,86.30952380952381,86.30952380952381,39.66999816894531
2024-10-22,28.87470245361328,31.041915333528454,5.066117937484915,39.285714285714285,39.285714285714285,35.84000015258789
2024-10-23,29.08417510986328,29.019724239654828,-8.741738833146792,25.396825396825395,25.396825396825395,36.099998474121094
2024-10-24,28.101276397705078,28.68134650929394,-24.164990998671392,12.3015873015873,12.3015873015873,34.880001068115234
2024-10-25,28.318803787231445,28.729686910200385,-30.353294200134894,7.341269841269842,7.341269841269842,35.150001525878906
2024-10-28,27.722614288330078,28.399365242575836,-36.919211079071545,4.166666666666666,4.166666666666666,34.40999984741211
2024-10-29,27.045866012573242,27.51314786995648,-40.762120195151304,3.571428571428571,3.571428571428571,33.56999969482422
2024-10-30,26.941131591796875,26.828340260032967,-42.15015861671695,2.579365079365079,2.579365079365079,33.439998626708984
2024-10-31,25.36204719543457,26.385230550466396,-43.88087291129234,1.5873015873015872,1.5873015873015872,31.479999542236328
2024-11-01,25.426494598388672,25.821265724636397,-44.525398884888325,0.992063492063492,0.992063492063492,31.559999465942383
2024-11-04,25.523178100585938,25.555403536184347,-44.51257249041021,1.1904761904761905,1.1904761904761905,31.68000030517578
2024-11-05,26.425508499145508,25.764871017166833,-41.25351072435625,4.365079365079365,4.365079365079365,32.79999923706055
2024-11-06,28.939159393310547,29.478950461986877,-24.142466162796634,14.087301587301587,14.087301587301587,35.91999816894531
2024-11-07,28.351030349731445,29.406440697607234,-18.574372325870375,18.650793650793652,18.650793650793652,35.189998626708984
2024-11-08,31.501144409179688,29.358099841615715,3.0974062587046682,39.682539682539684,39.682539682539684,39.099998474121094
2024-11-11,32.45181655883789,32.33097002569415,17.652349138437167,59.32539682539682,59.32539682539682,40.279998779296875
2024-11-12,31.243330001831055,32.33902234864438,17.269235950751867,58.92857142857143,58.92857142857143,38.779998779296875
2024-11-13,31.654216766357422,31.71866763150504,19.381338129901312,62.301587301587304,62.301587301587304,39.290000915527344
2024-11-14,28.57661247253418,31.823404392956608,2.011770785589702,38.492063492063494,38.492063492063494,35.470001220703125
2024-11-15,27.956256866455078,28.302689106219958,-11.096854250537985,24.801587301587304,24.801587301587304,34.70000076293945
2024-11-18,28.044879913330078,28.10127557428576,-17.35964537204309,20.03968253968254,20.03968253968254,34.810001373291016
2024-11-19,28.479934692382812,28.30269248514121,-17.508602769751562,19.642857142857142,19.642857142857142,35.349998474121094
2024-11-20,28.786081314086914,28.633007818758585,-15.44429261478218,21.626984126984127,21.626984126984127,35.72999954223633
2024-11-21,29.575624465942383,29.221137010926903,-8.835338444803117,28.373015873015873,28.373015873015873,36.709999084472656
2024-11-22,30.437673568725586,29.946223064370916,-0.8043442676481503,36.7063492063492,36.7063492063492,37.779998779296875
2024-11-25,29.487001419067383,30.71159861916704,-2.276601859020335,35.317460317460316,35.317460317460316,36.599998474121094
2024-11-26,30.50212860107422,29.69647281371709,2.7234777413551194,40.87301587301587,40.87301587301587,37.86000061035156
2024-11-27,30.00262451171875,30.743826401360323,2.7505395121696385,41.07142857142857,41.07142857142857,37.2400016784668
2024-11-29,30.93718719482422,30.421564847132732,7.839236573571738,48.61111111111111,48.61111111111111,38.400001525878906
2024-12-02,29.615907669067383,30.86467669419386,2.0474228534085266,40.27777777777778,40.27777777777778,36.7599983215332
2024-12-03,29.672306060791016,29.76092562158638,-0.5772652453975462,37.301587301587304,37.301587301587304,36.83000183105469
2024-12-04,30.671321868896484,29.583687562245398,3.9168966664548956,43.25396825396825,43.25396825396825,38.06999969482422
2024-12-05,29.237247467041016,30.340994967470493,-8.70078402909439,28.968253968253972,28.968253968253972,36.290000915527344
2024-12-06,28.80219841003418,29.229195053345634,-19.203387083077576,18.055555555555554,18.055555555555554,35.75
2024-12-09,27.198942184448242,28.673293975767596,-30.948466083076415,8.333333333333332,8.333333333333332,33.7599983215332
2024-12-10,27.537311553955078,27.36006631982221,-35.14912086261195,6.349206349206349,6.349206349206349,34.18000030517578
2024-12-11,27.182828903198242,28.012653419952752,-38.85504871344071,5.158730158730158,5.158730158730158,33.7400016784668
2024-12-12,26.123125076293945,27.1413782488286,-41.71092819763196,3.7698412698412698,3.7698412698412698,28.989999771118164
2024-12-13,26.573678970336914,26.18620219327437,-41.228565495362005,4.761904761904762,4.761904761904762,29.489999771118164
2024-12-16,27.23148536682129,26.48356573444472,-36.89188596633458,6.15079365079365,6.15079365079365,30.219999313354492
2024-12-17,26.465547561645508,26.853022628855033,-38.54831763944831,5.753968253968254,5.753968253968254,29.3700008392334
2024-12-18,23.87035369873047,26.35741229598336,-41.99416651105973,3.7698412698412698,3.7698412698412698,26.489999771118164
2024-12-19,24.510143280029297,24.447064263449786,-41.55613968312421,4.365079365079365,4.365079365079365,27.200000762939453
2024-12-20,25.528392791748047,24.03255346054079,-37.47877574434149,6.547619047619048,6.547619047619048,28.329999923706055
2024-12-23,25.57721710205078,25.559134527508302,-34.89365064256063,8.134920634920634,8.134920634920634,28.290000915527344
2024-12-24,26.219131469726562,25.468721913881318,-30.704756145507822,10.714285714285714,10.714285714285714,29.0
2024-12-26,26.58077621459961,26.155846053668004,-26.481082814502336,14.880952380952381,14.880952380952381,29.399999618530273
2024-12-27,26.074472427368164,26.219129555927708,-26.676657688988875,14.682539682539684,14.682539682539684,28.84000015258789
2024-12-30,25.061874389648438,24.7273553786493,-31.532659767873344,9.523809523809524,9.523809523809524,27.719999313354492
2024-12-31,24.872011184692383,25.28790003524719,-34.61052676059219,8.531746031746032,8.531746031746032,27.510000228881836
2025-01-02,24.618860244750977,25.387352383978886,-37.06678747378086,6.746031746031746,6.746031746031746,27.229999542236328
2025-01-03,25.333106994628906,24.763517979476994,-34.61505449237266,8.73015873015873,8.73015873015873,28.020000457763672
2025-01-06,24.636943817138672,25.758037567388325,-36.56614582173992,7.341269841269842,7.341269841269842,27.25
2025-01-07,24.573654174804688,24.727352594143643,-37.38775877030835,6.746031746031746,6.746031746031746,27.18000030517578
2025-01-08,25.17940902709961,24.438040717036188,-33.08961248998625,9.722222222222223,9.722222222222223,27.850000381469727
2025-01-10,24.609817504882812,24.709269930102,-33.748617164672126,9.523809523809524,9.523809523809524,27.219999313354492
2025-01-13,25.2155704498291,24.058313364802594,-29.356110331086793,13.690476190476192,13.690476190476192,27.889999389648438
2025-01-14,26.164886474609375,25.730913316203303,-14.675290759910176,27.380952380952383,27.380952380952383,28.940000534057617
2025-01-15,26.6169376373291,27.12323758948714,-1.368094252199378,39.88095238095239,39.88095238095239,29.440000534057617
2025-01-16,27.349267959594727,26.770639371116307,12.173466981412902,56.34920634920635,56.34920634920635,30.25
2025-01-17,28.000225067138672,27.692828198995464,20.27788084324573,66.46825396825396,66.46825396825396,30.969999313354492
2025-01-21,30.730632781982422,29.094196042035808,30.891073136754294,82.93650793650794,82.93650793650794,33.9900016784668
2025-01-22,30.197208404541016,30.739671821837657,32.73314440987872,85.51587301587301,85.51587301587301,33.400001525878906
2025-01-23,31.815561294555664,31.643782005273366,36.284218253506175,92.06349206349206,92.06349206349206,35.189998626708984
2025-01-24,30.685426712036133,31.53529050673315,32.02580409905009,84.32539682539682,84.32539682539682,33.939998626708984
2025-01-27,29.681867599487305,30.14296116669479,23.543481028892703,69.04761904761905,69.04761904761905,32.83000183105469
2025-01-28,29.618574142456055,30.848161473814564,18.48326730429219,62.698412698412696,62.698412698412696,32.7599983215332
2025-01-29,29.148441314697266,29.645699988703328,12.765983582242816,55.952380952380956,55.952380952380956,32.2400016784668
2025-01-30,30.938579559326172,29.356390421470017,19.41484459821485,64.48412698412699,64.48412698412699,34.220001220703125
2025-01-31,30.585975646972656,31.191726358462898,20.270620740567523,65.27777777777779,65.27777777777779,33.83000183105469
2025-02-03,30.576932907104492,29.311180301754987,20.61591665418689,65.47619047619048,65.47619047619048,33.81999969482422
2025-02-04,30.079673767089844,30.43227533753111,17.68728455981113,61.30952380952381,61.30952380952381,33.27000045776367
2025-02-05,30.938579559326172,30.640222237859103,20.85434177327732,66.07142857142857,66.07142857142857,34.220001220703125
2025-02-06,30.76679229736328,31.028984429427158,21.15092726646097,66.46825396825396,66.46825396825396,34.029998779296875
2025-02-07,30.37803077697754,30.947619845604244,18.517336367388587,62.301587301587304,62.301587301587304,33.599998474121094
2025-02-10,30.784875869750977,30.812001454261264,19.575379911628325,64.48412698412699,64.48412698412699,34.04999923706055
2025-02-11,30.983781814575195,30.604054658198038,21.337124456722172,66.86507936507937,66.86507936507937,34.27000045776367
2025-02-12,30.35994529724121,30.088710164908683,16.479834356223332,59.72222222222222,59.72222222222222,33.58000183105469
2025-02-13,29.582412719726562,30.57693006809176,6.443727400497995,47.61904761904761,47.61904761904761,32.720001220703125
2025-02-14,28.651182174682617,29.51912672630822,-8.35385641673624,33.13492063492063,33.13492063492063,31.690000534057617
2025-02-18,29.2840576171875,29.459454790210547,-12.3050947137566,28.76984126984127,28.76984126984127,32.38999938964844
2025-02-19,29.139400482177734,29.256935488095326,-18.165883691605977,23.61111111111111,23.61111111111111,32.22999954223633
2025-02-20,28.253374099731445,28.86816779605346,-25.161686983081953,17.46031746031746,17.46031746031746,31.25
2025-02-21,26.246253967285156,28.370906234444366,-33.86142883486855,9.523809523809524,9.523809523809524,29.030000686645508
2025-02-24,26.40899658203125,26.82488720173336,-37.296357453041715,6.944444444444445,6.944444444444445,29.209999084472656
2025-02-25,26.833927154541016,26.445160417786465,-36.8697857132559,7.738095238095238,7.738095238095238,29.68000030517578
2025-02-26,27.276939392089844,27.665706121728537,-33.71580963731265,10.317460317460316,10.317460317460316,30.170000076293945
2025-02-27,27.774198532104492,27.864609681528542,-28.923176136278556,15.079365079365079,15.079365079365079,30.719999313354492
2025-02-28,29.17556381225586,27.765154175812583,-14.45088191261469,28.57142857142857,28.57142857142857,32.27000045776367
2025-03-03,28.135841369628906,29.745154210461152,-16.05262178677527,26.984126984126984,26.984126984126984,31.1200008392334
2025-03-04,26.08351707458496,27.304063262978737,-27.555517685869386,16.46825396825397,16.46825396825397,28.850000381469727
2025-03-05,27.738035202026367,26.300503267052108,-23.20398245748037,20.03968253968254,20.03968253968254,30.68000030517578
2025-03-06,26.065433502197266,26.76159707422687,-30.01509266048593,14.285714285714285,14.285714285714285,28.829999923706055
2025-03-07,26.13776206970215,25.676666784044432,-30.292249911086564,13.690476190476192,13.690476190476192,28.90999984741211
2025-03-10,25.26077651977539,25.016666960239363,-34.96683305254885,9.126984126984127,9.126984126984127,27.940000534057617
2025-03-11,25.387351989746094,25.052831278647744,-35.79914237973868,8.531746031746032,8.531746031746032,28.079999923706055
2025-03-12,25.911733627319336,26.137760614106455,-33.022201925716224,11.30952380952381,11.30952380952381,28.65999984741211
2025-03-13,25.76707649230957,25.94789877150891,-32.077877183254884,11.904761904761903,11.904761904761903,28.5
2025-03-14,26.951457977294922,26.27337700295391,-24.047533490382072,21.03174603174603,21.03174603174603,29.809999465942383
2025-03-17,28.09967803955078,26.879131830873487,-9.657798423929961,34.32539682539682,34.32539682539682,31.079999923706055
2025-03-18,27.792278289794922,27.864606857112936,-4.315049330611767,39.682539682539684,39.682539682539684,30.739999771118164
2025-03-19,29.799400329589844,28.461320837121445,11.703070653408753,56.547619047619044,56.547619047619044,32.959999084472656
2025-03-20,29.112276077270508,29.383507766877457,15.139171447934324,60.71428571428571,60.71428571428571,32.20000076293945
2025-03-21,28.750633239746094,28.832003096370492,14.878242967721617,60.51587301587301,60.51587301587301,31.799999237060547
2025-03-24,30.66733741760254,29.681863146302415,24.659770455604438,73.21428571428571,73.21428571428571,33.91999816894531
2025-03-25,31.50333023071289,30.806673742736677,31.349005413248598,84.12698412698413,84.12698412698413,34.81999969482422
2025-03-26,30.028589248657227,31.51237908377184,25.07329595553963,73.4126984126984,73.4126984126984,33.189998626708984
2025-03-27,29.621456146240234,30.037639469681515,19.47621548912924,66.46825396825396,66.46825396825396,32.7400016784668
2025-03-28,27.85719871520996,29.322889875393834,4.262263776183889,46.82539682539682,46.82539682539682,30.790000915527344
2025-03-31,27.77577018737793,26.925306403627292,-4.254955170312471,38.095238095238095,38.095238095238095,30.700000762939453
2025-04-01,28.354806900024414,27.450058758289543,-4.142631059029514,38.2936507936508,38.2936507936508,31.34000015258789
2025-04-02,28.65337371826172,27.260060751644453,-1.914519107086881,39.88095238095239,39.88095238095239,31.670000076293945
2025-04-03,24.826290130615234,26.02960512103007,-21.790283708048612,20.238095238095237,20.238095238095237,27.440000534057617
2025-04-04,18.456863403320312,22.3563277611051,-33.663411189502504,10.912698412698413,10.912698412698413,20.399999618530273
2025-04-07,18.583528518676758,16.656413921315252,-36.07875144239018,8.333333333333332,8.333333333333332,20.540000915527344
2025-04-08,19.343515396118164,21.424437252729366,-36.20179286045303,8.333333333333332,8.333333333333332,21.3799991607666
2025-04-09,24.464391708374023,18.719240398434795,-24.648995656317453,19.444444444444446,19.444444444444446,27.040000915527344
2025-04-10,23.27012062072754,22.971553815343388,-21.038401883869884,21.428571428571427,21.428571428571427,25.719999313354492
2025-04-11,24.048206329345703,22.881082085463934,-17.010721819547204,26.58730158730159,26.58730158730159,26.579999923706055
2025-04-14,24.9800968170166,25.088665627960278,-11.590683241490856,31.547619047619047,31.547619047619047,27.610000610351562
2025-04-15,24.627243041992188,24.473435793584425,-10.331114169437846,33.13492063492063,33.13492063492063,27.219999313354492
2025-04-16,24.29248809814453,24.41010459798901,-10.773751782425098,32.73809523809524,32.73809523809524,26.850000381469727
2025-04-17,24.301536560058594,24.382964033953833,-10.992832875696804,32.34126984126984,32.34126984126984,26.860000610351562
2025-04-21,22.72727394104004,23.604879011928286,-15.47751646487787,27.976190476190478,27.976190476190478,25.1200008392334
2025-04-22,22.56441879272461,22.44680056972386,-18.39589453154793,24.801587301587304,24.801587301587304,24.940000534057617
2025-04-23,24.455345153808594,24.55486628514682,-13.087134828030484,31.349206349206348,31.349206349206348,27.030000686645508
2025-04-24,25.749134063720703,24.46439322048015,-4.54916423021823,40.07936507936508,40.07936507936508,28.459999084472656
2025-04-25,26.6900691986084,25.984365052793798,5.10515011257643,50.198412698412696,50.198412698412696,29.5
2025-04-28,27.205780029296875,27.278159821408483,13.151849102444185,59.92063492063492,59.92063492063492,30.06999969482422
2025-04-29,27.55862808227539,27.08816035131884,19.211239776413315,66.26984126984127,66.26984126984127,30.459999084472656
2025-04-30,27.71243667602539,26.771499443020243,22.953515303860538,71.23015873015873,71.23015873015873,30.6299991607666
2025-05-01,28.68956184387207,28.182903383621394,28.20999801903455,77.77777777777779,77.77777777777779,31.709999084472656
2025-05-02,30.12811279296875,29.856689037441885,33.12499004890765,87.89682539682539,87.89682539682539,33.29999923706055
2025-05-05,30.12811279296875,29.7481202254992,35.65107925478641,91.26984126984127,91.26984126984127,33.29999923706055
2025-05-06,29.377172470092773,29.078603934771664,33.501675633830885,88.4920634920635,88.4920634920635,32.470001220703125
2025-05-07,29.51288414001465,29.494788762575823,32.61288496210821,85.31746031746032,85.31746031746032,32.619998931884766
2025-05-08,31.231908798217773,30.300019241129405,35.52751161640943,90.87301587301587,90.87301587301587,34.52000045776367
2025-05-09,31.105243682861328,31.666186593281274,36.08582663674718,92.06349206349206,92.06349206349206,34.380001068115234
2025-05-12,32.453311920166016,33.032350125893814,38.66358001831689,93.84920634920636,93.84920634920636,35.869998931884766
2025-05-13,33.21330642700195,32.589031395821436,40.177591007498975,96.23015873015873,96.23015873015873,36.709999084472656
2025-05-14,33.30377960205078,33.41234841027885,41.1216196378829,97.61904761904762,97.61904761904762,36.810001373291016
2025-05-15,35.47517776489258,33.68377665866161,42.72171911252638,99.0079365079365,99.0079365079365,39.209999084472656
2025-05-16,36.289451599121094,35.50232161533916,43.71441164499563,99.8015873015873,99.8015873015873,40.11000061035156
2025-05-19,37.0494384765625,35.28517884408993,44.16309463863908,100.0,100.0,40.95000076293945
2025-05-20,37.10371780395508,36.61515645637675,44.0748381577976,99.8015873015873,99.8015873015873,41.0099983215332
2025-05-21,35.42089080810547,37.17610094466474,40.324127453107025,95.23809523809523,95.23809523809523,39.150001525878906
2025-05-22,34.98660659790039,35.10422481467877,36.8268224169329,91.26984126984127,91.26984126984127,38.66999816894531
2025-05-23,35.54755401611328,34.12709976168262,36.10828681154111,90.27777777777779,90.27777777777779,39.290000915527344
2025-05-27,38.171321868896484,36.895627160137,40.03047951177589,94.84126984126983,94.84126984126983,42.189998626708984
2025-05-28,38.370365142822266,38.46083856841898,40.86971789526302,95.83333333333334,95.83333333333334,42.40999984741211
2025-05-29,38.73226547241211,38.39750620713729,41.89666779192568,97.22222222222221,97.22222222222221,42.810001373291016
2025-05-30,39.392738342285156,38.57846356343549,42.63175088075629,98.01587301587301,98.01587301587301,43.540000915527344
2025-06-02,40.080345153808594,39.447020714311286,43.53319761739156,99.20634920634922,99.20634920634922,44.29999923706055
2025-06-03,40.867469787597656,40.04414915934045,43.392982462742765,98.80952380952381,98.80952380952381,45.16999816894531
2025-06-04,41.39222717285156,41.247467609317056,43.12723072515328,98.4126984126984,98.4126984126984,45.75
2025-06-05,41.455562591552734,41.83555863339989,43.047793982225635,98.21428571428571,98.21428571428571,45.81999969482422
2025-06-06,42.4688835144043,42.06174954474413,43.15445479996895,98.4126984126984,98.4126984126984,46.939998626708984
2025-06-09,43.201725006103516,43.192679043016604,43.57644343034385,99.20634920634922,99.20634920634922,47.75
2025-06-10,40.57795715332031,42.97554136807552,37.28432859103882,89.68253968253968,89.68253968253968,44.849998474121094
2025-06-11,41.59127426147461,40.568907868354444,35.74017997660787,86.90476190476191,86.90476190476191,45.970001220703125
2025-06-12,40.79509353637695,39.763681214914556,31.71382845793315,79.16666666666666,79.16666666666666,45.09000015258789
2025-06-13,41.25651550292969,40.740809317993595,30.322756837318792,76.5873015873016,76.5873015873016,45.599998474121094
2025-06-16,40.58700180053711,41.889837869636985,25.832872572437527,69.04761904761905,69.04761904761905,44.86000061035156
2025-06-17,41.111759185791016,40.61414833918524,25.609337358317045,68.65079365079364,68.65079365079364,45.439998626708984
2025-06-18,40.23414993286133,41.184134766988485,20.014713174918512,61.904761904761905,61.904761904761905,44.470001220703125
2025-06-20,41.20222854614258,40.758900466689276,21.92128050839151,64.68253968253968,64.68253968253968,45.540000915527344
2025-06-23,43.13839340209961,41.67270232015051,30.71101411123077,77.57936507936508,77.57936507936508,47.68000030517578
2025-06-24,42.211727142333984,43.235317235031424,30.40271764069418,76.78571428571429,76.78571428571429,46.599998474121094
2025-06-25,42.2751350402832,42.872986873097744,29.365755727455912,75.39682539682539,75.39682539682539,46.66999816894531
2025-06-26,44.0867919921875,42.909212413175716,32.5868408706251,80.75396825396825,80.75396825396825,48.66999816894531
2025-06-27,46.287967681884766,44.58500770719291,36.14385961632348,88.09523809523809,88.09523809523809,51.099998474121094
2025-06-30,46.9945182800293,46.949227416273445,39.134514245144366,92.06349206349206,92.06349206349206,51.880001068115234
2025-07-01,44.295143127441406,46.51442660592453,29.52682646630389,75.0,75.0,48.900001525878906
2025-07-02,44.050567626953125,44.11397552789891,22.510261673013083,64.28571428571429,64.28571428571429,48.630001068115234
2025-07-03,45.60859680175781,44.5397157734421,25.978740139362277,69.04761904761905,69.04761904761905,50.349998474121094
2025-07-07,46.432899475097656,46.03433504528618,30.83463222617852,76.98412698412699,76.98412698412699,51.2599983215332
2025-07-08,45.60859680175781,46.32420423614185,28.977219585929863,73.61111111111111,73.61111111111111,50.349998474121094
2025-07-09,47.0850944519043,46.47818934714839,33.683960122097275,83.53174603174604,83.53174603174604,51.97999954223633
2025-07-10,46.84052276611328,47.32061557233296,34.15177954286361,83.92857142857143,83.92857142857143,51.709999084472656
2025-07-11,47.67388916015625,46.65935589555462,36.55827323869399,88.29365079365078,88.29365079365078,52.630001068115234
2025-07-14,50.70842361450195,48.13586320042011,39.47608303632855,92.46031746031747,92.46031746031747,55.97999954223633
2025-07-15,50.28268051147461,50.91676294319789,39.29415474946495,91.86507936507937,91.86507936507937,55.5099983215332
2025-07-16,51.27910232543945,50.68125390033219,40.611854002390125,93.65079365079364,93.65079365079364,56.61000061035156
2025-07-17,52.26645278930664,52.20304489162173,40.53420211793043,93.45238095238095,93.45238095238095,57.70000076293945
2025-07-18,52.4476203918457,52.83712802880418,39.78479552534994,92.46031746031747,92.46031746031747,57.900001525878906
2025-07-21,51.26097869873047,52.63784229437266,36.58036350147773,87.3015873015873,87.3015873015873,56.59000015258789
2025-07-22,49.37685012817383,49.44026148213681,25.270885639050196,66.26984126984127,66.26984126984127,54.5099983215332
2025-07-23,52.90959548950195,50.590666582341576,31.014853707648204,75.79365079365078,75.79365079365078,58.40999984741211
2025-07-24,52.746543884277344,52.90959375669321,32.18614272375148,77.97619047619048,77.97619047619048,58.22999954223633
2025-07-25,53.92412185668945,53.00923400716459,35.80686592392862,85.11904761904762,85.11904761904762,59.529998779296875
2025-07-28,53.742958068847656,54.70313677416444,36.111761493501035,86.30952380952381,86.30952380952381,59.33000183105469
2025-07-29,52.99111557006836,54.77560381552913,32.142926295117306,77.18253968253968,77.18253968253968,58.5
2025-07-30,54.250221252441406,53.40779809607476,34.12989081419458,81.94444444444444,81.94444444444444,59.88999938964844
2025-07-31,52.529144287109375,53.462149166005986,27.129191358656833,67.65873015873017,67.65873015873017,57.9900016784668
2025-08-01,51.768245697021484,50.545371710789944,19.4245026420437,57.936507936507944,57.936507936507944,57.150001525878906
2025-08-04,53.53461837768555,52.33892156303978,22.19869665968379,61.30952380952381,61.30952380952381,59.099998474121094
2025-08-05,53.27192687988281,54.00564784071732,22.304903436668116,61.30952380952381,61.30952380952381,58.810001373291016
2025-08-06,53.11793518066406,53.534616657582646,20.731964326781473,59.32539682539682,59.32539682539682,58.63999938964844
2025-08-07,52.63784408569336,53.33533442498027,17.18300677581801,54.36507936507936,54.36507936507936,58.11000061035156
2025-08-08,52.19398498535156,53.290043199898996,11.798185772860819,48.41269841269841,48.41269841269841,57.619998931884766
2025-08-11,52.067169189453125,52.275509919698194,7.12520453542621,44.047619047619044,44.047619047619044,57.47999954223633
2025-08-12,53.489322662353516,52.58349161487769,12.422849648906247,49.60317460317461,49.60317460317461,59.04999923706055
2025-08-13,52.357032775878906,54.25928000972636,7.684059052226046,44.44444444444444,44.44444444444444,57.79999923706055
2025-08-14,51.7501335144043,52.230222908388086,2.3050595414139194,38.69047619047619,38.69047619047619,57.130001068115234
2025-08-15,51.034523010253906,51.76824742650524,-4.102130822368671,34.12698412698413,34.12698412698413,56.34000015258789
2025-08-18,51.71389389038086,51.034520614603636,-4.211130810920572,33.92857142857143,33.92857142857143,57.09000015258789
2025-08-19,49.37685012817383,51.41497003661829,-16.037019730241,23.61111111111111,23.61111111111111,54.5099983215332
2025-08-20,50.18304443359375,49.23191901210514,-19.216702691487704,20.03968253968254,20.03968253968254,55.400001525878906
2025-08-21,50.77183151245117,50.346093253149995,-17.48942147565626,22.023809523809522,22.023809523809522,56.04999923706055
2025-08-22,51.38779830932617,51.35156423571619,-13.116499372890681,26.785714285714285,26.785714285714285,56.72999954223633
2025-08-25,51.05263900756836,51.52367157262307,-12.706745039306465,27.18253968253968,27.18253968253968,56.36000061035156
2025-08-26,54.60349655151367,51.55990356120613,6.632213488224849,43.65079365079365,43.65079365079365,60.279998779296875
2025-08-27,53.93318176269531,54.730310601954145,12.982869875835714,50.198412698412696,50.198412698412696,59.540000915527344
2025-08-28,54.77560806274414,54.259284608977026,20.980438329489324,59.92063492063492,59.92063492063492,60.470001220703125
2025-08-29,53.31721496582031,54.92959309308079,15.975905832541606,53.17460317460318,53.17460317460318,58.86000061035156
2025-09-02,53.21757507324219,51.92223637374514,12.677258498924546,49.007936507936506,49.007936507936506,58.75
2025-09-03,51.976593017578125,53.38968741810261,4.349812508934933,40.07936507936508,40.07936507936508,57.380001068115234
2025-09-04,53.199459075927734,52.692192425611594,6.37617523094368,42.26190476190476,42.26190476190476,58.72999954223633
2025-09-05,52.91865158081055,53.652376021013474,6.053312087455593,41.86507936507937,41.86507936507937,58.41999816894531
2025-09-08,52.50196838378906,52.918649849818024,3.3955846050979037,38.88888888888889,38.88888888888889,57.959999084472656
2025-09-09,51.37873840332031,52.02187762127933,-4.671509792215486,32.34126984126984,32.34126984126984,56.720001220703125
2025-09-10,53.48026657104492,51.342504718195144,2.8493609666629323,38.095238095238095,38.095238095238095,59.040000915527344
2025-09-11,54.28645324707031,53.83353773755394,9.786799841642729,46.03174603174603,46.03174603174603,59.93000030517578
2025-09-12,53.78824996948242,54.44044599095432,9.989412924097298,46.230158730158735,46.230158730158735,59.380001068115234
2025-09-15,55.6180305480957,54.10076070142389,19.191746437947803,55.952380952380956,55.952380952380956,61.400001525878906
2025-09-16,56.3245735168457,56.134349830551095,23.549317592322723,63.49206349206349,63.49206349206349,62.18000030517578
2025-09-17,55.0111198425293,56.36080964192903,18.42031478300687,54.761904761904766,54.761904761904766,60.72999954223633
2025-09-18,57.31193161010742,55.57273417717471,25.796655260256834,65.47619047619048,65.47619047619048,63.27000045776367
2025-09-19,57.60179901123047,57.837313573650285,28.846530880917143,70.43650793650794,70.43650793650794,63.59000015258789
2025-09-22,58.31740188598633,57.23946415504187,32.473100734574196,77.77777777777779,77.77777777777779,64.37999725341797
2025-09-23,59.931968688964844,58.617475104048154,35.546316915509166,84.12698412698413,84.12698412698413,66.11000061035156
2025-09-24,57.756248474121094,60.41243789629653,25.919800298104573,65.47619047619048,65.47619047619048,63.709999084472656
2025-09-25,57.07633590698242,57.121662674629476,18.06484889172654,53.57142857142857,53.57142857142857,62.959999084472656
2025-09-26,59.27925109863281,58.71718810980372,22.49245553887185,60.317460317460316,60.317460317460316,65.38999938964844
2025-09-29,58.96195983886719,61.60001437141615,21.15865772568882,58.730158730158735,58.730158730158735,65.04000091552734
2025-09-30,62.325260162353516,59.279254166923295,30.044187624492764,72.22222222222221,72.22222222222221,68.75
2025-10-01,62.3433837890625,61.192069378790634,34.274584100915355,82.34126984126983,82.34126984126983,68.7699966430664
2025-10-02,62.334327697753906,62.69694877714738,35.05271795760764,83.53174603174604,83.53174603174604,68.76000213623047
2025-10-03,62.70600509643555,62.533765455468604,35.917347929349944,85.31746031746032,85.31746031746032,69.16999816894531
2025-10-06,65.28966522216797,63.39498086259055,38.9895525014535,90.27777777777779,90.27777777777779,72.0199966430664
2025-10-07,65.55256652832031,65.55256652832031,39.28892396327907,91.07142857142857,91.07142857142857,72.30999755859375
2025-10-08,67.5107192993164,66.7038910733701,40.920024573372,94.24603174603175,94.24603174603175,74.47000122070312
2025-10-09,63.84825897216797,67.62856738975462,30.397014717564613,71.42857142857143,71.42857142857143,70.43000030517578
2025-10-10,58.93476486206055,64.2108808786846,8.487617991539592,40.67460317460318,40.67460317460318,65.01000213623047
2025-10-13,61.717872619628906,60.566551235874556,3.9160307098729246,34.72222222222222,34.72222222222222,68.08000183105469
2025-10-14,63.050498962402344,60.1404699746053,5.549257673817711,36.7063492063492,36.7063492063492,69.55000305175781
2025-10-15,60.367103576660156,64.28340247942272,-1.9188296832327696,30.158730158730158,30.158730158730158,66.58999633789062
2025-10-16,59.09794616699219,60.856646959610835,-10.266689644997545,23.41269841269841,23.41269841269841,65.19000244140625
2025-10-17,58.889434814453125,58.282048514391754,-16.635108647713714,17.063492063492063,17.063492063492063,64.95999908447266
2025-10-20,61.971702575683594,60.457767103129726,-10.48030804287964,23.214285714285715,23.214285714285715,68.36000061035156
2025-10-21,65.18995666503906,64.22900980437184,2.9365889332273523,34.12698412698413,34.12698412698413,71.91000366210938
2025-10-22,62.41591262817383,65.2080858953088,0.48516197560615126,32.34126984126984,32.34126984126984,68.8499984741211
2025-10-23,67.18435668945312,62.91451111001578,14.02706889757922,46.42857142857143,46.42857142857143,74.11000061035156
2025-10-24,68.18156433105469,68.96119719441337,21.207156711005975,57.14285714285714,57.14285714285714,75.20999908447266
2025-10-27,69.99466705322266,69.74083436879597,28.285654836742097,66.86507936507937,66.86507936507937,77.20999908447266
2025-10-28,68.90680694580078,70.5567262207391,25.805169418965306,63.095238095238095,63.095238095238095,76.01000213623047
2025-10-29,68.72549438476562,68.57138267679147,23.79294842181596,60.912698412698404,60.912698412698404,75.80999755859375
2025-10-30,66.57698059082031,67.72829512030033,15.677778461815011,48.214285714285715,48.214285714285715,73.44000244140625
2025-10-31,67.0302505493164,66.66762948339178,12.81420401035561,44.642857142857146,44.642857142857146,73.94000244140625
2025-11-03,66.25968170166016,66.96679593007276,8.154076398333727,39.682539682539684,39.682539682539684,73.08999633789062
2025-11-04,63.277137756347656,63.91171943810058,-2.924433397961178,28.76984126984127,28.76984126984127,69.80000305175781
2025-11-05,61.30085754394531,60.98355980038367,-14.455883323478483,19.642857142857142,19.642857142857142,67.62000274658203
2025-11-06,59.59653854370117,60.974497110083064,-24.261187143281873,11.904761904761903,11.904761904761903,65.73999786376953
2025-11-07,60.738792419433594,58.36363118117998,-25.619180388428497,10.912698412698413,10.912698412698413,67.0
2025-11-10,62.37964630126953,61.87198097829221,-21.73154348469216,13.293650793650794,13.293650793650794,68.80999755859375
2025-11-11,62.0986213684082,62.751337911316746,-20.496247643107885,14.087301587301587,14.087301587301587,68.5
2025-11-12,61.08328628540039,62.27993102482265,-22.797837145808067,13.095238095238097,13.095238095238097,67.37999725341797
2025-11-13,57.13072967529297,60.96543228745941,-32.92938409331779,7.142857142857142,7.142857142857142,63.02000045776367
2025-11-14,57.76531219482422,55.598660307761406,-33.84789747126787,5.952380952380952,5.952380952380952,63.720001220703125
2025-11-17,56.106327056884766,58.155130098653956,-37.228052733458455,2.976190476190476,2.976190476190476,61.88999938964844
2025-11-18,55.11819076538086,55.3448280657798,-39.78960381973848,1.984126984126984,1.984126984126984,60.79999923706055
2025-11-19,55.44454574584961,54.84622344657899,-40.52671392563249,1.984126984126984,1.984126984126984,61.15999984741211
2025-11-20,51.99966049194336,57.91036144388584,-42.89469597165251,0.5952380952380952,0.5952380952380952,57.36000061035156
2025-11-21,51.392269134521484,52.11751120790911,-42.47772737469207,0.7936507936507936,0.7936507936507936,56.689998626708984
2025-11-24,53.241634368896484,51.85461519254523,-40.16974133265844,2.579365079365079,2.579365079365079,58.72999954223633
2025-11-25,54.59239196777344,53.22350078839351,-36.54897887634919,5.158730158730158,5.158730158730158,60.220001220703125
2025-11-26,55.57146453857422,55.25417370602529,-31.658146175805886,9.523809523809524,9.523809523809524,61.29999923706055
2025-11-28,56.64119338989258,55.88422564068465,-26.717342945408724,12.5,12.5,62.47999954223633
2025-12-01,51.99966049194336,55.56239897569251,-32.26782747528584,9.126984126984127,9.126984126984127,57.36000061035156
2025-12-02,53.450138092041016,53.36854852862811,-31.882340341606486,9.722222222222223,9.722222222222223,58.959999084472656
2025-12-03,53.713035583496094,53.54079249493516,-30.33006455330321,11.11111111111111,11.11111111111111,59.25
2025-12-04,56.17885208129883,54.11191766222732,-20.978354598168423,16.865079365079367,16.865079365079367,61.970001220703125
2025-12-05,54.247901916503906,56.215111935350265,-21.23098305135582,16.666666666666664,16.666666666666664,59.84000015258789
2025-12-08,55.798099517822266,54.755570069744806,-17.027228134052944,21.03174603174603,21.03174603174603,61.54999923706055
2025-12-09,54.28416442871094,55.3448252812729,-18.68930390426203,19.047619047619047,19.047619047619047,59.880001068115234
2025-12-10,56.04267883300781,54.454020112139446,-14.021681112065176,25.0,25.0,56.09000015258789
2025-12-11,59.11008834838867,55.72294899849112,-3.2710763027911054,33.730158730158735,33.730158730158735,59.15999984741211
2025-12-12,59.94938278198242,59.829485083632605,7.105797649969532,43.452380952380956,43.452380952380956,60.0
2025-12-15,60.2391357421875,60.778681072381374,13.09687304996516,50.198412698412696,50.198412698412696,60.290000915527344
2025-12-16,58.710426330566406,59.1100904011595,10.925695101082724,47.42063492063492,47.42063492063492,58.7599983215332
2025-12-17,56.102630615234375,58.190867540613276,1.4286728691715374,36.904761904761905,36.904761904761905,56.150001525878906
2025-12-18,58.91025924682617,57.88112939515572,5.1781367814963275,41.269841269841265,41.269841269841265,58.959999084472656
2025-12-19,63.676231384277344,59.25996230934479,17.161485724899055,55.55555555555556,55.55555555555556,63.72999954223633
2025-12-22,68.4122314453125,65.11501268494784,27.046984847551432,71.23015873015873,71.23015873015873,68.47000122070312
2025-12-23,68.70198822021484,68.25236331865379,31.135146313175444,79.76190476190477,79.76190476190477,68.76000213623047
2025-12-24,69.37142181396484,68.67201545718024,34.2522912094388,87.10317460317461,87.10317460317461,69.43000030517578
2025-12-26,67.0633773803711,69.02172292400064,30.19189144899242,77.38095238095238,77.38095238095238,67.12000274658203
2025-12-29,66.00426483154297,66.62374450145042,24.434950750634986,67.26190476190477,67.26190476190477,66.05999755859375
2025-12-30,65.51468658447266,66.63374452648242,20.098031734547924,60.317460317460316,60.317460317460316,65.56999969482422
2025-12-31,63.826107025146484,66.0042643042511,12.736071048877115,50.0,50.0,63.880001068115234
2026-01-02,70.3006362915039,64.53550030173784,23.998007245661828,67.65873015873017,67.65873015873017,70.36000061035156
2026-01-05,74.60700225830078,71.61952692892086,31.436680291497098,81.34920634920636,81.34920634920636,74.66999816894531
2026-01-06,78.44376373291016,75.14654487332089,35.85840381868676,90.67460317460318,90.67460317460318,78.51000213623047
2026-01-07,74.53705596923828,79.402949732202,30.567117653271275,79.36507936507937,79.36507936507937,74.5999984741211
2026-01-08,75.28642272949219,80.58195396111232,26.51228385471137,71.62698412698413,71.62698412698413,75.3499984741211
2026-01-09,80.8017807006836,76.71522706638848,31.166067038099175,80.95238095238095,80.95238095238095,80.87000274658203
2026-01-12,84.54861450195312,81.71100645633405,36.35524646438793,92.65873015873017,92.65873015873017,84.62000274658203
2026-01-13,85.60771179199219,87.58604461323179,37.81821968843151,93.84920634920636,93.84920634920636,85.68000030517578
2026-01-14,87.376220703125,84.92829066833848,40.1357918016375,96.23015873015873,96.23015873015873,87.44999694824219
2026-01-15,89.71424865722656,87.92575789439249,41.49227413198957,97.61904761904762,97.61904761904762,89.79000091552734
2026-01-16,92.601806640625,90.8233096376228,42.3460298896682,97.81746031746032,97.81746031746032,92.68000030517578
2026-01-20,85.4878158569336,89.92407254166919,33.75604130440926,85.9126984126984,85.9126984126984,85.55999755859375
2026-01-21,88.13558197021484,86.64684112200389,31.663034977172416,80.75396825396825,80.75396825396825,88.20999908447266
2026-01-22,83.27967834472656,86.86665352319194,21.1084544768483,60.51587301587301,60.51587301587301,83.3499984741211
2026-01-23,82.55030059814453,83.73929147415686,14.22504399376485,50.0,50.0,82.62000274658203
2026-01-26,80.55198669433594,81.78094472092218,6.804289006063373,41.66666666666667,41.66666666666667,80.62000274658203
2026-01-27,84.21888732910156,81.26138552957882,8.652219089732842,43.65079365079365,43.65079365079365,84.29000091552734
2026-01-28,80.71184539794922,83.7992423558022,3.137780234742445,36.7063492063492,36.7063492063492,80.77999877929688
2026-01-29,79.77263641357422,81.89085054253212,-1.0715179856397778,33.33333333333333,33.33333333333333,79.83999633789062
2026-01-30,79.4029541015625,77.98415395432286,-3.7696768070895272,30.753968253968257,30.753968253968257,79.47000122070312
2026-02-02,77.96416473388672,77.70438196190989,-7.142131731204334,28.174603174603174,28.174603174603174,78.02999877929688
2026-02-03,81.39127349853516,80.27221566781215,-7.666067934674045,27.976190476190478,27.976190476190478,81.45999908447266
2026-02-04,74.4970932006836,82.06070628089172,-19.797572458637227,16.46825396825397,16.46825396825397,74.55999755859375
2026-02-05,72.39887237548828,72.47880671760139,-28.946111602218355,11.706349206349206,11.706349206349206,72.45999908447266
2026-02-06,80.24224853515625,75.35637431912666,-20.956989621776177,16.071428571428573,16.071428571428573,80.30999755859375
2026-02-09,81.09153747558594,80.33217647348151,-15.276901334418488,21.626984126984127,21.626984126984127,81.16000366210938
2026-02-10,79.02326965332031,81.36129940497962,-15.742995643252497,21.23015873015873,21.23015873015873,79.08999633789062
2026-02-11,77.2447738647461,80.79178190525674,-18.82045910436825,17.857142857142858,17.857142857142858,77.30999755859375
2026-02-12,78.93335723876953,78.78348225106623,-17.63447988544341,19.047619047619047,19.047619047619047,79.0
2026-02-13,80.99160766601562,79.7326762099022,-13.440613946864543,24.00793650793651,24.00793650793651,81.05999755859375
2026-02-17,84.38874053955078,80.61193092927758,-4.595388729295938,30.555555555555557,30.555555555555557,84.45999908447266
2026-02-18,86.61686706542969,86.18722952681411,4.109559732651652,39.08730158730159,39.08730158730159,86.69000244140625
2026-02-19,89.99401092529297,86.16724032691765,16.688770584856044,54.36507936507936,54.36507936507936,90.06999969482422
2026-02-20,90.11390686035156,90.81331320350371,21.663918260979255,62.89682539682539,62.89682539682539,90.19000244140625
2026-02-23,87.36622619628906,89.06478879654348,17.74660950017244,56.34920634920635,56.34920634920635,87.44000244140625
2026-02-24,89.47444915771484,86.75674281894385,19.6073965751742,59.32539682539682,59.32539682539682,89.55000305175781
2026-02-25,87.22635650634766,90.92323212602466,15.76337228278572,53.769841269841265,53.769841269841265,87.30000305175781
2026-02-26,88.7850341796875,87.12643097389798,16.274564329845056,54.36507936507936,54.36507936507936,88.86000061035156
2026-02-27,90.23381042480469,87.16640063678818,19.517584253177862,59.523809523809526,59.523809523809526,90.30999755859375
2026-03-02,97.39775848388672,94.91984753107933,28.417575610494854,73.21428571428571,73.21428571428571,97.4800033569336
2026-03-03,91.05311584472656,95.0397551878605,20.900211275167774,62.301587301587304,62.301587301587304,91.12999725341797
2026-03-04,93.00147247314453,92.42195997567904,19.497206312749814,59.523809523809526,59.523809523809526,93.08000183105469
2026-03-05,85.53777313232422,91.76251273468733,5.98438478261592,41.66666666666667,41.66666666666667,85.61000061035156
2026-03-06,87.24633026123047,83.21973147882424,1.0295097281629422,35.91269841269841,35.91269841269841,87.31999969482422
2026-03-09,87.33626556396484,86.31712175566132,-3.2366202128768338,32.93650793650794,32.93650793650794,87.41000366210938
2026-03-10,84.74844360351562,86.26715794265641,-10.594047803042587,26.58730158730159,26.58730158730159,84.81999969482422
2026-03-11,83.97908782958984,83.5094831614123,-15.898083752797621,21.626984126984127,21.626984126984127,84.05000305175781
2026-03-12,76.11573028564453,81.78094490389937,-29.346332424278053,11.706349206349206,11.706349206349206,76.18000030517578
2026-03-13,74.02749633789062,77.11489367462508,-35.418542736401236,5.952380952380952,5.952380952380952,74.08999633789062
2026-03-16,77.4046401977539,75.98584007361879,-34.77257509992609,6.746031746031746,6.746031746031746,77.47000122070312
2026-03-17,77.4046401977539,78.3938028056557,-34.357134968859214,7.341269841269842,7.341269841269842,77.47000122070312
2026-03-18,76.03579711914062,76.70523004772926,-35.71396790643157,5.952380952380952,5.952380952380952,76.0999984741211
2026-03-19,72.09912872314453,73.61784308103664,-37.52471526018397,3.373015873015873,3.373015873015873,72.16000366210938
2026-03-20,67.2232437133789,71.48964595881323,-40.20434112872803,2.579365079365079,2.579365079365079,67.27999877929688
2026-03-23,68.04254913330078,70.78523618822533,-40.98394216914354,2.1825396825396823,2.1825396825396823,68.0999984741211
2026-03-24,67.39073944091797,66.02112820945995,-41.53440130720935,1.7857142857142856,1.7857142857142856,67.41000366210938
2026-03-25,70.40987396240234,69.7900483901458,-39.086555937860126,3.571428571428571,3.571428571428571,70.43000030517578
2026-03-26,64.83146667480469,67.54569479151392,-41.73474389762157,1.3888888888888888,1.3888888888888888,64.8499984741211
2026-03-27,61.25249099731445,64.06168934126745,-43.4492073565137,0.5952380952380952,0.5952380952380952,61.27000045776367
2026-03-30,56.73377990722656,62.50213120300384,-44.121999183955104,0.3968253968253968,0.3968253968253968,56.75
2026-03-31,63.08196258544922,59.22306909366439,-40.054504447520095,3.968253968253968,3.968253968253968,63.099998474121094
2026-04-01,67.50070190429688,65.71122013259789,-33.800525554255614,9.920634920634921,9.920634920634921,67.5199966430664
2026-04-02,65.79119110107422,64.20164913485497,-31.739473418875473,12.3015873015873,12.3015873015873,65.80999755859375
2026-04-06,68.74034881591797,65.78119577286947,-26.52000591334665,16.071428571428573,16.071428571428573,68.76000213623047
2026-04-07,66.8009033203125,67.37074011588959,-25.608581348204506,16.666666666666664,16.666666666666664,66.81999969482422
2026-04-08,74.94857788085938,73.92386925821738,-15.246037704825428,26.190476190476193,26.190476190476193,74.97000122070312
2026-04-09,74.4187240600586,73.76890833455435,-8.9912978073365,31.944444444444443,31.944444444444443,74.44000244140625
2026-04-10,72.44928741455078,74.16879701428982,-6.356705380363059,33.730158730158735,33.730158730158735,72.47000122070312
2026-04-13,75.37844848632812,71.46956249612681,1.9099825788210363,40.27777777777778,40.27777777777778,75.4000015258789
2026-04-14,77.87773895263672,76.45814659643365,10.493299422071146,50.99206349206349,50.99206349206349,77.9000015258789
2026-04-15,76.20821380615234,78.27762181317017,11.711917844319183,51.587301587301596,51.587301587301596,76.2300033569336
2026-04-16,71.41958618164062,76.748057167421,4.110209813949549,43.25396825396825,43.25396825396825,71.44000244140625
2026-04-17,74.28875732421875,74.54868514331164,4.698942731660453,43.84920634920635,43.84920634920635,74.30999755859375
2026-04-20,74.07881927490234,73.74891176469336,4.697831359925491,43.65079365079365,43.65079365079365,74.0999984741211
2026-04-21,65.42130279541016,72.27934314325927,-8.396917873560222,32.73809523809524,32.73809523809524,65.44000244140625
2026-04-22,62.10224533081055,67.39073820277251,-19.308040808683412,20.436507936507937,20.436507936507937,62.119998931884766
2026-04-23,62.012271881103516,61.80233281005121,-24.990863700066882,16.666666666666664,16.666666666666664,62.029998779296875
2026-04-24,59.133094787597656,61.66237042190535,-31.40244295397175,12.5,12.5,59.150001525878906
2026-04-27,59.423011779785156,58.92315467049273,-34.253944842408856,9.523809523809524,9.523809523809524,59.439998626708984
2026-04-28,59.482994079589844,59.482994079589844,-35.6051237598762,7.936507936507936,7.936507936507936,59.5
2026-04-29,56.86374282836914,60.15279953607994,-39.35923344359546,4.365079365079365,4.365079365079365,56.880001068115234
2026-04-30,61.412445068359375,57.743491884222244,-35.287114131210515,8.531746031746032,8.531746031746032,61.43000030517578
2026-05-01,59.373023986816406,61.98227858248186,-35.66185040586472,8.134920634920634,8.134920634920634,59.38999938964844
2026-05-04,57.7234992980957,59.31304502071225,-37.72914482059506,5.158730158730158,5.158730158730158,57.7400016784668
2026-05-05,58.64323425292969,59.14309134810079,-37.57972511881261,5.357142857142857,5.357142857142857,58.65999984741211
2026-05-06,65.351318359375,62.512126136491936,-27.672324378930607,16.071428571428573,16.071428571428573,65.37000274658203
2026-05-07,64.4015884399414,67.08082286370224,-23.725059661381547,19.047619047619047,19.047619047619047,64.41999816894531
2026-05-08,65.05139923095703,65.66122547071745,-20.4433732098584,21.23015873015873,21.23015873015873,65.06999969482422
2026-05-11,67.23078155517578,64.73149599550382,-14.729091568223396,27.579365079365083,27.579365079365083,67.25
2026-05-12,66.77091217041016,66.69093320407386,-12.499222464374139,29.96031746031746,29.96031746031746,66.79000091552734
2026-05-13,67.0108413696289,66.59595906282446,-10.628387055706243,31.547619047619047,31.547619047619047,67.02999877929688
2026-05-14,65.77119445800781,67.48070472921565,-12.091146369341457,30.357142857142854,30.357142857142854,65.79000091552734
2026-05-15,59.283050537109375,63.7917636569154,-23.333148844517083,19.246031746031747,19.246031746031747,59.29999923706055
2026-05-18,61.95228958129883,60.3227543836141,-23.602541001833707,19.246031746031747,19.246031746031747,61.970001220703125
2026-05-19,59.912872314453125,60.782622600692,-26.35457917845943,17.261904761904763,17.261904761904763,59.93000030517578
2026-05-20,64.38159942626953,61.17251377541789,-14.207419792097213,29.166666666666668,29.166666666666668,64.4000015258789
2026-05-21,64.20164489746094,62.782048800067514,-8.12636414656248,35.51587301587302,35.51587301587302,64.22000122070312
2026-05-22,65.94114685058594,65.60124768811332,0.28423184808892005,41.66666666666667,41.66666666666667,65.95999908447266
2026-05-26,69.81004333496094,68.48042163902946,12.645078208563564,55.35714285714286,55.35714285714286,69.83000183105469
2026-05-27,70.59982299804688,70.58982371993855,19.1971525518214,64.0873015873016,64.0873015873016,70.62000274658203
2026-05-28,75.00855255126953,70.9797056881952,26.01209638982212,76.5873015873016,76.5873015873016,75.02999877929688
2026-05-29,75.04854583740234,73.75891358440101,29.636227776053847,81.34920634920636,81.34920634920636,75.06999969482422
2026-06-01,69.94000244140625,72.04939995099127,18.95692970603964,63.888888888888886,63.888888888888886,69.95999908447266
2026-06-02,68.31047058105469,69.54011473017417,9.011647545448755,51.98412698412699,51.98412698412699,68.33000183105469
2026-06-03,65.21135711669922,66.51098093051273,-3.588701238090302,38.69047619047619,38.69047619047619,65.2300033569336
2026-06-04,70.94971466064453,66.55097086188522,2.9960758896820785,44.24603174603175,44.24603174603175,70.97000122070312
2026-06-05,68.90029907226562,69.68007490797905,1.2344782727775723,42.06349206349206,42.06349206349206,68.91999816894531
2026-06-08,66.86088562011719,69.80504375159586,-4.420931090950071,37.10317460317461,37.10317460317461,66.87999725341797
2026-06-09,69.6800765991211,67.93057675138061,-0.7633917710226592,41.269841269841265,41.269841269841265,69.69999694824219
2026-06-10,64.571533203125,69.33017468653136,-10.543492905959473,32.73809523809524,32.73809523809524,64.58999633789062
2026-06-11,74.20878601074219,66.15108463405183,5.862762928676367,48.41269841269841,48.41269841269841,74.2300033569336
2026-06-12,72.1993637084961,75.17850787556486,9.922818847360306,53.17460317460318,53.17460317460318,72.22000122070312
2026-06-15,75.36845397949219,74.90858635634102,16.991696314114115,61.904761904761905,61.904761904761905,75.38999938964844
2026-06-16,77.75776672363281,75.79832787070337,23.274575567981035,72.22222222222221,72.22222222222221,77.77999877929688
2026-06-17,80.69692993164062,77.3178911175658,26.810128729118905,76.98412698412699,76.98412698412699,80.72000122070312
2026-06-18,77.20793151855469,83.4961271650503,21.391366434549695,69.84126984126983,69.84126984126983,77.2300033569336
2026-06-22,73.44900512695312,76.62809665870543,10.597427141870437,54.166666666666664,54.166666666666664,73.47000122070312
2026-06-23,73.83000183105469,71.26000213623047,3.9021520326583197,45.63492063492063,45.63492063492063,73.83000183105469
2026-06-24,73.88999938964844,73.86000061035156,0.6775242178252832,42.26190476190476,42.26190476190476,73.88999938964844
2026-06-25,74.79000091552734,74.58999633789062,0.748097554888189,42.46031746031746,42.46031746031746,74.79000091552734
2026-06-26,74.87999725341797,74.66999816894531,1.236162622925895,43.05555555555556,43.05555555555556,74.87999725341797
2026-06-29,76.75,75.73999786376953,5.543524779552779,49.007936507936506,49.007936507936506,76.75
2026-06-30,79.9000015258789,77.16000366210938,14.552837424790638,59.72222222222222,59.72222222222222,79.9000015258789
2026-07-01,81.25,80.76000213623047,22.048296843535788,70.43650793650794,70.43650793650794,81.25
2026-07-02,85.77999877929688,83.68000030517578,28.809630927289952,79.56349206349206,79.56349206349206,85.77999877929688
2026-07-06,87.8499984741211,86.08000183105469,34.750474396715056,90.27777777777779,90.27777777777779,87.8499984741211
2026-07-07,82.22000122070312,88.43000030517578,27.354031336121444,77.18253968253968,77.18253968253968,82.22000122070312
2026-07-08,76.70999908447266,79.7300033569336,11.598976991862756,55.158730158730165,55.158730158730165,76.70999908447266
2026-07-09,76.55999755859375,77.69999694824219,2.7404297866524905,44.642857142857146,44.642857142857146,76.55999755859375
2026-07-10,76.06999969482422,76.44999694824219,-2.7446165399200018,39.48412698412698,39.48412698412698,76.06999969482422
2026-07-13,72.1500015258789,75.5,-13.635657114077656,29.365079365079367,29.365079365079367,72.1500015258789
2026-07-14,72.19000244140625,73.11000061035156,-23.90147611574812,19.246031746031747,19.246031746031747,72.19000244140625
2026-07-15,73.41000366210938,73.41999816894531,-26.980374724030725,16.46825396825397,16.46825396825397,73.41000366210938
2026-07-16,68.36000061035156,71.66000366210938,-32.54279426508973,12.698412698412698,12.698412698412698,68.36000061035156
2026-07-17,68.05000305175781,67.44000244140625,-35.7858240075441,8.333333333333332,8.333333333333332,68.05000305175781
2026-07-20,66.7699966430664,69.5999984741211,-38.841300976801215,4.9603174603174605,4.9603174603174605,66.7699966430664
2026-07-21,67.19000244140625,66.86000061035156,-37.80304130033319,5.357142857142857,5.357142857142857,67.19000244140625
2026-07-22,68.33999633789062,68.19999694824219,-35.330088667044976,9.722222222222223,9.722222222222223,68.33999633789062
2026-07-23,74.79000091552734,69.87999725341797,-22.001633332769096,21.626984126984127,21.626984126984127,74.79000091552734
2026-07-24,76.41000366210938,75.41000366210938,-10.607621055619427,33.53174603174603,33.53174603174603,76.41000366210938
2026-07-27,79.9800033569336,78.6500015258789,2.5520602714656304,44.84126984126984,44.84126984126984,79.9800033569336
2026-07-28,80.9800033569336,81.20999908447266,11.114773912660551,55.35714285714286,55.35714285714286,80.9800033569336
2026-07-29,72.2699966430664,80.69000244140625,-3.6276303269694035,39.08730158730159,39.08730158730159,72.2699966430664
2026-07-30,73.76000213623047,72.0,-8.183817148682213,36.30952380952381,36.30952380952381,73.76000213623047
2026-07-31,75.38999938964844,74.22000122070312,-7.384961128940494,36.904761904761905,36.904761904761905,75.38999938964844
2026-08-03,81.52999877929688,76.75,5.65511231281908,50.595238095238095,50.595238095238095,81.52999877929688
2026-08-04,85.9000015258789,83.6500015258789,19.898549749476576,66.26984126984127,66.26984126984127,85.9000015258789
2026-08-05,87.25,87.37000274658203,28.399328263289075,77.97619047619048,77.97619047619048,87.25
2026-08-06,85.20999908447266,89.0199966430664,26.852693902858597,76.38888888888889,76.38888888888889,85.20999908447266
2026-08-07,85.94000244140625,86.25,27.12184762830158,76.5873015873016,76.5873015873016,85.94000244140625
2026-08-10,86.27999877929688,86.91999816894531,27.78501864153215,77.18253968253968,77.18253968253968,86.27999877929688
2026-08-11,87.12000274658203,86.19000244140625,29.456568795819415,80.75396825396825,80.75396825396825,87.12000274658203
2026-08-12,86.61000061035156,87.6500015258789,28.993618282618026,79.96031746031747,79.96031746031747,86.61000061035156
2026-08-13,84.7699966430664,87.0199966430664,25.09094197177708,72.81746031746032,72.81746031746032,84.7699966430664
2026-08-14,88.23999786376953,85.66000366210938,28.780189047604704,78.57142857142857,78.57142857142857,88.23999786376953
2026-08-17,86.26000213623047,87.30000305175781,26.344195848909674,74.8015873015873,74.8015873015873,86.26000213623047
2026-08-18,87.2300033569336,85.1500015258789,26.734024298674957,75.0,75.0,87.2300033569336
2026-08-19,80.93000030517578,87.27999877929688,11.972797727399579,55.35714285714286,55.35714285714286,80.93000030517578
2026-08-20,72.29000091552734,79.12999725341797,-11.2116891356851,31.944444444444443,31.944444444444443,72.29000091552734
2026-08-21,72.13999938964844,73.5999984741211,-23.2859824085308,21.23015873015873,21.23015873015873,72.13999938964844
2026-08-24,68.44999694824219,71.62000274658203,-33.72959676150436,12.5,12.5,68.44999694824219
2026-08-25,69.4000015258789,70.19000244140625,-37.43021850837833,6.349206349206349,6.349206349206349,69.4000015258789
2026-08-26,71.25,69.58000183105469,-36.34877170357598,8.333333333333332,8.333333333333332,71.25
2026-08-27,69.0199966430664,70.79000091552734,-38.774370915530085,5.158730158730158,5.158730158730158,69.0199966430664
2026-08-28,67.7300033569336,69.9800033569336,-40.77536774835322,3.1746031746031744,3.1746031746031744,67.7300033569336
2026-08-31,63.88999938964844,66.0199966430664,-42.78937139536417,1.1904761904761905,1.1904761904761905,63.88999938964844
2026-09-01,61.439998626708984,62.9900016784668,-44.13329700391081,0.3968253968253968,0.3968253968253968,61.439998626708984
2026-09-02,59.7599983215332,62.279998779296875,-44.92483138548484,0.0,0.0,59.7599983215332
2026-09-03,61.900001525878906,61.119998931884766,-43.414066235213745,1.3888888888888888,1.3888888888888888,61.900001525878906
2026-09-04,61.45000076293945,61.11000061035156,-42.76015808171509,1.984126984126984,1.984126984126984,61.45000076293945
2026-09-08,59.72999954223633,60.7599983215332,-43.82404535746692,1.1904761904761905,1.1904761904761905,59.72999954223633
2026-09-09,56.439998626708984,59.0,-44.92766984050659,0.0,0.0,56.439998626708984
2026-09-10,55.560001373291016,55.650001525878906,-45.231290092124596,0.0,0.0,55.560001373291016
2026-09-11,56.08000183105469,57.220001220703125,-44.881322474724456,0.5952380952380952,0.5952380952380952,56.08000183105469
2026-09-14,54.290000915527344,53.92499923706055,-44.9902117259773,0.1984126984126984,0.1984126984126984,54.290000915527344
2026-09-15,52.439998626708984,54.83000183105469,-45.061067279338765,0.1984126984126984,0.1984126984126984,52.439998626708984
2026-09-16,53.34000015258789,53.2400016784668,-44.29648934608887,1.5873015873015872,1.5873015873015872,53.34000015258789
2026-09-17,52.2400016784668,54.880001068115234,-44.71587277975901,1.1904761904761905,1.1904761904761905,52.2400016784668
2026-09-18,52.15999984741211,51.93000030517578,-44.37229050481181,1.7857142857142856,1.7857142857142856,52.15999984741211
2026-09-21,53.90000005130657,52.939997178399985,-41.450044463575274,5.357142857142857,5.357142857142857,53.9
2026-09-22,52.32164955382556,55.06725973102262,-41.164864016817745,5.952380952380952,5.952380952380952,52.31
2026-09-23,52.1616140782915,52.031584062061725,-41.170500186816994,5.952380952380952,5.952380952380952,52.15
2026-09-24,51.21140177300634,51.21140177300634,-42.234052588520285,4.166666666666666,4.166666666666666,51.2
2026-09-25,52.00157860275744,51.47145798991917,-41.374441192598326,5.753968253968254,5.753968253968254,51.99
2026-09-28,48.66083475714848,51.02136034865661,-43.32083536152547,3.373015873015873,3.373015873015873,48.65
2026-09-29,48.6808392113138,48.82087039047107,-43.97305769240394,2.579365079365079,2.579365079365079,48.67
2026-09-30,47.10048733225328,48.860879298801706,-44.87361811335823,1.1904761904761905,1.1904761904761905,47.09
2026-10-01,47.55058755097304,46.9104450176827,-44.11568974381698,2.7777777777777777,2.7777777777777777,47.54
2026-10-02,47.45056528014643,48.66083475714848,-43.80606105069868,3.571428571428571,3.571428571428571,47.44
