date,close,open,without_long,without_long_rank,without_long_partial_rank,raw_close
2020-12-03,242.1199951171875,242.89999389648438,,,,242.1199951171875
2020-12-04,236.0800018310547,242.35000610351562,,,,236.0800018310547
2020-12-07,261.79998779296875,243.10000610351562,,,,261.79998779296875
2020-12-08,256.5,276.8999938964844,,,,256.5
2020-12-09,235.22000122070312,249.8000030517578,,,,235.22000122070312
2020-12-10,234.0,242.0,,,,234.0
2020-12-11,228.7100067138672,232.5,,,,228.7100067138672
2020-12-14,214.13999938964844,227.0,,,,214.13999938964844
2020-12-15,235.8000030517578,232.0,,,,235.8000030517578
2020-12-16,248.8699951171875,247.5,,,,248.8699951171875
2020-12-17,277.3999938964844,265.0,,,,277.3999938964844
2020-12-18,260.6000061035156,280.0,,,,260.6000061035156
2020-12-21,262.79998779296875,269.20001220703125,,,,262.79998779296875
2020-12-22,235.99000549316406,260.1000061035156,,,,235.99000549316406
2020-12-23,250.0,243.5,,,,250.0
2020-12-24,251.89999389648438,246.5500030517578,,,,251.89999389648438
2020-12-28,246.5,268.70001220703125,,,,246.5
2020-12-29,245.67999267578125,246.0,,,,245.67999267578125
2020-12-30,265.0,247.99000549316406,,,,265.0
2020-12-31,253.39999389648438,271.29998779296875,,,,253.39999389648438
2021-01-04,307.6000061035156,281.6000061035156,,,,307.6000061035156
2021-01-05,311.79998779296875,322.29998779296875,,,,311.79998779296875
2021-01-06,305.8999938964844,297.70001220703125,,,,305.8999938964844
2021-01-07,300.8999938964844,299.20001220703125,,,,300.8999938964844
2021-01-08,254.1999969482422,274.3999938964844,,,,254.1999969482422
2021-01-11,239.5,235.0,,,,239.5
2021-01-12,248.8000030517578,240.0,,,,248.8000030517578
2021-01-13,239.5,241.3000030517578,,,,239.5
2021-01-14,236.3000030517578,240.5,,,,236.3000030517578
2021-01-15,208.8000030517578,228.60000610351562,,,,208.8000030517578
2021-01-19,217.10000610351562,216.5,,,,217.10000610351562
2021-01-20,239.0,228.0,,,,239.0
2021-01-21,232.39999389648438,239.0,,,,232.39999389648438
2021-01-22,226.3000030517578,210.0,,,,226.3000030517578
2021-01-25,218.39999389648438,240.89999389648438,,,,218.39999389648438
2021-01-26,217.0,216.89999389648438,,,,217.0
2021-01-27,192.0,207.6300048828125,,,,192.0
2021-01-28,214.1999969482422,213.60000610351562,,,,214.1999969482422
2021-01-29,208.8000030517578,225.0,,,,208.8000030517578
2021-02-01,231.89999389648438,234.0,,,,231.89999389648438
2021-02-02,212.5,213.7100067138672,,,,212.5
2021-02-03,211.5,212.5,,,,211.5
2021-02-04,195.0,190.1999969482422,,,,195.0
2021-02-05,209.5,198.10000610351562,,,,209.5
2021-02-08,218.0,217.6999969482422,,,,218.0
2021-02-09,220.0,219.89999389648438,,,,220.0
2021-02-10,219.1999969482422,222.5,,,,219.1999969482422
2021-02-11,207.10000610351562,217.0,,,,207.10000610351562
2021-02-12,207.1999969482422,201.3000030517578,,,,207.1999969482422
2021-02-16,196.10000610351562,196.89999389648438,,,,196.10000610351562
2021-02-17,185.89999389648438,185.39999389648438,,,,185.89999389648438
2021-02-18,172.60000610351562,179.0,,,,172.60000610351562
2021-02-19,173.5,177.60000610351562,,,,173.5
2021-02-22,198.5,179.89999389648438,,,,198.5
2021-02-23,190.60000610351562,189.6999969482422,,,,190.60000610351562
2021-02-24,190.39999389648438,176.0,,,,190.39999389648438
2021-02-25,166.3000030517578,179.5,,,,166.3000030517578
2021-02-26,146.5,163.60000610351562,,,,146.5
2021-03-01,145.8000030517578,152.89999389648438,,,,145.8000030517578
2021-03-02,157.39999389648438,143.0,,,,157.39999389648438
2021-03-03,147.3000030517578,147.6999969482422,,,,147.3000030517578
2021-03-04,147.89999389648438,146.6999969482422,,,,147.89999389648438
2021-03-05,153.3000030517578,146.60000610351562,,,,153.3000030517578
2021-03-08,145.3000030517578,148.1999969482422,,,,145.3000030517578
2021-03-09,160.8000030517578,158.5,,,,160.8000030517578
2021-03-10,163.0,161.5,,,,163.0
2021-03-11,169.0,163.10000610351562,,,,169.0
2021-03-12,170.0,155.10000610351562,,,,170.0
2021-03-15,178.3000030517578,171.1999969482422,,,,178.3000030517578
2021-03-16,174.8000030517578,176.3000030517578,,,,174.8000030517578
2021-03-17,187.5,174.39999389648438,,,,187.5
2021-03-18,181.3000030517578,174.39999389648438,,,,181.3000030517578
2021-03-19,182.5,177.60000610351562,,,,182.5
2021-03-22,175.10000610351562,175.0,,,,175.10000610351562
2021-03-23,158.60000610351562,173.0,,,,158.60000610351562
2021-03-24,153.60000610351562,159.6999969482422,,,,153.60000610351562
2021-03-25,153.6999969482422,153.6999969482422,,,,153.6999969482422
2021-03-26,160.1999969482422,152.89999389648438,,,,160.1999969482422
2021-03-29,160.1999969482422,157.60000610351562,,,,160.1999969482422
2021-03-30,145.0,146.6999969482422,,,,145.0
2021-03-31,154.8000030517578,146.5,,,,154.8000030517578
2021-04-01,169.5,159.89999389648438,,,,169.5
2021-04-05,171.60000610351562,167.1999969482422,,,,171.60000610351562
2021-04-06,181.0,175.3000030517578,,,,181.0
2021-04-07,174.8000030517578,177.10000610351562,,,,174.8000030517578
2021-04-08,188.0,183.1999969482422,,,,188.0
2021-04-09,187.3000030517578,183.5,,,,187.3000030517578
2021-04-12,175.39999389648438,182.89999389648438,,,,175.39999389648438
2021-04-13,184.5,180.3000030517578,,,,184.5
2021-04-14,182.1999969482422,183.1999969482422,,,,182.1999969482422
2021-04-15,200.0,186.3000030517578,,,,200.0
2021-04-16,207.0,206.0,,,,207.0
2021-04-19,200.60000610351562,202.10000610351562,,,,200.60000610351562
2021-04-20,207.0,197.5,,,,207.0
2021-04-21,218.5,208.60000610351562,,,,218.5
2021-04-22,208.39999389648438,213.60000610351562,,,,208.39999389648438
2021-04-23,205.5,212.10000610351562,,,,205.5
2021-04-26,203.39999389648438,204.3000030517578,,,,203.39999389648438
2021-04-27,192.1999969482422,202.5,,,,192.1999969482422
2021-04-28,196.6999969482422,184.5,,,,196.6999969482422
2021-04-29,183.1999969482422,187.0,,,,183.1999969482422
2021-04-30,175.89999389648438,181.89999389648438,,,,175.89999389648438
2021-05-03,197.5,185.5,,,,197.5
2021-05-04,189.8000030517578,196.1999969482422,,,,189.8000030517578
2021-05-05,193.60000610351562,190.8000030517578,,,,193.60000610351562
2021-05-06,213.5,197.89999389648438,,,,213.5
2021-05-07,224.39999389648438,222.10000610351562,,,,224.39999389648438
2021-05-10,221.5,234.60000610351562,,,,221.5
2021-05-11,228.10000610351562,207.10000610351562,,,,228.10000610351562
2021-05-12,212.5,223.3000030517578,,,,212.5
2021-05-13,211.5,209.3000030517578,,,,211.5
2021-05-14,227.0,219.10000610351562,,,,227.0
2021-05-17,259.8999938964844,235.0,,,,259.8999938964844
2021-05-18,259.20001220703125,263.70001220703125,,,,259.20001220703125
2021-05-19,248.1999969482422,252.8000030517578,,,,248.1999969482422
2021-05-20,258.20001220703125,248.8000030517578,,,,258.20001220703125
2021-05-21,253.39999389648438,265.0,,,,253.39999389648438
2021-05-24,258.1000061035156,255.89999389648438,,,,258.1000061035156
2021-05-25,259.0,256.70001220703125,,,,259.0
2021-05-26,258.3999938964844,262.20001220703125,,,,258.3999938964844
2021-05-27,253.10000610351562,250.8000030517578,,,,253.10000610351562
2021-05-28,260.0,248.10000610351562,,,,260.0
2021-06-01,260.29998779296875,264.20001220703125,,,,260.29998779296875
2021-06-02,262.5,262.5,,,,262.5
2021-06-03,234.0,246.0,,,,234.0
2021-06-04,244.0,242.1999969482422,,,,244.0
2021-06-07,241.39999389648438,238.60000610351562,,,,241.39999389648438
2021-06-08,232.5,237.5,,,,232.5
2021-06-09,229.6999969482422,232.60000610351562,,,,229.6999969482422
2021-06-10,247.5,230.1999969482422,,,,247.5
2021-06-11,237.8000030517578,242.60000610351562,,,,237.8000030517578
2021-06-14,231.5,220.60000610351562,,,,231.5
2021-06-15,222.60000610351562,230.10000610351562,,,,222.60000610351562
2021-06-16,207.1999969482422,224.1999969482422,,,,207.1999969482422
2021-06-17,177.1999969482422,189.60000610351562,,,,177.1999969482422
2021-06-18,164.8000030517578,177.1999969482422,,,,164.8000030517578
2021-06-21,173.89999389648438,171.6999969482422,,,,173.89999389648438
2021-06-22,170.10000610351562,170.0,,,,170.10000610351562
2021-06-23,167.10000610351562,174.8000030517578,,,,167.10000610351562
2021-06-24,168.5,169.89999389648438,,,,168.5
2021-06-25,166.3000030517578,173.8000030517578,,,,166.3000030517578
2021-06-28,159.1999969482422,168.3000030517578,,,,159.1999969482422
2021-06-29,154.3000030517578,152.60000610351562,,,,154.3000030517578
2021-06-30,160.5,152.8000030517578,,,,160.5
2021-07-01,159.89999389648438,165.60000610351562,,,,159.89999389648438
2021-07-02,167.0,164.60000610351562,,,,167.0
2021-07-06,165.6999969482422,173.3000030517578,,,,165.6999969482422
2021-07-07,166.39999389648438,166.39999389648438,,,,166.39999389648438
2021-07-08,153.1999969482422,166.0,,,,153.1999969482422
2021-07-09,162.60000610351562,152.8000030517578,,,,162.60000610351562
2021-07-12,155.10000610351562,159.8000030517578,,,,155.10000610351562
2021-07-13,159.39999389648438,153.5,,,,159.39999389648438
2021-07-14,166.39999389648438,169.10000610351562,,,,166.39999389648438
2021-07-15,168.8000030517578,166.0,,,,168.8000030517578
2021-07-16,152.3000030517578,165.10000610351562,,,,152.3000030517578
2021-07-19,140.89999389648438,145.5,,,,140.89999389648438
2021-07-20,146.60000610351562,143.8000030517578,,,,146.60000610351562
2021-07-21,147.8000030517578,138.89999389648438,,,,147.8000030517578
2021-07-22,144.89999389648438,145.89999389648438,,,,144.89999389648438
2021-07-23,139.8000030517578,142.39999389648438,,,,139.8000030517578
2021-07-26,146.3000030517578,138.39999389648438,,,,146.3000030517578
2021-07-27,146.89999389648438,146.6999969482422,,,,146.89999389648438
2021-07-28,153.0,143.89999389648438,,,,153.0
2021-07-29,164.0,160.0,,,,164.0
2021-07-30,163.0,160.10000610351562,,,,163.0
2021-08-02,160.10000610351562,161.5,,,,160.10000610351562
2021-08-03,163.5,160.39999389648438,,,,163.5
2021-08-04,159.1999969482422,169.60000610351562,,,,159.1999969482422
2021-08-05,153.1999969482422,158.5,,,,153.1999969482422
2021-08-06,139.6999969482422,142.0,,,,139.6999969482422
2021-08-09,127.69999694824219,134.10000610351562,,,,127.69999694824219
2021-08-10,124.30000305175781,126.30000305175781,,,,124.30000305175781
2021-08-11,131.5,127.5999984741211,,,,131.5
2021-08-12,124.0999984741211,129.0,,,,124.0999984741211
2021-08-13,132.89999389648438,128.5,,,,132.89999389648438
2021-08-16,130.0,132.0,,,,130.0
2021-08-17,124.69999694824219,127.5,,,,124.69999694824219
2021-08-18,115.30000305175781,125.0,,,,115.30000305175781
2021-08-19,109.80000305175781,115.30000305175781,,,,109.80000305175781
2021-08-20,107.9000015258789,107.19999694824219,,,,107.9000015258789
2021-08-23,123.69999694824219,115.69999694824219,,,,123.69999694824219
2021-08-24,123.5,124.0,,,,123.5
2021-08-25,118.30000305175781,120.0,,,,118.30000305175781
2021-08-26,115.5,114.80000305175781,,,,115.5
2021-08-27,128.1999969482422,115.0,,,,128.1999969482422
2021-08-30,123.0,129.0,,,,123.0
2021-08-31,128.1999969482422,124.0,,,,128.1999969482422
2021-09-01,125.5,129.1999969482422,,,,125.5
2021-09-02,125.69999694824219,124.80000305175781,,,,125.69999694824219
2021-09-03,135.39999389648438,131.3000030517578,,,,135.39999389648438
2021-09-07,123.9000015258789,130.8000030517578,,,,123.9000015258789
2021-09-08,122.69999694824219,123.9000015258789,,,,122.69999694824219
2021-09-09,118.5999984741211,123.0,,,,118.5999984741211
2021-09-10,113.0,118.5,,,,113.0
2021-09-13,122.80000305175781,114.30000305175781,,,,122.80000305175781
2021-09-14,122.80000305175781,123.0,,,,122.80000305175781
2021-09-15,122.0,119.5,,,,122.0
2021-09-16,107.30000305175781,113.0,,,,107.30000305175781
2021-09-17,103.5999984741211,105.30000305175781,,,,103.5999984741211
2021-09-20,102.19999694824219,100.5,,,,102.19999694824219
2021-09-21,101.9000015258789,103.80000305175781,,,,101.9000015258789
2021-09-22,103.0,103.5999984741211,,,,103.0
2021-09-23,97.19999694824219,99.80000305175781,,,,97.19999694824219
2021-09-24,94.5999984741211,93.5999984741211,,,,94.5999984741211
2021-09-27,93.80000305175781,95.5999984741211,,,,93.80000305175781
2021-09-28,91.19999694824219,90.0,,,,91.19999694824219
2021-09-29,85.9000015258789,90.5999984741211,,,,85.9000015258789
2021-09-30,90.69999694824219,88.30000305175781,,,,90.69999694824219
2021-10-01,90.9000015258789,94.69999694824219,,,,90.9000015258789
2021-10-04,93.0,89.5999984741211,,,,93.0
2021-10-05,94.0999984741211,92.19999694824219,,,,94.0999984741211
2021-10-06,99.5,92.0,,,,99.5
2021-10-07,100.5,97.80000305175781,,,,100.5
2021-10-08,103.5,107.69999694824219,,,,103.5
2021-10-11,103.30000305175781,103.5999984741211,,,,103.30000305175781
2021-10-12,108.5999984741211,103.80000305175781,,,,108.5999984741211
2021-10-13,119.5,111.4000015258789,,,,119.5
2021-10-14,126.5,123.5,,,,126.5
2021-10-15,125.0,118.80000305175781,,,,125.0
2021-10-18,120.19999694824219,121.0,,,,120.19999694824219
2021-10-19,121.5,127.30000305175781,,,,121.5
2021-10-20,127.30000305175781,126.9000015258789,,,,127.30000305175781
2021-10-21,125.80000305175781,126.69999694824219,,,,125.80000305175781
2021-10-22,128.5,130.6999969482422,,,,128.5
2021-10-25,135.3000030517578,134.60000610351562,,,,135.3000030517578
2021-10-26,133.0,131.5,,,,133.0
2021-10-27,131.60000610351562,131.0,,,,131.60000610351562
2021-10-28,125.9000015258789,129.6999969482422,,,,125.9000015258789
2021-10-29,115.0,118.5,,,,115.0
2021-11-01,117.5,115.30000305175781,,,,117.5
2021-11-02,112.4000015258789,113.4000015258789,,,,112.4000015258789
2021-11-03,116.0,108.4000015258789,,,,116.0
2021-11-04,115.5999984741211,121.5999984741211,,,,115.5999984741211
2021-11-05,125.5,124.5,,,,125.5
2021-11-08,128.39999389648438,129.60000610351562,,,,128.39999389648438
2021-11-09,133.0,128.6999969482422,,,,133.0
2021-11-10,140.0,141.10000610351562,,,,140.0
2021-11-11,149.3000030517578,147.89999389648438,,,,149.3000030517578
2021-11-12,150.0,147.5,,,,150.0
2021-11-15,151.10000610351562,150.0,,,,151.10000610351562
2021-11-16,144.39999389648438,151.39999389648438,,,,144.39999389648438
2021-11-17,146.8000030517578,149.89999389648438,,,,146.8000030517578
2021-11-18,141.0,147.0,,,,141.0
2021-11-19,135.0,142.39999389648438,,,,135.0
2021-11-22,127.5999984741211,126.70999908447266,,,,127.5999984741211
2021-11-23,121.19999694824219,119.19999694824219,,,,121.19999694824219
2021-11-24,119.69999694824219,117.5,,,,119.69999694824219
2021-11-26,115.80000305175781,123.5,,,,115.80000305175781
2021-11-29,114.80000305175781,114.5,,,,114.80000305175781
2021-11-30,113.0,116.30000305175781,,,,113.0
2021-12-01,101.69999694824219,116.19999694824219,,,,101.69999694824219
2021-12-02,97.0999984741211,101.0,-21.37175710464652,,,97.0999984741211
2021-12-03,99.30000305175781,98.0999984741211,-30.24351279191896,,,99.30000305175781
2021-12-06,102.30000305175781,96.9000015258789,-31.688231758871886,,,102.30000305175781
2021-12-07,106.19999694824219,102.0,-28.22464777711266,,,106.19999694824219
2021-12-08,107.5,104.80000305175781,-24.914573238589412,,,107.5
2021-12-09,98.5999984741211,103.19999694824219,-30.37022058766746,,,98.5999984741211
2021-12-10,96.5,100.30000305175781,-34.56976663909837,,,96.5
2021-12-13,97.4000015258789,97.9000015258789,-35.89810448296287,,,97.4000015258789
2021-12-14,92.30000305175781,92.19999694824219,-39.70754732403229,,,92.30000305175781
2021-12-15,89.4000015258789,91.0999984741211,-40.15795235399155,,,89.4000015258789
2021-12-16,101.19999694824219,92.2699966430664,-28.942457837229576,,,101.19999694824219
2021-12-17,100.0,103.19999694824219,-23.510702292702522,,,100.0
2021-12-20,99.9000015258789,98.0999984741211,-20.32887609549319,,,99.9000015258789
2021-12-21,102.69999694824219,104.4000015258789,-12.543630491368802,,,102.69999694824219
2021-12-22,106.80000305175781,103.9000015258789,-1.2653476896326734,,,106.80000305175781
2021-12-23,108.0,106.0,5.84629211209751,,,108.0
2021-12-27,108.30000305175781,108.0,9.922739192084268,,,108.30000305175781
2021-12-28,105.9000015258789,109.4000015258789,9.092415649982009,,,105.9000015258789
2021-12-29,107.5999984741211,102.4000015258789,10.72356320885498,,,107.5999984741211
2021-12-30,111.30000305175781,106.9000015258789,18.345678714689452,,,111.30000305175781
2021-12-31,114.19999694824219,113.9000015258789,26.965732472102193,,,114.19999694824219
2022-01-03,106.19999694824219,108.4000015258789,22.189092026070174,,,106.19999694824219
2022-01-04,108.0999984741211,108.0,22.26879239455031,,,108.0999984741211
2022-01-05,102.80000305175781,111.69999694824219,15.234242448394639,,,102.80000305175781
2022-01-06,91.69999694824219,95.4000015258789,-3.4702315965360895,,,91.69999694824219
2022-01-07,92.4000015258789,92.69999694824219,-11.910617442183318,,,92.4000015258789
2022-01-10,97.5,91.4000015258789,-8.7462641695125,,,97.5
2022-01-11,103.5,97.30000305175781,2.1986966534033527,,,103.5
2022-01-12,109.0,105.0,14.141647678588443,,,109.0
2022-01-13,104.9000015258789,108.9000015258789,15.44888177953837,,,104.9000015258789
2022-01-14,102.0,105.0,9.339280189651806,,,102.0
2022-01-18,98.19999694824219,101.9000015258789,0.21597886936103114,,,98.19999694824219
2022-01-19,118.0,102.80000305175781,17.319554441712405,,,118.0
2022-01-20,114.0,122.0999984741211,20.41535065195052,,,114.0
2022-01-21,106.30000305175781,116.69999694824219,14.096698608953837,,,106.30000305175781
2022-01-24,103.4000015258789,105.9000015258789,7.226108403120364,,,103.4000015258789
2022-01-25,106.0,100.0999984741211,6.761600203101168,,,106.0
2022-01-26,95.80000305175781,102.5999984741211,-6.378591434558803,,,95.80000305175781
2022-01-27,85.80000305175781,89.0,-20.268968010905287,,,85.80000305175781
2022-01-28,82.80000305175781,83.19999694824219,-26.940807337363033,,,82.80000305175781
2022-01-31,89.9000015258789,83.5999984741211,-23.32123756445526,,,89.9000015258789
2022-02-01,92.4000015258789,91.80000305175781,-18.267852986730894,,,92.4000015258789
2022-02-02,93.0,93.0,-14.901923166161287,,,93.0
2022-02-03,89.30000305175781,90.69999694824219,-17.26765920181231,,,89.30000305175781
2022-02-04,89.9000015258789,87.5,-17.778556349054725,,,89.9000015258789
2022-02-07,98.80000305175781,92.5999984741211,-7.543161911246752,,,98.80000305175781
2022-02-08,102.0,98.5,1.0829432146946705,,,102.0
2022-02-09,101.30000305175781,102.5999984741211,4.911679818431241,,,101.30000305175781
2022-02-10,93.0999984741211,99.0,-1.944624641184707,,,93.0999984741211
2022-02-11,108.0,93.4000015258789,8.757684082547783,,,108.0
2022-02-14,115.0999984741211,110.69999694824219,19.307263618772932,,,115.0999984741211
2022-02-15,109.30000305175781,106.0,20.252797916266076,,,109.30000305175781
2022-02-16,118.19999694824219,111.19999694824219,26.92293105103595,,,118.19999694824219
2022-02-17,131.3000030517578,125.0,33.8307558196429,,,131.3000030517578
2022-02-18,127.30000305175781,131.3000030517578,34.24023587379665,,,127.30000305175781
2022-02-22,121.4000015258789,129.3699951171875,30.653185831703162,,,121.4000015258789
2022-02-23,129.8000030517578,121.0999984741211,33.51454670969905,,,129.8000030517578
2022-02-24,123.19999694824219,144.75,27.631101022395455,,,123.19999694824219
2022-02-25,125.5,116.5999984741211,25.64260216700543,,,125.5
2022-02-28,126.19999694824219,133.60000610351562,24.988801079467404,,,126.19999694824219
2022-03-01,142.5,130.0,33.10015635793593,,,142.5
2022-03-02,141.5,137.39999389648438,36.56844443392831,,,141.5
2022-03-03,144.1999969482422,141.0,39.550565248632594,,,144.1999969482422
2022-03-04,158.8000030517578,147.89999389648438,41.178734196486396,,,158.8000030517578
2022-03-07,171.10000610351562,163.39999389648438,42.23734575967944,,,171.10000610351562
2022-03-08,174.5,178.5,38.87372553693081,,,174.5
2022-03-09,168.6999969482422,152.1999969482422,35.57146151121395,,,168.6999969482422
2022-03-10,180.3000030517578,170.0,36.33115448439894,,,180.3000030517578
2022-03-11,170.1999969482422,165.0,33.9338567517387,,,170.1999969482422
2022-03-14,148.1999969482422,160.10000610351562,22.498119322947534,,,148.1999969482422
2022-03-15,152.3000030517578,135.8000030517578,16.765969989950843,,,152.3000030517578
2022-03-16,152.0,147.3000030517578,13.529761831495058,,,152.0
2022-03-17,163.3000030517578,159.3000030517578,15.839873669739818,,,163.3000030517578
2022-03-18,156.60000610351562,155.0,12.730936909968948,,,156.60000610351562
2022-03-21,167.1999969482422,158.1999969482422,16.1957164842685,,,167.1999969482422
2022-03-22,162.5,167.14999389648438,15.132222095991105,,,162.5
2022-03-23,172.3000030517578,165.5,19.31049368552438,,,172.3000030517578
2022-03-24,171.39999389648438,178.5,20.825321483964228,,,171.39999389648438
2022-03-25,173.3000030517578,166.60000610351562,22.51687747535229,,,173.3000030517578
2022-03-28,158.8000030517578,165.1999969482422,14.099224955998043,,,158.8000030517578
2022-03-29,163.39999389648438,147.39999389648438,10.804738443826823,,,163.39999389648438
2022-03-30,169.5,162.1999969482422,11.813474415495357,,,169.5
2022-03-31,165.89999389648438,170.6999969482422,9.400474998691994,,,165.89999389648438
2022-04-01,179.39999389648438,160.3000030517578,16.422350771377552,,,179.39999389648438
2022-04-04,174.8000030517578,183.3000030517578,16.77906150215489,,,174.8000030517578
2022-04-05,162.8000030517578,177.89999389648438,8.886383290779179,,,162.8000030517578
2022-04-06,160.89999389648438,162.52999877929688,6.058234461850191,,,160.89999389648438
2022-04-07,169.1999969482422,162.60000610351562,10.576416230834084,,,169.1999969482422
2022-04-08,180.10000610351562,171.6999969482422,20.777238277975854,,,180.10000610351562
2022-04-11,177.60000610351562,189.89999389648438,21.98348556108436,,,177.60000610351562
2022-04-12,184.1999969482422,186.0,25.741704407365972,,,184.1999969482422
2022-04-13,197.39999389648438,190.3000030517578,33.298588832345125,,,197.39999389648438
2022-04-14,201.0,195.89999389648438,38.03903194697341,,,201.0
2022-04-18,200.0,208.5,36.755454387048545,,,200.0
2022-04-19,182.6999969482422,189.0,24.729611439839324,,,182.6999969482422
2022-04-20,188.60000610351562,182.10000610351562,21.26678785676342,,,188.60000610351562
2022-04-21,159.89999389648438,182.10000610351562,2.05755606005996,,,159.89999389648438
2022-04-22,143.1999969482422,149.10000610351562,-16.161412571444135,,,143.1999969482422
2022-04-25,128.39999389648438,127.0,-26.091727000689026,,,128.39999389648438
2022-04-26,120.55000305175781,131.60000610351562,-33.84410715284661,,,120.55000305175781
2022-04-27,116.0,119.5,-38.67976758742628,,,116.0
2022-04-28,126.80000305175781,118.5999984741211,-35.83457111367958,,,126.80000305175781
2022-04-29,122.0,129.8000030517578,-36.53054724610226,,,122.0
2022-05-02,111.0999984741211,111.19999694824219,-38.57868380055439,,,111.0999984741211
2022-05-03,121.0,116.0,-34.746929519942405,,,121.0
2022-05-04,129.5,120.19999694824219,-29.120059714920206,,,129.5
2022-05-05,115.0,132.39999389648438,-31.337655379228423,,,115.0
2022-05-06,110.9000015258789,113.0,-34.135456911098885,,,110.9000015258789
2022-05-09,90.0,102.80000305175781,-39.45906696076801,,,90.0
2022-05-10,85.0,92.9000015258789,-41.91304631140765,,,85.0
2022-05-11,85.5,89.5,-42.96826730926276,,,85.5
2022-05-12,73.0999984741211,80.0,-43.93960525136574,,,73.0999984741211
2022-05-13,79.19999694824219,73.30000305175781,-42.74980305894477,,,79.19999694824219
2022-05-16,81.19999694824219,78.5,-40.99377669609847,,,81.19999694824219
2022-05-17,82.0999984741211,84.0,-39.15654249304343,,,82.0999984741211
2022-05-18,75.5,80.69999694824219,-40.66931930172858,,,75.5
2022-05-19,88.80000305175781,80.4000015258789,-33.97168326298321,,,88.80000305175781
2022-05-20,87.4000015258789,90.0,-29.600144874418362,,,87.4000015258789
2022-05-23,89.0999984741211,92.0,-24.19155056260068,,,89.0999984741211
2022-05-24,94.4000015258789,90.69999694824219,-17.731919967003385,,,94.4000015258789
2022-05-25,91.5,90.4000015258789,-16.041502273648092,,,91.5
2022-05-26,90.5,90.0,-15.537649494425345,,,90.5
2022-05-27,91.5999984741211,92.88999938964844,-14.677087914289952,,,91.5999984741211
2022-05-31,84.5999984741211,90.4000015258789,-18.571707678568718,,,84.5999984741211
2022-06-01,87.30000305175781,87.30000305175781,-18.125368286513964,,,87.30000305175781
2022-06-02,99.5999984741211,90.9000015258789,-8.314817990224004,,,99.5999984741211
2022-06-03,92.5,96.5,-8.377856234022147,,40.476190476190474,92.5
2022-06-06,89.0,95.44000244140625,-7.859491885112346,,41.732283464566926,89.0
2022-06-07,91.0999984741211,88.0,-1.0312024269940914,,46.09375,91.0999984741211
2022-06-08,89.5,89.5,1.8833271309760953,,48.06201550387597,89.5
2022-06-09,79.19999694824219,88.0,-7.98868858341307,,40.76923076923077,79.19999694824219
2022-06-10,89.5,76.0999984741211,-0.2241929390501927,,46.56488549618321,89.5
2022-06-13,72.0,78.5999984741211,-17.72396904631742,,31.818181818181817,72.0
2022-06-14,65.69999694824219,71.9000015258789,-27.435130097034598,,21.052631578947366,65.69999694824219
2022-06-15,69.19999694824219,71.0,-28.179811118530555,,20.8955223880597,69.19999694824219
2022-06-16,73.0,67.0999984741211,-24.20622795603166,,24.444444444444443,73.0
2022-06-17,70.19999694824219,72.9000015258789,-24.761231993662157,,24.264705882352942,70.19999694824219
2022-06-21,70.5999984741211,70.19999694824219,-24.71699625921839,,24.817518248175183,70.5999984741211
2022-06-22,67.4000015258789,70.80000305175781,-28.134253508992924,,21.014492753623188,67.4000015258789
2022-06-23,59.099998474121094,66.4000015258789,-33.589794176392616,,14.388489208633093,59.099998474121094
2022-06-24,64.4000015258789,60.20000076293945,-30.88812715394505,,16.428571428571427,64.4000015258789
2022-06-27,62.70000076293945,63.29999923706055,-31.33120828092519,,16.312056737588655,62.70000076293945
2022-06-28,58.29999923706055,63.400001525878906,-35.34624150301948,,10.56338028169014,58.29999923706055
2022-06-29,55.400001525878906,59.400001525878906,-37.651724751150844,,8.391608391608392,55.400001525878906
2022-06-30,49.099998474121094,54.599998474121094,-41.133415914671815,,2.7777777777777777,49.099998474121094
2022-07-01,53.5,47.70000076293945,-38.02762394874981,,8.96551724137931,53.5
2022-07-05,46.0,50.70000076293945,-39.975166318489066,,5.47945205479452,46.0
2022-07-06,44.29999923706055,46.099998474121094,-41.0988267988857,,3.4013605442176873,44.29999923706055
2022-07-07,46.70000076293945,45.20000076293945,-39.34427363075479,,8.108108108108109,46.70000076293945
2022-07-08,46.400001525878906,47.0,-38.67508080849768,,10.06711409395973,46.400001525878906
2022-07-11,44.0,44.5,-39.74190283543608,,6.666666666666667,44.0
2022-07-12,42.20000076293945,44.400001525878906,-41.68096065729164,,2.6490066225165565,42.20000076293945
2022-07-13,45.29999923706055,41.400001525878906,-38.88755866909248,,10.526315789473683,45.29999923706055
2022-07-14,39.599998474121094,39.79999923706055,-39.33114063625629,,9.803921568627452,39.599998474121094
2022-07-15,39.5,40.79999923706055,-39.68956266105461,,8.441558441558442,39.5
2022-07-18,40.099998474121094,41.20000076293945,-38.84654320888694,,12.258064516129032,40.099998474121094
2022-07-19,41.400001525878906,41.20000076293945,-36.37646087039605,,16.666666666666664,41.400001525878906
2022-07-20,38.20000076293945,41.70000076293945,-38.41087001028963,,14.64968152866242,38.20000076293945
2022-07-21,40.5,38.79999923706055,-36.13957863233563,,17.72151898734177,40.5
2022-07-22,39.099998474121094,41.400001525878906,-35.71462015784015,,19.49685534591195,39.099998474121094
2022-07-25,35.900001525878906,38.5,-38.76444590959736,,12.5,35.900001525878906
2022-07-26,37.599998474121094,35.900001525878906,-37.17046016731823,,16.77018633540373,37.599998474121094
2022-07-27,40.099998474121094,38.20000076293945,-32.1329930508529,,25.308641975308642,40.099998474121094
2022-07-28,42.900001525878906,43.400001525878906,-23.905295538200882,,38.036809815950924,42.900001525878906
2022-07-29,44.20000076293945,43.5,-14.351844511374745,,48.78048780487805,44.20000076293945
2022-08-01,44.099998474121094,45.0,-9.011827314533218,,50.303030303030305,44.099998474121094
2022-08-02,42.20000076293945,44.900001525878906,-8.669767772179394,,51.204819277108435,42.20000076293945
2022-08-03,40.5,42.900001525878906,-10.145237383661119,,49.700598802395206,40.5
2022-08-04,45.099998474121094,41.84000015258789,1.7637198141897035,,59.523809523809526,45.099998474121094
2022-08-05,44.29999923706055,41.599998474121094,6.0236665298464604,,62.721893491124256,44.29999923706055
2022-08-08,47.599998474121094,46.5,16.480544400612025,,77.05882352941177,47.599998474121094
2022-08-09,47.20000076293945,48.70000076293945,20.630813753726223,,81.87134502923976,47.20000076293945
2022-08-10,47.70000076293945,48.900001525878906,22.378823763554134,,85.46511627906976,47.70000076293945
2022-08-11,45.0,48.400001525878906,16.902965162644968,,77.45664739884393,45.0
2022-08-12,48.20000076293945,46.29999923706055,21.21651113874843,,82.75862068965517,48.20000076293945
2022-08-15,45.0,44.599998474121094,16.276439380431146,,74.28571428571429,45.0
2022-08-16,45.20000076293945,44.400001525878906,14.036307248220703,,69.31818181818183,45.20000076293945
2022-08-17,40.20000076293945,44.0,0.41087075277740426,,55.932203389830505,40.20000076293945
2022-08-18,40.400001525878906,40.5,-6.412237921335389,,51.68539325842697,40.400001525878906
2022-08-19,37.29999923706055,39.79999923706055,-17.6589255802926,,41.340782122905026,37.29999923706055
2022-08-22,37.29999923706055,35.79999923706055,-23.434082638205794,,35.55555555555556,37.29999923706055
2022-08-23,39.099998474121094,37.400001525878906,-21.887518687324228,,36.46408839779006,39.099998474121094
2022-08-24,40.599998474121094,38.599998474121094,-16.666095101216836,,42.857142857142854,40.599998474121094
2022-08-25,41.29999923706055,41.400001525878906,-11.790966919766815,,47.540983606557376,41.29999923706055
2022-08-26,35.599998474121094,41.0,-22.849767495047026,,35.869565217391305,35.599998474121094
2022-08-29,34.29999923706055,35.0,-29.677905957094485,,25.945945945945947,34.29999923706055
2022-08-30,31.799999237060547,34.29999923706055,-34.936286542579616,,18.817204301075268,31.799999237060547
2022-08-31,31.0,31.299999237060547,-38.48739913374194,,12.834224598930483,31.0
2022-09-01,27.799999237060547,28.799999237060547,-41.620397579732824,,2.6595744680851063,27.799999237060547
2022-09-02,30.399999618530273,29.600000381469727,-37.790410069296094,,14.814814814814813,30.399999618530273
2022-09-06,28.899999618530273,30.399999618530273,-38.21736515960961,,14.210526315789473,28.899999618530273
2022-09-07,32.0,28.899999618530273,-30.915749661500453,,26.17801047120419,32.0
2022-09-08,32.0,31.5,-26.824442089896923,,32.8125,32.0
2022-09-09,35.20000076293945,33.5,-17.121552559167313,,45.07772020725388,35.20000076293945
2022-09-12,36.79999923706055,37.599998474121094,-8.0216999119641,,53.608247422680414,36.79999923706055
2022-09-13,32.599998474121094,33.0,-10.853297694613225,,50.256410256410255,32.599998474121094
2022-09-14,32.70000076293945,33.099998474121094,-12.120772714692015,,48.97959183673469,32.70000076293945
2022-09-15,29.399999618530273,31.5,-19.732688603234074,,40.10152284263959,29.399999618530273
2022-09-16,30.200000762939453,28.200000762939453,-20.70901821027527,,38.88888888888889,30.200000762939453
2022-09-19,31.700000762939453,28.799999237060547,-16.74391866458794,,45.22613065326633,31.700000762939453
2022-09-20,29.299999237060547,30.600000381469727,-21.227969077602726,,38.5,29.299999237060547
2022-09-21,29.5,30.0,-22.755023098209083,,37.3134328358209,29.5
2022-09-22,29.0,30.0,-25.24737225730561,,32.17821782178218,29.0
2022-09-23,23.799999237060547,26.5,-32.940998353781715,,22.660098522167488,23.799999237060547
2022-09-26,22.100000381469727,23.799999237060547,-37.90093546365375,,14.215686274509803,22.100000381469727
2022-09-27,22.399999618530273,23.299999237060547,-39.25372441507214,,8.780487804878048,22.399999618530273
2022-09-28,27.0,23.700000762939453,-27.136568038884825,,31.55339805825243,27.0
2022-09-29,27.600000381469727,26.299999237060547,-18.273162552348293,,42.99516908212561,27.600000381469727
2022-09-30,29.399999618530273,27.5,-8.81382197748621,,54.32692307692307,29.399999618530273
2022-10-03,32.900001525878906,30.700000762939453,4.270367222458351,,65.07177033492823,32.900001525878906
2022-10-04,36.0,35.099998474121094,17.27351375030601,,80.95238095238095,36.0
2022-10-05,34.400001525878906,33.439998626708984,20.453453013506422,,83.88625592417061,34.400001525878906
2022-10-06,35.29999923706055,33.79999923706055,23.8731513078098,,89.15094339622641,35.29999923706055
2022-10-07,30.100000381469727,33.20000076293945,14.477526001819754,,74.64788732394366,30.100000381469727
2022-10-10,28.700000762939453,28.5,6.309442031372242,,65.88785046728972,28.700000762939453
2022-10-11,27.799999237060547,28.899999618530273,0.29226977356459105,,60.46511627906976,27.799999237060547
2022-10-12,28.600000381469727,27.899999618530273,-0.5520978227248962,,59.25925925925925,28.600000381469727
2022-10-13,27.700000762939453,25.200000762939453,-3.3251793868735864,,57.6036866359447,27.700000762939453
2022-10-14,24.0,26.899999618530273,-14.734616876298157,,47.706422018348626,24.0
2022-10-17,26.100000381469727,26.100000381469727,-14.204980864988823,,48.858447488584474,26.100000381469727
2022-10-18,26.5,27.200000762939453,-12.410495480146176,,49.54545454545455,26.5
2022-10-19,24.0,25.0,-18.0634328129343,,41.6289592760181,24.0
2022-10-20,25.0,24.600000381469727,-18.294415551827225,,40.090090090090094,25.0
2022-10-21,28.700000762939453,25.299999237060547,-7.733136603736433,,56.502242152466366,28.700000762939453
2022-10-24,27.399999618530273,27.899999618530273,-5.190373147064023,,58.03571428571429,27.399999618530273
2022-10-25,28.799999237060547,27.700000762939453,-1.3802781865549598,,59.55555555555555,28.799999237060547
2022-10-26,31.5,29.600000381469727,6.337833187256649,,67.69911504424779,31.5
2022-10-27,30.200000762939453,32.0,7.465517506939346,,68.72246696035242,30.200000762939453
2022-10-28,29.799999237060547,29.100000381469727,7.089094037785724,,67.98245614035088,29.799999237060547
2022-10-31,27.809999465942383,28.299999237060547,1.1246654056287289,,62.44541484716157,27.809999465942383
2022-11-01,29.8799991607666,30.360000610351562,3.889695516014808,,64.34782608695652,29.8799991607666
2022-11-02,24.459999084472656,30.6299991607666,-10.087218076802852,,50.649350649350644,24.459999084472656
2022-11-03,23.049999237060547,23.5,-20.111721809944207,,37.5,23.049999237060547
2022-11-04,29.850000381469727,26.260000228881836,-3.3730920339803725,,57.5107296137339,29.850000381469727
2022-11-07,30.469999313354492,30.399999618530273,10.395120579723287,,72.22222222222221,30.469999313354492
2022-11-08,35.779998779296875,30.59000015258789,23.408720393968572,,89.7872340425532,35.779998779296875
2022-11-09,33.599998474121094,35.0099983215332,24.83003118486959,,90.67796610169492,33.599998474121094
2022-11-10,41.2599983215332,40.0,32.74993304327753,,93.67088607594937,41.2599983215332
2022-11-11,41.869998931884766,41.189998626708984,37.305722186436476,,97.89915966386555,41.869998931884766
2022-11-14,41.16999816894531,40.790000915527344,38.51440248303841,,98.32635983263597,41.16999816894531
2022-11-15,39.56999969482422,42.369998931884766,36.33362744434221,,96.25,39.56999969482422
2022-11-16,38.380001068115234,39.0099983215332,33.09208724054712,,92.5311203319502,38.380001068115234
2022-11-17,36.61000061035156,36.689998626708984,27.92763589194676,,91.32231404958677,36.61000061035156
2022-11-18,37.689998626708984,36.58000183105469,27.341294813835827,,90.53497942386831,37.689998626708984
2022-11-21,36.88999938964844,37.06999969482422,25.075248198316523,,88.52459016393442,36.88999938964844
2022-11-22,41.38999938964844,37.599998474121094,31.759511420687243,,91.83673469387756,41.38999938964844
2022-11-23,43.29999923706055,41.61000061035156,36.56295681002885,,96.34146341463415,43.29999923706055
2022-11-25,42.16999816894531,43.0,37.288275751203045,,97.16599190283401,42.16999816894531
2022-11-28,36.84000015258789,41.7400016784668,28.383032648553,,90.32258064516128,36.84000015258789
2022-11-29,39.9900016784668,38.02000045776367,28.71771108856328,,90.36144578313254,39.9900016784668
2022-11-30,43.93000030517578,41.41999816894531,33.711152543140905,,93.2,43.93000030517578
2022-12-01,48.630001068115234,46.91999816894531,37.51486362683708,,97.60956175298804,48.630001068115234
2022-12-02,48.2400016784668,45.29999923706055,39.01877984400039,,98.80952380952381,48.2400016784668
2022-12-05,42.75,46.9900016784668,31.379286030033732,,89.72332015810277,42.75
2022-12-06,42.540000915527344,44.25,25.4590575765972,,85.43307086614173,42.540000915527344
2022-12-07,44.790000915527344,43.720001220703125,25.996355264238012,,86.27450980392157,44.790000915527344
2022-12-08,44.91999816894531,46.119998931884766,25.57262123805325,,85.15625,44.91999816894531
2022-12-09,43.54999923706055,46.400001525878906,20.944323178152473,,78.98832684824903,43.54999923706055
2022-12-12,42.72999954223633,42.119998931884766,15.99582877541557,,71.70542635658916,42.72999954223633
2022-12-13,46.29999923706055,47.349998474121094,22.318407340791932,,81.08108108108108,46.29999923706055
2022-12-14,45.43000030517578,46.279998779296875,23.033415020236507,,82.3076923076923,45.43000030517578
2022-12-15,39.36000061035156,41.400001525878906,8.112344578021032,,62.45210727969349,39.36000061035156
2022-12-16,40.779998779296875,39.209999084472656,3.732542320920266,,57.63358778625955,40.779998779296875
2022-12-19,38.560001373291016,41.27000045776367,-4.4514522144152275,,50.57034220532319,38.560001373291016
2022-12-20,43.11000061035156,40.689998626708984,2.6566346216486196,,57.57575757575758,43.11000061035156
2022-12-21,44.650001525878906,44.099998474121094,8.884915947831981,,63.39622641509434,44.650001525878906
2022-12-22,43.20000076293945,42.900001525878906,8.412558374203426,,62.78195488721805,43.20000076293945
2022-12-23,43.77000045776367,44.0,9.609062706075457,,65.1685393258427,43.77000045776367
2022-12-27,47.29999923706055,44.5,19.961169412721098,,76.49253731343283,47.29999923706055
2022-12-28,42.970001220703125,45.91999816894531,11.401819883161615,,66.91449814126395,42.970001220703125
2022-12-29,42.9900016784668,44.099998474121094,6.849312622013307,,60.370370370370374,42.9900016784668
2022-12-30,42.459999084472656,43.4900016784668,2.8432201295443917,,56.457564575645755,42.459999084472656
2023-01-03,46.52000045776367,45.150001525878906,13.361378651060383,,68.01470588235294,46.52000045776367
2023-01-04,52.400001525878906,49.560001373291016,26.03865753230641,,87.17948717948718,52.400001525878906
2023-01-05,51.41999816894531,50.0,30.579360090476133,,89.78102189781022,51.41999816894531
2023-01-06,55.400001525878906,53.72999954223633,35.601932861247995,,94.54545454545455,55.400001525878906
2023-01-09,54.38999938964844,57.619998931884766,34.892599657819034,,93.84057971014492,54.38999938964844
2023-01-10,57.0,54.0,38.139246491603664,,97.83393501805054,57.0
2023-01-11,55.5,57.81999969482422,37.079630834251155,,96.0431654676259,55.5
2023-01-12,58.459999084472656,58.0,39.74756010243195,,99.2831541218638,58.459999084472656
2023-01-13,60.900001525878906,58.189998626708984,41.35214740203485,,99.64285714285714,60.900001525878906
2023-01-17,54.66999816894531,59.029998779296875,32.582665919243254,,88.96797153024912,54.66999816894531
2023-01-18,52.88999938964844,57.439998626708984,23.958916134207673,,81.20567375886525,52.88999938964844
2023-01-19,56.88999938964844,53.93000030517578,26.507931796922392,,84.80565371024736,56.88999938964844
2023-01-20,59.16999816894531,55.650001525878906,30.94791823787655,,88.02816901408451,59.16999816894531
2023-01-23,58.72999954223633,56.59000015258789,32.25182258343266,,88.7719298245614,58.72999954223633
2023-01-24,60.59000015258789,57.66999816894531,35.63195658385499,,93.35664335664336,60.59000015258789
2023-01-25,63.470001220703125,58.290000915527344,38.822130757404295,,97.5609756097561,63.470001220703125
2023-01-26,60.439998626708984,63.11000061035156,35.4064773292628,,92.01388888888889,60.439998626708984
2023-01-27,57.52000045776367,59.540000915527344,28.09841622470721,,85.12110726643598,57.52000045776367
2023-01-30,54.650001525878906,56.70000076293945,18.544756627060586,,71.37931034482759,54.650001525878906
2023-01-31,55.439998626708984,53.599998474121094,14.869187826035448,,65.97938144329896,55.439998626708984
2023-02-01,59.189998626708984,55.84000015258789,18.736209562969425,,71.57534246575342,59.189998626708984
2023-02-02,53.970001220703125,60.04999923706055,7.0084283321706025,,56.31399317406144,53.970001220703125
2023-02-03,46.84000015258789,49.63999938964844,-11.612108316663882,,39.455782312925166,46.84000015258789
2023-02-06,46.09000015258789,46.59000015258789,-21.552495144441714,,27.796610169491526,46.09000015258789
2023-02-07,47.849998474121094,46.68000030517578,-22.56403749083647,,27.364864864864863,47.849998474121094
2023-02-08,46.77000045776367,48.77000045776367,-25.35895591020982,,23.232323232323232,46.77000045776367
2023-02-09,43.439998626708984,48.040000915527344,-30.48533340235139,,18.456375838926174,43.439998626708984
2023-02-10,42.880001068115234,44.0,-32.86382980235993,,16.387959866220736,42.880001068115234
2023-02-13,42.720001220703125,42.54199981689453,-34.35065046837666,,14.666666666666666,42.720001220703125
2023-02-14,42.83000183105469,41.54999923706055,-33.471098465310554,,16.27906976744186,42.83000183105469
2023-02-15,39.400001525878906,40.0,-36.16209202939275,,11.920529801324504,39.400001525878906
2023-02-16,38.970001220703125,38.099998474121094,-37.025717180782074,,11.221122112211221,38.970001220703125
2023-02-17,37.810001373291016,37.09000015258789,-38.04568002499082,,9.539473684210527,37.810001373291016
2023-02-21,36.470001220703125,37.310001373291016,-40.57599098825107,,3.278688524590164,36.470001220703125
2023-02-22,34.119998931884766,35.84000015258789,-42.68957273130597,,0.9803921568627451,34.119998931884766
2023-02-23,33.439998626708984,34.20000076293945,-43.98205876576708,,0.0,33.439998626708984
2023-02-24,32.2599983215332,31.833999633789062,-44.38857068959612,,0.0,32.2599983215332
2023-02-27,33.15999984741211,32.97999954223633,-43.57651801775708,,0.9708737864077669,33.15999984741211
2023-02-28,34.279998779296875,33.220001220703125,-40.77199367579736,,4.193548387096775,34.279998779296875
2023-03-01,36.689998626708984,35.18000030517578,-34.1489361167472,,17.363344051446948,36.689998626708984
2023-03-02,36.75,35.66999816894531,-30.23163799121995,,22.756410256410255,36.75
2023-03-03,38.5,37.939998626708984,-23.681406207472996,,29.39297124600639,38.5
2023-03-06,36.02000045776367,37.630001068115234,-22.993936977044918,,30.573248407643312,36.02000045776367
2023-03-07,31.40999984741211,34.939998626708984,-31.61332889292995,,20.317460317460316,31.40999984741211
2023-03-08,31.020000457763672,31.489999771118164,-36.517752965244206,,13.60759493670886,31.020000457763672
2023-03-09,30.610000610351562,31.850000381469727,-39.477792331142936,,6.624605678233439,30.610000610351562
2023-03-10,32.41999816894531,32.810001373291016,-36.30313650457124,,14.465408805031446,32.41999816894531
2023-03-13,38.75,36.84000015258789,-15.19512071694665,,40.75235109717868,38.75
2023-03-14,39.7400016784668,38.790000915527344,0.06532409082623948,,52.81249999999999,39.7400016784668
2023-03-15,39.599998474121094,41.939998626708984,7.656143980348289,,61.059190031152646,39.599998474121094
2023-03-16,38.68000030517578,39.779998779296875,11.532822031038844,,65.83850931677019,38.68000030517578
2023-03-17,44.310001373291016,40.849998474121094,22.20806610774229,,78.63777089783281,44.310001373291016
2023-03-20,46.77000045776367,46.130001068115234,31.161713632856447,,88.27160493827161,46.77000045776367
2023-03-21,41.4900016784668,44.54999923706055,24.017596306485782,,81.23076923076923,41.4900016784668
2023-03-22,44.220001220703125,42.2599983215332,26.017387656447593,,84.04907975460122,44.220001220703125
2023-03-23,47.400001525878906,45.374000549316406,30.981046534020045,,88.07339449541286,47.400001525878906
2023-03-24,48.15999984741211,47.97999954223633,34.478950634295984,,92.3780487804878,48.15999984741211
2023-03-27,48.15999984741211,45.22999954223633,36.36042138825753,,94.52887537993921,48.15999984741211
2023-03-28,51.97999954223633,49.25,39.70381829364112,,98.7878787878788,51.97999954223633
2023-03-29,50.77000045776367,50.5,39.31937793056343,,98.18731117824774,50.77000045776367
2023-03-30,53.2599983215332,52.0,41.186674300618805,,99.3975903614458,53.2599983215332
2023-03-31,52.52000045776367,53.7599983215332,40.41726102175361,,98.7987987987988,52.52000045776367
2023-04-03,55.529998779296875,52.880001068115234,41.33414586553147,,99.40119760479041,55.529998779296875
2023-04-04,61.0,55.79999923706055,42.57976130676609,,100.0,61.0
2023-04-05,61.435001373291016,62.72999954223633,42.26698565461407,,99.70238095238095,61.435001373291016
2023-04-06,61.849998474121094,60.77000045776367,42.36305586316594,,99.70326409495549,61.849998474121094
2023-04-10,59.540000915527344,59.2599983215332,40.514457604499185,,97.63313609467455,59.540000915527344
2023-04-11,62.90999984741211,60.380001068115234,40.782391048830405,,97.6401179941003,62.90999984741211
2023-04-12,64.33999633789062,65.72000122070312,41.20224834968282,,98.23529411764706,64.33999633789062
2023-04-13,70.0,67.5999984741211,42.18074167302479,,98.82697947214076,70.0
2023-04-14,65.19000244140625,67.76000213623047,39.081314300056334,,95.02923976608187,65.19000244140625
2023-04-17,60.63999938964844,62.90999984741211,31.0921093063244,,84.25655976676384,60.63999938964844
2023-04-18,61.439998626708984,60.63999938964844,27.52876080224401,,81.3953488372093,61.439998626708984
2023-04-19,58.5099983215332,58.099998474121094,21.137129565109696,,72.46376811594203,58.5099983215332
2023-04-20,58.5099983215332,60.029998779296875,17.182614211650215,,67.91907514450867,58.5099983215332
2023-04-21,56.31999969482422,57.310001373291016,10.800622043500004,,60.51873198847262,56.31999969482422
2023-04-24,56.689998626708984,56.0,7.8826817557761455,,56.60919540229885,56.689998626708984
2023-04-25,56.439998626708984,55.86000061035156,5.849685745957966,,53.29512893982808,56.439998626708984
2023-04-26,54.65999984741211,58.29999923706055,-0.8027060043252723,,47.714285714285715,54.65999984741211
2023-04-27,56.856998443603516,53.86000061035156,-1.6631224178281883,,46.72364672364672,56.856998443603516
2023-04-28,55.61000061035156,56.290000915527344,-6.046888710398252,,44.88636363636363,55.61000061035156
2023-05-01,54.279998779296875,58.470001220703125,-11.015655448801388,,40.226628895184135,54.279998779296875
2023-05-02,60.77000045776367,54.720001220703125,-0.9676165628129588,,48.0225988700565,60.77000045776367
2023-05-03,61.25,60.189998626708984,4.238443780322547,,52.95774647887323,61.25
2023-05-04,65.8239974975586,62.75,15.440248302814446,,65.73033707865169,65.8239974975586
2023-05-05,64.25,59.91999816894531,17.788421881846965,,69.46778711484593,64.25
2023-05-08,64.05999755859375,64.80000305175781,18.599778311782128,,70.11173184357543,64.05999755859375
2023-05-09,63.709999084472656,63.529998779296875,18.226881298759263,,69.35933147632312,63.709999084472656
2023-05-10,61.874000549316406,64.0199966430664,13.871759193829055,,62.77777777777778,61.874000549316406
2023-05-11,53.869998931884766,60.0099983215332,-6.3148401694782015,,44.04432132963989,53.869998931884766
2023-05-12,54.650001525878906,53.689998626708984,-14.463512254983696,,37.01657458563536,54.650001525878906
2023-05-15,55.81999969482422,55.18000030517578,-16.103036855694317,,35.26170798898072,55.81999969482422
2023-05-16,51.29999923706055,55.27000045776367,-23.718601603870095,,26.373626373626376,51.29999923706055
2023-05-17,50.16999816894531,51.290000915527344,-28.095623416498626,,22.73972602739726,50.16999816894531
2023-05-18,46.380001068115234,47.689998626708984,-32.48182308299343,,17.759562841530055,46.380001068115234
2023-05-19,47.41999816894531,46.7400016784668,-33.32500034721729,,17.166212534059948,47.41999816894531
2023-05-22,46.11000061035156,46.599998474121094,-35.14341521031605,,14.402173913043478,46.11000061035156
2023-05-23,45.36000061035156,45.41999816894531,-37.28605490898545,,11.11111111111111,45.36000061035156
2023-05-24,42.04999923706055,45.880001068115234,-40.788147872574825,,3.5135135135135136,42.04999923706055
2023-05-25,39.33000183105469,41.040000915527344,-42.96349179336936,,1.3477088948787064,39.33000183105469
2023-05-26,39.84000015258789,41.0,-43.46929308951615,,1.0752688172043012,39.84000015258789
2023-05-30,39.29999923706055,40.02000045776367,-44.17606160712778,,0.2680965147453083,39.29999923706055
2023-05-31,41.939998626708984,39.630001068115234,-39.678800378465425,,6.684491978609626,41.939998626708984
2023-06-01,46.22999954223633,42.79999923706055,-29.073097697569484,,23.466666666666665,46.22999954223633
2023-06-02,43.45000076293945,46.040000915527344,-27.713245144341432,,25.0,43.45000076293945
2023-06-05,44.130001068115234,42.58000183105469,-25.436896928497255,,26.525198938992045,44.130001068115234
2023-06-06,44.63100051879883,44.279998779296875,-23.07460713104966,,30.158730158730158,44.63100051879883
2023-06-07,42.0,44.720001220703125,-26.273680555409552,,26.121372031662272,42.0
2023-06-08,43.959999084472656,43.790000915527344,-23.427815246369136,,30.0,43.959999084472656
2023-06-09,42.119998931884766,43.77000045776367,-24.64471718782934,,28.083989501312335,42.119998931884766
2023-06-12,42.36000061035156,41.63999938964844,-24.09096712102476,,28.79581151832461,42.36000061035156
2023-06-13,40.90999984741211,43.0,-27.388938487944532,,25.06527415143603,40.90999984741211
2023-06-14,40.70000076293945,42.0,-29.306035759315947,,22.65625,40.70000076293945
2023-06-15,40.959999084472656,39.619998931884766,-28.36434072288715,,23.636363636363637,40.959999084472656
2023-06-16,42.58000183105469,41.9900016784668,-20.4876494968352,,33.93782383419689,42.58000183105469
2023-06-20,37.81999969482422,40.36000061035156,-28.717710270306974,,23.51421188630491,37.81999969482422
2023-06-21,37.22999954223633,36.90999984741211,-31.04418340812663,,20.36082474226804,37.22999954223633
2023-06-22,36.220001220703125,35.5,-34.072278677184485,,16.966580976863753,36.220001220703125
2023-06-23,35.959999084472656,37.13999938964844,-36.39916215479268,,13.076923076923078,35.959999084472656
2023-06-26,36.95000076293945,36.7599983215332,-34.09534127459429,,17.135549872122763,36.95000076293945
2023-06-27,35.279998779296875,36.97999954223633,-36.0977242033194,,14.285714285714285,35.279998779296875
2023-06-28,33.790000915527344,34.66999816894531,-39.74847987415539,,5.597964376590331,33.790000915527344
2023-06-29,35.16999816894531,32.560001373291016,-35.339963275841306,,15.736040609137056,35.16999816894531
2023-06-30,36.90999984741211,35.40999984741211,-27.637518627561104,,26.582278481012654,36.90999984741211
2023-07-03,39.119998931884766,37.38999938964844,-16.65953339795954,,40.15151515151515,39.119998931884766
2023-07-05,35.86000061035156,39.439998626708984,-19.488999595095233,,36.523929471032744,35.86000061035156
2023-07-06,33.06999969482422,35.11000061035156,-27.915320755606448,,26.13065326633166,33.06999969482422
2023-07-07,34.349998474121094,33.9900016784668,-28.695137871948518,,24.81203007518797,34.349998474121094
2023-07-10,36.61000061035156,33.79999923706055,-20.6748259642079,,35.5,36.61000061035156
2023-07-11,37.11000061035156,37.36000061035156,-14.165717589902266,,43.64089775561097,37.11000061035156
2023-07-12,43.16999816894531,39.369998931884766,8.241178740720425,,61.442786069651746,43.16999816894531
2023-07-13,44.560001373291016,44.2599983215332,22.064144842656315,,77.1712158808933,44.560001373291016
2023-07-14,43.599998474121094,44.36000061035156,25.616767177701988,,81.68316831683168,43.599998474121094
2023-07-17,43.75,42.18000030517578,27.816997305449302,,84.44444444444444,43.75
2023-07-18,46.36000061035156,45.43000030517578,31.893028771197358,,87.4384236453202,46.36000061035156
2023-07-19,45.279998779296875,45.79999923706055,30.96252368421294,,85.995085995086,45.279998779296875
2023-07-20,41.15999984741211,44.33000183105469,19.38354827348535,,73.2843137254902,41.15999984741211
2023-07-21,41.380001068115234,40.369998931884766,13.62954621173362,,65.52567237163814,41.380001068115234
2023-07-24,40.59000015258789,41.369998931884766,8.245794076635224,,60.48780487804878,40.59000015258789
2023-07-25,42.16999816894531,40.61000061035156,10.170417219454041,,62.77372262773723,42.16999816894531
2023-07-26,41.790000915527344,42.43000030517578,9.648166067096115,,62.37864077669902,41.790000915527344
2023-07-27,36.36000061035156,40.33000183105469,-5.303061837895736,,48.6682808716707,36.36000061035156
2023-07-28,37.54999923706055,37.54999923706055,-9.1164763886486,,44.927536231884055,37.54999923706055
2023-07-31,40.2599983215332,38.5,-4.610368585293848,,49.1566265060241,40.2599983215332
2023-08-01,35.93000030517578,37.45000076293945,-13.276328194884284,,42.30769230769231,35.93000030517578
2023-08-02,32.56999969482422,35.459999084472656,-25.728013140011143,,27.577937649880095,32.56999969482422
2023-08-03,32.38999938964844,32.790000915527344,-31.83027521516249,,19.37799043062201,32.38999938964844
2023-08-04,33.41999816894531,33.5,-31.846242584299528,,19.331742243436754,33.41999816894531
2023-08-07,32.66999816894531,33.5099983215332,-33.683564893151456,,17.61904761904762,32.66999816894531
2023-08-08,31.8799991607666,31.40999984741211,-34.81767285526841,,15.439429928741092,31.8799991607666
2023-08-09,31.780000686645508,31.871999740600586,-35.68795042779922,,14.454976303317535,31.780000686645508
2023-08-10,31.860000610351562,32.630001068115234,-35.75200941151147,,14.184397163120568,31.860000610351562
2023-08-11,32.72999954223633,31.570999145507812,-32.734891723009824,,19.57547169811321,32.72999954223633
2023-08-14,31.149999618530273,31.75,-35.52630956721849,,14.823529411764705,31.149999618530273
2023-08-15,28.760000228881836,30.82200050354004,-38.93300425057477,,7.746478873239436,28.760000228881836
2023-08-16,27.799999237060547,28.770000457763672,-41.32738429363228,,3.0444964871194378,27.799999237060547
2023-08-17,26.90999984741211,27.809999465942383,-42.6257122365485,,2.336448598130841,26.90999984741211
2023-08-18,26.559999465942383,26.979999542236328,-43.24893656170063,,1.3986013986013985,26.559999465942383
2023-08-21,27.260000228881836,26.8700008392334,-41.71631365567361,,3.0232558139534884,27.260000228881836
2023-08-22,27.969999313354492,27.799999237060547,-38.93427341609802,,8.584686774941995,27.969999313354492
2023-08-23,30.520000457763672,28.760000228881836,-28.69753237880928,,26.15740740740741,30.520000457763672
2023-08-24,30.239999771118164,30.219999313354492,-23.763661870906923,,32.79445727482679,30.239999771118164
2023-08-25,29.25,29.989999771118164,-23.756837536061738,,32.94930875576037,29.25
2023-08-28,31.25,29.469999313354492,-17.587660539207455,,40.689655172413794,31.25
2023-08-29,32.93000030517578,30.829999923706055,-6.379077810640908,,50.22935779816514,32.93000030517578
2023-08-30,32.939998626708984,33.79999923706055,3.5253026771180633,,57.43707093821511,32.939998626708984
2023-08-31,32.0099983215332,32.849998474121094,6.552834918701876,,60.04566210045662,32.0099983215332
2023-09-01,31.229999542236328,33.27000045776367,5.009741168069558,,58.54214123006833,31.229999542236328
2023-09-05,29.030000686645508,30.246000289916992,-5.2487815748169275,,50.90909090909091,29.030000686645508
2023-09-06,28.81999969482422,28.6299991607666,-11.742316369576876,,45.57823129251701,28.81999969482422
2023-09-07,28.309999465942383,28.790000915527344,-17.659684275179774,,39.81900452488688,28.309999465942383
2023-09-08,28.43000030517578,28.510000228881836,-19.99619244536953,,37.24604966139955,28.43000030517578
2023-09-11,29.5,29.459999084472656,-14.935478981793276,,42.792792792792795,29.5
2023-09-12,29.559999465942383,28.3700008392334,-11.972308469083336,,45.39325842696629,29.559999465942383
2023-09-13,29.299999237060547,29.479999542236328,-11.899850442137454,,45.73991031390135,29.299999237060547
2023-09-14,30.5,29.34000015258789,-6.100108953657059,,51.006711409395976,30.5
2023-09-15,32.58000183105469,31.700000762939453,6.725787977884455,,60.9375,32.58000183105469
2023-09-18,32.52000045776367,32.560001373291016,13.096696667519007,,67.92873051224944,32.52000045776367
2023-09-19,31.190000534057617,32.79999923706055,9.680071999842056,,65.33333333333333,31.190000534057617
2023-09-20,32.0,31.399999618530273,11.752341164591948,,67.40576496674058,32.0
2023-09-21,29.440000534057617,29.899999618530273,-2.859463328499731,,52.654867256637175,29.440000534057617
2023-09-22,29.280000686645508,30.329999923706055,-11.578736384981397,,45.916114790286976,29.280000686645508
2023-09-25,28.049999237060547,28.8799991607666,-21.264372223542484,,34.801762114537446,28.049999237060547
2023-09-26,25.729999542236328,27.450000762939453,-31.593474215835965,,21.318681318681318,25.729999542236328
2023-09-27,23.610000610351562,25.329999923706055,-36.85248610518631,,12.280701754385964,23.610000610351562
2023-09-28,23.920000076293945,23.5,-38.5715158582126,,9.846827133479213,23.920000076293945
2023-09-29,23.649999618530273,25.079999923706055,-40.015684998306035,,5.458515283842795,23.649999618530273
2023-10-02,21.219999313354492,22.799999237060547,-42.47235258728894,,2.6143790849673203,21.219999313354492
2023-10-03,21.350000381469727,20.8700008392334,-42.54729386037744,,2.608695652173913,21.350000381469727
2023-10-04,20.799999237060547,21.600000381469727,-43.35546188111506,,1.3015184381778742,20.799999237060547
2023-10-05,21.709999084472656,20.81999969482422,-41.461057980413244,,4.112554112554113,21.709999084472656
2023-10-06,23.110000610351562,21.79800033569336,-35.8740573434843,,15.550755939524837,23.110000610351562
2023-10-09,24.719999313354492,24.299999237060547,-25.735062718078133,,29.95689655172414,24.719999313354492
2023-10-10,25.399999618530273,25.059999465942383,-17.662607421610563,,40.43010752688172,25.399999618530273
2023-10-11,26.719999313354492,26.510000228881836,-8.897791864158489,,48.712446351931334,26.719999313354492
2023-10-12,24.889999389648438,26.450000762939453,-9.943192434709058,,48.17987152034261,24.889999389648438
2023-10-13,28.219999313354492,27.3700008392334,0.5329353032013028,,57.05128205128205,28.219999313354492
2023-10-16,28.399999618530273,27.56999969482422,6.502190987289095,,61.62046908315565,28.399999618530273
2023-10-17,29.959999084472656,28.309999465942383,15.129588366068347,,71.48936170212767,29.959999084472656
2023-10-18,29.639999389648438,31.25,18.287104478358895,,75.3715498938429,29.639999389648438
2023-10-19,29.989999771118164,29.6299991607666,24.016515223798276,,81.99152542372882,29.989999771118164
2023-10-20,29.770000457763672,30.190000534057617,25.42434864618751,,83.08668076109936,29.770000457763672
2023-10-23,28.8799991607666,29.219999313354492,22.069954510339752,,79.32489451476793,28.8799991607666
2023-10-24,29.049999237060547,27.920000076293945,20.870809481991255,,77.89473684210526,29.049999237060547
2023-10-25,27.540000915527344,28.530000686645508,13.654163931115887,,69.11764705882352,27.540000915527344
2023-10-26,26.709999084472656,27.0,7.074791483444538,,61.84486373165618,26.709999084472656
2023-10-27,28.670000076293945,27.299999237060547,11.614047167093055,,67.57322175732217,28.670000076293945
2023-10-30,27.559999465942383,29.06999969482422,8.902171493870322,,64.30062630480167,27.559999465942383
2023-10-31,25.43000030517578,27.31999969482422,0.09201754859197148,,55.00000000000001,25.43000030517578
2023-11-01,25.729999542236328,25.649999618530273,-2.921305411992801,,52.5987525987526,25.729999542236328
2023-11-02,26.030000686645508,26.5,-3.9645619294048897,,51.867219917012456,26.030000686645508
2023-11-03,29.670000076293945,26.75,9.2517919455884,,64.80331262939958,29.670000076293945
2023-11-06,28.614999771118164,29.5,8.94933683485176,,64.46280991735537,28.614999771118164
2023-11-07,26.790000915527344,27.579999923706055,-0.9579986142138579,,54.02061855670103,26.790000915527344
2023-11-08,24.530000686645508,26.280000686645508,-15.5272045136617,,41.358024691358025,24.530000686645508
2023-11-09,24.260000228881836,24.760000228881836,-23.271018080628984,,32.85420944558521,24.260000228881836
2023-11-10,23.309999465942383,23.739999771118164,-28.076386802347226,,26.434426229508194,23.309999465942383
2023-11-13,22.68000030517578,23.0,-33.14907475589512,,19.631901840490798,22.68000030517578
2023-11-14,26.010000228881836,24.520000457763672,-21.792917344486245,,34.48979591836735,26.010000228881836
2023-11-15,25.520000457763672,26.049999237060547,-17.24846847853965,,40.122199592668025,25.520000457763672
2023-11-16,26.809999465942383,25.899999618530273,-9.508559135076313,,47.15447154471545,26.809999465942383
2023-11-17,26.350000381469727,26.959999084472656,-7.3788288288063875,,49.89858012170386,26.350000381469727
2023-11-20,26.360000610351562,25.34000015258789,-4.309007254673039,,52.226720647773284,26.360000610351562
2023-11-21,28.25,27.600000381469727,7.0216631920435,,62.22222222222222,28.25
2023-11-22,28.260000228881836,28.690000534057617,13.063108200670436,,69.35483870967742,28.260000228881836
2023-11-24,28.84000015258789,28.34000015258789,19.090337610409,,76.65995975855131,28.84000015258789
2023-11-27,30.15999984741211,29.989999771118164,27.77351482080755,,86.74698795180723,30.15999984741211
2023-11-28,34.25,31.190000534057617,35.42133457028553,,92.58517034068137,34.25
2023-11-29,34.349998474121094,34.27000045776367,38.515970790056805,,95.8,34.349998474121094
2023-11-30,34.689998626708984,33.810001373291016,40.709115322109824,,97.80439121756487,34.689998626708984
2023-12-01,36.650001525878906,34.5,42.34056704095049,,99.60159362549801,36.650001525878906
2023-12-04,33.4900016784668,34.15999984741211,36.2080969406525,,92.6441351888668,33.4900016784668
2023-12-05,31.850000381469727,32.58000183105469,27.49817935076268,85.31746031746032,85.31746031746032,31.850000381469727
2023-12-06,31.690000534057617,33.06999969482422,22.187814945838447,79.16666666666666,79.16666666666666,31.690000534057617
2023-12-07,31.229999542236328,32.2400016784668,17.401343531949383,73.80952380952381,73.80952380952381,31.229999542236328
2023-12-08,29.219999313354492,29.139999389648438,7.89250364639719,61.904761904761905,61.904761904761905,29.219999313354492
2023-12-11,28.760000228881836,28.18000030517578,1.554813643278546,55.35714285714286,55.35714285714286,28.760000228881836
2023-12-12,26.600000381469727,29.0,-8.675961705319494,46.230158730158735,46.230158730158735,26.600000381469727
2023-12-13,31.719999313354492,26.59000015258789,1.1935020234687927,55.158730158730165,55.158730158730165,31.719999313354492
2023-12-14,33.5,33.29999923706055,12.042573171826541,67.46031746031747,67.46031746031747,33.5
2023-12-15,32.38999938964844,32.630001068115234,13.965410697828329,69.04761904761905,69.04761904761905,32.38999938964844
2023-12-18,32.93000030517578,32.970001220703125,16.51623308372462,72.42063492063492,72.42063492063492,32.93000030517578
2023-12-19,35.91999816894531,33.5099983215332,26.731291375554438,84.52380952380952,84.52380952380952,35.91999816894531
2023-12-20,33.119998931884766,36.0,21.40820292095344,78.17460317460318,78.17460317460318,33.119998931884766
2023-12-21,34.970001220703125,34.689998626708984,24.97843209678136,81.94444444444444,81.94444444444444,34.970001220703125
2023-12-22,35.70000076293945,37.20000076293945,26.4903363612962,84.12698412698413,84.12698412698413,35.70000076293945
2023-12-26,36.0,36.31999969482422,28.01597361734654,86.30952380952381,86.30952380952381,36.0
2023-12-27,37.09000015258789,36.65999984741211,31.789181922359106,88.69047619047619,88.69047619047619,37.09000015258789
2023-12-28,34.20000076293945,36.29999923706055,23.801422044064047,79.96031746031747,79.96031746031747,34.20000076293945
2023-12-29,33.38999938964844,33.720001220703125,17.164250127974928,71.62698412698413,71.62698412698413,33.38999938964844
2024-01-02,32.02000045776367,33.54999923706055,8.634958119565491,60.912698412698404,60.912698412698404,32.02000045776367
2024-01-03,29.280000686645508,29.700000762939453,-4.388796627411142,48.61111111111111,48.61111111111111,29.280000686645508
2024-01-04,29.329999923706055,29.510000228881836,-10.883876258442706,42.46031746031746,42.46031746031746,29.329999923706055
2024-01-05,29.15999984741211,29.3799991607666,-15.194645443273311,38.69047619047619,38.69047619047619,29.15999984741211
2024-01-08,28.850000381469727,27.940000534057617,-18.316802021842832,33.92857142857143,33.92857142857143,28.850000381469727
2024-01-09,27.399999618530273,29.100000381469727,-24.720864051040476,27.380952380952383,27.380952380952383,27.399999618530273
2024-01-10,27.399999618530273,27.350000381469727,-27.94411478478867,24.206349206349206,24.206349206349206,27.399999618530273
2024-01-11,26.719999313354492,27.299999237060547,-31.243104880403884,20.634920634920633,20.634920634920633,26.719999313354492
2024-01-12,29.010000228881836,28.989999771118164,-23.405718659091985,30.357142857142854,30.357142857142854,29.010000228881836
2024-01-16,25.100000381469727,27.510000228881836,-31.107069471941156,20.833333333333336,20.833333333333336,25.100000381469727
2024-01-17,22.760000228881836,23.93000030517578,-36.23339631927517,13.095238095238097,13.095238095238097,22.760000228881836
2024-01-18,22.940000534057617,23.389999389648438,-38.2867430508362,10.119047619047619,10.119047619047619,22.940000534057617
2024-01-19,23.209999084472656,23.540000915527344,-38.35936881173232,10.119047619047619,10.119047619047619,23.209999084472656
2024-01-22,22.84000015258789,22.299999237060547,-38.86555279056769,8.531746031746032,8.531746031746032,22.84000015258789
2024-01-23,24.309999465942383,23.290000915527344,-34.12618884069276,17.46031746031746,17.46031746031746,24.309999465942383
2024-01-24,22.90999984741211,25.530000686645508,-35.482526590563666,15.674603174603174,15.674603174603174,22.90999984741211
2024-01-25,24.280000686645508,24.049999237060547,-30.910735053449418,22.61904761904762,22.61904761904762,24.280000686645508
2024-01-26,23.8799991607666,24.149999618530273,-29.85648613272916,23.41269841269841,23.41269841269841,23.8799991607666
2024-01-29,24.559999465942383,24.59000015258789,-26.331696641870934,27.976190476190478,27.976190476190478,24.559999465942383
2024-01-30,23.950000762939453,24.959999084472656,-25.645865473441837,28.968253968253972,28.968253968253972,23.950000762939453
2024-01-31,23.25,24.219999313354492,-28.03367196900379,26.190476190476193,26.190476190476193,23.25
2024-02-01,26.020000457763672,24.190000534057617,-15.161576199859825,42.06349206349206,42.06349206349206,26.020000457763672
2024-02-02,23.329999923706055,23.940000534057617,-19.197119267671617,36.507936507936506,36.507936507936506,23.329999923706055
2024-02-05,21.649999618530273,22.09000015258789,-27.166041192596847,27.579365079365083,27.579365079365083,21.649999618530273
2024-02-06,22.510000228881836,21.940000534057617,-26.304070640913913,28.373015873015873,28.373015873015873,22.510000228881836
2024-02-07,21.950000762939453,22.399999618530273,-28.3804556073851,25.198412698412696,25.198412698412696,21.950000762939453
2024-02-08,21.450000762939453,21.450000762939453,-31.81913098024145,21.03174603174603,21.03174603174603,21.450000762939453
2024-02-09,20.610000610351562,21.190000534057617,-34.50557306543679,17.063492063492063,17.063492063492063,20.610000610351562
2024-02-12,21.469999313354492,20.520000457763672,-31.268708694115183,22.22222222222222,22.22222222222222,21.469999313354492
2024-02-13,17.920000076293945,19.81999969482422,-35.76595663366752,14.880952380952381,14.880952380952381,17.920000076293945
2024-02-14,18.299999237060547,18.1299991607666,-36.34356352499176,13.492063492063492,13.492063492063492,18.299999237060547
2024-02-15,19.799999237060547,18.899999618530273,-29.380760130759704,25.0,25.0,19.799999237060547
2024-02-16,19.989999771118164,19.280000686645508,-24.508809658301832,32.34126984126984,32.34126984126984,19.989999771118164
2024-02-20,20.3700008392334,20.520000457763672,-19.719952453013974,38.095238095238095,38.095238095238095,20.3700008392334
2024-02-21,19.75,20.09000015258789,-20.4840580319199,37.5,37.5,19.75
2024-02-22,18.43000030517578,19.450000762939453,-27.22241524644669,28.968253968253972,28.968253968253972,18.43000030517578
2024-02-23,19.469999313354492,18.6299991607666,-24.25355266351615,32.73809523809524,32.73809523809524,19.469999313354492
2024-02-26,18.520000457763672,18.770000457763672,-27.977094662750567,27.77777777777778,27.77777777777778,18.520000457763672
2024-02-27,18.06999969482422,18.510000228881836,-31.77458164392627,21.825396825396826,21.825396825396826,18.06999969482422
2024-02-28,17.489999771118164,17.850000381469727,-35.435935393997056,16.26984126984127,16.26984126984127,17.489999771118164
2024-02-29,18.690000534057617,18.579999923706055,-29.971089682819745,24.801587301587304,24.801587301587304,18.690000534057617
2024-03-01,20.6200008392334,19.25,-18.023461537644312,41.269841269841265,41.269841269841265,20.6200008392334
2024-03-04,23.420000076293945,21.809999465942383,6.928694992774605,62.89682539682539,62.89682539682539,23.420000076293945
2024-03-05,23.729999542236328,24.56599998474121,18.554022847708556,76.38888888888889,76.38888888888889,23.729999542236328
2024-03-06,24.920000076293945,24.56999969482422,26.79121343812103,85.9126984126984,85.9126984126984,24.920000076293945
2024-03-07,26.200000762939453,25.860000610351562,34.07400687121727,91.46825396825396,91.46825396825396,26.200000762939453
2024-03-08,26.110000610351562,26.75,35.778762066351256,93.05555555555556,93.05555555555556,26.110000610351562
2024-03-11,27.399999618530273,25.770000457763672,38.04494801064829,95.43650793650794,95.43650793650794,27.399999618530273
2024-03-12,26.030000686645508,25.8799991607666,35.045018661897416,92.06349206349206,92.06349206349206,26.030000686645508
2024-03-13,27.809999465942383,26.59000015258789,37.62122603692729,95.23809523809523,95.23809523809523,27.809999465942383
2024-03-14,26.68000030517578,26.790000915527344,35.2092755270715,92.26190476190477,92.26190476190477,26.68000030517578
2024-03-15,26.770000457763672,26.549999237060547,34.392777181520486,91.46825396825396,91.46825396825396,26.770000457763672
2024-03-18,26.329999923706055,26.75,31.94651450617581,89.88095238095238,89.88095238095238,26.329999923706055
2024-03-19,24.530000686645508,25.760000228881836,23.64611515468869,81.54761904761905,81.54761904761905,24.530000686645508
2024-03-20,27.540000915527344,24.299999237060547,29.608214860351765,87.6984126984127,87.6984126984127,27.540000915527344
2024-03-21,26.979999542236328,28.479999542236328,29.149112095674084,87.5,87.5,26.979999542236328
2024-03-22,25.610000610351562,26.079999923706055,23.929678260784716,81.54761904761905,81.54761904761905,25.610000610351562
2024-03-25,26.360000610351562,26.09000015258789,23.827562545464975,81.15079365079364,81.15079365079364,26.360000610351562
2024-03-26,26.149999618530273,27.829999923706055,22.56179787737898,80.15873015873017,80.15873015873017,26.149999618530273
2024-03-27,29.1200008392334,26.719999313354492,31.721530686151016,89.0873015873016,89.0873015873016,29.1200008392334
2024-03-28,31.100000381469727,30.299999237060547,36.60439427989222,94.04761904761905,94.04761904761905,31.100000381469727
2024-04-01,32.0099983215332,32.970001220703125,37.90122829734202,95.23809523809523,95.23809523809523,32.0099983215332
2024-04-02,33.349998474121094,32.599998474121094,40.27031801791717,97.42063492063492,97.42063492063492,33.349998474121094
2024-04-03,35.61000061035156,33.040000915527344,41.478491510807544,99.0079365079365,99.0079365079365,35.61000061035156
2024-04-04,34.540000915527344,35.77000045776367,39.22503414554675,96.42857142857143,96.42857142857143,34.540000915527344
2024-04-05,37.900001525878906,35.04999923706055,41.12159833130033,98.01587301587301,98.01587301587301,37.900001525878906
2024-04-08,37.20000076293945,38.88999938964844,39.4119507992999,96.42857142857143,96.42857142857143,37.20000076293945
2024-04-09,39.13999938964844,39.060001373291016,39.97583493728847,96.82539682539682,96.82539682539682,39.13999938964844
2024-04-10,37.13999938964844,36.0,36.783688939562346,92.85714285714286,92.85714285714286,37.13999938964844
2024-04-11,39.939998626708984,38.91899871826172,39.3045819779863,95.83333333333334,95.83333333333334,39.939998626708984
2024-04-12,37.52000045776367,42.349998474121094,33.070457867842464,88.4920634920635,88.4920634920635,37.52000045776367
2024-04-15,36.540000915527344,38.5,27.917810284753656,83.92857142857143,83.92857142857143,36.540000915527344
2024-04-16,34.849998474121094,35.20000076293945,20.6852585730407,75.0,75.0,34.849998474121094
2024-04-17,36.45000076293945,35.959999084472656,20.307593640428856,74.60317460317461,74.60317460317461,36.45000076293945
2024-04-18,36.90999984741211,38.0,21.37434807789336,76.38888888888889,76.38888888888889,36.90999984741211
2024-04-19,38.029998779296875,37.08000183105469,23.34917468454313,78.37301587301587,78.37301587301587,38.029998779296875
2024-04-22,32.88999938964844,33.34000015258789,11.147504580875866,67.46031746031747,67.46031746031747,32.88999938964844
2024-04-23,34.650001525878906,32.36000061035156,8.135370930565804,64.68253968253968,64.68253968253968,34.650001525878906
2024-04-24,34.52000045776367,34.119998931884766,6.230439325170611,61.50793650793651,61.50793650793651,34.52000045776367
2024-04-25,38.09000015258789,34.689998626708984,13.440337284899078,69.44444444444444,69.44444444444444,38.09000015258789
2024-04-26,38.81999969482422,39.290000915527344,17.589500116956774,73.01587301587301,73.01587301587301,38.81999969482422
2024-04-29,39.630001068115234,39.11000061035156,20.456273265683414,75.39682539682539,75.39682539682539,39.630001068115234
2024-04-30,33.72999954223633,36.08000183105469,2.86781884781411,59.12698412698413,59.12698412698413,33.72999954223633
2024-05-01,34.58000183105469,34.83000183105469,-4.134598562816358,53.96825396825397,53.96825396825397,34.58000183105469
2024-05-02,35.0099983215332,33.63999938964844,-6.445858318047404,51.388888888888886,51.388888888888886,35.0099983215332
2024-05-03,34.630001068115234,35.529998779296875,-8.768185914706724,49.404761904761905,49.404761904761905,34.630001068115234
2024-05-06,36.97999954223633,36.849998474121094,-3.0399905524608895,54.563492063492056,54.563492063492056,36.97999954223633
2024-05-07,36.84000015258789,36.720001220703125,-0.7072930978695013,56.15079365079365,56.15079365079365,36.84000015258789
2024-05-08,36.810001373291016,35.9900016784668,0.46308134407720786,57.341269841269835,57.341269841269835,36.810001373291016
2024-05-09,41.0,37.93000030517578,14.15222222249457,70.03968253968253,70.03968253968253,41.0
2024-05-10,40.540000915527344,42.52000045776367,19.73778102143303,74.60317460317461,74.60317460317461,40.540000915527344
2024-05-13,39.279998779296875,39.79999923706055,20.563785933154165,75.39682539682539,75.39682539682539,39.279998779296875
2024-05-14,41.04999923706055,40.0,26.697525337021666,82.93650793650794,82.93650793650794,41.04999923706055
2024-05-15,42.77000045776367,42.38999938964844,33.222655373554275,89.28571428571429,89.28571428571429,42.77000045776367
2024-05-16,41.689998626708984,42.150001525878906,33.31503147899528,89.28571428571429,89.28571428571429,41.689998626708984
2024-05-17,46.70000076293945,43.86000061035156,38.11822957814902,94.24603174603175,94.24603174603175,46.70000076293945
2024-05-20,47.779998779296875,47.040000915527344,39.354401416948384,96.03174603174604,96.03174603174604,47.779998779296875
2024-05-21,47.18000030517578,47.209999084472656,38.88168427007639,94.84126984126983,94.84126984126983,47.18000030517578
2024-05-22,41.25,45.25,24.253279066233592,79.36507936507937,79.36507936507937,41.25
2024-05-23,38.709999084472656,41.290000915527344,9.649523251847034,64.28571428571429,64.28571428571429,38.709999084472656
2024-05-24,40.36000061035156,40.47999954223633,5.984475455183096,58.333333333333336,58.333333333333336,40.36000061035156
2024-05-28,43.5,43.439998626708984,12.009507501912465,66.07142857142857,66.07142857142857,43.5
2024-05-29,40.11000061035156,41.75,6.173774225510566,58.333333333333336,58.333333333333336,40.11000061035156
2024-05-30,41.5,40.5,6.24524374183673,58.53174603174603,58.53174603174603,41.5
2024-05-31,40.400001525878906,42.41999816894531,3.5008008962611643,56.15079365079365,56.15079365079365,40.400001525878906
2024-06-03,40.849998474121094,40.88999938964844,2.712772147089256,55.55555555555556,55.55555555555556,40.849998474121094
2024-06-04,36.36000061035156,39.0,-11.881607425686576,42.26190476190476,42.26190476190476,36.36000061035156
2024-06-05,38.29999923706055,37.20000076293945,-14.674182593715408,40.27777777777778,40.27777777777778,38.29999923706055
2024-06-06,41.849998474121094,38.630001068115234,-5.964874508744581,48.41269841269841,48.41269841269841,41.849998474121094
2024-06-07,33.33000183105469,37.31999969482422,-19.14530080152571,35.91269841269841,35.91269841269841,33.33000183105469
2024-06-10,34.529998779296875,33.810001373291016,-22.5368622736515,32.93650793650794,32.93650793650794,34.529998779296875
2024-06-11,33.689998626708984,33.66999816894531,-25.82005896925587,27.380952380952383,27.380952380952383,33.689998626708984
2024-06-12,34.83000183105469,35.9900016784668,-24.48665695349987,29.761904761904763,29.761904761904763,34.83000183105469
2024-06-13,31.84000015258789,33.56999969482422,-29.292120850203577,22.42063492063492,22.42063492063492,31.84000015258789
2024-06-14,32.459999084472656,32.9900016784668,-30.107585788156822,21.428571428571427,21.428571428571427,32.459999084472656
2024-06-17,31.93000030517578,32.040000915527344,-31.186104469420744,20.03968253968254,20.03968253968254,31.93000030517578
2024-06-18,33.380001068115234,31.75,-27.84900161946352,25.793650793650798,25.793650793650798,33.380001068115234
2024-06-20,35.880001068115234,34.310001373291016,-20.641332501897505,35.317460317460316,35.317460317460316,35.880001068115234
2024-06-21,33.79999923706055,35.59000015258789,-20.18485318120152,35.714285714285715,35.714285714285715,33.79999923706055
2024-06-24,34.5099983215332,34.650001525878906,-17.579922155989784,38.88888888888889,38.88888888888889,34.5099983215332
2024-06-25,33.209999084472656,33.95000076293945,-19.525748330671682,36.30952380952381,36.30952380952381,33.209999084472656
2024-06-26,33.0099983215332,31.739999771118164,-21.315318655398137,33.730158730158735,33.730158730158735,33.0099983215332
2024-06-27,34.310001373291016,34.150001525878906,-17.839682858649805,37.89682539682539,37.89682539682539,34.310001373291016
2024-06-28,33.540000915527344,35.0,-18.284941993420333,37.10317460317461,37.10317460317461,33.540000915527344
2024-07-01,33.15999984741211,33.72999954223633,-19.61087060824814,35.714285714285715,35.714285714285715,33.15999984741211
2024-07-02,33.4900016784668,33.369998931884766,-18.898893878292604,36.507936507936506,36.507936507936506,33.4900016784668
2024-07-03,37.25,35.0,-5.684247178907158,49.007936507936506,49.007936507936506,37.25
2024-07-05,40.5,39.11000061035156,12.174191786734411,66.26984126984127,66.26984126984127,40.5
2024-07-08,39.939998626708984,39.310001373291016,19.369757647149786,72.61904761904762,72.61904761904762,39.939998626708984
2024-07-09,39.75,40.0,23.97980029982297,78.76984126984127,78.76984126984127,39.75
2024-07-10,43.29999923706055,41.290000915527344,32.47795936904663,87.5,87.5,43.29999923706055
2024-07-11,46.810001373291016,46.25,37.36530765679908,92.85714285714286,92.85714285714286,46.810001373291016
2024-07-12,46.790000915527344,45.29999923706055,39.199803953711495,95.23809523809523,95.23809523809523,46.790000915527344
2024-07-15,46.150001525878906,46.86000061035156,37.910992976631434,93.25396825396825,93.25396825396825,46.150001525878906
2024-07-16,50.790000915527344,47.33000183105469,40.7310370595311,97.61904761904762,97.61904761904762,50.790000915527344
2024-07-17,47.599998474121094,50.09000015258789,37.19853309570176,91.66666666666666,91.66666666666666,47.599998474121094
2024-07-18,44.540000915527344,47.79999923706055,28.539854905992062,83.13492063492063,83.13492063492063,44.540000915527344
2024-07-19,43.06999969482422,41.529998779296875,19.950965367657226,71.42857142857143,71.42857142857143,43.06999969482422
2024-07-22,43.27000045776367,42.88999938964844,15.695189731556733,67.06349206349206,67.06349206349206,43.27000045776367
2024-07-23,43.16999816894531,43.04999923706055,13.051727562262231,64.0873015873016,64.0873015873016,43.16999816894531
2024-07-24,42.04999923706055,44.380001068115234,8.897644903011708,60.317460317460316,60.317460317460316,42.04999923706055
2024-07-25,38.369998931884766,38.619998931884766,-1.889247795690432,49.007936507936506,49.007936507936506,38.369998931884766
2024-07-26,39.369998931884766,39.7599983215332,-6.034140619220126,45.63492063492063,45.63492063492063,39.369998931884766
2024-07-29,39.529998779296875,39.81999969482422,-7.915219237516796,43.84920634920635,43.84920634920635,39.529998779296875
2024-07-30,40.720001220703125,40.68000030517578,-5.638869126114809,46.03174603174603,46.03174603174603,40.720001220703125
2024-07-31,43.90999984741211,42.75,3.818515639926727,53.769841269841265,53.769841269841265,43.90999984741211
2024-08-01,41.33000183105469,44.029998779296875,-0.5588314445103861,50.0,50.0,41.33000183105469
2024-08-02,38.470001220703125,42.95000076293945,-13.624436540630914,38.095238095238095,38.095238095238095,38.470001220703125
2024-08-05,34.72999954223633,31.40999984741211,-21.325385437399202,28.76984126984127,28.76984126984127,34.72999954223633
2024-08-06,35.22999954223633,34.439998626708984,-23.711783761308595,25.992063492063494,25.992063492063494,35.22999954223633
2024-08-07,32.5,36.939998626708984,-30.60599953016373,16.46825396825397,16.46825396825397,32.5
2024-08-08,34.93000030517578,34.08000183105469,-27.952455309879515,20.436507936507937,20.436507936507937,34.93000030517578
2024-08-09,35.83000183105469,35.9900016784668,-24.27510936000757,25.396825396825395,25.396825396825395,35.83000183105469
2024-08-12,39.119998931884766,36.93000030517578,-14.865552286289946,38.095238095238095,38.095238095238095,39.119998931884766
2024-08-13,40.790000915527344,38.875,-6.2035593629551755,45.23809523809524,45.23809523809524,40.790000915527344
2024-08-14,39.95000076293945,39.75,-3.427622848438467,48.41269841269841,48.41269841269841,39.95000076293945
2024-08-15,40.540000915527344,40.52000045776367,1.3673684249821385,52.976190476190474,52.976190476190474,40.540000915527344
2024-08-16,44.439998626708984,42.5,15.975479774310585,68.05555555555556,68.05555555555556,44.439998626708984
2024-08-19,47.04999923706055,43.470001220703125,27.9314977605786,82.34126984126983,82.34126984126983,47.04999923706055
2024-08-20,47.95000076293945,48.75,32.44419644462606,86.30952380952381,86.30952380952381,47.95000076293945
2024-08-21,49.06999969482422,47.709999084472656,36.11486731852983,90.07936507936508,90.07936507936508,49.06999969482422
2024-08-22,45.209999084472656,46.970001220703125,29.91448698780628,83.33333333333334,83.33333333333334,45.209999084472656
2024-08-23,47.220001220703125,46.7400016784668,30.4536813981085,83.33333333333334,83.33333333333334,47.220001220703125
2024-08-26,46.63999938964844,48.04999923706055,29.37359959232724,82.73809523809523,82.73809523809523,46.63999938964844
2024-08-27,46.369998931884766,45.58000183105469,27.86794853031718,80.75396825396825,80.75396825396825,46.369998931884766
2024-08-28,43.279998779296875,44.540000915527344,18.95434852382868,69.64285714285714,69.64285714285714,43.279998779296875
2024-08-29,44.81999969482422,43.59000015258789,17.674113346868708,68.05555555555556,68.05555555555556,44.81999969482422
2024-08-30,43.790000915527344,44.79999923706055,14.397337984225796,65.27777777777779,65.27777777777779,43.790000915527344
2024-09-03,38.529998779296875,42.0,0.252512604219604,50.198412698412696,50.198412698412696,38.529998779296875
2024-09-04,37.599998474121094,37.4900016784668,-11.41084846262958,39.88095238095239,39.88095238095239,37.599998474121094
2024-09-05,38.95000076293945,39.40999984741211,-13.50580906638516,37.89682539682539,37.89682539682539,38.95000076293945
2024-09-06,35.560001373291016,38.70000076293945,-23.89438834191989,25.198412698412696,25.198412698412696,35.560001373291016
2024-09-09,36.779998779296875,36.33000183105469,-26.852632374138597,21.428571428571427,21.428571428571427,36.779998779296875
2024-09-10,38.36000061035156,37.2400016784668,-25.06718964677504,23.61111111111111,23.61111111111111,38.36000061035156
2024-09-11,39.15999984741211,37.88999938964844,-22.076793542776688,27.77777777777778,27.77777777777778,39.15999984741211
2024-09-12,45.2400016784668,41.43000030517578,-3.0962259640774508,47.22222222222222,47.22222222222222,45.2400016784668
2024-09-13,48.470001220703125,47.56999969482422,15.502692791962211,66.07142857142857,66.07142857142857,48.470001220703125
2024-09-16,48.040000915527344,48.33000183105469,23.71671632415568,74.8015873015873,74.8015873015873,48.040000915527344
2024-09-17,46.5,47.0,23.302259911468195,74.0079365079365,74.0079365079365,46.5
2024-09-18,44.709999084472656,47.27000045776367,15.271022112990194,65.27777777777779,65.27777777777779,44.709999084472656
2024-09-19,47.11000061035156,48.29999923706055,17.415997207605873,67.26190476190477,67.26190476190477,47.11000061035156
2024-09-20,49.91999816894531,49.5099983215332,25.43276649804127,77.38095238095238,77.38095238095238,49.91999816894531
2024-09-23,48.95000076293945,50.02000045776367,25.872500321183306,77.97619047619048,77.97619047619048,48.95000076293945
2024-09-24,53.38999938964844,50.5,32.825577864620065,86.70634920634922,86.70634920634922,53.38999938964844
2024-09-25,52.38999938964844,53.20000076293945,34.113360647978986,87.89682539682539,87.89682539682539,52.38999938964844
2024-09-26,54.0,54.15999984741211,36.06548452982083,89.88095238095238,89.88095238095238,54.0
2024-09-27,48.97999954223633,53.25,25.59866660871446,76.98412698412699,76.98412698412699,48.97999954223633
2024-09-30,46.779998779296875,48.0,14.434601551780046,63.095238095238095,63.095238095238095,46.779998779296875
2024-10-01,49.13999938964844,48.619998931884766,13.702955780991452,62.10317460317461,62.10317460317461,49.13999938964844
2024-10-02,48.689998626708984,49.25,11.938067352164893,59.92063492063492,59.92063492063492,48.689998626708984
2024-10-03,46.25,46.900001525878906,5.126056051825363,51.19047619047619,51.19047619047619,46.25
2024-10-04,45.849998474121094,45.88999938964844,0.5838253032258163,47.817460317460316,47.817460317460316,45.849998474121094
2024-10-07,44.029998779296875,44.900001525878906,-6.138917818955032,40.476190476190474,40.476190476190474,44.029998779296875
2024-10-08,43.650001525878906,43.0,-10.574982884852362,37.698412698412696,37.698412698412696,43.650001525878906
2024-10-09,42.939998626708984,42.369998931884766,-14.937822085898697,33.730158730158735,33.730158730158735,42.939998626708984
2024-10-10,46.7599983215332,43.59000015258789,-11.448414225166289,37.301587301587304,37.301587301587304,46.7599983215332
2024-10-11,47.380001068115234,47.86000061035156,-7.934923877798392,39.682539682539684,39.682539682539684,47.380001068115234
2024-10-14,47.65999984741211,46.84000015258789,-5.166796305623411,43.25396825396825,43.25396825396825,47.65999984741211
2024-10-15,49.529998779296875,47.56999969482422,2.5727892642190127,49.801587301587304,49.801587301587304,49.529998779296875
2024-10-16,50.70000076293945,51.38999938964844,10.261202908751978,59.12698412698413,59.12698412698413,50.70000076293945
2024-10-17,52.61000061035156,52.20000076293945,19.63574281949841,69.04761904761905,69.04761904761905,52.61000061035156
2024-10-18,59.06999969482422,54.22999954223633,30.72687170202987,82.93650793650794,82.93650793650794,59.06999969482422
2024-10-21,59.59000015258789,61.75,33.686976037487746,87.10317460317461,87.10317460317461,59.59000015258789
2024-10-22,63.119998931884766,61.380001068115234,38.32299902775574,93.65079365079364,93.65079365079364,63.119998931884766
2024-10-23,59.2400016784668,60.880001068115234,35.21079625239207,88.4920634920635,88.4920634920635,59.2400016784668
2024-10-24,55.59000015258789,60.79999923706055,25.812104586874774,76.38888888888889,76.38888888888889,55.59000015258789
2024-10-25,53.349998474121094,54.86000061035156,15.159228456611878,63.095238095238095,63.095238095238095,53.349998474121094
2024-10-28,52.349998474121094,52.779998779296875,7.1087917911773575,53.57142857142857,53.57142857142857,52.349998474121094
2024-10-29,55.0,53.790000915527344,8.740170050039982,55.55555555555556,55.55555555555556,55.0
2024-10-30,52.869998931884766,54.84000015258789,4.260676758832773,50.0,50.0,52.869998931884766
2024-10-31,48.45000076293945,50.5099983215332,-6.610410650797655,39.285714285714285,39.285714285714285,48.45000076293945
2024-11-01,46.599998474121094,49.04999923706055,-16.116787926319773,32.34126984126984,32.34126984126984,46.599998474121094
2024-11-04,46.54999923706055,47.939998626708984,-21.161320168659515,27.579365079365083,27.579365079365083,46.54999923706055
2024-11-05,47.08000183105469,48.22999954223633,-22.59325740752693,25.992063492063494,25.992063492063494,47.08000183105469
2024-11-06,42.099998474121094,40.369998931884766,-29.975075181403575,15.476190476190476,15.476190476190476,42.099998474121094
2024-11-07,45.04999923706055,43.90999984741211,-27.977490758583862,18.452380952380953,18.452380952380953,45.04999923706055
2024-11-08,43.16999816894531,44.0,-30.325243007605778,15.079365079365079,15.079365079365079,43.16999816894531
2024-11-11,35.66999816894531,37.7400016784668,-36.740354901651244,6.349206349206349,6.349206349206349,35.66999816894531
2024-11-12,33.7599983215332,34.22999954223633,-40.54471628088527,3.571428571428571,3.571428571428571,33.7599983215332
2024-11-13,32.11000061035156,34.779998779296875,-43.30336339481173,1.1904761904761905,1.1904761904761905,32.11000061035156
2024-11-14,32.630001068115234,31.479999542236328,-43.75762055100275,0.5952380952380952,0.5952380952380952,32.630001068115234
2024-11-15,31.969999313354492,33.209999084472656,-44.41433106786338,0.0,0.0,31.969999313354492
2024-11-18,36.13999938964844,34.7599983215332,-40.65534875413784,3.968253968253968,3.968253968253968,36.13999938964844
2024-11-19,38.540000915527344,37.29999923706055,-34.46460187969499,11.11111111111111,11.11111111111111,38.540000915527344
2024-11-20,37.650001525878906,37.779998779296875,-31.88008300875141,13.690476190476192,13.690476190476192,37.650001525878906
2024-11-21,39.02000045776367,38.95000076293945,-27.617650130915454,21.825396825396826,21.825396825396826,39.02000045776367
2024-11-22,39.45000076293945,40.040000915527344,-23.081815580992927,27.976190476190478,27.976190476190478,39.45000076293945
2024-11-25,35.65999984741211,35.31999969482422,-28.00793101426111,20.238095238095237,20.238095238095237,35.65999984741211
2024-11-26,36.0099983215332,35.59000015258789,-29.764615451168634,17.857142857142858,17.857142857142858,36.0099983215332
2024-11-27,36.5099983215332,37.27000045776367,-29.238679566946335,18.650793650793652,18.650793650793652,36.5099983215332
2024-11-29,37.310001373291016,37.5,-25.406848310557926,25.0,25.0,37.310001373291016
2024-12-02,34.939998626708984,36.459999084472656,-29.033161552180147,19.047619047619047,19.047619047619047,34.939998626708984
2024-12-03,37.560001373291016,35.599998474121094,-22.698360532522667,29.563492063492063,29.563492063492063,37.560001373291016
2024-12-04,37.290000915527344,37.75,-19.967391698950298,32.93650793650794,32.93650793650794,37.290000915527344
2024-12-05,37.31999969482422,37.70000076293945,-16.517370233142433,36.507936507936506,36.507936507936506,37.31999969482422
2024-12-06,35.189998626708984,36.869998931884766,-21.419513200446083,30.952380952380953,30.952380952380953,35.189998626708984
2024-12-09,38.369998931884766,38.400001525878906,-12.403563515696124,39.88095238095239,39.88095238095239,38.369998931884766
2024-12-10,38.56999969482422,39.72999954223633,-2.328392229124222,49.2063492063492,49.2063492063492,38.56999969482422
2024-12-11,41.88999938964844,39.58000183105469,12.898101055954076,64.0873015873016,64.0873015873016,41.88999938964844
2024-12-12,36.97999954223633,39.18000030517578,4.575770587794004,54.761904761904766,54.761904761904766,36.97999954223633
2024-12-13,33.880001068115234,36.0099983215332,-10.826660878879046,42.06349206349206,42.06349206349206,33.880001068115234
2024-12-16,33.16999816894531,34.470001220703125,-22.235360816586603,30.357142857142854,30.357142857142854,33.16999816894531
2024-12-17,32.58000183105469,32.13999938964844,-29.620011866023923,18.055555555555554,18.055555555555554,32.58000183105469
2024-12-18,28.1200008392334,31.84000015258789,-36.57717631794568,7.5396825396825395,7.5396825396825395,28.1200008392334
2024-12-19,27.5,28.649999618530273,-40.41842441711235,4.563492063492063,4.563492063492063,27.5
2024-12-20,28.3700008392334,28.0,-40.68233515081276,3.968253968253968,3.968253968253968,28.3700008392334
2024-12-23,28.6200008392334,27.989999771118164,-40.395715607314074,4.9603174603174605,4.9603174603174605,28.6200008392334
2024-12-24,28.459999084472656,28.940000534057617,-40.47277681116901,4.761904761904762,4.761904761904762,28.459999084472656
2024-12-26,28.700000762939453,28.729999542236328,-39.961644420854,5.555555555555555,5.555555555555555,28.700000762939453
2024-12-27,28.06999969482422,27.610000610351562,-40.53632970095363,4.761904761904762,4.761904761904762,28.06999969482422
2024-12-30,26.68000030517578,27.100000381469727,-41.833364199569466,2.976190476190476,2.976190476190476,26.68000030517578
2024-12-31,27.18000030517578,26.360000610351562,-41.387088522561,3.571428571428571,3.571428571428571,27.18000030517578
2025-01-02,30.639999389648438,28.450000762939453,-30.66611543609606,18.055555555555554,18.055555555555554,30.639999389648438
2025-01-03,29.790000915527344,30.34000015258789,-27.362310290933088,25.198412698412696,25.198412698412696,29.790000915527344
2025-01-06,28.6299991607666,29.799999237060547,-29.038190869696447,21.23015873015873,21.23015873015873,28.6299991607666
2025-01-07,29.790000915527344,30.34000015258789,-25.869664375377027,26.785714285714285,26.785714285714285,29.790000915527344
2025-01-08,31.829999923706055,30.649999618530273,-17.95041414535366,38.2936507936508,38.2936507936508,31.829999923706055
2025-01-10,31.93000030517578,33.869998931884766,-13.430975818951271,42.857142857142854,42.857142857142854,31.93000030517578
2025-01-13,30.200000762939453,30.979999542236328,-15.719889069530169,40.476190476190474,40.476190476190474,30.200000762939453
2025-01-14,32.880001068115234,30.489999771118164,-7.248922075435351,47.817460317460316,47.817460317460316,32.880001068115234
2025-01-15,33.72999954223633,33.86000061035156,4.97892121583492,58.13492063492064,58.13492063492064,33.72999954223633
2025-01-16,33.22999954223633,34.279998779296875,11.694842786411508,65.47619047619048,65.47619047619048,33.22999954223633
2025-01-17,33.65999984741211,32.56999969482422,17.03373178128822,71.03174603174604,71.03174603174604,33.65999984741211
2025-01-21,35.90999984741211,34.79999923706055,24.08398597667249,79.96031746031747,79.96031746031747,35.90999984741211
2025-01-22,35.720001220703125,36.790000915527344,26.576846413948157,82.34126984126983,82.34126984126983,35.720001220703125
2025-01-23,35.56999969482422,34.68000030517578,27.10333578791715,82.93650793650794,82.93650793650794,35.56999969482422
2025-01-24,36.97999954223633,36.939998626708984,31.447995374799802,87.10317460317461,87.10317460317461,36.97999954223633
2025-01-27,34.790000915527344,35.77000045776367,25.202656981081546,80.35714285714286,80.35714285714286,34.790000915527344
2025-01-28,35.77000045776367,35.04999923706055,25.108787608193612,80.35714285714286,80.35714285714286,35.77000045776367
2025-01-29,36.439998626708984,35.77000045776367,27.590560779407653,83.73015873015873,83.73015873015873,36.439998626708984
2025-01-30,40.75,38.540000915527344,33.159049749119774,89.28571428571429,89.28571428571429,40.75
2025-01-31,39.18000030517578,41.18000030517578,32.04320323339822,88.4920634920635,88.4920634920635,39.18000030517578
2025-02-03,40.86000061035156,39.720001220703125,34.21299135923333,90.47619047619048,90.47619047619048,40.86000061035156
2025-02-04,42.70000076293945,41.91999816894531,37.44344967621138,93.45238095238095,93.45238095238095,42.70000076293945
2025-02-05,45.79999923706055,43.81999969482422,38.69648844103788,94.84126984126983,94.84126984126983,45.79999923706055
2025-02-06,46.0,45.939998626708984,39.51562366702547,96.42857142857143,96.42857142857143,46.0
2025-02-07,45.0,47.04999923706055,37.530973111324265,93.05555555555556,93.05555555555556,45.0
2025-02-10,48.470001220703125,48.7400016784668,39.741222087171046,96.62698412698413,96.62698412698413,48.470001220703125
2025-02-11,46.61000061035156,47.38999938964844,37.60927668374815,92.85714285714286,92.85714285714286,46.61000061035156
2025-02-12,48.790000915527344,46.22999954223633,38.901329794985145,94.64285714285714,94.64285714285714,48.790000915527344
2025-02-13,49.959999084472656,49.400001525878906,40.88375345701864,98.01587301587301,98.01587301587301,49.959999084472656
2025-02-14,44.959999084472656,50.16999816894531,30.67128575312692,84.52380952380952,84.52380952380952,44.959999084472656
2025-02-18,46.310001373291016,46.88999938964844,27.999582688273577,82.93650793650794,82.93650793650794,46.310001373291016
2025-02-19,46.099998474121094,45.709999084472656,25.21015032366933,78.57142857142857,78.57142857142857,46.099998474121094
2025-02-20,48.83000183105469,46.599998474121094,29.88235216956317,83.92857142857143,83.92857142857143,48.83000183105469
2025-02-21,43.65999984741211,48.060001373291016,17.797792251348735,70.43650793650794,70.43650793650794,43.65999984741211
2025-02-24,44.150001525878906,45.0099983215332,12.62323644563385,64.48412698412699,64.48412698412699,44.150001525878906
2025-02-25,42.11000061035156,43.5,4.030239133412098,55.35714285714286,55.35714285714286,42.11000061035156
2025-02-26,43.68000030517578,40.439998626708984,2.9662006989443315,54.563492063492056,54.563492063492056,43.68000030517578
2025-02-27,38.90999984741211,41.59000015258789,-10.878389921786761,43.05555555555556,43.05555555555556,38.90999984741211
2025-02-28,39.529998779296875,37.22999954223633,-17.314032177175623,36.904761904761905,36.904761904761905,39.529998779296875
2025-03-03,39.54999923706055,41.349998474121094,-20.621949471238356,32.53968253968254,32.53968253968254,39.54999923706055
2025-03-04,41.279998779296875,41.54999923706055,-18.001222486873015,35.51587301587302,35.51587301587302,41.279998779296875
2025-03-05,45.72999954223633,40.880001068115234,-3.4179318657955484,49.60317460317461,49.60317460317461,45.72999954223633
2025-03-06,44.66999816894531,44.7400016784668,1.1429897778129194,53.17460317460318,53.17460317460318,44.66999816894531
2025-03-07,45.869998931884766,45.0,6.868955768126371,58.13492063492064,58.13492063492064,45.869998931884766
2025-03-10,41.560001373291016,44.83000183105469,-3.5115531745795403,48.80952380952381,48.80952380952381,41.560001373291016
2025-03-11,45.83000183105469,43.08000183105469,4.015768747477262,54.96031746031746,54.96031746031746,45.83000183105469
2025-03-12,46.54999923706055,44.380001068115234,9.678579457265943,61.70634920634921,61.70634920634921,46.54999923706055
2025-03-13,50.900001525878906,47.36000061035156,22.006036939583396,74.20634920634922,74.20634920634922,50.900001525878906
2025-03-14,52.279998779296875,52.81999969482422,28.646505576438624,83.13492063492063,83.13492063492063,52.279998779296875
2025-03-17,55.900001525878906,52.630001068115234,34.597050841123924,89.28571428571429,89.28571428571429,55.900001525878906
2025-03-18,56.59000015258789,58.86000061035156,34.975589540246844,89.28571428571429,89.28571428571429,56.59000015258789
2025-03-19,57.599998474121094,56.75,36.425140285992065,91.07142857142857,91.07142857142857,57.599998474121094
2025-03-20,57.41999816894531,55.47999954223633,36.942443922910506,91.46825396825396,91.46825396825396,57.41999816894531
2025-03-21,54.790000915527344,54.9900016784668,32.58447459722787,86.30952380952381,86.30952380952381,54.790000915527344
2025-03-24,54.0099983215332,55.2400016784668,28.31012543016662,81.74603174603175,81.74603174603175,54.0099983215332
2025-03-25,56.7599983215332,55.91999816894531,30.670813527140016,83.53174603174604,83.53174603174604,56.7599983215332
2025-03-26,55.41999816894531,57.41999816894531,29.14839088417645,82.14285714285714,82.14285714285714,55.41999816894531
2025-03-27,59.56999969482422,57.63999938964844,34.12314970436834,87.89682539682539,87.89682539682539,59.56999969482422
2025-03-28,58.689998626708984,60.90999984741211,32.33343971086159,85.51587301587301,85.51587301587301,58.689998626708984
2025-03-31,59.7599983215332,60.09000015258789,32.25932605106031,85.51587301587301,85.51587301587301,59.7599983215332
2025-04-01,59.0099983215332,59.689998626708984,30.937649767165727,83.92857142857143,83.92857142857143,59.0099983215332
2025-04-02,58.790000915527344,58.63999938964844,29.199962679850344,82.34126984126983,82.34126984126983,58.790000915527344
2025-04-03,58.56999969482422,51.20000076293945,28.052478710319257,81.34920634920636,81.34920634920636,58.56999969482422
2025-04-04,42.59000015258789,53.290000915527344,-5.018490634347485,46.62698412698413,46.62698412698413,42.59000015258789
2025-04-07,41.93000030517578,40.0,-21.297503344546254,29.761904761904763,29.761904761904763,41.93000030517578
2025-04-08,41.869998931884766,47.45000076293945,-29.54776275129076,16.46825396825397,16.46825396825397,41.869998931884766
2025-04-09,52.95000076293945,46.97999954223633,-14.94587230256537,37.5,37.5,52.95000076293945
2025-04-10,60.130001068115234,53.46500015258789,5.483233770631635,56.15079365079365,56.15079365079365,60.130001068115234
2025-04-11,69.4000015258789,66.70999908447266,21.931298664624777,74.0079365079365,74.0079365079365,69.4000015258789
2025-04-14,71.51000213623047,66.47000122070312,31.372516185467187,86.11111111111111,86.11111111111111,71.51000213623047
2025-04-15,73.91000366210938,73.4000015258789,36.54784901764142,92.85714285714286,92.85714285714286,73.91000366210938
2025-04-16,80.22000122070312,81.88999938964844,38.49736219511258,95.83333333333334,95.83333333333334,80.22000122070312
2025-04-17,76.12999725341797,78.75,36.135566144382345,92.46031746031747,92.46031746031747,76.12999725341797
2025-04-21,79.12000274658203,83.5199966430664,36.33698775821495,92.85714285714286,92.85714285714286,79.12000274658203
2025-04-22,71.80999755859375,80.0,28.860236482838825,83.33333333333334,83.33333333333334,71.80999755859375
2025-04-23,65.66000366210938,62.95000076293945,18.1232561413974,70.23809523809523,70.23809523809523,65.66000366210938
2025-04-24,69.63999938964844,69.33000183105469,16.142618892858216,68.25396825396825,68.25396825396825,69.63999938964844
2025-04-25,65.66000366210938,62.77000045776367,10.047030620294885,61.904761904761905,61.904761904761905,65.66000366210938
2025-04-28,67.66999816894531,64.45999908447266,9.598712182590164,61.111111111111114,61.111111111111114,67.66999816894531
2025-04-29,64.12999725341797,65.44000244140625,4.331202298038905,55.35714285714286,55.35714285714286,64.12999725341797
2025-04-30,66.05999755859375,62.400001525878906,3.984786073074768,54.563492063492056,54.563492063492056,66.05999755859375
2025-05-01,58.400001525878906,60.5,-4.048562285553064,48.214285714285715,48.214285714285715,58.400001525878906
2025-05-02,58.16999816894531,61.02000045776367,-8.480563688187704,43.452380952380956,43.452380952380956,58.16999816894531
2025-05-05,64.38999938964844,64.97000122070312,-4.762317952083495,47.42063492063492,47.42063492063492,64.38999938964844
2025-05-06,73.23999786376953,69.47000122070312,7.427826059171716,58.92857142857143,58.92857142857143,73.23999786376953
2025-05-07,68.5199966430664,68.0199966430664,7.638743378256206,58.92857142857143,58.92857142857143,68.5199966430664
2025-05-08,64.73999786376953,69.16000366210938,1.13551121303981,51.98412698412699,51.98412698412699,64.73999786376953
2025-05-09,71.16999816894531,67.7300033569336,3.593511235495659,54.166666666666664,54.166666666666664,71.16999816894531
2025-05-12,54.90999984741211,61.52000045776367,-16.509539647852893,36.30952380952381,36.30952380952381,54.90999984741211
2025-05-13,54.86000061035156,55.31999969482422,-26.467323163629292,22.61904761904762,22.61904761904762,54.86000061035156
2025-05-14,51.16999816894531,50.95000076293945,-32.77552222316035,11.904761904761903,11.904761904761903,51.16999816894531
2025-05-15,54.5099983215332,52.9900016784668,-31.846963381884485,12.698412698412698,12.698412698412698,54.5099983215332
2025-05-16,53.5,50.720001220703125,-32.962356753382025,11.904761904761903,11.904761904761903,53.5
2025-05-19,57.08000183105469,56.36000061035156,-28.254496270286538,19.642857142857142,19.642857142857142,57.08000183105469
2025-05-20,62.2599983215332,57.209999084472656,-18.99979620644152,34.32539682539682,34.32539682539682,62.2599983215332
2025-05-21,65.12999725341797,63.22999954223633,-5.841756808238389,46.62698412698413,46.62698412698413,65.12999725341797
2025-05-22,63.86000061035156,64.3499984741211,-1.0696478014846762,50.99206349206349,50.99206349206349,63.86000061035156
2025-05-23,69.19000244140625,68.5999984741211,10.505380964239365,63.49206349206349,63.49206349206349,69.19000244140625
2025-05-27,65.91999816894531,64.44999694824219,10.769787677177495,63.49206349206349,63.49206349206349,65.91999816894531
2025-05-28,68.26000213623047,66.52999877929688,15.112431869694912,67.65873015873017,67.65873015873017,68.26000213623047
2025-05-29,68.01000213623047,69.87999725341797,17.039564568126487,69.44444444444444,69.44444444444444,68.01000213623047
2025-05-30,69.66000366210938,66.37000274658203,20.412194174700108,72.81746031746032,72.81746031746032,69.66000366210938
2025-06-02,82.5999984741211,74.22000122070312,30.024671098563182,84.72222222222221,84.72222222222221,82.5999984741211
2025-06-03,79.45999908447266,78.55000305175781,31.32416375469856,85.9126984126984,85.9126984126984,79.45999908447266
2025-06-04,80.44000244140625,80.4000015258789,32.75479784981383,88.29365079365078,88.29365079365078,80.44000244140625
2025-06-05,81.51000213623047,83.0999984741211,31.92951815223017,86.70634920634922,86.70634920634922,81.51000213623047
2025-06-06,74.80000305175781,81.55000305175781,23.369491884716094,74.8015873015873,74.8015873015873,74.80000305175781
2025-06-09,76.8499984741211,75.06999969482422,21.30078215980716,72.61904761904762,72.61904761904762,76.8499984741211
2025-06-10,73.5999984741211,77.8499984741211,15.575205064852254,66.86507936507937,66.86507936507937,73.5999984741211
2025-06-11,75.37999725341797,74.19999694824219,14.67129231670699,65.67460317460318,65.67460317460318,75.37999725341797
2025-06-12,81.87000274658203,79.05999755859375,21.748463657513764,73.01587301587301,73.01587301587301,81.87000274658203
2025-06-13,85.79000091552734,85.9000015258789,28.941066303855905,82.53968253968253,82.53968253968253,85.79000091552734
2025-06-16,80.93000030517578,82.38999938964844,27.111507283766223,79.56349206349206,79.56349206349206,80.93000030517578
2025-06-17,80.86000061035156,81.9800033569336,25.3145613883547,76.98412698412699,76.98412698412699,80.86000061035156
2025-06-18,78.43000030517578,80.33999633789062,20.005762688023303,70.43650793650794,70.43650793650794,78.43000030517578
2025-06-20,74.44000244140625,76.3499984741211,7.731374854083159,56.34920634920635,56.34920634920635,74.44000244140625
2025-06-23,77.33000183105469,75.19000244140625,6.284028394506904,54.166666666666664,54.166666666666664,77.33000183105469
2025-06-24,72.13999938964844,70.5,-4.442733541305238,44.047619047619044,44.047619047619044,72.13999938964844
2025-06-25,72.31999969482422,71.11000061035156,-9.80170658743109,38.492063492063494,38.492063492063494,72.31999969482422
2025-06-26,75.5,71.68000030517578,-8.462931854917915,39.682539682539684,39.682539682539684,75.5
2025-06-27,67.2699966430664,67.88999938964844,-21.76147407354304,25.396825396825395,25.396825396825395,67.2699966430664
2025-06-30,72.69999694824219,68.30000305175781,-19.294802745525754,28.76984126984127,28.76984126984127,72.69999694824219
2025-07-01,72.94000244140625,76.62999725341797,-17.549039774586166,31.547619047619047,31.547619047619047,72.94000244140625
2025-07-02,75.0,74.0,-13.368080919449174,35.317460317460316,35.317460317460316,75.0
2025-07-03,75.9000015258789,72.75,-9.110536032636292,38.69047619047619,38.69047619047619,75.9000015258789
2025-07-07,77.12999725341797,72.1500015258789,-3.921400872946945,45.03968253968254,45.03968253968254,77.12999725341797
2025-07-08,67.22000122070312,76.26000213623047,-19.42072267223047,27.77777777777778,27.77777777777778,67.22000122070312
2025-07-09,69.79000091552734,67.62999725341797,-22.152802134259577,23.809523809523807,23.809523809523807,69.79000091552734
2025-07-10,71.16999816894531,70.6500015258789,-21.552971815222527,24.6031746031746,24.6031746031746,71.16999816894531
2025-07-11,73.86000061035156,73.37000274658203,-16.796824321600106,31.547619047619047,31.547619047619047,73.86000061035156
2025-07-14,73.56999969482422,74.58000183105469,-14.752102786946702,33.730158730158735,33.730158730158735,73.56999969482422
2025-07-15,70.26000213623047,73.51000213623047,-18.867860782282918,28.57142857142857,28.57142857142857,70.26000213623047
2025-07-16,70.63999938964844,70.5999984741211,-19.542618263618905,27.18253968253968,27.18253968253968,70.63999938964844
2025-07-17,68.16000366210938,67.61000061035156,-24.117617457508945,21.23015873015873,21.23015873015873,68.16000366210938
2025-07-18,67.5199966430664,70.12000274658203,-27.792740205607092,17.261904761904763,17.261904761904763,67.5199966430664
2025-07-21,74.77999877929688,70.5999984741211,-11.763856820799395,36.507936507936506,36.507936507936506,74.77999877929688
2025-07-22,80.77999877929688,77.30000305175781,9.594228665131292,58.92857142857143,58.92857142857143,80.77999877929688
2025-07-23,77.81999969482422,79.0999984741211,13.81286900302289,64.48412698412699,64.48412698412699,77.81999969482422
2025-07-24,75.18000030517578,74.25,8.832485619771107,58.13492063492064,58.13492063492064,75.18000030517578
2025-07-25,76.61000061035156,73.30999755859375,9.894698502883758,60.317460317460316,60.317460317460316,76.61000061035156
2025-07-28,70.94000244140625,73.69000244140625,-2.6336452639049304,47.22222222222222,47.22222222222222,70.94000244140625
2025-07-29,73.0,71.61000061035156,-5.07095060476443,43.84920634920635,43.84920634920635,73.0
2025-07-30,67.08999633789062,69.83999633789062,-19.19843363694832,28.373015873015873,28.373015873015873,67.08999633789062
2025-07-31,66.4000015258789,68.2699966430664,-27.581551648991553,17.658730158730158,17.658730158730158,66.4000015258789
2025-08-01,69.1500015258789,70.37999725341797,-25.299331257866353,20.436507936507937,20.436507936507937,69.1500015258789
2025-08-04,78.30000305175781,72.04000091552734,-3.8562937654115657,46.230158730158735,46.230158730158735,78.30000305175781
2025-08-05,84.81999969482422,77.22000122070312,15.459045540948829,66.66666666666666,66.66666666666666,84.81999969482422
2025-08-06,89.33000183105469,84.78500366210938,27.44532580574988,80.15873015873017,80.15873015873017,89.33000183105469
2025-08-07,92.5,92.05000305175781,32.40929359205469,87.5,87.5,92.5
2025-08-08,92.87999725341797,94.0,34.40334380112168,90.47619047619048,90.47619047619048,92.87999725341797
2025-08-11,90.97000122070312,85.62000274658203,32.892916775845016,88.29365079365078,88.29365079365078,90.97000122070312
2025-08-12,93.62999725341797,92.01000213623047,34.90305329543758,90.67460317460318,90.67460317460318,93.62999725341797
2025-08-13,93.33000183105469,96.0,35.241841208701196,91.46825396825396,91.46825396825396,93.33000183105469
2025-08-14,91.69999694824219,91.38999938964844,33.089401677666814,88.09523809523809,88.09523809523809,91.69999694824219
2025-08-15,94.72000122070312,91.81999969482422,35.33548324513498,91.46825396825396,91.46825396825396,94.72000122070312
2025-08-18,93.75,94.23999786376953,34.876299049077225,90.07936507936508,90.07936507936508,93.75
2025-08-19,86.12000274658203,93.18000030517578,22.403139798178913,72.42063492063492,72.42063492063492,86.12000274658203
2025-08-20,93.6500015258789,89.0,26.163785107726987,76.98412698412699,76.98412698412699,93.6500015258789
2025-08-21,98.30999755859375,92.41000366210938,30.886510019918894,83.73015873015873,83.73015873015873,98.30999755859375
2025-08-22,103.2699966430664,95.86000061035156,34.94434715556626,90.27777777777779,90.27777777777779,103.2699966430664
2025-08-25,102.94000244140625,103.0199966430664,36.7116072335184,93.45238095238095,93.45238095238095,102.94000244140625
2025-08-26,109.66999816894531,104.08000183105469,40.18984542767312,98.61111111111111,98.61111111111111,109.66999816894531
2025-08-27,109.11000061035156,107.30999755859375,41.508959270658266,99.8015873015873,99.8015873015873,109.11000061035156
2025-08-28,107.7699966430664,109.33999633789062,40.941471974584765,99.20634920634922,99.20634920634922,107.7699966430664
2025-08-29,117.94999694824219,108.08000183105469,42.49517755914273,100.0,100.0,117.94999694824219
2025-09-02,128.05999755859375,124.79000091552734,42.99247927041965,100.0,100.0,128.05999755859375
2025-09-03,130.5399932861328,132.72000122070312,42.2597676182827,99.40476190476191,99.40476190476191,130.5399932861328
2025-09-04,126.44000244140625,126.27999877929688,39.62506444476772,97.02380952380952,97.02380952380952,126.44000244140625
2025-09-05,136.69000244140625,135.2100067138672,40.69308414032374,97.81746031746032,97.81746031746032,136.69000244140625
2025-09-08,142.97999572753906,143.33999633789062,42.210758312109796,99.20634920634922,99.20634920634922,142.97999572753906
2025-09-09,140.02000427246094,146.35000610351562,40.756841354487925,98.01587301587301,98.01587301587301,140.02000427246094
2025-09-10,150.3000030517578,143.1999969482422,42.414899107377714,99.60317460317461,99.60317460317461,150.3000030517578
2025-09-11,159.2100067138672,148.86000061035156,43.554244718181195,100.0,100.0,159.2100067138672
2025-09-12,159.17999267578125,161.47000122070312,43.21733606440129,99.8015873015873,99.8015873015873,159.17999267578125
2025-09-15,164.6699981689453,156.77999877929688,43.34115125886504,99.8015873015873,99.8015873015873,164.6699981689453
2025-09-16,153.3800048828125,166.41000366210938,39.21453760010039,94.44444444444444,94.44444444444444,153.3800048828125
2025-09-17,150.05999755859375,147.55999755859375,35.04709530812241,87.5,87.5,150.05999755859375
2025-09-18,149.8699951171875,146.17999267578125,32.33392668047206,82.34126984126983,82.34126984126983,149.8699951171875
2025-09-19,173.3699951171875,150.99000549316406,37.48372515921929,91.46825396825396,91.46825396825396,173.3699951171875
2025-09-22,188.11000061035156,183.50999450683594,40.573452611188586,96.42857142857143,96.42857142857143,188.11000061035156
2025-09-23,187.13999938964844,193.91000366210938,40.137534298853964,95.83333333333334,95.83333333333334,187.13999938964844
2025-09-24,172.86000061035156,184.44000244140625,34.09206004848516,84.52380952380952,84.52380952380952,172.86000061035156
2025-09-25,179.08999633789062,173.72999572753906,33.155078327498266,83.33333333333334,83.33333333333334,179.08999633789062
2025-09-26,190.5,183.5800018310547,36.31814486776051,88.88888888888889,88.88888888888889,190.5
2025-09-29,199.02999877929688,205.3300018310547,37.622890393246855,91.66666666666666,91.66666666666666,199.02999877929688
2025-09-30,204.8800048828125,193.0,38.86156748280532,93.25396825396825,93.25396825396825,204.8800048828125
2025-10-01,210.0800018310547,211.27999877929688,39.36733128214696,94.64285714285714,94.64285714285714,210.0800018310547
2025-10-02,209.0,218.0,38.99426057176793,93.45238095238095,93.45238095238095,209.0
2025-10-03,209.0,212.27000427246094,38.61070314858178,92.46031746031747,92.46031746031747,209.0
2025-10-06,222.24000549316406,217.00999450683594,39.414834447493135,94.84126984126983,94.84126984126983,222.24000549316406
2025-10-07,209.8699951171875,224.41000366210938,34.74114154786439,84.32539682539682,84.32539682539682,209.8699951171875
2025-10-08,228.5399932861328,223.8300018310547,37.8267665384226,90.67460317460318,90.67460317460318,228.5399932861328
2025-10-09,198.9600067138672,229.47999572753906,25.879711748515916,70.03968253968253,70.03968253968253,198.9600067138672
2025-10-10,198.8000030517578,200.41000366210938,19.083674734447204,61.111111111111114,61.111111111111114,198.8000030517578
2025-10-13,227.14999389648438,217.02000427246094,26.47940667364469,70.23809523809523,70.23809523809523,227.14999389648438
2025-10-14,219.10000610351562,215.19000244140625,26.343485678279304,70.03968253968253,70.03968253968253,219.10000610351562
2025-10-15,245.3800048828125,229.0,31.815860849909733,78.37301587301587,78.37301587301587,245.3800048828125
2025-10-16,270.8299865722656,254.16000366210938,35.467823236910604,86.30952380952381,86.30952380952381,270.8299865722656
2025-10-17,212.24000549316406,248.8699951171875,17.32495157780188,58.333333333333336,58.333333333333336,212.24000549316406
2025-10-20,228.52000427246094,227.88999938964844,10.804773761656515,51.388888888888886,51.388888888888886,228.52000427246094
2025-10-21,161.57000732421875,178.27999877929688,-13.65248420240114,28.57142857142857,28.57142857142857,161.57000732421875
2025-10-22,162.8300018310547,145.7100067138672,-23.840067303293438,17.063492063492063,17.063492063492063,162.8300018310547
2025-10-23,167.63999938964844,173.3300018310547,-27.017064880890196,13.690476190476192,13.690476190476192,167.63999938964844
2025-10-24,161.07000732421875,159.86000061035156,-30.97361973319293,7.341269841269842,7.341269841269842,161.07000732421875
2025-10-27,141.85000610351562,144.14999389648438,-35.14076366725663,4.563492063492063,4.563492063492063,141.85000610351562
2025-10-28,148.5500030517578,132.8000030517578,-35.62423819232678,4.166666666666666,4.166666666666666,148.5500030517578
2025-10-29,149.27000427246094,160.8800048828125,-35.62431892630524,4.166666666666666,4.166666666666666,149.27000427246094
2025-10-30,159.4199981689453,147.58999633789062,-31.997428736603368,6.349206349206349,6.349206349206349,159.4199981689453
2025-10-31,153.85000610351562,159.42999267578125,-32.269690589827704,6.349206349206349,6.349206349206349,153.85000610351562
2025-11-03,148.1699981689453,151.4199981689453,-33.96102212856041,5.753968253968254,5.753968253968254,148.1699981689453
2025-11-04,128.6999969482422,134.75999450683594,-38.61443042410472,2.7777777777777777,2.7777777777777777,128.6999969482422
2025-11-05,140.7100067138672,137.4199981689453,-38.13156573376876,3.373015873015873,3.373015873015873,140.7100067138672
2025-11-06,142.39999389648438,145.14999389648438,-37.41234560652702,3.571428571428571,3.571428571428571,142.39999389648438
2025-11-07,152.6999969482422,145.6300048828125,-33.14932380077783,6.547619047619048,6.547619047619048,152.6999969482422
2025-11-10,174.72999572753906,169.52999877929688,-24.894948062548885,18.055555555555554,18.055555555555554,174.72999572753906
2025-11-11,178.50999450683594,178.83999633789062,-19.193705146309785,25.992063492063494,25.992063492063494,178.50999450683594
2025-11-12,197.0399932861328,180.0,-9.811784236191071,34.32539682539682,34.32539682539682,197.0399932861328
2025-11-13,180.75999450683594,198.88999938964844,-11.103831786151053,33.33333333333333,33.33333333333333,180.75999450683594
2025-11-14,174.52999877929688,154.41000366210938,-12.472432022966801,32.142857142857146,32.142857142857146,174.52999877929688
2025-11-17,165.77000427246094,169.63999938964844,-14.710012027467794,30.753968253968257,30.753968253968257,165.77000427246094
2025-11-18,169.5500030517578,170.91000366210938,-10.17053236263174,34.12698412698413,34.12698412698413,169.5500030517578
2025-11-19,174.8000030517578,178.47000122070312,-5.286198049115289,38.2936507936508,38.2936507936508,174.8000030517578
2025-11-20,152.4199981689453,177.44000244140625,-13.751994666877229,30.555555555555557,30.555555555555557,152.4199981689453
2025-11-21,155.02000427246094,151.9499969482422,-16.634061860073608,28.174603174603174,28.174603174603174,155.02000427246094
2025-11-24,181.92999267578125,157.89999389648438,-4.308135261127923,39.682539682539684,39.682539682539684,181.92999267578125
2025-11-25,182.24000549316406,179.61000061035156,2.467251171013265,44.24603174603175,44.24603174603175,182.24000549316406
2025-11-26,208.5500030517578,188.0,15.879429628328264,57.936507936507944,57.936507936507944,208.5500030517578
2025-11-28,223.8300018310547,216.5,24.42786751342555,67.26190476190477,67.26190476190477,223.8300018310547
2025-12-01,219.44000244140625,230.0,25.71873941280081,68.65079365079364,68.65079365079364,219.44000244140625
2025-12-02,210.75,216.72000122070312,23.2605191992309,64.88095238095238,64.88095238095238,210.75
2025-12-03,207.32000732421875,215.58999633789062,20.256496844659562,62.10317460317461,62.10317460317461,207.32000732421875
2025-12-04,208.9499969482422,200.49000549316406,19.026683197070827,60.912698412698404,60.912698412698404,208.9499969482422
2025-12-05,207.0800018310547,214.05999755859375,16.867735663480676,58.53174603174603,58.53174603174603,207.0800018310547
2025-12-08,192.61000061035156,206.1999969482422,7.241013218791298,49.2063492063492,49.2063492063492,192.61000061035156
2025-12-09,213.30999755859375,193.63999938964844,12.325858472607706,54.36507936507936,54.36507936507936,213.30999755859375
2025-12-10,223.9600067138672,210.6199951171875,19.600544745292208,62.10317460317461,62.10317460317461,223.9600067138672
2025-12-11,247.42999267578125,223.97000122070312,25.34939270056034,69.44444444444444,69.44444444444444,247.42999267578125
2025-12-12,243.22000122070312,267.3599853515625,25.052673763567785,68.45238095238095,68.45238095238095,243.22000122070312
2025-12-15,234.77999877929688,251.99000549316406,21.376541118115014,64.28571428571429,64.28571428571429,234.77999877929688
2025-12-16,235.97999572753906,236.89999389648438,19.737867354971016,62.10317460317461,62.10317460317461,235.97999572753906
2025-12-17,244.0500030517578,246.75999450683594,21.326672746601517,63.888888888888886,63.888888888888886,244.0500030517578
2025-12-18,241.9600067138672,240.16000366210938,21.259484464050445,63.49206349206349,63.49206349206349,241.9600067138672
2025-12-19,260.54998779296875,242.61000061035156,27.556115668948333,72.81746031746032,72.81746031746032,260.54998779296875
2025-12-22,288.3999938964844,283.989990234375,32.923449479175076,81.74603174603175,81.74603174603175,288.3999938964844
2025-12-23,289.5,291.0799865722656,35.840338790172474,87.3015873015873,87.3015873015873,289.5
2025-12-24,282.9700012207031,284.45001220703125,35.110045522220354,85.9126984126984,85.9126984126984,282.9700012207031
2025-12-26,298.69000244140625,294.9700012207031,37.20146490516528,89.68253968253968,89.68253968253968,298.69000244140625
2025-12-29,245.67999267578125,255.88999938964844,16.484210148743077,57.53968253968254,57.53968253968254,245.67999267578125
2025-12-30,252.27999877929688,262.6300048828125,7.798645293934187,49.404761904761905,49.404761904761905,252.27999877929688
2025-12-31,243.66000366210938,248.0399932861328,-1.3321732370164008,41.86507936507937,41.86507936507937,243.66000366210938
2026-01-02,242.05999755859375,255.3699951171875,-7.183670451562,36.11111111111111,36.11111111111111,242.05999755859375
2026-01-05,265.0,258.7900085449219,0.011984555850424145,42.857142857142854,42.857142857142854,265.0
2026-01-06,296.82000732421875,272.1400146484375,15.156084418131597,56.547619047619044,56.547619047619044,296.82000732421875
2026-01-07,286.30999755859375,271.239990234375,18.277534578310632,60.317460317460316,60.317460317460316,286.30999755859375
2026-01-08,290.3399963378906,266.1700134277344,21.41727644326749,64.68253968253968,64.68253968253968,290.3399963378906
2026-01-09,299.1300048828125,293.0400085449219,25.07794600971178,68.25396825396825,68.25396825396825,299.1300048828125
2026-01-12,330.0,324.5,29.202032909477076,75.1984126984127,75.1984126984127,330.0
2026-01-13,335.54998779296875,345.7799987792969,31.027349381638725,77.38095238095238,77.38095238095238,335.54998779296875
2026-01-14,339.54998779296875,356.2900085449219,32.46646529745328,79.96031746031747,79.96031746031747,339.54998779296875
2026-01-15,341.8599853515625,330.2799987792969,33.68184946358257,82.34126984126983,82.34126984126983,341.8599853515625
2026-01-16,345.0,333.30999755859375,34.91465455519972,84.72222222222221,84.72222222222221,345.0
2026-01-20,404.989990234375,390.010009765625,38.97775519774425,93.45238095238095,93.45238095238095,404.989990234375
2026-01-21,389.1000061035156,431.1499938964844,35.5872111838907,86.5079365079365,86.5079365079365,389.1000061035156
2026-01-22,438.25,386.0199890136719,38.618632846393645,92.46031746031747,92.46031746031747,438.25
2026-01-23,462.6700134277344,442.3800048828125,40.83659774356753,97.42063492063492,97.42063492063492,462.6700134277344
2026-01-26,464.45001220703125,512.1400146484375,37.89217476761614,90.67460317460318,90.67460317460318,464.45001220703125
2026-01-27,488.510009765625,468.0,38.16346597836349,91.46825396825396,91.46825396825396,488.510009765625
2026-01-28,525.0,502.55999755859375,40.92203423831006,97.61904761904762,97.61904761904762,525.0
2026-01-29,462.6400146484375,540.1900024414062,33.093124705891356,79.76190476190477,79.76190476190477,462.6400146484375
2026-01-30,284.07000732421875,341.510009765625,0.2533808864989285,40.07936507936508,40.07936507936508,284.07000732421875
2026-02-02,279.69000244140625,279.7799987792969,-18.16410585768948,23.809523809523807,23.809523809523807,279.69000244140625
2026-02-03,318.260009765625,333.0,-24.05752108421219,16.46825396825397,16.46825396825397,318.260009765625
2026-02-04,321.4700012207031,344.6700134277344,-26.719282018226842,13.690476190476192,13.690476190476192,321.4700012207031
2026-02-05,258.5400085449219,277.989990234375,-35.971946446514366,3.7698412698412698,3.7698412698412698,258.5400085449219
2026-02-06,301.2699890136719,280.4700012207031,-35.03208233275571,4.9603174603174605,4.9603174603174605,301.2699890136719
2026-02-09,353.5400085449219,314.3900146484375,-28.09041599284605,11.30952380952381,11.30952380952381,353.5400085449219
2026-02-10,354.0,348.70001220703125,-24.02420990243189,16.865079365079367,16.865079365079367,354.0
2026-02-11,383.42999267578125,380.5400085449219,-16.557387144589185,25.793650793650798,25.793650793650798,383.42999267578125
2026-02-12,298.0,372.54998779296875,-25.41600867426696,14.484126984126986,14.484126984126986,298.0
2026-02-13,347.25,322.0,-23.870987338337134,16.865079365079367,16.865079365079367,347.25
2026-02-17,308.75,305.82000732421875,-27.407336828523466,12.5,12.5,308.75
2026-02-18,329.489990234375,325.0,-26.824235221046273,13.293650793650794,13.293650793650794,329.489990234375
2026-02-19,349.2200012207031,325.0400085449219,-23.75152421642967,17.063492063492063,17.063492063492063,349.2200012207031
2026-02-20,372.1499938964844,351.7799987792969,-18.04539428993412,23.809523809523807,23.809523809523807,372.1499938964844
2026-02-23,410.8399963378906,387.0,-8.98957215841525,31.746031746031743,31.746031746031743,410.8399963378906
2026-02-24,417.69000244140625,375.1199951171875,-3.1032878532533537,37.698412698412696,37.698412698412696,417.69000244140625
2026-02-25,421.989990234375,435.0,0.9030898609922384,40.476190476190474,40.476190476190474,421.989990234375
2026-02-26,457.20001220703125,414.94000244140625,7.525866868673242,46.42857142857143,46.42857142857143,457.20001220703125
2026-02-27,480.05999755859375,470.4800109863281,14.34497275344766,52.38095238095239,52.38095238095239,480.05999755859375
2026-03-02,471.9100036621094,487.989990234375,19.679882596790886,58.730158730158735,58.730158730158735,471.9100036621094
2026-03-03,348.9100036621094,379.2099914550781,0.40707167546004147,39.285714285714285,39.285714285714285,348.9100036621094
2026-03-04,354.2200012207031,376.8299865722656,-9.138988485682269,30.158730158730158,30.158730158730158,354.2200012207031
2026-03-05,315.0,338.3599853515625,-20.252534830969804,19.047619047619047,19.047619047619047,315.0
2026-03-06,308.1499938964844,289.989990234375,-27.162752912921135,11.30952380952381,11.30952380952381,308.1499938964844
2026-03-09,317.7699890136719,281.3900146484375,-28.67541473440758,9.126984126984127,9.126984126984127,317.7699890136719
2026-03-10,326.010009765625,331.07000732421875,-28.122734587372527,9.523809523809524,9.523809523809524,326.010009765625
2026-03-11,304.989990234375,313.1000061035156,-31.331617877246575,6.349206349206349,6.349206349206349,304.989990234375
2026-03-12,284.8699951171875,300.9700012207031,-35.6399251147905,3.7698412698412698,3.7698412698412698,284.8699951171875
2026-03-13,233.9600067138672,279.4599914550781,-40.40050369252927,2.1825396825396823,2.1825396825396823,233.9600067138672
2026-03-16,242.13999938964844,235.0,-41.71935493561652,0.7936507936507936,0.7936507936507936,242.13999938964844
2026-03-17,238.0500030517578,245.0,-42.728002952622916,0.5952380952380952,0.5952380952380952,238.0500030517578
2026-03-18,192.5399932861328,207.69000244140625,-44.30443703316147,0.1984126984126984,0.1984126984126984,192.5399932861328
2026-03-19,158.0500030517578,145.72000122070312,-44.12218438155687,0.3968253968253968,0.3968253968253968,158.0500030517578
2026-03-20,140.91000366210938,159.6199951171875,-44.73945082916237,0.0,0.0,140.91000366210938
2026-03-23,158.22999572753906,152.0050048828125,-43.94607752611537,0.7936507936507936,0.7936507936507936,158.22999572753906
2026-03-24,158.75999450683594,149.47999572753906,-43.42675087126265,1.1904761904761905,1.1904761904761905,158.75999450683594
2026-03-25,173.72999572753906,181.13999938964844,-42.147601652162045,1.7857142857142856,1.7857142857142856,173.72999572753906
2026-03-26,147.9499969482422,155.5,-43.03480083012822,1.5873015873015872,1.5873015873015872,147.9499969482422
2026-03-27,165.9499969482422,151.19000244140625,-42.051124115057355,2.1825396825396823,2.1825396825396823,165.9499969482422
2026-03-30,165.94000244140625,176.5399932861328,-41.52834489571785,2.7777777777777777,2.7777777777777777,165.94000244140625
2026-03-31,201.38999938964844,178.60000610351562,-35.94155536531359,6.15079365079365,6.15079365079365,201.38999938964844
2026-04-01,228.82000732421875,221.52499389648438,-27.266957194045677,14.682539682539684,14.682539682539684,228.82000732421875
2026-04-02,218.02000427246094,185.66000366210938,-23.353251161390055,19.444444444444446,19.444444444444446,218.02000427246094
2026-04-06,212.1199951171875,217.0,-22.39697912784708,20.436507936507937,20.436507936507937,212.1199951171875
2026-04-07,219.3800048828125,211.64999389648438,-20.27343998854635,23.015873015873016,23.015873015873016,219.3800048828125
2026-04-08,242.61000061035156,262.0,-14.690483840720631,30.158730158730158,30.158730158730158,242.61000061035156
2026-04-09,243.52000427246094,245.5500030517578,-8.855852900958869,34.92063492063492,34.92063492063492,243.52000427246094
2026-04-10,250.66000366210938,248.00999450683594,-2.22573742658985,42.06349206349206,42.06349206349206,250.66000366210938
2026-04-13,247.0500030517578,240.0,2.4904384228161267,45.43650793650794,45.43650793650794,247.0500030517578
2026-04-14,262.94000244140625,257.2699890136719,12.100717507871435,54.96031746031746,54.96031746031746,262.94000244140625
2026-04-15,242.61000061035156,259.2200012207031,9.683779735572132,52.976190476190474,52.976190476190474,242.61000061035156
2026-04-16,239.97000122070312,244.50999450683594,7.827583702738212,51.388888888888886,51.388888888888886,239.97000122070312
2026-04-17,260.55999755859375,255.82000732421875,13.287977912638766,56.547619047619044,56.547619047619044,260.55999755859375
2026-04-20,250.22999572753906,251.89999389648438,11.968488694838298,55.158730158730165,55.158730158730165,250.22999572753906
2026-04-21,204.0,241.52000427246094,-3.5832832804460355,40.476190476190474,40.476190476190474,204.0
2026-04-22,213.6699981689453,216.0500030517578,-8.119719293342085,35.714285714285715,35.714285714285715,213.6699981689453
2026-04-23,197.3699951171875,207.0800018310547,-16.307784303400865,28.76984126984127,28.76984126984127,197.3699951171875
2026-04-24,208.8699951171875,201.36000061035156,-16.3298655177943,28.76984126984127,28.76984126984127,208.8699951171875
2026-04-27,197.75,203.0,-20.11652616542207,23.61111111111111,23.61111111111111,197.75
2026-04-28,172.13999938964844,181.3800048828125,-29.73939553214112,10.912698412698413,10.912698412698413,172.13999938964844
2026-04-29,158.02000427246094,163.63999938964844,-37.17346306268654,5.555555555555555,5.555555555555555,158.02000427246094
2026-04-30,169.7899932861328,173.41000366210938,-38.22490844064587,5.158730158730158,5.158730158730158,169.7899932861328
2026-05-01,162.9600067138672,165.69000244140625,-40.15752591824434,4.761904761904762,4.761904761904762,162.9600067138672
2026-05-04,154.3000030517578,157.4600067138672,-42.25533273134462,1.984126984126984,1.984126984126984,154.3000030517578
2026-05-05,154.69000244140625,164.0,-43.2113196019372,1.5873015873015872,1.5873015873015872,154.69000244140625
2026-05-06,191.08999633789062,181.0,-33.28280682599654,8.73015873015873,8.73015873015873,191.08999633789062
2026-05-07,187.66000366210938,207.5,-28.825680658471764,13.492063492063492,13.492063492063492,187.66000366210938
2026-05-08,203.99000549316406,196.0800018310547,-21.08205782491775,24.206349206349206,24.206349206349206,203.99000549316406
2026-05-11,223.0500030517578,209.0,-9.537912604956036,36.7063492063492,36.7063492063492,223.0500030517578
2026-05-12,220.97000122070312,210.25999450683594,-4.083159012641611,42.06349206349206,42.06349206349206,220.97000122070312
2026-05-13,214.89999389648438,213.66000366210938,-3.9526164130321515,42.46031746031746,42.46031746031746,214.89999389648438
2026-05-14,199.64999389648438,212.27999877929688,-9.619465621092031,36.7063492063492,36.7063492063492,199.64999389648438
2026-05-15,157.47000122070312,170.94000244140625,-25.785964724046263,18.055555555555554,18.055555555555554,157.47000122070312
2026-05-18,155.0,163.14999389648438,-33.703964499770514,8.73015873015873,8.73015873015873,155.0
2026-05-19,136.5500030517578,146.5399932861328,-38.88238090075795,5.555555555555555,5.555555555555555,136.5500030517578
2026-05-20,148.47999572753906,139.6699981689453,-37.84368665784967,6.349206349206349,6.349206349206349,148.47999572753906
2026-05-21,145.9499969482422,137.9600067138672,-38.00310432416909,6.349206349206349,6.349206349206349,145.9499969482422
2026-05-22,141.25999450683594,145.25,-39.34406355601567,5.555555555555555,5.555555555555555,141.25999450683594
2026-05-26,158.33999633789062,150.57000732421875,-34.33210122644802,9.325396825396826,9.325396825396826,158.33999633789062
2026-05-27,142.13999938964844,144.10000610351562,-36.59998703182184,7.5396825396825395,7.5396825396825395,142.13999938964844
2026-05-28,150.11000061035156,137.8300018310547,-34.64373515343907,9.325396825396826,9.325396825396826,150.11000061035156
2026-05-29,163.35000610351562,151.5,-28.07341227737855,16.071428571428573,16.071428571428573,163.35000610351562
2026-06-01,147.69000244140625,147.1300048828125,-30.39976724278921,12.896825396825399,12.896825396825399,147.69000244140625
2026-06-02,153.1999969482422,153.36000061035156,-29.21177610798431,14.880952380952381,14.880952380952381,153.1999969482422
2026-06-03,136.9199981689453,145.30999755859375,-34.4050953998431,9.722222222222223,9.722222222222223,136.9199981689453
2026-06-04,142.25999450683594,143.0,-35.16301807361604,8.928571428571429,8.928571428571429,142.25999450683594
2026-06-05,104.19000244140625,129.97000122070312,-40.12142629165931,5.357142857142857,5.357142857142857,104.19000244140625
2026-06-08,103.62999725341797,106.18000030517578,-42.5303091921032,2.1825396825396823,2.1825396825396823,103.62999725341797
2026-06-09,98.72000122070312,106.80999755859375,-42.51251957914096,2.380952380952381,2.380952380952381,98.72000122070312
2026-06-10,84.16000366210938,88.22000122070312,-44.120177807403614,0.7936507936507936,0.7936507936507936,84.16000366210938
2026-06-11,98.5,84.93000030517578,-41.84555342409559,3.373015873015873,3.373015873015873,98.5
2026-06-12,107.20999908447266,100.63999938964844,-38.08716866792605,7.5396825396825395,7.5396825396825395,107.20999908447266
2026-06-15,128.47000122070312,128.38999938964844,-24.7193083888274,23.015873015873016,23.015873015873016,128.47000122070312
2026-06-16,137.58999633789062,133.1999969482422,-12.40318619065519,38.095238095238095,38.095238095238095,137.58999633789062
2026-06-17,122.94999694824219,137.1999969482422,-12.344452863260685,38.095238095238095,38.095238095238095,122.94999694824219
2026-06-18,114.27999877929688,125.44999694824219,-16.67585694265518,33.33333333333333,33.33333333333333,114.27999877929688
2026-06-22,109.97000122070312,107.61000061035156,-21.06984942320387,27.77777777777778,27.77777777777778,109.97000122070312
2026-06-23,94.22000122070312,94.93000030517578,-28.817949096180666,16.865079365079367,16.865079365079367,94.22000122070312
2026-06-24,82.62999725341797,82.81999969482422,-35.83024607402558,9.523809523809524,9.523809523809524,82.62999725341797
2026-06-25,86.63999938964844,89.44000244140625,-37.75468163333351,8.134920634920634,8.134920634920634,86.63999938964844
2026-06-26,91.5,89.79000091552734,-36.90882502643283,8.73015873015873,8.73015873015873,91.5
2026-06-29,86.5,87.83000183105469,-38.13845707054168,7.341269841269842,7.341269841269842,86.5
2026-06-30,85.2699966430664,86.0,-38.92434311002023,6.746031746031746,6.746031746031746,85.2699966430664
2026-07-01,84.75,85.9000015258789,-39.485982584039235,6.547619047619048,6.547619047619048,84.75
2026-07-02,95.79000091552734,93.73999786376953,-33.99048504442913,12.698412698412698,12.698412698412698,95.79000091552734
2026-07-06,97.2300033569336,101.0,-29.98848602326053,16.071428571428573,16.071428571428573,97.2300033569336
2026-07-07,85.52999877929688,96.0,-33.558018325090764,13.293650793650794,13.293650793650794,85.52999877929688
2026-07-08,77.62999725341797,79.73500061035156,-36.784053641805265,9.523809523809524,9.523809523809524,77.62999725341797
2026-07-09,84.98999786376953,82.52999877929688,-34.77993017146599,12.103174603174603,12.103174603174603,84.98999786376953
2026-07-10,84.01000213623047,82.61000061035156,-34.06724764919966,13.095238095238097,13.095238095238097,84.01000213623047
2026-07-13,76.6500015258789,79.61000061035156,-36.966688699503365,9.325396825396826,9.325396825396826,76.6500015258789
2026-07-14,81.56999969482422,86.02999877929688,-35.789340751522964,11.11111111111111,11.11111111111111,81.56999969482422
2026-07-15,78.44000244140625,80.43000030517578,-36.42142320308327,10.515873015873016,10.515873015873016,78.44000244140625
2026-07-16,69.88999938964844,73.94000244140625,-39.66644646041117,6.547619047619048,6.547619047619048,69.88999938964844
2026-07-17,69.13999938964844,66.6500015258789,-40.56457305920436,4.761904761904762,4.761904761904762,69.13999938964844
2026-07-20,67.54000091552734,68.33000183105469,-41.64473174500871,3.968253968253968,3.968253968253968,67.54000091552734
2026-07-21,77.94000244140625,72.66000366210938,-33.430704113638285,15.277777777777779,15.277777777777779,77.94000244140625
2026-07-22,86.02999877929688,83.5999984741211,-18.83967338932115,33.53174603174603,33.53174603174603,86.02999877929688
2026-07-23,79.61000061035156,77.62000274658203,-16.683909071395224,35.11904761904761,35.11904761904761,79.61000061035156
2026-07-24,80.02999877929688,81.12999725341797,-15.101207756370325,37.10317460317461,37.10317460317461,80.02999877929688
2026-07-27,81.91999816894531,83.76000213623047,-12.279832608571452,40.476190476190474,40.476190476190474,81.91999816894531
2026-07-28,77.12999725341797,77.43000030517578,-15.82075765385606,36.904761904761905,36.904761904761905,77.12999725341797
2026-07-29,74.66000366210938,75.79000091552734,-20.5538105823114,31.349206349206348,31.349206349206348,74.66000366210938
2026-07-30,83.73999786376953,79.19000244140625,-12.288273270341382,40.87301587301587,40.87301587301587,83.73999786376953
2026-07-31,75.01000213623047,77.5,-16.891659268155212,35.11904761904761,35.11904761904761,75.01000213623047
2026-08-03,81.08000183105469,75.05000305175781,-12.404842913591063,40.476190476190474,40.476190476190474,81.08000183105469
2026-08-04,87.5,86.29000091552734,-2.0376915761270644,51.19047619047619,51.19047619047619,87.5
2026-08-05,107.13999938964844,102.18000030517578,13.515873672379005,62.5,62.5,107.13999938964844
2026-08-06,107.56999969482422,102.30999755859375,21.398256648077776,70.43650793650794,70.43650793650794,107.56999969482422
2026-08-07,130.42999267578125,127.76000213623047,28.721713815672334,78.17460317460318,78.17460317460318,130.42999267578125
2026-08-10,133.30999755859375,126.0999984741211,32.9549635543151,84.72222222222221,84.72222222222221,133.30999755859375
2026-08-11,131.72000122070312,131.63999938964844,34.10991214876326,86.11111111111111,86.11111111111111,131.72000122070312
2026-08-12,135.24000549316406,142.8800048828125,33.976979854445595,85.71428571428571,85.71428571428571,135.24000549316406
2026-08-13,123.33999633789062,128.99000549316406,27.838054070081654,76.19047619047619,76.19047619047619,123.33999633789062
2026-08-14,130.13999938964844,129.22000122070312,27.500390523361823,75.59523809523809,75.59523809523809,130.13999938964844
2026-08-17,138.2899932861328,133.99000549316406,30.329318140697247,79.36507936507937,79.36507936507937,138.2899932861328
2026-08-18,124.16999816894531,131.49000549316406,24.632640891579424,71.23015873015873,71.23015873015873,124.16999816894531
2026-08-19,158.6300048828125,144.6300048828125,30.920444182748895,80.35714285714286,80.35714285714286,158.6300048828125
2026-08-20,170.52000427246094,153.50999450683594,34.532218032074155,86.90476190476191,86.90476190476191,170.52000427246094
2026-08-21,185.1699981689453,185.78500366210938,37.32998779097281,91.86507936507937,91.86507936507937,185.1699981689453
2026-08-24,188.6199951171875,192.39999389648438,38.075347913754065,93.25396825396825,93.25396825396825,188.6199951171875
2026-08-25,199.02999877929688,179.41000366210938,39.71745452559589,96.23015873015873,96.23015873015873,199.02999877929688
2026-08-26,182.39999389648438,186.24000549316406,35.13896004366407,88.09523809523809,88.09523809523809,182.39999389648438
2026-08-27,189.92999267578125,182.4600067138672,34.76020894979238,86.70634920634922,86.70634920634922,189.92999267578125
2026-08-28,166.4499969482422,193.10000610351562,27.42000683402988,74.40476190476191,74.40476190476191,166.4499969482422
2026-08-31,161.1699981689453,164.10000610351562,21.2663673799472,67.46031746031747,67.46031746031747,161.1699981689453
2026-09-01,141.3300018310547,144.27999877929688,10.317486619678707,57.936507936507944,57.936507936507944,141.3300018310547
2026-09-02,156.0,153.0,8.446647503574267,56.15079365079365,56.15079365079365,156.0
2026-09-03,173.82000732421875,171.33999633789062,13.688390667191172,60.71428571428571,60.71428571428571,173.82000732421875
2026-09-04,161.91000366210938,159.5399932861328,9.716046093813466,57.53968253968254,57.53968253968254,161.91000366210938
2026-09-08,157.49000549316406,160.02000427246094,5.375149031353551,53.96825396825397,53.96825396825397,157.49000549316406
2026-09-09,162.0500030517578,167.66000366210938,5.354503421980689,53.769841269841265,53.769841269841265,162.0500030517578
2026-09-10,145.0,147.55999755859375,-3.077149299796593,48.41269841269841,48.41269841269841,145.0
2026-09-11,149.3000030517578,156.10000610351562,-5.57407267518424,44.84126984126984,44.84126984126984,149.3000030517578
2026-09-14,135.3699951171875,133.72000122070312,-14.042316207799175,37.698412698412696,37.698412698412696,135.3699951171875
2026-09-15,134.27000427246094,136.50999450683594,-19.11241050154075,31.944444444444443,31.944444444444443,134.27000427246094
2026-09-16,127.9000015258789,142.22999572753906,-24.42806535167836,25.396825396825395,25.396825396825395,127.9000015258789
2026-09-17,142.61000061035156,141.35000610351562,-19.602552090609134,30.753968253968257,30.753968253968257,142.61000061035156
2026-09-18,141.50999450683594,143.1699981689453,-17.44225267189746,33.730158730158735,33.730158730158735,141.50999450683594
2026-09-21,136.27000427246094,142.44000244140625,-18.67098393950019,32.73809523809524,32.73809523809524,136.27000427246094
2026-09-22,151.50999450683594,136.5800018310547,-11.486059315358196,40.67460317460318,40.67460317460318,151.50999450683594
2026-09-23,131.07000732421875,138.66000366210938,-18.32307371978811,32.93650793650794,32.93650793650794,131.07000732421875
2026-09-24,125.16999816894531,126.08000183105469,-23.988760475002632,26.190476190476193,26.190476190476193,125.16999816894531
2026-09-25,127.75,125.68000030517578,-25.406149734947963,24.801587301587304,24.801587301587304,127.75
2026-09-28,107.0,107.8,-32.6236421693997,16.26984126984127,16.26984126984127,107.0
2026-09-29,110.98,109.47,-33.93282133501413,14.880952380952381,14.880952380952381,110.9800033569336
2026-09-30,106.27,113.50000000000001,-36.844578109957084,10.317460317460316,10.317460317460316,106.2699966430664
2026-10-01,102.14,105.61,-39.039978558733736,7.5396825396825395,7.5396825396825395,102.13999938964844
2026-10-02,105.28,107.295,-37.829412525031216,9.523809523809524,9.523809523809524,105.27999877929688
2026-10-05,104.18,105.19,-37.551962877097615,9.920634920634921,9.920634920634921,104.18000030517578
2026-10-06,106.4,105.0,-35.7969088821227,12.698412698412698,12.698412698412698,106.4000015258789
2026-10-07,96.03999953822087,95.92999892944681,-38.237480672117464,8.333333333333332,8.333333333333332,96.04000091552734
2026-10-08,100.19999551127735,96.2300019769023,-36.67758438425871,11.706349206349206,11.706349206349206,100.19999694824219
