date,close,open,without_long,without_long_rank,without_long_partial_rank,raw_close
2014-01-02,0.9997570514678955,1.0270562078481502,,,,1.098667025566101
2014-01-03,0.9961172342300415,1.0041550707589464,,,,1.0946669578552246
2014-01-06,0.9773109555244446,1.001425226706839,,,,1.0740000009536743
2014-01-07,1.000059962272644,0.9861074081709948,,,,1.0989999771118164
2014-01-08,1.044193983078003,1.0228095417580474,,,,1.1475000381469727
2014-01-09,1.022051453590393,1.0546585099412848,,,,1.1231670379638672
2014-01-10,1.0344871282577515,1.0222025172688487,,,,1.1368329524993896
2014-01-13,0.9976332783699036,1.0291793205424065,,,,1.0963330268859863
2014-01-14,1.0661851167678833,1.0021831262988397,,,,1.1716669797897339
2014-01-15,1.093180775642395,1.078166222693392,,,,1.2013330459594727
2014-01-16,1.0749810934066772,1.0904507065607114,,,,1.1813329458236694
2014-01-17,1.056478500366211,1.0619383756985987,,,,1.1610000133514404
2014-01-21,1.0772556066513062,1.0701277875654578,,,,1.1838330030441284
2014-01-22,1.1141098737716675,1.0772559312077767,,,,1.2243330478668213
2014-01-23,1.0761947631835938,1.0825645446954217,,,,1.1826670169830322
2014-01-24,1.0006674528121948,1.0567818707185304,,,,1.099666953086853
2014-01-27,0.9815577864646912,1.0131028546605383,,,,1.0786670446395874
2014-01-28,0.9935384392738342,0.9742779828717052,,,,1.0918329954147339
2014-01-29,0.9795860052108765,0.9745810824589992,,,,1.0765000581741333
2014-01-30,1.0176526308059692,1.0030930359881836,,,,1.1183329820632935
2014-01-31,1.0018798112869263,0.9871683517821819,,,,1.1009999513626099
2014-02-03,0.9386371374130249,0.999605357336914,,,,1.031499981880188
2014-02-04,0.9401537179946899,0.9393948115508839,,,,1.0331670045852661
2014-02-05,0.9439448118209839,0.9349970691978592,,,,1.0373330116271973
2014-02-06,0.9888371229171753,0.9595660732149796,,,,1.0866669416427612
2014-02-07,1.0366109609603882,1.0023350904841664,,,,1.1391669511795044
2014-02-10,1.0525356531143188,1.030392413835482,,,,1.1566669940948486
2014-02-11,1.0927255153656006,1.057691600998765,,,,1.2008329629898071
2014-02-12,1.1235132217407227,1.1101667294391464,,,,1.2346669435501099
2014-02-13,1.1638551950454712,1.103797007024137,,,,1.2790000438690186
2014-02-14,1.1831163167953491,1.1637030223675733,,,,1.3001669645309448
2014-02-18,1.1926714181900024,1.1990412003605044,,,,1.3106670379638672
2014-02-19,1.189941167831421,1.1876661842385625,,,,1.3076670169830322
2014-02-20,1.2179986238479614,1.1923674112637317,,,,1.3385000228881836
2014-02-21,1.1994960308074951,1.2228513901440552,,,,1.318166971206665
2014-02-24,1.2132965326309204,1.2170883527764351,,,,1.3333330154418945
2014-02-25,1.1955522298812866,1.2085957460065635,,,,1.3138329982757568
2014-02-26,1.2187566757202148,1.2035910189461057,,,,1.3393330574035645
2014-02-27,1.2170885801315308,1.2132967592776946,,,,1.337499976158142
2014-02-28,1.2132965326309204,1.226795000135634,,,,1.3333330154418945
2014-03-03,1.1934294700622559,1.1770499510431651,,,,1.3114999532699585
2014-03-04,1.2553074359893799,1.2301311784520472,,,,1.3795000314712524
2014-03-05,1.2631940841674805,1.2553073579506884,,,,1.3881670236587524
2014-03-06,1.292008876800537,1.273961421484329,,,,1.4198329448699951
2014-03-07,1.285943627357483,1.3041430673550585,,,,1.4131669998168945
2014-03-10,1.2777539491653442,1.2754789648800053,,,,1.4041670560836792
2014-03-11,1.2574303150177002,1.2904932987395996,,,,1.3818329572677612
2014-03-12,1.2891285419464111,1.2377151121708134,,,,1.4166669845581055
2014-03-13,1.2246716022491455,1.3027782461951127,,,,1.3458329439163208
2014-03-14,1.205258846282959,1.2132966815513795,,,,1.3244999647140503
2014-03-17,1.2484831809997559,1.2305867117740725,,,,1.371999979019165
2014-03-18,1.3017159700393677,1.2628901365286511,,,,1.4305000305175781
2014-03-19,1.2988343238830566,1.3038391374284362,,,,1.4273329973220825
2014-03-20,1.3719360828399658,1.2782089404464685,,,,1.5076669454574585
2014-03-21,1.335839867591858,1.3881632980496512,,,,1.468000054359436
2014-03-24,1.319308876991272,1.3555567608743333,,,,1.4498330354690552
2014-03-25,1.3466076850891113,1.32947013113269,,,,1.4798330068588257
2014-03-26,1.305810570716858,1.3740585560651823,,,,1.434999942779541
2014-03-27,1.273506760597229,1.2947391105107293,,,,1.3995000123977661
2014-03-28,1.300958275794983,1.2876116716479422,,,,1.4296669960021973
2014-03-31,1.3635941743850708,1.331442072772069,,,,1.4984999895095825
2014-04-01,1.4272921085357666,1.3930161366663856,,,,1.56850004196167
2014-04-02,1.4183446168899536,1.4407900720003346,,,,1.5586669445037842
2014-04-03,1.4268373250961304,1.4256243329125329,,,,1.5679999589920044
2014-04-04,1.3068729639053345,1.4658143226667144,,,,1.4361670017242432
2014-04-07,1.2707769870758057,1.2845785424105263,,,,1.3964999914169312
2014-04-08,1.318398356437683,1.2815444243800185,,,,1.4488329887390137
2014-04-09,1.360864520072937,1.3455469929465937,,,,1.4954999685287476
2014-04-10,1.2354397773742676,1.3655658689762071,,,,1.3576669692993164
2014-04-11,1.1764427423477173,1.198131023284293,,,,1.2928329706192017
2014-04-14,1.2040460109710693,1.2037420578102873,,,,1.3231669664382935
2014-04-15,1.2289183139801025,1.217088656599683,,,,1.3504999876022339
2014-04-16,1.2217904329299927,1.2536394505144548,,,,1.3426669836044312
2014-04-17,1.2923133373260498,1.2190605195019624,,,,1.4201669692993164
2014-04-21,1.32643723487854,1.29731815650779,,,,1.4576669931411743
2014-04-22,1.3643524646759033,1.3346273181223562,,,,1.4993330240249634
2014-04-23,1.358741044998169,1.3685986920558466,,,,1.4931670427322388
2014-04-24,1.3798214197158813,1.394381010313358,,,,1.516332983970642
2014-04-25,1.2463594675064087,1.3449395197945238,,,,1.3696670532226562
2014-04-28,1.2236100435256958,1.2550040996938834,,,,1.3446669578552246
2014-04-29,1.2459044456481934,1.2408996335924696,,,,1.3691669702529907
2014-04-30,1.2710800170898438,1.2325582397877504,,,,1.3968329429626465
2014-05-01,1.2584925889968872,1.2730521855221464,,,,1.3830000162124634
2014-05-02,1.2660753726959229,1.2465109621919277,,,,1.391332983970642
2014-05-05,1.2721422910690308,1.252425902225763,,,,1.3980000019073486
2014-05-06,1.2569752931594849,1.2777536663944435,,,,1.3813329935073853
2014-05-07,1.2594021558761597,1.268804959419617,,,,1.3839999437332153
2014-05-08,1.2851850986480713,1.2480281689198853,,,,1.4123330116271973
2014-05-09,1.2747199535369873,1.2812417120237558,,,,1.400833010673523
2014-05-12,1.3437271118164062,1.2824549403585688,,,,1.476667046546936
2014-05-13,1.3140006065368652,1.3540394329257195,,,,1.444000005722046
2014-05-14,1.2804838418960571,1.303991182350805,,,,1.4071669578552246
2014-05-15,1.235590934753418,1.2694118459884214,,,,1.3578330278396606
2014-05-16,1.2721422910690308,1.2334684201385173,,,,1.3980000019073486
2014-05-19,1.312938928604126,1.2674403253382205,,,,1.4428329467773438
2014-05-20,1.2944362163543701,1.3141525987224327,,,,1.4225000143051147
2014-05-21,1.3130909204483032,1.3073280677039314,,,,1.4429999589920044
2014-05-22,1.3323520421981812,1.3220384636704032,,,,1.4641669988632202
2014-05-23,1.368143916130066,1.3311381135748488,,,,1.503499984741211
2014-05-27,1.4204679727554321,1.4065154125857267,,,,1.5609999895095825
2014-05-28,1.4250174760818481,1.4330553124655923,,,,1.565999984741211
2014-05-29,1.4338144063949585,1.4283545303713807,,,,1.5756670236587524
2014-05-30,1.4397292137145996,1.4324494152878926,,,,1.5821670293807983
2014-06-02,1.4630842208862305,1.4647530341845858,,,,1.6078330278396606
2014-06-03,1.5043370723724365,1.464298240673065,,,,1.6531670093536377
2014-06-04,1.5248113870620728,1.504639941834929,,,,1.6756670475006104
2014-06-05,1.5458920001983643,1.5340623419405353,,,,1.6988329887390137
2014-06-06,1.5689449310302734,1.5568113220914204,,,,1.724166989326477
2014-06-09,1.5801678895950317,1.5769829984788999,,,,1.7365000247955322
2014-06-10,1.595940351486206,1.583200679546945,,,,1.7538330554962158
2014-06-11,1.6191445589065552,1.5813807144840561,,,,1.7793329954147339
2014-06-12,1.602310299873352,1.6186898177976285,,,,1.7608330249786377
2014-06-13,1.6478086709976196,1.6479606475625104,,,,1.8108329772949219
2014-06-16,1.6785964965820312,1.652662311381467,,,,1.8446669578552246
2014-06-17,1.7163609266281128,1.6842079518211786,,,,1.886167049407959
2014-06-18,1.695733904838562,1.720910157740745,,,,1.8634999990463257
2014-06-19,1.7004362344741821,1.7110519233585268,,,,1.8686670064926147
2014-06-20,1.7152986526489258,1.7036209728616287,,,,1.8849999904632568
2014-06-23,1.6963410377502441,1.7222753323253885,,,,1.8641669750213623
2014-06-24,1.6585772037506104,1.686786373771154,,,,1.8226670026779175
2014-06-25,1.6764729022979736,1.6455338996088593,,,,1.8423329591751099
2014-06-26,1.6550885438919067,1.6660081853302515,,,,1.8188329935073853
2014-06-27,1.662975549697876,1.6426531002494937,,,,1.8274999856948853
2014-06-30,1.7149957418441772,1.6644922236924848,,,,1.8846670389175415
2014-07-01,1.7856695652008057,1.7274312982985318,,,,1.9623329639434814
2014-07-02,1.7991682291030884,1.8006841981509467,,,,1.977167010307312
2014-07-03,1.835415244102478,1.8032632471216286,,,,2.0169999599456787
2014-07-07,1.797044277191162,1.8354150521965413,,,,1.9748330116271973
2014-07-08,1.7698969841003418,1.7867314524796678,,,,1.9450000524520874
2014-07-09,1.8006840944290161,1.7840016017991065,,,,1.9788329601287842
2014-07-10,1.7747498750686646,1.7219714844343212,,,,1.9503329992294312
2014-07-11,1.7782387733459473,1.7841536015833641,,,,1.9541670083999634
2014-07-14,1.8022011518478394,1.81130087135683,,,,1.9804999828338623
2014-07-15,1.7879446744918823,1.8187326777003279,,,,1.9648330211639404
2014-07-16,1.849822998046875,1.829500441554385,,,,2.0328330993652344
2014-07-17,1.7069569826126099,1.8058410082044238,,,,1.8758330345153809
2014-07-18,1.7738397121429443,1.728948051926504,,,,1.9493329524993896
2014-07-21,1.788399338722229,1.7736887459524686,,,,1.9653329849243164
2014-07-22,1.8225233554840088,1.8200973712662998,,,,2.0028328895568848
2014-07-23,1.6966444253921509,1.8040211412959644,,,,1.8645000457763672
2014-07-24,1.6537237167358398,1.6966444643714746,,,,1.8173329830169678
2014-07-25,1.5542333126068115,1.6212683160841044,,,,1.7079999446868896
2014-07-28,1.5492289066314697,1.5590866661522818,,,,1.7024999856948853
2014-07-29,1.5421009063720703,1.5592384621303441,,,,1.6946669816970825
2014-07-30,1.587599515914917,1.5686410627940213,,,,1.7446670532226562
2014-07-31,1.4799190759658813,1.5389162625934503,,,,1.6263329982757568
2014-08-01,1.5020623207092285,1.4711233123829628,,,,1.6506669521331787
2014-08-04,1.5208675861358643,1.5146497806455461,,,,1.6713329553604126
2014-08-05,1.4755210876464844,1.4985733655910516,,,,1.621500015258789
2014-08-06,1.4887157678604126,1.4532267918594324,,,,1.6360000371932983
2014-08-07,1.4303253889083862,1.5202616812645955,,,,1.5718330144882202
2014-08-08,1.4782509803771973,1.4445819290572144,,,,1.624500036239624
2014-08-11,1.5228393077850342,1.4997870344478625,,,,1.6734999418258667
2014-08-12,1.5170763731002808,1.5140425913460922,,,,1.6671669483184814
2014-08-13,1.5607556104660034,1.5307265101692782,,,,1.7151670455932617
2014-08-14,1.569096326828003,1.562120482130656,,,,1.7243330478668213
2014-08-15,1.6164151430130005,1.6010976141456241,,,,1.776332974433899
2014-08-18,1.63779878616333,1.6365856857663088,,,,1.799833059310913
2014-08-19,1.6728326082229614,1.643258473769785,,,,1.838333010673523
2014-08-20,1.7139338254928589,1.67283311017551,,,,1.8834999799728394
2014-08-21,1.7366828918457031,1.7196964469113942,,,,1.9084999561309814
2014-08-22,1.7404752969741821,1.7436601884722986,,,,1.9126670360565186
2014-08-25,1.7193937301635742,1.7749020647945728,,,,1.8895000219345093
2014-08-26,1.7209107875823975,1.7154509119108898,,,,1.8911670446395874
2014-08-27,1.7303133010864258,1.7200005893883623,,,,1.9014999866485596
2014-08-28,1.7673194408416748,1.7139340008125628,,,,1.942167043685913
2014-08-29,1.7868834733963013,1.7767217628430472,,,,1.9636670351028442
2014-09-02,1.7627694606781006,1.7985614107622863,,,,1.9371670484542847
2014-09-03,1.7782387733459473,1.7943143362148084,,,,1.9541670083999634
2014-09-04,1.79188871383667,1.7882488688680027,,,,1.9691669940948486
2014-09-05,1.836931824684143,1.789461335064953,,,,2.018666982650757
2014-09-08,1.8483062982559204,1.8369315976442693,,,,2.0311670303344727
2014-09-09,1.7993193864822388,1.8484579409796336,,,,1.9773329496383667
2014-09-10,1.7974992990493774,1.7987132675315094,,,,1.9753329753875732
2014-09-11,1.811148762702942,1.781271645382356,,,,1.9903329610824585
2014-09-12,1.7410812377929688,1.7978034354673627,,,,1.9133330583572388
2014-09-15,1.677535057067871,1.7486648738386417,,,,1.843500018119812
2014-09-16,1.7645893096923828,1.6711651524242854,,,,1.9391670227050781
2014-09-17,1.8062957525253296,1.7712617407143565,,,,1.9850000143051147
2014-09-18,1.8839465379714966,1.832230032640767,,,,2.0703330039978027
2014-09-19,1.8166087865829468,1.8995683633214928,,,,1.9963330030441284
2014-09-22,1.7501803636550903,1.8002288085978155,,,,1.9233330488204956
2014-09-23,1.7365310192108154,1.7224264872364194,,,,1.9083329439163208
2014-09-24,1.7988643646240234,1.7491197497773736,,,,1.9768329858779907
2014-09-25,1.7014970779418945,1.7947692505244799,,,,1.869832992553711
2014-09-26,1.7606452703475952,1.727128202026494,,,,1.93483304977417
2014-09-29,1.76807701587677,1.7060469296306724,,,,1.9429999589920044
2014-09-30,1.7239433526992798,1.7709588910128622,,,,1.8945000171661377
2014-10-01,1.5982154607772827,1.716056982421299,,,,1.7563329935073853
2014-10-02,1.5716749429702759,1.5909353965104598,,,,1.727167010307312
2014-10-03,1.5954855680465698,1.6188419085378565,,,,1.7533329725265503
2014-10-06,1.5569634437561035,1.6147467596060812,,,,1.7109999656677246
2014-10-07,1.4694541692733765,1.541645973348908,,,,1.6148329973220825
2014-10-08,1.566366195678711,1.4740039275091854,,,,1.7213330268859863
2014-10-09,1.4409416913986206,1.5621200430430364,,,,1.5835000276565552
2014-10-10,1.142318844795227,1.3234034341762544,,,,1.2553329467773438
2014-10-13,1.0684597492218018,1.1467173555538581,,,,1.1741670370101929
2014-10-14,1.1288211345672607,1.1253332671095677,,,,1.2404999732971191
2014-10-15,1.1436837911605835,1.0683080765956727,,,,1.2568329572677612
2014-10-16,1.1932772397994995,1.0942422163468104,,,,1.3113329410552979
2014-10-17,1.2223963737487793,1.2625871763807368,,,,1.3433330059051514
2014-10-20,1.2801799774169922,1.215723786609892,,,,1.4068330526351929
2014-10-21,1.4194055795669556,1.328257173500521,,,,1.55983304977417
2014-10-22,1.3604092597961426,1.4465536114029722,,,,1.4950000047683716
2014-10-23,1.4192543029785156,1.4084856635569127,,,,1.5596669912338257
2014-10-24,1.4650559425354004,1.4180404095445232,,,,1.6100000143051147
2014-10-27,1.480070948600769,1.4409421290666444,,,,1.6265000104904175
2014-10-28,1.5445271730422974,1.4978155742706434,,,,1.6973329782485962
2014-10-29,1.5537782907485962,1.5378538387146523,,,,1.7074999809265137
2014-10-30,1.50130295753479,1.541190782996906,,,,1.6498329639434814
2014-10-31,1.675866961479187,1.6189936603325707,,,,1.8416670560836792
2014-11-03,1.7069569826126099,1.7045309983456236,,,,1.8758330345153809
2014-11-04,1.6927014589309692,1.6916394669968084,,,,1.8601670265197754
2014-11-05,1.7425978183746338,1.7289482398533556,,,,1.9149999618530273
2014-11-06,1.698161244392395,1.7156017772925527,,,,1.8661669492721558
2014-11-07,1.6482634544372559,1.6981609027503763,,,,1.8113329410552979
2014-11-10,1.6855729818344116,1.6632787403891103,,,,1.8523329496383667
2014-11-11,1.670862078666687,1.69770628437459,,,,1.8361669778823853
2014-11-12,1.6678283214569092,1.648567757609482,,,,1.8328330516815186
2014-11-13,1.6707099676132202,1.6808716784539506,,,,1.8359999656677246
2014-11-14,1.711810827255249,1.6553924814791072,,,,1.8811670541763306
2014-11-17,1.6896674633026123,1.691032432013345,,,,1.8568329811096191
2014-11-18,1.787338376045227,1.6970991215609281,,,,1.9641669988632202
2014-11-19,1.7529102563858032,1.7914331101595269,,,,1.926332950592041
2014-11-20,1.8017462491989136,1.7143887875822796,,,,1.9800000190734863
2014-11-21,1.8558897972106934,1.8615015411166,,,,2.0394999980926514
2014-11-24,1.9132177829742432,1.8690840465027256,,,,2.1024999618530273
2014-11-25,1.912460207939148,1.9261098987493315,,,,2.1016669273376465
2014-11-26,2.0357606410980225,1.9223171470541647,,,,2.2371668815612793
2014-11-28,2.0474395751953125,2.0530513203993905,,,,2.25
2014-12-01,1.9760059118270874,2.031362266680292,,,,2.1714999675750732
2014-12-02,2.013617753982544,1.992688378066972,,,,2.2128329277038574
2014-12-03,2.1387391090393066,2.032121195917158,,,,2.3503329753875732
2014-12-04,2.1479909420013428,2.1677073265059232,,,,2.3605000972747803
2014-12-05,2.2139639854431152,2.163915418814981,,,,2.433000087738037
2014-12-08,2.1185686588287354,2.210172024857477,,,,2.328166961669922
2014-12-09,2.112804412841797,2.012404432461834,,,,2.3218328952789307
2014-12-10,1.9945085048675537,2.1147767593274542,,,,2.191833019256592
2014-12-11,2.022869348526001,2.0286320912250138,,,,2.2230000495910645
2014-12-12,1.9227724075317383,1.971607979026146,,,,2.11299991607666
2014-12-15,1.8681743144989014,1.9571996175722126,,,,2.052999973297119
2014-12-16,1.83632493019104,1.8451217807670262,,,,2.0179998874664307
2014-12-17,1.95477294921875,1.8414815482851785,,,,2.1481668949127197
2014-12-18,2.0626041889190674,2.04683074247529,,,,2.266666889190674
2014-12-19,2.0465290546417236,2.0841409270702806,,,,2.249000072479248
2014-12-22,2.137373924255371,2.0753447109494783,,,,2.3488330841064453
2014-12-23,2.125316619873047,2.1840120257827564,,,,2.3355000019073486
2014-12-24,2.1327483654022217,2.133051461404813,,,,2.3436670303344727
2014-12-26,2.1410903930664062,2.155802379953917,,,,2.3528330326080322
2014-12-29,2.1219801902770996,2.1291093499235108,,,,2.3318328857421875
2014-12-30,2.085428476333618,2.0786034993799323,,,,2.2916669845581055
2014-12-31,2.044780969619751,2.0913432000940273,-0.7989372472984537,,,2.246999979019165
2015-01-02,2.044933557510376,2.081333727267338,-1.157979862637281,,,2.2471671104431152
2015-01-05,1.9292106628417969,1.9888160145936267,-12.589054288174442,,,2.119999885559082
2015-01-06,1.7978668212890625,1.9269356194404124,-27.46084354828654,,,1.9756669998168945
2015-01-07,1.8523149490356445,1.8294128671641583,-30.820847014988118,,,2.0355000495910645
2015-01-08,2.018998384475708,1.9261778627165045,-17.8426849858779,,,2.2186670303344727
2015-01-09,2.0240020751953125,2.0437180611690375,-10.332194829638237,,,2.2241671085357666
2015-01-12,1.9023652076721191,1.9962475111418791,-17.253323129494426,,,2.0905001163482666
2015-01-13,1.8456419706344604,1.9446806046782352,-25.288579078582547,,,2.0281670093536377
2015-01-14,1.816066861152649,1.7854297527984184,-30.42192667319929,,,1.9956669807434082
2015-01-15,1.7717798948287964,1.8512533347613587,-35.928152760571756,,,1.9470000267028809
2015-01-16,1.8322951793670654,1.755399792014309,-33.23984024416923,,,2.0134999752044678
2015-01-20,1.8902322053909302,1.8473099465664098,-27.39000625870346,,,2.07716703414917
2015-01-21,1.9522637128829956,1.874762251153199,-18.84458050052337,,,2.1453330516815186
2015-01-22,1.9889681339263916,1.9580280336982443,-10.815011390865575,,,2.185667037963867
2015-01-23,1.9715253114700317,1.9666720877635036,-8.228710819382776,,,2.1665000915527344
2015-01-26,1.9921534061431885,1.9694031889950276,-3.9733502605959634,,,2.189167022705078
2015-01-27,1.87764310836792,1.9110101387160425,-12.762518024206896,,,2.063333034515381
2015-01-28,1.8495851755142212,1.9413436536575635,-19.437103390749023,,,2.0325000286102295
2015-01-29,1.8548932075500488,1.8218301355743987,-22.337872537102992,,,2.038332939147949
2015-01-30,1.7408392429351807,1.805752664174124,-32.12760585405201,,,1.9129999876022339
2015-02-02,1.7567647695541382,1.758129786669844,-31.64098280989492,,,1.9305000305175781
2015-02-03,1.8515573740005493,1.783154965643031,-22.97658322439403,,,2.0346670150756836
2015-02-04,1.8736997842788696,1.8385126639405802,-16.026044137698538,,,2.059000015258789
2015-02-05,1.9249632358551025,1.8829517894880405,-7.423547059889938,,,2.115333080291748
2015-02-06,1.8958433866500854,1.9369455529415238,-5.784451249128657,,,2.0833330154418945
2015-02-09,1.833811640739441,1.8635378283600648,-10.791375170102185,,,2.015166997909546
2015-02-10,2.019603729248047,1.9010001157969159,6.4243380616535175,,,2.2193329334259033
2015-02-11,2.0399279594421387,2.016873786561892,15.126594896354483,,,2.2416670322418213
2015-02-12,2.138359308242798,2.0776928136840755,23.328231369172524,,,2.3498330116271973
2015-02-13,2.1838595867156982,2.174001481669148,28.3310612576253,,,2.3998329639434814
2015-02-17,2.2056996822357178,2.184618563414378,31.800080554117837,,,2.423832893371582
2015-02-18,2.184011697769165,2.1991786475655903,31.834616627486774,,,2.4000000953674316
2015-02-19,2.2040321826934814,2.1693000198949015,32.92410634162901,,,2.421999931335449
2015-02-20,2.2433149814605713,2.187500597598756,35.16855654823616,,,2.4651670455932617
2015-02-23,2.1987245082855225,2.241494689330734,31.87774595075124,,,2.4161670207977295
2015-02-24,2.287752628326416,2.1908371725803755,34.76310378837779,,,2.5139999389648438
2015-02-25,2.249380111694336,2.2871453979921794,32.4836369154959,,,2.4718329906463623
2015-02-26,2.295032501220703,2.2797143273175458,33.79641554766284,,,2.5220000743865967
2015-02-27,2.278500556945801,2.300037516268801,33.19251153110428,,,2.503833055496216
2015-03-02,2.4677817821502686,2.328399894761288,37.16996879891082,,,2.7118330001831055
2015-03-03,2.3252153396606445,2.4444260651678995,29.776653533783705,,,2.5551669597625732
2015-03-04,2.321422815322876,2.3065596100664045,24.671674698571135,,,2.5510001182556152
2015-03-05,2.323546886444092,2.355700901015132,21.68131040485793,,,2.553333044052124
2015-03-06,2.253474712371826,2.2948799650960856,14.505321452720189,,,2.476332902908325
2015-03-09,2.2731926441192627,2.247712612523038,12.073087247342475,,,2.497999906539917
2015-03-10,2.1448817253112793,2.222990027734418,1.1106131150354308,,,2.3570001125335693
2015-03-11,2.1629300117492676,2.1727889870956254,-4.760953421415815,,,2.376832962036133
2015-03-12,2.1601998805999756,2.098016589336434,-9.867483553079246,,,2.373832941055298
2015-03-13,2.204789161682129,2.174153041702246,-11.831601848396549,,,2.42283296585083
2015-03-16,2.301858425140381,2.2205648690195177,-3.974269902158381,,,2.5295000076293945
2015-03-17,2.252868890762329,2.2584799634293837,-5.335992901721526,,,2.4756669998168945
2015-03-18,2.3023126125335693,2.2530203426030866,-0.9868359107336518,,,2.5299999713897705
2015-03-19,2.3191475868225098,2.302312414278049,3.27475881713971,,,2.5485000610351562
2015-03-20,2.4209165573120117,2.3726863106327762,15.576596241532961,,,2.6603329181671143
2015-03-23,2.353121042251587,2.4207652690268326,14.280967002273037,,,2.5858330726623535
2015-03-24,2.2929091453552246,2.3425045042019694,6.791018379493254,,,2.519666910171509
2015-03-25,1.9788057804107666,2.3015544633939,-17.963116751252343,,,2.174499988555908
2015-03-26,1.8972082138061523,1.8730930954322653,-27.100953702631852,,,2.0848329067230225
2015-03-27,2.052971124649048,1.8859851760272188,-24.20614768146194,,,2.25600004196167
2015-03-30,2.1385111808776855,2.0930109845325955,-17.269174373597686,,,2.3499999046325684
2015-03-31,2.063284397125244,2.0995335568346682,-17.452062647112562,,,2.2673330307006836
2015-04-01,2.0244574546813965,2.0443255350286926,-19.940616960342215,,,2.2246670722961426
2015-04-02,2.004134178161621,2.0290082339279447,-22.1420211660194,,,2.2023329734802246
2015-04-06,2.032799005508423,1.944073451316426,-21.626283766502794,,,2.233833074569702
2015-04-07,2.037956476211548,2.047814584253927,-20.76931219804175,,,2.239500045776367
2015-04-08,2.074659585952759,2.026126247200963,-17.68648645478468,,,2.2798330783843994
2015-04-09,2.1551947593688965,2.039624050283482,-10.254521637022313,,,2.368333101272583
2015-04-10,2.1793100833892822,2.1676318814486577,-4.534003915592171,,,2.3948330879211426
2015-04-13,2.136993885040283,2.179309289566743,-4.686841748376639,,,2.3483328819274902
2015-04-14,2.074659585952759,2.154891956533574,-9.361925874884001,,,2.2798330783843994
2015-04-15,2.179462194442749,2.1260749758090336,-4.135984396192388,,,2.3949999809265137
2015-04-16,2.152009963989258,2.1233447144469757,-3.5732106008745252,,,2.364833116531372
2015-04-17,2.0597963333129883,2.1046896977658847,-9.915556672952668,,,2.2634999752044678
2015-04-20,2.1101503372192383,2.092557092477469,-9.373439589800832,,,2.318833112716675
2015-04-21,2.156257390975952,2.180675614338879,-5.26406850939584,,,2.369499921798706
2015-04-22,2.2455897331237793,2.1832543432438882,4.637783459003668,,,2.4676671028137207
2015-04-23,2.140179395675659,2.122586160044521,3.870448515086111,,,2.3518331050872803
2015-04-24,2.035529851913452,2.1309291975016125,-3.4871417734897436,,,2.236833095550537
2015-04-27,2.056763172149658,2.0406862805506565,-8.665656661366459,,,2.260166883468628
2015-04-28,2.0593414306640625,2.0400793175615988,-12.594848022774244,,,2.263000011444092
2015-04-29,2.0247609615325928,2.0388661009834816,-18.55422364926054,,,2.2249999046325684
2015-04-30,1.978502869606018,2.007319126227406,-25.820074179068893,,,2.1741669178009033
2015-05-01,2.1327483654022217,1.9982186513987081,-12.690512263249165,,,2.3436670303344727
2015-05-04,2.1187949180603027,2.1413941278131565,-7.364229301897403,,,2.3283329010009766
2015-05-05,1.9848730564117432,2.099533853774151,-20.071257919548984,,,2.181166887283325
2015-05-06,1.977441430091858,2.0035285252475705,-27.180604819639104,,,2.1730000972747803
2015-05-07,2.044022798538208,1.9956406926956118,-23.518161504361938,,,2.246166944503784
2015-05-08,2.1025664806365967,2.093163560165803,-14.880833004979602,,,2.310499906539917
2015-05-11,2.103172779083252,2.0974087490479927,-10.169544090489198,,,2.311167001724243
2015-05-12,2.052818775177002,2.082242951604465,-13.42446969377562,,,2.2558329105377197
2015-05-13,2.086338758468628,2.0729918984280093,-11.2365757652943,,,2.2926669120788574
2015-05-14,2.1633849143981934,2.130624721260101,-0.6237860734425763,,,2.377332925796509
2015-05-15,2.174001693725586,2.184011890151474,6.024799265195817,,,2.3889999389648438
2015-05-18,2.2322425842285156,2.165509157157424,16.283152542690228,,,2.453000068664551
2015-05-19,2.211918592453003,2.2569638201448052,16.6427184835481,,,2.430666923522949
2015-05-20,2.223445415496826,2.2337595778855994,18.299170898902638,,,2.4433329105377197
2015-05-21,2.256812810897827,2.2173795085903487,22.47602609738701,,,2.4800000190734863
2015-05-22,2.2731926441192627,2.2634857587853467,25.431042743781063,,,2.497999906539917
2015-05-26,2.2240521907806396,2.250745254378789,20.72704789149199,,,2.444000005722046
2015-05-27,2.483705759048462,2.240431447540493,29.702635932722238,,,2.72933292388916
2015-05-28,2.4903810024261475,2.4891670992752,33.61920284062217,,,2.7366669178009033
2015-05-29,2.512221336364746,2.505547363946399,35.96327612302092,,,2.760667085647583
2015-06-01,2.523746967315674,2.554687064471915,36.83791266040793,,,2.7733330726623535
2015-06-02,2.434566020965576,2.5019062721031817,30.5560980711215,,,2.675333023071289
2015-06-03,2.386033535003662,2.480067095865728,23.213792889410342,,,2.621999979019165
2015-06-04,2.323546886444092,2.3563070933938035,13.894131165723621,,,2.553333044052124
2015-06-05,2.327185869216919,2.317479852505245,8.195317398893431,,,2.557332992553711
2015-06-08,2.199178695678711,2.327185446284721,-6.565019858900712,,,2.4166669845581055
2015-06-09,2.1876518726348877,2.1906847855582123,-15.046370579616235,,,2.4040000438690186
2015-06-10,2.2695529460906982,2.2349728680180023,-12.622513515098635,,,2.49399995803833
2015-06-11,2.2683401107788086,2.30049347005926,-12.788395631441633,,,2.4926669597625732
2015-06-12,2.2064592838287354,2.2392194804072014,-19.450220550308302,,,2.4246668815612793
2015-06-15,2.1900792121887207,2.1627790855537503,-24.277595633310376,,,2.4066669940948486
2015-06-16,2.213132381439209,2.1694522641057334,-24.530045108164224,,,2.431999921798706
2015-06-17,2.217984914779663,2.2295118920665087,-24.18226945937681,,,2.437333106994629
2015-06-18,2.3120193481445312,2.2373989346939913,-14.47390093715729,,,2.5406670570373535
2015-06-19,2.2913920879364014,2.3180853642540775,-11.309866872457029,,,2.5179998874664307
2015-06-22,2.334465503692627,2.3326456258024,-5.663233256784489,,,2.5653328895568848
2015-06-23,2.2944259643554688,2.344780271612633,-6.730135343976458,,,2.5213329792022705
2015-06-24,2.2264790534973145,2.2865393666511817,-14.609680200417252,,,2.446666955947876
2015-06-25,2.2216250896453857,2.2646992222314473,-19.035882406252178,,,2.441333055496216
2015-06-26,2.059645175933838,2.1670258330395233,-30.378391387794213,,,2.2633330821990967
2015-06-29,1.8837101459503174,1.9716776392905149,-37.77556108957971,,,2.069999933242798
2015-06-30,1.9061576128005981,1.9358838101978852,-40.6266956005041,,,2.0946669578552246
2015-07-01,1.9201102256774902,1.9771376218118095,-41.51177403455855,,,2.109999895095825
2015-07-02,1.9437702894210815,1.932243311932925,-40.41579019240194,,1.5873015873015872,2.135999917984009
2015-07-06,1.8661168813705444,1.904943108834242,-41.64598527734134,,0.0,2.0506670475006104
2015-07-07,1.841243028640747,1.863083082235687,-38.36304437121598,,3.125,2.0233330726623535
2015-07-08,1.7065621614456177,1.7666225789627126,-41.141684028050015,,1.550387596899225,1.8753329515457153
2015-07-09,1.625268816947937,1.7896767165043905,-43.64296163020679,,0.0,1.7860000133514404
2015-07-10,1.7174828052520752,1.6986766356312288,-41.78609867336839,,0.7633587786259541,1.8873330354690552
2015-07-13,1.7587366104125977,1.7684427351460852,-39.09377990361822,,5.303030303030303,1.9326670169830322
2015-07-14,1.819402813911438,1.7775425858380223,-34.50567156494191,,8.270676691729323,1.9993330240249634
2015-07-15,1.7823965549468994,1.8303228251674595,-33.829803484117214,,8.955223880597014,1.9586670398712158
2015-07-16,1.7939231395721436,1.826077143711742,-32.44820816302031,,10.37037037037037,1.9713330268859863
2015-07-17,1.7787567377090454,1.776329799641899,-32.78139874077353,,10.294117647058822,1.9546669721603394
2015-07-20,1.742356538772583,1.7975628698836918,-34.377293774166205,,8.75912408759124,1.914667010307312
2015-07-21,1.7472095489501953,1.730829452987725,-34.990803517545736,,7.971014492753622,1.9199999570846558
2015-07-22,1.61798894405365,1.6325490540703473,-38.43612054227029,,5.755395683453238,1.777999997138977
2015-07-23,1.6889692544937134,1.6458959853374502,-36.807256997391,,7.857142857142857,1.8559999465942383
2015-07-24,1.5870486497879028,1.7241564352780596,-39.75424590121244,,4.964539007092199,1.74399995803833
2015-07-27,1.5494352579116821,1.563388413933487,-40.70196829782809,,3.5211267605633805,1.702666997909546
2015-07-28,1.6458956003189087,1.574915271948539,-34.508441725435105,,11.188811188811188,1.8086669445037842
2015-07-29,1.6543889045715332,1.6458958154825336,-30.24484858644019,,19.444444444444446,1.8179999589920044
2015-07-30,1.6731963157653809,1.6404361212564467,-26.427010283642556,,22.758620689655174,1.8386670351028442
2015-07-31,1.6143487691879272,1.676229066309616,-28.136949014198414,,19.863013698630137,1.7740000486373901
2015-08-03,1.5985757112503052,1.6034287193051073,-30.00130246357664,,19.727891156462583,1.7566670179367065
2015-08-04,1.5451881885528564,1.5834084424621433,-33.93723555831306,,12.837837837837837,1.6979999542236328
2015-08-05,1.602821946144104,1.563388756248459,-29.86162095037929,,20.80536912751678,1.7613329887390137
2015-08-06,1.5191013813018799,1.6076758340789123,-33.99790119249717,,12.666666666666668,1.6693329811096191
2015-08-07,1.5439757108688354,1.5166755816418307,-33.94701724902293,,13.245033112582782,1.696666955947876
2015-08-10,1.6598492860794067,1.5773418460202482,-22.049099231427324,,32.89473684210527,1.8240000009536743
2015-08-11,1.5470082759857178,1.6270886474690494,-26.155067237954537,,26.143790849673206,1.7000000476837158
2015-08-12,1.5730955600738525,1.500901207957341,-24.7462897197644,,27.92207792207792,1.7286670207977295
2015-08-13,1.525168538093567,1.5730957962176944,-27.622261988334152,,22.58064516129032,1.6759999990463257
2015-08-14,1.498475193977356,1.5124282434130827,-31.28350385075726,,17.94871794871795,1.6466670036315918
2015-08-17,1.5433683395385742,1.4760279740041629,-28.986102941071106,,22.29299363057325,1.6959999799728394
2015-08-18,1.4481213092803955,1.5403357526303483,-34.973255369592835,,10.126582278481013,1.591333031654358
2015-08-19,1.4074745178222656,1.4523677676271294,-37.2600578501342,,8.176100628930817,1.5466669797897339
2015-08-20,1.250954031944275,1.371074678049984,-41.26645080953934,,2.5,1.3746670484542847
2015-08-21,1.1623793840408325,1.203633532047057,-42.889713348566936,,0.6211180124223602,1.2773330211639404
2015-08-24,1.0731987953186035,0.9294180263926461,-40.079064413133096,,6.172839506172839,1.179332971572876
2015-08-25,1.0380125045776367,1.1890733229053287,-39.68964549653736,,7.361963190184049,1.1406669616699219
2015-08-26,1.1921064853668213,1.1393262245620104,-33.341141902189406,,17.682926829268293,1.309999942779541
2015-08-27,1.326180338859558,1.2558069436390598,-22.411805752049546,,36.36363636363637,1.457332968711853
2015-08-28,1.351660132408142,1.2976668476625866,-14.666458222347423,,49.39759036144578,1.48533296585083
2015-08-31,1.3352802991867065,1.316474133347041,-11.096463129703299,,56.886227544910184,1.4673329591751099
2015-09-01,1.1975666284561157,1.2254738138266401,-16.26384689900783,,47.023809523809526,1.315999984741211
2015-09-02,1.2818939685821533,1.2570199151189076,-14.065222187767269,,50.887573964497044,1.408666968345642
2015-09-03,1.3116203546524048,1.3067672376895356,-10.754986078507919,,58.82352941176471,1.4413330554962158
2015-09-04,1.2418534755706787,1.247919517088778,-13.066704819033436,,51.461988304093566,1.3646670579910278
2015-09-08,1.4044404029846191,1.3286069634577578,-3.3629787978755035,,73.83720930232558,1.5433330535888672
2015-09-09,1.3304271697998047,1.4456947806721876,-1.8590053687675492,,73.98843930635837,1.4620000123977661
2015-09-10,1.3492342233657837,1.3286072047009845,1.165357093365827,,77.01149425287356,1.4826669692993164
2015-09-11,1.3486276865005493,1.3085874312076877,2.6850845512791452,,77.14285714285715,1.4819999933242798
2015-09-14,1.3619743585586548,1.3668273663639792,6.097687063384179,,79.54545454545455,1.4966670274734497
2015-09-15,1.4086875915527344,1.37410741598883,11.339773790886566,,81.35593220338984,1.5479999780654907
2015-09-16,1.4202146530151367,1.4074745314656298,15.208965455417209,,84.26966292134831,1.5606670379638672
2015-09-17,1.3819944858551025,1.4202147444841637,16.03621364929233,,84.91620111731844,1.5186669826507568
2015-09-18,1.3128341436386108,1.3249672061946562,10.52130523686631,,80.0,1.442667007446289
2015-09-21,1.2994868755340576,1.3346741077020716,6.314000473096688,,77.90055248618785,1.4279999732971191
2015-09-22,1.214553713798523,1.230326859701756,-1.870599113615203,,70.32967032967034,1.3346669673919678
2015-09-23,1.1866464614868164,1.218193616500674,-11.83214860126099,,51.91256830601093,1.3040000200271606
2015-09-24,1.181793451309204,1.1557063617828303,-18.930817113244508,,38.58695652173913,1.2986669540405273
2015-09-25,1.1999934911727905,1.2309335851417793,-21.182072966410296,,35.13513513513514,1.3186670541763306
2015-09-28,1.0998929738998413,1.1745133943841388,-31.290979517568985,,18.817204301075268,1.2086670398712158
2015-09-29,1.1241589784622192,1.1144528552189532,-33.69644810519329,,15.508021390374333,1.23533296585083
2015-09-30,1.2497398853302002,1.1751194591520293,-21.867615318617446,,35.1063829787234,1.3733329772949219
2015-10-01,1.208486795425415,1.2473140137042105,-19.945595539979944,,37.56613756613756,1.3279999494552612
2015-10-02,1.286139965057373,1.167233252850007,-10.066595780356353,,58.94736842105262,1.4133330583572388
2015-10-05,1.357727289199829,1.32132712809732,2.985430567229478,,75.91623036649214,1.4919999837875366
2015-10-06,1.3716806173324585,1.3716806173324585,11.093536917884004,,81.25,1.5073330402374268
2015-10-07,1.4335609674453735,1.4038347720140882,21.312354689609116,,88.08290155440415,1.5753329992294312
2015-10-08,1.4602549076080322,1.4177877237898493,29.369545816760283,,91.75257731958763,1.6046669483184814
2015-10-09,1.4214277267456055,1.4523678213163145,28.97198463620425,,91.28205128205128,1.562000036239624
2015-10-12,1.4274948835372925,1.4214278637909659,29.435618574218964,,91.83673469387756,1.5686670541763306
2015-10-13,1.3698606491088867,1.3935208023704635,23.490609218520156,,88.83248730964468,1.5053329467773438
2015-10-14,1.5245614051818848,1.3953406250556966,29.514780341015246,,91.91919191919192,1.675333023071289
2015-10-15,1.570061445236206,1.5585353351105438,33.863589515336976,,97.48743718592965,1.7253329753875732
2015-10-16,1.5761288404464722,1.5773418756859547,36.436839416889214,,99.0,1.7319999933242798
2015-10-19,1.5755215883255005,1.5536814256472866,37.45787144092967,,100.0,1.7313330173492432
2015-10-20,1.5682415962219238,1.5664216097135717,37.1173738984086,,99.00990099009901,1.7233330011367798
2015-10-21,1.576735496520996,1.6198087621140387,35.52494178235808,,97.04433497536947,1.7326669692993164
2015-10-22,1.7368963956832886,1.6446819757597235,39.19918010317674,,100.0,1.908666968345642
2015-10-23,1.8048429489135742,1.791496850758953,41.349839884748604,,100.0,1.9833329916000366
2015-10-26,1.6968562602996826,1.7805766145278092,37.64024749570085,,99.02912621359224,1.8646670579910278
2015-10-27,1.661669135093689,1.6622760865759547,33.08816199211727,,92.27053140096618,1.8259999752044678
2015-10-28,1.7478164434432983,1.6932160925767554,34.8007031958261,,94.71153846153845,1.920667052268982
2015-10-29,1.594328761100769,1.6428620986002271,24.998248726338677,,84.688995215311,1.7519999742507935
2015-10-30,1.6349761486053467,1.604642022683208,21.72982251818983,,81.9047619047619,1.7966669797897339
2015-11-02,1.6762288808822632,1.6507487485942196,21.82124213393854,,81.99052132701422,1.8420000076293945
2015-11-03,1.7011021375656128,1.671375839564226,23.34762669603957,,83.49056603773585,1.869333028793335
2015-11-04,1.7193024158477783,1.7065622934252278,24.963272827639894,,84.50704225352112,1.8893330097198486
2015-11-05,1.611921787261963,1.6992823314604133,15.513054482997537,,76.63551401869158,1.7713329792022705
2015-11-06,1.7332563400268555,1.6374018432461772,21.01858415831785,,79.53488372093022,1.9046670198440552
2015-11-09,1.6841157674789429,1.7205159229158231,18.825878555168625,,78.70370370370371,1.8506669998168945
2015-11-10,1.5925086736679077,1.630728932171142,9.276580101589575,,71.42857142857143,1.75
2015-11-11,1.5961483716964722,1.603428424846974,4.15634433827134,,67.88990825688074,1.753999948501587
2015-11-12,1.5373018980026245,1.579162143887621,-12.160781767349942,,46.118721461187214,1.6893329620361328
2015-11-13,1.4942278861999512,1.53305509054058,-21.99392614636061,,30.0,1.6419999599456787
2015-11-16,1.5500409603118896,1.4918006534878654,-20.272236238553944,,32.126696832579185,1.7033330202102661
2015-11-17,1.5803757905960083,1.5518616533372005,-16.119253048992537,,39.63963963963964,1.7366670370101929
2015-11-18,1.6270887851715088,1.5821955339967038,-8.245673542771218,,54.7085201793722,1.7879999876022339
2015-11-19,1.6386157274246216,1.6355817299665056,-2.517674432197982,,62.94642857142857,1.8006670475006104
2015-11-20,1.6556018590927124,1.6592419402071497,2.4474527126158474,,66.66666666666666,1.8193329572677612
2015-11-23,1.5894755125045776,1.6586358605493872,-2.691529409680696,,62.38938053097345,1.7466670274734497
2015-11-24,1.6507489681243896,1.5773415825538866,4.999114284156512,,69.60352422907489,1.8140000104904175
2015-11-25,1.6549960374832153,1.6586360104541127,9.60051205186898,,72.80701754385966,1.8186670541763306
2015-11-27,1.692002296447754,1.6701621330277605,17.53131936990159,,79.03930131004367,1.8593330383300781
2015-11-30,1.7435696125030518,1.698069405251098,27.31157736339026,,86.52173913043478,1.9160000085830688
2015-12-01,1.8115170001983643,1.7538827514108892,34.01700183962378,,94.37229437229438,1.9906669855117798
2015-12-02,1.786036729812622,1.8212229913083786,33.05544381804694,,91.8103448275862,1.9626669883728027
2015-12-03,1.7526695728302002,1.8485230996793722,28.29282927898815,,85.83690987124464,1.9259999990463257
2015-12-04,1.8497371673583984,1.7666228877865724,34.09192075386792,,94.44444444444444,2.0326669216156006
2015-12-07,1.7969567775726318,1.8394230941225662,31.879835637850423,,90.2127659574468,1.974666953086853
2015-12-08,1.7532764673233032,1.7229423473252048,25.921309995783698,,84.32203389830508,1.9266669750213623
2015-12-09,1.683509111404419,1.7387163055492412,14.585993436054013,,73.41772151898735,1.850000023841858
2015-12-10,1.7126294374465942,1.684722361110117,11.876070702199044,,71.42857142857143,1.8819999694824219
2015-12-11,1.611921787261963,1.662882059510624,-1.36974190101242,,60.66945606694561,1.7713329792022705
2015-12-14,1.580981731414795,1.6094957576162494,-11.863632827478519,,43.75,1.737333059310913
2015-12-15,1.6537821292877197,1.6143489416681487,-9.012975137604641,,50.62240663900415,1.8173329830169678
2015-12-16,1.692002296447754,1.6701621330277605,-4.318046993493666,,56.611570247933884,1.8593330383300781
2015-12-17,1.6173819303512573,1.7199094310559595,-11.343037846662899,,44.44444444444444,1.7773330211639404
2015-12-18,1.5603556632995605,1.5834088649306692,-21.97260463426978,,27.459016393442624,1.7146669626235962
2015-12-21,1.647108793258667,1.5997886059630197,-16.472822050914232,,35.91836734693877,1.809999942779541
2015-12-22,1.6531763076782227,1.6671294681613402,-12.739798282086634,,41.46341463414634,1.8166669607162476
2015-12-23,1.6889692544937134,1.6671291984158763,-5.9586840326919415,,54.25101214574899,1.8559999465942383
2015-12-24,1.7065621614456177,1.681082027052107,0.0801675894799449,,63.70967741935484,1.8753329515457153
2015-12-28,1.686542272567749,1.686542272567749,0.4865161737470325,,63.85542168674698,1.8533329963684082
2015-12-29,1.7478164434432983,1.7199092623589685,8.632622204986687,,70.39999999999999,1.920667052268982
2015-12-30,1.6938223838806152,1.7381095563274387,5.568326761145256,,67.72908366533864,1.8613330125808716
2015-12-31,1.624056100845337,1.6719823833636074,-5.4826209768739265,,54.36507936507936,1.7846670150756836
2016-01-04,1.5688481330871582,1.5312349438795558,-16.403437618991422,,35.177865612648226,1.7239999771118164
2016-01-05,1.520315408706665,1.5870487212807995,-26.158075794664043,,20.47244094488189,1.670667052268982
2016-01-06,1.3977679014205933,1.4463012454395512,-33.1275848138102,,12.549019607843137,1.5360000133514404
2016-01-07,1.254593849182129,1.291600097756209,-38.83065566672164,,5.46875,1.3786669969558716
2016-01-08,1.1927136182785034,1.2812870979385587,-41.986520036122215,,0.7782101167315175,1.3106670379638672
2016-01-11,1.2109137773513794,1.2133398478173711,-41.97615883861535,,1.1627906976744187,1.3306670188903809
2016-01-12,1.2412465810775757,1.25398670191143,-40.42162655586885,,4.247104247104247,1.3639999628067017
2016-01-13,1.123552918434143,1.2436736405915667,-42.75026951576092,,0.7692307692307693,1.2346669435501099
2016-01-14,1.1927136182785034,1.1381132591035248,-39.98835654202361,,5.747126436781609,1.3106670379638672
2016-01-15,1.0319454669952393,1.0489326205245388,-41.267601360500336,,3.0534351145038165,1.1339999437332153
2016-01-19,1.035585641860962,1.085938962334673,-41.76985227573122,,2.2813688212927756,1.1380000114440918
2016-01-20,1.0556058883666992,0.994938613955862,-40.85023877399063,,4.545454545454546,1.159999966621399
2016-01-21,1.0992858409881592,1.0847258419315795,-38.33528930917622,,9.433962264150944,1.2079999446868896
2016-01-22,1.1635934114456177,1.1611664732539855,-33.57995676872008,,15.037593984962406,1.2786669731140137
2016-01-25,1.1138460636138916,1.1508532876717723,-33.24686391846481,,15.730337078651685,1.2239999771118164
2016-01-26,1.1466064453125,1.1314393822965318,-30.86131609473213,,19.029850746268657,1.2599999904632568
2016-01-27,1.1059588193893433,1.1265859434516035,-31.893399776453744,,17.843866171003718,1.2153329849243164
2016-01-28,1.0962527990341187,1.1332590422401367,-32.787923356754455,,16.666666666666664,1.2046669721603394
2016-01-29,1.2442798614501953,1.1144530015178769,-22.809240985036553,,29.15129151291513,1.3673330545425415
2016-02-01,1.2630870342254639,1.2181937761111852,-15.092262665321165,,40.80882352941176,1.3880000114440918
2016-02-02,1.138113021850586,1.2218334755802742,-18.989001702924828,,35.53113553113553,1.2506669759750366
2016-02-03,1.1472134590148926,1.177546718841579,-20.265918037348293,,33.21167883211679,1.2606669664382935
2016-02-04,1.2036335468292236,1.1526732736850969,-13.517625565299463,,43.63636363636363,1.3226670026779175
2016-02-05,1.0816929340362549,1.1927135215628932,-17.979581758002176,,36.95652173913043,1.1886670589447021
2016-02-08,0.9979726672172546,1.0276988663535354,-25.909277475514397,,25.27075812274368,1.0966670513153076
2016-02-09,0.9785584211349487,0.9609652896913231,-31.515365091865217,,18.345323741007196,1.0753329992294312
2016-02-10,0.957325279712677,1.0131385614583375,-36.26107431738341,,10.39426523297491,1.0520000457763672
2016-02-11,0.9354851245880127,0.9100049875404259,-37.372285458020656,,9.642857142857144,1.027999997138977
2016-02-12,0.9973657131195068,0.9828057081077392,-31.68557109552378,,18.505338078291814,1.0959999561309814
2016-02-16,1.1029260158538818,1.0416526677228515,-18.055978588301343,,37.94326241134752,1.2120000123977661
2016-02-17,1.181793451309204,1.1259792990284923,-1.4623632436521765,,65.01766784452296,1.2986669540405273
2016-02-18,1.162986397743225,1.2103066998209437,5.059300921789179,,71.12676056338029,1.277999997138977
2016-02-19,1.1787594556808472,1.159953290631647,10.605370310097289,,75.08771929824562,1.2953330278396606
2016-02-22,1.2345739603042603,1.221226884066807,19.570231225694986,,81.46853146853147,1.3566670417785645
2016-02-23,1.1745134592056274,1.2072735424272374,17.395270392106664,,80.13937282229965,1.2906670570373535
2016-02-24,1.2236533164978027,1.1344729145196917,21.735378725226358,,83.33333333333334,1.3446669578552246
2016-02-25,1.270973801612854,1.2412466347529683,28.72258041951473,,88.23529411764706,1.3966670036315918
2016-02-26,1.2903870344161987,1.2994870754558918,32.622088279585796,,92.41379310344827,1.4179999828338623
2016-02-29,1.2837140560150146,1.3104073387542068,31.957106968962083,,91.75257731958763,1.4106669425964355
2016-03-01,1.3904876708984375,1.3316403884620935,37.018918153838065,,97.94520547945206,1.527999997138977
2016-03-02,1.4141474962234497,1.3929142878197005,40.262103350913,,99.65870307167235,1.5540000200271606
2016-03-03,1.4171810150146484,1.4135410413516043,41.61795095864666,,100.0,1.557332992553711
2016-03-04,1.462075114250183,1.4481210876713815,41.49066525231927,,99.66101694915255,1.6066670417785645
2016-03-07,1.4784550666809082,1.4281007694402936,41.98368506450856,,100.0,1.6246670484542847
2016-03-08,1.3777477741241455,1.4426611055938694,36.13491568871208,,95.62289562289563,1.5140000581741333
2016-03-09,1.4117203950881958,1.3971603976372706,35.165057440213154,,94.29530201342283,1.551332950592041
2016-03-10,1.4305280447006226,1.4341680182449486,35.5753007056705,,94.98327759197325,1.5720000267028809
2016-03-11,1.5154613256454468,1.4723880588031732,39.45823694901725,,98.33333333333333,1.6653330326080322
2016-03-14,1.4978681802749634,1.5051482346643872,40.336084702782415,,98.67109634551495,1.6460000276565552
2016-03-15,1.4893748760223389,1.4827009061890337,39.71959385935457,,98.01324503311258,1.636667013168335
2016-03-16,1.5306280851364136,1.4778477277833821,41.236956265356426,,98.67986798679867,1.6820000410079956
2016-03-17,1.563995599746704,1.523348401142348,42.050031975086895,,100.0,1.7186670303344727
2016-03-18,1.6264820098876953,1.5737017474674446,43.03921368679147,,100.0,1.7873330116271973
2016-03-21,1.634368896484375,1.6076757254126972,43.69827899297583,,100.0,1.7960000038146973
2016-03-22,1.6301218271255493,1.615561827200661,43.27626962715213,,99.6742671009772,1.7913329601287842
2016-03-23,1.564602017402649,1.6216292158679386,38.76982734623751,,95.45454545454545,1.7193330526351929
2016-03-24,1.5609616041183472,1.5294154231680597,35.45024136345795,,91.58576051779936,1.7153329849243164
2016-03-28,1.5591413974761963,1.5864415177829343,32.54119509558066,,86.7741935483871,1.713333010673523
2016-03-29,1.6185957193374634,1.543368347799471,35.98267296883423,,92.60450160771704,1.7786669731140137
2016-03-30,1.6671291589736938,1.6489290765124036,38.00443688131962,,95.1923076923077,1.8320000171661377
2016-03-31,1.6386157274246216,1.6519618231511528,36.30658620653271,,92.65175718849841,1.8006670475006104
2016-04-01,1.6707689762115479,1.6149556989505456,37.967088041141096,,94.90445859872611,1.8359999656677246
2016-04-04,1.6246620416641235,1.6707692011908377,33.862163146570644,,87.93650793650794,1.7853330373764038
2016-04-05,1.5955419540405273,1.5852288764442573,28.10220027062535,,80.0632911392405,1.7533329725265503
2016-04-06,1.6440759897232056,1.5937217981418719,30.06472035715199,,82.96529968454259,1.8066669702529907
2016-04-07,1.5670286417007446,1.618595868923338,21.474366570933093,,74.84276729559748,1.722000002861023
2016-04-08,1.590688705444336,1.6131358203584716,19.64814335269832,,73.66771159874608,1.7480000257492065
2016-04-11,1.5882614850997925,1.6161686649444293,15.68872186651999,,70.9375,1.745332956314087
2016-04-12,1.5834085941314697,1.594328621231102,12.829691981451068,,68.22429906542055,1.7400000095367432
2016-04-13,1.6913962364196777,1.6149558261059465,26.110402414984723,,79.5031055900621,1.858667016029358
2016-04-14,1.6501420736312866,1.6458959085303766,26.882447025518,,79.56656346749226,1.8133330345153809
2016-04-15,1.6058557033538818,1.653781976540412,17.63474278189498,,72.22222222222221,1.76466703414917
2016-04-18,1.6082819700241089,1.5773417629913653,13.103842509981956,,67.6923076923077,1.7673330307006836
2016-04-19,1.5470082759857178,1.615561670099762,-1.6912281534594489,,56.44171779141104,1.7000000476837158
2016-04-20,1.5925086736679077,1.5379084283559092,-0.5383146773315479,,58.40978593272171,1.75
2016-04-21,1.564602017402649,1.5937221343161605,-6.0050183776735695,,50.0,1.7193330526351929
2016-04-22,1.5730955600738525,1.5682415757350328,-6.64479987952981,,49.544072948328264,1.7286670207977295
2016-04-25,1.5445817708969116,1.5555018007238544,-13.51884518745149,,38.484848484848484,1.6973329782485962
2016-04-26,1.606462001800537,1.579768719269071,-4.611462625783833,,52.87009063444109,1.7653330564498901
2016-04-27,1.658029317855835,1.5603556820651734,9.867812326009446,,65.96385542168674,1.8220000267028809
2016-04-28,1.5245614051818848,1.6234489316456848,-9.01314254776123,,47.147147147147145,1.675333023071289
2016-04-29,1.4074745178222656,1.5112150416581929,-20.270941187256593,,28.74251497005988,1.5466669797897339
2016-05-02,1.4365947246551514,1.4129345767798245,-22.99516741196716,,24.776119402985074,1.5786670446395874
2016-05-03,1.3886674642562866,1.3983744557457993,-28.751441634634737,,19.345238095238095,1.5260000228881836
2016-05-04,1.33892023563385,1.35287425968792,-33.88086125788532,,11.869436201780417,1.4713330268859863
2016-05-05,1.3492342233657837,1.377747488117101,-35.23498090692292,,9.467455621301776,1.4826669692993164
2016-05-06,1.3546942472457886,1.33649416697181,-33.94161022182899,,11.799410029498524,1.4886670112609863
2016-05-09,1.3486276865005493,1.3601547767586215,-33.82509787685872,,12.941176470588237,1.4819999933242798
2016-05-10,1.398980736732483,1.3625805711995844,-28.252756162836317,,20.527859237536656,1.5373330116271973
2016-05-11,1.3862404823303223,1.3904875150460208,-26.3909038798813,,22.807017543859647,1.523332953453064
2016-05-12,1.3128341436386108,1.4020146756098575,-31.216568199651938,,17.784256559766764,1.442667007446289
2016-05-13,1.328607439994812,1.3176873027588247,-31.57628422042787,,16.86046511627907,1.4600000381469727
2016-05-16,1.3904876708984375,1.3371004567789762,-25.073630178284507,,24.92753623188406,1.527999997138977
2016-05-17,1.3631876707077026,1.3892747625860808,-24.05751157206133,,26.589595375722542,1.4980000257492065
2016-05-18,1.4293147325515747,1.337100315437036,-16.092666153401236,,38.04034582132565,1.570667028427124
2016-05-19,1.4014075994491577,1.4123277353067982,-15.00880339378077,,39.08045977011494,1.5399999618530273
2016-05-20,1.5318409204483032,1.4705675917164387,0.7262934411430267,,61.31805157593123,1.6833330392837524
2016-05-23,1.5652083158493042,1.5755213902229503,12.337871051294796,,69.42857142857143,1.7200000286102295
2016-05-24,1.6786558628082275,1.6016085125570099,26.800674651370997,,80.91168091168092,1.8446669578552246
2016-05-25,1.7083823680877686,1.7047422866613013,34.10059018308907,,90.05681818181817,1.8773330450057983
2016-05-26,1.7253694534301758,1.7277963913976575,38.134761207677414,,95.75070821529745,1.8960000276565552
2016-05-27,1.7569162845611572,1.7253691342884716,40.485684253556954,,97.45762711864407,1.9306670427322388
2016-05-31,1.785429835319519,1.7714766771751336,41.986736266821936,,98.87323943661971,1.9620000123977661
2016-06-01,1.8163697719573975,1.7860365221046959,43.09975252115129,,99.43820224719101,1.996000051498413
2016-06-02,1.8151569366455078,1.7969567460741265,43.56843191206413,,99.71988795518207,1.9946670532226562
2016-06-03,1.8321433067321777,1.8600502757481874,42.782917640906135,,98.60335195530726,2.0133330821990967
2016-06-06,1.8181898593902588,1.8430629347261909,41.45461135833542,,96.93593314763231,1.9980000257492065
2016-06-07,1.871577262878418,1.841849985053028,42.64855395132424,,98.33333333333333,2.0566670894622803
2016-06-08,1.8667230606079102,1.8697570583070435,42.975333717670885,,98.61495844875347,2.051332950592041
2016-06-09,1.874003529548645,1.8254701895687986,43.39922395267383,,99.4475138121547,2.059333086013794
2016-06-10,1.779969573020935,1.8145497482405026,36.871364445537594,,91.18457300275482,1.9559999704360962
2016-06-13,1.7557023763656616,1.7478163477021718,30.918409734785918,,82.14285714285714,1.929332971572876
2016-06-14,1.7508496046066284,1.7296163922788474,27.112273191995722,,78.35616438356165,1.9240000247955322
2016-06-15,1.7514564990997314,1.7781496701452315,25.08101191465824,,76.775956284153,1.9246670007705688
2016-06-16,1.7496364116668701,1.6883620909842585,23.684358528820944,,75.74931880108991,1.9226670265197754
2016-06-17,1.7059564590454102,1.7405366392150714,17.33483790935108,,70.1086956521739,1.8746670484542847
2016-06-20,1.76358962059021,1.7884628060006809,18.946226236240534,,71.54471544715447,1.937999963760376
2016-06-21,1.7817895412445068,1.7902826301480683,19.854691689457145,,72.16216216216216,1.9579999446868896
2016-06-22,1.773902416229248,1.779969434801834,18.078728894234285,,70.61994609164421,1.9493329524993896
2016-06-23,1.9122235774993896,1.84791730876158,30.092739205223136,,81.98924731182797,2.101332902908325
2016-06-24,1.5894755125045776,1.6531757931054682,0.6831339301824763,,57.37265415549599,1.7466670274734497
2016-06-27,1.4001946449279785,1.533055401494017,-19.5454308622093,,30.213903743315505,1.5386669635772705
2016-06-28,1.5124285221099854,1.4669283075025152,-20.77083600344291,,28.26666666666667,1.6619999408721924
2016-06-29,1.6034282445907593,1.5682411261038305,-15.092419740647012,,36.17021276595745,1.7619999647140503
2016-06-30,1.6907891035079956,1.6131356664618162,-5.402313640955829,,50.397877984084886,1.8580000400543213
2016-07-01,1.6361888647079468,1.642255883974868,-4.553740216639655,,51.85185185185185,1.7979999780654907
2016-07-05,1.553681492805481,1.602215695988718,-9.967408070404247,,45.11873350923483,1.707332968711853
2016-07-06,1.5603556632995605,1.5221355076738043,-12.08512411707383,,41.31578947368421,1.7146669626235962
2016-07-07,1.6173819303512573,1.5706685803276583,-9.143644407920986,,46.45669291338583,1.7773330211639404
2016-07-08,1.7532764673233032,1.6647020215418404,2.8913326737375806,,59.68586387434554,1.9266669750213623
2016-07-11,1.8109099864959717,1.790889916977317,13.478918919581076,,66.84073107049609,1.9900000095367432
2016-07-12,1.8849232196807861,1.8576230972321555,23.727075305545757,,76.5625,2.0713329315185547
2016-07-13,1.8897771835327148,1.9049432663055028,28.864982278754447,,80.51948051948052,2.076667070388794
2016-07-14,1.9310306310653687,1.9419507676631245,32.89202651612032,,85.23316062176166,2.121999979019165
2016-07-15,1.9267836809158325,1.9334576524718734,34.732957302320926,,88.11369509043928,2.117332935333252
2016-07-18,2.013538122177124,1.9850240938603059,37.59345252142836,,92.78350515463917,2.2126669883728027
2016-07-19,1.9898779392242432,2.000798075964225,37.43207360530551,,92.2879177377892,2.186666965484619
2016-07-20,2.085731267929077,2.012323885935228,39.371703139737434,,94.35897435897435,2.2920000553131104
2016-07-21,2.0420517921447754,2.08815907248615,38.03362644143376,,93.35038363171356,2.24399995803833
2016-07-22,2.074204444885254,2.0287040232040328,38.64030583071046,,93.62244897959184,2.2793331146240234
2016-07-25,2.107571601867676,2.079664417476492,39.76854332715449,,94.91094147582697,2.315999984741211
2016-07-26,2.364799737930298,2.1682388136455626,41.80187312040189,,96.95431472081218,2.5986669063568115
2016-07-27,2.3502397537231445,2.4175800094668216,41.61853331075232,,96.70886075949367,2.582667112350464
2016-07-28,2.313232898712158,2.3053458920147736,40.03296149880267,,94.44444444444444,2.5420000553131104
2016-07-29,2.278045892715454,2.3156599652812893,37.73758881172305,,91.43576826196474,2.50333309173584
2016-08-01,2.2901792526245117,2.3083795506412272,36.8629935393387,,89.19597989949749,2.516666889190674
2016-08-02,2.1803719997406006,2.276225642680445,30.067751384694642,,79.69924812030075,2.3959999084472656
2016-08-03,2.1955385208129883,2.142151321240275,27.114018359992322,,76.25,2.4126670360565186
2016-08-04,2.2525646686553955,2.211918351041165,27.722906808683963,,76.55860349127181,2.4753329753875732
2016-08-05,2.3387129306793213,2.2950328164794214,31.719179667964838,,80.59701492537313,2.569999933242798
2016-08-08,2.329005718231201,2.3605528727561436,32.650517383096066,,82.6302729528536,2.559333086013794
2016-08-09,2.389066457748413,2.3435662466329137,36.02502127506305,,88.11881188118812,2.625333070755005
2016-08-10,2.333859443664551,2.3981659157246287,33.620324189884144,,83.9506172839506,2.564666986465454
2016-08-11,2.3672261238098145,2.3508461350015644,34.18863508087264,,85.4679802955665,2.601332902908325
2016-08-12,2.3975605964660645,2.366013432488404,36.26822100784461,,88.45208845208845,2.634666919708252
2016-08-15,2.4970545768737793,2.420007185594926,38.871827034597054,,93.13725490196079,2.74399995803833
2016-08-16,2.443666458129883,2.4934136976059493,36.50658077205559,,88.75305623471883,2.685333013534546
2016-08-17,2.442453622817993,2.4515536648434297,35.053802874226115,,85.60975609756098,2.684000015258789
2016-08-18,2.4964470863342285,2.4303205033735256,37.56841404500802,,90.75425790754258,2.743333101272583
2016-08-19,2.5613608360290527,2.504940497345941,39.74523092800256,,94.1747572815534,2.814666986465454
2016-08-22,2.564393997192383,2.553473861519974,40.6154086768175,,95.39951573849879,2.818000078201294
2016-08-23,2.6056480407714844,2.600187971106562,40.952006437741986,,95.41062801932367,2.863332986831665
2016-08-24,2.538306713104248,2.6056469659618626,35.67964042533004,,86.02409638554217,2.7893331050872803
2016-08-25,2.569247245788574,2.5674271506853135,35.09909964213219,,84.61538461538461,2.8233330249786377
2016-08-26,2.605041265487671,2.585627063639136,36.03655432862728,,86.810551558753,2.8626670837402344
2016-08-29,2.6317338943481445,2.6202069173042744,37.665816128393494,,90.66985645933015,2.8919999599456787
2016-08-30,2.6086812019348145,2.636587299643498,36.22110553463271,,86.87350835322196,2.8666670322418213
2016-08-31,2.6105010509490967,2.6135341809084833,35.52735592758233,,85.0,2.868666887283325
2016-09-01,2.6790547370910645,2.615354447557885,39.24500953463818,,92.87410926365796,2.944000005722046
2016-09-02,2.664494276046753,2.709994476854245,38.078787938281,,91.4691943127962,2.927999973297119
2016-09-06,2.64204740524292,2.708781690094388,34.630026592296524,,82.26950354609929,2.9033329486846924
2016-09-07,2.5838074684143066,2.649327857519716,25.66193010464618,,70.75471698113208,2.8393330574035645
2016-09-08,2.5722808837890625,2.5601468458118837,19.388309267118803,,65.17647058823529,2.826667070388794
2016-09-09,2.2889657020568848,2.5146470890059534,-9.888173002600277,,40.845070422535215,2.5153329372406006
2016-09-12,2.426072359085083,2.239218374486022,-12.107801619721718,,36.768149882903984,2.6659998893737793
2016-09-13,2.355699300765991,2.3848195131534724,-18.441354656298945,,28.504672897196258,2.5886669158935547
2016-09-14,2.4230403900146484,2.362980072069243,-16.37265124562116,,31.002331002331,2.6626670360565186
2016-09-15,2.5904815196990967,2.4351737411127043,-2.084586736679431,,49.76744186046512,2.8466670513153076
2016-09-16,2.5916941165924072,2.6572144966314264,5.676336973532076,,56.148491879350345,2.8480000495910645
2016-09-19,2.6044342517852783,2.651147492631436,10.737083349693862,,59.02777777777778,2.861999988555908
2016-09-20,2.571673631668091,2.640227133430302,10.019505918603492,,58.429561200923786,2.8259999752044678
2016-09-21,2.67238187789917,2.6050416090622024,17.859750516630555,,64.74654377880185,2.936666965484619
2016-09-22,2.7033212184906006,2.7178813253015557,22.731720911785473,,68.73563218390805,2.9706668853759766
2016-09-23,2.6171741485595703,2.697861697217509,17.393418364429504,,63.76146788990825,2.875999927520752
2016-09-26,2.5358805656433105,2.5722807246644086,8.010310325024566,,56.75057208237986,2.7866671085357666
2016-09-27,2.67238187789917,2.5298141162820746,13.631807568435239,,60.73059360730594,2.936666965484619
2016-09-28,2.689974784851074,2.6887617497897436,17.86262428568165,,64.92027334851936,2.9560000896453857
2016-09-29,2.7888619899749756,2.6899745808540443,23.55461052265671,,70.0,3.064666986465454
2016-09-30,2.9186880588531494,2.850134569958805,29.499632155698595,,75.51020408163265,3.2073330879211426
2016-10-03,2.858022451400757,2.9241488065153494,27.89333267222946,,73.52941176470588,3.140666961669922
2016-10-04,2.8361828327178955,2.9047361362443995,25.50717947065681,,71.33182844243792,3.1166670322418213
2016-10-05,2.902308940887451,2.8634827054259846,28.308040445648412,,74.09909909909909,3.189332962036133
2016-10-06,2.952662706375122,2.9053424132987704,32.12176970059007,,78.87640449438203,3.2446670532226562
2016-10-07,2.935676097869873,2.972076261961259,32.38224023824627,,78.9237668161435,3.2260000705718994
2016-10-10,2.891995906829834,2.979963408113083,28.396042351823432,,74.04921700223713,3.177999973297119
2016-10-11,2.7112083435058594,2.8786493074125143,12.618180149690335,,58.70535714285714,2.97933292388916
2016-10-12,2.6808745861053467,2.711207620603544,1.7221844037326957,,51.44766146993318,2.946000099182129
2016-10-13,2.5838074684143066,2.6074676209780443,-12.1030604403039,,35.55555555555556,2.8393330574035645
2016-10-14,2.6469011306762695,2.6784471974095707,-16.22064503013057,,29.933481152993345,2.9086670875549316
2016-10-17,2.6020076274871826,2.634161630818586,-21.071246073256493,,23.451327433628318,2.859333038330078
2016-10-18,2.6972553730010986,2.7227356242174334,-16.61484805271212,,29.13907284768212,2.9639999866485596
2016-10-19,2.657214879989624,2.6244546852437787,-17.319067985481507,,28.634361233480178,2.9200000762939453
2016-10-20,2.7142417430877686,2.6523613344846777,-13.111398292141446,,33.84615384615385,2.9826669692993164
2016-10-21,2.6924021244049072,2.64447475701345,-12.839102744010722,,34.21052631578947,2.958667039871216
2016-10-24,2.8422489166259766,2.754282492409633,-1.075344886416494,,49.89059080962801,3.123332977294922
2016-10-25,2.835575580596924,2.867728930411947,4.449075247297643,,53.930131004366814,3.115999937057495
2016-10-26,2.8191957473754883,2.781582544161728,5.700151048478914,,55.119825708061,3.0980000495910645
2016-10-27,2.7815825939178467,2.9035231155954517,3.1483412159772732,,53.04347826086957,3.0566670894622803
2016-10-28,2.7336552143096924,2.7888625270626015,-1.81040424807064,,48.590021691973966,3.003999948501587
2016-10-31,2.7767281532287598,2.7882551322232487,-1.290653917902784,,49.35064935064935,3.051332950592041
2016-11-01,2.69846773147583,2.800388276851443,-7.414596998302608,,42.11663066954643,2.9653329849243164
2016-11-02,2.644474744796753,2.7069622231627815,-14.698501183538855,,31.68103448275862,2.9059998989105225
2016-11-03,2.6268813610076904,2.657214614490174,-19.50423180506255,,24.946236559139784,2.886667013168335
2016-11-04,2.5807740688323975,2.5789541908017144,-24.790504701775255,,18.669527896995707,2.8359999656677246
2016-11-07,2.804028034210205,2.7275877395377255,-10.994127544554281,,38.11563169164882,3.0813329219818115
2016-11-08,2.8222286701202393,2.8088826794709094,1.0607452180681567,,52.13675213675214,3.101332902908325
2016-11-09,2.7773349285125732,2.6268810623880765,3.1772948942857497,,53.94456289978679,3.052000045776367
2016-11-10,2.6032211780548096,2.841035496576077,-10.214191168070736,,39.148936170212764,2.8606669902801514
2016-11-11,2.8968493938446045,2.689975344361258,6.277590397762108,,56.68789808917197,3.183332920074463
2016-11-14,2.848315477371216,2.9120157604320767,9.32998918984757,,58.26271186440678,3.130000114440918
2016-11-15,3.012723207473755,2.8986686318385897,19.30752637919668,,66.59619450317125,3.310667037963867
2016-11-16,3.117069959640503,2.999376273683843,26.885500722600053,,73.41772151898735,3.425333023071289
2016-11-17,3.2189903259277344,3.203824243168958,31.268737567251126,,78.52631578947368,3.5373330116271973
2016-11-18,3.2851173877716064,3.2359772165057508,35.47753680556711,,85.92436974789915,3.609999895095825
2016-11-21,3.3287978172302246,3.313024674834719,37.616852352375794,,90.98532494758909,3.6579999923706055
2016-11-22,3.462265729904175,3.424651664496174,40.595597005963505,,95.60669456066945,3.8046669960021973
2016-11-23,3.4762191772460938,3.4501320873418964,41.98230915370673,,97.4947807933194,3.819999933242798
2016-11-25,3.490778923034668,3.5089790045008358,42.80934873180834,,98.54166666666667,3.8359999656677246
2016-11-28,3.4616589546203613,3.473186151027071,41.87831093478173,,97.0893970893971,3.803999900817871
2016-11-29,3.441638469696045,3.44709853708922,40.19045707118352,,94.1908713692946,3.7820000648498535
2016-11-30,3.379757881164551,3.446491287199062,35.339822943155035,,84.472049689441,3.7139999866485596
2016-12-01,2.8798627853393555,3.3676254929198164,8.610442855434112,,56.40495867768595,3.1646668910980225
2016-12-02,2.9914891719818115,2.868335422175008,-1.5909143661779441,,47.83505154639175,3.2873330116271973
2016-12-05,3.1006898880004883,3.0667166616871313,-1.7526444282719382,,47.53086419753087,3.4073328971862793
2016-12-06,3.229304552078247,3.1322370143145144,3.567678744214317,,52.977412731006154,3.5486669540405273
2016-12-07,3.433751106262207,3.215349952062408,15.046749914176798,,61.47540983606557,3.7733330726623535
2016-12-08,3.521719217300415,3.442245784091481,22.666912089336957,,68.30265848670757,3.869999885559082
2016-12-09,3.477431535720825,3.621819356366758,23.41045658924397,,69.18367346938776,3.8213329315185547
2016-12-12,3.3985652923583984,3.4349654532736573,19.659012332497742,,65.9877800407332,3.7346670627593994
2016-12-13,3.513225793838501,3.4458855404729793,21.584294730557552,,67.07317073170732,3.8606669902801514
2016-12-14,3.5053391456604004,3.5186862196425603,22.039370056161147,,67.95131845841786,3.8519999980926514
2016-12-15,3.6897668838500977,3.538099109194376,27.761609071710335,,73.48178137651821,4.054666996002197
2016-12-16,3.5696465969085693,3.761353873160222,23.512307892996315,,69.4949494949495,3.9226670265197754
2016-12-19,3.680666923522949,3.64001994274889,25.94902517471187,,71.7741935483871,4.044666767120361
2016-12-20,3.7838926315307617,3.8099530736361786,30.32025036887955,,77.2635814889336,3.9686670303344727
2016-12-21,3.7838926315307617,3.8144028276919304,32.12618866555311,,79.31726907630522,3.9686670303344727
2016-12-22,3.8449137210845947,3.919916925039963,33.275948748951144,,81.3627254509018,4.03266716003418
2016-12-23,3.902120351791382,3.8201243800069493,35.9125278992746,,86.2,4.092667102813721
2016-12-27,4.04449987411499,3.9129249058543367,39.11226250230075,,92.61477045908184,4.242000102996826
2016-12-28,3.8093173503875732,4.1239532911107215,28.710600244616625,,74.10358565737052,3.995332956314087
2016-12-29,3.8086836338043213,3.771180887302449,22.82176217531745,,67.39562624254472,3.9946670532226562
2016-12-30,3.6294362545013428,3.890043256594109,11.670388207193103,57.14285714285714,57.14285714285714,3.8066670894622803
2017-01-03,3.6351563930511475,3.726687001610529,5.898230506644195,52.976190476190474,52.976190476190474,3.812666893005371
2017-01-04,3.668208122253418,3.6840992586836214,2.622502418154924,49.60317460317461,49.60317460317461,3.8473329544067383
2017-01-05,3.5671441555023193,3.677743371516832,-5.0117499925582205,42.06349206349206,42.06349206349206,3.7413330078125
2017-01-06,3.6529533863067627,3.5919332076015067,-6.096259985230045,40.27777777777778,40.27777777777778,3.8313329219818115
2017-01-09,3.7705459594726562,3.686643001344569,-2.1233604137953725,44.84126984126984,44.84126984126984,3.954667091369629
2017-01-10,3.827751636505127,3.7692731060231153,2.6104186998623,49.404761904761905,49.404761904761905,4.01466703414917
2017-01-11,3.8639824390411377,3.816310164899615,7.070523619864789,54.166666666666664,54.166666666666664,4.052667140960693
2017-01-12,3.764188766479492,3.8385573038797083,1.1435558861876127,48.41269841269841,48.41269841269841,3.947999954223633
2017-01-13,3.835379123687744,3.7756298833721105,1.911974319184188,48.80952380952381,48.80952380952381,4.022666931152344
2017-01-17,3.6510462760925293,3.799783103114777,-11.619163864157752,33.13492063492063,33.13492063492063,3.8293330669403076
2017-01-18,3.8035967350006104,3.6618524476725476,-9.403287311320266,36.30952380952381,36.30952380952381,3.989332914352417
2017-01-19,3.751476287841797,3.7489332785671,-11.879990532638832,32.142857142857146,32.142857142857146,3.9346671104431152
2017-01-20,3.8970348834991455,3.8519053870083386,-3.3941559613431393,43.25396825396825,43.25396825396825,4.0873332023620605
2017-01-23,3.820124387741089,3.839827880454682,-5.023761949328801,40.67460317460318,40.67460317460318,4.006667137145996
2017-01-24,4.0470452308654785,3.8627123142422897,8.953051810343327,54.96031746031746,54.96031746031746,4.244667053222656
2017-01-25,4.225018501281738,4.204042936451486,21.27375020439743,65.07936507936508,65.07936507936508,4.431333065032959
2017-01-26,4.151284694671631,4.240908071566824,22.877161118954085,67.46031746031747,67.46031746031747,4.354000091552734
2017-01-27,4.308920860290527,4.218026298877057,29.557243973722606,75.59523809523809,75.59523809523809,4.5193328857421875
2017-01-30,4.240273952484131,4.242181152918696,28.791744295690574,74.20634920634922,74.20634920634922,4.447332859039307
2017-01-31,4.075010299682617,4.169083222540323,18.404184359146274,62.301587301587304,62.301587301587304,4.27400016784668
2017-02-01,4.268877029418945,4.234552880316969,22.73499961104532,66.66666666666666,66.66666666666666,4.477333068847656
2017-02-02,4.2580718994140625,4.182432196732263,24.112987894124423,68.84920634920636,68.84920634920636,4.466000080108643
2017-02-03,4.331804275512695,4.317184982783285,27.217130791866495,71.82539682539682,71.82539682539682,4.543333053588867
2017-02-06,4.376933574676514,4.362313829488611,30.12380040148518,76.5873015873016,76.5873015873016,4.590666770935059
2017-02-07,4.425240993499756,4.448759338556292,30.915257075530484,76.98412698412699,76.98412698412699,4.641333103179932
2017-02-08,4.446852684020996,4.474820102232049,31.950647987660886,78.37301587301587,78.37301587301587,4.664000034332275
2017-02-09,4.330531120300293,4.4703695283040314,24.846202495570836,68.25396825396825,68.25396825396825,4.541999816894531
2017-02-10,4.320362567901611,4.422063391393054,20.148339833676378,62.5,62.5,4.531332969665527
2017-02-13,4.35087251663208,4.36612738921917,19.48311201896291,61.50793650793651,61.50793650793651,4.563333034515381
2017-02-14,4.305108070373535,4.335617819985084,16.083298491518477,58.333333333333336,58.333333333333336,4.51533317565918
2017-02-15,4.412528991699219,4.327990237298445,20.11794210541909,62.698412698412696,62.698412698412696,4.627999782562256
2017-02-16,4.429055213928223,4.427148468221352,22.74261707244698,66.07142857142857,66.07142857142857,4.6453328132629395
2017-02-17,4.500246047973633,4.375027769414128,27.871393046650176,72.42063492063492,72.42063492063492,4.71999979019165
2017-02-21,4.693477153778076,4.588598414106871,34.530205476675434,82.93650793650794,82.93650793650794,4.922667026519775
2017-02-22,4.694113254547119,4.696656037246771,37.43291355567681,89.48412698412699,89.48412698412699,4.923333168029785
2017-02-23,4.4608378410339355,4.647712574046692,21.75534691979277,64.88095238095238,64.88095238095238,4.678667068481445
2017-02-24,4.453207969665527,4.244721745655614,12.177610654494885,55.158730158730165,55.158730158730165,4.6706671714782715
2017-02-27,4.581605911254883,4.462107884010072,15.317494957537525,57.738095238095234,57.738095238095234,4.805333137512207
2017-02-28,4.4042649269104,4.601945866776043,4.226676603852939,48.80952380952381,48.80952380952381,4.619332790374756
2017-03-01,4.610843658447266,4.570163248525641,10.151346028105632,53.769841269841265,53.769841269841265,4.835999965667725
2017-03-02,4.46782922744751,4.647076521794394,2.5009440186613765,46.62698412698413,46.62698412698413,4.685999870300293
2017-03-03,4.459564208984375,4.474819534411747,-2.0724857658909484,41.86507936507937,41.86507936507937,4.677332878112793
2017-03-06,4.466557502746582,4.388375030401304,-5.644566130932053,37.5,37.5,4.684667110443115
2017-03-07,4.497702121734619,4.441767743550373,-5.012970382229316,38.69047619047619,38.69047619047619,4.71733283996582
2017-03-08,4.530755043029785,4.562536404283814,-2.3978770887778644,41.86507936507937,41.86507936507937,4.751999855041504
2017-03-09,4.552367687225342,4.518679118311682,1.2045986763449108,46.82539682539682,46.82539682539682,4.774666786193848
2017-03-10,4.709366798400879,4.632456395274386,14.175420785121348,57.936507936507944,57.936507936507944,4.939332962036133
2017-03-13,4.818695545196533,4.748776989824853,24.760155273137567,69.84126984126983,69.84126984126983,5.053999900817871
2017-03-14,4.774200916290283,4.771659043464407,26.537417976021594,71.82539682539682,71.82539682539682,5.007332801818848
2017-03-15,4.889886856079102,4.808525996605399,31.050875085963686,78.57142857142857,78.57142857142857,5.128666877746582
2017-03-16,4.870819091796875,4.954086260708919,30.421734338218975,77.77777777777779,77.77777777777779,5.108666896820068
2017-03-17,4.897513389587402,4.9165826642728785,31.88442657250816,79.16666666666666,79.16666666666666,5.136666774749756
2017-03-20,5.006841659545898,4.923574516491162,34.927396202956004,83.92857142857143,83.92857142857143,5.251333236694336
2017-03-21,4.658517360687256,5.069768385528386,13.503725338641202,56.15079365079365,56.15079365079365,4.886000156402588
2017-03-22,4.807254791259766,4.664874424997557,9.314846404053355,52.57936507936508,52.57936507936508,5.041999816894531
2017-03-23,4.770388126373291,4.8053478619398104,4.94101957410455,49.007936507936506,49.007936507936506,5.00333309173584
2017-03-24,4.870819091796875,4.969341141029937,8.52445256485803,51.78571428571429,51.78571428571429,5.108666896820068
2017-03-27,4.896240711212158,4.709366042407424,10.64546629430967,54.166666666666664,54.166666666666664,5.135333061218262
2017-03-28,4.945185661315918,4.924844768274783,14.994089789692843,57.341269841269835,57.341269841269835,5.186666965484619
2017-03-29,4.903870105743408,4.9451865720321235,14.225550327550875,56.94444444444444,56.94444444444444,5.1433329582214355
2017-03-30,4.987771034240723,4.895605769096169,19.282921965212193,61.50793650793651,61.50793650793651,5.231332778930664
2017-03-31,4.978238105773926,4.9998497095200385,20.898591158775258,63.49206349206349,63.49206349206349,5.221333026885986
2017-04-03,4.891793251037598,5.006841300877731,14.470387632813356,56.547619047619044,56.547619047619044,5.130667209625244
2017-04-04,4.816788673400879,4.80089776240582,4.442984529017878,47.22222222222222,47.22222222222222,5.052000045776367
2017-04-05,4.712544918060303,4.870816137604011,-7.3067296509053055,34.12698412698413,34.12698412698413,4.942667007446289
2017-04-06,4.730342864990234,4.709367298274747,-12.333953007601611,27.77777777777778,27.77777777777778,4.96133279800415
2017-04-07,4.793269634246826,4.732249684717869,-14.733363583767145,24.404761904761905,24.404761904761905,5.027332782745361
2017-04-10,4.682035446166992,4.797083488009333,-23.761609894850945,16.46825396825397,16.46825396825397,4.9106669425964355
2017-04-11,4.568258285522461,4.624829623400457,-26.897981514906494,13.88888888888889,13.88888888888889,4.791333198547363
2017-04-12,4.327356338500977,4.53902014401688,-35.6330589816723,6.15079365079365,6.15079365079365,4.53866720199585
2017-04-13,4.244088172912598,4.261250250113011,-40.758492283984786,2.579365079365079,2.579365079365079,4.451333045959473
2017-04-17,4.40998649597168,4.283497511003058,-38.30283144366054,5.357142857142857,5.357142857142857,4.625332832336426
2017-04-18,4.462743759155273,4.348965972738718,-34.853593204489265,7.341269841269842,7.341269841269842,4.680666923522949
2017-04-19,4.535839557647705,4.568892536044705,-30.230458280400736,13.095238095238097,13.095238095238097,4.757332801818848
2017-04-20,4.753225803375244,4.63499892702293,-17.502926925163784,23.015873015873016,23.015873015873016,4.98533296585083
2017-04-21,4.686484336853027,4.706825230094829,-13.809667858250684,27.18253968253968,27.18253968253968,4.915332794189453
2017-04-24,4.887979030609131,4.89052090336618,-1.0589346671775008,42.26190476190476,42.26190476190476,5.126667022705078
2017-04-25,5.040531158447266,4.982688645828195,13.879376874371237,55.75396825396825,55.75396825396825,5.2866668701171875
2017-04-26,4.910862922668457,5.022733082478608,12.555155865489255,54.36507936507936,54.36507936507936,5.150667190551758
2017-04-27,5.119983196258545,5.016375617568553,20.94973233724338,63.49206349206349,63.49206349206349,5.369999885559082
2017-04-28,4.85874080657959,5.080575275755412,10.452276256649517,51.98412698412699,51.98412698412699,5.0960001945495605
2017-05-01,5.000485897064209,4.913404352169247,11.29034205198243,52.976190476190474,52.976190476190474,5.244667053222656
2017-05-02,4.8396711349487305,4.9578975412762425,4.205691458441226,46.03174603174603,46.03174603174603,5.076000213623047
2017-05-03,4.893063068389893,4.77992087554952,2.5487675871912305,44.047619047619044,44.047619047619044,5.131999969482422
2017-05-04,4.880986213684082,4.913403615421219,0.8312409088428776,42.26190476190476,42.26190476190476,5.119332790374756
2017-05-05,4.933107852935791,4.9191241436125095,2.6558883254178607,44.44444444444444,44.44444444444444,5.173999786376953
2017-05-08,4.878445625305176,4.921032347718633,0.6495191003016368,41.46825396825397,41.46825396825397,5.116666793823242
2017-05-09,5.026546001434326,4.878444957015366,7.124273975947639,49.007936507936506,49.007936507936506,5.271999835968018
2017-05-10,5.344995498657227,5.196894460668285,19.637628631564752,61.904761904761905,61.904761904761905,5.605999946594238
2017-05-11,5.399023056030273,5.3062208424014665,25.691924652012077,70.23809523809523,70.23809523809523,5.6626667976379395
2017-05-12,5.4479660987854,5.419998684058603,30.873464101571006,77.57936507936508,77.57936507936508,5.714000225067139
2017-05-15,5.697768211364746,5.485468427075466,36.34609680555118,87.6984126984127,87.6984126984127,5.97599983215332
2017-05-16,5.952020645141602,5.760695950374521,40.34337099874076,94.84126984126983,94.84126984126983,6.242667198181152
2017-05-17,5.170833587646484,5.717474051929797,14.486122563902349,55.35714285714286,55.35714285714286,5.423333168029785
2017-05-18,5.467035293579102,5.224860906313345,8.587995124408748,48.61111111111111,48.61111111111111,5.734000205993652
2017-05-19,5.646919250488281,5.618950918953296,10.981371596000038,51.78571428571429,51.78571428571429,5.922667026519775
2017-05-22,5.827436447143555,5.728278409650844,17.977833875801103,59.12698412698413,59.12698412698413,6.111999988555908
2017-05-23,5.760060787200928,5.840149565757945,18.622710022081638,59.72222222222222,59.72222222222222,6.041333198547363
2017-05-24,5.867480754852295,5.8541326276111185,22.758419126945743,65.87301587301587,65.87301587301587,6.1539998054504395
2017-05-25,5.96600341796875,5.950113416365298,26.731481934121692,70.43650793650794,70.43650793650794,6.257332801818848
2017-05-26,6.037830352783203,5.96473297780095,30.217215735557428,76.38888888888889,76.38888888888889,6.332666873931885
2017-05-30,6.15859842300415,6.034016199375719,33.5421917310068,81.15079365079364,81.15079365079364,6.4593329429626465
2017-05-31,6.156691074371338,6.2908088309715255,33.45995124417341,81.15079365079364,81.15079365079364,6.457333087921143
2017-06-01,6.1719465255737305,6.184023944348323,33.92616117801021,82.14285714285714,82.14285714285714,6.47333288192749
2017-06-02,6.3556437492370605,6.278732431672007,37.16957158509809,88.88888888888889,88.88888888888889,6.665999889373779
2017-06-05,6.410942077636719,6.356913537928234,38.60713409349049,91.66666666666666,91.66666666666666,6.723999977111816
2017-06-06,6.474506855010986,6.3251337430112455,39.37263891617708,93.05555555555556,93.05555555555556,6.7906670570373535
2017-06-07,6.6264214515686035,6.548875458206335,41.10310274498756,95.63492063492063,95.63492063492063,6.949999809265137
2017-06-08,6.973474502563477,6.754818873772143,42.813816284741065,98.61111111111111,98.61111111111111,7.314000129699707
2017-06-09,6.094400405883789,7.119032861630626,17.331081273992478,56.94444444444444,56.94444444444444,6.392000198364258
2017-06-12,5.992064952850342,5.842691846693426,-0.02244509755298555,39.285714285714285,39.285714285714285,6.284667015075684
2017-06-13,6.107747554779053,6.289537110900038,-6.321525744487773,32.53968253968254,32.53968253968254,6.406000137329102
2017-06-14,5.910703182220459,6.1808454400946795,-14.603597632619184,25.198412698412696,25.198412698412696,6.199333190917969
2017-06-15,5.76832389831543,5.6024247503867715,-21.41618269844682,18.650793650793652,18.650793650793652,6.050000190734863
2017-06-16,5.701582908630371,5.786121666256995,-25.95300111957732,15.674603174603174,15.674603174603174,5.980000019073486
2017-06-19,6.026388168334961,5.878286237693067,-24.577003827098032,16.666666666666664,16.666666666666664,6.320666790008545
2017-06-20,5.82616662979126,6.095672001151743,-28.192380088471868,14.285714285714285,14.285714285714285,6.1106672286987305
2017-06-21,6.0244832038879395,5.905620275141181,-25.87600540736207,16.26984126984127,16.26984126984127,6.318666934967041
2017-06-22,5.979351043701172,6.05562631256486,-25.66342352708415,16.46825396825397,16.46825396825397,6.27133321762085
2017-06-23,6.034650802612305,5.95646878184653,-24.07234167691545,17.46031746031746,17.46031746031746,6.3293328285217285
2017-06-26,5.884642601013184,6.18148066184,-26.96670064421732,14.880952380952381,14.880952380952381,6.171999931335449
2017-06-27,5.409192085266113,5.7651442010240865,-36.156383797692285,6.547619047619048,6.547619047619048,5.673333168029785
2017-06-28,5.685692310333252,5.521700350522845,-35.640568677362715,6.746031746031746,6.746031746031746,5.9633331298828125
2017-06-29,5.259184837341309,5.566829162633284,-38.34445773871766,5.158730158730158,5.158730158730158,5.515999794006348
2017-06-30,5.180367469787598,5.3113073409075895,-40.533037603391655,2.976190476190476,2.976190476190476,5.433332920074463
2017-07-03,4.957897186279297,5.273804071649408,-43.19553226134002,0.1984126984126984,0.1984126984126984,5.199999809265137
2017-07-05,5.272533893585205,5.021460872682887,-41.074063403907324,2.380952380952381,2.380952380952381,5.53000020980835
2017-07-06,5.202614784240723,5.089472576984307,-40.74813780798215,2.7777777777777777,2.7777777777777777,5.456666946411133
2017-07-07,5.458138465881348,5.308129752270162,-37.0223215985211,5.952380952380952,5.952380952380952,5.724667072296143
2017-07-10,5.653911113739014,5.517886573449527,-31.900576262224757,11.30952380952381,11.30952380952381,5.929999828338623
2017-07-11,5.786756992340088,5.642469894053152,-20.361926955593685,20.436507936507937,20.436507936507937,6.069333076477051
2017-07-12,6.062620639801025,5.943122133233064,-5.147764980427015,33.92857142857143,33.92857142857143,6.358666896820068
2017-07-13,6.011769771575928,6.099486447727534,2.2028239775393126,41.66666666666667,41.66666666666667,6.305333137512207
2017-07-14,6.252036094665527,6.101392280117808,13.173428565947857,53.37301587301587,53.37301587301587,6.557332992553711
2017-07-17,6.1719465255737305,6.29653011260113,15.499044338056681,55.952380952380956,55.952380952380956,6.47333288192749
2017-07-18,6.229789733886719,6.060077089277911,18.34256218130798,58.730158730158735,58.730158730158735,6.533999919891357
2017-07-19,6.39695930480957,6.324497969602543,23.580553894858134,66.46825396825396,66.46825396825396,6.7093329429626465
2017-07-20,6.452258110046387,6.419206038453986,26.79583472063028,69.64285714285714,69.64285714285714,6.767333030700684
2017-07-21,6.286996364593506,6.306065186248895,22.455345244873996,63.69047619047619,63.69047619047619,6.593999862670898
2017-07-24,6.225339889526367,6.304157952381511,17.28322036900621,55.952380952380956,55.952380952380956,6.529333114624023
2017-07-25,6.221526145935059,6.196736633432642,14.448682267593268,53.37301587301587,53.37301587301587,6.525332927703857
2017-07-26,6.407129764556885,6.3575511936794245,18.69107438870807,58.53174603174603,58.53174603174603,6.71999979019165
2017-07-27,6.117920398712158,6.4738717739044676,10.245425047738888,48.214285714285715,48.214285714285715,6.4166669845581055
2017-07-28,6.058170318603516,6.0244822044383,3.901324902101295,42.06349206349206,42.06349206349206,6.354000091552734
2017-07-31,5.922144889831543,6.070246828573698,-3.2136690927787273,33.13492063492063,33.13492063492063,6.21133279800415
2017-08-01,6.021303653717041,5.964733224531705,-4.2460784979202115,32.53968253968254,32.53968253968254,6.315332889556885
2017-08-02,5.892908096313477,6.120462365208789,-8.665725475784036,28.76984126984127,28.76984126984127,6.180666923522949
2017-08-03,5.8229875564575195,5.887821455151522,-12.873138359970495,24.00793650793651,24.00793650793651,6.107333183288574
2017-08-04,5.829343318939209,5.85222608336011,-16.725103759982083,19.642857142857142,19.642857142857142,6.113999843597412
2017-08-07,6.132538318634033,5.869388338201123,-9.239113620132219,27.976190476190478,27.976190476190478,6.432000160217285
2017-08-08,6.068341255187988,6.129361671673199,-10.260707938722993,26.785714285714285,26.785714285714285,6.364666938781738
2017-08-09,6.0085906982421875,5.912610565851499,-16.069425431487264,20.833333333333336,20.833333333333336,6.302000045776367
2017-08-10,5.507081031799316,5.883373268513678,-30.597310366735677,9.722222222222223,9.722222222222223,5.776000022888184
2017-08-11,5.597975254058838,5.444789561571724,-33.41478926488792,7.142857142857142,7.142857142857142,5.871333122253418
2017-08-14,6.03147554397583,5.796928487013983,-22.031566637700177,14.682539682539684,14.682539682539684,6.326000213623047
2017-08-15,6.075967788696289,6.088680335684379,-13.685418592020723,22.61904761904762,22.61904761904762,6.372666835784912
2017-08-16,6.103297233581543,6.128086737791903,-7.987810946475203,28.968253968253972,28.968253968253972,6.401332855224609
2017-08-17,5.6170430183410645,5.987614469574671,-21.109243437597936,15.277777777777779,15.277777777777779,5.891333103179932
2017-08-18,5.668529033660889,5.727007560308794,-26.28279690793727,11.11111111111111,11.11111111111111,5.945333003997803
2017-08-21,5.547124862670898,5.6888705305612515,-32.17864582760963,7.738095238095238,7.738095238095238,5.817999839782715
2017-08-22,5.810274600982666,5.6818775217562,-27.69987643277804,10.317460317460316,10.317460317460316,6.093999862670898
2017-08-23,5.887186050415039,5.667258361456907,-22.984279031782126,13.492063492063492,13.492063492063492,6.174666881561279
2017-08-24,5.880194187164307,5.974903165025992,-20.597624972802222,15.674603174603174,15.674603174603174,6.167333126068115
2017-08-25,5.792478084564209,5.927866590663332,-20.054735623378363,16.46825396825397,16.46825396825397,6.075333118438721
2017-08-28,5.837606906890869,5.809638578007652,-17.721320361864183,18.055555555555554,18.055555555555554,6.122666835784912
2017-08-29,5.878923416137695,5.617044559510877,-14.923143858112569,21.03174603174603,21.03174603174603,6.165999889373779
2017-08-30,6.178305149078369,5.9240536969601605,1.4356309416851087,38.88888888888889,38.88888888888889,6.480000019073486
2017-08-31,6.359457492828369,6.2577566666938305,15.820374249128156,55.158730158730165,55.158730158730165,6.670000076293945
2017-09-01,6.442724704742432,6.435733303723889,23.318180540030507,65.07936507936508,65.07936507936508,6.757332801818848
2017-09-05,6.170039653778076,6.311784856722301,14.547085755233436,53.17460317460318,53.17460317460318,6.471333026885986
2017-09-06,6.206905841827393,6.255848818740729,11.201552072877275,49.007936507936506,49.007936507936506,6.510000228881836
2017-09-07,6.235509872436523,6.260935419681244,10.713659367376597,48.214285714285715,48.214285714285715,6.539999961853027
2017-09-08,6.004777431488037,6.1980088818022,-0.2988516096866373,35.51587301587302,35.51587301587302,6.297999858856201
2017-09-11,6.3569159507751465,6.159235860578929,8.84099791663471,45.43650793650794,45.43650793650794,6.667333126068115
2017-09-12,6.442090034484863,6.441453997937292,16.872325570594764,55.35714285714286,55.35714285714286,6.756667137145996
2017-09-13,6.468149662017822,6.386153692761362,21.76013730309431,62.89682539682539,62.89682539682539,6.783999919891357
2017-09-14,6.558409214019775,6.378526362282711,25.40289874339598,67.85714285714286,67.85714285714286,6.878666877746582
2017-09-15,6.890841484069824,6.61052945165203,32.880008698797795,79.16666666666666,79.16666666666666,7.227333068847656
2017-09-18,7.164161682128906,7.018602538257826,36.34829773854807,86.70634920634922,86.70634920634922,7.513999938964844
2017-09-19,7.23853063583374,7.235352726637524,39.077021002949884,91.66666666666666,91.66666666666666,7.5920000076293945
2017-09-20,6.93342924118042,7.255056845970761,32.46968529713525,77.97619047619048,77.97619047619048,7.271999835968018
2017-09-21,6.848891258239746,6.916903979931708,25.20647987509987,66.86507936507937,66.86507936507937,7.183332920074463
2017-09-22,6.94677734375,6.7554531125489605,24.670473778383776,65.67460317460318,65.67460317460318,7.285999774932861
2017-09-25,6.54251766204834,6.838720603797774,9.066511656378804,44.642857142857146,44.642857142857146,6.861999988555908
2017-09-26,6.531076431274414,6.752274815359986,0.2538442655672212,35.317460317460316,35.317460317460316,6.849999904632568
2017-09-27,6.988729953765869,6.738292481852954,9.838670052089931,45.43650793650794,45.43650793650794,7.329999923706055
2017-09-28,7.1457295417785645,6.970296218939083,19.36071867762308,57.53968253968254,57.53968253968254,7.494667053222656
2017-09-29,7.326247215270996,7.194036192136072,28.28526363842281,71.23015873015873,71.23015873015873,7.684000015258789
2017-10-02,7.453373908996582,7.391082332742289,32.850764394417425,78.57142857142857,78.57142857142857,7.817333221435547
2017-10-03,7.527107238769531,7.499774942577837,36.33919364844711,86.11111111111111,86.11111111111111,7.894667148590088
2017-10-04,7.576685428619385,7.500409695125829,38.87047160290727,91.26984126984127,91.26984126984127,7.946667194366455
2017-10-05,7.592575550079346,7.659952683961915,39.168403397819276,91.86507936507937,91.86507936507937,7.9633331298828125
2017-10-06,7.691097259521484,7.468627259854569,40.77363232273662,95.03968253968253,95.03968253968253,8.066666603088379
2017-10-09,7.8519110679626465,7.769914652024767,41.93018863650402,97.02380952380952,97.02380952380952,8.235333442687988
2017-10-10,8.004463195800781,8.039422929049767,42.611014983922495,97.81746031746032,97.81746031746032,8.395333290100098
2017-10-11,8.161463737487793,7.921195587799565,43.54634968881799,99.60317460317461,99.60317460317461,8.5600004196167
2017-10-12,8.07883071899414,8.136036721408429,41.90983567395023,96.42857142857143,96.42857142857143,8.473333358764648
2017-10-13,8.237738609313965,8.150657526291653,42.26425020026658,97.42063492063492,97.42063492063492,8.640000343322754
2017-10-16,8.355962753295898,8.326723266754662,43.39459033100702,99.20634920634922,99.20634920634922,8.763999938964844
2017-10-17,8.337532043457031,8.35024459011192,43.651790361021824,99.8015873015873,99.8015873015873,8.744667053222656
2017-10-18,8.419527053833008,8.380753834331188,43.74159703704281,100.0,100.0,8.830666542053223
2017-10-19,8.345796585083008,8.196424808452958,42.482932449608526,96.82539682539682,96.82539682539682,8.75333309173584
2017-10-20,8.465927124023438,8.50787916130204,41.9676161175683,95.63492063492063,95.63492063492063,8.879332542419434
2017-10-23,8.60195255279541,8.586696770531363,42.00073709482133,96.23015873015873,96.23015873015873,9.022000312805176
2017-10-24,8.777384757995605,8.673142078223119,43.078358531316326,98.21428571428571,98.21428571428571,9.206000328063965
2017-10-25,8.434782028198242,8.61339323538114,36.60255584678233,84.72222222222221,84.72222222222221,8.846667289733887
2017-10-26,8.586061477661133,8.47800529017111,35.60682291500707,82.14285714285714,82.14285714285714,9.005332946777344
2017-10-27,9.112360954284668,8.803445463005568,39.06903935197425,89.0873015873016,89.0873015873016,9.557332992553711
2017-10-30,9.198172569274902,8.803447095590789,40.251100420401954,91.46825396825396,91.46825396825396,9.647333145141602
2017-10-31,9.404752731323242,9.280168663882861,41.421856557965924,93.45238095238095,93.45238095238095,9.86400032043457
2017-11-01,9.317034721374512,9.640568627844809,39.110745951419354,88.88888888888889,88.88888888888889,9.772000312805176
2017-11-02,9.440345764160156,9.328476080173356,39.37969753432713,89.88095238095238,89.88095238095238,9.90133285522461
2017-11-03,9.94376277923584,9.542682437419938,41.95463076384266,95.03968253968253,95.03968253968253,10.429332733154297
2017-11-06,10.367090225219727,10.1999203911462,43.238728543387786,98.4126984126984,98.4126984126984,10.873332977294922
2017-11-07,10.338488578796387,10.325140449966383,43.41333419993382,99.0079365079365,99.0079365079365,10.84333324432373
2017-11-08,10.442732810974121,10.265392725083501,43.87509979013084,100.0,100.0,10.952667236328125
2017-11-09,9.807104110717773,10.136359173468614,34.26905605904017,77.77777777777779,77.77777777777779,10.28600025177002
2017-11-10,9.993339538574219,9.88464779075492,31.885183117306283,73.01587301587301,73.01587301587301,10.481332778930664
2017-11-13,10.074700355529785,9.840154335162321,31.73687560220893,72.42063492063492,72.42063492063492,10.566666603088379
2017-11-14,10.046732902526855,10.00033270537076,30.951480234481537,71.62698412698413,71.62698412698413,10.537332534790039
2017-11-15,9.780406951904297,9.783584861087034,23.788988084645233,61.904761904761905,61.904761904761905,10.258000373840332
2017-11-16,10.22089672088623,9.91579471552717,27.82017337255199,66.86507936507937,66.86507936507937,10.720000267028809
2017-11-17,10.085508346557617,10.37217667637854,26.47297036606914,64.28571428571429,64.28571428571429,10.57800006866455
2017-11-20,10.441458702087402,10.171317343431914,31.49461089532083,72.02380952380952,72.02380952380952,10.951333045959473
2017-11-21,10.815844535827637,10.678548854441681,35.61908915537669,80.35714285714286,80.35714285714286,11.343999862670898
2017-11-22,10.604816436767578,10.909917535995952,33.508052148162434,75.79365079365078,75.79365079365078,11.12266731262207
2017-11-24,10.888304710388184,10.695073308530873,35.93094141080124,80.75396825396825,80.75396825396825,11.420000076293945
2017-11-27,10.478326797485352,10.693804517849161,28.399124016932408,67.46031746031747,67.46031746031747,10.989999771118164
2017-11-28,10.468792915344238,10.58765583119338,23.48431446072569,59.32539682539682,59.32539682539682,10.979999542236328
2017-11-29,9.092657089233398,10.408406920343932,-6.5256510746336165,25.992063492063494,25.992063492063494,9.536666870117188
2017-11-30,9.261096954345703,9.40411284721671,-19.743998339233386,15.079365079365079,15.079365079365079,9.713333129882812
2017-12-01,8.943920135498047,8.980786609019786,-26.378573305040625,9.920634920634921,9.920634920634921,9.380666732788086
2017-12-04,8.294946670532227,9.25474556716102,-34.68782501549204,4.9603174603174605,4.9603174603174605,8.699999809265137
2017-12-05,8.30575180053711,8.19769467879978,-37.54487453530578,3.373015873015873,3.373015873015873,8.711333274841309
2017-12-06,8.389653205871582,8.073747167218578,-38.267771257824165,3.373015873015873,3.373015873015873,8.799332618713379
2017-12-07,8.63500690460205,8.5911481148659,-36.39914573391567,4.166666666666666,4.166666666666666,9.05666732788086
2017-12-08,8.501523971557617,8.90832546381185,-36.620614504935524,4.166666666666666,4.166666666666666,8.916666984558105
2017-12-11,8.649622917175293,8.542837909311256,-35.11783504309848,5.555555555555555,5.555555555555555,9.071999549865723
2017-12-12,8.390290260314941,8.580978489334399,-36.92427019270249,4.166666666666666,4.166666666666666,8.800000190734863
2017-12-13,8.389016151428223,8.471012561222109,-37.876375994585594,3.571428571428571,3.571428571428571,8.798666954040527
2017-12-14,8.369950294494629,8.37821195035668,-38.51622112287898,2.7777777777777777,2.7777777777777777,8.778667449951172
2017-12-15,8.74242877960205,8.453853632106842,-34.490516878736635,6.746031746031746,6.746031746031746,9.169333457946777
2017-12-18,9.331652641296387,9.073589136453904,-23.185711704057663,14.484126984126986,14.484126984126986,9.787332534790039
2017-12-19,9.297998428344727,9.295453094648863,-17.775065310593945,18.849206349206348,18.849206349206348,9.744000434875488
2017-12-20,9.492660522460938,9.558820088303621,-11.264745152631924,25.198412698412696,25.198412698412696,9.947999954223633
2017-12-21,9.185403823852539,9.549919077644432,-14.251933071559108,22.22222222222222,22.22222222222222,9.62600040435791
2017-12-22,9.161226272583008,9.040993145574042,-15.987514035396153,20.833333333333336,20.833333333333336,9.600666999816895
2017-12-26,8.896589279174805,8.842517523468127,-20.173155251216592,17.063492063492063,17.063492063492063,9.323332786560059
2017-12-27,8.986287117004395,8.84633464857959,-20.775791486752155,16.071428571428573,16.071428571428573,9.417332649230957
2017-12-28,9.043540000915527,9.09570434389983,-19.435621277589547,18.253968253968253,18.253968253968253,9.477333068847656
2017-12-29,8.772539138793945,9.068350343622583,-18.907691432072685,18.650793650793652,18.650793650793652,9.19333267211914
2018-01-02,9.495842933654785,8.92203432866701,-1.1173775936300498,34.12698412698413,34.12698412698413,9.951333045959473
2018-01-03,9.968504905700684,9.590630590691694,13.76223727276575,48.41269841269841,48.41269841269841,10.446666717529297
2018-01-04,10.143450736999512,10.1758939798963,22.483256995523313,58.730158730158735,58.730158730158735,10.630000114440918
2018-01-05,10.326658248901367,10.254137604168047,27.501514075345717,66.26984126984127,66.26984126984127,10.821999549865723
2018-01-08,10.558855056762695,10.315845220484402,31.528379572335872,72.22222222222221,72.22222222222221,11.065333366394043
2018-01-09,10.255409240722656,10.611018949051914,27.149838727589987,65.67460317460318,65.67460317460318,10.747332572937012
2018-01-10,9.876263618469238,9.902981895331687,16.312490471203883,50.39682539682539,50.39682539682539,10.350000381469727
2018-01-11,10.0512056350708,9.99967739453892,14.08383646296964,47.61904761904761,47.61904761904761,10.533332824707031
2018-01-12,10.207061767578125,10.046752117258022,15.6217616328203,49.60317460317461,49.60317460317461,10.696666717529297
2018-01-16,10.316479682922363,10.436712835240519,18.26589264503632,52.57936507936508,52.57936507936508,10.811332702636719
2018-01-17,11.203913688659668,10.583665577237463,28.309880666413644,67.65873015873017,67.65873015873017,11.7413330078125
2018-01-18,11.3635892868042,11.123123838686894,32.66859258282551,74.8015873015873,74.8015873015873,11.908666610717773
2018-01-19,11.394123077392578,11.496543443446585,35.09618190854563,78.37301587301587,78.37301587301587,11.940667152404785
2018-01-22,11.658125877380371,11.439289890054106,38.17857957469692,86.30952380952381,86.30952380952381,12.21733283996582
2018-01-23,11.92276668548584,11.80698625915489,40.04311989760553,90.07936507936508,90.07936507936508,12.494667053222656
2018-01-24,11.102129936218262,11.583060768054443,28.374528981247906,66.86507936507937,66.86507936507937,11.63466739654541
2018-01-25,10.524499893188477,11.527075715773691,12.27990701857708,43.65079365079365,43.65079365079365,11.029333114624023
2018-01-26,11.522623062133789,10.941817303205925,17.547871866078975,50.198412698412696,50.198412698412696,12.075332641601562
2018-01-29,11.485727310180664,11.370583925862134,19.525125563188162,53.37301587301587,53.37301587301587,12.036666870117188
2018-01-30,10.786595344543457,10.884562951441117,9.751920313327094,40.07936507936508,40.07936507936508,11.303999900817871
2018-01-31,11.063323020935059,11.148567609309515,8.151520490673525,38.2936507936508,38.2936507936508,11.593999862670898
2018-02-01,10.899835586547852,10.750976697419192,2.3312139870703343,33.53174603174603,33.53174603174603,11.422666549682617
2018-02-02,9.989500999450684,10.562673691913867,-16.02963923491373,17.658730158730158,17.658730158730158,10.468667030334473
2018-02-05,8.652944564819336,9.733131282549062,-30.053718647879023,7.341269841269842,7.341269841269842,9.067999839782715
2018-02-06,9.54228401184082,8.136387476495656,-27.54005143611313,8.333333333333332,8.333333333333332,10.0
2018-02-07,8.907404899597168,9.40869206319896,-31.19982314711426,6.944444444444445,6.944444444444445,9.334667205810547
2018-02-08,7.780141353607178,9.065805587838636,-38.45635973658387,1.1904761904761905,1.1904761904761905,8.153332710266113
2018-02-09,8.488816261291504,8.356496162171918,-36.15601144275768,3.7698412698412698,3.7698412698412698,8.895999908447266
2018-02-12,8.936665534973145,8.72546374903129,-31.60087758137894,6.547619047619048,6.547619047619048,9.36533260345459
2018-02-13,8.923307418823242,8.707651955451214,-29.20449627354297,7.738095238095238,7.738095238095238,9.351332664489746
2018-02-14,9.522562026977539,8.715285143025039,-23.15385640671567,11.706349206349206,11.706349206349206,9.97933292388916
2018-02-15,9.874354362487793,9.785294046544065,-16.56415007781562,16.865079365079367,16.865079365079367,10.347999572753906
2018-02-16,9.762393951416016,9.692416807784683,-14.221775544098273,19.642857142857142,19.642857142857142,10.230667114257812
2018-02-20,10.268133163452148,9.637706504644244,-6.982638886187208,25.0,25.0,10.760666847229004
2018-02-21,9.920158386230469,10.452618373623709,-7.517474731523064,24.6031746031746,24.6031746031746,10.395999908447266
2018-02-22,9.846364974975586,10.041662295755199,-7.964666780859536,24.6031746031746,24.6031746031746,10.3186674118042
2018-02-23,10.485697746276855,10.102733625717452,-0.30054769627038647,31.349206349206348,31.349206349206348,10.988666534423828
2018-02-26,11.153021812438965,10.719165540484324,10.395692757630066,41.86507936507937,41.86507936507937,11.687999725341797
2018-02-27,11.049962997436523,11.114214259117263,14.951160202281647,47.61904761904761,47.61904761904761,11.579999923706055
2018-02-28,10.74588394165039,11.259895015869835,14.16106653926798,46.42857142857143,46.42857142857143,11.261333465576172
2018-03-01,10.227420806884766,10.765604860460334,6.8849289647301415,38.2936507936508,38.2936507936508,10.718000411987305
2018-03-02,10.756062507629395,9.788474996666666,9.645880060855996,40.87301587301587,40.87301587301587,11.272000312805176
2018-03-05,11.049328804016113,10.597024559713834,14.430166546466452,47.42063492063492,47.42063492063492,11.579333305358887
2018-03-06,11.548707962036133,11.310786977807807,21.62270209707165,57.14285714285714,57.14285714285714,12.102666854858398
2018-03-07,11.639678955078125,11.212820745941693,25.7307175676526,63.49206349206349,63.49206349206349,12.197999954223633
2018-03-08,11.689298629760742,11.768817364717377,27.548934049214797,66.46825396825396,66.46825396825396,12.25
2018-03-09,12.41769027709961,11.890956239592423,31.66678100467475,73.01587301587301,73.01587301587301,13.013333320617676
2018-03-12,12.804471969604492,12.672151888842825,34.163768349405174,77.77777777777779,77.77777777777779,13.41866683959961
2018-03-13,12.206491470336914,13.039850733212699,28.03472660636309,67.65873015873017,67.65873015873017,12.791999816894531
2018-03-14,12.201398849487305,12.356619649374366,24.360634812692236,61.70634920634921,61.70634920634921,12.786666870117188
2018-03-15,12.165776252746582,12.296187118312977,21.35791168614182,56.74603174603175,56.74603174603175,12.749333381652832
2018-03-16,12.156232833862305,12.219847996419595,18.910004115243357,53.57142857142857,53.57142857142857,12.739333152770996
2018-03-19,11.45201301574707,11.840065983465434,6.872438228769684,38.2936507936508,38.2936507936508,12.001333236694336
2018-03-20,11.719831466674805,11.51435464065438,3.94124403582099,36.507936507936506,36.507936507936506,12.281999588012695
2018-03-21,11.799351692199707,11.6377698055731,3.2272753688081304,36.11111111111111,36.11111111111111,12.36533260345459
2018-03-22,10.830493927001953,11.242719885211782,-10.762330484166892,22.61904761904762,22.61904761904762,11.350000381469727
2018-03-23,9.7471284866333,10.76815288019655,-27.968799398366063,8.333333333333332,8.333333333333332,10.214667320251465
2018-03-26,10.972990989685059,10.47806488485018,-24.74957713634452,10.912698412698413,10.912698412698413,11.499333381652832
2018-03-27,9.749672889709473,11.298068714205492,-32.28133603032717,5.753968253968254,5.753968253968254,10.21733283996582
2018-03-28,9.131329536437988,9.630709280017058,-37.87793330238242,1.984126984126984,1.984126984126984,9.56933307647705
2018-03-29,9.721677780151367,9.340622925477131,-36.177243802599584,3.373015873015873,3.373015873015873,10.187999725341797
2018-04-02,8.59568977355957,9.427776689829486,-39.456251711775245,0.992063492063492,0.992063492063492,9.008000373840332
2018-04-03,9.088072776794434,8.9627507448643,-38.0269379125456,2.1825396825396823,2.1825396825396823,9.52400016784668
2018-04-04,9.434773445129395,8.308783692502706,-34.56114248616363,5.555555555555555,5.555555555555555,9.887332916259766
2018-04-05,9.144688606262207,9.631345312726642,-34.670356819967886,5.555555555555555,5.555555555555555,9.583333015441895
2018-04-06,8.310056686401367,8.750910078664258,-39.24279772224362,1.1904761904761905,1.1904761904761905,8.708666801452637
2018-04-09,8.462096214294434,8.631948363590405,-40.74067835031343,0.7936507936507936,0.7936507936507936,8.868000030517578
2018-04-10,9.275735855102539,9.063260940347824,-35.643427989450934,4.761904761904762,4.761904761904762,9.720666885375977
2018-04-11,9.279552459716797,9.136418572768,-32.696490899857615,7.5396825396825395,7.5396825396825395,9.724666595458984
2018-04-12,9.808195114135742,9.532104146724594,-25.825021421510954,12.5,12.5,10.278667449951172
2018-04-13,9.57790756225586,10.169529958556469,-24.11475098571789,13.690476190476192,13.690476190476192,10.037332534790039
2018-04-16,9.639615058898926,9.75984730734342,-22.600646558966098,15.277777777777779,15.277777777777779,10.10200023651123
2018-04-17,10.18288803100586,9.825370934111326,-15.785920662926522,21.428571428571427,21.428571428571427,10.671333312988281
2018-04-18,9.867358207702637,9.98822657176221,-15.71219734414747,21.626984126984127,21.626984126984127,10.340666770935059
2018-04-19,8.593144416809082,9.348893132029719,-26.944298020246883,11.30952380952381,11.30952380952381,9.005332946777344
2018-04-20,8.284612655639648,8.588057190140708,-34.66044826683884,6.349206349206349,6.349206349206349,8.682000160217285
2018-04-23,7.951269149780273,8.411842845828781,-39.4654690545148,1.1904761904761905,1.1904761904761905,8.332667350769043
2018-04-24,7.757876396179199,8.153563516851454,-41.24264976106724,0.1984126984126984,0.1984126984126984,8.130000114440918
2018-04-25,7.730521202087402,7.874292104882771,-41.37251763194406,0.1984126984126984,0.1984126984126984,8.101332664489746
2018-04-26,8.202546119689941,8.074043590059949,-35.55986308731839,5.952380952380952,5.952380952380952,8.595999717712402
2018-04-27,8.021245002746582,8.496450940036114,-34.24657536616789,7.738095238095238,7.738095238095238,8.406000137329102
2018-04-30,7.755331993103027,8.015518533505277,-36.34913390027178,4.761904761904762,4.761904761904762,8.12733268737793
2018-05-01,8.138934135437012,7.697444488655053,-32.5648516173276,9.126984126984127,9.126984126984127,8.529333114624023
2018-05-02,8.02696704864502,8.140838213361988,-31.869917924890174,9.920634920634921,9.920634920634921,8.411999702453613
2018-05-03,8.172011375427246,7.824671964614466,-29.430454517775654,11.507936507936508,11.507936507936508,8.564000129699707
2018-05-04,8.761087417602539,7.997705502986582,-20.79467755050511,18.055555555555554,18.055555555555554,9.1813325881958
2018-05-07,9.000919342041016,8.908040554265526,-12.298375625619313,26.190476190476193,26.190476190476193,9.432666778564453
2018-05-08,9.192398071289062,8.903585009393856,-4.549743826210376,32.53968253968254,32.53968253968254,9.633333206176758
2018-05-09,9.58935832977295,9.274463038982958,5.081067946320684,41.86507936507937,41.86507936507937,10.049332618713379
2018-05-10,10.101461410522461,9.708318716868705,16.559315802258897,54.166666666666664,54.166666666666664,10.586000442504883
2018-05-11,9.860361099243164,9.902983857463667,19.14465791199078,57.53968253968254,57.53968253968254,10.333333015441895
2018-05-14,10.248414039611816,10.22551239507227,22.740242002943674,62.5,62.5,10.739999771118164
2018-05-15,9.8858060836792,10.011128099573869,19.90266334450101,59.12698412698413,59.12698412698413,10.359999656677246
2018-05-16,10.284672737121582,9.915068698416416,22.779887106930897,62.89682539682539,62.89682539682539,10.777999877929688
2018-05-17,10.164441108703613,10.170166064011534,22.831405588256764,63.095238095238095,63.095238095238095,10.652000427246094
2018-05-18,9.736948013305664,9.916978814481801,17.046414615640177,53.37301587301587,53.37301587301587,10.204000473022461
2018-05-21,10.041028022766113,10.181617499628619,17.83538033701244,54.36507936507936,54.36507936507936,10.522666931152344
2018-05-22,10.210246086120605,10.30948595029453,20.425195519410426,59.12698412698413,59.12698412698413,10.699999809265137
2018-05-23,10.373735427856445,9.923339479796448,23.566183951704204,64.28571428571429,64.28571428571429,10.871333122253418
2018-05-24,10.481244087219238,10.34765179450792,26.62602831937115,68.05555555555556,68.05555555555556,10.984000205993652
2018-05-25,10.739524841308594,10.464706916986664,30.78899738968995,74.60317460317461,74.60317460317461,11.254667282104492
2018-05-29,10.53404426574707,10.544858979312536,28.67899085088362,72.42063492063492,72.42063492063492,11.03933334350586
2018-05-30,10.742705345153809,10.680997578066386,30.047568081671372,73.61111111111111,73.61111111111111,11.258000373840332
2018-05-31,10.509872436523438,10.669546016297232,26.454339449907227,67.65873015873017,67.65873015873017,11.013999938964844
2018-06-01,11.214093208312988,10.743340929976686,31.38580399985574,76.5873015873016,76.5873015873016,11.751999855041504
2018-06-04,11.488272666931152,11.323509357650234,34.15571929041114,81.34920634920636,81.34920634920636,12.03933334350586
2018-06-05,11.640951156616211,11.577972091556997,35.50765926381948,83.92857142857143,83.92857142857143,12.199333190917969
2018-06-06,11.865511894226074,11.664487790243065,37.72468559392225,88.88888888888889,88.88888888888889,12.434666633605957
2018-06-07,11.550618171691895,11.895412322925681,34.0618143105831,81.34920634920636,81.34920634920636,12.104666709899902
2018-06-08,11.245899200439453,11.139026085058346,25.68537973561144,67.06349206349206,67.06349206349206,11.785332679748535
2018-06-11,11.16256332397461,11.171468809834778,19.49095895459636,57.341269841269835,57.341269841269835,11.697999954223633
2018-06-12,11.333688735961914,11.238902543372445,19.11613880410706,56.15079365079365,56.15079365079365,11.87733268737793
2018-06-13,11.29488468170166,11.33559729883581,17.8616799791931,54.166666666666664,54.166666666666664,11.83666706085205
2018-06-14,11.488272666931152,11.46600713350921,21.652404574484432,60.71428571428571,60.71428571428571,12.03933334350586
2018-06-15,11.466008186340332,11.202005021587103,22.45303274106915,61.50793650793651,61.50793650793651,12.015999794006348
2018-06-18,11.113581657409668,11.196280930788337,14.631161089844156,50.39682539682539,50.39682539682539,11.646666526794434
2018-06-19,10.746479988098145,10.645128218439675,2.056692586048432,36.11111111111111,36.11111111111111,11.239333152770996
2018-06-20,10.915403366088867,11.005281290449023,-1.270449011345634,32.93650793650794,32.93650793650794,11.416000366210938
2018-06-21,10.506169319152832,11.140414698374496,-11.267960697030817,25.198412698412696,25.198412698412696,10.98799991607666
2018-06-22,10.262670516967773,10.64194392585867,-23.193684987403003,14.484126984126986,14.484126984126986,10.733332633972168
2018-06-25,9.356240272521973,9.880210481606527,-31.624419827995876,9.325396825396826,9.325396825396826,9.785332679748535
2018-06-26,9.4544038772583,9.500299364844105,-34.860740116684845,6.547619047619048,6.547619047619048,9.887999534606934
2018-06-27,8.758966445922852,9.594003228070008,-40.42101485729123,1.5873015873015872,1.5873015873015872,9.160667419433594
2018-06-28,8.980156898498535,8.711160502101848,-41.13247605611055,0.5952380952380952,0.5952380952380952,9.392000198364258
2018-06-29,9.019676208496094,9.1822216819862,-41.044040604574285,0.992063492063492,0.992063492063492,9.433333396911621
2018-07-02,9.186046600341797,8.782551586623375,-38.82495585210808,2.7777777777777777,2.7777777777777777,9.607333183288574
2018-07-03,8.666539192199707,9.272100420632105,-41.88044782970633,0.1984126984126984,0.1984126984126984,9.064000129699707
2018-07-05,9.36771297454834,8.966768489383098,-35.807889497743474,6.547619047619048,6.547619047619048,9.797332763671875
2018-07-06,9.721489906311035,9.328193988568533,-28.594109059253736,12.3015873015873,12.3015873015873,10.167332649230957
2018-07-09,9.903158187866211,10.017259534781351,-21.50903407979224,17.46031746031746,17.46031746031746,10.357333183288574
2018-07-10,10.212950706481934,9.943954331022425,-12.96195290614929,25.0,25.0,10.6813325881958
2018-07-11,9.419981956481934,9.701726888578502,-19.069194210152084,20.03968253968254,20.03968253968254,9.85200023651123
2018-07-12,9.622047424316406,9.383010123075305,-19.675838579614393,19.642857142857142,19.642857142857142,10.063332557678223
2018-07-13,9.499028205871582,9.637988582986104,-21.29532766755179,17.857142857142858,17.857142857142858,9.934666633605957
2018-07-16,9.46014404296875,9.511776025714418,-22.117869655264165,17.261904761904763,17.261904761904763,9.894000053405762
2018-07-17,9.879572868347168,9.263812654759324,-15.187299389681137,24.00793650793651,24.00793650793651,10.332667350769043
2018-07-18,10.09311294555664,9.994948092788839,-7.7896614371314925,30.158730158730158,30.158730158730158,10.555999755859375
2018-07-19,10.019171714782715,9.96945190071459,-5.079277056115663,32.142857142857146,32.142857142857146,10.478667259216309
2018-07-20,9.872562408447266,9.937581338154535,-6.349765539595485,31.349206349206348,31.349206349206348,10.325332641601562
2018-07-23,9.913993835449219,9.753361445621943,-3.199266746834467,33.92857142857143,33.92857142857143,10.368666648864746
2018-07-24,9.59400463104248,10.08036632984174,-4.812723461466514,33.13492063492063,33.13492063492063,10.034000396728516
2018-07-25,9.744437217712402,9.548745803727599,-2.3151049842022564,34.523809523809526,34.523809523809526,10.191332817077637
2018-07-26,10.274144172668457,9.91208295043046,11.2797362733563,49.404761904761905,49.404761904761905,10.745332717895508
2018-07-27,10.12625789642334,10.294540730203412,12.104328845586563,50.0,50.0,10.590666770935059
2018-07-30,9.838141441345215,10.106500446726168,5.872371020595849,43.65079365079365,43.65079365079365,10.28933334350586
2018-07-31,10.021718978881836,10.008332947068286,6.6762481707416494,44.24603174603175,44.24603174603175,10.481332778930664
2018-08-01,9.966901779174805,10.089926545005023,5.7089045390842035,43.65079365079365,43.65079365079365,10.423999786376953
2018-08-02,10.276055335998535,9.709378423100109,10.957976281472861,49.60317460317461,49.60317460317461,10.747332572937012
2018-08-03,10.32641315460205,10.279242891465866,14.553097230975148,54.563492063492056,54.563492063492056,10.800000190734863
2018-08-06,10.512547492980957,10.283708261331915,20.855178657066304,63.29365079365079,63.29365079365079,10.994667053222656
2018-08-07,10.770066261291504,10.627918084532704,26.777776269146692,73.21428571428571,73.21428571428571,11.263999938964844
2018-08-08,10.852298736572266,10.71652529855394,30.488217241390185,78.76984126984127,78.76984126984127,11.350000381469727
2018-08-09,10.516368865966797,10.723534148484388,23.490109831598307,68.65079365079364,68.65079365079364,10.998666763305664
2018-08-10,9.724038124084473,9.927379053324882,1.1760210751905171,38.492063492063494,38.492063492063494,10.170000076293945
2018-08-13,9.762284278869629,9.774395537241665,-9.733099410357324,29.166666666666668,29.166666666666668,10.210000038146973
2018-08-14,9.732962608337402,9.937579245242153,-16.252833204379698,22.817460317460316,22.817460317460316,10.179332733154297
2018-08-15,9.332019805908203,9.523886919939349,-25.291059599406868,15.079365079365079,15.079365079365079,9.760000228881836
2018-08-16,9.267001152038574,9.531535817755499,-30.931436972211817,11.30952380952381,11.30952380952381,9.692000389099121
2018-08-17,9.05537223815918,8.994815940763429,-33.65457457357192,9.325396825396826,9.325396825396826,9.470666885375977
2018-08-20,9.034337043762207,9.115290631462226,-35.28097460247568,7.5396825396825395,7.5396825396825395,9.4486665725708
2018-08-21,9.569144248962402,9.140789330361468,-26.671442938339723,14.484126984126986,14.484126984126986,10.008000373840332
2018-08-22,9.694718360900879,9.481816571426782,-19.771259334309846,20.833333333333336,20.833333333333336,10.13933277130127
2018-08-23,9.727865219116211,9.692806208108127,-15.430684620346355,25.396825396825395,25.396825396825395,10.173999786376953
2018-08-24,10.146018981933594,9.844513190604637,-4.593275519694965,35.11904761904761,35.11904761904761,10.611332893371582
2018-08-27,10.621548652648926,10.345539146554353,10.400414011965731,50.99206349206349,50.99206349206349,11.108667373657227
2018-08-28,10.7445707321167,10.764968933630197,21.19623900290773,66.26984126984127,66.26984126984127,11.237333297729492
2018-08-29,10.833810806274414,10.74329550064442,27.77383546294804,77.57936507936508,77.57936507936508,11.330666542053223
2018-08-30,10.5291166305542,10.731182802163628,23.821976105283575,72.42063492063492,72.42063492063492,11.01200008392334
2018-08-31,10.70887279510498,10.45389987213596,24.883943571115598,73.61111111111111,73.61111111111111,11.199999809265137
2018-09-04,10.95492172241211,10.566725845825736,30.160687493186757,81.54761904761905,81.54761904761905,11.457332611083984
2018-09-05,10.79747486114502,10.900100486352763,28.13038824783034,78.96825396825396,78.96825396825396,11.292667388916016
2018-09-06,9.931207656860352,10.701226607873021,10.998277744276761,52.38095238095239,52.38095238095239,10.386667251586914
2018-09-07,9.81072998046875,9.816467372643599,-0.27759771766334557,39.285714285714285,39.285714285714285,10.260666847229004
2018-09-10,10.130722999572754,10.051681560999244,-0.6262625562290088,38.88888888888889,38.88888888888889,10.595333099365234
2018-09-11,9.827939987182617,9.960524610964654,-5.91314896426512,33.730158730158735,33.730158730158735,10.278667449951172
2018-09-12,9.490738868713379,9.501575355329011,-14.265953183424937,26.58730158730159,26.58730158730159,9.925999641418457
2018-09-13,9.824755668640137,9.789696656357778,-12.479069984570891,28.373015873015873,28.373015873015873,10.275333404541016
2018-09-14,10.14346981048584,9.994946864255203,-5.797543887047074,33.730158730158735,33.730158730158735,10.608667373657227
2018-09-17,9.688982009887695,9.96052795025932,-10.209197499176742,30.357142857142854,30.357142857142854,10.133333206176758
2018-09-18,9.961166381835938,9.823480793382801,-8.069483465450762,31.349206349206348,31.349206349206348,10.418000221252441
2018-09-19,10.017895698547363,9.956702013111181,-6.34322581373162,33.33333333333333,33.33333333333333,10.477333068847656
2018-09-20,10.362747192382812,10.177891367241536,1.288750662699895,41.66666666666667,41.66666666666667,10.838000297546387
2018-09-21,10.269682884216309,10.360197273576704,3.476352443730011,44.642857142857146,44.642857142857146,10.740667343139648
2018-09-24,10.378684043884277,10.022996681454336,6.821615797744732,47.817460317460316,47.817460317460316,10.854666709899902
2018-09-25,9.861053466796875,10.277177523004454,-1.8188543514495337,37.698412698412696,37.698412698412696,10.284667015075684
2018-09-26,9.58299732208252,9.76069689403444,-11.60657026461791,29.166666666666668,29.166666666666668,9.994667053222656
2018-09-27,9.707003593444824,9.658423692469782,-13.971779291963493,26.785714285714285,26.785714285714285,10.12399959564209
2018-09-28,9.882782936096191,9.640524488777487,-12.038550157422613,28.968253968253972,28.968253968253972,10.307332992553711
2018-10-01,9.965240478515625,9.964601317636353,-8.98361805629344,31.746031746031743,31.746031746031743,10.393333435058594
2018-10-02,9.981223106384277,9.899405005415263,-7.010901423200925,33.53174603174603,33.53174603174603,10.40999984741211
2018-10-03,9.997842788696289,10.10650840332428,-5.275821485245086,35.51587301587302,35.51587301587302,10.427332878112793
2018-10-04,9.460267066955566,9.818222772151026,-14.395430146686838,26.190476190476193,26.190476190476193,9.866666793823242
2018-10-05,8.792298316955566,9.358636202753358,-26.781096842703185,14.484126984126986,14.484126984126986,9.170000076293945
2018-10-08,8.480363845825195,8.62929840788087,-34.14092603805189,9.523809523809524,9.523809523809524,8.844667434692383
2018-10-09,8.473331451416016,8.416442467008025,-37.939303655380805,4.365079365079365,4.365079365079365,8.837332725524902
2018-10-10,7.348968982696533,8.15628805277974,-41.93372476466485,0.1984126984126984,0.1984126984126984,7.664667129516602
2018-10-11,7.115018844604492,7.331710016367151,-43.07583454255069,0.1984126984126984,0.1984126984126984,7.4206671714782715
2018-10-12,7.511327266693115,7.7094813981842,-41.193033771942254,1.1904761904761905,1.1904761904761905,7.834000110626221
2018-10-15,7.310616493225098,7.405857906273325,-41.39176072349371,0.7936507936507936,0.7936507936507936,7.624667167663574
2018-10-16,8.026525497436523,7.587389926812249,-35.04064305094807,8.928571428571429,8.928571428571429,8.371333122253418
2018-10-17,7.924894332885742,8.18121716134719,-32.42909953011331,11.706349206349206,11.706349206349206,8.26533317565918
2018-10-18,7.331710338592529,7.825177965906273,-36.292428250251945,6.944444444444445,6.944444444444445,7.646667003631592
2018-10-19,6.985898017883301,7.4806448447655605,-40.33680648487974,3.1746031746031744,3.1746031746031744,7.285999774932861
2018-10-22,7.122049331665039,7.127162620594485,-41.29720855924911,1.1904761904761905,1.1904761904761905,7.427999973297119
2018-10-23,7.007630825042725,6.561463047533225,-39.657841880087226,3.571428571428571,3.571428571428571,7.308667182922363
2018-10-24,5.621829032897949,6.6579841186831255,-42.6202725275297,0.3968253968253968,0.3968253968253968,5.863333225250244
2018-10-25,6.004075050354004,5.753506085727084,-42.276974586628874,0.5952380952380952,0.5952380952380952,6.26200008392334
2018-10-26,5.684471607208252,5.598817168585793,-42.811522202623706,0.3968253968253968,0.3968253968253968,5.928667068481445
2018-10-29,5.516998291015625,6.009187434195887,-43.00568450973744,0.3968253968253968,0.3968253968253968,5.754000186920166
2018-10-30,6.203507423400879,5.485677442809392,-38.759673704994654,5.357142857142857,5.357142857142857,6.46999979019165
2018-10-31,6.4265923500061035,6.487955933336076,-34.2012542988602,12.5,12.5,6.702667236328125
2018-11-01,7.311253547668457,6.514801727167673,-22.00084183538929,22.42063492063492,22.42063492063492,7.625332832336426
2018-11-02,6.983340263366699,7.304222890786548,-17.57974604137007,26.38888888888889,26.38888888888889,7.283332824707031
2018-11-05,6.8037238121032715,6.9481847308866085,-15.4633952758538,28.373015873015873,28.373015873015873,7.0960001945495605
2018-11-06,7.05045747756958,6.757061050423033,-9.964960028651813,33.92857142857143,33.92857142857143,7.353332996368408
2018-11-07,7.303583145141602,7.341935551380925,-1.9771971636374972,41.46825396825397,41.46825396825397,7.617332935333252
2018-11-08,7.207701683044434,7.0945619544881255,0.9551542233569582,44.24603174603175,44.24603174603175,7.517333030700684
2018-11-09,6.805640697479248,6.903439191522787,-3.438225868286715,39.88095238095239,39.88095238095239,7.0980000495910645
2018-11-12,5.913948059082031,6.477089289230699,-16.649898831681824,26.58730158730159,26.58730158730159,6.168000221252441
2018-11-13,6.132556915283203,6.009189660407139,-20.332619795754844,24.00793650793651,24.00793650793651,6.395999908447266
2018-11-14,6.204147815704346,6.359475400371402,-21.2876253257157,23.015873015873016,23.015873015873016,6.470666885375977
2018-11-15,6.831849098205566,6.13511360616812,-10.17382489038926,33.92857142857143,33.92857142857143,7.125332832336426
2018-11-16,6.58767032623291,6.1268014623705,-6.611957570789478,36.904761904761905,36.904761904761905,6.870666980743408
2018-11-19,5.821261405944824,6.426591745145599,-15.772321819201487,28.373015873015873,28.373015873015873,6.071332931518555
2018-11-20,5.848748207092285,5.343135630724762,-20.04228222663479,24.801587301587304,24.801587301587304,6.099999904632568
2018-11-21,5.918420791625977,6.059045807646353,-20.9332390860763,23.41269841269841,23.41269841269841,6.172667026519775
2018-11-23,5.915865421295166,5.816788582958744,-21.43090215873945,22.61904761904762,22.61904761904762,6.170000076293945
2018-11-26,6.2501702308654785,6.1683507592369855,-15.500074506427264,29.365079365079367,29.365079365079367,6.518667221069336
2018-11-27,6.290441036224365,6.142144679608695,-11.19951998153673,34.32539682539682,34.32539682539682,6.560667037963867
2018-11-28,6.722543716430664,6.479005524293041,-0.1325783074828386,45.63492063492063,45.63492063492063,7.011332988739014
2018-11-29,6.562741756439209,6.626023265744553,1.9087434293745524,47.817460317460316,47.817460317460316,6.844666957855225
2018-11-30,6.8324875831604,6.580001138637704,8.995314385333014,54.761904761904766,54.761904761904766,7.125999927520752
2018-12-03,7.384762763977051,7.476168734911384,20.570283347969845,69.84126984126983,69.84126984126983,7.702000141143799
2018-12-04,6.307699203491211,7.213455377527826,6.89706263711136,53.17460317460318,53.17460317460318,6.578667163848877
2018-12-06,6.204147815704346,5.789941685253535,-2.6584799508817256,42.65873015873016,42.65873015873016,6.470666885375977
2018-12-07,5.509328365325928,6.162598066601566,-19.025229213628574,26.38888888888889,26.38888888888889,5.745999813079834
2018-12-10,5.742640018463135,5.479925574499706,-23.225607682269086,20.833333333333336,20.833333333333336,5.989333152770996
2018-12-11,5.844273090362549,6.012385255098436,-23.912140719219988,20.634920634920633,20.634920634920633,6.095333099365234
2018-12-12,6.103152751922607,6.1242464414022315,-19.040220441386598,26.785714285714285,26.785714285714285,6.365333080291748
2018-12-13,6.035396575927734,6.217570746094176,-17.67481117800714,27.77777777777778,27.77777777777778,6.294666767120361
2018-12-14,5.777795791625977,5.832767302054114,-21.98082159428681,22.817460317460316,22.817460317460316,6.026000022888184
2018-12-17,5.561105251312256,5.720907425892706,-27.573601468842746,17.261904761904763,17.261904761904763,5.800000190734863
2018-12-18,5.780991077423096,5.701090463281229,-26.510529915177056,18.650793650793652,18.650793650793652,6.029333114624023
2018-12-19,5.050378799438477,5.72538200026439,-33.464714411209314,13.095238095238097,13.095238095238097,5.267333030700684
2018-12-20,4.921257495880127,5.024808890633991,-36.57818944755834,8.134920634920634,8.134920634920634,5.132667064666748
2018-12-21,4.695616722106934,5.0164988516919395,-39.71832920323975,4.365079365079365,4.365079365079365,4.897333145141602
2018-12-24,4.2878031730651855,4.572250868438495,-42.20132430473749,1.1904761904761905,1.1904761904761905,4.4720001220703125
2018-12-26,5.024809837341309,4.461029051645376,-34.65167119375159,12.5,12.5,5.24066686630249
2018-12-27,5.13726806640625,4.769678876912538,-29.06560825064391,17.46031746031746,17.46031746031746,5.338666915893555
2018-12-28,5.245683193206787,5.248891462785254,-24.231140100263858,21.825396825396826,21.825396825396826,5.451333045959473
2018-12-31,5.345119476318359,5.4253087881491835,-19.377450518649496,28.57142857142857,28.57142857142857,5.554666996002197
2019-01-02,5.486894130706787,4.9852280308998305,-14.484563386541646,33.92857142857143,33.92857142857143,5.702000141143799
2019-01-03,4.511789321899414,5.1148147418912755,-25.649330960981352,21.23015873015873,21.23015873015873,4.688666820526123
2019-01-04,5.094928741455078,4.7363205313183085,-22.17072411230307,24.206349206349206,24.206349206349206,5.294666767120361
2019-01-07,5.393876075744629,5.195006395130972,-10.956457806903789,38.2936507936508,38.2936507936508,5.605332851409912
2019-01-08,5.3111186027526855,5.557461161412338,-6.48264260221344,42.46031746031746,42.46031746031746,5.5193328857421875
2019-01-09,5.721690654754639,5.4638006799528815,4.27418011310981,54.563492063492056,54.563492063492056,5.946000099182129
2019-01-10,5.8827104568481445,5.543348260592372,12.842315757694037,62.5,62.5,6.113333225250244
2019-01-11,6.046937465667725,5.791614381990577,20.024036571894804,71.82539682539682,71.82539682539682,6.283999919891357
2019-01-14,5.760822772979736,5.821766596646144,19.03051155006903,69.84126984126983,69.84126984126983,5.986667156219482
2019-01-15,5.798670291900635,5.801236631924823,20.266720683040575,72.22222222222221,72.22222222222221,6.026000022888184
2019-01-16,5.656897068023682,5.869880415589734,17.93920501634293,68.05555555555556,68.05555555555556,5.878666877746582
2019-01-17,5.852558135986328,5.575423206870198,20.845651814727688,72.61904761904762,72.61904761904762,6.081999778747559
2019-01-18,6.254148006439209,6.027050959271656,27.619185568602028,82.34126984126983,82.34126984126983,6.499332904815674
2019-01-22,5.728105545043945,6.077089799795949,21.560286354672158,73.61111111111111,73.61111111111111,5.952667236328125
2019-01-23,5.608783721923828,5.8384462264275,15.520642645857482,64.88095238095238,64.88095238095238,5.828667163848877
2019-01-24,6.567849159240723,5.959050216675375,26.389551224995984,79.96031746031747,79.96031746031747,6.825333118438721
2019-01-25,6.987401962280273,6.634568451555589,34.08439149349487,90.27777777777779,90.27777777777779,7.261332988739014
2019-01-28,6.561434745788574,6.209882829974751,31.257142384945464,86.70634920634922,86.70634920634922,6.818666934967041
2019-01-29,6.2778849601745605,6.59864312549248,25.673213262254464,78.76984126984127,78.76984126984127,6.52400016784668
2019-01-30,6.822532653808594,6.616605504017204,30.1000666511153,84.52380952380952,84.52380952380952,7.090000152587891
2019-01-31,6.827664852142334,6.799438316063256,32.43317916493747,88.29365079365078,88.29365079365078,7.095333099365234
2019-02-01,7.06630802154541,6.838570430325264,35.887753451118826,92.06349206349206,92.06349206349206,7.343332767486572
2019-02-04,7.172800064086914,7.082346318267886,39.278020586196725,95.03968253968253,95.03968253968253,7.453999996185303
2019-02-05,7.272878170013428,7.184990747756956,40.42513832533766,96.03174603174604,96.03174603174604,7.558000087738037
2019-02-06,7.857300281524658,7.53782500467181,41.12175958459827,96.42857142857143,96.42857142857143,8.165332794189453
2019-02-07,7.332538604736328,7.5699001079544095,34.74356110854346,90.27777777777779,90.27777777777779,7.619999885559082
2019-02-08,7.302389144897461,6.998951076083608,30.440433468505134,84.12698412698413,84.12698412698413,7.588666915893555
2019-02-11,7.406953811645508,7.4152938447445464,29.75209055475575,83.13492063492063,83.13492063492063,7.697332859039307
2019-02-12,7.873979091644287,7.68537347319758,35.395529440497384,90.67460317460318,90.67460317460318,8.182666778564453
2019-02-13,7.942620754241943,8.017678300397481,38.05737746446349,93.05555555555556,93.05555555555556,8.253999710083008
2019-02-14,8.004849433898926,7.8290727595089615,39.51857481218578,95.03968253968253,95.03968253968253,8.3186674118042
2019-02-15,8.134434700012207,8.210776109623914,40.87719149250419,96.03174603174604,96.03174603174604,8.453332901000977
2019-02-19,8.081830024719238,7.991376279844606,40.980169940171024,96.03174603174604,96.03174603174604,8.398667335510254
2019-02-20,8.304436683654785,8.152397180148402,41.662516568001635,96.62698412698413,96.62698412698413,8.630000114440918
2019-02-21,8.12160587310791,8.326250591157736,39.96190196611384,94.44444444444444,94.44444444444444,8.4399995803833
2019-02-22,8.375001907348633,8.31662443547485,41.31756734689077,96.23015873015873,96.23015873015873,8.703332901000977
2019-02-25,8.585421562194824,8.789423856318459,40.667285391211365,95.03968253968253,95.03968253968253,8.92199993133545
2019-02-26,8.407721519470215,8.496250870197638,38.125826349351996,91.66666666666666,91.66666666666666,8.737333297729492
2019-02-27,8.110698699951172,8.289681793479325,31.353443100923457,84.12698412698413,84.12698412698413,8.428667068481445
2019-02-28,8.130585670471191,8.009980966217197,27.706295489771904,79.56349206349206,79.56349206349206,8.449333190917969
2019-03-01,8.342925071716309,8.374359865957674,29.01830877589272,81.34920634920636,81.34920634920636,8.670000076293945
2019-03-04,8.34677791595459,8.530252254919837,29.283136064632885,81.34920634920636,81.34920634920636,8.673999786376953
2019-03-05,8.227456092834473,8.324966037777253,25.900410237377685,76.5873015873016,76.5873015873016,8.550000190734863
2019-03-06,7.825223922729492,8.202436089658452,15.052156201670075,63.095238095238095,63.095238095238095,8.131999969482422
2019-03-07,7.558993816375732,7.6982034593419,2.37985224727637,50.595238095238095,50.595238095238095,7.855332851409912
2019-03-08,7.546806335449219,7.161896047364162,-4.609849759685611,44.047619047619044,44.047619047619044,7.842667102813721
2019-03-11,8.085038185119629,7.687297613649452,4.128911186133582,51.78571428571429,51.78571428571429,8.402000427246094
2019-03-12,8.179340362548828,8.138924974602347,9.487671606139743,55.75396825396825,55.75396825396825,8.5
2019-03-13,8.279417991638184,8.309568938874332,14.615434964293348,62.301587301587304,62.301587301587304,8.604000091552734
2019-03-14,8.138282775878906,8.285190512009283,13.92391767225402,60.317460317460316,60.317460317460316,8.457332611083984
2019-03-15,8.839461326599121,8.434664131827677,26.018618411357743,76.5873015873016,76.5873015873016,9.185999870300293
2019-03-18,8.781726837158203,8.895275378563797,31.0491075292152,83.53174603174604,83.53174603174604,9.12600040435791
2019-03-19,9.137306213378906,9.025483623225213,36.656965070198275,90.87301587301587,90.87301587301587,9.478667259216309
2019-03-20,8.877033233642578,9.12509865756387,34.650308963217235,88.09523809523809,88.09523809523809,9.208666801452637
2019-03-21,9.797318458557129,8.904024447027385,38.21509783080823,91.86507936507937,91.86507936507937,10.16333293914795
2019-03-22,8.963788986206055,9.650789849718567,28.99248961523221,80.95238095238095,80.95238095238095,9.298666954040527
2019-03-25,8.621894836425781,8.815334548953514,19.154919681476436,67.65873015873017,67.65873015873017,8.944000244140625
2019-03-26,8.884101867675781,8.983713970737625,17.042874672912404,64.28571428571429,64.28571428571429,9.215999603271484
2019-03-27,8.494651794433594,8.900810619960655,10.224738525991587,55.952380952380956,55.952380952380956,8.812000274658203
2019-03-28,8.450305938720703,8.57048341214379,5.774554580573846,52.57936507936508,52.57936507936508,8.765999794006348
2019-03-29,8.839115142822266,8.747215306691743,9.181699379705236,55.158730158730165,55.158730158730165,9.169333457946777
2019-04-01,9.490128517150879,9.232422110555538,20.193838615579722,69.04761904761905,69.04761904761905,9.844667434692383
2019-04-02,9.520331382751465,9.47534492781508,26.231559667757043,76.5873015873016,76.5873015873016,9.87600040435791
2019-04-03,10.168776512145996,9.868012341796282,32.98428471142448,86.11111111111111,86.11111111111111,10.548666954040527
2019-04-04,10.207332611083984,10.060163630748706,36.75278062328714,90.67460317460318,90.67460317460318,10.588666915893555
2019-04-05,10.4406156539917,10.403984985736674,40.325909401968424,94.44444444444444,94.44444444444444,10.830666542053223
2019-04-08,10.51580810546875,10.298589913664633,42.160500271541956,97.61904761904762,97.61904761904762,10.908666610717773
2019-04-09,10.161059379577637,10.346786837884997,38.6576121778959,91.66666666666666,91.66666666666666,10.540666580200195
2019-04-10,10.421980857849121,10.159777095169828,39.45884235642499,93.25396825396825,93.25396825396825,10.811332702636719
2019-04-11,10.39627456665039,10.475321255164047,38.86905966943862,91.46825396825396,91.46825396825396,10.784667015075684
2019-04-12,10.828781127929688,10.693823604820127,41.39693518350177,96.03174603174604,96.03174603174604,11.233332633972168
2019-04-15,10.598069190979004,10.824926558888544,39.34285309396851,92.46031746031747,92.46031746031747,10.994000434875488
2019-04-16,11.607686042785645,10.796009164866163,41.92611629659539,96.62698412698413,96.62698412698413,12.041333198547363
2019-04-17,12.135947227478027,12.27476134154663,41.068475837169814,95.03968253968253,95.03968253968253,12.589332580566406
2019-04-18,12.159083366394043,12.147515446658796,40.72758987080715,94.24603174603175,94.24603174603175,12.613332748413086
2019-04-22,12.164227485656738,11.985568685947724,40.57272715895276,93.84920634920636,93.84920634920636,12.618666648864746
2019-04-23,12.529255867004395,12.317822063927874,42.02413913586048,97.42063492063492,97.42063492063492,12.997332572937012
2019-04-24,12.89235782623291,12.500336479685233,41.77499632614308,96.03174603174604,96.03174603174604,13.37399959564209
2019-04-25,12.190576553344727,12.785035181561728,37.55194189702112,88.29365079365078,88.29365079365078,12.645999908447266
2019-04-26,11.885313034057617,11.499076120063535,32.249751834451466,81.94444444444444,81.94444444444444,12.329333305358887
2019-04-29,11.822976112365723,11.925801268141237,27.79562814731602,75.79365079365078,75.79365079365078,12.264666557312012
2019-04-30,12.085179328918457,11.769634257136374,27.184808232478975,74.60317460317461,74.60317460317461,12.536666870117188
2019-05-01,11.78891372680664,12.46820339844921,22.220371561405898,67.65873015873017,67.65873015873017,12.22933292388916
2019-05-02,12.181578636169434,11.727218507631397,23.14924486796385,69.04761904761905,69.04761904761905,12.636667251586914
2019-05-03,12.425786972045898,12.400079769208157,25.898248396144524,72.22222222222221,72.22222222222221,12.890000343322754
2019-05-06,11.815261840820312,11.18802744328163,17.326891272955653,60.51587301587301,60.51587301587301,12.256667137145996
2019-05-07,10.952817916870117,11.37632907168105,0.5508416126883124,45.43650793650794,45.43650793650794,11.362000465393066
2019-05-08,10.68996810913086,10.724671869753623,-11.992952738592042,34.92063492063492,34.92063492063492,11.089332580566406
2019-05-09,10.309516906738281,10.18612635560538,-20.786225091922876,25.396825396825395,25.396825396825395,10.694666862487793
2019-05-10,10.339722633361816,10.101938981097085,-25.030230185345413,20.436507936507937,20.436507936507937,10.72599983215332
2019-05-13,8.880245208740234,9.314682562171512,-33.9833102590079,12.896825396825399,12.896825396825399,9.211999893188477
2019-05-14,9.515832901000977,9.209285315133808,-33.61175099974413,13.293650793650794,13.293650793650794,9.871333122253418
2019-05-15,9.749116897583008,9.179080374165087,-31.48725978522654,15.674603174603174,15.674603174603174,10.113332748413086
2019-05-16,9.254273414611816,9.318539138370966,-33.9151442583956,13.095238095238097,13.095238095238097,9.600000381469727
2019-05-17,8.707369804382324,8.825617607273381,-37.84370368050291,7.341269841269842,7.341269841269842,9.03266716003418
2019-05-20,7.663693428039551,7.927825923132332,-40.80392592306001,3.373015873015873,3.373015873015873,7.949999809265137
2019-05-21,8.1456880569458,8.161755177355056,-39.51312117767608,4.9603174603174605,4.9603174603174605,8.449999809265137
2019-05-22,7.636058807373047,7.6945410197915205,-41.35442590265488,2.1825396825396823,2.1825396825396823,7.921332836151123
2019-05-23,7.249822616577148,7.202265252021845,-41.887715638871626,1.5873015873015872,1.5873015873015872,7.52066707611084
2019-05-24,7.061522483825684,7.43490711863526,-43.02799116578828,0.3968253968253968,0.3968253968253968,7.325333118438721
2019-05-28,6.869367599487305,7.188768287087655,-44.11305853850928,0.0,0.0,7.125999927520752
2019-05-29,6.962554931640625,6.700350255395093,-43.3874385127474,0.1984126984126984,0.1984126984126984,7.222667217254639
2019-05-30,7.121290683746338,7.0332469708275775,-42.104899186705744,1.984126984126984,1.984126984126984,7.387332916259766
2019-05-31,6.812172889709473,6.855873209491163,-42.77717071078173,1.3888888888888888,1.3888888888888888,7.066667079925537
2019-06-03,6.8777241706848145,7.067950426452404,-42.67981344413723,1.5873015873015872,1.5873015873015872,7.134666919708252
2019-06-04,7.750451564788818,7.262031275665434,-35.87007583971363,11.706349206349206,11.706349206349206,8.039999961853027
2019-06-05,7.59621524810791,8.005588930391008,-32.72979830621747,16.46825396825397,16.46825396825397,7.880000114440918
2019-06-06,7.911758899688721,7.593643845215192,-27.714221027596224,20.634920634920633,20.634920634920633,8.207332611083984
2019-06-07,8.15982437133789,7.967668962324652,-19.94426494119751,30.753968253968257,30.753968253968257,8.464667320251465
2019-06-10,8.796055793762207,8.532565027896508,-7.574915776391124,42.857142857142854,42.857142857142854,9.124667167663574
2019-06-11,8.862251281738281,9.290904264565738,2.6365393675276256,51.98412698412699,51.98412698412699,9.19333267211914
2019-06-12,8.236945152282715,8.600688825542006,-0.9916610398898832,48.61111111111111,48.61111111111111,8.54466724395752
2019-06-13,8.393112182617188,8.452879630225123,-0.4446250309617343,49.007936507936506,49.007936507936506,8.706666946411133
2019-06-14,7.727960109710693,7.647626818495247,-8.928689845919365,41.86507936507937,41.86507936507937,8.016667366027832
2019-06-17,7.572436809539795,7.744026425841067,-14.49098073280504,36.7063492063492,36.7063492063492,7.855332851409912
2019-06-18,8.560201644897461,7.851350016009601,-0.8591743417301272,48.80952380952381,48.80952380952381,8.880000114440918
2019-06-19,8.576913833618164,8.701589647561628,6.626048447212223,54.36507936507936,54.36507936507936,8.897333145141602
2019-06-20,8.814695358276367,9.13023956452317,14.195706956092266,60.51587301587301,60.51587301587301,9.144000053405762
2019-06-21,8.63282299041748,8.686164326531046,15.301035529849633,62.10317460317461,62.10317460317461,8.95533275604248
2019-06-24,8.690016746520996,8.689374135442305,16.822581078217162,63.29365079365079,63.29365079365079,9.014666557312012
2019-06-25,8.320859909057617,8.7128009282806,11.385128735941969,58.333333333333336,58.333333333333336,8.619333267211914
2019-06-26,9.102808952331543,8.870477402959821,20.150607224092496,67.65873015873017,67.65873015873017,9.429332733154297
2019-06-27,9.50440502166748,9.270785454010404,26.594623582407028,75.9920634920635,75.9920634920635,9.845333099365234
2019-06-28,9.543663024902344,9.77535290123182,29.111507299882327,80.15873015873017,80.15873015873017,9.88599967956543
2019-07-01,10.315960884094238,10.792854878549983,31.02640817375863,81.94444444444444,81.94444444444444,10.685999870300293
2019-07-02,9.883475303649902,10.194325474639196,26.98483454852216,76.19047619047619,76.19047619047619,10.23799991607666
2019-07-03,9.729660034179688,9.92144712976452,22.357984570997722,69.44444444444444,69.44444444444444,10.078666687011719
2019-07-05,9.574555397033691,9.412372760492845,17.438866774622376,63.095238095238095,63.095238095238095,9.918000221252441
2019-07-08,9.342866897583008,9.310687414205722,11.874235383054032,56.94444444444444,56.94444444444444,9.678000450134277
2019-07-09,9.558465957641602,9.205784222324052,11.294132599106868,56.547619047619044,56.547619047619044,9.90133285522461
2019-07-10,9.759262084960938,9.87639454486958,13.341210625077164,57.738095238095234,57.738095238095234,10.109333038330078
2019-07-11,9.833272933959961,9.904710763570082,15.193329883704438,60.317460317460316,60.317460317460316,10.185999870300293
2019-07-12,10.395121574401855,9.938822503919399,22.77271840967121,70.23809523809523,70.23809523809523,10.767999649047852
2019-07-15,10.637110710144043,10.554731841931206,29.153983526287835,79.96031746031747,79.96031746031747,11.018667221069336
2019-07-16,10.292789459228516,10.483289415723194,27.786253136202195,77.38095238095238,77.38095238095238,10.661999702453613
2019-07-17,10.379033088684082,10.518690202820293,27.533162582261884,76.38888888888889,76.38888888888889,10.751333236694336
2019-07-18,10.854641914367676,10.422154432647146,32.470519850616,84.32539682539682,84.32539682539682,11.244000434875488
2019-07-19,10.782556533813477,11.001373872022809,33.482148628601564,85.11904761904762,85.11904761904762,11.169333457946777
2019-07-22,11.413909912109375,10.971126920138278,37.96715486844063,89.48412698412699,89.48412698412699,11.823332786560059
2019-07-23,11.848325729370117,11.65203393789884,40.843321697514995,94.44444444444444,94.44444444444444,12.273332595825195
2019-07-24,12.928258895874023,12.099325656055468,42.2487282034743,97.81746031746032,97.81746031746032,13.392000198364258
2019-07-25,12.27245044708252,12.688203221917238,38.75755420754218,90.07936507936508,90.07936507936508,12.712667465209961
2019-07-26,12.263439178466797,12.520227874843044,36.43634504914944,87.6984126984127,87.6984126984127,12.703332901000977
2019-07-29,12.358043670654297,12.16368246692361,35.884145230740465,86.70634920634922,86.70634920634922,12.8013334274292
2019-07-30,12.27437973022461,12.02466994185072,34.74311507430045,85.31746031746032,85.31746031746032,12.714667320251465
2019-07-31,11.088903427124023,12.077444253418916,19.745842649136048,64.0873015873016,64.0873015873016,11.486666679382324
2019-08-01,10.423439979553223,10.970484828087402,3.628211828915696,49.007936507936506,49.007936507936506,10.797332763671875
2019-08-02,9.93496036529541,10.091350270472464,-11.023822044572684,36.507936507936506,36.507936507936506,10.291333198547363
2019-08-05,8.636861801147461,9.061626009435326,-25.259339500002675,21.23015873015873,21.23015873015873,8.946666717529297
2019-08-06,8.983748435974121,9.09122605610512,-29.82610808132969,17.658730158730158,17.658730158730158,9.305999755859375
2019-08-07,9.172958374023438,8.579576525007543,-30.261211605639478,17.46031746031746,17.46031746031746,9.501999855041504
2019-08-08,9.922733306884766,9.452274676762114,-23.0012142308214,23.61111111111111,23.61111111111111,10.278667449951172
2019-08-09,9.367965698242188,9.602872314210373,-24.52419940288733,22.22222222222222,22.22222222222222,9.704000473022461
2019-08-12,9.032017707824707,9.135634126981753,-28.061872190845104,18.849206349206348,18.849206349206348,9.355999946594238
2019-08-13,9.829414367675781,8.997263549943227,-21.659476416622493,25.595238095238095,25.595238095238095,10.182000160217285
2019-08-14,8.907807350158691,9.151724444295986,-26.610421617330598,20.436507936507937,20.436507936507937,9.227333068847656
2019-08-15,8.834434509277344,9.14528456855092,-29.921735040342213,17.46031746031746,17.46031746031746,9.15133285522461
2019-08-16,9.557178497314453,9.214793327195444,-24.580098448795418,22.42063492063492,22.42063492063492,9.899999618530273
2019-08-19,10.106155395507812,10.224574032926977,-16.354126163649322,31.746031746031743,31.746031746031743,10.468667030334473
2019-08-20,9.945903778076172,10.033430921192345,-13.358881335386256,35.51587301587302,35.51587301587302,10.302666664123535
2019-08-21,10.227790832519531,10.265117669398359,-9.066629994099017,38.69047619047619,38.69047619047619,10.594667434692383
2019-08-22,10.216849327087402,10.284425045806415,-6.187061580366594,41.46825396825397,41.46825396825397,10.583333015441895
2019-08-23,8.893004417419434,9.821048399063141,-18.55688400664472,29.96031746031746,29.96031746031746,9.211999893188477
2019-08-26,9.11310863494873,9.333857540364422,-22.37124357891593,24.206349206349206,24.206349206349206,9.4399995803833
2019-08-27,9.017858505249023,9.341580275178346,-25.26544352911283,21.23015873015873,21.23015873015873,9.341333389282227
2019-08-28,9.183257102966309,8.876269128003436,-24.47973979866021,22.42063492063492,22.42063492063492,9.512666702270508
2019-08-29,9.804959297180176,9.589359578781803,-15.724663399164129,32.34126984126984,32.34126984126984,10.15666675567627
2019-08-30,9.972291946411133,10.079126982387402,-0.11585496707498952,46.230158730158735,46.230158730158735,10.329999923706055
2019-09-03,9.45356273651123,9.654359280137232,-1.3389988770147137,44.047619047619044,44.047619047619044,9.792667388916016
2019-09-04,10.226503372192383,9.910504945984487,11.768458341228015,55.35714285714286,55.35714285714286,10.59333324432373
2019-09-05,11.181577682495117,10.879737955340058,20.27787963172921,65.07936507936508,65.07936507936508,11.582667350769043
2019-09-06,11.226628303527832,11.236926696416742,25.281600890524285,70.83333333333334,70.83333333333334,11.629332542419434
2019-09-09,11.384308815002441,11.442874143385938,28.579050982004023,77.18253968253968,77.18253968253968,11.792667388916016
2019-09-10,11.534258842468262,11.206032379340337,31.660159613066597,81.34920634920636,81.34920634920636,11.947999954223633
2019-09-11,12.051057815551758,11.699663076480686,35.84455465346698,86.5079365079365,86.5079365079365,12.483332633972168
2019-09-12,12.157248497009277,12.357402468927202,36.38286718059165,87.5,87.5,12.59333324432373
2019-09-13,12.04719352722168,12.161107404873107,35.01911586595903,85.11904761904762,85.11904761904762,12.47933292388916
2019-09-16,11.80199146270752,11.713177253260454,31.51295156850181,80.35714285714286,80.35714285714286,12.225333213806152
2019-09-17,11.909466743469238,11.722827971795807,30.587098046937705,78.57142857142857,78.57142857142857,12.33666706085205
2019-09-18,11.932636260986328,11.866346696444015,30.463832862491273,78.17460317460318,78.17460317460318,12.36066722869873
2019-09-19,11.751147270202637,12.040115416802806,27.836494831545338,74.60317460317461,74.60317460317461,12.172666549682617
2019-09-20,11.095985412597656,11.893381914462923,18.37968762449066,61.111111111111114,61.111111111111114,11.494000434875488
2019-09-23,11.435149192810059,11.030336545252236,17.089435637809483,59.72222222222222,59.72222222222222,11.845333099365234
2019-09-24,10.881528854370117,11.693872083646378,9.720739873099301,52.57936507936508,52.57936507936508,11.251999855041504
2019-09-25,11.437922477722168,10.702945000548878,12.299574167953024,55.55555555555556,55.55555555555556,11.827333450317383
2019-09-26,11.47402572631836,11.448881747726869,13.893753786331903,56.34920634920635,56.34920634920635,11.864666938781738
2019-09-27,10.637828826904297,11.225165776424546,2.036136338691657,47.42063492063492,47.42063492063492,11.0
2019-09-30,10.974369049072266,10.831242146988059,0.499877894749152,46.230158730158735,46.230158730158735,11.347999572753906
2019-10-01,10.673929214477539,11.19228169940103,-4.706655050212417,42.26190476190476,42.26190476190476,11.037332534790039
2019-10-02,10.170409202575684,10.356731783494824,-18.047791238590456,29.96031746031746,29.96031746031746,10.516667366027832
2019-10-03,10.690693855285645,10.188458098762608,-15.903334405726977,31.944444444444443,31.944444444444443,11.054667472839355
2019-10-04,11.270295143127441,10.796427573624207,-6.575331767410305,40.67460317460318,40.67460317460318,11.654000282287598
2019-10-07,11.013697624206543,11.172942200650947,-5.703346962654489,42.26190476190476,42.26190476190476,11.388667106628418
2019-10-08,10.000846862792969,10.670062342297301,-19.586200886882494,28.57142857142857,28.57142857142857,10.341333389282227
2019-10-09,10.505016326904297,10.412177377300793,-19.565408284123148,28.76984126984127,28.76984126984127,10.862667083740234
2019-10-10,10.810613632202148,10.581093522344986,-15.10719139050407,34.12698412698413,34.12698412698413,11.178667068481445
2019-10-11,11.536561012268066,11.411486726901979,-1.2465597106963722,46.03174603174603,46.03174603174603,11.929332733154297
2019-10-14,11.53463077545166,11.49659246469598,7.122785322441505,53.37301587301587,53.37301587301587,11.927332878112793
2019-10-15,12.290882110595703,11.732557205428003,19.956373640762124,65.67460317460318,65.67460317460318,12.709333419799805
2019-10-16,11.756410598754883,12.113583631822973,18.746218891000932,63.888888888888886,63.888888888888886,12.15666675567627
2019-10-17,11.879551887512207,12.181278686827824,19.77321589133739,65.67460317460318,65.67460317460318,12.284000396728516
2019-10-18,11.483053207397461,11.801543353699312,14.537184505646367,59.32539682539682,59.32539682539682,11.87399959564209
2019-10-21,12.136148452758789,11.75834504180996,20.44305961172298,67.65873015873017,67.65873015873017,12.549332618713379
2019-10-22,11.8524751663208,12.204490906494314,19.292664184092338,65.27777777777779,65.27777777777779,12.255999565124512
2019-10-23,11.163270950317383,11.194862550156525,8.667075197961507,53.769841269841265,53.769841269841265,11.543333053588867
2019-10-24,11.973033905029297,11.604900605219353,14.286572124063024,59.32539682539682,59.32539682539682,12.380666732788086
2019-10-25,12.70994758605957,12.045889430928113,23.28806716976784,71.82539682539682,71.82539682539682,13.142666816711426
2019-10-28,13.376585006713867,12.95945392484152,29.978136762849577,81.34920634920636,81.34920634920636,13.831999778747559
2019-10-29,13.025859832763672,13.44105878694899,28.078273230421264,78.96825396825396,78.96825396825396,13.469332695007324
2019-10-30,13.027791976928711,13.290836741039485,27.078008481517607,76.38888888888889,76.38888888888889,13.471332550048828
2019-10-31,12.782801628112793,12.86596960901581,23.321274042072776,72.02380952380952,72.02380952380952,13.218000411987305
2019-11-01,13.664128303527832,13.147710639636148,29.979635810818568,82.14285714285714,82.14285714285714,14.129332542419434
2019-11-04,14.558995246887207,14.182479342690804,35.57291196113362,90.27777777777779,90.27777777777779,15.054667472839355
2019-11-05,14.642809867858887,14.734360412390668,37.49179512886946,92.26190476190477,92.26190476190477,15.141332626342773
2019-11-06,14.312714576721191,14.564799045364518,34.94374822788682,89.48412698412699,89.48412698412699,14.800000190734863
2019-11-07,14.593812942504883,14.999340023494812,35.46824067645163,90.27777777777779,90.27777777777779,15.090666770935059
2019-11-08,14.826555252075195,14.415226145785397,37.284611231136715,92.65873015873017,92.65873015873017,15.33133316040039
2019-11-11,14.585428237915039,14.43456437095459,35.28271697581744,90.07936507936508,90.07936507936508,15.081999778747559
2019-11-12,14.714374542236328,14.802056147850577,35.646579586383886,91.26984126984127,91.26984126984127,15.215332984924316
2019-11-13,14.705989837646484,14.398460092390803,35.648044889366325,91.26984126984127,91.26984126984127,15.206666946411133
2019-11-14,14.584783554077148,14.559639576274119,33.744411312032,87.6984126984127,87.6984126984127,15.08133316040039
2019-11-15,14.963876724243164,15.105069612750162,35.12730390359347,89.68253968253968,89.68253968253968,15.473333358764648
2019-11-18,14.872971534729004,14.974193039410835,34.66140151499225,88.4920634920635,88.4920634920635,15.379332542419434
2019-11-19,14.642809867858887,15.054139881241635,30.846576190187026,83.73015873015873,83.73015873015873,15.141332626342773
2019-11-20,14.139284133911133,14.404906634329699,22.252645251950277,70.23809523809523,70.23809523809523,14.620667457580566
2019-11-21,13.656392097473145,13.932331199177256,9.953600590185738,55.158730158730165,55.158730158730165,14.121333122253418
2019-11-22,13.649300575256348,13.871727443109668,1.3127719160927058,49.007936507936506,49.007936507936506,14.11400032043457
2019-11-25,14.642163276672363,14.054825504867447,9.575682217370955,54.761904761904766,54.761904761904766,15.140666961669922
2019-11-26,14.444234848022461,14.56737513031276,10.949146250046605,56.34920634920635,56.34920634920635,14.935999870300293
2019-11-27,14.753700256347656,14.667952672640405,15.688577293150324,62.5,62.5,15.255999565124512
2019-11-29,14.276609420776367,14.54094352832611,10.997077688940365,56.74603174603175,56.74603174603175,14.762666702270508
2019-12-02,13.648656845092773,14.288216721030947,-4.64970339878354,43.84920634920635,43.84920634920635,14.113332748413086
2019-12-03,13.024568557739258,12.720261241983158,-18.208511918140786,30.357142857142854,30.357142857142854,13.468000411987305
2019-12-04,13.636405944824219,13.602880332846182,-16.826603011053113,31.150793650793652,31.150793650793652,14.100666999816895
2019-12-05,13.800166130065918,13.845295810337259,-14.137498443213925,35.51587301587302,35.51587301587302,14.270000457763672
2019-12-06,14.441656112670898,14.270806557354964,-3.3165119861085133,44.642857142857146,44.642857142857146,14.933333396911621
2019-12-09,14.197952270507812,14.441655996500186,-1.369859618108853,45.63492063492063,45.63492063492063,14.6813325881958
2019-12-10,14.355910301208496,14.386211640323548,1.8560672742117263,49.2063492063492,49.2063492063492,14.844667434692383
2019-12-11,15.297198295593262,14.528695164163356,16.85658744648737,63.49206349206349,63.49206349206349,15.817999839782715
2019-12-12,16.538272857666016,15.216603516173638,29.24941100225642,81.94444444444444,81.94444444444444,17.101333618164062
2019-12-13,16.266202926635742,16.49185402979394,30.170130005887323,83.33333333333334,83.33333333333334,16.81999969482422
2019-12-16,16.727825164794922,16.81421835127323,33.70051916071938,87.5,87.5,17.297332763671875
2019-12-17,16.947673797607422,16.98506651123698,37.23373579983152,92.85714285714286,92.85714285714286,17.524667739868164
2019-12-18,16.923166275024414,17.00053219834971,38.66032231259945,94.84126984126983,94.84126984126983,17.499332427978516
2019-12-19,17.320960998535156,17.085638916615494,40.99047025955331,98.01587301587301,98.01587301587301,17.910667419433594
2019-12-20,17.877351760864258,17.61430793278587,42.06267055663789,99.60317460317461,99.60317460317461,18.486000061035156
2019-12-23,17.997913360595703,18.309635873630878,41.80165656236131,99.0079365079365,99.0079365079365,18.591333389282227
2019-12-24,18.131507873535156,18.07729374055932,42.153910033009396,99.60317460317461,99.60317460317461,18.729333877563477
2019-12-26,18.199918746948242,18.22896183638755,42.589033278503344,100.0,100.0,18.799999237060547
2019-12-27,17.99726676940918,18.384498683237734,41.50384287439971,98.01587301587301,98.01587301587301,18.590667724609375
2019-12-30,17.61842155456543,17.919818553329396,37.482151658983085,91.66666666666666,91.66666666666666,18.19933319091797
2019-12-31,17.736530303955078,17.34413563733174,36.11421652037443,90.27777777777779,90.27777777777779,18.321332931518555
2020-01-02,18.842723846435547,18.401924060124028,39.67835631813727,94.84126984126983,94.84126984126983,19.464000701904297
2020-01-03,17.824949264526367,17.909495325031024,31.420167879422333,83.13492063492063,83.13492063492063,18.41266632080078
2020-01-06,17.259586334228516,17.167940627300613,20.577522205000438,66.86507936507937,66.86507936507937,17.82866668701172
2020-01-07,18.149574279785156,17.81655468680993,22.28507877781252,68.65079365079364,68.65079365079364,18.74799919128418
2020-01-08,18.189594268798828,18.225737028221907,23.468206596956108,70.63492063492063,70.63492063492063,18.78933334350586
2020-01-09,18.50389862060547,18.84466240290889,26.94118223124171,74.40476190476191,74.40476190476191,19.11400032043457
2020-01-10,18.125701904296875,18.757535499228165,23.489794669448727,70.83333333333334,70.83333333333334,18.72333335876465
2020-01-13,18.836273193359375,18.516162133799245,28.649655459102746,78.17460317460318,78.17460317460318,19.457332611083984
2020-01-14,18.95760154724121,18.849176980657948,29.227873268158405,79.16666666666666,79.16666666666666,19.582666397094727
2020-01-15,18.274137496948242,18.94856711793827,17.303911587537637,60.51587301587301,60.51587301587301,18.876667022705078
2020-01-16,19.18994140625,18.72590750957751,23.523792247469252,70.83333333333334,70.83333333333334,19.82266616821289
2020-01-17,19.562328338623047,19.436478662388847,29.99662475721762,80.15873015873017,80.15873015873017,20.207332611083984
2020-01-21,19.52618408203125,19.319014172102573,31.085849960872007,82.53968253968253,82.53968253968253,20.170000076293945
2020-01-22,19.992155075073242,19.9753762272326,31.78099609139598,84.12698412698413,84.12698412698413,20.65133285522461
2020-01-23,20.44844627380371,20.22385121477375,36.0127343727853,89.88095238095238,89.88095238095238,21.12266731262207
2020-01-24,19.75723648071289,21.250016759636257,25.623058368949163,71.82539682539682,71.82539682539682,20.408666610717773
2020-01-27,17.465469360351562,17.99275224546112,-3.32035352385843,41.07142857142857,41.07142857142857,18.041332244873047
2020-01-28,18.715578079223633,18.135375650842896,-8.183214418147664,36.11111111111111,36.11111111111111,19.332666397094727
2020-01-29,17.68360710144043,18.50712047793412,-19.41094936469901,25.992063492063494,25.992063492063494,18.266666412353516
2020-01-30,17.617778778076172,17.329290404822107,-24.655701776615015,19.841269841269842,19.841269841269842,18.198667526245117
2020-01-31,15.722275733947754,17.19117555135885,-33.58848840282597,12.5,12.5,16.24066734313965
2020-02-03,16.322486877441406,15.942354604368873,-35.080989382553845,9.920634920634921,9.920634920634921,16.860666275024414
2020-02-04,17.844953536987305,17.557111424385727,-26.77353598140071,18.253968253968253,18.253968253968253,18.433332443237305
2020-02-05,19.013105392456055,18.79367488767402,-14.371500348709956,32.53968253968254,32.53968253968254,19.639999389648438
2020-02-06,19.02536964416504,19.0724822670397,-7.473190781681385,38.2936507936508,38.2936507936508,19.652666091918945
2020-02-07,17.68296241760254,18.46581657039202,-13.184685153832993,33.33333333333333,33.33333333333333,18.266000747680664
2020-02-10,18.483888626098633,17.271852513146143,-10.596672854601213,35.51587301587302,35.51587301587302,19.093332290649414
2020-02-11,19.593311309814453,18.986002505467297,-1.4750163364692177,43.65079365079365,43.65079365079365,20.23933219909668
2020-02-12,20.45425796508789,20.225790833761657,8.944024538313917,51.98412698412699,51.98412698412699,21.1286678314209
2020-02-13,20.499433517456055,19.906324118032853,14.81859066196845,58.53174603174603,58.53174603174603,21.17533302307129
2020-02-14,20.367774963378906,20.95959553206489,16.354228303907874,59.72222222222222,59.72222222222222,21.03933334350586
2020-02-18,19.521669387817383,19.297074326809987,10.674179122579352,53.57142857142857,53.57142857142857,20.165332794189453
2020-02-19,21.038333892822266,20.320017323011832,18.740606140675112,62.301587301587304,62.301587301587304,21.73200035095215
2020-02-20,20.097999572753906,20.781463864987813,15.579763255522167,59.12698412698413,59.12698412698413,20.76066780090332
2020-02-21,18.293498992919922,19.695279795366524,0.9208653236118121,45.23809523809524,45.23809523809524,18.89666748046875
2020-02-24,15.683551788330078,15.704204525263066,-20.553827510133164,23.809523809523807,23.809523809523807,16.200666427612305
2020-02-25,14.243049621582031,16.35475470735811,-31.6809090110045,13.88888888888889,13.88888888888889,14.712667465209961
2020-02-26,14.362445831298828,14.587686235964771,-36.8043119078261,7.738095238095238,7.738095238095238,14.836000442504883
2020-02-27,12.335285186767578,13.011005540582579,-40.82578256139682,4.563492063492063,4.563492063492063,12.741999626159668
2020-02-28,13.230436325073242,11.10065900449146,-37.97253442711672,7.341269841269842,7.341269841269842,13.666666984558105
2020-03-02,14.540573120117188,14.037170693474861,-32.78470368808776,13.293650793650794,13.293650793650794,15.020000457763672
2020-03-03,13.06844425201416,14.724507644341163,-33.83286359033848,12.5,12.5,13.499333381652832
2020-03-04,14.981372833251953,13.85000983688495,-27.990016694140387,17.063492063492063,17.063492063492063,15.475333213806152
2020-03-05,13.63767147064209,13.73770750960364,-29.42852551043089,16.46825396825397,16.46825396825397,14.087332725524902
2020-03-06,12.818034172058105,12.585048768187143,-32.42994228822928,14.285714285714285,14.285714285714285,13.240667343139648
2020-03-09,9.57044506072998,9.811819884547429,-38.56562998409426,7.142857142857142,7.142857142857142,9.88599967956543
2020-03-10,11.397536277770996,10.772802485892926,-37.44588133421704,8.333333333333332,8.333333333333332,11.773332595825195
2020-03-11,9.463956832885742,10.377178975590766,-40.25117188930566,5.555555555555555,5.555555555555555,9.776000022888184
2020-03-12,6.585529804229736,7.52585842326121,-42.84619044167681,0.992063492063492,0.992063492063492,6.802667140960693
2020-03-13,8.384869575500488,7.81628408720119,-40.25104953879509,5.952380952380952,5.952380952380952,8.661333084106445
2020-03-16,5.148897647857666,5.794284020100097,-42.51130717036202,1.984126984126984,1.984126984126984,5.318666934967041
2020-03-17,5.660690784454346,5.1501900404565735,-41.6442467322742,3.373015873015873,3.373015873015873,5.847332954406738
2020-03-18,4.195014476776123,4.453815249897181,-42.553251297837214,1.984126984126984,1.984126984126984,4.3333330154418945
2020-03-19,4.513193130493164,4.080783170024647,-42.3706543109184,2.380952380952381,2.380952380952381,4.6620001792907715
2020-03-20,4.127250671386719,5.054027376536609,-42.74250008607838,1.5873015873015872,1.5873015873015872,4.263332843780518
2020-03-23,4.511256217956543,4.388632309694901,-41.69089499697503,3.968253968253968,3.968253968253968,4.659999847412109
2020-03-24,6.056704521179199,5.398311425636146,-37.68869837919389,10.119047619047619,10.119047619047619,6.249332904815674
2020-03-25,5.819579601287842,6.167190526105268,-35.55907559599016,12.3015873015873,12.3015873015873,6.004666805267334
2020-03-26,6.983238220214844,6.269924402493317,-31.063112430665,18.253968253968253,18.253968253968253,7.205333232879639
2020-03-27,5.9080986976623535,6.278970071849039,-31.27522147576836,18.253968253968253,18.253968253968253,6.0960001945495605
2020-03-30,6.543878078460693,6.135532289151127,-29.613798232119066,19.246031746031747,19.246031746031747,6.751999855041504
2020-03-31,6.121316432952881,6.553569083810676,-29.943279572228448,18.650793650793652,18.650793650793652,6.315999984741211
2020-04-01,5.1308183670043945,5.512027265696696,-32.62938195181844,16.26984126984127,16.26984126984127,5.294000148773193
2020-04-02,5.600547790527344,5.024210595044183,-32.285835776389064,16.865079365079367,16.865079365079367,5.778666973114014
2020-04-03,5.267795562744141,5.60571548671481,-32.36854462129956,16.666666666666664,16.666666666666664,5.435332775115967
2020-04-06,6.883735179901123,5.944280144933873,-24.1579787131391,24.206349206349206,24.206349206349206,7.102666854858398
2020-04-07,6.797154903411865,7.665537104564036,-19.993664638397828,28.57142857142857,28.57142857142857,7.013332843780518
2020-04-08,7.478163719177246,7.165442420678468,-13.168550701330256,36.11111111111111,36.11111111111111,7.716000080108643
2020-04-09,6.9877610206604,7.7928233303712995,-7.104708881192949,40.67460317460318,40.67460317460318,7.210000038146973
2020-04-13,7.239745140075684,6.939300609660999,-1.6393540917576068,45.83333333333333,45.83333333333333,7.46999979019165
2020-04-14,8.201168060302734,7.746302029041235,9.780275823252813,54.761904761904766,54.761904761904766,8.461999893188477
2020-04-15,7.535667896270752,7.726919600143496,10.995153310051863,55.952380952380956,55.952380952380956,7.775332927703857
2020-04-16,8.090035438537598,7.905892389853203,15.775858995433142,61.111111111111114,61.111111111111114,8.347332954406738
2020-04-17,8.300024032592773,8.583669339604759,17.889382153211265,63.49206349206349,63.49206349206349,8.564000129699707
2020-04-20,7.764392375946045,7.947890269020515,14.764852960571467,59.32539682539682,59.32539682539682,8.011333465576172
2020-04-21,6.6737470626831055,7.407090337003401,4.761910613084869,50.595238095238095,50.595238095238095,6.886000156402588
2020-04-22,7.791528701782227,7.2642968292086065,7.083885853572994,52.182539682539684,52.182539682539684,8.03933334350586
2020-04-23,7.593818187713623,7.831589744840915,6.682932331991884,51.587301587301596,51.587301587301596,7.835332870483398
2020-04-24,8.077112197875977,7.621599694255892,11.14396855440421,55.75396825396825,55.75396825396825,8.333999633789062
2020-04-27,8.403403282165527,8.399526858584393,16.586232244515468,61.30952380952381,61.30952380952381,8.670666694641113
2020-04-28,8.27224063873291,8.851162400159417,16.07499469277901,60.71428571428571,60.71428571428571,8.535332679748535
2020-04-29,9.459158897399902,8.694801037115338,23.046890609277675,70.83333333333334,70.83333333333334,9.760000228881836
2020-04-30,8.464786529541016,9.32799989359349,18.225936415885684,63.49206349206349,63.49206349206349,8.734000205993652
2020-05-01,7.178365707397461,7.882633084657139,4.499472889195241,49.007936507936506,49.007936507936506,7.406667232513428
2020-05-04,7.3799543380737305,6.986468648045665,-1.2986405964315961,43.65079365079365,43.65079365079365,7.614666938781738
2020-05-05,7.754055023193359,7.802514014002851,-3.089504707157285,41.86507936507937,41.86507936507937,8.000666618347168
2020-05-06,8.02284049987793,8.011857299009087,-3.5489019277075684,40.87301587301587,40.87301587301587,8.277999877929688
2020-05-07,8.258028030395508,8.444110244483268,-0.9442876413318035,44.24603174603175,44.24603174603175,8.52066707611084
2020-05-08,8.979740142822266,8.511951741270744,9.009563545530872,51.98412698412699,51.98412698412699,9.26533317565918
2020-05-11,8.955187797546387,8.686403929228824,13.836161251992479,56.74603174603175,56.74603174603175,9.239999771118164
2020-05-12,8.196000099182129,9.143854092255676,6.744575414915112,50.198412698412696,50.198412698412696,8.456666946411133
2020-05-13,7.754702091217041,8.417618656720716,-2.644002591718427,41.66666666666667,41.66666666666667,8.001333236694336
2020-05-14,8.374330520629883,7.572498001490197,0.2843165646425099,45.43650793650794,45.43650793650794,8.640666961669922
2020-05-15,7.849680423736572,7.546652043389848,-4.992105460497605,39.285714285714285,39.285714285714285,8.099332809448242
2020-05-18,8.948081016540527,8.399527306581527,5.952937249368857,50.198412698412696,50.198412698412696,9.232666969299316
2020-05-19,8.840822219848633,8.90284960252921,10.453173480367985,54.36507936507936,54.36507936507936,9.121999740600586
2020-05-20,9.846183776855469,9.378395371304395,20.15623849572827,67.06349206349206,67.06349206349206,10.159333229064941
2020-05-21,9.081182479858398,9.84295535101274,16.349318785795003,61.50793650793651,61.50793650793651,9.369999885559082
2020-05-22,9.212989807128906,9.158070098328668,15.796670346848863,61.30952380952381,61.30952380952381,9.505999565124512
2020-05-26,9.498573303222656,9.933410280265914,18.70116974545593,64.68253968253968,64.68253968253968,9.800666809082031
2020-05-27,9.904333114624023,9.612288879702486,24.226482134046336,72.61904761904762,72.61904761904762,10.219332695007324
2020-05-28,9.254339218139648,9.743449731444299,18.933353608497452,65.27777777777779,65.27777777777779,9.548666954040527
2020-05-29,9.957316398620605,9.37904066458069,24.148993752554844,72.81746031746032,72.81746031746032,10.27400016784668
2020-06-01,9.833907127380371,9.761541674681181,25.53667110685894,73.61111111111111,73.61111111111111,10.146666526794434
2020-06-02,10.467103004455566,9.916611085518351,30.047826965131303,81.15079365079364,81.15079365079364,10.800000190734863
2020-06-03,11.384590148925781,10.873510373163036,33.55995678457187,85.71428571428571,85.71428571428571,11.74666690826416
2020-06-04,11.684386253356934,11.284439937528203,35.86509864378569,89.68253968253968,89.68253968253968,12.055999755859375
2020-06-05,12.535324096679688,12.52886246649386,37.56900002793934,92.26190476190477,92.26190476190477,12.934000015258789
2020-06-08,12.459080696105957,12.851920219818341,37.82009196416626,92.46031746031747,92.46031746031747,12.85533332824707
2020-06-09,12.4804048538208,12.030707323240016,38.102928844855796,92.85714285714286,92.85714285714286,12.87733268737793
2020-06-10,12.595414161682129,12.747896998797371,38.89087842906084,94.04761904761905,94.04761904761905,12.996000289916992
2020-06-11,10.191856384277344,11.631406158638159,18.326724759093864,64.48412698412699,64.48412698412699,10.515999794006348
2020-06-12,10.61441707611084,11.137772170329137,10.526164992620552,54.563492063492056,54.563492063492056,10.95199966430664
2020-06-15,11.080265998840332,9.944391819933319,9.909309378906025,53.769841269841265,53.769841269841265,11.432666778564453
2020-06-16,11.667590141296387,12.023600968429882,12.853943284142233,57.936507936507944,57.936507936507944,12.038666725158691
2020-06-17,11.99064826965332,11.916990667884875,16.71661937644037,62.89682539682539,62.89682539682539,12.371999740600586
2020-06-18,11.935083389282227,11.830412539074043,17.854719467356897,64.48412698412699,64.48412698412699,12.314666748046875
2020-06-19,11.694725036621094,12.346657388664152,15.853850344130205,61.904761904761905,61.904761904761905,12.066666603088379
2020-06-22,12.007444381713867,11.752875033592407,17.659700023686025,64.28571428571429,64.28571428571429,12.38933277130127
2020-06-23,12.112428665161133,12.241071027055673,19.915712960942088,67.26190476190477,67.26190476190477,12.4913330078125
2020-06-24,11.298555374145508,11.886173268263837,11.19461677159563,55.75396825396825,55.75396825396825,11.652000427246094
2020-06-25,11.576529502868652,11.285629273185949,8.801722338648009,51.388888888888886,51.388888888888886,11.938667297363281
2020-06-26,10.883539199829102,11.44206743547237,-1.461763905244673,42.46031746031746,42.46031746031746,11.223999977111816
2020-06-29,11.257830619812012,10.906811730242923,-3.127778611077494,40.67460317460318,40.67460317460318,11.609999656677246
2020-06-30,12.166728019714355,11.390349176425685,6.497081526734084,49.404761904761905,49.404761904761905,12.547332763671875
2020-07-01,11.657979011535645,12.174487660528252,4.417882581676724,48.01587301587302,48.01587301587302,12.022666931152344
2020-07-02,12.091743469238281,12.147337360452239,9.206812327055736,52.182539682539684,52.182539682539684,12.470000267028809
2020-07-06,13.061408042907715,12.707802727928982,21.57509026085277,70.03968253968253,70.03968253968253,13.470000267028809
2020-07-07,12.57851791381836,12.89527589709934,21.67068160756702,70.03968253968253,70.03968253968253,12.972000122070312
2020-07-08,13.098904609680176,12.89656735989706,27.28409044870156,76.38888888888889,76.38888888888889,13.5086669921875
2020-07-09,13.619937896728516,13.25211176516431,30.777485258623432,82.34126984126983,82.34126984126983,14.045999526977539
2020-07-10,13.484185218811035,13.64644211605697,31.297351638374636,83.33333333333334,83.33333333333334,13.906000137329102
2020-07-13,12.811235427856445,14.053055779177996,21.725049578370527,69.44444444444444,69.44444444444444,13.211999893188477
2020-07-14,13.49000072479248,12.599200221838483,22.75069423317582,70.23809523809523,70.23809523809523,13.911999702453613
2020-07-15,13.35489559173584,13.769266025482677,20.19550911198042,66.86507936507937,66.86507936507937,13.772666931152344
2020-07-16,13.19198989868164,12.929533095431797,17.182970279956443,61.70634920634921,61.70634920634921,13.604666709899902
2020-07-17,13.436349868774414,13.433764277990509,17.987578861191064,63.095238095238095,63.095238095238095,13.856666564941406
2020-07-20,14.264444351196289,13.499700449688602,26.439481607244712,74.60317460317461,74.60317460317461,14.71066665649414
2020-07-21,13.962552070617676,14.511383343484098,27.255503138349606,75.79365079365078,75.79365079365078,14.399333000183105
2020-07-22,14.129982948303223,14.09248911190216,29.33884442721853,79.56349206349206,79.56349206349206,14.571999549865723
2020-07-23,13.471901893615723,14.110588930219821,22.49392420439112,69.44444444444444,69.44444444444444,13.893333435058594
2020-07-24,12.829983711242676,12.758875345004332,10.94392212178771,51.587301587301596,51.587301587301596,13.231332778930664
2020-07-27,14.045299530029297,13.316755761722082,17.80564807998075,61.50793650793651,61.50793650793651,14.48466682434082
2020-07-28,13.214617729187012,13.799649168681869,11.933426165536023,53.769841269841265,53.769841269841265,13.628000259399414
2020-07-29,14.070509910583496,13.623816810678584,16.887107450330486,59.92063492063492,59.92063492063492,14.510666847229004
2020-07-30,14.894078254699707,13.876575488576147,26.375926079384655,73.80952380952381,73.80952380952381,15.359999656677246
2020-07-31,14.64261245727539,15.004620976774339,26.761718486645613,74.40476190476191,74.40476190476191,15.100666999816895
2020-08-03,15.514018058776855,14.923814604287028,32.050773468367176,84.32539682539682,84.32539682539682,15.999333381652832
2020-08-04,16.18050765991211,15.443561541741106,36.63956370829036,90.27777777777779,90.27777777777779,16.68666648864746
2020-08-05,16.148828506469727,16.130082051025276,37.93735801412683,92.06349206349206,92.06349206349206,16.65399932861328
2020-08-06,16.09000015258789,16.03569905956211,38.03529205495669,92.26190476190477,92.26190476190477,16.593332290649414
2020-08-07,15.543111801147461,15.974936882822066,32.41059165398767,83.92857142857143,83.92857142857143,16.029333114624023
2020-08-10,15.552806854248047,15.635551294090007,29.395278566641387,78.57142857142857,78.57142857142857,16.03933334350586
2020-08-11,15.037592887878418,15.508851005311707,21.478072920731698,66.46825396825396,66.46825396825396,15.508000373840332
2020-08-12,16.552207946777344,15.422869173421638,29.654088976938237,78.76984126984127,78.76984126984127,17.06999969482422
2020-08-13,16.010486602783203,16.559317815705377,28.252426005741977,76.38888888888889,76.38888888888889,16.511333465576172
2020-08-14,15.954245567321777,16.148179605172164,26.43408438280271,72.61904761904762,72.61904761904762,16.453332901000977
2020-08-17,16.558029174804688,16.34728875200203,30.684048384929408,80.95238095238095,80.95238095238095,17.076000213623047
2020-08-18,16.284584045410156,16.7519619108515,29.421795346405865,78.37301587301587,78.37301587301587,16.79400062561035
2020-08-19,15.968475341796875,16.302687953790702,24.5737356988685,69.84126984126983,69.84126984126983,16.468000411987305
2020-08-20,15.552806854248047,15.494626447526207,16.86093258706552,57.53968253968254,57.53968253968254,16.03933334350586
2020-08-21,15.895421028137207,15.558622967953818,16.594473526631145,56.74603174603175,56.74603174603175,16.392667770385742
2020-08-24,16.33500099182129,16.377019598323844,19.999148485129652,62.89682539682539,62.89682539682539,16.84600067138672
2020-08-25,16.8612117767334,16.36474323287298,28.19467667754292,75.79365079365078,75.79365079365078,17.3886661529541
2020-08-26,17.051265716552734,16.97369245682308,32.00790043170817,83.33333333333334,83.33333333333334,17.584667205810547
2020-08-27,16.386722564697266,17.128195323637414,23.981553645936494,68.84920634920636,68.84920634920636,16.89933204650879
2020-08-28,17.315019607543945,16.489509524939095,30.198366793275756,79.96031746031747,79.96031746031747,17.856666564941406
2020-08-31,17.26653480529785,17.29950386248845,29.84558357155055,78.37301587301587,78.37301587301587,17.80666732788086
2020-09-01,18.238786697387695,17.576827380211377,35.563049976495535,87.5,87.5,18.80933380126953
2020-09-02,19.87493133544922,19.032613497736044,38.70135662119253,93.45238095238095,93.45238095238095,20.496667861938477
2020-09-03,16.483041763305664,18.977670576503847,12.137460257888156,50.595238095238095,50.595238095238095,16.998666763305664
2020-09-04,16.026004791259766,16.11198215243549,-4.370223617582025,34.12698412698413,34.12698412698413,16.527332305908203
2020-09-08,13.74405574798584,14.262504553726068,-23.249246007770786,18.452380952380953,18.452380952380953,14.173999786376953
2020-09-09,14.88050365447998,14.74798290751389,-27.532198420070863,15.476190476190476,15.476190476190476,15.345999717712402
2020-09-10,14.262502670288086,15.36921570229963,-32.28095670909471,12.5,12.5,14.708666801452637
2020-09-11,14.212728500366211,14.573444271812942,-34.90041576153955,9.325396825396826,9.325396825396826,14.657333374023438
2020-09-14,15.111288070678711,15.081551925931658,-31.77144356335278,12.896825396825399,12.896825396825399,15.583999633789062
2020-09-15,15.888311386108398,15.663995687083174,-25.081856386072648,17.658730158730158,17.658730158730158,16.385332107543945
2020-09-16,15.409942626953125,16.08870817370272,-24.666652407381086,18.055555555555554,18.055555555555554,15.892000198364258
2020-09-17,15.33948040008545,14.301937333794015,-24.944715126627212,18.055555555555554,18.055555555555554,15.81933307647705
2020-09-18,14.624513626098633,15.52889050972441,-29.269376283231153,15.079365079365079,15.079365079365079,15.081999778747559
2020-09-21,14.554048538208008,13.75892222362582,-31.140788023521505,13.690476190476192,13.690476190476192,15.009332656860352
2020-09-22,15.081548690795898,14.891493929830439,-28.922929196347923,15.674603174603174,15.674603174603174,15.553333282470703
2020-09-23,13.9586763381958,14.995574013539423,-33.53624555627862,11.11111111111111,11.11111111111111,14.395333290100098
2020-09-24,14.366581916809082,13.667129758317582,-33.800821117771356,10.714285714285714,10.714285714285714,14.815999984741211
2020-09-25,14.98652172088623,14.444155276759455,-30.085504530414063,14.682539682539684,14.682539682539684,15.45533275604248
2020-09-28,16.210241317749023,15.554746037353672,-19.817536860558207,24.404761904761905,24.404761904761905,16.71733283996582
2020-09-29,16.345348358154297,16.10422447665217,-13.118601419014789,30.357142857142854,30.357142857142854,16.856666564941406
2020-09-30,16.367328643798828,16.194081126156224,-9.280572017379338,31.944444444444443,31.944444444444443,16.87933349609375
2020-10-01,17.383541107177734,16.990501710818496,0.7228615175036924,40.67460317460318,40.67460317460318,17.92733383178711
2020-10-02,15.834010124206543,16.165637074233846,-5.3098417792248505,34.32539682539682,34.32539682539682,16.32933235168457
2020-10-05,17.379657745361328,16.281349639138504,10.355575005225557,48.01587301587302,48.01587301587302,17.92333221435547
2020-10-06,17.082937240600586,17.320830009887047,11.641654517015326,50.198412698412696,50.198412698412696,17.617332458496094
2020-10-07,18.113372802734375,17.813422140456844,21.24194055775531,64.88095238095238,64.88095238095238,18.68000030517578
2020-10-08,18.742366790771484,18.588513042674137,28.32198368763065,75.1984126984127,75.1984126984127,19.32866668701172
2020-10-09,19.725603103637695,19.412077195400393,33.690834959446384,84.52380952380952,84.52380952380952,20.342666625976562
2020-10-12,20.5821475982666,20.449625900054286,37.08383770793401,90.07936507936508,90.07936507936508,21.22599983215332
2020-10-13,20.557584762573242,20.606069217905205,38.29488702034737,92.85714285714286,92.85714285714286,21.200666427612305
2020-10-14,20.23177719116211,20.691398340199584,37.05928617867762,89.68253968253968,89.68253968253968,20.864667892456055
2020-10-15,20.072099685668945,19.2000455742096,35.13313272286434,85.9126984126984,85.9126984126984,20.700000762939453
2020-10-16,19.78573226928711,20.56857643531136,32.05598326116292,82.14285714285714,82.14285714285714,20.404666900634766
2020-10-19,19.46702766418457,20.233710670068323,27.742182338794606,72.61904761904762,72.61904761904762,20.076000213623047
2020-10-20,19.404970169067383,19.743061106372764,24.481100532894516,67.65873015873017,67.65873015873017,20.011999130249023
2020-10-21,18.9951229095459,19.543954230508113,18.755927807972554,58.92857142857143,58.92857142857143,19.589332580566406
2020-10-22,19.06170654296875,19.127642790291386,15.984938513891029,53.17460317460318,53.17460317460318,19.658000946044922
2020-10-23,18.782445907592773,18.8884625203638,11.521858024884022,47.61904761904761,47.61904761904761,19.3700008392334
2020-10-26,17.5826473236084,18.310542963324636,-3.3998038522212464,32.93650793650794,32.93650793650794,18.132667541503906
2020-10-27,17.400991439819336,17.954993930843465,-13.764795339961813,26.58730158730159,26.58730158730159,17.94533348083496
2020-10-28,15.669166564941406,16.556736153625074,-28.71549376034096,13.690476190476192,13.690476190476192,16.159332275390625
2020-10-29,16.916807174682617,15.773892781855581,-28.76101094482885,13.492063492063492,13.492063492063492,17.445999145507812
2020-10-30,16.09323501586914,16.382841496942994,-32.82042015367047,8.73015873015873,8.73015873015873,16.59666633605957
2020-11-02,16.35245704650879,16.622024229644538,-33.55578354337995,8.134920634920634,8.134920634920634,16.86400032043457
2020-11-03,17.325355529785156,16.807553180281744,-27.35271927111796,14.682539682539684,14.682539682539684,17.867332458496094
2020-11-04,19.141218185424805,18.3881104949689,-9.814026259157615,28.76984126984127,28.76984126984127,19.739999771118164
2020-11-05,21.665586471557617,20.68622282917514,14.48250731823926,50.39682539682539,50.39682539682539,22.343332290649414
2020-11-06,22.780057907104492,21.47747136794806,28.07399784317266,73.21428571428571,73.21428571428571,23.492666244506836
2020-11-09,21.909942626953125,24.204820664012868,25.649129765002797,68.25396825396825,68.25396825396825,22.595333099365234
2020-11-10,19.939577102661133,21.328786185801082,11.821787271997808,47.42063492063492,47.42063492063492,20.56333351135254
2020-11-11,22.112274169921875,20.877564444033823,15.874893274648539,52.57936507936508,52.57936507936508,22.804000854492188
2020-11-12,21.256389617919922,22.149775963961396,12.777213511628904,48.01587301587302,48.01587301587302,21.92133331298828
2020-11-13,22.0450496673584,21.972647585215608,15.38517816728254,51.19047619047619,51.19047619047619,22.73466682434082
2020-11-16,23.67085838317871,22.564146067502236,23.98866963334185,66.66666666666666,66.66666666666666,24.411333084106445
2020-11-17,23.094228744506836,23.423268238272588,25.45635873453036,67.65873015873017,67.65873015873017,23.816667556762695
2020-11-18,22.604225158691406,23.193136901901863,22.85369225929396,64.68253968253968,64.68253968253968,23.31133270263672
2020-11-19,23.653404235839844,22.528590959401093,26.997273052403354,70.83333333333334,70.83333333333334,24.393333435058594
2020-11-20,23.2694149017334,23.63142345303938,26.717933786489773,70.03968253968253,70.03968253968253,23.997333526611328
2020-11-23,24.32246971130371,23.69283410328729,31.132203068697123,80.15873015873017,80.15873015873017,25.083332061767578
2020-11-24,24.71550941467285,24.758820825904273,35.02696308754179,85.51587301587301,85.51587301587301,25.488666534423828
2020-11-25,24.45111656188965,24.597213527950654,34.81878104661482,84.92063492063492,84.92063492063492,25.215999603271484
2020-11-27,25.292789459228516,24.941123214725444,36.664468234409775,89.28571428571429,89.28571428571429,26.083999633789062
2020-11-30,26.24370765686035,25.44017711715829,39.31089088600109,94.24603174603175,94.24603174603175,27.064666748046875
2020-12-01,27.636152267456055,26.904376428633917,40.7996805816209,96.23015873015873,96.23015873015873,28.500667572021484
2020-12-02,27.846237182617188,27.362696700515993,41.61862654387082,98.01587301587301,98.01587301587301,28.71733283996582
2020-12-03,27.88826560974121,28.344653827542512,41.016801430255505,96.82539682539682,96.82539682539682,28.76066780090332
2020-12-04,30.209644317626953,28.348529573996885,42.75214571154205,100.0,100.0,31.154666900634766
2020-12-07,30.6046199798584,30.773341774811264,43.41098397210327,100.0,100.0,31.562000274658203
2020-12-08,30.99054718017578,30.496664258242166,43.52746451622384,100.0,100.0,31.959999084472656
2020-12-09,28.340126037597656,30.64793196198668,34.51876531468913,82.34126984126983,82.34126984126983,29.226667404174805
2020-12-10,28.285179138183594,27.75186316610841,28.666368208058916,72.02380952380952,72.02380952380952,29.170000076293945
2020-12-11,27.30904769897461,27.551464379852142,19.281693780291125,55.75396825396825,55.75396825396825,28.163333892822266
2020-12-14,28.337543487548828,28.10934753632274,18.966674221089903,55.158730158730165,55.158730158730165,29.224000930786133
2020-12-15,29.519241333007812,29.36280200909537,24.203306279137003,63.69047619047619,63.69047619047619,30.44266700744629
2020-12-16,29.45395278930664,29.778466619197662,26.516068638968715,67.06349206349206,67.06349206349206,30.375333786010742
2020-12-17,29.61168098449707,29.981446301910506,28.583528397125573,71.62698412698413,71.62698412698413,30.538000106811523
2020-12-18,29.22511100769043,29.801092948217683,27.084004965934895,68.25396825396825,68.25396825396825,30.139333724975586
2020-12-21,28.6497745513916,28.12033694212101,20.565964519971363,57.738095238095234,57.738095238095234,29.54599952697754
2020-12-22,28.543806076049805,28.803060763647743,16.053971704545912,48.01587301587302,48.01587301587302,29.433332443237305
2020-12-23,27.950950622558594,28.728065465902812,8.996792276806339,36.7063492063492,36.7063492063492,28.82200050354004
2020-12-24,28.75780487060547,28.28520146637018,9.845202962103453,38.095238095238095,38.095238095238095,29.65399932861328
2020-12-28,28.594236373901367,29.696551638023262,8.562798219707428,35.714285714285715,35.714285714285715,29.485332489013672
2020-12-29,28.374420166015625,28.964045176515015,5.655690165966424,33.92857142857143,33.92857142857143,29.2586669921875
2020-12-30,29.841373443603516,28.775264277478577,13.76352729983278,43.452380952380956,43.452380952380956,30.771333694458008
2020-12-31,30.1588134765625,29.84460587487897,20.471358170864633,57.53968253968254,57.53968253968254,31.09866714477539
2021-01-04,29.74245262145996,30.714818642303776,15.81017480866253,47.023809523809526,47.023809523809526,30.66933250427246
2021-01-05,31.465435028076172,29.523939373257644,24.42120139396395,63.29365079365079,63.29365079365079,32.44599914550781
2021-01-06,31.233978271484375,30.575176001744495,26.133710090626145,65.47619047619048,65.47619047619048,32.207332611083984
2021-01-07,34.67604446411133,32.629164045749796,34.15893294975403,82.14285714285714,82.14285714285714,35.75666809082031
2021-01-08,34.705135345458984,36.37379901741706,34.63584686855818,82.34126984126983,82.34126984126983,35.78666687011719
2021-01-11,35.969078063964844,33.90862098113876,37.67848497250972,89.68253968253968,89.68253968253968,37.09000015258789
2021-01-12,36.67572021484375,36.52701872019477,39.35018050569041,93.25396825396825,93.25396825396825,37.818668365478516
2021-01-13,36.77334976196289,37.45348644497881,39.95585261340134,93.84920634920636,93.84920634920636,37.919334411621094
2021-01-14,39.16611099243164,38.03470546132892,40.33856180934448,94.24603174603175,94.24603174603175,40.38666534423828
2021-01-15,36.68090057373047,38.97733592336285,35.000571941096645,82.73809523809523,82.73809523809523,37.82400131225586
2021-01-19,40.407432556152344,38.31982173195256,39.051630047187864,92.06349206349206,92.06349206349206,41.66666793823242
2021-01-20,40.07059097290039,41.858863843820764,38.0240730041326,89.48412698412699,89.48412698412699,41.319332122802734
2021-01-21,41.854339599609375,41.10760987513688,40.29716388562062,93.84920634920636,93.84920634920636,43.158668518066406
2021-01-22,39.55725860595703,40.7306894866422,36.619642127277615,85.9126984126984,85.9126984126984,40.790000915527344
2021-01-25,39.72728729248047,40.7436152057254,34.962320604929786,81.74603174603175,81.74603174603175,40.96533203125
2021-01-26,37.87501525878906,39.806166879807414,26.264519739889913,63.69047619047619,63.69047619047619,39.05533218383789
2021-01-27,32.142330169677734,35.75249220503162,2.0055584499657524,30.753968253968257,30.753968253968257,33.14400100708008
2021-01-28,34.07218551635742,33.94288373190903,-5.209015156955121,24.6031746031746,24.6031746031746,35.13399887084961
2021-01-29,32.391231536865234,34.2693700078491,-15.33986715957409,19.841269841269842,19.841269841269842,33.400665283203125
2021-02-01,36.219276428222656,34.025637095489984,-9.86282078432615,22.42063492063492,22.42063492063492,37.347999572753906
2021-02-02,37.86790084838867,37.95000926180756,-1.2597879781782146,28.76984126984127,28.76984126984127,39.04800033569336
2021-02-03,35.52556610107422,38.273917451860406,-5.165357691395565,25.198412698412696,25.198412698412696,36.632667541503906
2021-02-04,36.40353775024414,35.23851190257632,-5.512239220849905,24.801587301587304,24.801587301587304,37.53799819946289
2021-02-05,35.612850189208984,37.174837714433444,-9.754835885589255,22.817460317460316,22.817460317460316,36.7226676940918
2021-02-08,38.920433044433594,36.32918831830599,0.15660146525681182,30.753968253968257,30.753968253968257,40.133331298828125
2021-02-09,38.424556732177734,38.43877726638923,2.801470868388771,33.13492063492063,33.13492063492063,39.62200164794922
2021-02-10,38.787899017333984,39.4376524070902,5.896234142992658,34.72222222222222,34.72222222222222,39.996665954589844
2021-02-11,42.829933166503906,39.649061585188576,21.643448460786782,58.730158730158735,58.730158730158735,44.16466522216797
2021-02-12,44.38869857788086,42.17372421404159,30.362796210039118,75.59523809523809,75.59523809523809,45.77199935913086
2021-02-16,45.1742057800293,45.90606375946889,33.6705271216659,80.55555555555556,80.55555555555556,46.582000732421875
2021-02-17,42.68059158325195,43.7370027514432,27.24502197449056,68.65079365079364,68.65079365079364,44.01066589355469
2021-02-18,41.39530944824219,40.92787782228374,18.619992805757505,53.57142857142857,53.57142857142857,42.685333251953125
2021-02-19,44.414554595947266,43.29543108153284,23.12972803965275,61.30952380952381,61.30952380952381,45.798667907714844
2021-02-22,39.57342529296875,42.673483685785186,9.694605552465779,38.2936507936508,38.2936507936508,40.80666732788086
2021-02-23,38.77044677734375,37.33323307694272,-0.20734182828660558,30.555555555555557,30.555555555555557,39.978668212890625
2021-02-24,42.42327880859375,37.804545861875944,4.504097216016689,34.32539682539682,34.32539682539682,43.74533462524414
2021-02-25,35.12407684326172,40.79598739316826,-12.103905606916463,21.825396825396826,21.825396825396826,36.218666076660156
2021-02-26,37.54075622558594,36.796612542744015,-15.217404666048779,20.03968253968254,20.03968253968254,38.71066665649414
2021-03-01,41.271827697753906,39.36524375489514,-7.576181725337615,24.206349206349206,24.206349206349206,42.55799865722656
2021-03-02,37.38494873046875,41.64227442066013,-15.662653721014069,19.841269841269842,19.841269841269842,38.54999923706055
2021-03-03,33.95193099975586,37.72437106587097,-28.44682788292552,12.5,12.5,35.0099983215332
2021-03-04,29.07394790649414,33.77737405874697,-34.323886823507635,5.952380952380952,5.952380952380952,29.979999542236328
2021-03-05,31.760236740112305,31.24625546675538,-32.76939999253729,8.134920634920634,8.134920634920634,32.75
2021-03-08,26.68830108642578,31.721449476097046,-38.53831951176416,4.166666666666666,4.166666666666666,27.520000457763672
2021-03-09,31.46930694580078,29.42307411677679,-34.890483224791275,6.15079365079365,6.15079365079365,32.45000076293945
2021-03-10,29.79159164428711,33.156722010825696,-35.28705309037612,5.753968253968254,5.753968253968254,30.719999313354492
2021-03-11,33.428260803222656,32.29361821359602,-29.566454925821578,12.5,12.5,34.470001220703125
2021-03-12,32.40999221801758,31.537193881279933,-27.987915004659698,14.285714285714285,14.285714285714285,33.41999816894531
2021-03-15,34.49501037597656,32.77850251317427,-23.212893226553344,17.857142857142858,17.857142857142858,35.56999969482422
2021-03-16,35.862403869628906,35.71693933300088,-18.135937917513445,20.634920634920633,20.634920634920633,36.97999954223633
2021-03-17,37.258872985839844,34.21377033070514,-11.380584237969357,24.6031746031746,24.6031746031746,38.41999816894531
2021-03-18,32.691226959228516,35.649050156860916,-17.84018151987113,21.03174603174603,21.03174603174603,33.709999084472656
2021-03-19,33.69979476928711,32.982157224157355,-19.211160143989524,20.238095238095237,20.238095238095237,34.75
2021-03-22,35.88180160522461,34.85383514636802,-13.923250331155849,23.61111111111111,23.61111111111111,37.0
2021-03-23,33.01582717895508,36.256287707052806,-17.237441100816376,21.428571428571427,21.428571428571427,34.029998779296875
2021-03-24,31.618741989135742,34.56814377326439,-22.01348604322945,18.452380952380953,18.452380952380953,32.59000015258789
2021-03-25,31.832189559936523,30.00821675078438,-23.593846819787853,17.658730158730158,17.658730158730158,32.810001373291016
2021-03-26,36.566749572753906,31.832187514292954,-12.127022457717253,25.396825396825395,25.396825396825395,37.689998626708984
2021-03-29,34.7233772277832,35.295794029646736,-11.182378801371282,26.190476190476193,26.190476190476193,35.790000915527344
2021-03-30,34.461421966552734,34.07334141495001,-11.370484978474213,26.190476190476193,26.190476190476193,35.52000045776367
2021-03-31,37.071258544921875,35.344307575593675,1.4475445237015614,36.904761904761905,36.904761904761905,38.209999084472656
2021-04-01,41.14609146118164,38.856423899018345,14.431311758732093,49.2063492063492,49.2063492063492,42.40999984741211
2021-04-05,43.658905029296875,43.202910836889515,23.512285383889523,65.67460317460318,65.67460317460318,45.0
2021-04-06,42.087181091308594,42.80512538206015,23.269323148111724,64.88095238095238,64.88095238095238,43.380001068115234
2021-04-07,42.087181091308594,42.679002334313246,22.713224021409236,63.69047619047619,63.69047619047619,43.380001068115234
2021-04-08,43.45516586303711,43.416357057871146,26.426676739416482,69.84126984126983,69.84126984126983,44.790000915527344
2021-04-09,43.15439987182617,42.52377349069348,27.108755891602147,72.22222222222221,72.22222222222221,44.47999954223633
2021-04-12,41.80582809448242,42.417053814132,22.235328207292913,62.89682539682539,62.89682539682539,43.09000015258789
2021-04-13,41.417747497558594,42.688708093619056,18.084650256712433,56.547619047619044,56.547619047619044,42.689998626708984
2021-04-14,40.040069580078125,41.12669024072421,11.481216699045467,46.03174603174603,46.03174603174603,41.27000045776367
2021-04-15,42.17450714111328,41.08788274480906,14.478735538582585,49.60317460317461,49.60317460317461,43.470001220703125
2021-04-16,41.475955963134766,42.21330466292348,13.565350970668257,48.41269841269841,48.41269841269841,42.75
2021-04-19,38.419837951660156,40.525169461226064,3.528743223738926,38.095238095238095,38.095238095238095,39.599998474121094
2021-04-20,36.58616256713867,37.84741911921951,-6.898213150208518,29.166666666666668,29.166666666666668,37.709999084472656
2021-04-21,39.535560607910156,36.799603090143016,-4.05398160263553,31.547619047619047,31.547619047619047,40.75
2021-04-22,36.848114013671875,39.16688629023379,-10.174623704517675,26.984126984126984,26.984126984126984,37.97999954223633
2021-04-23,38.95344543457031,37.177981579974805,-7.460891102913357,29.166666666666668,29.166666666666668,40.150001525878906
2021-04-26,40.95205307006836,38.895234528251095,-1.2310777560193045,35.11904761904761,35.11904761904761,42.209999084472656
2021-04-27,40.10797882080078,41.5050623768929,-1.935263245393639,33.53174603174603,33.53174603174603,41.34000015258789
2021-04-28,38.245201110839844,39.46765259076368,-9.073876977443792,27.976190476190478,27.976190476190478,39.41999816894531
2021-04-29,39.10868453979492,39.972160207980664,-12.35516105755499,25.396825396825395,25.396825396825395,40.310001373291016
2021-04-30,35.80029296875,37.207076529841665,-27.451486979042983,14.880952380952381,14.880952380952381,36.900001525878906
2021-05-03,34.548744201660156,36.59586214894804,-35.24374393525201,5.952380952380952,5.952380952380952,35.61000061035156
2021-05-04,32.957618713378906,33.3845043905171,-37.13249791831165,5.158730158730158,5.158730158730158,33.970001220703125
2021-05-05,33.520328521728516,34.02483175068924,-36.92015083770937,5.357142857142857,5.357142857142857,34.54999923706055
2021-05-06,34.345001220703125,33.18076320116883,-34.83972649719143,7.142857142857142,7.142857142857142,35.400001525878906
2021-05-07,35.829402923583984,35.421917947242804,-29.162484573566033,13.88888888888889,13.88888888888889,36.93000030517578
2021-05-10,30.97842025756836,34.92712554380044,-37.37645483658006,5.158730158730158,5.158730158730158,31.93000030517578
2021-05-11,31.153051376342773,28.155140081521917,-36.63022718420114,5.952380952380952,5.952380952380952,32.11000061035156
2021-05-12,27.29166030883789,29.20295094969977,-40.91248088695083,2.976190476190476,2.976190476190476,28.1299991607666
2021-05-13,28.455902099609375,28.649942404582315,-41.440427223965045,2.7777777777777777,2.7777777777777777,29.329999923706055
2021-05-14,30.97842025756836,29.581334717674746,-37.46354881896264,5.357142857142857,5.357142857142857,31.93000030517578
2021-05-17,30.17315101623535,30.056726469616322,-36.39803527713831,6.746031746031746,6.746031746031746,31.100000381469727
2021-05-18,29.387296676635742,30.76497598366025,-37.1684646253894,5.952380952380952,5.952380952380952,30.290000915527344
2021-05-19,31.094837188720703,27.6118271135404,-33.880172249972674,8.73015873015873,8.73015873015873,32.04999923706055
2021-05-20,33.60764694213867,31.773973924605546,-25.492623473536124,17.063492063492063,17.063492063492063,34.63999938964844
2021-05-21,33.122554779052734,34.24798416325039,-22.33664286986495,20.03968253968254,20.03968253968254,34.13999938964844
2021-05-24,35.44132614135742,33.95692462082764,-13.818122558204326,25.595238095238095,25.595238095238095,36.529998779296875
2021-05-25,35.839107513427734,36.217487786593765,-8.125425326639299,29.96031746031746,29.96031746031746,36.939998626708984
2021-05-26,36.07196044921875,35.92642927481278,-2.1880564168302046,34.92063492063492,34.92063492063492,37.18000030517578
2021-05-27,36.731693267822266,35.78089976524137,3.0845261856487753,40.476190476190474,40.476190476190474,37.86000061035156
2021-05-28,37.62427520751953,36.93543555326077,12.87115697651442,50.79365079365079,50.79365079365079,38.779998779296875
2021-06-01,37.197383880615234,38.34221758317598,13.158121202302942,50.79365079365079,50.79365079365079,38.34000015258789
2021-06-02,38.022056579589844,37.12947623617238,17.168194206451624,57.936507936507944,57.936507936507944,39.189998626708984
2021-06-03,36.01374435424805,36.70258766344106,10.653067961671217,46.230158730158735,46.230158730158735,37.119998931884766
2021-06-04,38.5556640625,36.94513578475958,16.942133411489692,57.53968253968254,57.53968253968254,39.7400016784668
2021-06-07,37.75040054321289,38.08996833142668,16.432083964426408,55.952380952380956,55.952380952380956,38.90999984741211
2021-06-08,37.03244400024414,38.61386726906751,13.325159175591608,50.198412698412696,50.198412698412696,38.16999816894531
2021-06-09,36.57646179199219,37.41083258321339,9.836388058341504,44.24603174603175,44.24603174603175,37.70000076293945
2021-06-10,37.87652587890625,36.673478887028374,13.112597803893266,49.801587301587304,49.801587301587304,39.040000915527344
2021-06-11,38.31311798095703,37.88622852203105,16.294563769884704,55.35714285714286,55.35714285714286,39.4900016784668
2021-06-14,39.94304656982422,38.623580508137415,24.244821922368107,70.43650793650794,70.43650793650794,41.16999816894531
2021-06-15,38.84672546386719,39.584074251942546,21.555594492736727,64.88095238095238,64.88095238095238,40.040000915527344
2021-06-16,38.01234817504883,39.283308561048415,16.52648529249901,55.55555555555556,55.55555555555556,39.18000030517578
2021-06-17,39.10868453979492,37.536961041624636,18.366347623732903,59.72222222222222,59.72222222222222,40.310001373291016
2021-06-18,36.20778274536133,38.11907365614898,3.6196118242798727,37.89682539682539,37.89682539682539,37.31999969482422
2021-06-21,36.983943939208984,36.43093141692603,-2.0302587855806418,32.73809523809524,32.73809523809524,38.119998931884766
2021-06-22,37.44963455200195,36.770499035539125,-4.1442080936664665,30.952380952380953,30.952380952380953,38.599998474121094
2021-06-23,37.886226654052734,37.449636865773286,-5.019049964034813,30.158730158730158,30.158730158730158,39.04999923706055
2021-06-24,39.8557243347168,38.691486324069736,8.925967609175188,41.86507936507937,41.86507936507937,41.08000183105469
2021-06-25,39.448238372802734,39.943037571845316,11.557231988076902,47.22222222222222,47.22222222222222,40.65999984741211
2021-06-28,42.3491325378418,40.26320593089709,22.804427123463128,67.26190476190477,67.26190476190477,43.650001525878906
2021-06-29,43.309627532958984,42.01926643314742,30.920876581406553,82.53968253968253,82.53968253968253,44.63999938964844
2021-06-30,43.212615966796875,43.04768039693299,34.509373968175815,86.5079365079365,86.5079365079365,44.540000915527344
2021-07-01,41.30131530761719,42.83422943209006,25.1819348507765,71.23015873015873,71.23015873015873,42.56999969482422
2021-07-02,42.02896499633789,42.2715144266958,23.664387994556225,69.44444444444444,69.44444444444444,43.31999969482422
2021-07-06,41.75730895996094,42.33942608650451,21.071941988066254,64.28571428571429,64.28571428571429,43.040000915527344
2021-07-07,40.01095962524414,42.494663669589514,9.277936742687128,42.857142857142854,42.857142857142854,41.2400016784668
2021-07-08,38.59447479248047,37.401131710923906,-4.577071468042665,30.952380952380953,30.952380952380953,39.779998779296875
2021-07-09,40.52516174316406,38.98254712384094,-1.9076609814456393,33.730158730158735,33.730158730158735,41.77000045776367
2021-07-12,42.038673400878906,40.90354002469059,7.80287438890822,41.66666666666667,41.66666666666667,43.33000183105469
2021-07-13,41.34983444213867,41.47596120841235,8.210998152898217,41.86507936507937,41.86507936507937,42.619998931884766
2021-07-14,40.903541564941406,42.24241564590941,6.114192521714055,40.67460317460318,40.67460317460318,42.15999984741211
2021-07-15,38.245201110839844,40.544572898930866,-8.435231054520457,27.380952380952383,27.380952380952383,39.41999816894531
2021-07-16,35.66447067260742,38.83701802707806,-26.25020931892293,14.682539682539684,14.682539682539684,36.7599983215332
2021-07-19,35.742088317871094,34.16066481370462,-30.542923959515516,10.317460317460316,10.317460317460316,36.84000015258789
2021-07-20,37.197383880615234,36.13016777870785,-27.71218409080963,13.88888888888889,13.88888888888889,38.34000015258789
2021-07-21,40.602779388427734,37.51754986503773,-11.945858606669537,25.595238095238095,25.595238095238095,41.849998474121094
2021-07-22,39.52585983276367,39.681091332064696,-8.196096733317454,28.373015873015873,28.373015873015873,40.7400016784668
2021-07-23,40.31171417236328,40.05946439581955,-2.825495648339412,34.12698412698413,34.12698412698413,41.54999923706055
2021-07-26,40.21470642089844,39.370635226971636,-0.48468157295908765,37.301587301587304,37.301587301587304,41.45000076293945
2021-07-27,37.98324203491211,39.58406604457238,-8.810269754891662,28.174603174603174,28.174603174603174,39.150001525878906
2021-07-28,39.9527473449707,38.36162347962448,-4.836864786819199,31.944444444444443,31.944444444444443,41.18000030517578
2021-07-29,42.15509033203125,40.00125027788371,7.177448585332648,43.84920634920635,43.84920634920635,43.45000076293945
2021-07-30,43.06708526611328,40.932649092520485,17.81401450758113,60.912698412698404,60.912698412698404,44.38999938964844
2021-08-02,43.862648010253906,43.843243607318776,22.30534239762035,68.84920634920636,68.84920634920636,45.209999084472656
2021-08-03,44.59999084472656,43.94025609206372,26.90856439724747,76.5873015873016,76.5873015873016,45.970001220703125
2021-08-04,46.19111251831055,44.784325130494175,32.21359123556133,86.30952380952381,86.30952380952381,47.61000061035156
2021-08-05,45.76422882080078,46.73442662867201,33.25365407467177,86.5079365079365,86.5079365079365,47.16999816894531
2021-08-06,45.24032974243164,44.9492711085862,31.698221415212846,85.11904761904762,85.11904761904762,46.630001068115234
2021-08-09,44.77463150024414,45.502279875431135,28.7540361639447,79.76190476190477,79.76190476190477,46.150001525878906
2021-08-10,43.12529373168945,44.988071764960225,19.259734938835017,62.89682539682539,62.89682539682539,44.45000076293945
2021-08-11,42.853633880615234,43.71711300791165,12.50290263224171,50.39682539682539,50.39682539682539,44.16999816894531
2021-08-12,41.34983444213867,42.14539644292088,2.972624804496196,39.08730158730159,39.08730158730159,42.619998931884766
2021-08-13,42.1841926574707,41.23339942082928,1.1194089598663437,37.698412698412696,37.698412698412696,43.47999954223633
2021-08-16,41.728214263916016,41.63119594452444,-1.4998206242645984,34.12698412698413,34.12698412698413,43.0099983215332
2021-08-17,39.25420379638672,40.6803958083525,-13.407756500357534,22.42063492063492,22.42063492063492,40.459999084472656
2021-08-18,37.507850646972656,39.08927425945528,-25.545497644136173,14.285714285714285,14.285714285714285,38.65999984741211
2021-08-19,38.448944091796875,37.04215638640423,-28.79395148564663,12.103174603174603,12.103174603174603,39.630001068115234
2021-08-20,39.22510528564453,38.769111043069636,-27.86159396803289,13.293650793650794,13.293650793650794,40.43000030517578
2021-08-23,42.387943267822266,40.1661929761177,-14.15322005703251,21.825396825396826,21.825396825396826,43.689998626708984
2021-08-24,42.4267463684082,42.66929580136344,-6.398799136687739,28.57142857142857,28.57142857142857,43.72999954223633
2021-08-25,43.44546127319336,42.863344006958535,1.771458503230873,38.095238095238095,38.095238095238095,44.779998779296875
2021-08-26,43.34844207763672,43.193210563075354,5.603109402762143,40.476190476190474,40.476190476190474,44.68000030517578
2021-08-27,45.890350341796875,43.51336524322485,18.717003381355564,61.70634920634921,61.70634920634921,47.29999923706055
2021-08-30,46.3172492980957,46.356054401263165,25.41269084833383,73.01587301587301,73.01587301587301,47.7400016784668
2021-08-31,45.16271209716797,46.346354735016654,23.761353423926273,70.63492063492063,70.63492063492063,46.54999923706055
2021-09-01,44.590293884277344,45.82244564173856,19.68763416636426,62.89682539682539,62.89682539682539,45.959999084472656
2021-09-02,44.920162200927734,44.96867135591028,19.339605006081147,62.698412698412696,62.698412698412696,46.29999923706055
2021-09-03,45.83214569091797,44.76492589053327,23.15605630697463,68.84920634920636,68.84920634920636,47.2400016784668
2021-09-07,45.376155853271484,45.94857275759585,22.70036943668428,67.46031746031747,67.46031746031747,46.77000045776367
2021-09-08,43.610389709472656,44.72611490409784,12.464871561012513,49.2063492063492,49.2063492063492,44.95000076293945
2021-09-09,44.1925163269043,43.5715902248192,9.707415025130656,44.24603174603175,44.24603174603175,45.54999923706055
2021-09-10,45.201515197753906,45.25002434706634,13.090606477499861,50.39682539682539,50.39682539682539,46.59000015258789
2021-09-13,46.4433708190918,46.375457264538134,21.150546768384743,65.67460317460318,65.67460317460318,47.869998931884766
2021-09-14,46.4433708190918,46.95757820486959,25.299623453003186,73.61111111111111,73.61111111111111,47.869998931884766
2021-09-15,47.14191436767578,46.62771068399344,29.94820357825889,81.94444444444444,81.94444444444444,48.59000015258789
2021-09-16,47.60761260986328,46.31725127445635,33.17688412021633,86.90476190476191,86.90476190476191,49.06999969482422
2021-09-17,45.35674285888672,47.19041593524473,22.399450967376943,68.05555555555556,68.05555555555556,46.75
2021-09-20,42.009559631347656,42.44614933615016,0.7077522934348944,35.91269841269841,35.91269841269841,43.29999923706055
2021-09-21,42.30062484741211,42.7275142707436,-13.517602647776409,21.825396825396826,21.825396825396826,43.599998474121094
2021-09-22,44.88135528564453,43.13499972568769,-8.17467875742985,26.38888888888889,26.38888888888889,46.2599983215332
2021-09-23,46.6665153503418,45.49257683390249,4.7748482906339484,40.07936507936508,40.07936507936508,48.099998474121094
2021-09-24,46.52098083496094,45.46346518528783,10.219468381555146,46.230158730158735,46.230158730158735,47.95000076293945
2021-09-27,46.26873779296875,45.13360799519044,11.6337219840954,49.2063492063492,49.2063492063492,47.689998626708984
2021-09-28,40.97145462036133,43.56188479547124,-13.08975627246749,22.817460317460316,22.817460317460316,42.22999954223633
2021-09-29,38.92433547973633,41.29162052782222,-28.673295637592844,12.698412698412698,12.698412698412698,40.119998931884766
2021-09-30,38.84672546386719,39.83632778279217,-36.561198213464586,4.761904761904762,4.761904761904762,40.040000915527344
2021-10-01,38.87582778930664,39.29301316341889,-37.225025092614366,3.7698412698412698,3.7698412698412698,40.06999969482422
2021-10-04,35.91672134399414,38.13847509179125,-40.90468513630498,1.7857142857142856,1.7857142857142856,37.02000045776367
2021-10-05,37.49814224243164,36.479431705940755,-39.77521477897899,2.579365079365079,2.579365079365079,38.650001525878906
2021-10-06,37.89593505859375,36.20778891699862,-38.201765199177316,3.1746031746031744,3.1746031746031744,39.060001373291016
2021-10-07,39.18629837036133,39.32212550423938,-33.90584292216556,7.5396825396825395,7.5396825396825395,40.38999938964844
2021-10-08,38.15788269042969,39.681092997829424,-34.04236567184803,7.5396825396825395,7.5396825396825395,39.33000183105469
2021-10-11,37.23619079589844,37.604863277305526,-36.34260906164725,5.952380952380952,5.952380952380952,38.380001068115234
2021-10-12,35.94583511352539,38.041462642787266,-40.10794861754034,2.579365079365079,2.579365079365079,37.04999923706055
2021-10-13,36.5279541015625,36.57646325859947,-40.58476630822723,2.1825396825396823,2.1825396825396823,37.650001525878906
2021-10-14,39.82662582397461,38.4586468378984,-31.28806059319898,11.706349206349206,11.706349206349206,41.04999923706055
2021-10-15,40.59307861328125,40.77741487433015,-22.68769909823422,19.047619047619047,19.047619047619047,41.84000015258789
2021-10-18,41.58267593383789,39.9139346284766,-13.930276355906368,22.817460317460316,22.817460317460316,42.86000061035156
2021-10-19,43.105892181396484,41.825231273592244,-2.6662405069638027,33.730158730158735,33.730158730158735,44.43000030517578
2021-10-20,42.882747650146484,42.81483409365507,2.3414986426077173,39.285714285714285,39.285714285714285,44.20000076293945
2021-10-21,44.23133087158203,42.03868482651987,11.61557864788054,50.198412698412696,50.198412698412696,45.59000015258789
2021-10-22,42.73721694946289,43.50367418219676,9.17511226370111,45.23809523809524,45.23809523809524,44.04999923706055
2021-10-25,43.71711349487305,43.27081970130689,11.948199362066646,51.19047619047619,51.19047619047619,45.060001373291016
2021-10-26,43.62010192871094,44.64851315844996,15.617803757401768,55.35714285714286,55.35714285714286,44.959999084472656
2021-10-27,42.77602767944336,42.91185480001449,13.007395892862805,52.57936507936508,52.57936507936508,44.09000015258789
2021-10-28,45.599308013916016,44.473878432251325,24.063932276237228,72.61904761904762,72.61904761904762,47.0
2021-10-29,46.229923248291016,44.599990768158754,30.42439976709057,83.73015873015873,83.73015873015873,47.650001525878906
2021-11-01,48.4710807800293,46.365753348745294,35.93746077519489,91.86507936507937,91.86507936507937,49.959999084472656
2021-11-02,50.2756462097168,48.335250744421636,39.174555611435494,96.42857142857143,96.42857142857143,51.81999969482422
2021-11-03,52.07051467895508,50.51819966357588,40.88036947807367,97.81746031746032,97.81746031746032,53.66999816894531
2021-11-04,57.31929016113281,53.76836251392034,41.80776460243695,98.80952380952381,98.80952380952381,59.08000183105469
2021-11-05,59.094749450683594,58.25067837810294,41.96313795192964,98.80952380952381,98.80952380952381,60.90999984741211
2021-11-08,61.6463737487793,60.249286442782875,42.38318459351519,99.20634920634922,99.20634920634922,63.540000915527344
2021-11-09,61.51054000854492,63.324805098500704,41.79692922457897,98.01587301587301,98.01587301587301,63.400001525878906
2021-11-10,56.222965240478516,58.26037921219801,35.11979655141073,89.48412698412699,89.48412698412699,57.95000076293945
2021-11-11,59.80299377441406,58.91041354542807,34.960944261608,88.88888888888889,88.88888888888889,61.63999938964844
2021-11-12,61.462032318115234,60.36571141232503,36.32214866320233,91.46825396825396,91.46825396825396,63.349998474121094
2021-11-15,61.31650924682617,62.80091458020906,36.83110349131059,92.06349206349206,92.06349206349206,63.20000076293945
2021-11-16,64.1785888671875,60.52094255083379,39.37910980480034,95.83333333333334,95.83333333333334,66.1500015258789
2021-11-17,62.59716796875,64.033064179979,38.46949677985014,94.24603174603175,94.24603174603175,64.5199966430664
2021-11-18,65.95404815673828,65.84732580907517,39.566356575544134,95.83333333333334,95.83333333333334,67.9800033569336
2021-11-19,66.56529235839844,65.83764378202943,39.95295771633498,96.03174603174604,96.03174603174604,68.61000061035156
2021-11-22,63.480045318603516,67.46755905523369,34.25201347744507,87.3015873015873,87.3015873015873,65.43000030517578
2021-11-23,62.810611724853516,62.89793338734013,29.751239204092883,81.34920634920636,81.34920634920636,64.73999786376953
2021-11-24,64.88682556152344,61.112760449789974,30.200243729041613,82.53968253968253,82.53968253968253,66.87999725341797
2021-11-26,59.541038513183594,61.21948027894622,17.50529143183497,59.92063492063492,59.92063492063492,61.369998931884766
2021-11-29,66.37123107910156,62.04414633728001,23.613179287483113,70.83333333333334,70.83333333333334,68.41000366210938
2021-11-30,62.74269485473633,65.2749119028667,18.862948257531848,62.698412698412696,62.698412698412696,64.66999816894531
2021-12-01,61.27770233154297,65.52717038588469,11.30467229893469,48.61111111111111,48.61111111111111,63.15999984741211
2021-12-02,61.365013122558594,59.43431780061348,6.726214457560052,42.46031746031746,42.46031746031746,63.25
2021-12-03,61.05454635620117,63.93603493602053,1.6964521000929,38.095238095238095,38.095238095238095,62.93000030517578
2021-12-06,60.73438262939453,60.21047861437869,-4.17253920072582,31.349206349206348,31.349206349206348,62.599998474121094
2021-12-07,69.84453582763672,64.77040560385564,16.725033140911744,57.936507936507944,57.936507936507944,71.98999786376953
2021-12-08,68.58329010009766,68.81613551735383,24.074103149920663,71.82539682539682,71.82539682539682,70.69000244140625
2021-12-09,63.93603515625,67.36083213392556,14.317101306846439,52.77777777777778,52.77777777777778,65.9000015258789
2021-12-10,65.58537292480469,67.38994151095594,14.22345116943956,52.57936507936508,52.57936507936508,67.5999984741211
2021-12-13,60.48213195800781,65.99285214436125,-1.43244946595268,34.92063492063492,34.92063492063492,62.34000015258789
2021-12-14,59.68656921386719,58.21186811093551,-11.613742926998333,25.0,25.0,61.52000045776367
2021-12-15,66.08987426757812,59.99702980042252,0.48668387246466915,36.904761904761905,36.904761904761905,68.12000274658203
2021-12-16,57.46481704711914,66.95335434456523,-15.422945706443535,21.428571428571427,21.428571428571427,59.22999954223633
2021-12-17,57.20287322998047,55.631153505213504,-24.0542869773643,18.452380952380953,18.452380952380953,58.959999084472656
2021-12-20,55.83488464355469,54.46690584474722,-29.46654878613717,13.492063492063492,13.492063492063492,57.54999923706055
2021-12-21,61.62255096435547,59.361438262289184,-20.3658899081913,20.238095238095237,20.238095238095237,63.5
2021-12-22,63.44696807861328,60.623009174471576,-10.503393721948559,26.785714285714285,26.785714285714285,65.37999725341797
2021-12-23,65.41696166992188,64.0486461305696,0.17305812342203417,37.698412698412696,37.698412698412696,67.41000366210938
2021-12-27,70.83196258544922,66.08654178879543,18.087327023962942,62.5,62.5,72.98999786376953
2021-12-28,68.43499755859375,71.88004097528162,20.363661107657293,66.46825396825396,66.46825396825396,70.5199966430664
2021-12-29,68.90081024169922,68.3379567754832,22.65912762531447,70.03968253968253,70.03968253968253,71.0
2021-12-30,66.3388442993164,68.415571699009,16.719881608522325,59.523809523809526,59.523809523809526,68.36000061035156
2021-12-31,65.99920654296875,66.66880084794053,12.568573029395088,52.182539682539684,52.182539682539684,68.01000213623047
2022-01-03,69.9682846069336,67.00846557395046,20.46466466947152,67.06349206349206,67.06349206349206,72.0999984741211
2022-01-04,68.96873474121094,70.43409195578154,21.62658374284794,69.04761904761905,69.04761904761905,71.06999969482422
2022-01-05,62.11747741699219,67.53249307455899,4.33338644537639,41.07142857142857,41.07142857142857,64.01000213623047
2022-01-06,63.60224151611328,62.19510785639325,-1.4729649659400263,35.91269841269841,35.91269841269841,65.54000091552734
2022-01-07,57.97372055053711,63.15583752221345,-15.742568188290186,21.825396825396826,21.825396825396826,59.7400016784668
2022-01-10,58.226036071777344,55.644681954005016,-21.154114302203123,20.03968253968254,20.03968253968254,60.0
2022-01-11,61.41875457763672,57.342931977647176,-17.86491247575884,21.626984126984127,21.626984126984127,63.290000915527344
2022-01-12,62.67062759399414,63.068501671924736,-13.225834309107022,24.801587301587304,24.801587301587304,64.58000183105469
2022-01-13,58.420127868652344,65.50429536807678,-19.053642063541513,21.428571428571427,21.428571428571427,60.20000076293945
2022-01-14,62.573585510253906,57.02269832713124,-13.66194395740564,24.6031746031746,24.6031746031746,64.4800033569336
2022-01-18,54.32487487792969,59.10911303292933,-25.657656133490963,17.261904761904763,17.261904761904763,55.97999954223633
2022-01-19,49.31745147705078,55.78054123077551,-35.21307909415089,7.142857142857142,7.142857142857142,50.81999969482422
2022-01-20,44.630252838134766,50.57900946636536,-40.35368134434334,2.380952380952381,2.380952380952381,45.9900016784668
2022-01-21,42.417667388916016,43.883024737640596,-42.96052150910837,0.0,0.0,43.709999084472656
2022-01-24,44.10622024536133,39.78778877236833,-39.34528094872374,3.571428571428571,3.571428571428571,45.45000076293945
2022-01-25,39.00173568725586,40.53502297030699,-40.70924100212459,2.380952380952381,2.380952380952381,40.189998626708984
2022-01-26,40.87467575073242,42.48559591288541,-39.97710365630252,3.571428571428571,3.571428571428571,42.119998931884766
2022-01-27,35.28498077392578,42.11683701108112,-42.84811296734852,0.1984126984126984,0.1984126984126984,36.36000061035156
2022-01-28,37.27436447143555,35.294678505554145,-41.55386222621345,1.7857142857142856,1.7857142857142856,38.40999984741211
2022-01-31,43.26194763183594,37.83722165762682,-35.8130886244882,7.936507936507936,7.936507936507936,44.58000183105469
2022-02-01,44.552616119384766,44.53320699893348,-31.39989222551861,13.293650793650794,13.293650793650794,45.90999984741211
2022-02-02,47.88121032714844,47.03693384329877,-24.953487404644882,19.642857142857142,19.642857142857142,49.34000015258789
2022-02-03,41.369598388671875,44.23237914755766,-27.62891748504788,17.857142857142858,17.857142857142858,42.630001068115234
2022-02-04,42.175048828125,40.835852952109086,-27.66003633223828,17.857142857142858,17.857142857142858,43.459999084472656
2022-02-07,42.12654113769531,42.34974052059619,-27.709290980799956,17.857142857142858,17.857142857142858,43.40999984741211
2022-02-08,45.22221755981445,41.486048583363825,-23.682298069270182,21.03174603174603,21.03174603174603,46.599998474121094
2022-02-09,49.51153564453125,46.99811181615723,-15.446380764702624,25.0,25.0,51.02000045776367
2022-02-10,45.04754638671875,46.17325342762497,-17.131230435140896,24.6031746031746,24.6031746031746,46.41999816894531
2022-02-11,38.3709602355957,45.18340717999965,-25.593465921333003,19.444444444444446,19.444444444444446,39.540000915527344
2022-02-14,38.41947555541992,38.57474482045726,-29.186473121911494,15.674603174603174,15.674603174603174,39.59000015258789
2022-02-15,44.64966583251953,40.66118528061293,-21.222678177512517,22.817460317460316,22.817460317460316,46.0099983215332
2022-02-16,44.73699951171875,42.767019958483516,-15.256862010573663,26.38888888888889,26.38888888888889,46.099998474121094
2022-02-17,39.66162872314453,42.81553860126929,-18.125080642756604,24.6031746031746,24.6031746031746,40.869998931884766
2022-02-18,38.45829772949219,39.92365133674404,-21.207049780262658,23.015873015873016,23.015873015873016,39.630001068115234
2022-02-22,37.46845626831055,37.09969032224709,-24.579792526468324,21.03174603174603,21.03174603174603,38.61000061035156
2022-02-23,34.8482780456543,38.88528255605515,-30.65751640685097,14.087301587301587,14.087301587301587,35.90999984741211
2022-02-24,38.75912857055664,30.869501790751336,-24.97995796518525,20.436507936507937,20.436507936507937,39.939998626708984
2022-02-25,40.54472732543945,38.81735616089148,-18.524796202151006,24.6031746031746,24.6031746031746,41.779998779296875
2022-02-28,39.79749298095703,39.01144388385671,-16.384156439351965,25.793650793650798,25.793650793650798,41.0099983215332
2022-03-01,35.49848175048828,39.57430207733989,-23.09757866810847,22.023809523809522,22.023809523809522,36.58000183105469
2022-03-02,38.933807373046875,36.36215973663169,-19.734657024015583,23.809523809523807,23.809523809523807,40.119998931884766
2022-03-03,36.43979263305664,39.44813997957405,-22.35323461394274,22.023809523809522,22.023809523809522,37.54999923706055
2022-03-04,33.741981506347656,35.54698885089787,-28.712414532775103,15.873015873015872,15.873015873015872,34.77000045776367
2022-03-07,28.705434799194336,33.79050823278413,-36.66449846383221,6.547619047619048,6.547619047619048,29.579999923706055
2022-03-08,30.238723754882812,28.792777294859874,-37.65646077764518,5.158730158730158,5.158730158730158,31.15999984741211
2022-03-09,33.89725112915039,33.11119846022631,-32.13761267674206,11.706349206349206,11.706349206349206,34.93000030517578
2022-03-10,31.781713485717773,32.09225206942527,-32.46388166467589,10.912698412698413,10.912698412698413,32.75
2022-03-11,29.78261947631836,33.150024733220754,-35.48391804002526,7.5396825396825395,7.5396825396825395,30.690000534057617
2022-03-14,27.084810256958008,29.12272183641367,-39.35355271408416,3.7698412698412698,3.7698412698412698,27.90999984741211
2022-03-15,30.5783748626709,27.608847408862964,-34.56527727021165,8.73015873015873,8.73015873015873,31.510000228881836
2022-03-16,35.226749420166016,32.06313657177877,-22.90710026484375,21.626984126984127,21.626984126984127,36.29999923706055
2022-03-17,35.85752868652344,34.207790530486555,-14.95591213316286,27.18253968253968,27.18253968253968,36.95000076293945
2022-03-18,38.01189422607422,35.527585802148295,-4.291923850388084,36.30952380952381,36.30952380952381,39.16999816894531
2022-03-21,37.84691619873047,37.555786814507044,3.4303817412755877,44.24603174603175,44.24603174603175,39.0
2022-03-22,38.42637634277344,37.64989057266134,9.092069583172123,49.404761904761905,49.404761904761905,39.59000015258789
2022-03-23,35.61160659790039,37.37811288207335,4.478441727520493,44.84126984126984,44.84126984126984,36.689998626708984
2022-03-24,40.85288619995117,36.70839006922276,16.74650599891053,62.89682539682539,62.89682539682539,42.09000015258789
2022-03-25,40.77524948120117,40.83348730702612,22.565911064797046,72.81746031746032,72.81746031746032,42.0099983215332
2022-03-28,41.45466995239258,39.98905338976936,26.842851941540392,80.75396825396825,80.75396825396825,42.709999084472656
2022-03-29,44.240325927734375,43.52207419172552,31.84461175342091,87.3015873015873,87.3015873015873,45.58000183105469
2022-03-30,40.134647369384766,43.39589149595408,22.714553485113846,73.01587301587301,73.01587301587301,41.349998474121094
2022-03-31,37.64019012451172,40.04729835599294,12.163753184680337,54.166666666666664,54.166666666666664,38.779998779296875
2022-04-01,35.22336959838867,37.921658989843216,1.067961382203469,40.67460317460318,40.67460317460318,36.290000915527344
2022-04-04,36.84428405761719,35.50484749202304,-1.0390430726030941,38.69047619047619,38.69047619047619,37.959999084472656
2022-04-05,31.913593292236328,35.99985223925434,-12.453848989843854,27.18253968253968,27.18253968253968,32.880001068115234
2022-04-06,29.613248825073242,29.943255676715836,-23.222751230117307,18.253968253968253,18.253968253968253,30.510000228881836
2022-04-07,29.613248825073242,29.360890535506098,-28.62742445299893,13.293650793650794,13.293650793650794,30.510000228881836
2022-04-08,27.4585018157959,28.982356113286162,-35.22339286255248,6.349206349206349,6.349206349206349,28.290000915527344
2022-04-11,25.711410522460938,26.245246133405182,-39.844298012882504,2.1825396825396823,2.1825396825396823,26.489999771118164
2022-04-12,25.46875762939453,27.21585340986209,-41.96924904107532,0.3968253968253968,0.3968253968253968,26.239999771118164
2022-04-13,27.206144332885742,25.983177966610896,-39.95120179787919,2.380952380952381,2.380952380952381,28.030000686645508
2022-04-14,24.85727310180664,27.710859475932015,-42.07800456631039,0.3968253968253968,0.3968253968253968,25.610000610351562
2022-04-18,26.187009811401367,24.51756430885766,-40.37955549512919,1.984126984126984,1.984126984126984,26.979999542236328
2022-04-19,27.90498161315918,25.89582323321779,-35.53418022611537,6.746031746031746,6.746031746031746,28.75
2022-04-20,27.66233253479004,29.186187048395176,-33.38994178456103,10.119047619047619,10.119047619047619,28.5
2022-04-21,25.43963623046875,28.729998795475986,-36.77045277530482,5.555555555555555,5.555555555555555,26.209999084472656
2022-04-22,23.731369018554688,25.33287202902367,-40.368723229639436,2.1825396825396823,2.1825396825396823,24.450000762939453
2022-04-25,24.915512084960938,23.187828855995487,-39.07558191981025,3.968253968253968,3.968253968253968,25.670000076293945
2022-04-26,21.770742416381836,23.983727947295243,-41.96890066554149,0.7936507936507936,0.7936507936507936,22.43000030517578
2022-04-27,21.304847717285156,20.984547130638084,-43.134043266501806,0.0,0.0,21.950000762939453
2022-04-28,24.828155517578125,22.518109017521002,-36.477327726166024,7.142857142857142,7.142857142857142,25.579999923706055
2022-04-29,21.586320877075195,23.585772762690034,-38.7209652534936,4.563492063492063,4.563492063492063,22.239999771118164
2022-05-02,23.779897689819336,21.722207769031527,-33.962350958226715,10.515873015873016,10.515873015873016,24.5
2022-05-03,24.371971130371094,23.61489611027902,-29.514559904155934,14.484126984126986,14.484126984126986,25.110000610351562
2022-05-04,27.196439743041992,24.934922916092532,-19.64654214135779,24.6031746031746,24.6031746031746,28.020000457763672
2022-05-05,23.28489112854004,25.750236912146505,-21.814197952551005,23.41269841269841,23.41269841269841,23.989999771118164
2022-05-06,22.6636962890625,22.556928820801655,-24.897894194266122,20.634920634920633,20.634920634920633,23.350000381469727
2022-05-09,19.140392303466797,21.17866981555273,-32.962835599316186,11.904761904761903,11.904761904761903,19.719999313354492
2022-05-10,20.47012710571289,20.819546650459856,-33.060505473969556,11.904761904761903,11.904761904761903,21.09000015258789
2022-05-11,18.587146759033203,19.926587118909776,-37.452968700842796,5.555555555555555,5.555555555555555,19.149999618530273
2022-05-12,18.839506149291992,17.96595908690383,-37.36891708805009,5.952380952380952,5.952380952380952,19.40999984741211
2022-05-13,21.828975677490234,19.96540807443391,-27.932359005586882,18.055555555555554,18.055555555555554,22.489999771118164
2022-05-16,20.741897583007812,21.21749536817827,-25.58848955236818,20.436507936507937,20.436507936507937,21.3700008392334
2022-05-17,23.857547760009766,22.40163556509146,-15.097984986172989,29.761904761904763,29.761904761904763,24.579999923706055
2022-05-18,20.2371768951416,22.7122265209792,-19.663114917036385,26.190476190476193,26.190476190476193,20.850000381469727
2022-05-19,19.907169342041016,19.945992697498905,-22.891062967839293,24.00793650793651,24.00793650793651,20.510000228881836
2022-05-20,19.761581420898438,20.906899270032508,-23.548150749400403,23.015873015873016,23.015873015873016,20.360000610351562
2022-05-23,20.023645401000977,19.344220804023134,-22.56317627329618,24.6031746031746,24.6031746031746,20.6299991607666
2022-05-24,18.53861427307129,19.1112731752403,-27.653873597794536,19.047619047619047,19.047619047619047,19.100000381469727
2022-05-25,19.596582412719727,18.17949330910055,-25.60720834267348,20.436507936507937,20.436507936507937,20.190000534057617
2022-05-26,21.87751007080078,19.03362770255409,-16.469212133774096,29.365079365079367,29.365079365079367,22.540000915527344
2022-05-27,24.517566680908203,22.90635699838852,-1.924278543389311,42.46031746031746,42.46031746031746,25.260000228881836
2022-05-31,24.12932014465332,24.401089252452664,4.437454699302705,48.61111111111111,48.61111111111111,24.860000610351562
2022-06-01,23.013118743896484,24.595211092342826,3.657085566028036,48.214285714285715,48.214285714285715,23.709999084472656
2022-06-02,25.429929733276367,22.71222628739943,12.91706086868368,58.730158730158735,58.730158730158735,26.200000762939453
2022-06-03,23.226654052734375,23.828430087849494,11.349468608608657,55.35714285714286,55.35714285714286,23.93000030517578
2022-06-06,23.20724105834961,24.507856146504796,11.160719183499198,54.96031746031746,54.96031746031746,23.90999984741211
2022-06-07,23.87696075439453,22.343399958245392,13.898854115297196,60.71428571428571,60.71428571428571,24.600000381469727
2022-06-08,22.236631393432617,23.449891516825005,7.92406730761831,51.19047619047619,51.19047619047619,22.90999984741211
2022-06-09,20.47012710571289,21.73191702640636,-2.245243894164215,41.86507936507937,41.86507936507937,21.09000015258789
2022-06-10,18.257137298583984,19.39274881579474,-17.62305613403057,28.968253968253972,28.968253968253972,18.809999465942383
2022-06-13,15.09295654296875,16.432395867796462,-30.671294271271943,14.484126984126986,14.484126984126986,15.550000190734863
2022-06-14,15.296783447265625,15.539435465430458,-36.26153605628531,8.333333333333332,8.333333333333332,15.760000228881836
2022-06-15,16.121801376342773,15.86944304438556,-36.286433841215946,8.333333333333332,8.333333333333332,16.610000610351562
2022-06-16,13.171150207519531,14.695005390446648,-39.886993777907385,3.571428571428571,3.571428571428571,13.569999694824219
2022-06-17,13.297330856323242,13.248800265933664,-41.1508228951622,1.5873015873015872,1.5873015873015872,13.699999809265137
2022-06-21,14.36500072479248,14.11264238504922,-39.0227178752695,4.9603174603174605,4.9603174603174605,14.800000190734863
2022-06-22,13.887816429138184,13.644852530149178,-38.75001991025236,5.158730158730158,5.158730158730158,14.289999961853027
2022-06-23,13.61569881439209,14.169656276364336,-39.19872430609163,4.761904761904762,4.761904761904762,14.010000228881836
2022-06-24,15.365038871765137,14.2279676399441,-33.22790232866446,13.690476190476192,13.690476190476192,15.8100004196167
2022-06-27,15.355320930480957,15.850966655201667,-29.97798923594508,16.865079365079367,16.865079365079367,15.800000190734863
2022-06-28,14.15021800994873,15.549689672683396,-31.812586242086937,15.277777777777779,15.277777777777779,14.5600004196167
2022-06-29,13.168643951416016,13.605978798870089,-36.00081039466111,9.722222222222223,9.722222222222223,13.550000190734863
2022-06-30,12.731308937072754,12.663278413723235,-38.649400137528666,5.753968253968254,5.753968253968254,13.100000381469727
2022-07-01,11.273529052734375,12.138480229127895,-41.43632275651101,1.5873015873015872,1.5873015873015872,11.600000381469727
2022-07-05,11.51648998260498,10.437729603002891,-41.47449284609588,1.3888888888888888,1.3888888888888888,11.850000381469727
2022-07-06,11.749736785888672,11.584521225522671,-40.74070871618073,2.579365079365079,2.579365079365079,12.09000015258789
2022-07-07,13.324142456054688,12.546657665641591,-33.758152792464095,14.087301587301587,14.087301587301587,13.710000038146973
2022-07-08,13.518513679504395,12.76046643465539,-28.632437776180197,20.833333333333336,20.833333333333336,13.90999984741211
2022-07-11,12.54665470123291,12.877085728599798,-29.34788610432054,19.047619047619047,19.047619047619047,12.90999984741211
2022-07-12,12.604968070983887,12.809057795058687,-28.03675632887287,21.626984126984127,21.626984126984127,12.970000267028809
2022-07-13,12.915963172912598,11.837203599643948,-22.57319001415354,28.968253968253972,28.968253968253972,13.289999961853027
2022-07-14,13.674010276794434,12.799340461597414,-13.576433000430729,37.10317460317461,37.10317460317461,14.069999694824219
2022-07-15,14.684738159179688,14.334870467861522,-2.7108081214370396,46.03174603174603,46.03174603174603,15.109999656677246
2022-07-18,14.500086784362793,15.384475302711252,3.8534186460952093,52.976190476190474,52.976190476190474,14.920000076293945
2022-07-19,16.47295570373535,15.170667923626386,18.43782972179549,70.03968253968253,70.03968253968253,16.950000762939453
2022-07-20,17.687776565551758,16.356333284059,27.850235248134474,83.92857142857143,83.92857142857143,18.200000762939453
2022-07-21,18.56244468688965,17.99876844148816,33.92634529143402,90.27777777777779,90.27777777777779,19.100000381469727
2022-07-22,17.15325355529785,18.309762412680474,30.55116926231141,87.3015873015873,87.3015873015873,17.649999618530273
2022-07-25,16.8131046295166,16.74507501997809,26.7778740416276,82.14285714285714,82.14285714285714,17.299999237060547
2022-07-26,15.9675931930542,16.45352115703677,20.477385415347545,72.61904761904762,72.61904761904762,16.43000030517578
2022-07-27,18.202857971191406,16.832541495530688,28.067327580637414,83.73015873015873,83.73015873015873,18.729999542236328
2022-07-28,18.824846267700195,18.329199623960946,33.12125703037787,89.28571428571429,89.28571428571429,19.3700008392334
2022-07-29,19.27189826965332,18.04735987710791,36.216788145395064,93.05555555555556,93.05555555555556,19.829999923706055
2022-08-01,19.446834564208984,18.863720719959115,36.950533816153346,94.04761904761905,94.04761904761905,20.010000228881836
2022-08-02,19.359365463256836,18.883156396506994,36.47573201135841,93.05555555555556,93.05555555555556,19.920000076293945
2022-08-03,20.94348907470703,19.417675960092303,39.089299093637045,96.03174603174604,96.03174603174604,21.549999237060547
2022-08-04,21.448856353759766,20.8657425262882,40.5174292414968,97.81746031746032,97.81746031746032,22.06999969482422
2022-08-05,20.953210830688477,20.37009697155837,39.69939305624918,96.82539682539682,96.82539682539682,21.559999465942383
2022-08-08,19.9619197845459,20.06882266613675,35.621165228347664,92.06349206349206,92.06349206349206,20.540000915527344
2022-08-09,17.192127227783203,18.68878398753263,19.967297852070025,71.03174603174604,71.03174603174604,17.690000534057617
2022-08-10,19.349645614624023,18.543005508799784,21.347610042714756,73.01587301587301,73.01587301587301,19.90999984741211
2022-08-11,19.223308563232422,19.8938877365885,20.9527190677253,72.42063492063492,72.42063492063492,19.780000686645508
2022-08-12,20.992080688476562,19.670356519741397,27.915524106549196,83.13492063492063,83.13492063492063,21.600000381469727
2022-08-15,21.167020797729492,20.642217755975288,32.1777313380203,88.09523809523809,88.09523809523809,21.780000686645508
2022-08-16,20.54503059387207,20.875461707330846,30.761249639085896,86.70634920634922,86.70634920634922,21.139999389648438
2022-08-17,18.999778747558594,19.612048894466014,19.26174879003438,70.43650793650794,70.43650793650794,19.549999237060547
2022-08-18,20.30206298828125,19.164991856676334,21.300982814382525,73.4126984126984,73.4126984126984,20.889999389648438
2022-08-19,18.63047218322754,19.495423085989366,11.477169300797726,59.12698412698413,59.12698412698413,19.170000076293945
2022-08-22,16.560422897338867,17.590589475027453,-6.028367777546004,43.25396825396825,43.25396825396825,17.040000915527344
2022-08-23,16.842262268066406,16.5992982989058,-13.329360642790297,37.698412698412696,37.698412698412696,17.329999923706055
2022-08-24,16.920007705688477,16.76451094090681,-18.53719923100504,32.142857142857146,32.142857142857146,17.40999984741211
2022-08-25,18.776254653930664,16.968602186638783,-9.239671844249797,41.66666666666667,41.66666666666667,19.31999969482422
2022-08-26,15.530253410339355,18.708221946994804,-21.335652925856007,30.158730158730158,30.158730158730158,15.979999542236328
2022-08-29,14.626428604125977,15.044325928700665,-29.336965360116245,19.246031746031747,19.246031746031747,15.050000190734863
2022-08-30,14.062753677368164,15.063764891274868,-32.83509133456093,15.476190476190476,15.476190476190476,14.470000267028809
2022-08-31,13.644854545593262,14.276560405538728,-35.83265896081516,10.714285714285714,10.714285714285714,14.039999961853027
2022-09-01,12.847933769226074,12.663280650588998,-36.605602091962524,9.325396825396826,9.325396825396826,13.220000267028809
2022-09-02,12.498063087463379,13.450482088289487,-38.463383733513346,6.746031746031746,6.746031746031746,12.859999656677246
2022-09-06,12.070448875427246,12.546657985726842,-40.6992629806812,2.976190476190476,2.976190476190476,12.420000076293945
2022-09-07,12.624407768249512,12.070450208431994,-39.25395701592758,5.555555555555555,5.555555555555555,12.989999771118164
2022-09-08,13.265830039978027,12.284256479549855,-34.7204844511939,13.690476190476192,13.690476190476192,13.649999618530273
2022-09-09,14.237686157226562,13.858663013478424,-26.12312889204922,25.793650793650798,25.793650793650798,14.649999618530273
2022-09-12,14.364027976989746,14.412620950707346,-20.68548692428855,32.34126984126984,32.34126984126984,14.779999732971191
2022-09-13,11.749736785888672,12.779903416229004,-30.961834031980462,18.650793650793652,18.650793650793652,12.09000015258789
2022-09-14,12.10932445526123,11.934390098058474,-33.86333524370588,14.880952380952381,14.880952380952381,12.460000038146973
2022-09-15,11.574800491333008,11.885793998665637,-36.90372424179079,9.325396825396826,9.325396825396826,11.90999984741211
2022-09-16,11.720579147338867,11.147184185088264,-36.65422196414185,9.920634920634921,9.920634920634921,12.0600004196167
2022-09-19,11.914950370788574,11.292962427426705,-35.03495695422496,13.492063492063492,13.492063492063492,12.260000228881836
2022-09-20,11.407930374145508,11.554186452067565,-36.654904691423226,9.920634920634921,9.920634920634921,11.699999809265137
2022-09-21,11.115419387817383,11.466433238504138,-38.80181175740135,6.349206349206349,6.349206349206349,11.399999618530273
2022-09-22,10.247638702392578,10.891162949074074,-41.49743723891186,1.3888888888888888,1.3888888888888888,10.510000228881836
2022-09-23,9.779618263244629,9.818619695735302,-42.4635332955426,0.5952380952380952,0.5952380952380952,10.029999732971191
2022-09-26,9.311603546142578,9.662616531773525,-44.11470985021712,0.0,0.0,9.550000190734863
2022-09-27,9.565112113952637,9.789370147953234,-43.54002465356113,0.1984126984126984,0.1984126984126984,9.8100004196167
2022-09-28,9.91612720489502,9.33110458336054,-41.073482290201454,2.976190476190476,2.976190476190476,10.170000076293945
2022-09-29,9.05809211730957,9.457857068998653,-41.746087782721744,1.7857142857142856,1.7857142857142856,9.289999961853027
2022-09-30,8.638827323913574,8.677828765990494,-43.556614566912096,0.1984126984126984,0.1984126984126984,8.859999656677246
2022-10-03,9.457858085632324,8.86308588990226,-39.27065882778366,6.944444444444445,6.944444444444445,9.699999809265137
2022-10-04,10.764408111572266,10.315891068178933,-25.568358724382044,27.77777777777778,27.77777777777778,11.039999961853027
2022-10-05,11.134920120239258,10.26713704986467,-15.126296801180441,38.095238095238095,38.095238095238095,11.420000076293945
2022-10-06,10.910661697387695,11.008165752145535,-10.964483112201448,42.857142857142854,42.857142857142854,11.1899995803833
2022-10-07,8.98008918762207,9.92587516741111,-23.407681479597446,29.96031746031746,29.96031746031746,9.210000038146973
2022-10-10,8.0733060836792,8.843585274961942,-32.10675621987676,19.841269841269842,19.841269841269842,8.279999732971191
2022-10-11,7.3810296058654785,7.615038242041682,-37.278138732555874,10.317460317460316,10.317460317460316,7.570000171661377
2022-10-12,7.156771183013916,7.303026349913613,-40.87475980661101,3.968253968253968,3.968253968253968,7.340000152587891
2022-10-13,7.800296306610107,6.259737860444034,-35.57118542346947,14.682539682539684,14.682539682539684,8.0
2022-10-14,6.7570061683654785,8.053805754658327,-37.850738624446194,9.523809523809524,9.523809523809524,6.929999828338623
2022-10-17,7.14702033996582,7.283525374587861,-36.5890211959446,13.095238095238097,13.095238095238097,7.329999923706055
2022-10-18,7.215272903442383,7.8392963676787,-35.24933831951183,15.873015873015872,15.873015873015872,7.400000095367432
2022-10-19,7.3810296058654785,7.0885183457113925,-33.07958214173888,19.642857142857142,19.642857142857142,7.570000171661377
2022-10-20,7.507784843444824,7.507784843444824,-29.59062220106426,23.015873015873016,23.015873015873016,7.699999809265137
2022-10-21,8.365817070007324,7.459032861592257,-18.968784962766517,36.507936507936506,36.507936507936506,8.579999923706055
2022-10-24,8.463321685791016,8.42432024193396,-12.308311661985059,43.65079365079365,43.65079365079365,8.680000305175781
2022-10-25,9.02884292602539,8.580325864714668,-3.918842149429246,50.79365079365079,50.79365079365079,9.260000228881836
2022-10-26,8.78508186340332,8.521821478902243,-1.0803782400559185,53.96825396825397,53.96825396825397,9.010000228881836
2022-10-27,8.307315826416016,8.931338921823052,-3.6873324780267787,50.99206349206349,50.99206349206349,8.520000457763672
2022-10-28,9.262850761413574,8.346316463636532,3.3974615002001,57.341269841269835,57.341269841269835,9.5
2022-10-31,8.6973295211792,9.067843667492033,2.5446299698543555,56.547619047619044,56.547619047619044,8.920000076293945
2022-11-01,8.872836112976074,9.175097029581952,3.482182391460563,57.53968253968254,57.53968253968254,9.100000381469727
2022-11-02,8.034300804138184,9.03858910205593,-3.199754694206868,50.39682539682539,50.39682539682539,8.239999771118164
2022-11-03,7.69304084777832,7.585787125803725,-10.173504779974524,44.84126984126984,44.84126984126984,7.889999866485596
2022-11-04,8.765582084655762,8.502322587863002,2.2016385012959323,55.952380952380956,55.952380952380956,8.989999771118164
2022-11-07,9.350606918334961,9.038595311173415,17.32034610040253,72.02380952380952,72.02380952380952,9.59000015258789
2022-11-08,9.91612720489502,9.857624570794442,25.640361751393847,83.13492063492063,83.13492063492063,10.170000076293945
2022-11-09,9.009342193603516,9.496860722649608,21.840720874112897,77.77777777777779,77.77777777777779,9.239999771118164
2022-11-10,11.778447151184082,10.530400023406818,31.65021326157375,88.88888888888889,88.88888888888889,12.079999923706055
2022-11-11,12.889988899230957,11.973453634137725,36.774871034340144,94.24603174603175,94.24603174603175,13.220000267028809
2022-11-14,12.451223373413086,12.665730851438187,37.17317922184542,94.64285714285714,94.64285714285714,12.770000457763672
2022-11-15,13.523760795593262,13.982028368600265,38.839568371804376,95.23809523809523,95.23809523809523,13.869999885559082
2022-11-16,11.827199935913086,12.607229788783862,32.36375738173988,89.0873015873016,89.0873015873016,12.130000114440918
2022-11-17,12.06120491027832,11.056917282806284,29.649753442512406,86.11111111111111,86.11111111111111,12.369999885559082
2022-11-18,12.178211212158203,12.665729684349014,28.758834035126075,85.9126984126984,85.9126984126984,12.489999771118164
2022-11-21,11.593189239501953,11.768695251670911,25.06248324768825,81.34920634920636,81.34920634920636,11.890000343322754
2022-11-22,12.577975273132324,11.836947957330917,28.132625829317785,85.11904761904762,85.11904761904762,12.899999618530273
2022-11-23,12.9874906539917,12.577975099148032,31.5199695099191,87.89682539682539,87.89682539682539,13.319999694824219
2022-11-25,12.53897476196289,12.802235183113778,31.002227914494917,87.6984126984127,87.6984126984127,12.859999656677246
2022-11-28,11.544439315795898,12.05145812000524,24.70914769736412,81.34920634920636,81.34920634920636,11.84000015258789
2022-11-29,11.437182426452637,11.651690805486815,20.747736548577652,75.39682539682539,75.39682539682539,11.729999542236328
2022-11-30,13.47500991821289,11.544437265618425,29.440994724475377,86.30952380952381,86.30952380952381,13.819999694824219
2022-12-01,13.163000106811523,13.73827211211028,32.20172772989762,89.48412698412699,89.48412698412699,13.5
2022-12-02,12.704730033874512,12.178210166319545,31.111070630272636,88.4920634920635,88.4920634920635,13.029999732971191
2022-12-05,12.275714874267578,12.480472663039142,26.88441149673018,83.92857142857143,83.92857142857143,12.59000015258789
2022-12-06,11.427433967590332,12.226964014736273,18.180696417274827,72.02380952380952,72.02380952380952,11.720000267028809
2022-12-07,11.407930374145508,11.12516973933726,12.413682642616413,65.47619047619048,65.47619047619048,11.699999809265137
2022-12-08,12.304963111877441,11.593186763195844,16.19033260787154,69.64285714285714,69.64285714285714,12.619999885559082
2022-12-09,12.012454986572266,12.178211343291396,12.580220566813413,66.26984126984127,66.26984126984127,12.319999694824219
2022-12-12,12.65597915649414,11.836948900111686,14.310657814681804,68.65079365079364,68.65079365079364,12.979999542236328
2022-12-13,13.289752960205078,14.352543322116466,19.108333224432286,74.20634920634922,74.20634920634922,13.630000114440918
2022-12-14,12.675481796264648,13.172750920670996,15.350215338904297,69.44444444444444,69.44444444444444,13.0
2022-12-15,11.115419387817383,11.924699874884508,-2.4528043710242673,50.79365079365079,50.79365079365079,11.399999618530273
2022-12-16,10.832660675048828,10.920414153340008,-11.232176571382059,43.84920634920635,43.84920634920635,11.109999656677246
2022-12-19,10.423145294189453,10.842411508719302,-17.605737408255273,37.10317460317461,37.10317460317461,10.6899995803833
2022-12-20,10.186344146728516,10.02978184768401,-22.4638011992228,32.53968253968254,32.53968253968254,10.40999984741211
2022-12-21,10.90066146850586,10.401618409926995,-17.703085079710522,37.10317460317461,37.10317460317461,11.140000343322754
2022-12-22,9.569879531860352,10.313551396192384,-22.779724907565935,31.944444444444443,31.944444444444443,9.779999732971191
2022-12-23,9.56009578704834,9.383962718619365,-25.454406979157824,29.166666666666668,29.166666666666668,9.770000457763672
2022-12-27,9.070837020874023,9.374176232660828,-30.346530132667464,22.42063492063492,22.42063492063492,9.270000457763672
2022-12-28,8.669645309448242,8.904489693036135,-34.37811656117874,17.658730158730158,17.658730158730158,8.859999656677246
2022-12-29,9.462241172790527,9.080619944571746,-28.76168571179949,24.801587301587304,24.801587301587304,9.670000076293945
2022-12-30,9.462241172790527,9.070835502708235,-25.634233081227485,28.57142857142857,28.57142857142857,9.670000076293945
2023-01-03,9.158904075622559,9.951501983378996,-26.8821619712925,27.976190476190478,27.976190476190478,9.359999656677246
2023-01-04,9.85364818572998,9.6677307004002,-19.882217524058962,36.11111111111111,36.11111111111111,10.069999694824219
2023-01-05,9.364392280578613,9.589451312670302,-20.368215049506112,35.91269841269841,35.91269841269841,9.569999694824219
2023-01-06,10.63646125793457,9.736227102293261,-9.639885584780258,47.817460317460316,47.817460317460316,10.869999885559082
2023-01-09,11.282279968261719,11.282279968261719,0.2255691991632006,57.14285714285714,57.14285714285714,11.529999732971191
2023-01-10,11.712825775146484,11.135501728328636,8.435862692845088,64.0873015873016,64.0873015873016,11.970000267028809
2023-01-11,12.133591651916504,11.722615073182663,15.06963018554473,71.82539682539682,71.82539682539682,12.399999618530273
2023-01-12,12.544564247131348,12.319506204769672,20.931863933231156,78.37301587301587,78.37301587301587,12.819999694824219
2023-01-13,12.671772956848145,12.104234157122908,27.471071740219333,86.90476190476191,86.90476190476191,12.949999809265137
2023-01-17,12.779409408569336,12.60327636725231,33.68210169144743,93.05555555555556,93.05555555555556,13.0600004196167
2023-01-18,12.544564247131348,13.161028919474116,33.690567401762806,93.25396825396825,93.25396825396825,12.819999694824219
2023-01-19,11.517125129699707,12.21187007275959,25.632076902964673,85.11904761904762,85.11904761904762,11.770000457763672
2023-01-20,12.515209197998047,11.84981857255942,28.289533793562033,88.09523809523809,88.09523809523809,12.789999961853027
2023-01-23,14.423314094543457,12.896830876497914,35.61819153251081,95.03968253968253,95.03968253968253,14.739999771118164
2023-01-24,14.129759788513184,13.982982874400204,37.98085797374067,97.22222222222221,97.22222222222221,14.4399995803833
2023-01-25,14.217825889587402,13.415443707565055,39.525100040571445,98.21428571428571,98.21428571428571,14.529999732971191
2023-01-26,14.912572860717773,14.697300167871399,41.79484586575861,99.20634920634922,99.20634920634922,15.239999771118164
2023-01-27,14.658158302307129,14.188471420455283,41.61563438587667,99.0079365079365,99.0079365079365,14.979999542236328
2023-01-30,13.503510475158691,14.041694042859934,34.95213288090256,94.04761904761905,94.04761904761905,13.800000190734863
2023-01-31,14.208041191101074,13.376302895534,35.142056408579045,94.44444444444444,94.44444444444444,14.520000457763672
2023-02-01,16.439056396484375,14.413530011408495,38.528969901771944,96.82539682539682,96.82539682539682,16.799999237060547
2023-02-02,17.534992218017578,16.957668108630774,40.38893297276782,98.4126984126984,98.4126984126984,17.920000076293945
2023-02-03,16.566261291503906,16.41948439667782,38.39172391382427,96.23015873015873,96.23015873015873,16.93000030517578
2023-02-06,15.754095077514648,15.773665829423782,34.05070107037467,92.65873015873017,92.65873015873017,16.100000381469727
2023-02-07,17.21208381652832,15.87151707013576,36.225384833228816,94.64285714285714,94.64285714285714,17.59000015258789
2023-02-08,16.13571548461914,16.957668405014832,32.16941501525233,90.07936507936508,90.07936507936508,16.489999771118164
2023-02-09,16.223777770996094,16.95766398234942,29.971283533089732,87.5,87.5,16.579999923706055
2023-02-10,15.460542678833008,15.71495595999035,24.59427987239379,82.14285714285714,82.14285714285714,15.800000190734863
2023-02-13,16.067222595214844,15.64646068369426,24.383601484217202,81.94444444444444,81.94444444444444,16.420000076293945
2023-02-14,16.957670211791992,15.714955322790674,29.31400289096687,86.5079365079365,86.5079365079365,17.329999923706055
2023-02-15,17.163158416748047,16.44884086431332,32.86567674903509,90.87301587301587,90.87301587301587,17.540000915527344
2023-02-16,15.930229187011719,16.292278789915535,27.098683188537194,84.52380952380952,84.52380952380952,16.280000686645508
2023-02-17,15.166985511779785,15.636672357119096,19.214143779861672,74.40476190476191,74.40476190476191,15.5
2023-02-21,13.70899772644043,14.472239296121662,1.6361116880245024,56.74603174603175,56.74603174603175,14.010000228881836
2023-02-22,13.532865524291992,13.806849526753316,-9.989814496297624,47.22222222222222,47.22222222222222,13.829999923706055
2023-02-23,14.756010055541992,14.804936005210124,-6.692655258388008,49.60317460317461,49.60317460317461,15.079999923706055
2023-02-24,14.002554893493652,13.982984138810313,-11.677017965122651,45.43650793650794,45.43650793650794,14.3100004196167
2023-02-27,14.188469886779785,14.638586899825707,-12.732148343610087,44.24603174603175,44.24603174603175,14.5
2023-02-28,14.335248947143555,14.090620119150081,-12.182737840025485,45.03968253968254,45.03968253968254,14.649999618530273
2023-03-01,14.364603996276855,14.491811089232845,-11.490929988306624,45.83333333333333,45.83333333333333,14.680000305175781
2023-03-02,14.687512397766113,13.708997262935881,-8.579113333320205,48.61111111111111,48.61111111111111,15.010000228881836
2023-03-03,15.343120574951172,14.726655809009213,-2.1002091129737326,53.57142857142857,53.57142857142857,15.680000305175781
2023-03-06,14.844075202941895,15.489895065805664,-2.1812790480581365,53.37301587301587,53.37301587301587,15.170000076293945
2023-03-07,14.335248947143555,14.86364717828206,-6.535289879373561,49.60317460317461,49.60317460317461,14.649999618530273
2023-03-08,15.470329284667969,14.540738884080525,1.294414824002937,56.94444444444444,56.94444444444444,15.8100004196167
2023-03-09,14.589661598205566,15.411614522023033,-2.5983868504199568,52.38095238095239,52.38095238095239,14.90999984741211
2023-03-10,13.748141288757324,14.785367069963593,-11.978995813219445,44.047619047619044,44.047619047619044,14.050000190734863
2023-03-13,13.71878433227539,13.317592293579693,-15.124395235176555,40.07936507936508,40.07936507936508,14.020000457763672
2023-03-14,14.893003463745117,14.442886378248959,-5.847136147328197,49.60317460317461,49.60317460317461,15.220000267028809
2023-03-15,14.374387741088867,14.286322157799223,-5.777744529514947,49.60317460317461,49.60317460317461,14.6899995803833
2023-03-16,16.067222595214844,14.168902237680797,8.786972886069973,62.5,62.5,16.420000076293945
2023-03-17,15.783449172973633,16.135715238153846,15.678778820425187,70.43650793650794,70.43650793650794,16.1299991607666
2023-03-20,16.253137588500977,15.793234263627491,24.558362414457193,81.94444444444444,81.94444444444444,16.610000610351562
2023-03-21,16.33643913269043,16.66963599966323,26.450341543980144,83.73015873015873,83.73015873015873,16.670000076293945
2023-03-22,15.915043830871582,16.346240129136785,21.901924981420613,77.77777777777779,77.77777777777779,16.239999771118164
2023-03-23,17.140031814575195,16.679437001016233,28.050284030191293,85.51587301587301,85.51587301587301,17.489999771118164
2023-03-24,16.238435745239258,16.757831173937667,23.976545715541594,80.55555555555556,80.55555555555556,16.56999969482422
2023-03-27,15.650445938110352,16.42463826668633,17.01691777485026,71.03174603174604,71.03174603174604,15.970000267028809
2023-03-28,15.317248344421387,15.552445789712813,10.663187536320297,62.698412698412696,62.698412698412696,15.630000114440918
2023-03-29,16.738235473632812,16.013042822887027,18.270650490458284,72.42063492063492,72.42063492063492,17.079999923706055
2023-03-30,17.590824127197266,17.404625473346414,27.765126541190906,84.92063492063492,84.92063492063492,17.950000762939453
2023-03-31,17.933820724487305,17.208628167947808,34.63971325229722,92.85714285714286,92.85714285714286,18.299999237060547
2023-04-03,17.453624725341797,17.561424244163014,34.23252608379681,92.26190476190477,92.26190476190477,17.809999465942383
2023-04-04,16.454036712646484,17.512426076871048,26.52269446005775,82.93650793650794,82.93650793650794,16.790000915527344
2023-04-05,15.601446151733398,15.924842886350417,15.456703013291593,68.05555555555556,68.05555555555556,15.920000076293945
2023-04-06,15.346646308898926,15.14084833050179,7.339686128450164,59.32539682539682,59.32539682539682,15.65999984741211
2023-04-10,16.062040328979492,14.91545254421996,9.147764502997305,60.912698412698404,60.912698412698404,16.389999389648438
2023-04-11,15.885641098022461,16.385436351168813,8.72839305957484,60.317460317460316,60.317460317460316,16.209999084472656
2023-04-12,15.0232515335083,16.326638584573104,-0.5514220202399066,53.17460317460318,53.17460317460318,15.329999923706055
2023-04-13,15.356446266174316,15.08204927619471,-2.9890320953241223,49.404761904761905,49.404761904761905,15.670000076293945
2023-04-14,15.268247604370117,15.327047428988855,-7.009696651475347,46.03174603174603,46.03174603174603,15.579999923706055
2023-04-17,15.268247604370117,14.797852745786237,-12.238760694388635,41.66666666666667,41.66666666666667,15.579999923706055
2023-04-18,15.46424674987793,15.699445133347208,-12.61639215778381,41.07142857142857,41.07142857142857,15.779999732971191
2023-04-19,14.954652786254883,14.895852954738558,-18.457730160895707,35.714285714285715,35.714285714285715,15.260000228881836
2023-04-20,14.895852088928223,14.494056223127538,-21.381072452733697,32.73809523809524,32.73809523809524,15.199999809265137
2023-04-21,14.562655448913574,14.788053702776988,-25.199291982212895,28.76984126984127,28.76984126984127,14.859999656677246
2023-04-24,14.337258338928223,14.484256511504205,-28.900890225663968,23.41269841269841,23.41269841269841,14.630000114440918
2023-04-25,12.935872077941895,14.131460533804017,-36.3487278200072,13.690476190476192,13.690476190476192,13.199999809265137
2023-04-26,13.102469444274902,13.34746700516544,-38.69527277946855,8.73015873015873,8.73015873015873,13.369999885559082
2023-04-27,13.269067764282227,13.063269777242004,-35.84895729548194,14.880952380952381,14.880952380952381,13.539999961853027
2023-04-28,13.945261001586914,13.484666250628477,-28.211919804782752,25.396825396825395,25.396825396825395,14.229999542236328
2023-05-01,14.366656303405762,14.170658448674123,-19.9322325214245,35.51587301587302,35.51587301587302,14.65999984741211
2023-05-02,14.062860488891602,14.366656943615608,-17.802566772672073,37.89682539682539,37.89682539682539,14.350000381469727
2023-05-03,13.563064575195312,13.837461570676242,-21.184704786119866,34.523809523809526,34.523809523809526,13.84000015258789
2023-05-04,13.32786750793457,13.229868111053127,-23.472271993243744,30.952380952380953,30.952380952380953,13.600000381469727
2023-05-05,14.180459022521973,13.347466945388136,-14.715230670903557,40.67460317460318,40.67460317460318,14.470000267028809
2023-05-08,14.356858253479004,14.17066049820171,-7.845754278418629,47.42063492063492,47.42063492063492,14.649999618530273
2023-05-09,13.661063194274902,13.788462034454172,-11.878139515613647,44.047619047619044,44.047619047619044,13.9399995803833
2023-05-10,14.023661613464355,14.092260635440269,-9.631756992147082,45.83333333333333,45.83333333333333,14.3100004196167
2023-05-11,13.78846263885498,14.043260330382275,-10.11396079650565,45.23809523809524,45.23809523809524,14.069999694824219
2023-05-12,13.73946475982666,13.896263061775286,-10.944473244510736,44.642857142857146,44.642857142857146,14.020000457763672
2023-05-15,14.807652473449707,13.817863022389066,1.818878656769897,56.547619047619044,56.547619047619044,15.109999656677246
2023-05-16,14.748854637145996,14.680254678599388,7.914630430276599,60.71428571428571,60.71428571428571,15.050000190734863
2023-05-17,15.817039489746094,15.170246178437852,22.330043409050774,77.97619047619048,77.97619047619048,16.139999389648438
2023-05-18,17.316429138183594,16.013042079145396,32.566510744122986,90.47619047619048,90.47619047619048,17.670000076293945
2023-05-19,17.04202651977539,17.23802527915536,35.94484362052446,94.24603174603175,94.24603174603175,17.389999389648438
2023-05-22,17.179231643676758,16.58143692733103,38.4861246649686,96.42857142857143,96.42857142857143,17.530000686645508
2023-05-23,16.581439971923828,16.85583799537389,35.41097325578274,93.25396825396825,93.25396825396825,16.920000076293945
2023-05-24,15.709244728088379,15.572045753598893,25.972201897585556,81.94444444444444,81.94444444444444,16.030000686645508
2023-05-25,18.76681137084961,17.7966213274106,34.07303811164536,91.46825396825396,91.46825396825396,19.149999618530273
2023-05-26,22.42218017578125,19.648807338618163,38.452446497780876,96.03174603174604,96.03174603174604,22.8799991607666
2023-05-30,22.41238021850586,24.078362698802238,37.8322108366445,95.43650793650794,95.43650793650794,22.8700008392334
2023-05-31,20.72679328918457,21.275587302517422,33.52145861248207,90.07936507936508,90.07936507936508,21.149999618530273
2023-06-01,21.716585159301758,21.050191448228443,33.70764776500537,90.47619047619048,90.47619047619048,22.15999984741211
2023-06-02,21.579391479492188,22.23598519598047,33.38357490125714,89.68253968253968,89.68253968253968,22.020000457763672
2023-06-05,20.55039405822754,21.31478709595383,29.547340573747594,84.52380952380952,84.52380952380952,20.969999313354492
2023-06-06,21.29518699645996,20.13879823972039,29.204146607815755,83.92857142857143,83.92857142857143,21.729999542236328
2023-06-07,21.20699119567871,21.706786513088232,28.605773378679732,83.33333333333334,83.33333333333334,21.639999389648438
2023-06-08,21.834184646606445,21.353989621935657,30.385248218879408,85.51587301587301,85.51587301587301,22.280000686645508
2023-06-09,21.951784133911133,22.569179119934194,31.787545524036865,87.3015873015873,87.3015873015873,22.399999618530273
2023-06-12,24.107763290405273,22.735777156794935,37.59211566971319,95.23809523809523,95.23809523809523,24.600000381469727
2023-06-13,25.04854965209961,25.2739488246489,40.0054933376133,98.21428571428571,98.21428571428571,25.559999465942383
2023-06-14,26.106935501098633,24.803548751091718,42.19643380194604,99.8015873015873,99.8015873015873,26.639999389648438
2023-06-15,25.430749893188477,25.234751078883086,41.738263775866905,98.80952380952381,98.80952380952381,25.950000762939453
2023-06-16,24.734952926635742,26.234338636028735,39.669075036679075,97.22222222222221,97.22222222222221,25.239999771118164
2023-06-20,24.156757354736328,24.362556262735797,36.1235204159062,92.65873015873017,92.65873015873017,24.649999618530273
2023-06-21,22.3586483001709,23.72293743773976,26.056195060236544,78.57142857142857,78.57142857142857,22.780000686645508
2023-06-22,22.672727584838867,21.867895143566948,21.577179705821443,72.61904761904762,72.61904761904762,23.100000381469727
2023-06-23,21.485107421875,21.543998969913467,13.4314798607854,64.48412698412699,64.48412698412699,21.889999389648438
2023-06-26,21.68140983581543,21.90715516414634,7.618379979918408,57.936507936507944,57.936507936507944,22.09000015258789
2023-06-27,23.919239044189453,21.877712016134332,13.284054866493705,64.28571428571429,64.28571428571429,24.3700008392334
2023-06-28,23.281261444091797,22.75125054810156,11.075136578786351,60.71428571428571,60.71428571428571,23.719999313354492
2023-06-29,23.36959457397461,23.664046706432625,10.346374128169051,60.51587301587301,60.51587301587301,23.809999465942383
2023-06-30,24.3707275390625,24.115536449346727,16.45158363788901,66.66666666666666,66.66666666666666,24.829999923706055
2023-07-03,25.01852035522461,24.792775032321472,23.200063137768606,75.1984126984127,75.1984126984127,25.489999771118164
2023-07-05,23.40885353088379,24.527766667602688,15.126680426820622,65.67460317460318,65.67460317460318,23.850000381469727
2023-07-06,22.55494499206543,22.181974568268473,5.306228059863802,56.74603174603175,56.74603174603175,22.979999542236328
2023-07-07,22.53531837463379,22.65309961266427,-3.219784397914981,48.214285714285715,48.214285714285715,22.959999084472656
2023-07-10,23.870155334472656,22.731611876695208,2.1472316995520044,54.36507936507936,54.36507936507936,24.31999969482422
2023-07-11,23.889789581298828,24.22350084062561,4.867656213572253,57.14285714285714,57.14285714285714,24.34000015258789
2023-07-12,25.21482276916504,24.96944692014805,16.27013462121925,67.26190476190477,67.26190476190477,25.690000534057617
2023-07-13,26.775413513183594,26.01965544342461,28.10060590291904,81.54761904761905,81.54761904761905,27.280000686645508
2023-07-14,25.744831085205078,26.834300346230428,25.92212913556343,78.37301587301587,78.37301587301587,26.229999542236328
2023-07-17,27.540983200073242,25.793908452753048,31.98484268098356,86.5079365079365,86.5079365079365,28.059999465942383
2023-07-18,27.737285614013672,27.236718667901247,36.02683109789177,92.46031746031747,92.46031746031747,28.260000228881836
2023-07-19,26.785226821899414,27.884509505094545,32.916223922455444,87.6984126984127,87.6984126984127,27.290000915527344
2023-07-20,23.840717315673828,25.312972343488607,12.93101167244651,63.095238095238095,63.095238095238095,24.290000915527344
2023-07-21,24.459060668945312,24.54739610978087,5.7699767670582665,56.74603174603175,56.74603174603175,24.920000076293945
2023-07-24,24.439435958862305,24.449251218182617,1.887480467654116,53.17460317460318,53.17460317460318,24.899999618530273
2023-07-25,25.646682739257812,24.841850259545325,6.2237299984939005,56.74603174603175,56.74603174603175,26.1299991607666
2023-07-26,24.596471786499023,24.7338835193421,1.8402903046686947,52.77777777777778,52.77777777777778,25.059999465942383
2023-07-27,25.9705753326416,26.500587991055788,7.697345547797223,57.53968253968254,57.53968253968254,26.459999084472656
2023-07-28,27.629316329956055,27.472275958488915,20.574571333675145,71.03174603174604,71.03174603174604,28.149999618530273
2023-07-31,27.88450813293457,27.93358254827929,27.992089746320236,80.35714285714286,80.35714285714286,28.40999984741211
2023-08-01,28.002288818359375,27.295605269587586,32.418064835526955,87.10317460317461,87.10317460317461,28.530000686645508
2023-08-02,24.81240463256836,26.991341331572254,14.796942761971918,64.0873015873016,64.0873015873016,25.280000686645508
2023-08-03,24.6848087310791,23.840717128112946,4.4376897153946775,54.761904761904766,54.761904761904766,25.149999618530273
2023-08-04,24.419801712036133,24.360912037174266,-4.669295686858529,45.63492063492063,45.63492063492063,24.8799991607666
2023-08-07,25.185375213623047,24.989073799453358,-4.8664120909516155,45.63492063492063,45.63492063492063,25.65999984741211
2023-08-08,24.007572174072266,24.0468332085161,-13.843899963523528,38.095238095238095,38.095238095238095,24.459999084472656
2023-08-09,22.66291046142578,23.948679210017165,-25.77482740058217,24.6031746031746,24.6031746031746,23.09000015258789
2023-08-10,22.388092041015625,23.22237030584663,-30.85437428308928,19.246031746031747,19.246031746031747,22.809999465942383
2023-08-11,20.748979568481445,21.5243680892297,-36.15165918741244,12.896825396825399,12.896825396825399,21.139999389648438
2023-08-14,22.505870819091797,20.47415930111342,-30.356542883321836,20.03968253968254,20.03968253968254,22.93000030517578
2023-08-15,21.396772384643555,22.20160670807362,-31.907574300782855,18.650793650793652,18.650793650793652,21.799999237060547
2023-08-16,20.150264739990234,21.308437137151827,-36.468241183375945,12.103174603174603,12.103174603174603,20.530000686645508
2023-08-17,19.541730880737305,20.238599208892094,-39.328017705658105,6.746031746031746,6.746031746031746,19.90999984741211
2023-08-18,19.77729034423828,18.8644920115387,-38.252288513920206,9.126984126984127,9.126984126984127,20.149999618530273
2023-08-21,21.475290298461914,20.130631893558334,-30.765496871093827,20.436507936507937,20.436507936507937,21.8799991607666
2023-08-22,20.955095291137695,22.28993847184251,-28.941600485500274,22.817460317460316,22.817460317460316,21.350000381469727
2023-08-23,22.181976318359375,20.562496148193098,-21.582818193701396,31.944444444444443,31.944444444444443,22.600000381469727
2023-08-24,20.032482147216797,23.448113172368966,-27.13449475710495,25.595238095238095,25.595238095238095,20.40999984741211
2023-08-25,20.277856826782227,19.96377608892238,-29.01094379751894,22.817460317460316,22.817460317460316,20.65999984741211
2023-08-28,21.023801803588867,20.866761417565737,-26.222058197580196,26.190476190476193,26.190476190476193,21.420000076293945
2023-08-29,22.643281936645508,20.69990575708948,-16.694275193080895,37.698412698412696,37.698412698412696,23.06999969482422
2023-08-30,22.967178344726562,22.49605717927155,-7.932942871233665,46.230158730158735,46.230158730158735,23.399999618530273
2023-08-31,23.418672561645508,22.741434667215387,2.1953173961284818,54.563492063492056,54.563492063492056,23.860000610351562
2023-09-01,23.57571029663086,23.89960631873479,8.29876521178901,59.32539682539682,59.32539682539682,24.020000457763672
2023-09-05,23.57571029663086,23.310703949799727,11.96208672826934,63.095238095238095,63.095238095238095,24.020000457763672
2023-09-06,23.006439208984375,23.42848595196535,13.57279581564515,65.47619047619048,65.47619047619048,23.440000534057617
2023-09-07,21.465478897094727,21.455663639033826,2.763065474082596,55.35714285714286,55.35714285714286,21.8700008392334
2023-09-08,21.10232162475586,21.318251683715484,-6.041717860802398,47.22222222222222,47.22222222222222,21.5
2023-09-11,21.053245544433594,21.828632141518554,-11.056732903755275,44.047619047619044,44.047619047619044,21.450000762939453
2023-09-12,20.55267906188965,20.611568734093474,-17.151510382872097,37.5,37.5,20.940000534057617
2023-09-13,20.83731460571289,20.493788076364883,-18.132051428863832,36.30952380952381,36.30952380952381,21.229999542236328
2023-09-14,21.249544143676758,21.455660791461963,-14.800319757770897,40.27777777777778,40.27777777777778,21.649999618530273
2023-09-15,19.4239501953125,20.847128783048593,-25.247713728763838,28.174603174603174,28.174603174603174,19.790000915527344
2023-09-18,19.561365127563477,18.93320348428043,-29.878406227063532,21.626984126984127,21.626984126984127,19.93000030517578
2023-09-19,19.10224151611328,19.426674771075856,-34.6657105136685,16.071428571428573,16.071428571428573,19.43000030517578
2023-09-20,18.168262481689453,19.328357492726067,-39.515077440044145,6.349206349206349,6.349206349206349,18.479999542236328
2023-09-21,17.126144409179688,17.460409144361144,-42.5854263413836,1.1904761904761905,1.1904761904761905,17.420000076293945
2023-09-22,17.539058685302734,17.59804602528309,-42.40454569216072,1.5873015873015872,1.5873015873015872,17.84000015258789
2023-09-25,17.91265106201172,17.312942262507956,-40.49898213356319,4.9603174603174605,4.9603174603174605,18.219999313354492
2023-09-26,16.949182510375977,17.44074813495245,-42.07577229156804,1.984126984126984,1.984126984126984,17.239999771118164
2023-09-27,17.381755828857422,17.342429690021127,-40.79790208344202,4.365079365079365,4.365079365079365,17.68000030517578
2023-09-28,18.3255672454834,17.2736170307727,-35.58398727951956,15.674603174603174,15.674603174603174,18.639999389648438
2023-09-29,18.551685333251953,19.102238243528046,-31.374924644427576,21.428571428571427,21.428571428571427,18.8700008392334
2023-10-02,18.75814437866211,18.630338139851016,-27.538015776030445,27.77777777777778,27.77777777777778,19.079999923706055
2023-10-03,17.588214874267578,18.28623893414103,-31.79977978430864,21.23015873015873,21.23015873015873,17.889999389648438
2023-10-04,18.3255672454834,17.87332773736164,-29.519658476406953,23.809523809523807,23.809523809523807,18.639999389648438
2023-10-05,18.08961296081543,18.266576869563522,-27.978915071520305,26.58730158730159,26.58730158730159,18.399999618530273
2023-10-06,19.141563415527344,17.716024328440863,-17.921327043585965,38.88888888888889,38.88888888888889,19.469999313354492
2023-10-09,19.053081512451172,18.60084206809385,-13.18901365592675,44.047619047619044,44.047619047619044,19.3799991607666
2023-10-10,19.711780548095703,19.230046467076637,-3.627206064603341,51.587301587301596,51.587301587301596,20.049999237060547
2023-10-11,20.164024353027344,19.96739733159727,5.382199331468984,60.11904761904761,60.11904761904761,20.510000228881836
2023-10-12,20.331151962280273,20.321320426010747,11.302335857032393,63.888888888888886,63.888888888888886,20.68000030517578
2023-10-13,18.65983009338379,20.449128612588538,-0.19059677397663005,54.36507936507936,54.36507936507936,18.979999542236328
2023-10-16,19.475830078125,18.807300509537924,1.4163502850950178,55.35714285714286,55.35714285714286,19.809999465942383
2023-10-17,18.97443199157715,18.315733992378306,-2.520016155753976,51.98412698412699,51.98412698412699,19.299999237060547
2023-10-18,17.971637725830078,18.06011967751625,-13.994604544414143,41.46825396825397,41.46825396825397,18.280000686645508
2023-10-19,17.13597869873047,18.443543240491977,-25.830452069348503,26.984126984126984,26.984126984126984,17.43000030517578
2023-10-20,16.35930633544922,17.126149523113796,-34.99732442296864,15.674603174603174,15.674603174603174,16.639999389648438
2023-10-23,16.1135196685791,16.074195395912053,-37.98135356957687,9.722222222222223,9.722222222222223,16.389999389648438
2023-10-24,16.752559661865234,16.378968686328836,-35.82435547232341,14.087301587301587,14.087301587301587,17.040000915527344
2023-10-25,14.717473983764648,16.1036878558798,-40.05368381324076,5.753968253968254,5.753968253968254,14.970000267028809
2023-10-26,14.481522560119629,14.874775614461685,-42.27668173806246,1.7857142857142856,1.7857142857142856,14.729999542236328
2023-10-27,14.845282554626465,15.041908621143383,-41.928443875985856,2.7777777777777777,2.7777777777777777,15.100000381469727
2023-10-30,14.284896850585938,14.570004876592572,-42.50492128081908,1.3888888888888888,1.3888888888888888,14.529999732971191
2023-10-31,14.648653984069824,14.294727102186515,-41.27031163965711,4.166666666666666,4.166666666666666,14.899999618530273
2023-11-01,15.680941581726074,14.69781043631896,-35.43908023821066,16.26984126984127,16.26984126984127,15.949999809265137
2023-11-02,16.79188346862793,16.614919524697576,-24.685626208586893,31.547619047619047,31.547619047619047,17.079999923706055
2023-11-03,18.069948196411133,17.303107163836756,-10.19808522740938,48.01587301587302,48.01587301587302,18.3799991607666
2023-11-06,17.9421443939209,18.138771383923856,-3.1006979291492898,53.17460317460318,53.17460317460318,18.25
2023-11-07,18.286239624023438,17.853661396310514,2.845342606920457,59.523809523809526,59.523809523809526,18.600000381469727
2023-11-08,18.35506248474121,18.345230946163937,6.380921503744441,62.5,62.5,18.670000076293945
2023-11-09,18.079784393310547,18.71882125210612,6.142025329210978,62.301587301587304,62.301587301587304,18.389999389648438
2023-11-10,20.25250244140625,18.738479542186276,21.684298881101302,76.5873015873016,76.5873015873016,20.600000381469727
2023-11-13,19.682289123535156,19.770771090762594,25.86533123757335,80.15873015873017,80.15873015873017,20.020000457763672
2023-11-14,21.766523361206055,21.14715155323853,33.401133122301204,90.07936507936508,90.07936507936508,22.139999389648438
2023-11-15,22.24825668334961,22.228595485849432,36.91077841737823,95.03968253968253,95.03968253968253,22.6299991607666
2023-11-16,22.336740493774414,21.992646069217603,39.0070534247995,97.22222222222221,97.22222222222221,22.719999313354492
2023-11-17,22.739824295043945,22.09095783981448,40.94253969710965,99.20634920634922,99.20634920634922,23.1299991607666
2023-11-20,23.772113800048828,22.700500593168783,42.03173016889154,99.8015873015873,99.8015873015873,24.18000030517578
2023-11-21,22.454715728759766,23.17240102182156,37.60678574769712,95.43650793650794,95.43650793650794,22.84000015258789
2023-11-22,22.612016677856445,22.83813639459328,35.687541393863505,93.25396825396825,93.25396825396825,23.0
2023-11-24,22.700498580932617,22.58252201693406,35.00243812512003,92.46031746031747,92.46031746031747,23.09000015258789
2023-11-27,22.582521438598633,22.405559409893577,33.9394385276433,91.26984126984127,91.26984126984127,22.969999313354492
2023-11-28,22.159778594970703,22.120452446094134,31.163148030150072,86.90476190476191,86.90476190476191,22.540000915527344
2023-11-29,22.828306198120117,23.064257465328517,32.313950135257144,88.4920634920635,88.4920634920635,23.219999313354492
2023-11-30,22.42522430419922,23.05442960784541,30.24420405829984,85.51587301587301,85.51587301587301,22.809999465942383
2023-12-01,22.680837631225586,22.002476543863683,30.1630047888108,85.31746031746032,85.31746031746032,23.06999969482422
2023-12-04,21.933658599853516,21.982816289558848,23.788825436407173,77.77777777777779,77.77777777777779,22.309999465942383
2023-12-05,21.56006622314453,21.314283437883283,16.828120965996717,71.82539682539682,71.82539682539682,21.93000030517578
2023-12-06,21.107824325561523,22.444883239583074,8.791564423262173,64.68253968253968,64.68253968253968,21.469999313354492
2023-12-07,22.788982391357422,21.648550305567102,16.454225783881498,71.03174603174604,71.03174603174604,23.18000030517578
2023-12-08,23.30021095275879,22.62184987750519,24.223612989887197,78.17460317460318,78.17460317460318,23.700000762939453
2023-12-11,25.6695556640625,23.978568837367828,32.958971192830376,89.48412698412699,89.48412698412699,26.110000610351562
2023-12-12,26.20044708251953,25.315629344541243,38.00594010757651,96.23015873015873,96.23015873015873,26.649999618530273
2023-12-13,27.44902229309082,26.249602942864655,39.61963347265085,97.81746031746032,97.81746031746032,27.920000076293945
2023-12-14,29.68073081970215,28.13721516866651,41.41440040552305,99.0079365079365,99.0079365079365,30.190000534057617
2023-12-15,30.054323196411133,29.94617815459525,40.94031925466952,98.61111111111111,98.61111111111111,30.56999969482422
2023-12-18,29.77904510498047,30.04448910524681,39.96616975015656,97.81746031746032,97.81746031746032,30.290000915527344
2023-12-19,30.23128318786621,29.81836802541523,40.411566478782575,98.21428571428571,98.21428571428571,30.75
2023-12-20,27.625986099243164,29.690561919859352,31.452558043867384,85.31746031746032,85.31746031746032,28.100000381469727
2023-12-21,29.816396713256836,29.313872951420283,33.922098543854474,89.68253968253968,89.68253968253968,30.260000228881836
2023-12-22,30.062734603881836,30.171122644866955,35.89770393213658,92.26190476190477,92.26190476190477,30.510000228881836
2023-12-26,31.68854331970215,30.476575223859445,38.86246867737099,96.23015873015873,96.23015873015873,32.15999984741211
2023-12-27,31.87575912475586,32.08268345690987,40.37183407345548,97.81746031746032,97.81746031746032,32.349998474121094
2023-12-28,31.747663497924805,32.11223833153844,40.502182353384605,98.21428571428571,98.21428571428571,32.220001220703125
2023-12-29,30.939685821533203,31.69839644326258,38.11911800194559,94.64285714285714,94.64285714285714,31.399999618530273
2024-01-02,27.628944396972656,29.451822546297947,22.268805004211725,73.80952380952381,73.80952380952381,28.040000915527344
2024-01-03,25.86518096923828,26.200196796905118,5.2810898042394845,59.523809523809526,59.523809523809526,26.25
2024-01-04,25.20500373840332,24.59409195117502,-6.755704949421569,49.007936507936506,49.007936507936506,25.579999923706055
2024-01-05,25.54987335205078,25.273977401488374,-11.396446135574962,46.03174603174603,46.03174603174603,25.93000030517578
2024-01-08,28.01322364807129,26.10166303412223,-3.1083295770303123,52.182539682539684,52.182539682539684,28.43000030517578
2024-01-09,28.00337028503418,27.09685716998993,0.026211419882791853,55.35714285714286,55.35714285714286,28.420000076293945
2024-01-10,27.757036209106445,28.22014547157373,-1.6191754526054565,54.36507936507936,54.36507936507936,28.170000076293945
2024-01-11,28.04278564453125,27.835865071767515,-1.5079295211356096,54.563492063492056,54.563492063492056,28.459999084472656
2024-01-12,27.688060760498047,28.16102361850622,-3.8481290001637825,51.19047619047619,51.19047619047619,28.100000381469727
2024-01-16,28.7620849609375,27.737330108434172,1.0705896340892942,55.952380952380956,55.952380952380956,29.190000534057617
2024-01-17,28.01322364807129,27.954103759215613,-1.0129912498503906,54.761904761904766,54.761904761904766,28.43000030517578
2024-01-18,30.732765197753906,30.26965404317876,11.926483588811466,65.27777777777779,65.27777777777779,31.190000534057617
2024-01-19,34.34896469116211,31.944731867330056,26.62008596952468,77.97619047619048,77.97619047619048,34.86000061035156
2024-01-22,34.743099212646484,35.15694411570455,31.766809125928123,84.52380952380952,84.52380952380952,35.2599983215332
2024-01-23,35.3934211730957,34.71353773075516,35.81941032631662,91.26984126984127,91.26984126984127,35.91999816894531
2024-01-24,36.87143325805664,36.556124653896916,37.20961503491041,93.45238095238095,93.45238095238095,37.41999816894531
2024-01-25,36.57583236694336,38.92094342851065,36.52579328760779,92.46031746031747,92.46031746031747,37.119998931884766
2024-01-26,33.511417388916016,34.358810533007016,26.043220585378585,76.38888888888889,76.38888888888889,34.0099983215332
2024-01-29,34.52632522583008,33.72819822477678,23.673420628056494,73.61111111111111,73.61111111111111,35.040000915527344
2024-01-30,33.0384635925293,34.05336679684727,17.096895519849138,68.65079365079364,68.65079365079364,33.529998779296875
2024-01-31,31.629423141479492,31.45206346047349,7.902588117298234,60.317460317460316,60.317460317460316,32.099998474121094
2024-02-01,31.974288940429688,31.806779158684414,4.419741967103096,57.341269841269835,57.341269841269835,32.45000076293945
2024-02-02,33.156707763671875,31.875762167105826,7.058721114145561,59.523809523809526,59.523809523809526,33.650001525878906
2024-02-05,34.58544158935547,34.04350519862963,12.180583030030226,64.0873015873016,64.0873015873016,35.099998474121094
2024-02-06,33.33406448364258,34.85148570401536,9.830110382621612,61.904761904761905,61.904761904761905,33.83000183105469
2024-02-07,34.84163284301758,33.93511783239457,12.881310591533435,64.48412698412699,64.48412698412699,35.36000061035156
2024-02-08,36.60539627075195,35.21606649857777,20.384632443555027,70.23809523809523,70.23809523809523,37.150001525878906
2024-02-09,38.74358367919922,37.30498761765687,29.8214244030315,81.34920634920636,81.34920634920636,39.31999969482422
2024-02-12,38.576072692871094,38.832259506678994,31.21819697088502,83.13492063492063,83.13492063492063,39.150001525878906
2024-02-13,36.29993438720703,35.18649886983027,24.341977093624216,73.80952380952381,73.80952380952381,36.84000015258789
2024-02-14,38.546512603759766,37.58087953275008,26.869045675441882,77.18253968253968,77.18253968253968,39.119998931884766
2024-02-15,38.53666305541992,39.413615396590004,27.19004459338575,77.57936507936508,77.57936507936508,39.11000061035156
2024-02-16,37.768096923828125,39.255959178931874,23.367276932260488,72.42063492063492,72.42063492063492,38.33000183105469
2024-02-20,35.88609313964844,36.69407567114176,13.769236127780854,64.0873015873016,64.0873015873016,36.41999816894531
2024-02-21,35.610198974609375,34.5952996360977,6.97623588999413,57.14285714285714,57.14285714285714,36.13999938964844
2024-02-22,40.81279373168945,39.85701618939897,21.012713998055446,70.03968253968253,70.03968253968253,41.41999816894531
2024-02-23,39.581119537353516,41.52224120426123,22.34750956390417,71.62698412698413,71.62698412698413,40.16999816894531
2024-02-26,40.605873107910156,40.61572861588408,26.078366613172733,75.79365079365078,75.79365079365078,41.209999084472656
2024-02-27,40.5073356628418,41.197074545051734,27.6598195893419,77.77777777777779,77.77777777777779,41.11000061035156
2024-02-28,39.21654510498047,39.157427089707,23.4552640595121,72.02380952380952,72.02380952380952,39.79999923706055
2024-02-29,42.211978912353516,40.60587315910138,29.77627585701441,80.95238095238095,80.95238095238095,42.84000015258789
2024-03-01,47.62150573730469,43.749117469355525,35.11503719259571,89.68253968253968,89.68253968253968,48.33000183105469
2024-03-04,49.04039001464844,49.26701784568557,37.23589968233701,93.45238095238095,93.45238095238095,49.77000045776367
2024-03-05,46.153343200683594,47.306189632357246,32.243746408654175,84.72222222222221,84.72222222222221,46.84000015258789
2024-03-06,49.48379135131836,49.04038746203191,34.671561903885554,88.88888888888889,88.88888888888889,50.220001220703125
2024-03-07,54.50902557373047,51.38549859952686,38.30443962228817,94.64285714285714,94.64285714285714,55.31999969482422
2024-03-08,48.2324104309082,55.11993730775678,27.361120071073785,76.19047619047619,76.19047619047619,48.95000076293945
2024-03-11,46.0843620300293,46.251868061362195,17.181192055618457,64.88095238095238,64.88095238095238,46.77000045776367
2024-03-12,48.853172302246094,47.72988123911165,16.094766564386244,63.095238095238095,63.095238095238095,49.58000183105469
2024-03-13,45.40447998046875,47.19779891329081,8.550959653927146,56.15079365079365,56.15079365079365,46.08000183105469
2024-03-14,42.89186096191406,44.832982506199215,-1.6261157144333869,46.03174603174603,46.03174603174603,43.529998779296875
2024-03-15,42.11344528198242,41.197078519554815,-8.227849759679692,39.88095238095239,39.88095238095239,42.7400016784668
2024-03-18,41.916378021240234,44.04471295733328,-11.995487844955473,36.30952380952381,36.30952380952381,42.540000915527344
2024-03-19,40.846405029296875,40.146238166504894,-15.916281644918131,32.73809523809524,32.73809523809524,41.41999816894531
2024-03-20,42.798988342285156,41.014052283497,-14.22329181839227,33.92857142857143,33.92857142857143,43.400001525878906
2024-03-21,45.66868591308594,46.960542213587615,-9.3760072382966,39.285714285714285,39.285714285714285,46.310001373291016
2024-03-22,45.78702926635742,45.047415401958204,-6.626949824093205,41.07142857142857,41.07142857142857,46.43000030517578
2024-03-25,45.25449752807617,43.883747369446574,-6.516892535848197,41.46825396825397,41.46825396825397,45.88999938964844
2024-03-26,44.40640640258789,46.17161871150887,-9.242380019151678,39.48412698412698,39.48412698412698,45.029998779296875
2024-03-27,45.85605239868164,45.58979099784553,-6.539201362486034,41.46825396825397,41.46825396825397,46.5
2024-03-28,45.88563919067383,45.66868836626588,-4.982593049487127,42.857142857142854,42.857142857142854,46.529998779296875
2024-04-01,47.32542037963867,46.08286716666169,-0.7539162433397192,48.01587301587302,48.01587301587302,47.9900016784668
2024-04-02,45.2446403503418,45.195333518477575,-5.004863388491902,42.857142857142854,42.857142857142854,45.880001068115234
2024-04-03,45.55034637451172,43.676660372601795,-5.9775922721311066,42.46031746031746,42.46031746031746,46.189998626708984
2024-04-04,41.78324508666992,47.46348079648834,-16.67998996769205,32.34126984126984,32.34126984126984,42.369998931884766
2024-04-05,43.01593780517578,42.108680010923536,-19.056620138013336,30.158730158730158,30.158730158730158,43.619998931884766
2024-04-08,43.39067077636719,43.883746580644086,-19.463679755867325,30.158730158730158,30.158730158730158,44.0
2024-04-09,44.76142501831055,44.741701532904976,-10.31098481522826,38.69047619047619,38.69047619047619,45.38999938964844
2024-04-10,42.49327850341797,42.513001989585014,-13.564950093239709,35.11904761904761,35.11904761904761,43.09000015258789
2024-04-11,45.16574478149414,43.104687684168155,-5.771345245396387,43.65079365079365,43.65079365079365,45.79999923706055
2024-04-12,40.93515396118164,42.72008982920317,-16.174637085776897,32.73809523809524,32.73809523809524,41.5099983215332
2024-04-15,39.2291145324707,42.39466443808399,-26.807240085080984,23.214285714285715,23.214285714285715,39.779998779296875
2024-04-16,39.97859573364258,39.199534892058374,-29.61266199722313,19.444444444444446,19.444444444444446,40.540000915527344
2024-04-17,36.546783447265625,40.037757614935934,-35.555975511852104,13.293650793650794,13.293650793650794,37.060001373291016
2024-04-18,34.42655563354492,35.54090810582997,-39.43731190416862,5.952380952380952,5.952380952380952,34.90999984741211
2024-04-19,30.36361312866211,33.48971235433257,-42.142075917929176,1.7857142857142856,1.7857142857142856,30.790000915527344
2024-04-22,31.625883102416992,31.14266901981458,-41.70792060104541,2.7777777777777777,2.7777777777777777,32.06999969482422
2024-04-23,33.637638092041016,32.365501382616806,-37.99486693221162,8.73015873015873,8.73015873015873,34.11000061035156
2024-04-24,34.9985237121582,36.398857249398,-33.682594458530716,15.674603174603174,15.674603174603174,35.4900016784668
2024-04-25,36.89193344116211,34.791429352548825,-27.02254897390236,22.817460317460316,22.817460317460316,37.40999984741211
2024-04-26,39.248836517333984,36.803180777078104,-18.45081258279604,30.555555555555557,30.555555555555557,39.79999923706055
2024-04-29,40.04761505126953,39.051599879026284,-12.278832474167197,35.91269841269841,35.91269841269841,40.61000061035156
2024-04-30,37.65127182006836,39.524961535563556,-13.216148906244591,34.92063492063492,34.92063492063492,38.18000030517578
2024-05-01,33.8940315246582,35.58035372346264,-22.00861314449328,26.785714285714285,26.785714285714285,34.369998931884766
2024-05-02,35.94523239135742,35.48173986052673,-21.585126333958808,26.984126984126984,26.984126984126984,36.45000076293945
2024-05-03,38.43033218383789,38.21337761038052,-14.017631466842195,33.730158730158735,33.730158730158735,38.970001220703125
2024-05-06,40.728065490722656,39.41648565262599,-3.639217295149762,45.03968253968254,45.03968253968254,41.29999923706055
2024-05-07,39.80107879638672,40.95487435162953,-0.9611856812575681,48.80952380952381,48.80952380952381,40.36000061035156
2024-05-08,39.85039520263672,38.51909174013182,0.6173054836695449,49.801587301587304,49.801587301587304,40.40999984741211
2024-05-09,39.406620025634766,39.840529170181895,-0.5209023743175039,49.007936507936506,49.007936507936506,39.959999084472656
2024-05-10,40.461795806884766,40.580136698255146,5.876415277081533,54.761904761904766,54.761904761904766,41.029998779296875
2024-05-13,40.698482513427734,41.023910629473754,10.426579105414675,58.730158730158735,58.730158730158735,41.27000045776367
2024-05-14,42.61161422729492,40.60972747195912,19.475570140490976,67.06349206349206,67.06349206349206,43.209999084472656
2024-05-15,46.34913635253906,44.051400765959926,27.235308892689247,76.19047619047619,76.19047619047619,47.0
2024-05-16,45.61937713623047,46.309684095997895,27.914104169615783,77.18253968253968,77.18253968253968,46.2599983215332
2024-05-17,44.77128982543945,46.368854566818854,25.741214143715858,73.01587301587301,73.01587301587301,45.400001525878906
2024-05-20,47.581817626953125,45.323529421187786,29.602230611408892,79.76190476190477,79.76190476190477,48.25
2024-05-21,47.315555572509766,45.90535841632411,30.692753921587396,81.34920634920636,81.34920634920636,47.97999954223633
2024-05-22,48.696170806884766,48.567970035700405,33.396322086405874,86.11111111111111,86.11111111111111,49.380001068115234
2024-05-23,48.134063720703125,52.41396206151404,29.5445307245893,78.96825396825396,78.96825396825396,48.810001373291016
2024-05-24,50.72764205932617,49.327308451973494,32.42225981773196,84.72222222222221,84.72222222222221,51.439998626708984
2024-05-28,53.29164123535156,52.60133426105388,35.99013394930412,90.87301587301587,90.87301587301587,54.040000915527344
2024-05-29,50.274009704589844,50.44165743805767,31.14854204125369,81.34920634920636,81.34920634920636,50.97999954223633
2024-05-30,49.30758285522461,50.13595039766719,25.81545086513132,71.62698412698413,71.62698412698413,50.0
2024-05-31,47.917110443115234,49.60342891874788,19.718610563030445,64.88095238095238,64.88095238095238,48.59000015258789
2024-06-03,47.917110443115234,50.10636838388963,14.714217451189688,60.11904761904761,60.11904761904761,48.59000015258789
2024-06-04,46.93096160888672,47.788912572138315,7.961870641687748,53.96825396825397,53.96825396825397,47.59000015258789
2024-06-05,52.778839111328125,49.337168044239334,20.422975715838607,65.27777777777779,65.27777777777779,53.52000045776367
2024-06-06,51.7828254699707,53.04510223715025,23.538007614477728,68.84920634920636,68.84920634920636,52.5099983215332
2024-06-07,51.15168380737305,51.506698994771575,22.918266324361205,68.05555555555556,68.05555555555556,51.869998931884766
2024-06-10,53.202884674072266,49.82038406077001,28.000347933124537,76.19047619047619,76.19047619047619,53.95000076293945
2024-06-11,53.41983413696289,52.6407771769939,31.308710735069155,81.74603174603175,81.74603174603175,54.16999816894531
2024-06-12,57.906829833984375,56.45718561100379,35.42694698243947,89.48412698412699,89.48412698412699,58.720001220703125
2024-06-13,60.0172004699707,59.23813962798641,38.26753728432224,94.44444444444444,94.44444444444444,60.86000061035156
2024-06-14,59.26771545410156,58.13364326026399,38.19722608076116,94.24603174603175,94.24603174603175,60.099998474121094
2024-06-17,61.8021240234375,60.15525252237505,40.276689274004426,97.42063492063492,97.42063492063492,62.66999816894531
2024-06-18,64.33653259277344,62.54173686133577,41.24881568180072,98.80952380952381,98.80952380952381,65.23999786376953
2024-06-20,59.18882369995117,64.61265412446726,32.176893761272794,82.14285714285714,82.14285714285714,60.02000045776367
2024-06-21,57.3940315246582,57.61098234751255,22.78462438991307,66.26984126984127,66.26984126984127,58.20000076293945
2024-06-24,52.48299789428711,55.66826762907608,5.658638479816636,49.801587301587304,49.801587301587304,53.220001220703125
2024-06-25,54.687294006347656,53.629149545138716,1.444546825691764,45.83333333333333,45.83333333333333,55.29999923706055
2024-06-26,54.17305374145508,54.5488445180806,-2.142362812934235,42.26190476190476,42.26190476190476,54.779998779296875
2024-06-27,53.203914642333984,53.72804499867152,-6.674628232169441,36.30952380952381,36.30952380952381,53.79999923706055
2024-06-28,54.74663162231445,54.26205898702584,-4.834800792805199,38.88888888888889,38.88888888888889,55.36000061035156
2024-07-01,54.74663162231445,54.74663162231445,-3.7793210903049386,39.48412698412698,39.48412698412698,55.36000061035156
2024-07-02,56.961814880371094,53.75771482103244,1.957730690274025,46.62698412698413,46.62698412698413,57.599998474121094
2024-07-03,59.72089767456055,57.45626923056191,10.321559121003414,53.96825396825397,53.96825396825397,60.38999938964844
2024-07-05,60.13624954223633,61.17461518461509,14.376284303944246,57.53968253968254,57.53968253968254,60.810001373291016
2024-07-08,63.59746551513672,61.57017954507851,24.17525569561442,67.85714285714286,67.85714285714286,64.30999755859375
2024-07-09,63.53813552856445,64.40838276206539,28.812537809230403,76.19047619047619,76.19047619047619,64.25
2024-07-10,67.83004760742188,65.1599655062804,34.774478512545805,87.5,87.5,68.58999633789062
2024-07-11,61.30317687988281,69.23431889193103,22.143124447874786,64.88095238095238,64.88095238095238,61.9900016784668
2024-07-12,63.2315673828125,62.1437564799151,18.077484677859523,60.11904761904761,60.11904761904761,63.939998626708984
2024-07-15,63.429344177246094,64.22048339451561,16.427321829209543,58.53174603174603,58.53174603174603,64.13999938964844
2024-07-16,64.57649230957031,64.29958831489272,18.300812943672412,60.51587301587301,60.51587301587301,65.30000305175781
2024-07-17,50.978843688964844,57.95073145681275,-10.778554377709689,30.357142857142854,30.357142857142854,51.54999923706055
2024-07-18,51.08762741088867,53.55992839626352,-22.977964411058085,19.047619047619047,19.047619047619047,51.65999984741211
2024-07-19,46.47925567626953,51.206293663401354,-32.99601283490927,11.507936507936508,11.507936507936508,47.0
2024-07-22,52.34355163574219,49.495460123353865,-29.14989769002127,14.682539682539684,14.682539682539684,52.93000030517578
2024-07-23,49.97014236450195,49.94047596219758,-30.563670338276744,13.293650793650794,13.293650793650794,50.529998779296875
2024-07-24,42.42469024658203,47.89341931257337,-36.649334218620986,7.341269841269842,7.341269841269842,42.900001525878906
2024-07-25,39.339256286621094,41.05008829909445,-39.22575763836472,5.158730158730158,5.158730158730158,39.779998779296875
2024-07-26,41.455535888671875,41.77199384556407,-38.30353839249144,5.952380952380952,5.952380952380952,41.91999816894531
2024-07-29,41.34675979614258,42.88947307572044,-37.887523336758,6.746031746031746,6.746031746031746,41.810001373291016
2024-07-30,36.827396392822266,41.910446512309825,-41.2758769708188,2.7777777777777777,2.7777777777777777,37.2400016784668
2024-07-31,43.89817428588867,41.831330577455724,-35.2752806437557,10.714285714285714,10.714285714285714,44.38999938964844
2024-08-01,34.612213134765625,41.58410102599633,-38.609805059401104,5.952380952380952,5.952380952380952,35.0
2024-08-02,29.014923095703125,30.221405238501237,-41.53727590875941,2.579365079365079,2.579365079365079,29.34000015258789
2024-08-05,27.58098793029785,23.25940706140535,-41.735640818654545,2.380952380952381,2.380952380952381,27.889999389648438
2024-08-06,28.263343811035156,28.28312267092535,-41.32016104295339,3.1746031746031744,3.1746031746031744,28.579999923706055
2024-08-07,25.92949104309082,30.97298523356266,-42.44704428865576,1.1904761904761905,1.1904761904761905,26.219999313354492
2024-08-08,31.111434936523438,28.253455578793048,-38.48916961894033,6.944444444444445,6.944444444444445,31.459999084472656
2024-08-09,30.666418075561523,30.369740860156984,-36.398913721933084,10.119047619047619,10.119047619047619,31.010000228881836
2024-08-12,31.061986923217773,30.76531158339545,-34.80581686183285,12.896825396825399,12.896825396825399,31.40999984741211
2024-08-13,34.88911056518555,32.29814016898369,-29.935604796977742,16.666666666666664,16.666666666666664,35.279998779296875
2024-08-14,34.661659240722656,35.77914034820435,-26.279653746290037,20.238095238095237,20.238095238095237,35.04999923706055
2024-08-15,39.47770309448242,36.936177804932,-16.791385767193955,27.77777777777778,27.77777777777778,39.91999816894531
2024-08-16,39.2898063659668,38.36022256397333,-11.324522705848532,33.53174603174603,33.53174603174603,39.72999954223633
2024-08-19,41.13908386230469,38.844789018393364,-5.549850877320938,40.27777777777778,40.27777777777778,41.599998474121094
2024-08-20,39.645816802978516,40.59517942929852,-4.594385976688998,41.46825396825397,41.46825396825397,40.09000015258789
2024-08-21,41.267642974853516,40.29850154978363,0.7480500553342379,47.61904761904761,47.61904761904761,41.72999954223633
2024-08-22,37.09440612792969,42.03900860564229,-0.6917956017834964,46.42857142857143,46.42857142857143,37.5099983215332
2024-08-23,39.9523811340332,38.72611831735455,3.653340502093715,51.388888888888886,51.388888888888886,40.400001525878906
2024-08-26,36.955955505371094,39.30958719094648,0.7586202162085077,47.817460317460316,47.817460317460316,37.369998931884766
2024-08-27,38.06354904174805,36.105483269003976,1.1826787076375935,48.01587301587302,48.01587301587302,38.4900016784668
2024-08-28,36.19448471069336,37.667977749451445,-1.951837665242083,44.44444444444444,44.44444444444444,36.599998474121094
2024-08-29,35.78902816772461,36.64939163788077,-3.318940939386443,42.06349206349206,42.06349206349206,36.189998626708984
2024-08-30,38.360225677490234,38.2514438229361,1.6789715286453937,48.80952380952381,48.80952380952381,38.790000915527344
2024-09-03,29.736835479736328,36.39226917435754,-11.241449867460295,32.93650793650794,32.93650793650794,30.06999969482422
2024-09-04,29.96428680419922,28.747915187677073,-19.720298803868438,24.801587301587304,24.801587301587304,30.299999237060547
2024-09-05,29.420379638671875,28.728134657393266,-25.104977765413484,21.626984126984127,21.626984126984127,29.75
2024-09-06,25.672372817993164,28.78747360387801,-33.84291445983924,13.492063492063492,13.492063492063492,25.959999084472656
2024-09-09,27.126089096069336,26.878858975815284,-35.43484243529157,11.507936507936508,11.507936507936508,27.43000030517578
2024-09-10,28.035892486572266,27.23486752587474,-34.35282577580294,13.095238095238097,13.095238095238097,28.350000381469727
2024-09-11,31.86301612854004,28.569909423665496,-26.24611307222023,19.642857142857142,19.642857142857142,32.220001220703125
2024-09-12,31.457555770874023,31.398221078079516,-22.77183152204384,22.61904761904762,22.61904761904762,31.809999465942383
2024-09-13,33.05961227416992,32.15969477939382,-17.412112528556133,26.785714285714285,26.785714285714285,33.43000030517578
2024-09-16,31.803682327270508,31.675121609230718,-17.093432288475473,26.984126984126984,26.984126984126984,32.15999984741211
2024-09-17,31.803682327270508,32.94094238257092,-17.005520815412027,26.984126984126984,26.984126984126984,32.15999984741211
2024-09-18,30.794981002807617,32.179471087533635,-19.37694874045693,24.404761904761905,24.404761904761905,31.139999389648438
2024-09-19,34.73088073730469,34.295757152635844,-11.102465925884871,33.13492063492063,33.13492063492063,35.119998931884766
2024-09-20,33.178279876708984,33.67274009475959,-10.608704642899564,33.92857142857143,33.92857142857143,33.54999923706055
2024-09-23,33.5441780090332,33.59362704676029,-8.167281284939396,36.11111111111111,36.11111111111111,33.91999816894531
2024-09-24,34.74289321899414,34.51503893881536,-2.5169051134557034,43.25396825396825,43.25396825396825,35.06999969482422
2024-09-25,35.406646728515625,34.38625119795309,3.6124325853977686,51.19047619047619,51.19047619047619,35.7400016784668
2024-09-26,39.280174255371094,39.82504348716567,15.705345567003013,62.10317460317461,62.10317460317461,39.650001525878906
2024-09-27,37.30873107910156,39.626905183501016,16.909935378287763,63.49206349206349,63.49206349206349,37.65999984741211
2024-09-30,36.33787536621094,35.91188579786556,13.894651975215044,59.92063492063492,59.92063492063492,36.68000030517578
2024-10-01,33.51445770263672,36.24871256517892,4.096411730832254,50.79365079365079,50.79365079365079,33.83000183105469
2024-10-02,34.63391876220703,33.53427139459623,2.1309628217389314,48.61111111111111,48.61111111111111,34.959999084472656
2024-10-03,34.881587982177734,33.75222160774954,1.6843246657251763,47.61904761904761,47.61904761904761,35.209999084472656
2024-10-04,36.33787536621094,36.96200023271266,6.01875122441111,52.57936507936508,52.57936507936508,36.68000030517578
2024-10-07,36.070396423339844,35.58496508951754,6.786880130843112,53.17460317460318,53.17460317460318,36.40999984741211
2024-10-08,37.11060333251953,36.08030268156222,11.47608533426242,57.53968253968254,57.53968253968254,37.459999084472656
2024-10-09,38.2498779296875,36.942190118340655,16.870663071547146,63.29365079365079,63.29365079365079,38.61000061035156
2024-10-10,37.47715377807617,36.75395930960926,15.53763585075782,61.30952380952381,61.30952380952381,37.83000183105469
2024-10-11,38.30931091308594,36.585542557576076,17.70840091516337,64.28571428571429,64.28571428571429,38.66999816894531
2024-10-14,40.43926239013672,39.072132901910464,24.948732891566127,71.82539682539682,71.82539682539682,40.81999969482422
2024-10-15,34.14849090576172,40.11234131494458,3.6457157142662586,49.007936507936506,49.007936507936506,34.470001220703125
2024-10-16,34.138580322265625,35.41654901177641,-7.891384602403534,33.13492063492063,33.13492063492063,34.459999084472656
2024-10-17,34.881587982177734,36.8233057409882,-12.836351511622123,26.38888888888889,26.38888888888889,35.209999084472656
2024-10-18,34.9410285949707,35.91188744339468,-15.259772250943545,24.206349206349206,24.206349206349206,35.27000045776367
2024-10-21,34.7627067565918,34.51503857046023,-18.65426721032165,20.833333333333336,20.833333333333336,35.09000015258789
2024-10-22,34.36643600463867,34.0791437820459,-22.142637877914687,18.055555555555554,18.055555555555554,34.689998626708984
2024-10-23,33.484737396240234,34.08904836399825,-26.824517908056805,14.484126984126986,14.484126984126986,33.79999923706055
2024-10-24,33.97017288208008,34.25746891513339,-26.95425467851592,14.087301587301587,14.087301587301587,34.290000915527344
2024-10-25,34.95093536376953,34.86177466012249,-22.87001866479266,17.46031746031746,17.46031746031746,35.279998779296875
2024-10-28,35.02027893066406,34.97074605078395,-20.168737545324436,19.642857142857142,19.642857142857142,35.349998474121094
2024-10-29,37.62575149536133,35.129255651895875,-6.141637511402097,35.11904761904761,35.11904761904761,37.97999954223633
2024-10-30,33.692779541015625,34.64382828070312,-17.56977467179085,22.61904761904762,22.61904761904762,34.0099983215332
2024-10-31,29.809341430664062,32.70210387511751,-28.655474821074677,13.095238095238097,13.095238095238097,30.09000015258789
2024-11-01,30.542442321777344,30.40374873455701,-32.45266562370613,9.722222222222223,9.722222222222223,30.829999923706055
2024-11-04,30.066919326782227,30.324494476979194,-35.3216174383975,7.936507936507936,7.936507936507936,30.350000381469727
2024-11-05,31.087312698364258,30.07682784378608,-34.373785516436016,9.126984126984127,9.126984126984127,31.3799991607666
2024-11-06,33.801753997802734,32.939869742395004,-24.717574499157244,17.658730158730158,17.658730158730158,34.119998931884766
2024-11-07,35.872257232666016,35.43636260912562,-11.466722568167283,29.96031746031746,29.96031746031746,36.209999084472656
2024-11-08,35.0797233581543,35.22832578836633,-8.043251476744748,34.12698412698413,34.12698412698413,35.40999984741211
2024-11-11,32.46434783935547,34.02960888519005,-15.503443246677923,25.595238095238095,25.595238095238095,32.77000045776367
2024-11-12,31.374605178833008,32.06807495044303,-23.055297806902416,18.253968253968253,18.253968253968253,31.670000076293945
2024-11-13,29.413076400756836,30.542442804980443,-31.465427955092434,10.714285714285714,10.714285714285714,29.690000534057617
2024-11-14,29.32391357421875,30.304679363159053,-35.94149241276963,6.746031746031746,6.746031746031746,29.600000381469727
2024-11-15,26.41133689880371,27.748745566942603,-39.96101472764854,3.373015873015873,3.373015873015873,26.65999984741211
2024-11-18,27.41191291809082,26.4509611062019,-39.327619592939236,4.166666666666666,4.166666666666666,27.670000076293945
2024-11-19,27.59023666381836,27.11471419389278,-38.31589093603627,5.158730158730158,5.158730158730158,27.850000381469727
2024-11-20,26.876951217651367,27.08499348036553,-39.14770823436892,4.563492063492063,4.563492063492063,27.1299991607666
2024-11-21,28.224266052246094,27.788369518861,-35.68523674140186,8.134920634920634,8.134920634920634,28.489999771118164
2024-11-22,28.224266052246094,27.986504822097395,-33.74267061357386,10.912698412698413,10.912698412698413,28.489999771118164
2024-11-25,29.05643081665039,29.304098996775114,-30.40013561463154,13.095238095238097,13.095238095238097,29.329999923706055
2024-11-26,27.867624282836914,29.759811018322797,-31.830321982874203,11.904761904761903,11.904761904761903,28.1299991607666
2024-11-27,26.728351593017578,27.421823306311587,-34.11162310510173,10.714285714285714,10.714285714285714,26.979999542236328
2024-11-29,27.798276901245117,27.29303357081088,-31.845207650625245,12.103174603174603,12.103174603174603,28.059999465942383
2024-12-02,29.918317794799805,28.29361320049878,-22.363590084723725,21.825396825396826,21.825396825396826,30.200000762939453
2024-12-03,29.452701568603516,29.304101028139325,-19.050461230155456,24.801587301587304,24.801587301587304,29.729999542236328
2024-12-04,30.59197425842285,31.245820023995513,-12.176465189202366,32.142857142857146,32.142857142857146,30.8799991607666
2024-12-05,28.848392486572266,30.463188303446845,-15.880852356447498,28.57142857142857,28.57142857142857,29.1200008392334
2024-12-06,29.333820343017578,28.92764467207055,-15.720377879788899,28.76984126984127,28.76984126984127,29.610000610351562
2024-12-09,28.95736312866211,28.798855644755097,-17.089319337977173,27.380952380952383,27.380952380952383,29.229999542236328
2024-12-10,26.80760383605957,29.155499063081336,-25.05800113769826,20.03968253968254,20.03968253968254,27.059999465942383
2024-12-11,28.848392486572266,28.065760075203002,-17.288603004972796,27.18253968253968,27.18253968253968,29.1200008392334
2024-12-12,28.19454574584961,28.184640681094937,-14.971155704389414,30.158730158730158,30.158730158730158,28.459999084472656
2024-12-13,30.413652420043945,30.08673050705322,0.590952758793494,49.404761904761905,49.404761904761905,30.700000762939453
2024-12-16,32.20676803588867,30.82973546762652,14.3236485471801,63.69047619047619,63.69047619047619,32.5099983215332
2024-12-17,30.839641571044922,31.285445059958597,13.847273563607136,63.49206349206349,63.49206349206349,31.1299991607666
2024-12-18,27.57042121887207,31.483579147282313,-4.023611129269874,43.65079365079365,43.65079365079365,27.829999923706055
2024-12-19,26.054691314697266,27.709114803122535,-19.81418418083281,24.206349206349206,24.206349206349206,26.299999237060547
2024-12-20,27.045364379882812,25.57916921429822,-23.31086260389535,20.833333333333336,20.833333333333336,27.299999237060547
2024-12-23,29.396921157836914,27.70801314368731,-12.463969336542952,32.93650793650794,32.93650793650794,29.59000015258789
2024-12-24,30.281112670898438,30.06254888824561,-2.1723849283756294,46.42857142857143,46.42857142857143,30.479999542236328
2024-12-26,30.370527267456055,29.704899011341677,3.855868968310478,54.166666666666664,54.166666666666664,30.56999969482422
2024-12-27,29.49626922607422,29.784375951121984,2.3937084699882187,52.976190476190474,52.976190476190474,29.690000534057617
2024-12-30,27.757686614990234,28.055728298880407,-8.387790825232837,37.698412698412696,37.698412698412696,27.940000534057617
2024-12-31,27.131797790527344,28.015991701023207,-17.0563943695656,27.18253968253968,27.18253968253968,27.309999465942383
2025-01-02,27.489450454711914,27.946447997428134,-19.617503316407298,23.809523809523807,23.809523809523807,27.670000076293945
2025-01-03,29.62541961669922,28.135207347087363,-8.4329596756161,37.5,37.5,29.81999969482422
2025-01-06,32.27799987792969,31.602434774853624,9.369218097664103,60.11904761904761,60.11904761904761,32.4900016784668
2025-01-07,30.946741104125977,33.3509503095888,11.822863043827043,61.70634920634921,61.70634920634921,31.149999618530273
2025-01-08,29.983070373535156,30.599023700846075,7.491547044185904,57.341269841269835,57.341269841269835,30.18000030517578
2025-01-10,27.87690544128418,28.870380351186427,-5.565604118389316,41.07142857142857,41.07142857142857,28.059999465942383
2025-01-13,27.66827392578125,26.267474590802955,-13.626340734570991,29.96031746031746,29.96031746031746,27.850000381469727
2025-01-14,27.936513900756836,28.284228585881795,-15.950863681928068,27.380952380952383,27.380952380952383,28.1200008392334
2025-01-15,29.74463653564453,29.45652792931526,-7.4156289308844645,38.492063492063494,38.492063492063494,29.940000534057617
2025-01-16,29.7943115234375,31.254718919755728,-2.4524428179496325,45.63492063492063,45.63492063492063,29.989999771118164
2025-01-17,32.27799987792969,31.820998561949615,12.234333778663286,62.698412698412696,62.698412698412696,32.4900016784668
2025-01-21,33.47016525268555,33.112517501657315,22.49977645658589,72.02380952380952,72.02380952380952,33.689998626708984
2025-01-22,34.9206428527832,34.4636415368279,29.468974647133482,81.15079365079364,81.15079365079364,35.150001525878906
2025-01-23,34.692138671875,33.221796402520724,31.866869041251427,84.72222222222221,84.72222222222221,34.91999816894531
2025-01-24,32.43695831298828,34.71201304576106,23.863316086091174,73.80952380952381,73.80952380952381,32.650001525878906
2025-01-27,24.8964786529541,27.47951358409628,-5.976250724103135,40.87301587301587,40.87301587301587,25.059999465942383
2025-01-28,25.204458236694336,25.27400117427477,-20.550787756956762,22.023809523809522,22.023809523809522,25.3700008392334
2025-01-29,25.512434005737305,25.939628486962953,-27.033168979111927,16.46825396825397,16.46825396825397,25.68000030517578
2025-01-30,26.97283935546875,26.406559045443753,-25.729004140812062,18.452380952380953,18.452380952380953,27.149999618530273
2025-01-31,26.84368896484375,27.44970729108193,-25.676074076129268,18.650793650793652,18.650793650793652,27.020000457763672
2025-02-03,25.44289207458496,24.638176064051997,-29.492306165677718,14.682539682539684,14.682539682539684,25.610000610351562
2025-02-04,26.078716278076172,25.17465426536177,-29.29063789943338,14.880952380952381,14.880952380952381,26.25
2025-02-05,27.519254684448242,25.91975953578168,-23.22748947230144,20.833333333333336,20.833333333333336,27.700000762939453
2025-02-06,27.509319305419922,26.992711925293982,-19.968471724999652,23.61111111111111,23.61111111111111,27.690000534057617
2025-02-07,26.158191680908203,27.688143798411602,-23.926103341577345,20.436507936507937,20.436507936507937,26.329999923706055
2025-02-10,27.171537399291992,26.744342912607205,-21.095920636498665,23.41269841269841,23.41269841269841,27.350000381469727
2025-02-11,27.22121238708496,26.50591112795198,-19.32798603527298,25.396825396825395,25.396825396825395,27.399999618530273
2025-02-12,27.36029815673828,26.009171760384916,-17.708311043402954,27.18253968253968,27.18253968253968,27.540000915527344
2025-02-13,28.28422737121582,27.31062250487156,-12.289749138429174,34.12698412698413,34.12698412698413,28.469999313354492
2025-02-14,28.363706588745117,28.304098627521004,-9.068551326827865,39.285714285714285,39.285714285714285,28.549999237060547
2025-02-18,29.7943115234375,29.009467350962684,-0.4153444802829337,51.587301587301596,51.587301587301596,29.989999771118164
2025-02-19,31.2646541595459,29.993007510911383,9.02772278336137,63.095238095238095,63.095238095238095,31.469999313354492
2025-02-20,31.493154525756836,31.850806089741127,14.830966015032732,68.65079365079364,68.65079365079364,31.700000762939453
2025-02-21,28.62200927734375,31.701781624548595,6.31508500265925,59.92063492063492,59.92063492063492,28.809999465942383
2025-02-24,26.585386276245117,28.969725453215833,-8.623899913222198,39.48412698412698,39.48412698412698,26.760000228881836
2025-02-25,24.906414031982422,26.486039185286472,-21.298471348984336,23.214285714285715,23.214285714285715,25.06999969482422
2025-02-26,26.118453979492188,25.820410395955516,-22.499426757497645,22.023809523809522,22.023809523809522,26.290000915527344
2025-02-27,21.60807991027832,26.605259532613537,-33.69832351029741,11.11111111111111,11.11111111111111,21.75
2025-02-28,22.581682205200195,21.657750319359405,-35.20100508050625,9.523809523809524,9.523809523809524,22.729999542236328
2025-03-03,20.376169204711914,23.56522253295515,-38.725779725604625,4.761904761904762,4.761904761904762,20.510000228881836
2025-03-04,20.515256881713867,20.147672219544464,-39.1976512276406,4.563492063492063,4.563492063492063,20.649999618530273
2025-03-05,21.806772232055664,21.111339126401337,-35.70947620327083,8.531746031746032,8.531746031746032,21.950000762939453
2025-03-06,19.104520797729492,19.58138826813236,-40.031179668514184,3.373015873015873,3.373015873015873,19.229999542236328
2025-03-07,20.74375343322754,19.37275901370706,-37.274462021847235,7.142857142857142,7.142857142857142,20.8799991607666
2025-03-10,17.87261199951172,19.213803401633765,-39.7516321395713,3.7698412698412698,3.7698412698412698,17.989999771118164
2025-03-11,17.296396255493164,17.93221952623711,-41.34339742869957,2.1825396825396823,2.1825396825396823,17.40999984741211
2025-03-12,18.18058967590332,18.419025316321072,-40.17212046038283,3.373015873015873,3.373015873015873,18.299999237060547
2025-03-13,17.971960067749023,18.260066786970306,-39.89955521061939,4.166666666666666,4.166666666666666,18.09000015258789
2025-03-14,19.670801162719727,18.935630005193737,-34.91984117202026,11.706349206349206,11.706349206349206,19.799999237060547
2025-03-17,20.654342651367188,19.38269418519438,-29.204202910802586,17.46031746031746,17.46031746031746,20.790000915527344
2025-03-18,19.79995346069336,20.058257141215282,-28.28490710994009,18.650793650793652,18.650793650793652,19.93000030517578
2025-03-19,20.24701690673828,19.760214450473892,-26.443242130585244,20.634920634920633,20.634920634920633,20.3799991607666
2025-03-20,19.79995346069336,19.48204182155956,-26.593957683040642,20.634920634920633,20.634920634920633,19.93000030517578
2025-03-21,19.15419578552246,18.697196369283724,-28.52136112155091,18.650793650793652,18.650793650793652,19.280000686645508
2025-03-24,20.862972259521484,20.346364872604248,-20.56455058071482,27.380952380952383,27.380952380952383,21.0
2025-03-25,20.479293823242188,20.758331124722066,-16.55853445337363,33.53174603174603,33.53174603174603,20.549999237060547
2025-03-26,18.725353240966797,20.230156358917185,-22.19412838813092,25.793650793650798,25.793650793650798,18.790000915527344
2025-03-27,17.698894500732422,18.10748368717075,-28.81117196089577,18.452380952380953,18.452380952380953,17.760000228881836
2025-03-28,15.974847793579102,17.270374247368483,-35.61499325284621,10.119047619047619,10.119047619047619,16.030000686645508
2025-03-31,15.895122528076172,15.018150126130802,-36.256050155111,8.928571428571429,8.928571428571429,15.949999809265137
2025-04-01,15.895122528076172,15.67587918999155,-35.818785507881145,9.920634920634921,9.920634920634921,15.949999809265137
2025-04-02,16.204055786132812,15.1377366006834,-34.03760797498448,13.492063492063492,13.492063492063492,16.260000228881836
2025-04-03,11.370742797851562,13.762485969296437,-40.01603912963226,3.968253968253968,3.968253968253968,11.40999984741211
2025-04-04,8.699963569641113,10.015422694040804,-42.18514959744769,0.992063492063492,0.992063492063492,8.729999542236328
2025-04-07,9.118517875671387,7.85288796715422,-41.25151175957717,3.1746031746031744,3.1746031746031744,9.149999618530273
2025-04-08,8.221614837646484,10.37418293398558,-42.11440389015689,1.3888888888888888,1.3888888888888888,8.25
2025-04-09,12.72606372833252,8.450823079267838,-31.695233400443502,16.46825396825397,16.46825396825397,12.770000457763672
2025-04-10,9.596866607666016,10.882428124870264,-33.92207658284093,14.484126984126986,14.484126984126986,9.630000114440918
2025-04-11,10.194802284240723,9.317830841840046,-33.164368297895884,15.476190476190476,15.476190476190476,10.229999542236328
2025-04-14,10.433977127075195,11.111636869103616,-32.148653796945204,16.071428571428573,16.071428571428573,10.470000267028809
2025-04-15,10.563529968261719,10.563529968261719,-31.0967677829241,17.658730158730158,17.658730158730158,10.600000381469727
2025-04-16,9.30786418914795,9.098586694195626,-33.5660741861227,15.476190476190476,15.476190476190476,9.34000015258789
2025-04-17,9.168346405029297,9.517142579565649,-35.293524995043306,12.5,12.5,9.199999809265137
2025-04-21,8.680032730102539,8.640170390657476,-37.61199938742074,8.73015873015873,8.73015873015873,8.710000038146973
2025-04-22,9.148415565490723,8.929172232114828,-36.94802716839001,9.126984126984127,9.126984126984127,9.180000305175781
2025-04-23,10.254596710205078,10.543598912906946,-32.22774781565618,16.865079365079367,16.865079365079367,10.289999961853027
2025-04-24,11.958712577819824,11.011981355487706,-22.212536718763136,29.563492063492063,29.563492063492063,12.0
2025-04-25,12.2975435256958,11.589986291952412,-12.960541450229442,41.07142857142857,41.07142857142857,12.34000015258789
2025-04-28,12.24771499633789,12.118162160202356,-7.419564809554371,47.42063492063492,47.42063492063492,12.289999961853027
2025-04-29,11.819193840026855,11.769366631613797,-6.524208691306252,48.41269841269841,48.41269841269841,11.859999656677246
2025-04-30,12.118162155151367,10.952187580810651,-3.6026175524300452,52.182539682539684,52.182539682539684,12.15999984741211
2025-05-01,12.058368682861328,12.496854384786708,-2.5479638616767266,52.976190476190474,52.976190476190474,12.100000381469727
2025-05-02,13.244274139404297,12.845650767043246,11.48650395719155,68.25396825396825,68.25396825396825,13.289999961853027
2025-05-05,13.00510025024414,12.885513237301284,18.639682829232225,75.0,75.0,13.050000190734863
2025-05-06,12.596510887145996,12.28757706161929,19.35841753886655,75.0,75.0,12.640000343322754
2025-05-07,13.234308242797852,12.566613385066985,24.191197125608,79.56349206349206,79.56349206349206,13.279999732971191
2025-05-08,13.613001823425293,13.79238282708169,27.06782859002206,82.14285714285714,82.14285714285714,13.65999984741211
2025-05-09,14.061452865600586,14.161109186280452,30.56250336216809,86.11111111111111,86.11111111111111,14.109999656677246
2025-05-12,17.071062088012695,16.831888054469797,35.913777293666485,93.05555555555556,93.05555555555556,17.1299991607666
2025-05-13,18.5360050201416,17.30027160557032,39.19617494058448,97.02380952380952,97.02380952380952,18.600000381469727
2025-05-14,18.775178909301758,18.904730792618317,40.39845072665327,98.21428571428571,98.21428571428571,18.84000015258789
2025-05-15,18.406450271606445,18.256966751201485,40.112967378709556,97.61904761904762,97.61904761904762,18.469999313354492
2025-05-16,18.32672691345215,18.466246523172128,39.7383034022635,97.02380952380952,97.02380952380952,18.389999389648438
2025-05-19,17.997861862182617,17.090992978868627,38.54907689390281,95.83333333333334,95.83333333333334,18.059999465942383
2025-05-20,17.908170700073242,17.559376450834304,37.48551394092778,93.65079365079364,93.65079365079364,17.969999313354492
2025-05-21,16.941509246826172,17.499581960383853,32.32936439005466,87.3015873015873,87.3015873015873,17.0
2025-05-22,16.453195571899414,16.911611973764956,26.965083338178257,80.15873015873017,80.15873015873017,16.510000228881836
2025-05-23,15.675878524780273,15.157668143580743,19.960049164873446,73.4126984126984,73.4126984126984,15.729999542236328
2025-05-27,17.230512619018555,16.682403818705748,23.49610801302865,76.5873015873016,76.5873015873016,17.290000915527344
2025-05-28,16.981372833251953,17.370030385161236,24.251435645957052,78.17460317460318,78.17460317460318,17.040000915527344
2025-05-29,17.140823364257812,18.11745117271238,25.406242904854494,78.76984126984127,78.76984126984127,17.200000762939453
2025-05-30,16.114364624023438,16.841852486946348,18.901726528956182,72.81746031746032,72.81746031746032,16.170000076293945
2025-06-02,16.841854095458984,16.004744016797407,19.562218356024776,73.4126984126984,73.4126984126984,16.899999618530273
2025-06-03,18.237035751342773,16.87175047583928,26.55506571774949,80.75396825396825,80.75396825396825,18.299999237060547
2025-06-04,19.02431869506836,18.615729501786454,33.327270121170564,89.48412698412699,89.48412698412699,19.09000015258789
2025-06-05,18.745283126831055,19.422943871581793,33.93655007655838,90.67460317460318,90.67460317460318,18.809999465942383
2025-06-06,19.1140079498291,19.33325031466264,35.069443915608055,91.46825396825396,91.46825396825396,19.18000030517578
2025-06-09,20.509193420410156,19.642185861911404,37.78838322478861,94.64285714285714,94.64285714285714,20.579999923706055
2025-06-10,21.81468391418457,20.768297340165635,40.31580631411298,97.81746031746032,97.81746031746032,21.889999389648438
2025-06-11,21.56554412841797,22.28306809031861,39.245240028247,96.23015873015873,96.23015873015873,21.639999389648438
2025-06-12,21.615373611450195,21.166921127500245,38.89145420389394,95.63492063492063,95.63492063492063,21.690000534057617
2025-06-13,19.971052169799805,20.25008759761186,31.65657152303023,86.30952380952381,86.30952380952381,20.040000915527344
2025-06-16,21.82465171813965,20.758333403764194,34.90712942821562,90.27777777777779,90.27777777777779,21.899999618530273
2025-06-17,21.346302032470703,21.535648847217605,34.650144273337254,89.88095238095238,89.88095238095238,21.420000076293945
2025-06-18,21.5356502532959,21.64527049990767,35.375988675099876,91.26984126984127,91.26984126984127,21.610000610351562
2025-06-20,21.13702392578125,22.063824470335497,33.972888820921824,89.88095238095238,89.88095238095238,21.209999084472656
2025-06-23,21.50575065612793,21.10712729704216,34.71237500092535,90.47619047619048,90.47619047619048,21.579999923706055
2025-06-24,23.943044662475586,22.653418418166655,39.26724310968258,97.02380952380952,97.02380952380952,23.950000762939453
2025-06-25,24.572860717773438,24.392912693283197,41.878902113757064,99.8015873015873,99.8015873015873,24.579999923706055
2025-06-26,25.19268226623535,25.172687616935164,42.94622035959661,100.0,100.0,25.200000762939453
2025-06-27,25.102706909179688,25.202676336746812,42.331465734950534,99.8015873015873,99.8015873015873,25.110000610351562
2025-06-30,25.102706909179688,25.482595691600736,42.005323561656304,99.40476190476191,99.40476190476191,25.110000610351562
2025-07-01,24.702821731567383,24.37291766079532,40.296828455310276,97.22222222222221,97.22222222222221,24.709999084472656
2025-07-02,26.04243278503418,24.502881083149415,41.72671403877301,99.0079365079365,99.0079365079365,26.049999237060547
2025-07-03,26.42232322692871,26.392331254532774,42.485759967238785,99.8015873015873,99.8015873015873,26.43000030517578
2025-07-07,24.96274757385254,25.722527084919683,37.584164138495666,92.85714285714286,92.85714285714286,24.969999313354492
2025-07-08,26.362340927124023,25.622554203061377,38.28629495577112,94.04761904761905,94.04761904761905,26.3700008392334
2025-07-09,26.64225959777832,26.62226494879365,38.48135639153505,94.24603174603175,94.24603174603175,26.649999618530273
2025-07-10,27.362051010131836,27.38204375181274,40.068306169560465,96.23015873015873,96.23015873015873,27.3700008392334
2025-07-11,27.282073974609375,26.842201247738284,40.54300462496188,97.81746031746032,97.81746031746032,27.290000915527344
2025-07-14,26.4923038482666,26.63226257917748,37.79660316820705,92.46031746031747,92.46031746031747,26.5
2025-07-15,27.282073974609375,28.041851539030432,37.04808752459211,91.07142857142857,91.07142857142857,27.290000915527344
2025-07-16,27.02215003967285,26.592274624637962,35.498549003507,89.28571428571429,89.28571428571429,27.030000686645508
2025-07-17,27.31206512451172,26.952169069437875,35.53663808715392,89.28571428571429,89.28571428571429,27.31999969482422
2025-07-18,27.32206153869629,27.65196560925727,35.5839320991389,89.28571428571429,89.28571428571429,27.329999923706055
2025-07-21,27.49201202392578,27.55199406171186,36.11904210274798,90.47619047619048,90.47619047619048,27.5
2025-07-22,26.312355041503906,27.112123825294706,31.032846610100208,81.94444444444444,81.94444444444444,26.31999969482422
2025-07-23,25.772512435913086,25.64254912887495,22.458507643443752,73.21428571428571,73.21428571428571,25.780000686645508
2025-07-24,25.612560272216797,25.6525476638736,14.161536198908964,66.66666666666666,66.66666666666666,25.6200008392334
2025-07-25,25.592565536499023,25.162690113571628,9.506003695039093,63.29365079365079,63.29365079365079,25.600000381469727
2025-07-28,26.8721923828125,26.372337598180764,15.902314384959354,68.05555555555556,68.05555555555556,26.8799991607666
2025-07-29,27.02215003967285,27.402038832730046,20.061482358773603,71.62698412698413,71.62698412698413,27.030000686645508
2025-07-30,27.60198211669922,27.741940847738732,25.86015529072274,77.18253968253968,77.18253968253968,27.610000610351562
2025-07-31,24.97274398803711,26.692245626582178,5.780777518087481,59.12698412698413,59.12698412698413,24.979999542236328
2025-08-01,24.07300567626953,23.573150905660285,-7.7070930011945915,44.44444444444444,44.44444444444444,24.079999923706055
2025-08-04,24.992738723754883,24.582857961228875,-6.059663667637303,46.42857142857143,46.42857142857143,25.0
2025-08-05,24.51287841796875,25.41261662406106,-9.47929917544059,42.26190476190476,42.26190476190476,24.520000457763672
2025-08-06,23.9830322265625,23.833076173227532,-15.966242652996524,35.714285714285715,35.714285714285715,23.989999771118164
2025-08-07,24.992738723754883,25.47259884962026,-9.797697788631659,42.46031746031746,42.46031746031746,25.0
2025-08-08,25.702531814575195,25.152692320528757,-0.8749434220365269,53.769841269841265,53.769841269841265,25.709999084472656
2025-08-11,25.602561950683594,26.022440034101567,2.9216208991777592,58.13492063492064,58.13492063492064,25.610000610351562
2025-08-12,27.991867065429688,26.20238607705687,18.694204681606372,70.63492063492063,70.63492063492063,28.0
2025-08-13,29.261499404907227,28.641678636047008,29.54887447871222,80.95238095238095,80.95238095238095,29.270000457763672
2025-08-14,29.411455154418945,28.11183349696035,34.513945701027275,86.70634920634922,86.70634920634922,29.420000076293945
2025-08-15,27.362051010131836,28.70166004248401,27.379052918364057,79.36507936507937,79.36507936507937,27.3700008392334
2025-08-18,27.522005081176758,27.092129662041874,24.105253407127243,75.0,75.0,27.530000686645508
2025-08-19,26.232378005981445,27.561991613104468,14.404383473376658,66.26984126984127,66.26984126984127,26.239999771118164
2025-08-20,25.792505264282227,26.102416593312725,6.089750432638409,59.32539682539682,59.32539682539682,25.799999237060547
2025-08-21,25.34263801574707,25.39262273159801,-1.54482353917063,51.388888888888886,51.388888888888886,25.350000381469727
2025-08-22,27.442028045654297,25.5525756902088,8.135657006737405,61.111111111111114,61.111111111111114,27.450000762939453
2025-08-25,27.292070388793945,27.342057011170223,12.173221526613059,64.0873015873016,64.0873015873016,27.299999237060547
2025-08-26,27.931884765625,27.52200401140385,17.91779839955713,69.04761904761905,69.04761904761905,27.940000534057617
2025-08-27,28.171815872192383,27.601981724715657,21.891684234501824,72.02380952380952,72.02380952380952,28.18000030517578
2025-08-28,28.521713256835938,28.401747275594417,25.539820033387933,76.38888888888889,76.38888888888889,28.530000686645508
2025-08-29,26.032438278198242,27.312065315321185,12.288691722686902,63.888888888888886,63.888888888888886,26.040000915527344
2025-09-02,25.242666244506836,24.073005989776714,-1.8292459643034578,49.60317460317461,49.60317460317461,25.25
2025-09-03,24.90276527404785,25.402620059808417,-11.804107028506298,37.5,37.5,24.90999984741211
2025-09-04,25.642549514770508,24.402909904552708,-10.556035301464979,39.08730158730159,39.08730158730159,25.649999618530273
2025-09-05,26.442317962646484,26.81220942278001,-5.580960816258251,45.03968253968254,45.03968253968254,26.450000762939453
2025-09-08,27.072134017944336,26.952168035258033,1.7408302844507313,54.36507936507936,54.36507936507936,27.079999923706055
2025-09-09,27.17210578918457,27.162108464900452,6.1126451358542955,58.333333333333336,58.333333333333336,27.18000030517578
2025-09-10,28.591693878173828,28.47172789164509,16.91078981126125,67.85714285714286,67.85714285714286,28.600000381469727
2025-09-11,29.161527633666992,29.05155897305344,25.46887967358745,76.19047619047619,76.19047619047619,29.170000076293945
2025-09-12,29.291488647460938,29.361469916701267,30.420939286325847,81.74603174603175,81.74603174603175,29.299999237060547
2025-09-15,29.991287231445312,29.131536387302912,34.887859422230335,87.5,87.5,30.0
2025-09-16,30.471145629882812,30.321189583645697,37.25140943418436,91.46825396825396,91.46825396825396,30.479999542236328
2025-09-17,30.461149215698242,30.271205774628864,36.68030172373021,90.47619047619048,90.47619047619048,30.469999313354492
2025-09-18,33.63022994995117,32.75048444418803,39.57194625151088,95.23809523809523,95.23809523809523,33.63999938964844
2025-09-19,33.01041030883789,33.55025438944312,39.06681421509426,94.44444444444444,94.44444444444444,33.02000045776367
2025-09-22,34.41999816894531,33.19035594947621,41.06236449393535,98.21428571428571,98.21428571428571,34.43000030517578
2025-09-23,34.29999923706055,34.70000076293945,40.736821550621094,97.61904761904762,97.61904761904762,34.29999923706055
2025-09-24,34.20000076293945,33.959999084472656,40.23923692690815,95.83333333333334,95.83333333333334,34.20000076293945
2025-09-25,33.849998474121094,32.439998626708984,38.75578249103006,93.05555555555556,93.05555555555556,33.849998474121094
2025-09-26,34.02000045776367,33.93000030517578,38.28839417409971,92.26190476190477,92.26190476190477,34.02000045776367
2025-09-29,34.02000045776367,35.029998779296875,37.72351053703097,90.67460317460318,90.67460317460318,34.02000045776367
2025-09-30,34.84000015258789,34.06999969482422,39.59150155392351,94.64285714285714,94.64285714285714,34.84000015258789
2025-10-01,36.86000061035156,34.18000030517578,41.895803761581575,99.0079365079365,99.0079365079365,36.86000061035156
2025-10-02,39.08000183105469,38.959999084472656,42.95708549064509,100.0,100.0,39.08000183105469
2025-10-03,38.22999954223633,39.47999954223633,41.0404254243593,97.61904761904762,97.61904761904762,38.22999954223633
2025-10-06,41.709999084472656,42.83000183105469,40.67866920538644,96.82539682539682,96.82539682539682,41.709999084472656
2025-10-07,38.83000183105469,42.779998779296875,34.430726515402334,83.33333333333334,83.33333333333334,38.83000183105469
2025-10-08,42.779998779296875,38.869998931884766,38.124833068406474,90.47619047619048,90.47619047619048,42.779998779296875
2025-10-09,42.2400016784668,42.58000183105469,38.62339993828954,91.86507936507937,91.86507936507937,42.2400016784668
2025-10-10,34.209999084472656,42.52000045776367,16.975099173939885,63.69047619047619,63.69047619047619,34.209999084472656
2025-10-13,39.13999938964844,38.22999954223633,17.419185450774084,64.0873015873016,64.0873015873016,39.13999938964844
2025-10-14,36.630001068115234,36.619998931884766,11.14785732717543,57.53968253968254,57.53968253968254,36.630001068115234
2025-10-15,39.97999954223633,39.54999923706055,15.87881252480463,61.70634920634921,61.70634920634921,39.97999954223633
2025-10-16,40.56999969482422,41.45000076293945,18.79974126189116,65.27777777777779,65.27777777777779,40.56999969482422
2025-10-17,40.290000915527344,39.61000061035156,19.595276909046756,66.07142857142857,66.07142857142857,40.290000915527344
2025-10-20,42.2400016784668,41.15999984741211,24.83604124963904,71.62698412698413,71.62698412698413,42.2400016784668
2025-10-21,41.5099983215332,41.810001373291016,25.558436757815777,72.42063492063492,72.42063492063492,41.5099983215332
2025-10-22,38.38999938964844,40.08000183105469,16.655497104609648,61.70634920634921,61.70634920634921,38.38999938964844
2025-10-23,41.16999816894531,37.72999954223633,19.48269225212979,65.27777777777779,65.27777777777779,41.16999816894531
2025-10-24,43.13999938964844,43.43000030517578,24.56465141234751,71.23015873015873,71.23015873015873,43.13999938964844
2025-10-27,46.84000015258789,45.4900016784668,30.50694850651798,77.97619047619048,77.97619047619048,46.84000015258789
2025-10-28,46.959999084472656,46.439998626708984,33.035070067794436,81.34920634920636,81.34920634920636,46.959999084472656
2025-10-29,49.380001068115234,49.369998931884766,34.633564344148894,83.13492063492063,83.13492063492063,49.380001068115234
2025-10-30,47.38999938964844,48.5,30.715893464512206,77.97619047619048,77.97619047619048,47.38999938964844
2025-10-31,47.779998779296875,48.77000045776367,29.384002332041025,75.39682539682539,75.39682539682539,47.779998779296875
2025-11-03,48.58000183105469,49.5,30.184916419734787,76.78571428571429,76.78571428571429,48.58000183105469
2025-11-04,42.79999923706055,44.77000045776367,16.799600176433056,60.11904761904761,60.11904761904761,42.79999923706055
2025-11-05,46.83000183105469,43.220001220703125,18.308945381777846,62.5,62.5,46.83000183105469
2025-11-06,43.0099983215332,46.459999084472656,9.999691261996205,53.96825396825397,53.96825396825397,43.0099983215332
2025-11-07,41.7400016784668,41.099998474121094,2.1802054259595085,47.42063492063492,47.42063492063492,41.7400016784668
2025-11-10,44.959999084472656,45.060001373291016,4.833998607535593,49.2063492063492,49.2063492063492,44.959999084472656
2025-11-11,41.810001373291016,43.720001220703125,-2.20062063739716,41.46825396825397,41.46825396825397,41.810001373291016
2025-11-12,43.709999084472656,44.0099983215332,-0.7352605164152297,44.047619047619044,44.047619047619044,43.709999084472656
2025-11-13,39.220001220703125,42.16999816894531,-12.084968906423113,30.753968253968257,30.753968253968257,39.220001220703125
2025-11-14,38.86000061035156,35.7400016784668,-18.00637877188095,24.6031746031746,24.6031746031746,38.86000061035156
2025-11-17,36.84000015258789,37.900001525878906,-25.632449936786543,18.055555555555554,18.055555555555554,36.84000015258789
2025-11-18,34.349998474121094,35.310001373291016,-31.74906421770956,12.896825396825399,12.896825396825399,34.349998474121094
2025-11-19,35.959999084472656,34.720001220703125,-31.61268013419084,13.293650793650794,13.293650793650794,35.959999084472656
2025-11-20,30.809999465942383,38.790000915527344,-36.83172539740513,6.349206349206349,6.349206349206349,30.809999465942383
2025-11-21,31.729999542236328,30.850000381469727,-36.068753307637714,7.142857142857142,7.142857142857142,31.729999542236328
2025-11-24,35.86000061035156,32.689998626708984,-28.41957416264691,16.46825396825397,16.46825396825397,35.86000061035156
2025-11-25,36.16999816894531,34.34000015258789,-23.343625882237845,20.03968253968254,20.03968253968254,36.16999816894531
2025-11-26,39.189998626708984,37.439998626708984,-14.158189834793866,30.357142857142854,30.357142857142854,39.189998626708984
2025-11-28,41.2599983215332,39.650001525878906,-4.583366328483148,41.46825396825397,41.46825396825397,41.2599983215332
2025-12-01,41.310001373291016,39.58000183105469,0.6582767737434181,47.61904761904761,47.61904761904761,41.310001373291016
2025-12-02,43.79999923706055,42.790000915527344,7.716063084128563,54.166666666666664,54.166666666666664,43.79999923706055
2025-12-03,46.58000183105469,44.45000076293945,18.177248330086066,64.48412698412699,64.48412698412699,46.58000183105469
2025-12-04,45.15999984741211,45.88999938964844,20.506275666602907,67.85714285714286,67.85714285714286,45.15999984741211
2025-12-05,46.5,46.470001220703125,24.688285955034107,72.61904761904762,72.61904761904762,46.5
2025-12-08,47.9900016784668,47.560001373291016,28.913383329392545,77.57936507936508,77.57936507936508,47.9900016784668
2025-12-09,47.790000915527344,47.040000915527344,30.573838231599083,79.76190476190477,79.76190476190477,47.790000915527344
2025-12-10,49.650001525878906,47.650001525878906,32.9321009378513,82.53968253968253,82.53968253968253,49.650001525878906
2025-12-11,48.790000915527344,48.0099983215332,32.45755465006886,82.34126984126983,82.34126984126983,48.790000915527344
2025-12-12,41.709999084472656,46.91999816894531,17.24404659710092,63.095238095238095,63.095238095238095,41.709999084472656
2025-12-15,41.18000030517578,43.11000061035156,7.950623340411034,54.563492063492056,54.563492063492056,41.18000030517578
2025-12-16,40.4900016784668,40.75,0.9290046381079244,48.214285714285715,48.214285714285715,40.4900016784668
2025-12-17,36.0099983215332,41.0,-11.12269669060056,33.92857142857143,33.92857142857143,36.0099983215332
2025-12-18,38.58000183105469,39.970001220703125,-12.173030478839042,32.53968253968254,32.53968253968254,38.58000183105469
2025-12-19,41.720001220703125,39.599998474121094,-5.889414410232936,40.27777777777778,40.27777777777778,41.720001220703125
2025-12-22,43.2599983215332,44.45000076293945,0.8229144795332057,48.80952380952381,48.80952380952381,43.2599983215332
2025-12-23,43.70000076293945,42.619998931884766,3.8363555268024747,51.98412698412699,51.98412698412699,43.70000076293945
2025-12-24,44.209999084472656,43.720001220703125,6.478054762099241,54.563492063492056,54.563492063492056,44.209999084472656
2025-12-26,44.209999084472656,44.75,5.757512569179516,53.37301587301587,53.37301587301587,44.209999084472656
2025-12-29,43.81999969482422,42.97999954223633,4.104152078761862,52.57936507936508,52.57936507936508,43.81999969482422
2025-12-30,43.66999816894531,44.150001525878906,2.549031729999475,51.19047619047619,51.19047619047619,43.66999816894531
2025-12-31,42.029998779296875,43.88999938964844,-3.3504152814592008,43.25396825396825,43.25396825396825,42.029998779296875
2026-01-02,47.2400016784668,45.130001068115234,8.35685794510809,57.341269841269835,57.341269841269835,47.2400016784668
2026-01-05,49.220001220703125,50.349998474121094,17.80914841812135,66.26984126984127,66.26984126984127,49.220001220703125
2026-01-06,54.0099983215332,51.11000061035156,28.111947841105824,79.36507936507937,79.36507936507937,54.0099983215332
2026-01-07,52.290000915527344,52.20000076293945,29.383997972159964,79.76190476190477,79.76190476190477,52.290000915527344
2026-01-08,49.650001525878906,51.79999923706055,23.75449340327773,72.81746031746032,72.81746031746032,49.650001525878906
2026-01-09,53.95000076293945,51.09000015258789,28.51365932487429,79.16666666666666,79.16666666666666,53.95000076293945
2026-01-12,54.650001525878906,52.38999938964844,31.957830495414598,83.92857142857143,83.92857142857143,54.650001525878906
2026-01-13,56.06999969482422,55.689998626708984,33.51776898933194,85.71428571428571,85.71428571428571,56.06999969482422
2026-01-14,55.380001068115234,54.88999938964844,32.734887668643495,84.72222222222221,84.72222222222221,55.380001068115234
2026-01-15,58.08000183105469,60.959999084472656,32.909399180632946,84.72222222222221,84.72222222222221,58.08000183105469
2026-01-16,60.75,61.189998626708984,35.99250207128696,89.88095238095238,89.88095238095238,60.75
2026-01-20,57.939998626708984,57.34000015258789,31.773359229595776,82.73809523809523,82.73809523809523,57.939998626708984
2026-01-21,63.47999954223633,60.2400016784668,34.763056859388904,87.10317460317461,87.10317460317461,63.47999954223633
2026-01-22,63.720001220703125,66.9000015258789,35.047932525422425,87.6984126984127,87.6984126984127,63.720001220703125
2026-01-23,61.599998474121094,62.47999954223633,31.119289433963594,81.15079365079364,81.15079365079364,61.599998474121094
2026-01-26,60.70000076293945,60.75,26.617257381081465,75.0,75.0,60.70000076293945
2026-01-27,64.95999908447266,63.310001373291016,31.066613283442962,81.15079365079364,81.15079365079364,64.95999908447266
2026-01-28,70.08999633789062,69.0,36.263428596179686,90.07936507936508,90.07936507936508,70.08999633789062
2026-01-29,70.47000122070312,70.4000015258789,38.45555268355885,93.45238095238095,93.45238095238095,70.47000122070312
2026-01-30,61.790000915527344,67.12000274658203,25.04133287573684,73.01587301587301,73.01587301587301,61.790000915527344
2026-02-02,65.19999694824219,59.459999084472656,21.591335720341398,68.45238095238095,68.45238095238095,65.19999694824219
2026-02-03,61.20000076293945,66.80999755859375,11.921607576343378,57.936507936507944,57.936507936507944,61.20000076293945
2026-02-04,53.189998626708984,59.439998626708984,-7.188721941452374,38.095238095238095,38.095238095238095,53.189998626708984
2026-02-05,53.25,51.310001373291016,-17.093002537021924,27.18253968253968,27.18253968253968,53.25
2026-02-06,61.75,56.400001525878906,-8.024451136962764,37.5,37.5,61.75
2026-02-09,64.02999877929688,59.9900016784668,-0.42775997456289205,46.82539682539682,46.82539682539682,64.02999877929688
2026-02-10,63.34000015258789,64.66999816894531,2.4782455672892953,50.39682539682539,50.39682539682539,63.34000015258789
2026-02-11,68.05000305175781,67.20999908447266,11.617423867119554,57.936507936507944,57.936507936507944,68.05000305175781
2026-02-12,63.099998474121094,69.66999816894531,7.502492903539679,54.96031746031746,54.96031746031746,63.099998474121094
2026-02-13,64.58999633789062,63.93000030517578,7.907002205550179,55.35714285714286,55.35714285714286,64.58999633789062
2026-02-17,64.3499984741211,62.02000045776367,7.603152608593968,55.158730158730165,55.158730158730165,64.3499984741211
2026-02-18,66.29000091552734,65.26000213623047,10.60889035550721,57.936507936507944,57.936507936507944,66.29000091552734
2026-02-19,65.2300033569336,64.33000183105469,10.184120215463828,57.53968253968254,57.53968253968254,65.2300033569336
2026-02-20,67.11000061035156,63.7599983215332,13.286913546127563,60.11904761904761,60.11904761904761,67.11000061035156
2026-02-23,65.86000061035156,65.8499984741211,12.46829907196839,60.11904761904761,60.11904761904761,65.86000061035156
2026-02-24,68.52999877929688,68.11000061035156,16.862559802981174,63.888888888888886,63.888888888888886,68.52999877929688
2026-02-25,71.86000061035156,70.88999938964844,24.088549843053475,72.22222222222221,72.22222222222221,71.86000061035156
2026-02-26,65.33999633789062,71.02999877929688,15.285670174448457,61.904761904761905,61.904761904761905,65.33999633789062
2026-02-27,62.77000045776367,61.5099983215332,5.874119383264325,53.17460317460318,53.17460317460318,62.77000045776367
2026-03-02,62.7599983215332,58.11000061035156,0.7578909686973138,48.01587301587302,48.01587301587302,62.7599983215332
2026-03-03,53.41999816894531,55.119998931884766,-16.027214083092453,28.76984126984127,28.76984126984127,53.41999816894531
2026-03-04,56.619998931884766,55.959999084472656,-20.17792810500528,23.61111111111111,23.61111111111111,56.619998931884766
2026-03-05,54.79999923706055,55.31999969482422,-24.95994023876094,19.642857142857142,19.642857142857142,54.79999923706055
2026-03-06,47.88999938964844,50.09000015258789,-33.18117754011381,11.904761904761903,11.904761904761903,47.88999938964844
2026-03-09,53.31999969482422,45.5099983215332,-29.72092803483178,15.079365079365079,15.079365079365079,53.31999969482422
2026-03-10,54.59000015258789,53.36000061035156,-26.31553483107874,18.650793650793652,18.650793650793652,54.59000015258789
2026-03-11,56.09000015258789,55.5,-22.16377176277556,23.015873015873016,23.015873015873016,56.09000015258789
2026-03-12,50.279998779296875,53.529998779296875,-27.18545365145056,17.261904761904763,17.261904761904763,50.279998779296875
2026-03-13,50.720001220703125,51.880001068115234,-29.334077587563144,15.674603174603174,15.674603174603174,50.720001220703125
2026-03-16,53.689998626708984,54.060001373291016,-26.725022039598418,18.650793650793652,18.650793650793652,53.689998626708984
2026-03-17,54.95000076293945,55.099998474121094,-22.988925760959724,22.22222222222222,22.22222222222222,54.95000076293945
2026-03-18,54.02000045776367,55.029998779296875,-22.672740503767557,23.015873015873016,23.015873015873016,54.02000045776367
2026-03-19,54.849998474121094,49.529998779296875,-20.82851926008345,25.198412698412696,25.198412698412696,54.849998474121094
2026-03-20,51.13999938964844,54.689998626708984,-25.450976670928192,20.436507936507937,20.436507936507937,51.13999938964844
2026-03-23,53.029998779296875,54.630001068115234,-25.38052955373702,20.634920634920633,20.634920634920633,53.029998779296875
2026-03-24,54.959999084472656,51.540000915527344,-21.863475228793394,25.0,25.0,54.959999084472656
2026-03-25,57.040000915527344,56.63999938964844,-16.849232007173505,30.952380952380953,30.952380952380953,57.040000915527344
2026-03-26,48.970001220703125,54.189998626708984,-25.492449769158682,20.436507936507937,20.436507936507937,48.970001220703125
2026-03-27,46.61000061035156,48.040000915527344,-31.872016450855824,13.095238095238097,13.095238095238097,46.61000061035156
2026-03-30,40.619998931884766,47.86000061035156,-37.567382756935665,5.952380952380952,5.952380952380952,40.619998931884766
2026-03-31,47.90999984741211,42.880001068115234,-29.270038257176722,16.46825396825397,16.46825396825397,47.90999984741211
2026-04-01,52.2599983215332,50.040000915527344,-16.21077770189633,32.53968253968254,32.53968253968254,52.2599983215332
2026-04-02,52.75,46.060001373291016,-8.297778233205339,40.27777777777778,40.27777777777778,52.75
2026-04-06,54.810001373291016,53.75,-0.09049120015798515,49.60317460317461,49.60317460317461,54.810001373291016
2026-04-07,56.54999923706055,54.31999969482422,7.945785327883617,58.333333333333336,58.333333333333336,56.54999923706055
2026-04-08,67.5,66.33000183105469,19.652139187090743,70.63492063492063,70.63492063492063,67.5
2026-04-09,71.9800033569336,68.12000274658203,27.895225454696813,78.37301587301587,78.37301587301587,71.9800033569336
2026-04-10,76.38999938964844,74.30000305175781,32.435206255782916,84.52380952380952,84.52380952380952,76.38999938964844
2026-04-13,80.55999755859375,75.58999633789062,36.86217208324724,90.87301587301587,90.87301587301587,80.55999755859375
2026-04-14,85.30999755859375,83.2699966430664,40.01601483412121,95.83333333333334,95.83333333333334,85.30999755859375
2026-04-15,85.95999908447266,84.66000366210938,41.754811162052704,98.61111111111111,98.61111111111111,85.95999908447266
2026-04-16,88.37000274658203,85.01000213623047,42.511413874927214,99.60317460317461,99.60317460317461,88.37000274658203
2026-04-17,94.68000030517578,93.19999694824219,43.37665425126874,100.0,100.0,94.68000030517578
2026-04-20,95.94000244140625,95.97000122070312,43.56557497095096,100.0,100.0,95.94000244140625
2026-04-21,98.08999633789062,97.97000122070312,43.38360512332226,99.8015873015873,99.8015873015873,98.08999633789062
2026-04-22,105.63999938964844,102.94000244140625,43.92083293187692,100.0,100.0,105.63999938964844
2026-04-23,112.7699966430664,108.62000274658203,43.26884526842325,99.20634920634922,99.20634920634922,112.7699966430664
2026-04-24,128.32000732421875,125.20999908447266,43.58853621495371,99.8015873015873,99.8015873015873,128.32000732421875
2026-04-27,123.38999938964844,128.3300018310547,42.28124312988301,97.81746031746032,97.81746031746032,123.38999938964844
2026-04-28,109.55999755859375,108.75,34.33621496429927,84.32539682539682,84.32539682539682,109.55999755859375
2026-04-29,117.97000122070312,114.76000213623047,33.66892220809296,83.73015873015873,83.73015873015873,117.97000122070312
2026-04-30,126.9800033569336,122.80999755859375,36.977360613465656,88.88888888888889,88.88888888888889,126.9800033569336
2026-05-01,130.39999389648438,124.38999938964844,39.600503463665895,93.65079365079364,93.65079365079364,130.39999389648438
2026-05-04,127.55000305175781,132.1999969482422,38.398915414359905,91.07142857142857,91.07142857142857,127.55000305175781
2026-05-05,144.16000366210938,135.0,40.08995466683943,94.24603174603175,94.24603174603175,144.16000366210938
2026-05-06,165.85000610351562,157.83999633789062,41.97630156250819,97.42063492063492,97.42063492063492,165.85000610351562
2026-05-07,152.10000610351562,162.1199951171875,37.86233778222996,89.48412698412699,89.48412698412699,152.10000610351562
2026-05-08,176.94000244140625,163.0,40.257530478627324,94.44444444444444,94.44444444444444,176.94000244140625
2026-05-11,190.4199981689453,181.0,41.73056171535519,96.62698412698413,96.62698412698413,190.4199981689453
2026-05-12,172.52000427246094,177.6199951171875,35.710185893408784,85.9126984126984,85.9126984126984,172.52000427246094
2026-05-13,184.24000549316406,183.83999633789062,36.171694449489415,86.70634920634922,86.70634920634922,184.24000549316406
2026-05-14,186.19000244140625,182.6699981689453,36.984628117056204,87.5,87.5,186.19000244140625
2026-05-15,164.17999267578125,167.0,26.198043826873395,72.02380952380952,72.02380952380952,164.17999267578125
2026-05-18,151.75,172.9499969482422,14.100499250072266,57.738095238095234,57.738095238095234,151.75
2026-05-19,151.88999938964844,141.24000549316406,7.367351564949089,51.587301587301596,51.587301587301596,151.88999938964844
2026-05-20,173.1999969482422,161.0,12.993751665964162,57.14285714285714,57.14285714285714,173.1999969482422
2026-05-21,178.38999938964844,171.25999450683594,17.972403061546512,62.89682539682539,62.89682539682539,178.38999938964844
2026-05-22,190.55999755859375,184.8000030517578,24.714769967020988,70.23809523809523,70.23809523809523,190.55999755859375
2026-05-26,225.7899932861328,211.3800048828125,32.26757709387281,79.16666666666666,79.16666666666666,225.7899932861328
2026-05-27,217.97999572753906,242.66000366210938,30.40162200284799,75.79365079365078,75.79365079365078,217.97999572753906
2026-05-28,224.6300048828125,219.0,31.234190145767176,77.77777777777779,77.77777777777779,224.6300048828125
2026-05-29,224.33999633789062,231.82000732421875,31.336146401615743,78.17460317460318,78.17460317460318,224.33999633789062
2026-06-01,227.02999877929688,217.27000427246094,32.1592572679903,78.96825396825396,78.96825396825396,227.02999877929688
2026-06-02,266.32000732421875,243.17999267578125,37.34427861485237,87.89682539682539,87.89682539682539,266.32000732421875
2026-06-03,280.5400085449219,281.4700012207031,39.876750047889416,93.05555555555556,93.05555555555556,280.5400085449219
2026-06-04,262.70001220703125,242.0399932861328,36.333399074900974,86.30952380952381,86.30952380952381,262.70001220703125
2026-06-05,182.5399932861328,230.85000610351562,8.51779069011754,53.769841269841265,53.769841269841265,182.5399932861328
2026-06-08,211.44000244140625,210.6199951171875,0.8055725895657417,45.23809523809524,45.23809523809524,211.44000244140625
2026-06-09,201.67999267578125,227.05999755859375,-6.5169021286562145,38.2936507936508,38.2936507936508,201.67999267578125
2026-06-10,180.64999389648438,191.5399932861328,-15.616849524962435,30.753968253968257,30.753968253968257,180.64999389648438
2026-06-11,223.99000549316406,192.3000030517578,-8.679663665089345,35.714285714285715,35.714285714285715,223.99000549316406
2026-06-12,234.67999267578125,222.22000122070312,-2.0707553207454077,43.05555555555556,43.05555555555556,234.67999267578125
2026-06-15,272.5,265.989990234375,11.1049177618585,56.15079365079365,56.15079365079365,272.5
2026-06-16,226.19000244140625,267.1300048828125,4.795006918825458,50.39682539682539,50.39682539682539,226.19000244140625
2026-06-17,233.86000061035156,247.4199981689453,3.505521149114337,49.007936507936506,49.007936507936506,233.86000061035156
2026-06-18,279.2900085449219,266.0400085449219,13.474146480712893,59.12698412698413,59.12698412698413,279.2900085449219
2026-06-22,300.7699890136719,299.260009765625,21.337150642152082,67.85714285714286,67.85714285714286,300.7699890136719
2026-06-23,231.4199981689453,236.0,6.248648710861347,52.38095238095239,52.38095238095239,231.4199981689453
2026-06-24,229.57000732421875,233.11000061035156,-2.2917679332400023,42.46031746031746,42.46031746031746,229.57000732421875
2026-06-25,252.61000061035156,268.04998779296875,-0.22597007916127934,45.03968253968254,45.03968253968254,252.61000061035156
2026-06-26,215.60000610351562,226.24000549316406,-9.165448090281348,35.51587301587302,35.51587301587302,215.60000610351562
2026-06-29,236.52000427246094,216.36000061035156,-8.858327690763861,35.91269841269841,35.91269841269841,236.52000427246094
2026-06-30,266.7099914550781,241.4499969482422,-0.20523322247797213,45.63492063492063,45.63492063492063,266.7099914550781
2026-07-01,217.5500030517578,237.7899932861328,-8.893134821938805,35.91269841269841,35.91269841269841,217.5500030517578
2026-07-02,181.47000122070312,219.22999572753906,-22.044502518595717,23.809523809523807,23.809523809523807,181.47000122070312
2026-07-06,194.64999389648438,197.2100067138672,-25.307716398268308,19.841269841269842,19.841269841269842,194.64999389648438
2026-07-07,165.27999877929688,165.39999389648438,-32.33684470173731,11.706349206349206,11.706349206349206,165.27999877929688
2026-07-08,174.82000732421875,159.2100067138672,-33.990494572608505,9.920634920634921,9.920634920634921,174.82000732421875
2026-07-09,192.4499969482422,199.80999755859375,-30.568840534176267,14.087301587301587,14.087301587301587,192.4499969482422
2026-07-10,192.25999450683594,182.39999389648438,-28.758767025147066,16.46825396825397,16.46825396825397,192.25999450683594
2026-07-13,165.3699951171875,174.61000061035156,-33.852471059661184,10.317460317460316,10.317460317460316,165.3699951171875
2026-07-14,176.66000366210938,187.69000244140625,-33.850681931956174,10.515873015873016,10.515873015873016,176.66000366210938
2026-07-15,165.5500030517578,183.77000427246094,-36.28431018424709,6.349206349206349,6.349206349206349,165.5500030517578
2026-07-16,142.47999572753906,150.44000244140625,-40.029066985959844,2.1825396825396823,2.1825396825396823,142.47999572753906
2026-07-17,135.47000122070312,124.7300033569336,-40.49246992765836,1.7857142857142856,1.7857142857142856,135.47000122070312
2026-07-20,136.80999755859375,143.52000427246094,-40.37371081405651,1.984126984126984,1.984126984126984,136.80999755859375
2026-07-21,158.5399932861328,155.83999633789062,-36.40561382206658,6.746031746031746,6.746031746031746,158.5399932861328
2026-07-22,160.99000549316406,147.10000610351562,-32.530273252606456,13.095238095238097,13.095238095238097,160.99000549316406
2026-07-23,157.5,152.16000366210938,-31.3340044383961,15.476190476190476,15.476190476190476,157.5
2026-07-24,136.80999755859375,151.4499969482422,-34.99957375090173,9.722222222222223,9.722222222222223,136.80999755859375
2026-07-27,128.14999389648438,140.64999389648438,-38.41356059692099,4.9603174603174605,4.9603174603174605,128.14999389648438
2026-07-28,109.54000091552734,113.1500015258789,-41.04519302512155,1.7857142857142856,1.7857142857142856,109.54000091552734
2026-07-29,91.98999786376953,107.62000274658203,-43.53688468052246,0.0,0.0,91.98999786376953
2026-07-30,114.72000122070312,107.37999725341797,-40.934485012232535,2.1825396825396823,2.1825396825396823,114.72000122070312
2026-07-31,114.72000122070312,129.89999389648438,-38.97127659679738,4.761904761904762,4.761904761904762,114.72000122070312
2026-08-03,116.70999908447266,106.1500015258789,-36.920405778463774,6.944444444444445,6.944444444444445,116.70999908447266
2026-08-04,139.89999389648438,131.50999450683594,-27.850785485359257,19.246031746031747,19.246031746031747,139.89999389648438
2026-08-05,132.07000732421875,135.5399932861328,-25.683294206605268,21.428571428571427,21.428571428571427,132.07000732421875
2026-08-06,132.3300018310547,125.2300033569336,-24.39490933038823,23.41269841269841,23.41269841269841,132.3300018310547
2026-08-07,140.25,141.97000122070312,-19.54872165269682,28.968253968253972,28.968253968253972,140.25
2026-08-10,130.0,142.8000030517578,-20.43171070682222,27.579365079365083,27.579365079365083,130.0
2026-08-11,133.0,136.25999450683594,-19.25956167178649,29.365079365079367,29.365079365079367,133.0
2026-08-12,142.16000366210938,147.3000030517578,-14.040649714871112,34.523809523809526,34.523809523809526,142.16000366210938
2026-08-13,145.36000061035156,142.16000366210938,-5.985755450369461,42.26190476190476,42.26190476190476,145.36000061035156
2026-08-14,144.9499969482422,143.7899932861328,-2.002023763980156,45.83333333333333,45.83333333333333,144.9499969482422
2026-08-17,151.52999877929688,150.61000061035156,3.5374714978026205,51.78571428571429,51.78571428571429,151.52999877929688
2026-08-18,129.10000610351562,134.1999969482422,-6.169383331103898,41.269841269841265,41.269841269841265,129.10000610351562
2026-08-19,120.73999786376953,132.6300048828125,-14.993991142119015,33.13492063492063,33.13492063492063,120.73999786376953
2026-08-20,122.20999908447266,119.98999786376953,-18.272277227340012,28.57142857142857,28.57142857142857,122.20999908447266
2026-08-21,120.5999984741211,126.58999633789062,-19.860600152921066,26.785714285714285,26.785714285714285,120.5999984741211
2026-08-24,111.16000366210938,115.06999969482422,-25.3776116277728,20.436507936507937,20.436507936507937,111.16000366210938
2026-08-25,115.66999816894531,117.37000274658203,-25.66475033805325,19.642857142857142,19.642857142857142,115.66999816894531
2026-08-26,116.5999984741211,114.69999694824219,-25.242721130615042,21.03174603174603,21.03174603174603,116.5999984741211
2026-08-27,123.05000305175781,123.4000015258789,-23.101814596215736,23.015873015873016,23.015873015873016,123.05000305175781
2026-08-28,111.33999633789062,119.91999816894531,-29.3990571275966,15.079365079365079,15.079365079365079,111.33999633789062
2026-08-31,112.79000091552734,112.41000366210938,-31.647217985068778,13.492063492063492,13.492063492063492,112.79000091552734
2026-09-01,105.91000366210938,106.36000061035156,-36.96885197787342,5.158730158730158,5.158730158730158,105.91000366210938
2026-09-02,106.3499984741211,104.5,-39.020877748854836,3.7698412698412698,3.7698412698412698,106.3499984741211
2026-09-03,106.73999786376953,103.0,-38.74389634731487,4.166666666666666,4.166666666666666,106.73999786376953
2026-09-04,117.27999877929688,111.22000122070312,-30.956095498171415,15.079365079365079,15.079365079365079,117.27999877929688
2026-09-08,123.2699966430664,125.12000274658203,-22.629186229782782,25.396825396825395,25.396825396825395,123.2699966430664
2026-09-09,125.87000274658203,121.23999786376953,-15.848406725311085,34.523809523809526,34.523809523809526,125.87000274658203
2026-09-10,115.76000213623047,116.3499984741211,-19.844947197787153,29.166666666666668,29.166666666666668,115.76000213623047
2026-09-11,121.81999969482422,120.70999908447266,-17.21345980853713,31.944444444444443,31.944444444444443,121.81999969482422
2026-09-14,101.12999725341797,101.52999877929688,-29.53494936956469,15.674603174603174,15.674603174603174,101.12999725341797
2026-09-15,102.31999969482422,104.55000305175781,-34.86968933026072,9.126984126984127,9.126984126984127,102.31999969482422
2026-09-16,103.97000122070312,107.44000244140625,-35.601557651609774,8.134920634920634,8.134920634920634,103.97000122070312
2026-09-17,114.81999969482422,113.33000183105469,-24.4591990266509,22.817460317460316,22.817460317460316,114.81999969482422
2026-09-18,123.66999816894531,117.02999877929688,-6.468451578846776,43.05555555555556,43.05555555555556,123.66999816894531
2026-09-21,141.92998604660207,132.07000115557372,10.434409614906869,58.730158730158735,58.730158730158735,141.92999267578125
2026-09-22,152.04962325023862,137.76026176281758,21.260974709831572,69.44444444444444,69.44444444444444,151.9499969482422
2026-09-23,146.34588908825015,149.98827505036152,23.16677233128204,70.43650793650794,70.43650793650794,146.25
2026-09-24,146.4259433726562,138.56078933808467,24.279643554588358,71.82539682539682,71.82539682539682,146.3300018310547
2026-09-25,151.5492954242959,149.33785498415338,27.367916201164956,75.0,75.0,151.4499969482422
2026-09-28,142.38328983772246,148.2371252832961,22.5379027038022,69.84126984126983,69.84126984126983,142.2899932861328
2026-09-29,147.09637786313309,149.03264651051515,23.207909802527688,70.03968253968253,70.03968253968253,147.0
2026-09-30,147.956941706414,148.04700071326897,24.249267633588186,71.23015873015873,71.23015873015873,147.86000061035156
2026-10-01,153.7907640393532,148.65239737046076,27.17011877369889,74.8015873015873,74.8015873015873,153.69000244140625
2026-10-02,163.8173334692076,165.4984349305005,29.8146671545246,76.78571428571429,76.78571428571429,163.7100067138672
2026-10-05,164.3777006229719,161.7659894241775,31.417903590924524,79.16666666666666,79.16666666666666,164.27000427246094
2026-10-06,164.36769406665468,167.44971341235842,32.229727089287984,80.15873015873017,80.15873015873017,164.25999450683594
2026-10-07,159.01419541918685,153.80077268529956,29.00805847064925,75.39682539682539,75.39682539682539,158.91000366210938
2026-10-08,142.61344967754323,150.57866022189774,16.122026839865303,61.904761904761905,61.904761904761905,142.52000427246094
