date,close,open,without_long,without_long_rank,without_long_partial_rank,raw_close
2022-08-10,23.228445053100586,21.44686007452142,,,,23.285999298095703
2022-08-11,19.48172950744629,23.441916401879222,,,,19.530000686645508
2022-08-12,21.741130828857422,20.234862766787888,,,,21.795000076293945
2022-08-15,22.29475975036621,22.404486578753,,,,22.350000381469727
2022-08-16,21.754098892211914,20.160047107174794,,,,21.808000564575195
2022-08-17,19.92064094543457,20.32962742659673,,,,19.969999313354492
2022-08-18,19.22237205505371,19.441827610460955,,,,19.270000457763672
2022-08-19,16.005342483520508,16.69862438372061,,,,16.045000076293945
2022-08-22,15.129512786865234,15.322035604766436,,,,15.166999816894531
2022-08-23,15.086618423461914,15.401837368124154,,,,15.12399959564209
2022-08-24,15.132505416870117,15.481640726155572,,,,15.170000076293945
2022-08-25,15.056693077087402,15.461689732224373,,,,15.093999862670898
2022-08-26,13.635214805603027,14.075124796497217,,,,13.668999671936035
2022-08-29,13.515511512756348,13.719007769691494,,,,13.548999786376953
2022-08-30,13.695067405700684,14.194828582885936,,,,13.729000091552734
2022-08-31,13.63720989227295,14.144952609542601,,,,13.670999526977539
2022-09-01,13.200292587280273,13.157398647103546,,,,13.232999801635742
2022-09-02,13.147424697875977,13.676114486782637,,,,13.180000305175781
2022-09-06,12.419227600097656,13.057646077979951,,,,12.449999809265137
2022-09-07,13.98534870147705,12.349401774013876,,,,14.020000457763672
2022-09-08,15.451714515686035,13.476608762303814,,,,15.489999771118164
2022-09-09,17.951520919799805,16.948006857363104,,,,17.996000289916992
2022-09-12,18.51312828063965,18.603902962867526,,,,18.55900001525879
2022-09-13,16.03028106689453,16.110083262706098,,,,16.06999969482422
2022-09-14,17.177438735961914,16.648749890170482,,,,17.219999313354492
2022-09-15,16.688650131225586,16.861222884003148,,,,16.729999542236328
2022-09-16,15.551467895507812,15.691121262550721,,,,15.59000015258789
2022-09-19,14.334482192993164,14.56391420686005,,,,14.369999885559082
2022-09-20,13.725990295410156,13.586335984230079,,,,13.760000228881836
2022-09-21,13.576360702514648,14.224754710427863,,,,13.609999656677246
2022-09-22,12.169845581054688,13.805792404263432,,,,12.199999809265137
2022-09-23,11.840662002563477,11.950389784170103,,,,11.869999885559082
2022-09-26,12.000266075134277,12.718486770919734,,,,12.029999732971191
2022-09-27,12.184809684753418,12.76836384286648,,,,12.21500015258789
2022-09-28,13.415759086608887,12.309499945116853,,,,13.449000358581543
2022-09-29,11.847644805908203,12.598783958977581,,,,11.876999855041504
2022-09-30,12.502022743225098,12.279574348427685,,,,12.532999992370605
2022-10-03,12.933952331542969,12.708511089413806,,,,12.965999603271484
2022-10-04,15.441739082336426,13.975373028119185,,,,15.479999542236328
2022-10-05,14.973897933959961,14.81329656772277,,,,15.01099967956543
2022-10-06,15.259191513061523,15.701096424210325,,,,15.29699993133545
2022-10-07,13.08757209777832,14.134977076344594,,,,13.119999885559082
2022-10-10,13.13046646118164,13.386831230036076,,,,13.163000106811523
2022-10-11,14.025249481201172,13.416756558830485,,,,14.0600004196167
2022-10-12,13.960409164428711,13.765891440316842,,,,13.994999885559082
2022-10-13,13.72998046875,11.631180680071722,,,,13.763999938964844
2022-10-14,12.080068588256836,14.454186295737763,,,,12.109999656677246
2022-10-17,13.586336135864258,12.94791764360929,,,,13.619999885559082
2022-10-18,12.778338432312012,14.823270764790804,,,,12.8100004196167
2022-10-19,11.890538215637207,12.369351375361946,,,,11.920000076293945
2022-10-20,11.94240951538086,11.830685876055842,,,,11.972000122070312
2022-10-21,12.698535919189453,11.621205336544833,,,,12.729999542236328
2022-10-24,12.686566352844238,12.98781996938703,,,,12.718000411987305
2022-10-25,15.182382583618164,12.967869259148584,,,,15.220000267028809
2022-10-26,14.80332088470459,15.192356332847627,,,,14.84000015258789
2022-10-27,14.46416187286377,14.933000489594383,,,,14.5
2022-10-28,14.2905912399292,14.115025658123374,,,,14.326000213623047
2022-10-31,12.608758926391602,14.294581451389606,,,,12.640000343322754
2022-11-01,11.780810356140137,13.416756258524861,,,,11.8100004196167
2022-11-02,11.052614212036133,12.020216992800004,,,,11.079999923706055
2022-11-03,9.72590160369873,10.972812065711388,,,,9.75
2022-11-04,10.583775520324707,10.9827874337276,,,,10.609999656677246
2022-11-07,10.005208969116211,10.863083949097488,,,,10.029999732971191
2022-11-08,8.30941104888916,9.05755730864257,,,,8.329999923706055
2022-11-09,7.152278423309326,7.536326594889248,,,,7.170000076293945
2022-11-10,8.359288215637207,8.40916482655387,,,,8.380000114440918
2022-11-11,9.96530818939209,7.481462776057218,,,,9.989999771118164
2022-11-14,8.848076820373535,9.486495340762076,,,,8.869999885559082
2022-11-15,9.387740135192871,9.35681661743543,,,,9.41100025177002
2022-11-16,7.700918674468994,8.718397575317514,,,,7.71999979019165
2022-11-17,7.670993328094482,7.1123774902751205,,,,7.690000057220459
2022-11-18,6.862995147705078,7.6809680885609914,,,,6.880000114440918
2022-11-21,5.935293674468994,6.473958961955048,,,,5.949999809265137
2022-11-22,6.339293003082275,6.124824244801966,,,,6.355000019073486
2022-11-23,6.862995147705078,6.523835357208577,,,,6.880000114440918
2022-11-25,6.563736438751221,6.693415237853255,,,,6.579999923706055
2022-11-28,6.174700736999512,6.384181735114122,,,,6.190000057220459
2022-11-29,6.306374549865723,6.314354674296167,,,,6.322000026702881
2022-11-30,6.867982864379883,6.434057616942273,,,,6.885000228881836
2022-12-01,6.753267288208008,6.912871680924504,,,,6.769999980926514
2022-12-02,7.302905559539795,6.4540085777748395,,,,7.321000099182129
2022-12-05,6.922846794128418,7.411635456468523,,,,6.940000057220459
2022-12-06,6.114849090576172,6.833069315710701,,,,6.130000114440918
2022-12-07,5.875442028045654,5.995145795207922,,,,5.889999866485596
2022-12-08,6.192656517028809,5.895392717660634,,,,6.208000183105469
2022-12-09,5.646010398864746,5.985170195486391,,,,5.659999847412109
2022-12-12,6.114849090576172,5.546257742086495,,,,6.130000114440918
2022-12-13,5.276925086975098,6.773217655508496,,,,5.289999961853027
2022-12-14,5.59014892578125,5.416578731526933,,,,5.604000091552734
2022-12-15,5.137271404266357,5.336776895911054,,,,5.150000095367432
2022-12-16,4.847988128662109,5.00759251951235,,,,4.860000133514404
2022-12-19,4.553717136383057,4.798111476645471,,,,4.565000057220459
2022-12-20,4.519801139831543,4.448976527276862,,,,4.531000137329102
2022-12-21,4.558704853057861,4.568679889483051,,,,4.570000171661377
2022-12-22,4.439001083374023,4.558704850006353,,,,4.449999809265137
2022-12-23,4.607583522796631,4.439001078996773,,,,4.61899995803833
2022-12-27,4.059940814971924,4.4090756646331215,,,,4.070000171661377
2022-12-28,4.035999774932861,4.039990074857295,,,,4.046000003814697
2022-12-29,4.452966690063477,4.249470914528975,,,,4.464000225067139
2022-12-30,4.564690113067627,4.299347291889891,,,,4.576000213623047
2023-01-03,4.229519844055176,4.788136121249792,,,,4.239999771118164
2023-01-04,5.0474934577941895,4.453964291323185,,,,5.059999942779541
2023-01-05,4.1796441078186035,4.429026211084688,,,,4.190000057220459
2023-01-06,4.1058268547058105,4.169668322687407,,,,4.116000175476074
2023-01-09,5.057468891143799,4.458951502343949,,,,5.070000171661377
2023-01-10,6.015096187591553,4.9277901288552775,,,,6.03000020980835
2023-01-11,6.1048736572265625,5.745763777854603,,,,6.119999885559082
2023-01-12,6.932822227478027,6.404132438968722,,,,6.949999809265137
2023-01-13,7.431586265563965,6.603637783503334,,,,7.449999809265137
2023-01-17,8.349312782287598,8.189708386896049,,,,8.369999885559082
2023-01-18,7.421611309051514,8.339337032054022,,,,7.440000057220459
2023-01-19,7.281957149505615,7.252031089698405,,,,7.300000190734863
2023-01-20,8.538843154907227,7.47148716597059,,,,8.5600004196167
2023-01-23,8.715405464172363,8.508916369707594,,,,8.737000465393066
2023-01-24,8.13983154296875,8.339337031508727,,,,8.15999984741211
2023-01-25,7.9602766036987305,7.6809684440695625,,,,7.980000019073486
2023-01-26,8.02012825012207,8.469015837181843,,,,8.039999961853027
2023-01-27,9.89548110961914,7.9203749972100095,,,,9.920000076293945
2023-01-30,8.658546447753906,9.576272612783914,,,,8.680000305175781
2023-01-31,9.167284965515137,8.947829417111926,,,,9.1899995803833
2023-02-01,10.912960052490234,9.267038606941686,,,,10.9399995803833
2023-02-02,14.773395538330078,11.591279513897375,,,,14.8100004196167
2023-02-03,12.91799259185791,12.668610491816958,,,,12.949999809265137
2023-02-06,12.898041725158691,12.50900533055091,,,,12.930000305175781
2023-02-07,12.080068588256836,12.518981617239039,,,,12.109999656677246
2023-02-08,11.591279983520508,11.970340892611265,,,,11.619999885559082
2023-02-09,9.097458839416504,11.331922213732724,,,,9.119999885559082
2023-02-10,8.469016075134277,8.738349205727872,,,,8.489999771118164
2023-02-13,8.359288215637207,8.109906112371123,,,,8.380000114440918
2023-02-14,8.94184398651123,8.22960898713593,,,,8.96399974822998
2023-02-15,11.242145538330078,9.15731102757909,,,,11.270000457763672
2023-02-16,10.314443588256836,10.42417136744271,,,,10.34000015258789
2023-02-17,10.242621421813965,10.16481413689839,,,,10.267999649047852
2023-02-21,9.486495018005371,9.82565481569397,,,,9.510000228881836
2023-02-22,9.277013778686523,9.566296960057782,,,,9.300000190734863
2023-02-23,9.539363861083984,9.905457364044954,,,,9.562999725341797
2023-02-24,8.628620147705078,9.137359852252223,,,,8.649999618530273
2023-02-27,8.7553071975708,8.947830019050235,,,,8.777000427246094
2023-02-28,10.035136222839355,8.85805239465775,,,,10.0600004196167
2023-03-01,10.01518440246582,10.134887687995235,,,,10.039999961853027
2023-03-02,9.775777816772461,9.177260438704232,,,,9.800000190734863
2023-03-03,9.96530818939209,9.306939617309805,,,,9.989999771118164
2023-03-06,9.596222877502441,9.94535819015834,,,,9.619999885559082
2023-03-07,9.366791725158691,9.536371623953775,,,,9.390000343322754
2023-03-08,9.60619831085205,9.13735971089589,,,,9.630000114440918
2023-03-09,8.508916854858398,9.476519654356219,,,,8.529999732971191
2023-03-10,7.431586265563965,8.089954846352688,,,,7.449999809265137
2023-03-13,8.6685209274292,7.690943602808438,,,,8.6899995803833
2023-03-14,9.456568717956543,10.035136061655876,,,,9.479999542236328
2023-03-15,9.85558032989502,9.227137347729439,,,,9.880000114440918
2023-03-16,10.615696907043457,9.7957281003938,,,,10.642000198364258
2023-03-17,12.249648094177246,11.122440924040598,,,,12.279999732971191
2023-03-20,12.309500694274902,12.748412774764063,,,,12.34000015258789
2023-03-21,14.484112739562988,12.558882634448898,,,,14.520000457763672
2023-03-22,12.68856143951416,14.623766105518076,,,,12.720000267028809
2023-03-23,9.985259056091309,8.828126317171265,,,,10.010000228881836
2023-03-24,10.284518241882324,9.516420915808439,,,,10.3100004196167
2023-03-27,9.107434272766113,10.174789340711598,,,,9.130000114440918
2023-03-28,9.187236785888672,9.057557977135742,,,,9.210000038146973
2023-03-29,9.705950736999512,9.765802858725833,,,,9.729999542236328
2023-03-30,9.43661880493164,9.98525962117642,,,,9.460000038146973
2023-03-31,10.164813995361328,9.526396427077538,,,,10.1899995803833
2023-04-03,9.296963691711426,9.865555484293324,,,,9.319999694824219
2023-04-04,9.037607192993164,9.516420340303371,,,,9.0600004196167
2023-04-05,8.678496360778809,9.017656148317641,,,,8.699999809265137
2023-04-06,8.818150520324707,8.349311942529035,,,,8.84000015258789
2023-04-10,9.805704116821289,8.758299104322546,,,,9.829999923706055
2023-04-11,10.713454246520996,10.274542191271095,,,,10.739999771118164
2023-04-12,10.164813995361328,10.87305919866407,,,,10.1899995803833
2023-04-13,10.394246101379395,10.633652691303737,,,,10.420000076293945
2023-04-14,10.613701820373535,10.484023022744902,,,,10.640000343322754
2023-04-17,10.104962348937988,9.97528354864751,,,,10.130000114440918
2023-04-18,10.005208969116211,10.633651936549999,,,,10.029999732971191
2023-04-19,9.386741638183594,9.336865030330392,,,,9.40999984741211
2023-04-20,8.508916854858398,9.077508681015468,,,,8.529999732971191
2023-04-21,8.19968318939209,8.638595238711599,,,,8.220000267028809
2023-04-24,7.301908016204834,8.099930446106692,,,,7.320000171661377
2023-04-25,7.462509632110596,7.36175943485537,,,,7.480999946594238
2023-04-26,7.122352600097656,7.920375505574775,,,,7.139999866485596
2023-04-27,7.182204246520996,7.291932503045167,,,,7.199999809265137
2023-04-28,7.092426776885986,7.0724762287007925,,,,7.110000133514404
2023-05-01,6.374206066131592,6.94279740068795,,,,6.389999866485596
2023-05-02,6.6036376953125,6.394156699557574,,,,6.619999885559082
2023-05-03,6.054997444152832,6.354255673069818,,,,6.070000171661377
2023-05-04,6.194651126861572,6.074947838337335,,,,6.210000038146973
2023-05-05,7.880474090576172,7.082451217229755,,,,7.900000095367432
2023-05-08,7.860523700714111,7.38171006220212,,,,7.880000114440918
2023-05-09,8.25953483581543,7.800672212188887,,,,8.279999732971191
2023-05-10,8.759296417236328,8.58871859305979,,,,8.781000137329102
2023-05-11,8.279485702514648,8.648571087095496,,,,8.300000190734863
2023-05-12,7.651042938232422,8.329362557679538,,,,7.670000076293945
2023-05-15,8.31938648223877,7.790696254374073,,,,8.34000015258789
2023-05-16,7.750795364379883,7.910399750308773,,,,7.769999980926514
2023-05-17,8.369263648986816,7.64106741964701,,,,8.390000343322754
2023-05-18,8.19968318939209,8.219633261429854,,,,8.220000267028809
2023-05-19,7.4814629554748535,8.229609251022339,,,,7.5
2023-05-22,8.349312782287598,7.531339780247292,,,,8.369999885559082
2023-05-23,7.930350303649902,8.319386708089647,,,,7.949999809265137
2023-05-24,7.770746231079102,7.740820645320329,,,,7.789999961853027
2023-05-25,7.4814629554748535,7.81064724941037,,,,7.5
2023-05-26,7.471487522125244,7.4914385468494755,,,,7.489999771118164
2023-05-30,8.314398765563965,8.070004436021932,,,,8.335000038146973
2023-05-31,8.54881763458252,7.940325685015573,,,,8.569999694824219
2023-06-01,8.808175086975098,8.459039790584347,,,,8.829999923706055
2023-06-02,8.997706413269043,9.117409704299053,,,,9.020000457763672
2023-06-05,7.770746231079102,8.758299122973556,,,,7.789999961853027
2023-06-06,6.364231109619141,5.486406030569895,,,,6.380000114440918
2023-06-07,6.6834397315979,6.6335635996657265,,,,6.699999809265137
2023-06-08,6.982698440551758,6.483934266226632,,,,7.0
2023-06-09,6.673464775085449,7.002649057267387,,,,6.690000057220459
2023-06-12,6.164725303649902,6.533811170928466,,,,6.179999828338623
2023-06-13,6.513860702514648,6.394156932256527,,,,6.53000020980835
2023-06-14,6.773217678070068,6.573712191864502,,,,6.789999961853027
2023-06-15,6.823094367980957,6.503885110625955,,,,6.840000152587891
2023-06-16,7.082451343536377,7.062500795129853,,,,7.099999904632568
2023-06-20,7.361759662628174,7.142303149556994,,,,7.380000114440918
2023-06-21,7.561264991760254,7.7308448912874175,,,,7.579999923706055
2023-06-22,7.441561698913574,7.680968280062142,,,,7.460000038146973
2023-06-23,8.19968318939209,7.281957044043235,,,,8.220000267028809
2023-06-26,8.269510269165039,8.119881392022117,,,,8.289999961853027
2023-06-27,9.89548110961914,8.598694090367012,,,,9.920000076293945
2023-06-28,10.065061569213867,9.666049643933828,,,,10.09000015258789
2023-06-29,10.424171447753906,10.344369252946231,,,,10.449999809265137
2023-06-30,10.214690208435059,10.733405413808576,,,,10.239999771118164
2023-07-03,12.040166854858398,10.523924260719344,,,,12.069999694824219
2023-07-05,11.66110610961914,11.301996242499524,,,,11.6899995803833
2023-07-06,11.631180763244629,11.591279666081347,,,,11.65999984741211
2023-07-07,11.710983276367188,11.531428809903188,,,,11.739999771118164
2023-07-10,12.269598960876465,11.790784855631026,,,,12.300000190734863
2023-07-11,14.075124740600586,12.14989566316357,,,,14.109999656677246
2023-07-12,13.32697868347168,14.035223864370293,,,,13.359999656677246
2023-07-13,18.16499137878418,13.14742470910037,,,,18.209999084472656
2023-07-14,17.775955200195312,18.12509050926404,,,,17.81999969482422
2023-07-17,17.82583236694336,17.566474768859813,,,,17.8700008392334
2023-07-18,17.526573181152344,17.516597669122177,,,,17.56999969482422
2023-07-19,18.972990036010742,18.264743904613596,,,,19.020000457763672
2023-07-20,16.658723831176758,18.74355818797176,,,,16.700000762939453
2023-07-21,16.568946838378906,17.00785795138377,,,,16.610000610351562
2023-07-24,16.07018280029297,16.110082946097386,,,,16.110000610351562
2023-07-25,15.760948181152344,16.229786773832405,,,,15.800000190734863
2023-07-26,16.28963851928711,15.67117103215042,,,,16.329999923706055
2023-07-27,14.553938865661621,16.99788409881643,,,,14.59000015258789
2023-07-28,15.002826690673828,15.022777714764493,,,,15.039999961853027
2023-07-31,15.99038028717041,15.192356458017894,,,,16.030000686645508
2023-08-01,14.833247184753418,15.232259115299268,,,,14.869999885559082
2023-08-02,14.005298614501953,14.264656225272798,,,,14.039999961853027
2023-08-03,14.035223960876465,13.606287405634408,,,,14.069999694824219
2023-08-04,13.267127990722656,13.646188899179558,,,,13.300000190734863
2023-08-07,12.947917938232422,13.267127667281946,,,,12.979999542236328
2023-08-08,13.426732063293457,13.127473358351546,,,,13.460000038146973
2023-08-09,12.528956413269043,13.556410340732258,,,,12.5600004196167
2023-08-10,12.329450607299805,12.6087592425667,-13.868116097654063,,,12.359999656677246
2023-08-11,11.79078483581543,12.139920140122578,-22.885596707138912,,,11.819999694824219
2023-08-14,11.740909576416016,11.5713296744514,-26.63476843518005,,,11.770000457763672
2023-08-15,11.38179874420166,11.770835157631229,-30.366179472503667,,,11.40999984741211
2023-08-16,11.351873397827148,12.070094117995772,-31.825777054615838,,,11.380000114440918
2023-08-17,10.583775520324707,11.331921787723308,-35.649854654847324,,,10.609999656677246
2023-08-18,10.104962348937988,9.895481356363703,-37.85295158039793,,,10.130000114440918
2023-08-21,10.503973960876465,10.234641783067955,-35.92160924175947,,,10.529999732971191
2023-08-22,10.404221534729004,10.843133612921749,-35.667488323891924,,,10.430000305175781
2023-08-23,11.012713432312012,10.37429491764276,-30.278865759709063,,,11.039999961853027
2023-08-24,10.154839515686035,11.032664630424925,-32.79428707215633,,,10.180000305175781
2023-08-25,10.274542808532715,10.244617222615316,-32.70219569568834,,,10.300000190734863
2023-08-28,10.164813995361328,10.36432043676723,-33.439386606454775,,,10.1899995803833
2023-08-29,12.409252166748047,10.104962227451352,-14.525607270494948,,,12.4399995803833
2023-08-30,12.169845581054688,12.149895508901384,-5.39939190040691,,,12.199999809265137
2023-08-31,11.301996231079102,12.269599005653467,-8.355708029571565,,,11.329999923706055
2023-09-01,10.912960052490234,11.321947487166936,-13.046764114026784,,,10.9399995803833
2023-09-05,10.843132972717285,10.922935164040618,-14.399479622854328,,,10.869999885559082
2023-09-06,10.952860832214355,10.813207471982796,-13.9651220415896,,,10.979999542236328
2023-09-07,11.710983276367188,10.533900402349243,-5.123722846248774,,,11.739999771118164
2023-09-08,11.79078483581543,11.701007131775468,1.3287386815526259,,,11.819999694824219
2023-09-11,11.471576690673828,11.701007767855037,3.1818175943277094,,,11.5
2023-09-12,11.611230850219727,11.760859728813275,5.891037056937753,,,11.640000343322754
2023-09-13,11.292020797729492,11.701007275543647,3.006906573354851,,,11.319999694824219
2023-09-14,12.010241508483887,11.710982807924688,11.939673639575672,,,12.039999961853027
2023-09-15,11.770834922790527,11.880562700704306,13.296607254416145,,,11.800000190734863
2023-09-18,11.641156196594238,12.119969359313714,11.411872373487592,,,11.670000076293945
2023-09-19,10.902985572814941,11.72095854561966,0.1737653732803803,,,10.930000305175781
2023-09-20,10.583775520324707,10.972811921846162,-9.783141500812805,,,10.609999656677246
2023-09-21,10.104962348937988,10.09498683707322,-20.05223254926318,,,10.130000114440918
2023-09-22,9.386741638183594,10.37429447814488,-31.141630310075108,,,9.40999984741211
2023-09-25,9.526395797729492,9.19721152300096,-33.257496438099174,,,9.550000190734863
2023-09-26,9.296963691711426,9.496470117918207,-37.00170279207941,,,9.319999694824219
2023-09-27,9.506444931030273,9.69597585070449,-35.51921772685848,,,9.529999732971191
2023-09-28,10.214690208435059,9.606198249501213,-26.224904613836607,,,10.239999771118164
2023-09-29,10.194740295410156,10.503973560030925,-20.98437357012786,,,10.220000267028809
2023-10-02,10.244616508483887,10.893009548960293,-17.4088044438033,,,10.270000457763672
2023-10-03,9.636123657226562,9.975283446622473,-22.694379560842254,,,9.65999984741211
2023-10-04,9.85558032989502,9.80570372153575,-22.267410643250155,,,9.880000114440918
2023-10-05,10.08501148223877,9.92540709518601,-19.152768229986897,,,10.109999656677246
2023-10-06,10.853108406066895,9.596222474827512,-6.120816862472061,,,10.880000114440918
2023-10-09,10.99276351928711,10.474048290188371,2.483126692558369,,,11.020000457763672
2023-10-10,11.092514991760254,10.922935098388145,8.40872673235717,,,11.119999885559082
2023-10-11,10.623677253723145,11.042639264700355,5.347080711412969,,,10.649999618530273
2023-10-12,10.1348876953125,10.543874158995903,-3.4461710741887823,,,10.15999984741211
2023-10-13,9.805704116821289,10.164813999113479,-12.29007322582066,,,9.829999923706055
2023-10-16,10.154839515686035,10.583776084983224,-11.907259089523535,,,10.180000305175781
2023-10-17,10.593750953674316,9.995234514982561,-2.4065237674726516,,,10.619999885559082
2023-10-18,9.85558032989502,10.503973384614001,-9.581407851415992,,,9.880000114440918
2023-10-19,9.705950736999512,9.925407248239756,-15.279142291718545,,,9.729999542236328
2023-10-20,10.005208969116211,9.975283385329028,-13.16498808190833,,,10.029999732971191
2023-10-23,10.513949394226074,10.204715168814767,-2.119636898534206,,,10.539999961853027
2023-10-24,11.51147747039795,11.80076066262695,8.078858948076611,,,11.539999961853027
2023-10-25,10.613701820373535,11.840661215039818,3.869878964359742,,,10.640000343322754
2023-10-26,9.91543197631836,10.424171693708734,-8.298700833550319,,,9.9399995803833
2023-10-27,9.177260398864746,10.25459091365703,-21.307510856803084,,,9.199999809265137
2023-10-30,9.73587703704834,9.396717241910444,-21.640950591193636,,,9.760000228881836
2023-10-31,10.414196014404297,9.705950816637188,-13.210564605386462,,,10.4399995803833
2023-11-01,10.533900260925293,10.454097114180538,-6.8141663807687545,,,10.5600004196167
2023-11-02,11.91048812866211,11.321947198884732,8.749553497853121,,,11.9399995803833
2023-11-03,12.159870147705078,11.780810212494359,18.84448650520891,,,12.1899995803833
2023-11-06,12.289548873901367,12.399277600407947,24.916615953885156,,,12.319999694824219
2023-11-07,12.85814094543457,12.209746938498084,32.00202075275806,,,12.890000343322754
2023-11-08,12.698535919189453,12.798289138489482,34.463312751923816,,,12.729999542236328
2023-11-09,13.666138648986816,13.676114161127215,32.83194478364758,,,13.699999809265137
2023-11-10,13.676114082336426,13.93547168858937,32.000705816264855,,,13.710000038146973
2023-11-13,13.61626148223877,13.346929324693164,31.031266556074012,,,13.649999618530273
2023-11-14,13.49655818939209,14.075124551153777,29.60153326448432,,,13.529999732971191
2023-11-15,14.823271751403809,13.91552105533536,34.92271832902228,,,14.859999656677246
2023-11-16,14.543963432312012,14.653691209585833,36.13086093987461,,,14.579999923706055
2023-11-17,15.012802124023438,14.58386462149451,38.80839134303522,,,15.050000190734863
2023-11-20,16.5988712310791,15.401837394425078,41.09453171694499,,,16.639999389648438
2023-11-21,16.469194412231445,16.020305863003106,41.84883415692488,,,16.510000228881836
2023-11-22,17.317092895507812,16.58889574851116,42.499275648394615,,,17.360000610351562
2023-11-24,18.803409576416016,17.1076106385447,42.92596995443382,,,18.850000381469727
2023-11-27,19.870765686035156,17.985437630080614,43.11966248432895,,,19.920000076293945
2023-11-28,21.965576171875,20.429381498325544,43.59839933332272,,,22.020000457763672
2023-11-29,21.875797271728516,21.935648440679834,42.78048538880271,,,21.93000030517578
2023-11-30,21.00794792175293,21.25733002591355,40.27113197456809,,,21.059999465942383
2023-12-01,23.292287826538086,21.46681098503316,42.01411835906452,,,23.350000381469727
2023-12-04,25.227493286132812,25.915786488686805,41.37338012159248,,,25.290000915527344
2023-12-05,24.978111267089844,24.888333561690423,39.905604725941416,,,25.040000915527344
2023-12-06,23.48181915283203,25.57662724427981,35.86893512225763,,,23.540000915527344
2023-12-07,23.890806198120117,22.526187301794593,34.272231981767725,,,23.950000762939453
2023-12-08,26.634008407592773,23.850903324521383,37.9669833730813,,,26.700000762939453
2023-12-11,24.29979133605957,25.407046516291633,34.392946400066975,,,24.360000610351562
2023-12-12,24.66887664794922,24.728729721294233,33.42589232999743,,,24.729999542236328
2023-12-13,27.531784057617188,24.688827753912502,37.32183425406057,,,27.600000381469727
2023-12-14,28.40960693359375,28.18017586986953,39.15306398579542,,,28.479999542236328
2023-12-15,26.813562393188477,27.90086849484413,36.30081344935754,,,26.8799991607666
2023-12-18,28.240028381347656,26.045467049915676,37.574429517139876,,,28.309999465942383
2023-12-19,30.414640426635742,28.89839681501736,39.1511928193917,,,30.489999771118164
2023-12-20,30.584218978881836,31.52189615816958,37.64493002165998,,,30.65999984741211
2023-12-21,32.339866638183594,32.31991942021619,39.05865633408992,,,32.41999816894531
2023-12-22,34.484554290771484,32.948359739190636,39.88445718502148,,,34.56999969482422
2023-12-26,33.51695251464844,34.285049834623024,38.429007075736244,,,33.599998474121094
2023-12-27,37.317535400390625,34.783812479545084,40.141570790037065,,,37.40999984741211
2023-12-28,37.58686828613281,35.541935943086,41.256121465442334,,,37.68000030517578
2023-12-29,33.85611343383789,37.5768940089655,34.21939208695504,,,33.939998626708984
2024-01-02,28.88842010498047,33.93591492626943,18.631777680779447,,,28.959999084472656
2024-01-03,27.60161018371582,25.85593552927714,4.571010479881122,,,27.670000076293945
2024-01-04,28.46946144104004,27.70136411662967,0.2878017526219569,,,28.540000915527344
2024-01-05,28.07044792175293,27.761214657600554,-3.210916091157532,,,28.139999389648438
2024-01-08,29.50688934326172,28.96822500854579,-0.5408556159275221,,,29.579999923706055
2024-01-09,27.47193145751953,29.646541645308012,-8.915275838518017,,,27.540000915527344
2024-01-10,27.27242660522461,26.59410698887737,-14.215883575713775,,,27.34000015258789
2024-01-11,24.499296188354492,29.307382618284134,-25.876714134719858,,,24.559999465942383
2024-01-12,21.746118545532227,23.51174428531391,-34.4652949898699,,,21.799999237060547
2024-01-16,22.574066162109375,21.32715570037338,-35.923173274376765,,,22.6299991607666
2024-01-17,22.494264602661133,21.55658927890417,-36.78946035691497,,,22.549999237060547
2024-01-18,20.130123138427734,22.354610983075652,-40.72004040412462,,,20.18000030517578
2024-01-19,20.189973831176758,19.97051827634803,-40.91335596113554,,,20.239999771118164
2024-01-22,21.2573299407959,20.03037044987086,-38.63806666837303,,,21.309999465942383
2024-01-23,19.94059181213379,19.362025435839918,-39.54170920749846,,,19.989999771118164
2024-01-24,19.072742462158203,20.95807039260646,-41.734449806428046,,,19.1200008392334
2024-01-25,18.923112869262695,19.28222369842811,-42.700880235946975,,,18.969999313354492
2024-01-26,20.239850997924805,20.978021743617983,-40.07395250195623,,,20.290000915527344
2024-01-29,22.673818588256836,20.698712942430628,-31.592665333051784,,,22.729999542236328
2024-01-30,21.965576171875,23.801028609101497,-29.264735897476907,,,22.020000457763672
2024-01-31,21.09772491455078,21.33713149809369,-29.824862801877188,,,21.149999618530273
2024-02-01,21.277280807495117,21.1476029519741,-27.873193372642273,,,21.329999923706055
2024-02-02,21.387008666992188,20.52913366470428,-26.071753349143684,,,21.440000534057617
2024-02-05,17.46672248840332,21.137627299799178,-34.672747322420314,,,17.510000228881836
2024-02-06,18.214868545532227,17.77595552322312,-36.52702113260155,,,18.260000228881836
2024-02-07,18.863262176513672,18.135066890154466,-34.94509003078706,,,18.90999984741211
2024-02-08,22.115203857421875,20.648837850510287,-21.803398062590606,,,22.170000076293945
2024-02-09,25.31726837158203,25.077861798869865,-3.4810081506298447,,51.587301587301596,25.3799991607666
2024-02-12,27.102846145629883,24.87835831609947,13.345606421146933,,68.50393700787401,27.170000076293945
2024-02-13,24.55914878845215,23.691298287701454,15.250350667465845,,68.75,24.6200008392334
2024-02-14,31.462045669555664,28.429558514720934,25.557529508164624,,71.31782945736434,31.540000915527344
2024-02-15,33.48702621459961,34.91349205140717,28.382178843913096,,71.53846153846153,33.56999969482422
2024-02-16,39.3425178527832,42.89372024785087,29.84024668775004,,72.51908396946564,39.439998626708984
2024-02-20,36.260154724121094,39.38241958741465,26.41397307824058,,70.45454545454545,36.349998474121094
2024-02-21,31.661550521850586,32.230143296106164,18.98985416841832,,68.42105263157895,31.739999771118164
2024-02-22,35.05314636230469,32.89848523228211,18.555996397596623,,66.4179104477612,35.13999938964844
2024-02-23,33.02816390991211,33.52692807936347,15.883525305008565,,65.92592592592592,33.11000061035156
2024-02-26,43.99100112915039,34.13542322961454,26.074746926944137,,70.58823529411765,44.099998474121094
2024-02-27,46.38999938964844,49.130001068115234,29.223583868092707,,72.26277372262774,46.38999938964844
2024-02-28,47.02000045776367,51.0,30.656494615309292,,73.91304347826086,47.02000045776367
2024-02-29,48.31999969482422,49.900001525878906,32.54210873534852,,76.2589928057554,48.31999969482422
2024-03-01,49.400001525878906,47.63999938964844,34.2862802291238,,79.28571428571428,49.400001525878906
2024-03-04,60.54999923706055,55.0,36.662095865240886,,83.68794326241135,60.54999923706055
2024-03-05,53.970001220703125,61.150001525878906,31.634307324728706,,73.23943661971832,53.970001220703125
2024-03-06,64.80000305175781,60.220001220703125,35.47974121265079,,81.11888111888112,64.80000305175781
2024-03-07,66.81999969482422,65.62000274658203,38.31948853664879,,86.80555555555556,66.81999969482422
2024-03-08,74.5999984741211,69.12000274658203,37.4589364959737,,84.13793103448276,74.5999984741211
2024-03-11,73.4000015258789,82.26499938964844,35.895453982127556,,80.82191780821918,73.4000015258789
2024-03-12,74.16000366210938,75.0,35.42098935751562,,78.91156462585033,74.16000366210938
2024-03-13,71.77999877929688,72.08000183105469,33.16665199018038,,73.64864864864865,71.77999877929688
2024-03-14,61.31999969482422,67.87000274658203,23.635414050061556,,63.08724832214765,61.31999969482422
2024-03-15,65.63999938964844,56.04999923706055,20.473960702785273,,62.66666666666667,65.63999938964844
2024-03-18,64.19000244140625,63.63999938964844,17.694910633086554,,59.60264900662252,64.19000244140625
2024-03-19,58.95000076293945,55.79999923706055,12.548496243704177,,56.57894736842105,58.95000076293945
2024-03-20,72.75,59.36000061035156,18.338315489954855,,60.130718954248366,72.75
2024-03-21,75.33999633789062,74.9000015258789,22.79366326433489,,63.63636363636363,75.33999633789062
2024-03-22,71.98999786376953,70.69999694824219,22.6310561685105,,63.2258064516129,71.98999786376953
2024-03-25,85.16999816894531,75.19999694824219,28.73117773689222,,67.94871794871796,85.16999816894531
2024-03-26,77.76000213623047,85.88999938964844,25.662798975785055,,65.60509554140127,77.76000213623047
2024-03-27,72.0,82.80000305175781,19.671495649661228,,61.39240506329114,72.0
2024-03-28,76.69999694824219,73.94999694824219,19.610208349082217,,61.0062893081761,76.69999694824219
2024-04-01,69.19000244140625,74.95999908447266,13.845457077092732,,55.625,69.19000244140625
2024-04-02,65.62999725341797,61.599998474121094,4.638806453788622,,49.06832298136646,65.62999725341797
2024-04-03,68.5999984741211,64.9000015258789,2.9469677534318284,,46.2962962962963,68.5999984741211
2024-04-04,67.5199966430664,73.20999908447266,0.6141826960819713,,44.785276073619634,67.5199966430664
2024-04-05,62.65999984741211,64.56999969482422,-7.246884386927109,,37.19512195121951,62.65999984741211
2024-04-08,70.91000366210938,68.95999908447266,-1.2610642827327834,,43.03030303030303,70.91000366210938
2024-04-09,63.5,68.79000091552734,-7.383909772317554,,36.74698795180723,63.5
2024-04-10,67.30999755859375,60.619998931884766,-5.4901129091405,,38.92215568862276,67.30999755859375
2024-04-11,73.70999908447266,67.88999938964844,2.0137142236847003,,47.023809523809526,73.70999908447266
2024-04-12,64.5,71.0999984741211,-4.862875092694969,,40.23668639053255,64.5
2024-04-15,52.5099983215332,65.0999984741211,-21.103671220089794,,24.11764705882353,52.5099983215332
2024-04-16,50.31999969482422,52.04999923706055,-26.907510982737932,,18.128654970760234,50.31999969482422
2024-04-17,47.900001525878906,51.83000183105469,-31.796032101178547,,13.953488372093023,47.900001525878906
2024-04-18,49.939998626708984,48.65999984741211,-32.27864426550377,,13.294797687861271,49.939998626708984
2024-04-19,46.439998626708984,52.400001525878906,-35.39519371552386,,9.195402298850574,46.439998626708984
2024-04-22,53.06999969482422,49.0,-30.51958534601927,,16.57142857142857,53.06999969482422
2024-04-23,57.849998474121094,52.099998474121094,-23.606162942571448,,22.727272727272727,57.849998474121094
2024-04-24,52.189998626708984,58.20000076293945,-24.84986643559478,,22.598870056497177,52.189998626708984
2024-04-25,51.68000030517578,48.0,-25.610486201335476,,22.47191011235955,51.68000030517578
2024-04-26,57.5,50.439998626708984,-19.098227147554585,,29.608938547486037,57.5
2024-04-29,48.779998779296875,54.369998931884766,-25.397273255176717,,22.77777777777778,48.779998779296875
2024-04-30,42.38999938964844,47.13999938964844,-33.036368667998424,,12.154696132596685,42.38999938964844
2024-05-01,44.790000915527344,40.380001068115234,-33.21318260142215,,12.087912087912088,44.790000915527344
2024-05-02,53.029998779296875,47.52000045776367,-23.96213451840124,,24.59016393442623,53.029998779296875
2024-05-03,50.310001373291016,53.65999984741211,-21.697286957278386,,27.717391304347828,50.310001373291016
2024-05-06,51.90999984741211,51.54999923706055,-18.63007148526602,,31.891891891891895,51.90999984741211
2024-05-07,46.130001068115234,51.83000183105469,-24.12541003225153,,24.193548387096776,46.130001068115234
2024-05-08,44.790000915527344,43.91999816894531,-28.271255940452374,,19.25133689839572,44.790000915527344
2024-05-09,44.52000045776367,44.33000183105469,-30.82656034260976,,16.48936170212766,44.52000045776367
2024-05-10,40.34000015258789,46.04999923706055,-36.27508116035321,,5.82010582010582,40.34000015258789
2024-05-13,39.779998779296875,41.5,-38.915896168902314,,3.1578947368421053,39.779998779296875
2024-05-14,41.150001525878906,38.13999938964844,-36.677827215291295,,5.7591623036649215,41.150001525878906
2024-05-15,47.849998474121094,44.84000015258789,-23.692241542097303,,27.083333333333332,47.849998474121094
2024-05-16,38.91999816894531,45.88999938964844,-31.016676921565793,,17.616580310880828,38.91999816894531
2024-05-17,42.150001525878906,41.20000076293945,-29.219841309662016,,21.1340206185567,42.150001525878906
2024-05-20,49.33000183105469,42.34000015258789,-15.973059289150187,,35.8974358974359,49.33000183105469
2024-05-21,49.439998626708984,52.029998779296875,-8.572635072256197,,43.36734693877551,49.439998626708984
2024-05-22,51.90999984741211,49.09000015258789,-0.2177601663560169,,52.28426395939086,51.90999984741211
2024-05-23,46.33000183105469,53.040000915527344,-5.128593191642298,,47.474747474747474,46.33000183105469
2024-05-24,54.18000030517578,47.11000061035156,6.564721307220123,,59.798994974874375,54.18000030517578
2024-05-28,57.5,53.209999084472656,16.786952949915754,,65.5,57.5
2024-05-29,53.65999984741211,54.54999923706055,15.894526444446836,,65.17412935323384,53.65999984741211
2024-05-30,52.70000076293945,55.54999923706055,13.160746802377673,,62.37623762376238,52.70000076293945
2024-05-31,48.79999923706055,54.66999816894531,4.51922677305956,,56.65024630541872,48.79999923706055
2024-06-03,51.0,51.650001525878906,4.506144599403252,,56.372549019607845,51.0
2024-06-04,56.45000076293945,50.779998779296875,13.467522113785076,,63.90243902439025,56.45000076293945
2024-06-05,59.849998474121094,57.900001525878906,21.624812455495483,,70.87378640776699,59.849998474121094
2024-06-06,62.45000076293945,59.26499938964844,23.520844169228987,,71.98067632850241,62.45000076293945
2024-06-07,56.16999816894531,62.150001525878906,17.041001991932088,,65.86538461538461,56.16999816894531
2024-06-10,58.720001220703125,54.880001068115234,16.676962076566326,,65.07177033492823,58.720001220703125
2024-06-11,56.040000915527344,55.02000045776367,12.672621270981823,,60.952380952380956,56.040000915527344
2024-06-12,60.97999954223633,59.50199890136719,16.905647165410905,,65.87677725118483,60.97999954223633
2024-06-13,57.529998779296875,60.310001373291016,14.376322311496798,,63.20754716981132,57.529998779296875
2024-06-14,55.97999954223633,56.650001525878906,10.354202522003758,,58.68544600938967,55.97999954223633
2024-06-17,56.06999969482422,53.869998931884766,8.171179863815548,,57.476635514018696,56.06999969482422
2024-06-18,51.9900016784668,53.0,-0.7651116618097639,,47.906976744186046,51.9900016784668
2024-06-20,51.459999084472656,52.70000076293945,-9.928459672623296,,37.96296296296296,51.459999084472656
2024-06-21,47.47999954223633,47.849998474121094,-21.589471745526247,,28.57142857142857,47.47999954223633
2024-06-24,41.72999954223633,43.7400016784668,-30.92559629717292,,16.055045871559635,41.72999954223633
2024-06-25,45.54999923706055,43.61000061035156,-29.86786334526298,,18.2648401826484,45.54999923706055
2024-06-26,42.459999084472656,44.869998931884766,-33.35759241038219,,10.909090909090908,42.459999084472656
2024-06-27,46.20000076293945,43.75,-28.993783873003288,,20.361990950226243,46.20000076293945
2024-06-28,45.470001220703125,46.11000061035156,-27.8504867167576,,21.62162162162162,45.470001220703125
2024-07-01,49.939998626708984,46.91999816894531,-20.380637247571958,,31.838565022421523,49.939998626708984
2024-07-02,47.4900016784668,49.09000015258789,-19.740517691875645,,32.589285714285715,47.4900016784668
2024-07-03,46.41999816894531,45.88999938964844,-20.903539278854062,,31.555555555555554,46.41999816894531
2024-07-05,45.63999938964844,41.29999923706055,-22.885632966169144,,26.991150442477874,45.63999938964844
2024-07-08,44.380001068115234,46.720001220703125,-26.34476341638917,,22.46696035242291,44.380001068115234
2024-07-09,44.08000183105469,45.65999984741211,-28.608838023824617,,20.175438596491226,44.08000183105469
2024-07-10,44.0099983215332,44.79999923706055,-29.836298837717568,,18.340611353711793,44.0099983215332
2024-07-11,41.88999938964844,45.83000183105469,-33.711354308146014,,10.0,41.88999938964844
2024-07-12,43.189998626708984,42.349998474121094,-33.50790837472571,,10.38961038961039,43.189998626708984
2024-07-15,53.08000183105469,47.86000061035156,-13.29153458943408,,39.6551724137931,53.08000183105469
2024-07-16,56.86000061035156,53.2599983215332,7.170285316474155,,60.08583690987125,56.86000061035156
2024-07-17,55.84000015258789,54.279998779296875,15.860132661844533,,67.09401709401709,55.84000015258789
2024-07-18,48.709999084472656,56.75,5.596153488561543,,58.723404255319146,48.709999084472656
2024-07-19,58.86000061035156,49.459999084472656,18.22906373429016,,70.33898305084746,58.86000061035156
2024-07-22,62.13999938964844,60.029998779296875,25.994259298332718,,77.21518987341773,62.13999938964844
2024-07-23,58.619998931884766,61.29999923706055,22.613580751066852,,73.94957983193278,58.619998931884766
2024-07-24,52.9900016784668,60.04999923706055,12.50279982228081,,62.34309623430963,52.9900016784668
2024-07-25,47.0,50.55099868774414,-2.6763962555621355,,48.75,47.0
2024-07-26,51.65999984741211,51.790000915527344,-3.0713330436493735,,48.54771784232365,51.65999984741211
2024-07-29,47.869998931884766,55.16999816894531,-9.454254447499661,,41.735537190082646,47.869998931884766
2024-07-30,43.83000183105469,48.33000183105469,-19.4811246612731,,33.33333333333333,43.83000183105469
2024-07-31,43.779998779296875,47.13999938964844,-24.67537584333293,,25.40983606557377,43.779998779296875
2024-08-01,39.15999984741211,44.709999084472656,-31.616171905658554,,14.285714285714285,39.15999984741211
2024-08-02,36.06999969482422,39.380001068115234,-36.38001182319457,,5.284552845528456,36.06999969482422
2024-08-05,30.719999313354492,21.700000762939453,-36.32901990038634,,5.668016194331984,30.719999313354492
2024-08-06,32.119998931884766,31.559999465942383,-35.09614597122794,,8.870967741935484,32.119998931884766
2024-08-07,27.170000076293945,33.06999969482422,-37.48609874160016,,3.614457831325301,27.170000076293945
2024-08-08,31.25,29.200000762939453,-35.3537851063317,,9.2,31.25
2024-08-09,32.459999084472656,30.899999618530273,-32.936103460864615,,13.94422310756972,32.459999084472656
2024-08-12,30.979999542236328,31.829999923706055,-32.84700712696373,,14.285714285714285,30.979999542236328
2024-08-13,32.869998931884766,31.440000534057617,-30.333108145770748,,19.76284584980237,32.869998931884766
2024-08-14,32.209999084472656,33.880001068115234,-30.08984321337746,,20.47244094488189,32.209999084472656
2024-08-15,32.63999938964844,33.0,-28.97963683868965,,23.137254901960784,32.63999938964844
2024-08-16,35.220001220703125,33.08000183105469,-24.394797747632722,,28.90625,35.220001220703125
2024-08-19,34.93000030517578,34.65999984741211,-22.63713503145198,,31.906614785992215,34.93000030517578
2024-08-20,32.5099983215332,36.400001525878906,-24.739195221001314,,28.294573643410853,32.5099983215332
2024-08-21,35.369998931884766,32.349998474121094,-20.22282022446416,,36.293436293436294,35.369998931884766
2024-08-22,32.7400016784668,34.93000030517578,-21.39118673430375,,34.23076923076923,32.7400016784668
2024-08-23,36.91999816894531,33.5,-14.487806441973763,,40.61302681992337,36.91999816894531
2024-08-26,34.38999938964844,36.220001220703125,-14.42798276124381,,40.839694656488554,34.38999938964844
2024-08-27,32.41999816894531,33.529998779296875,-16.35025858618499,,39.163498098859314,32.41999816894531
2024-08-28,29.799999237060547,31.420000076293945,-20.96417555183343,,35.22727272727273,29.799999237060547
2024-08-29,29.15999984741211,30.950000762939453,-23.77231930826424,,29.433962264150942,29.15999984741211
2024-08-30,27.520000457763672,29.329999923706055,-26.283236739054853,,25.18796992481203,27.520000457763672
2024-09-03,23.34000015258789,27.190000534057617,-32.61805228009773,,14.606741573033707,23.34000015258789
2024-09-04,21.68000030517578,22.639999389648438,-38.43501607771042,,2.9850746268656714,21.68000030517578
2024-09-05,20.729999542236328,21.209999084472656,-41.6936703556517,,0.7434944237918215,20.729999542236328
2024-09-06,17.489999771118164,21.600000381469727,-43.66659253186125,,0.0,17.489999771118164
2024-09-09,19.309999465942383,18.440000534057617,-42.58953335106312,,0.7380073800738007,19.309999465942383
2024-09-10,20.219999313354492,19.31999969482422,-40.83742157686778,,2.2058823529411766,20.219999313354492
2024-09-11,19.8700008392334,18.8700008392334,-40.2790138003245,,2.93040293040293,19.8700008392334
2024-09-12,21.239999771118164,20.219999313354492,-37.63717826762567,,5.474452554744526,21.239999771118164
2024-09-13,21.25,21.139999389648438,-36.133729423581876,,8.727272727272728,21.25
2024-09-16,20.829999923706055,20.06999969482422,-36.09425277555774,,9.057971014492754,20.829999923706055
2024-09-17,21.100000381469727,21.600000381469727,-35.33564286322136,,11.913357400722022,21.100000381469727
2024-09-18,21.100000381469727,20.75,-34.8604730712171,,12.949640287769784,21.100000381469727
2024-09-19,22.559999465942383,23.649999618530273,-30.630928135194086,,21.50537634408602,22.559999465942383
2024-09-20,23.010000228881836,22.75,-27.35263814747314,,27.500000000000004,23.010000228881836
2024-09-23,23.059999465942383,23.350000381469727,-25.38002998430382,,30.96085409252669,23.059999465942383
2024-09-24,23.420000076293945,23.1200008392334,-22.78560822131606,,35.1063829787234,23.420000076293945
2024-09-25,22.18000030517578,23.0,-24.166796899761202,,32.50883392226148,22.18000030517578
2024-09-26,25.56999969482422,23.09000015258789,-11.635880314064034,,48.943661971830984,25.56999969482422
2024-09-27,28.75,26.31999969482422,4.605034947915161,,63.50877192982456,28.75
2024-09-30,24.84000015258789,26.700000762939453,3.9771316065016458,,62.23776223776224,24.84000015258789
2024-10-01,21.149999618530273,24.920000076293945,-8.62122565014344,,50.522648083623686,21.149999618530273
2024-10-02,20.979999542236328,20.604999542236328,-15.547732111395629,,43.40277777777778,20.979999542236328
2024-10-03,20.639999389648438,20.56999969482422,-20.25475113940069,,39.792387543252595,20.639999389648438
2024-10-04,22.530000686645508,21.850000381469727,-15.082286226853462,,44.13793103448276,22.530000686645508
2024-10-07,22.0,22.780000686645508,-15.044062289849824,,44.329896907216494,22.0
2024-10-08,21.700000762939453,21.329999923706055,-16.344766103716687,,42.80821917808219,21.700000762939453
2024-10-09,21.510000228881836,21.6299991607666,-17.972981499365424,,41.979522184300336,21.510000228881836
2024-10-10,20.780000686645508,21.280000686645508,-24.337925111523116,,31.292517006802722,20.780000686645508
2024-10-11,23.799999237060547,21.18000030517578,-14.1462057004052,,46.779661016949156,23.799999237060547
2024-10-14,29.200000762939453,25.200000762939453,8.851533381960348,,68.24324324324324,29.200000762939453
2024-10-15,29.170000076293945,28.899999618530273,16.263900019697015,,73.73737373737373,29.170000076293945
2024-10-16,33.33000183105469,31.34000015258789,25.6958928601533,,81.54362416107382,33.33000183105469
2024-10-17,31.31999969482422,32.849998474121094,26.001751929514455,,81.93979933110369,31.31999969482422
2024-10-18,36.220001220703125,32.68000030517578,31.877506719579767,,85.33333333333334,36.220001220703125
2024-10-21,34.119998931884766,34.66999816894531,30.864009846141666,,84.38538205980066,34.119998931884766
2024-10-22,33.099998474121094,32.81999969482422,28.192730580356525,,82.11920529801324,33.099998474121094
2024-10-23,29.489999771118164,31.68000030517578,18.931208917452924,,75.9075907590759,29.489999771118164
2024-10-24,32.369998931884766,31.799999237060547,19.693558859925677,,76.97368421052632,32.369998931884766
2024-10-25,31.059999465942383,32.13999938964844,17.247890654123285,,73.44262295081967,31.059999465942383
2024-10-28,34.439998626708984,33.689998626708984,22.52684893462461,,77.77777777777779,34.439998626708984
2024-10-29,35.5,35.970001220703125,26.452197765276154,,82.08469055374593,35.5
2024-10-30,33.0099983215332,33.40999984741211,23.103363006058334,,78.57142857142857,33.0099983215332
2024-10-31,22.81999969482422,30.520000457763672,-2.6685750683593934,,55.33980582524271,22.81999969482422
2024-11-01,23.770000457763672,23.020000457763672,-13.714518481038127,,45.483870967741936,23.770000457763672
2024-11-04,24.59000015258789,22.93000030517578,-16.60975571704579,,40.51446945337621,24.59000015258789
2024-11-05,26.68000030517578,24.420000076293945,-13.307934875440955,,45.83333333333333,26.68000030517578
2024-11-06,43.099998474121094,34.099998474121094,10.088177816755518,,66.13418530351439,43.099998474121094
2024-11-07,43.4900016784668,40.119998931884766,21.665263996123414,,77.38853503184714,43.4900016784668
2024-11-08,48.619998931884766,44.2400016784668,29.309803063872202,,83.80952380952381,48.619998931884766
2024-11-11,67.80999755859375,59.25,34.05256164384782,,87.9746835443038,67.80999755859375
2024-11-12,65.62000274658203,61.86000061035156,35.07013896070533,,89.90536277602523,65.62000274658203
2024-11-13,51.47999954223633,68.16999816894531,25.230032064936402,,79.24528301886792,51.47999954223633
2024-11-14,49.33000183105469,53.84000015258789,18.17043489868888,,72.41379310344827,49.33000183105469
2024-11-15,59.099998474121094,50.5,20.934160057145114,,75.9375,59.099998474121094
2024-11-18,66.33999633789062,57.45000076293945,26.673134609148242,,81.93146417445483,66.33999633789062
2024-11-19,65.88999938964844,64.70999908447266,29.343290325468256,,83.54037267080744,65.88999938964844
2024-11-20,63.9900016784668,69.06999969482422,28.872731964784005,,82.6625386996904,63.9900016784668
2024-11-21,54.060001373291016,68.01000213623047,21.124714576556215,,75.30864197530865,54.060001373291016
2024-11-22,57.34000015258789,53.93000030517578,19.48035387634158,,73.53846153846155,57.34000015258789
2024-11-25,60.150001525878906,59.27000045776367,20.45104937098283,,74.5398773006135,60.150001525878906
2024-11-26,52.959999084472656,55.06999969482422,15.125674402320977,,67.2782874617737,52.959999084472656
2024-11-27,59.13999938964844,56.11000061035156,16.951950758224587,,69.8170731707317,59.13999938964844
2024-11-29,53.380001068115234,59.38999938964844,13.213933930992422,,65.34954407294833,53.380001068115234
2024-12-02,55.61000061035156,55.7599983215332,13.15037430588272,,64.84848484848484,55.61000061035156
2024-12-03,58.15999984741211,53.72999954223633,15.109989439697818,,67.06948640483384,58.15999984741211
2024-12-04,66.47000122070312,59.099998474121094,22.262574756817553,,76.50602409638554,66.47000122070312
2024-12-05,62.06999969482422,71.44000244140625,20.274646814809756,,74.47447447447448,62.06999969482422
2024-12-06,70.87999725341797,65.19999694824219,26.608202348988456,,81.73652694610777,70.87999725341797
2024-12-09,57.22999954223633,69.56999969482422,13.624200311891075,,65.67164179104478,57.22999954223633
2024-12-10,54.34000015258789,60.20500183105469,0.761433531528236,,54.761904761904766,54.34000015258789
2024-12-11,58.27000045776367,57.68000030517578,-1.0321319371343942,,52.818991097922854,58.27000045776367
2024-12-12,57.959999084472656,59.779998779296875,-2.3677508788964805,,52.071005917159766,57.959999084472656
2024-12-13,57.060001373291016,58.7400016784668,-4.374110377152122,,49.852507374631266,57.060001373291016
2024-12-16,58.709999084472656,59.34000015258789,-3.1650347825066754,,50.882352941176464,58.709999084472656
2024-12-17,57.20000076293945,60.0,-7.352260747486319,,47.214076246334315,57.20000076293945
2024-12-18,45.630001068115234,55.689998626708984,-19.633990812543605,,35.08771929824561,45.630001068115234
2024-12-19,43.58000183105469,49.16999816894531,-27.11234757439232,,22.740524781341108,43.58000183105469
2024-12-20,45.02000045776367,40.79999923706055,-27.27799928593645,,22.674418604651162,45.02000045776367
2024-12-23,41.59000015258789,43.630001068115234,-31.755120119384124,,15.65217391304348,41.59000015258789
2024-12-24,45.08000183105469,43.13999938964844,-28.489355449994534,,21.67630057803468,45.08000183105469
2024-12-26,43.36000061035156,43.599998474121094,-29.67946631285231,,20.172910662824208,43.36000061035156
2024-12-27,40.61000061035156,43.20000076293945,-33.49703726864709,,11.781609195402298,40.61000061035156
2024-12-30,37.40999984741211,38.84000015258789,-36.47261993821623,,6.017191977077363,37.40999984741211
2024-12-31,35.290000915527344,39.54999923706055,-39.49433133220801,,3.1428571428571432,35.290000915527344
2025-01-02,37.81999969482422,37.599998474121094,-38.19211572805612,,4.273504273504273,37.81999969482422
2025-01-03,41.709999084472656,38.52899932861328,-30.93503062258258,,17.897727272727273,41.709999084472656
2025-01-06,46.959999084472656,44.459999084472656,-20.971485296299562,,34.844192634560905,46.959999084472656
2025-01-07,39.29999923706055,46.400001525878906,-24.345216067354123,,28.8135593220339,39.29999923706055
2025-01-08,38.0099983215332,38.939998626708984,-27.908698792411723,,23.380281690140844,38.0099983215332
2025-01-10,37.59000015258789,37.2400016784668,-29.47880744224378,,21.34831460674157,37.59000015258789
2025-01-13,35.380001068115234,34.05500030517578,-32.366217104340954,,15.406162464985995,35.380001068115234
2025-01-14,36.5,38.310001373291016,-31.616027249366862,,17.039106145251395,36.5
2025-01-15,42.0,39.67499923706055,-21.97774987107464,,33.42618384401114,42.0
2025-01-16,44.0,41.88999938964844,-13.830712155451902,,44.44444444444444,44.0
2025-01-17,48.16999816894531,47.150001525878906,-3.0341888895991107,,54.016620498614955,48.16999816894531
2025-01-21,47.790000915527344,49.099998474121094,4.1895591060755075,,60.22099447513812,47.790000915527344
2025-01-22,48.220001220703125,46.599998474121094,14.749617989718052,,68.87052341597796,48.220001220703125
2025-01-23,48.220001220703125,46.130001068115234,20.052319705575908,,76.0989010989011,48.220001220703125
2025-01-24,48.959999084472656,49.630001068115234,21.53852306594579,,77.53424657534246,48.959999084472656
2025-01-27,42.380001068115234,44.2599983215332,9.398906857162586,,63.934426229508205,42.380001068115234
2025-01-28,43.43000030517578,43.060001373291016,4.974432408408653,,61.03542234332425,43.43000030517578
2025-01-29,46.220001220703125,43.43000030517578,7.886912408334091,,62.5,46.220001220703125
2025-01-30,49.400001525878906,47.040000915527344,15.976392949514064,,70.46070460704607,49.400001525878906
2025-01-31,46.290000915527344,49.45000076293945,13.53685400284315,,67.56756756756756,46.290000915527344
2025-02-03,43.880001068115234,40.150001525878906,7.568856173756511,,61.99460916442049,43.880001068115234
2025-02-04,42.720001220703125,43.2599983215332,1.966981642852628,,56.72043010752689,42.720001220703125
2025-02-05,41.119998931884766,43.61000061035156,-4.0513965367097216,,50.93833780160858,41.119998931884766
2025-02-06,39.650001525878906,42.15999984741211,-11.321594543472914,,45.45454545454545,39.650001525878906
2025-02-07,40.83000183105469,40.4900016784668,-11.403939816833903,,45.33333333333333,40.83000183105469
2025-02-10,42.369998931884766,42.474998474121094,-8.248796587826737,,48.138297872340424,42.369998931884766
2025-02-11,38.439998626708984,41.310001373291016,-15.544413897838364,,39.52254641909814,38.439998626708984
2025-02-12,40.689998626708984,37.5099983215332,-15.44965375842392,,39.682539682539684,40.689998626708984
2025-02-13,47.47999954223633,43.5,-1.146998380318615,,54.88126649076517,47.47999954223633
2025-02-14,39.869998931884766,44.10499954223633,-11.66339170139227,,45.0,39.869998931884766
2025-02-18,37.02000045776367,41.119998931884766,-22.508193123477337,,31.23359580052493,37.02000045776367
2025-02-19,35.36000061035156,37.380001068115234,-30.488276462192548,,18.32460732984293,35.36000061035156
2025-02-20,34.75,35.900001525878906,-33.53359198794582,,11.22715404699739,34.75
2025-02-21,28.959999084472656,37.5,-38.985598822340435,,3.125,28.959999084472656
2025-02-24,26.889999389648438,30.0,-41.517828143144435,,1.2987012987012987,26.889999389648438
2025-02-25,23.450000762939453,25.200000762939453,-42.50289253383521,,0.7772020725388601,23.450000762939453
2025-02-26,23.510000228881836,23.489999771118164,-42.90859495820686,,0.2583979328165375,23.510000228881836
2025-02-27,22.469999313354492,24.65999984741211,-43.926352812638605,,0.0,22.469999313354492
2025-02-28,23.989999771118164,21.84000015258789,-42.40773987946356,,1.5424164524421593,23.989999771118164
2025-03-03,21.850000381469727,27.65999984741211,-43.35047483457927,,0.5128205128205128,21.850000381469727
2025-03-04,23.229999542236328,20.760000228881836,-40.998058121649386,,2.813299232736573,23.229999542236328
2025-03-05,25.420000076293945,23.8799991607666,-37.05854865177847,,6.887755102040815,25.420000076293945
2025-03-06,23.5,23.579999923706055,-37.089306879136366,,6.870229007633588,23.5
2025-03-07,24.079999923706055,23.510000228881836,-36.240892341428214,,9.390862944162437,24.079999923706055
2025-03-10,15.6899995803833,21.510000228881836,-40.72793066678172,,3.5443037974683547,15.6899995803833
2025-03-11,17.809999465942383,16.770000457763672,-41.00722082343439,,2.7777777777777777,17.809999465942383
2025-03-12,17.809999465942383,18.549999237060547,-41.08550860984606,,2.770780856423174,17.809999465942383
2025-03-13,15.199999809265137,17.277999877929688,-43.35683797487882,,0.5025125628140703,15.199999809265137
2025-03-14,16.06999969482422,16.280000686645508,-43.53212402349144,,0.5012531328320802,16.06999969482422
2025-03-17,17.100000381469727,15.899999618530273,-42.097585790777806,,2.5,17.100000381469727
2025-03-18,15.6899995803833,16.40999984741211,-42.66367085397157,,1.7456359102244388,15.6899995803833
2025-03-19,17.200000762939453,16.329999923706055,-40.654305444990804,,5.472636815920398,17.200000762939453
2025-03-20,17.280000686645508,16.524999618530273,-39.430642894628285,,6.699751861042183,17.280000686645508
2025-03-21,17.18000030517578,16.329999923706055,-38.87528575217727,,7.425742574257425,17.18000030517578
2025-03-24,19.510000228881836,18.549999237060547,-30.596392866961125,,22.469135802469136,19.510000228881836
2025-03-25,19.729999542236328,19.389999389648438,-23.772924690931095,,33.251231527093594,19.729999542236328
2025-03-26,17.799999237060547,19.530000686645508,-26.77826687435509,,28.746928746928745,17.799999237060547
2025-03-27,16.780000686645508,17.635000228881836,-30.816142563772235,,22.058823529411764,16.780000686645508
2025-03-28,14.140000343322754,16.170000076293945,-36.85654399759367,,9.7799511002445,14.140000343322754
2025-03-31,13.859999656677246,13.359999656677246,-38.375040517342214,,8.048780487804878,13.859999656677246
2025-04-01,14.199999809265137,13.9399995803833,-37.8339691339653,,8.75912408759124,14.199999809265137
2025-04-02,15.5600004196167,13.59000015258789,-33.82869273660083,,16.019417475728158,15.5600004196167
2025-04-03,13.5,13.09000015258789,-36.430096930299555,,11.380145278450362,13.5
2025-04-04,11.880000114440918,12.770000457763672,-37.42812648083176,,9.420289855072465,11.880000114440918
2025-04-07,11.359999656677246,9.779999732971191,-37.48878082422191,,9.156626506024097,11.359999656677246
2025-04-08,10.539999961853027,12.5600004196167,-38.98948270145139,,6.730769230769231,10.539999961853027
2025-04-09,14.039999961853027,10.430000305175781,-27.22797987658877,,29.73621103117506,14.039999961853027
2025-04-10,12.859999656677246,12.699999809265137,-25.120018528788957,,32.77511961722488,12.859999656677246
2025-04-11,13.710000038146973,13.0600004196167,-19.83449183357666,,41.527446300715994,13.710000038146973
2025-04-14,13.899999618530273,14.520000457763672,-15.921074481152539,,44.52380952380952,13.899999618530273
2025-04-15,13.720000267028809,14.050000190734863,-14.729616623739329,,46.080760095011875,13.720000267028809
2025-04-16,13.199999809265137,12.90999984741211,-16.731656895206118,,43.3649289099526,13.199999809265137
2025-04-17,13.59000015258789,13.279999732971191,-15.21103107901158,,45.62647754137116,13.59000015258789
2025-04-21,13.569999694824219,13.609999656677246,-14.612890375392192,,46.4622641509434,13.569999694824219
2025-04-22,15.890000343322754,14.119999885559082,-2.221566595679719,,59.05882352941176,15.890000343322754
2025-04-23,16.65999984741211,17.280000686645508,7.30760849703858,,66.66666666666666,16.65999984741211
2025-04-24,18.209999084472656,16.389999389648438,18.621568871715123,,77.28337236533957,18.209999084472656
2025-04-25,19.209999084472656,18.540000915527344,28.611611079838994,,86.44859813084112,19.209999084472656
2025-04-28,18.440000534057617,18.969999313354492,30.84219867954865,,88.34498834498834,18.440000534057617
2025-04-29,18.59000015258789,18.450000762939453,32.41280597092369,,89.76744186046511,18.59000015258789
2025-04-30,18.0,17.3700008392334,30.886716678256832,,88.39907192575406,18.0
2025-05-01,17.700000762939453,18.959999084472656,28.64016580086643,,85.87962962962963,17.700000762939453
2025-05-02,18.280000686645508,18.270000457763672,29.89658573781749,,87.52886836027713,18.280000686645508
2025-05-05,17.350000381469727,17.601999282836914,26.158378397017245,,83.87096774193549,17.350000381469727
2025-05-06,16.8700008392334,16.510000228881836,22.167280195588784,,80.0,16.8700008392334
2025-05-07,16.81999969482422,17.3700008392334,19.172105666055682,,76.8348623853211,16.81999969482422
2025-05-08,18.520000457763672,18.290000915527344,25.6925205410825,,82.83752860411899,18.520000457763672
2025-05-09,17.190000534057617,18.079999923706055,21.167651484036377,,78.99543378995433,17.190000534057617
2025-05-12,18.510000228881836,18.780000686645508,24.666437182922362,,81.77676537585421,18.510000228881836
2025-05-13,27.399999618530273,22.889999389648438,33.548137035657795,,90.9090909090909,27.399999618530273
2025-05-14,28.700000762939453,27.405000686645508,38.51378446611759,,95.91836734693877,28.700000762939453
2025-05-15,24.610000610351562,27.100000381469727,34.630450006043354,,92.0814479638009,24.610000610351562
2025-05-16,28.899999618530273,25.65999984741211,38.02757317979958,,95.25959367945825,28.899999618530273
2025-05-19,28.420000076293945,27.450000762939453,38.87792321282834,,96.17117117117117,28.420000076293945
2025-05-20,27.850000381469727,28.670000076293945,38.12696839128174,,95.0561797752809,27.850000381469727
2025-05-21,27.31999969482422,27.649999618530273,36.320636593577746,,93.27354260089686,27.31999969482422
2025-05-22,30.030000686645508,28.600000381469727,38.36219119981651,,95.30201342281879,30.030000686645508
2025-05-23,28.079999923706055,28.059999465942383,35.60086326246402,,91.96428571428571,28.079999923706055
2025-05-27,28.719999313354492,29.280000686645508,35.23727529169473,,91.31403118040089,28.719999313354492
2025-05-28,26.110000610351562,28.6299991607666,28.83431056200943,,84.22222222222221,26.110000610351562
2025-05-29,25.0,27.049999237060547,21.64900874479832,,77.38359201773835,25.0
2025-05-30,24.440000534057617,24.510000228881836,15.925762848257415,,70.13274336283186,24.440000534057617
2025-06-02,24.5,24.68000030517578,13.041347987620997,,66.22516556291392,24.5
2025-06-03,26.860000610351562,24.860000610351562,18.575185021414907,,73.12775330396477,26.860000610351562
2025-06-04,26.229999542236328,26.559999465942383,19.53460825373924,,74.72527472527473,26.229999542236328
2025-06-05,23.81999969482422,27.3700008392334,12.219682535039244,,65.13157894736842,23.81999969482422
2025-06-06,25.15999984741211,25.079999923706055,11.856591570395105,,64.77024070021882,25.15999984741211
2025-06-09,26.239999771118164,26.170000076293945,15.152590277039288,,68.99563318777294,26.239999771118164
2025-06-10,25.8799991607666,26.700000762939453,14.910237759474725,,68.40958605664488,25.8799991607666
2025-06-11,25.030000686645508,26.309999465942383,4.779232344752285,,60.43478260869565,25.030000686645508
2025-06-12,23.110000610351562,24.139999389648438,-8.963149725705852,,48.37310195227766,23.110000610351562
2025-06-13,23.360000610351562,22.34000015258789,-12.927909611609465,,46.103896103896105,23.360000610351562
2025-06-16,26.959999084472656,24.31999969482422,0.5903848441783486,,56.803455723542115,26.959999084472656
2025-06-17,25.389999389648438,26.0,0.38874659325604327,,56.68103448275862,25.389999389648438
2025-06-18,33.560001373291016,25.290000915527344,19.979091122614037,,75.91397849462366,33.560001373291016
2025-06-20,36.560001373291016,35.4900016784668,31.14593329419723,,87.33905579399142,36.560001373291016
2025-06-23,36.310001373291016,35.0099983215332,35.12080119016745,,91.43468950749465,36.310001373291016
2025-06-24,45.060001373291016,37.959999084472656,38.80347390643424,,95.94017094017094,45.060001373291016
2025-06-25,47.70000076293945,49.16999816894531,38.92362849163731,,96.37526652452026,47.70000076293945
2025-06-26,53.0,47.72999954223633,40.47569726327252,,97.87234042553192,53.0
2025-06-27,46.95000076293945,51.45000076293945,36.741413149968146,,92.99363057324841,46.95000076293945
2025-06-30,46.130001068115234,48.45000076293945,33.79212029598245,,88.5593220338983,46.130001068115234
2025-07-01,42.130001068115234,43.33000183105469,27.721184234763736,,82.24101479915433,42.130001068115234
2025-07-02,46.91999816894531,43.36000061035156,28.952631737094688,,83.75527426160338,46.91999816894531
2025-07-03,47.04999923706055,45.790000915527344,29.766599732501287,,84.63157894736842,47.04999923706055
2025-07-07,47.4900016784668,46.79999923706055,30.50488902079663,,85.08403361344537,47.4900016784668
2025-07-08,46.86000061035156,49.0099983215332,29.922691660236488,,84.90566037735849,46.86000061035156
2025-07-09,51.869998931884766,47.86000061035156,34.51672303115394,,89.9581589958159,51.869998931884766
2025-07-10,55.97999954223633,51.4900016784668,38.96602155316087,,96.24217118997912,55.97999954223633
2025-07-11,55.369998931884766,56.380001068115234,39.76117645175331,,96.875,55.369998931884766
2025-07-14,57.349998474121094,56.9900016784668,40.98776629732064,,97.92099792099792,57.349998474121094
2025-07-15,55.5099983215332,56.599998474121094,39.66948064326791,,96.47302904564316,55.5099983215332
2025-07-16,58.45000076293945,56.974998474121094,40.193953303377214,,97.30848861283644,58.45000076293945
2025-07-17,62.0,58.82500076293945,41.071226796470015,,97.93388429752066,62.0
2025-07-18,64.56999969482422,64.7750015258789,39.076414854990524,,95.4639175257732,64.56999969482422
2025-07-21,63.0,66.68000030517578,35.91416121100481,,90.74074074074075,63.0
2025-07-22,60.130001068115234,64.5,31.34422344551838,,84.80492813141683,60.130001068115234
2025-07-23,58.060001373291016,58.650001525878906,25.361859110927288,,77.25409836065575,58.060001373291016
2025-07-24,57.720001220703125,60.040000915527344,20.25597032171262,,72.59713701431492,57.720001220703125
2025-07-25,56.119998931884766,56.29999923706055,15.158154799536458,,65.91836734693878,56.119998931884766
2025-07-28,52.68000030517578,57.03499984741211,6.617403085546973,,58.65580448065173,52.68000030517578
2025-07-29,50.400001525878906,53.790000915527344,-2.0063501604445317,,51.829268292682926,50.400001525878906
2025-07-30,52.0,53.47999954223633,-3.9771473707372493,,49.290060851926974,52.0
2025-07-31,52.150001525878906,53.599998474121094,-5.445766821951664,,47.97570850202429,52.150001525878906
2025-08-01,34.790000915527344,40.22999954223633,-24.03236376265123,,29.494949494949495,34.790000915527344
2025-08-04,35.43000030517578,35.84000015258789,-31.940390988105904,,17.540322580645164,35.43000030517578
2025-08-05,30.950000762939453,32.959999084472656,-38.70478192896862,,6.438631790744467,30.950000762939453
2025-08-06,32.040000915527344,30.850000381469727,-40.47940678551086,,4.618473895582329,32.040000915527344
2025-08-07,33.56999969482422,33.65999984741211,-39.310191108873134,,5.811623246492986,33.56999969482422
2025-08-08,33.45000076293945,33.70000076293945,-38.749531742583116,,6.800000000000001,33.45000076293945
2025-08-11,35.369998931884766,36.060001373291016,-36.094923399814995,,11.976047904191617,35.369998931884766
2025-08-12,36.04999923706055,37.560001373291016,-33.939924338746806,,14.940239043824702,36.04999923706055
2025-08-13,37.060001373291016,37.25,-31.346214888223834,,19.880715705765407,37.060001373291016
2025-08-14,36.470001220703125,35.369998931884766,-30.958449874478553,20.436507936507937,20.436507936507937,36.470001220703125
2025-08-15,34.84000015258789,36.040000915527344,-32.31452842155065,18.253968253968253,18.253968253968253,34.84000015258789
2025-08-18,35.5099983215332,33.361000061035156,-31.95778735643423,18.650793650793652,18.650793650793652,35.5099983215332
2025-08-19,31.350000381469727,35.439998626708984,-36.01395610678358,12.3015873015873,12.3015873015873,31.350000381469727
2025-08-20,31.790000915527344,31.8799991607666,-36.66027244292357,10.317460317460316,10.317460317460316,31.790000915527344
2025-08-21,30.899999618530273,31.25,-38.059622138044816,7.936507936507936,7.936507936507936,30.899999618530273
2025-08-22,34.900001525878906,30.950000762939453,-30.819663400782275,21.825396825396826,21.825396825396826,34.900001525878906
2025-08-25,31.889999389648438,33.290000915527344,-32.186179683226264,18.849206349206348,18.849206349206348,31.889999389648438
2025-08-26,32.349998474121094,31.538000106811523,-31.865476882681854,19.246031746031747,19.246031746031747,32.349998474121094
2025-08-27,32.43000030517578,32.130001068115234,-31.54975170988082,20.238095238095237,20.238095238095237,32.43000030517578
2025-08-28,32.11000061035156,33.25,-31.777897938057208,19.444444444444446,19.444444444444446,32.11000061035156
2025-08-29,31.510000228881836,31.850000381469727,-30.478383417209304,23.015873015873016,23.015873015873016,31.510000228881836
2025-09-02,31.290000915527344,30.485000610351562,-30.369022026818506,23.015873015873016,23.015873015873016,31.290000915527344
2025-09-03,30.950000762939453,31.540000915527344,-31.19882151638813,20.238095238095237,20.238095238095237,30.950000762939453
2025-09-04,31.84000015258789,31.0,-28.68901782128735,25.396825396825395,25.396825396825395,31.84000015258789
2025-09-05,30.229999542236328,33.33000183105469,-31.524591910630374,20.03968253968254,20.03968253968254,30.229999542236328
2025-09-08,30.850000381469727,30.75,-30.932834281570383,21.428571428571427,21.428571428571427,30.850000381469727
2025-09-09,34.220001220703125,31.18000030517578,-18.669454233525194,38.492063492063494,38.492063492063494,34.220001220703125
2025-09-10,33.52000045776367,34.81999969482422,-14.189336877061418,42.857142857142854,42.857142857142854,33.52000045776367
2025-09-11,35.31999969482422,34.130001068115234,-6.309142587389414,48.61111111111111,48.61111111111111,35.31999969482422
2025-09-12,35.08000183105469,36.14699935913086,3.597291427324345,56.74603174603175,56.74603174603175,35.08000183105469
2025-09-15,35.880001068115234,34.97999954223633,13.80957343200363,65.27777777777779,65.27777777777779,35.880001068115234
2025-09-16,36.099998474121094,37.029998779296875,18.105901607676284,69.64285714285714,69.64285714285714,36.099998474121094
2025-09-17,34.470001220703125,35.689998626708984,13.07777517631914,63.29365079365079,63.29365079365079,34.470001220703125
2025-09-18,39.20000076293945,35.72999954223633,20.51736691093024,74.0079365079365,74.0079365079365,39.20000076293945
2025-09-19,39.13999938964844,39.20000076293945,24.160514009949075,77.18253968253968,77.18253968253968,39.13999938964844
2025-09-22,36.630001068115234,37.0,17.08947190574692,68.65079365079364,68.65079365079364,36.630001068115234
2025-09-23,34.04999923706055,37.02000045776367,5.035846142100183,58.333333333333336,58.333333333333336,34.04999923706055
2025-09-24,34.369998931884766,34.84000015258789,-0.4073274544983764,53.96825396825397,53.96825396825397,34.369998931884766
2025-09-25,31.170000076293945,32.77000045776367,-13.808454068025641,43.452380952380956,43.452380952380956,31.170000076293945
2025-09-26,32.31999969482422,31.579999923706055,-15.818805884469015,40.27777777777778,40.27777777777778,32.31999969482422
2025-09-29,36.65999984741211,33.5,-3.1177571483176494,50.99206349206349,50.99206349206349,36.65999984741211
2025-09-30,37.400001525878906,35.75,6.11462180026835,58.730158730158735,58.730158730158735,37.400001525878906
2025-10-01,39.29999923706055,38.75,16.737526142816822,67.65873015873017,67.65873015873017,39.29999923706055
2025-10-02,45.150001525878906,41.400001525878906,27.11514574766814,80.35714285714286,80.35714285714286,45.150001525878906
2025-10-03,47.09000015258789,45.52000045776367,33.30141173905045,86.90476190476191,86.90476190476191,47.09000015258789
2025-10-06,48.540000915527344,49.58000183105469,36.081371779512054,91.07142857142857,91.07142857142857,48.540000915527344
2025-10-07,45.939998626708984,48.720001220703125,32.470941984486736,85.9126984126984,85.9126984126984,45.939998626708984
2025-10-08,48.70000076293945,46.76499938964844,34.8359545272239,88.88888888888889,88.88888888888889,48.70000076293945
2025-10-09,48.58000183105469,48.130001068115234,35.78705796428818,90.27777777777779,90.27777777777779,48.58000183105469
2025-10-10,41.119998931884766,48.900001525878906,19.085921320183612,70.03968253968253,70.03968253968253,41.119998931884766
2025-10-13,41.150001525878906,42.959999084472656,9.841775512112951,59.523809523809526,59.523809523809526,41.150001525878906
2025-10-14,37.470001220703125,37.38999938964844,-2.2345242286405433,50.39682539682539,50.39682539682539,37.470001220703125
2025-10-15,36.380001068115234,38.38999938964844,-10.279902773758618,44.047619047619044,44.047619047619044,36.380001068115234
2025-10-16,35.04999923706055,36.86000061035156,-16.886147494582666,37.10317460317461,37.10317460317461,35.04999923706055
2025-10-17,36.220001220703125,32.650001525878906,-17.7213041442451,37.10317460317461,37.10317460317461,36.220001220703125
2025-10-20,37.83000183105469,37.52000045776367,-15.284572274436933,39.48412698412698,39.48412698412698,37.83000183105469
2025-10-21,36.709999084472656,37.56999969482422,-16.080087098167827,38.2936507936508,38.2936507936508,36.709999084472656
2025-10-22,32.779998779296875,35.65999984741211,-24.39068249199285,29.96031746031746,29.96031746031746,32.779998779296875
2025-10-23,33.209999084472656,33.25,-27.572392351977832,26.38888888888889,26.38888888888889,33.209999084472656
2025-10-24,39.65999984741211,35.599998474121094,-15.721651602929882,39.48412698412698,39.48412698412698,39.65999984741211
2025-10-27,41.189998626708984,41.68000030517578,-5.704976445441245,47.42063492063492,47.42063492063492,41.189998626708984
2025-10-28,39.79999923706055,41.619998931884766,-4.066994557700056,48.61111111111111,48.61111111111111,39.79999923706055
2025-10-29,38.27000045776367,40.314998626708984,-6.7384414466208575,47.22222222222222,47.22222222222222,38.27000045776367
2025-10-30,33.959999084472656,37.119998931884766,-15.850866901056898,39.285714285714285,39.285714285714285,33.959999084472656
2025-10-31,36.91999816894531,35.439998626708984,-14.773240509341502,41.269841269841265,41.269841269841265,36.91999816894531
2025-11-03,34.04999923706055,36.189998626708984,-19.505939375090303,36.30952380952381,36.30952380952381,34.04999923706055
2025-11-04,29.309999465942383,31.709999084472656,-29.402332592816506,24.206349206349206,24.206349206349206,29.309999465942383
2025-11-05,31.559999465942383,30.954999923706055,-29.4078954236642,24.206349206349206,24.206349206349206,31.559999465942383
2025-11-06,26.790000915527344,31.040000915527344,-35.05620120526031,13.492063492063492,13.492063492063492,26.790000915527344
2025-11-07,29.290000915527344,25.860000610351562,-31.659924969453556,18.849206349206348,18.849206349206348,29.290000915527344
2025-11-10,30.8799991607666,31.889999389648438,-24.3241844907656,31.547619047619047,31.547619047619047,30.8799991607666
2025-11-11,28.15999984741211,29.774999618530273,-26.12776021737445,28.968253968253972,28.968253968253972,28.15999984741211
2025-11-12,28.190000534057617,29.219999313354492,-26.958647332928376,28.174603174603174,28.174603174603174,28.190000534057617
2025-11-13,24.34000015258789,27.75,-33.482451671133035,15.674603174603174,15.674603174603174,24.34000015258789
2025-11-14,24.43000030517578,21.8700008392334,-34.541752886332915,14.285714285714285,14.285714285714285,24.43000030517578
2025-11-17,20.969999313354492,22.799999237060547,-38.49829392893025,7.341269841269842,7.341269841269842,20.969999313354492
2025-11-18,20.600000381469727,20.530000686645508,-41.00301622822021,3.373015873015873,3.373015873015873,20.600000381469727
2025-11-19,19.899999618530273,20.614999771118164,-41.629452028987814,2.7777777777777777,2.7777777777777777,19.899999618530273
2025-11-20,16.93000030517578,20.325000762939453,-43.650276850932435,0.3968253968253968,0.3968253968253968,16.93000030517578
2025-11-21,17.25,17.719999313354492,-43.82584155373891,0.1984126984126984,0.1984126984126984,17.25
2025-11-24,19.420000076293945,17.829999923706055,-40.23138047670112,5.753968253968254,5.753968253968254,19.420000076293945
2025-11-25,19.149999618530273,18.059999465942383,-38.600999594765725,8.333333333333332,8.333333333333332,19.149999618530273
2025-11-26,20.760000228881836,19.440000534057617,-34.27364363891381,16.071428571428573,16.071428571428573,20.760000228881836
2025-11-28,21.969999313354492,22.06999969482422,-28.631495461255213,27.976190476190478,27.976190476190478,21.969999313354492
2025-12-01,19.899999618530273,19.959999084472656,-30.00296916122033,25.595238095238095,25.595238095238095,19.899999618530273
2025-12-02,20.360000610351562,21.020000457763672,-28.59247363811886,28.57142857142857,28.57142857142857,20.360000610351562
2025-12-03,22.479999542236328,21.110000610351562,-19.845669483702803,39.48412698412698,39.48412698412698,22.479999542236328
2025-12-04,22.020000457763672,21.860000610351562,-15.931976365720434,43.05555555555556,43.05555555555556,22.020000457763672
2025-12-05,21.270000457763672,21.40999984741211,-15.733959129328914,43.84920634920635,43.84920634920635,21.270000457763672
2025-12-08,21.979999542236328,21.889999389648438,-13.153256008289539,48.214285714285715,48.214285714285715,21.979999542236328
2025-12-09,22.469999313354492,21.440000534057617,-10.119150480619266,49.60317460317461,49.60317460317461,22.469999313354492
2025-12-10,22.110000610351562,21.829999923706055,-8.69329753118527,50.595238095238095,50.595238095238095,22.110000610351562
2025-12-11,21.110000610351562,20.850000381469727,-10.5352585987685,49.404761904761905,49.404761904761905,21.110000610351562
2025-12-12,20.850000381469727,21.6299991607666,-11.513067762392582,49.007936507936506,49.007936507936506,20.850000381469727
2025-12-15,18.190000534057617,21.0,-20.426431090702234,38.88888888888889,38.88888888888889,18.190000534057617
2025-12-16,18.469999313354492,18.639999389648438,-22.06722886888855,37.10317460317461,37.10317460317461,18.469999313354492
2025-12-17,17.270000457763672,18.75,-27.741190791414848,29.761904761904763,29.761904761904763,17.270000457763672
2025-12-18,16.540000915527344,18.489999771118164,-33.5060229375505,17.261904761904763,17.261904761904763,16.540000915527344
2025-12-19,17.350000381469727,17.270000457763672,-32.627352595134425,18.849206349206348,18.849206349206348,17.350000381469727
2025-12-22,17.739999771118164,18.25,-30.018533719082324,25.992063492063494,25.992063492063494,17.739999771118164
2025-12-23,16.93000030517578,17.079999923706055,-33.4638803416492,17.857142857142858,17.857142857142858,16.93000030517578
2025-12-24,16.549999237060547,16.6299991607666,-35.99318068773669,13.88888888888889,13.88888888888889,16.549999237060547
2025-12-26,16.139999389648438,16.610000610351562,-37.5539027022143,9.920634920634921,9.920634920634921,16.139999389648438
2025-12-29,15.6899995803833,15.795000076293945,-40.0448084151595,6.15079365079365,6.15079365079365,15.6899995803833
2025-12-30,15.399999618530273,15.670000076293945,-42.14757726361801,2.579365079365079,2.579365079365079,15.399999618530273
2025-12-31,14.649999618530273,15.329999923706055,-43.5775254853348,0.7936507936507936,0.7936507936507936,14.649999618530273
2026-01-02,15.979999542236328,15.220000267028809,-37.54423260786498,10.714285714285714,10.714285714285714,15.979999542236328
2026-01-05,18.450000762939453,17.440000534057617,-21.46152917901382,40.27777777777778,40.27777777777778,18.450000762939453
2026-01-06,17.81999969482422,18.530000686645508,-15.12756509291516,48.01587301587302,48.01587301587302,17.81999969482422
2026-01-07,17.170000076293945,17.450000762939453,-14.592873416787274,49.2063492063492,49.2063492063492,17.170000076293945
2026-01-08,17.079999923706055,16.969999313354492,-14.72148992412459,49.007936507936506,49.007936507936506,17.079999923706055
2026-01-09,16.420000076293945,17.15999984741211,-18.080598350520194,44.047619047619044,44.047619047619044,16.420000076293945
2026-01-12,16.709999084472656,16.25,-17.213980898061646,44.642857142857146,44.642857142857146,16.709999084472656
2026-01-13,18.020000457763672,17.06599998474121,-9.49777917788194,54.166666666666664,54.166666666666664,18.020000457763672
2026-01-14,18.450000762939453,18.600000381469727,-0.30988684432205854,61.50793650793651,61.50793650793651,18.450000762939453
2026-01-15,16.09000015258789,17.700000762939453,-7.701317595798985,55.35714285714286,55.35714285714286,16.09000015258789
2026-01-16,16.299999237060547,16.075000762939453,-9.58937394102187,53.769841269841265,53.769841269841265,16.299999237060547
2026-01-20,14.5,15.1899995803833,-22.43449473933939,38.88888888888889,38.88888888888889,14.5
2026-01-21,14.390000343322754,14.619999885559082,-27.78188959477236,31.349206349206348,31.349206349206348,14.390000343322754
2026-01-22,13.880000114440918,14.539999961853027,-33.344052028947516,18.849206349206348,18.849206349206348,13.880000114440918
2026-01-23,13.100000381469727,13.770000457763672,-37.39252179218092,11.30952380952381,11.30952380952381,13.100000381469727
2026-01-26,12.670000076293945,12.5,-39.900582749654774,6.349206349206349,6.349206349206349,12.670000076293945
2026-01-27,12.359999656677246,12.649999618530273,-41.21411680033963,3.968253968253968,3.968253968253968,12.359999656677246
2026-01-28,12.180000305175781,12.59000015258789,-42.314718454798616,2.7777777777777777,2.7777777777777777,12.180000305175781
2026-01-29,11.0,11.831999778747559,-42.896358752969554,1.7857142857142856,1.7857142857142856,11.0
2026-01-30,10.5,10.800000190734863,-43.58383488520675,0.7936507936507936,0.7936507936507936,10.5
2026-02-02,9.75,9.949999809265137,-44.25193758711593,0.0,0.0,9.75
2026-02-03,8.890000343322754,9.8100004196167,-44.17150413948169,0.1984126984126984,0.1984126984126984,8.890000343322754
2026-02-04,7.789999961853027,8.550000190734863,-44.510117540912375,0.0,0.0,7.789999961853027
2026-02-05,5.71999979019165,7.025000095367432,-45.242352497008994,0.0,0.0,5.71999979019165
2026-02-06,7.159999847412109,6.340000152587891,-43.15395417258559,2.579365079365079,2.579365079365079,7.159999847412109
2026-02-09,7.349999904632568,6.735000133514404,-41.67380187554336,4.761904761904762,4.761904761904762,7.349999904632568
2026-02-10,6.920000076293945,6.934999942779541,-41.54399886892288,5.158730158730158,5.158730158730158,6.920000076293945
2026-02-11,6.139999866485596,6.510000228881836,-42.799066423966956,3.1746031746031744,3.1746031746031744,6.139999866485596
2026-02-12,5.150000095367432,6.119999885559082,-44.113647168107796,0.7936507936507936,0.7936507936507936,5.150000095367432
2026-02-13,6.829999923706055,6.065000057220459,-39.891249466700415,8.531746031746032,8.531746031746032,6.829999923706055
2026-02-17,6.960000038146973,6.690000057220459,-36.29439136305694,15.079365079365079,15.079365079365079,6.960000038146973
2026-02-18,6.809999942779541,6.920000076293945,-34.558536447008414,17.857142857142858,17.857142857142858,6.809999942779541
2026-02-19,6.949999809265137,6.65500020980835,-32.446703301343284,21.825396825396826,21.825396825396826,6.949999809265137
2026-02-20,7.400000095367432,6.849999904632568,-28.230214222365248,31.944444444444443,31.944444444444443,7.400000095367432
2026-02-23,6.440000057220459,6.949999809265137,-30.094327987816964,28.373015873015873,28.373015873015873,6.440000057220459
2026-02-24,6.570000171661377,6.090000152587891,-29.587566056236486,29.761904761904763,29.761904761904763,6.570000171661377
2026-02-25,8.359999656677246,7.364999771118164,-16.457218388149588,46.42857142857143,46.42857142857143,8.359999656677246
2026-02-26,8.069999694824219,8.104999542236328,-10.85724667154864,54.36507936507936,54.36507936507936,8.069999694824219
2026-02-27,7.619999885559082,7.519999980926514,-9.389858563940539,55.952380952380956,55.952380952380956,7.619999885559082
2026-03-02,8.40999984741211,7.340000152587891,-1.6471752833936846,62.10317460317461,62.10317460317461,8.40999984741211
2026-03-03,8.140000343322754,7.710000038146973,3.338164122289628,65.07936507936508,65.07936507936508,8.140000343322754
2026-03-04,10.5,9.350000381469727,18.82973286905139,78.37301587301587,78.37301587301587,10.5
2026-03-05,10.180000305175781,10.180000305175781,23.940099819177647,84.72222222222221,84.72222222222221,10.180000305175781
2026-03-06,9.329999923706055,9.385000228881836,21.263642620411655,82.14285714285714,82.14285714285714,9.329999923706055
2026-03-09,9.579999923706055,9.40999984741211,21.027697332543514,81.74603174603175,81.74603174603175,9.579999923706055
2026-03-10,9.260000228881836,10.020000457763672,19.103020607308824,78.96825396825396,78.96825396825396,9.260000228881836
2026-03-11,9.460000038146973,9.34000015258789,19.231959981035306,79.36507936507937,79.36507936507937,9.460000038146973
2026-03-12,8.9399995803833,9.194999694824219,15.926325701343277,75.0,75.0,8.9399995803833
2026-03-13,9.130000114440918,9.880000114440918,15.290752751815168,74.40476190476191,74.40476190476191,9.130000114440918
2026-03-16,9.850000381469727,9.710000038146973,19.86276721259086,80.95238095238095,80.95238095238095,9.850000381469727
2026-03-17,10.5,9.760000228881836,26.460973045480614,88.4920634920635,88.4920634920635,10.5
2026-03-18,9.729999542236328,10.170000076293945,23.512651349798443,85.71428571428571,85.71428571428571,9.729999542236328
2026-03-19,9.760000228881836,9.055000305175781,22.31694632165684,84.72222222222221,84.72222222222221,9.760000228881836
2026-03-20,9.25,9.75,17.48182245243376,77.38095238095238,77.38095238095238,9.25
2026-03-23,9.520000457763672,9.34000015258789,17.17521143682699,77.18253968253968,77.18253968253968,9.520000457763672
2026-03-24,7.659999847412109,9.390000343322754,2.092609121032302,64.88095238095238,64.88095238095238,7.659999847412109
2026-03-25,7.670000076293945,7.985000133514404,-11.661187306570396,53.57142857142857,53.57142857142857,7.670000076293945
2026-03-26,7.010000228881836,7.295000076293945,-23.174678022842755,39.48412698412698,39.48412698412698,7.010000228881836
2026-03-27,6.03000020980835,6.565000057220459,-31.38514678760314,25.0,25.0,6.03000020980835
2026-03-30,6.0,6.264999866485596,-35.39758100079721,16.666666666666664,16.666666666666664,6.0
2026-03-31,7.0,6.175000190734863,-28.319872859269363,32.53968253968254,32.53968253968254,7.0
2026-04-01,6.880000114440918,7.340000152587891,-25.86046273600099,36.11111111111111,36.11111111111111,6.880000114440918
2026-04-02,6.739999771118164,6.434999942779541,-25.665116606297044,36.30952380952381,36.30952380952381,6.739999771118164
2026-04-06,7.0,7.019999980926514,-22.06799008829154,41.66666666666667,41.66666666666667,7.0
2026-04-07,7.03000020980835,6.789999961853027,-19.91694062687929,44.642857142857146,44.642857142857146,7.03000020980835
2026-04-08,7.010000228881836,8.039999961853027,-18.951890534853078,46.230158730158735,46.230158730158735,7.010000228881836
2026-04-09,6.53000020980835,7.059999942779541,-23.714037252883887,40.07936507936508,40.07936507936508,6.53000020980835
2026-04-10,6.409999847412109,6.519999980926514,-27.139250009978426,34.72222222222222,34.72222222222222,6.409999847412109
2026-04-13,6.929999828338623,6.190000057220459,-22.49439383133282,41.86507936507937,41.86507936507937,6.929999828338623
2026-04-14,7.699999809265137,7.380000114440918,-13.436353333412331,54.96031746031746,54.96031746031746,7.699999809265137
2026-04-15,8.680000305175781,7.800000190734863,0.497909794521006,66.07142857142857,66.07142857142857,8.680000305175781
2026-04-16,9.0,8.800000190734863,11.545737187183674,71.82539682539682,71.82539682539682,9.0
2026-04-17,9.59000015258789,9.470000267028809,20.482183027079117,83.13492063492063,83.13492063492063,9.59000015258789
2026-04-20,10.069999694824219,9.085000038146973,28.07631848724297,89.88095238095238,89.88095238095238,10.069999694824219
2026-04-21,8.550000190734863,10.050000190734863,20.534468269589006,83.13492063492063,83.13492063492063,8.550000190734863
2026-04-22,9.470000267028809,9.3100004196167,23.700388304333266,86.5079365079365,86.5079365079365,9.470000267028809
2026-04-23,8.720000267028809,9.100000381469727,19.29571794987152,80.55555555555556,80.55555555555556,8.720000267028809
2026-04-24,8.850000381469727,9.050000190734863,18.11461541876205,78.37301587301587,78.37301587301587,8.850000381469727
2026-04-27,8.59000015258789,8.789999961853027,14.313623321296465,73.21428571428571,73.21428571428571,8.59000015258789
2026-04-28,8.350000381469727,8.050000190734863,10.326974774938623,70.03968253968253,70.03968253968253,8.350000381469727
2026-04-29,7.289999961853027,7.75,-1.6920485812536885,62.698412698412696,62.698412698412696,7.289999961853027
2026-04-30,7.760000228881836,7.289999961853027,-3.7384528744191443,60.51587301587301,60.51587301587301,7.760000228881836
2026-05-01,8.039999961853027,8.09000015258789,-2.275642310220211,61.904761904761905,61.904761904761905,8.039999961853027
2026-05-04,9.020000457763672,8.729999542236328,8.257068267853096,69.04761904761905,69.04761904761905,9.020000457763672
2026-05-05,8.550000190734863,9.520000457763672,8.76146187590303,69.04761904761905,69.04761904761905,8.550000190734863
2026-05-06,8.569999694824219,8.375,9.143314944855305,69.24603174603175,69.24603174603175,8.569999694824219
2026-05-07,8.109999656677246,8.399999618530273,4.9437291169672655,66.26984126984127,66.26984126984127,8.109999656677246
2026-05-08,8.819999694824219,7.539999961853027,10.305858525981995,69.84126984126983,69.84126984126983,8.819999694824219
2026-05-11,10.140000343322754,8.729999542236328,22.371803824582283,85.31746031746032,85.31746031746032,10.140000343322754
2026-05-12,9.319999694824219,9.739999771118164,21.33324961931203,83.73015873015873,83.73015873015873,9.319999694824219
2026-05-13,8.800000190734863,8.984999656677246,14.462356014356281,73.01587301587301,73.01587301587301,8.800000190734863
2026-05-14,9.65999984741211,8.729999542236328,19.305032623030677,80.15873015873017,80.15873015873017,9.65999984741211
2026-05-15,8.149999618530273,9.0600004196167,6.443485189843868,66.07142857142857,66.07142857142857,8.149999618530273
2026-05-18,7.650000095367432,7.730000019073486,-4.822420170492376,57.341269841269835,57.341269841269835,7.650000095367432
2026-05-19,7.949999809265137,7.519999980926514,-7.979785405230146,55.75396825396825,55.75396825396825,7.949999809265137
2026-05-20,7.78000020980835,7.96999979019165,-11.32102902419761,52.77777777777778,52.77777777777778,7.78000020980835
2026-05-21,7.960000038146973,7.650000095367432,-11.086412478608786,52.77777777777778,52.77777777777778,7.960000038146973
2026-05-22,7.239999771118164,7.989999771118164,-18.211791968761766,42.65873015873016,42.65873015873016,7.239999771118164
2026-05-26,6.849999904632568,7.300000190734863,-24.713733514841515,34.523809523809526,34.523809523809526,6.849999904632568
2026-05-27,6.389999866485596,6.578000068664551,-30.129079002679752,26.58730158730159,26.58730158730159,6.389999866485596
2026-05-28,6.980000019073486,6.139999866485596,-24.844347075559085,34.523809523809526,34.523809523809526,6.980000019073486
2026-05-29,7.5,6.829999923706055,-17.012409940568254,44.047619047619044,44.047619047619044,7.5
2026-06-01,7.0,6.71999979019165,-17.003633328284483,44.24603174603175,44.24603174603175,7.0
2026-06-02,6.329999923706055,6.565000057220459,-23.64575219110825,37.301587301587304,37.301587301587304,6.329999923706055
2026-06-03,5.550000190734863,6.150000095367432,-30.865586242690668,25.0,25.0,5.550000190734863
2026-06-04,5.610000133514404,5.599999904632568,-33.74372362181492,18.253968253968253,18.253968253968253,5.610000133514404
2026-06-05,4.800000190734863,5.21999979019165,-36.68950426051895,13.690476190476192,13.690476190476192,4.800000190734863
2026-06-08,5.400000095367432,5.059999942779541,-32.970683393037724,20.436507936507937,20.436507936507937,5.400000095367432
2026-06-09,4.960000038146973,5.070000171661377,-34.176899475000916,18.055555555555554,18.055555555555554,4.960000038146973
2026-06-10,4.860000133514404,4.789999961853027,-35.32416969694345,16.865079365079367,16.865079365079367,4.860000133514404
2026-06-11,5.260000228881836,4.889999866485596,-31.942049367845122,22.817460317460316,22.817460317460316,5.260000228881836
2026-06-12,5.210000038146973,5.25,-30.61455133788662,26.984126984126984,26.984126984126984,5.210000038146973
2026-06-15,5.849999904632568,5.860000133514404,-21.26506042125371,41.66666666666667,41.66666666666667,5.849999904632568
2026-06-16,5.820000171661377,5.829999923706055,-14.57086255056306,51.587301587301596,51.587301587301596,5.820000171661377
2026-06-17,5.519999980926514,5.630000114440918,-14.721574202839324,50.99206349206349,50.99206349206349,5.519999980926514
2026-06-18,5.400000095367432,5.699999809265137,-16.17414346107236,47.61904761904761,47.61904761904761,5.400000095367432
2026-06-22,5.489999771118164,5.510000228881836,-15.307267430932525,49.801587301587304,49.801587301587304,5.489999771118164
2026-06-23,5.059999942779541,4.960000038146973,-20.55215201703827,42.46031746031746,42.46031746031746,5.059999942779541
2026-06-24,4.539999961853027,5.050000190734863,-28.928062405655997,30.952380952380953,30.952380952380953,4.539999961853027
2026-06-25,4.085000038146973,4.554999828338623,-35.17076198150846,17.063492063492063,17.063492063492063,4.085000038146973
2026-06-26,4.460000038146973,3.890000104904175,-32.515779238861185,22.023809523809522,22.023809523809522,4.460000038146973
2026-06-29,4.590000152587891,4.559999942779541,-29.245106032557295,30.952380952380953,30.952380952380953,4.590000152587891
2026-06-30,4.269999980926514,4.380000114440918,-30.91140491347823,26.38888888888889,26.38888888888889,4.269999980926514
2026-07-01,5.019999980926514,4.320000171661377,-17.74821697425449,46.230158730158735,46.230158730158735,5.019999980926514
2026-07-02,5.400000095367432,5.380000114440918,-2.5965660995001594,63.095238095238095,63.095238095238095,5.400000095367432
2026-07-06,5.619999885559082,5.119999885559082,8.837670158745818,70.23809523809523,70.23809523809523,5.619999885559082
2026-07-07,5.260000228881836,5.46999979019165,9.274208282998211,70.63492063492063,70.63492063492063,5.260000228881836
2026-07-08,4.989999771118164,5.0,5.38346608297695,67.85714285714286,67.85714285714286,4.989999771118164
2026-07-09,4.920000076293945,4.809999942779541,2.1562737277239075,65.87301587301587,65.87301587301587,4.920000076293945
2026-07-10,4.949999809265137,5.429999828338623,1.0212099084347284,65.27777777777779,65.27777777777779,4.949999809265137
2026-07-13,4.849999904632568,4.769999980926514,-1.481391737570015,63.49206349206349,63.49206349206349,4.849999904632568
2026-07-14,5.110000133514404,5.0,2.3939937465097128,65.87301587301587,65.87301587301587,5.110000133514404
2026-07-15,5.460000038146973,5.329999923706055,10.565651601818562,71.62698412698413,71.62698412698413,5.460000038146973
2026-07-16,5.010000228881836,5.320000171661377,7.1912939359403545,68.65079365079364,68.65079365079364,5.010000228881836
2026-07-17,4.800000190734863,4.551000118255615,1.659352421328571,64.68253968253968,64.68253968253968,4.800000190734863
2026-07-20,5.010000228881836,4.860000133514404,2.9771669042330506,65.47619047619048,65.47619047619048,5.010000228881836
2026-07-21,5.960000038146973,5.46999979019165,18.723801916859912,78.96825396825396,78.96825396825396,5.960000038146973
2026-07-22,5.300000190734863,5.704999923706055,16.667622273874226,76.38888888888889,76.38888888888889,5.300000190734863
2026-07-23,4.980000019073486,5.110000133514404,10.617114469202061,71.42857142857143,71.42857142857143,4.980000019073486
2026-07-24,4.800000190734863,4.940000057220459,4.662738766086045,66.46825396825396,66.46825396825396,4.800000190734863
2026-07-27,5.340000152587891,5.090000152587891,10.662234387849178,71.62698412698413,71.62698412698413,5.340000152587891
2026-07-28,5.360000133514404,5.014999866485596,13.48670326361707,73.4126984126984,73.4126984126984,5.360000133514404
2026-07-29,4.869999885559082,5.269999980926514,6.125641942526975,67.85714285714286,67.85714285714286,4.869999885559082
2026-07-30,5.070000171661377,4.934999942779541,4.704882464377617,66.66666666666666,66.66666666666666,5.070000171661377
2026-07-31,4.0,4.440000057220459,-9.852536937398245,55.35714285714286,55.35714285714286,4.0
2026-08-03,4.0,3.880000114440918,-17.329383875628277,44.24603174603175,44.24603174603175,4.0
2026-08-04,4.230000019073486,4.050000190734863,-16.895660206264566,45.03968253968254,45.03968253968254,4.230000019073486
2026-08-05,4.159999847412109,4.239999771118164,-17.623327737611508,44.047619047619044,44.047619047619044,4.159999847412109
2026-08-06,3.930000066757202,4.0,-21.97970863658182,39.48412698412698,39.48412698412698,3.930000066757202
2026-08-07,4.380000114440918,4.079999923706055,-14.949452574774286,49.60317460317461,49.60317460317461,4.380000114440918
2026-08-10,4.090000152587891,4.340000152587891,-16.51111186860776,45.43650793650794,45.43650793650794,4.090000152587891
2026-08-11,4.090000152587891,4.139999866485596,-17.3323098610888,43.65079365079365,43.65079365079365,4.090000152587891
2026-08-12,4.110000133514404,4.175000190734863,-17.181950334283325,44.047619047619044,44.047619047619044,4.110000133514404
2026-08-13,4.360000133514404,4.110000133514404,-11.813558350957294,53.17460317460318,53.17460317460318,4.360000133514404
2026-08-14,4.070000171661377,4.204999923706055,-14.644339239641768,50.198412698412696,50.198412698412696,4.070000171661377
2026-08-17,4.159999847412109,4.050000190734863,-13.930330329344475,51.587301587301596,51.587301587301596,4.159999847412109
2026-08-18,3.930000066757202,4.019999980926514,-18.552756497682193,41.46825396825397,41.46825396825397,3.930000066757202
2026-08-19,4.650000095367432,4.005000114440918,-4.441264597759432,58.730158730158735,58.730158730158735,4.650000095367432
2026-08-20,5.380000114440918,5.400000095367432,17.49654452056523,78.17460317460318,78.17460317460318,5.380000114440918
2026-08-21,6.25,5.860000133514404,28.246985749769294,90.07936507936508,90.07936507936508,6.25
2026-08-24,5.769999980926514,6.425000190734863,29.31636396656603,91.26984126984127,91.26984126984127,5.769999980926514
2026-08-25,6.28000020980835,5.559999942779541,33.88119610025297,94.44444444444444,94.44444444444444,6.28000020980835
2026-08-26,5.920000076293945,5.920000076293945,33.20190441086186,93.65079365079364,93.65079365079364,5.920000076293945
2026-08-27,6.5,6.204999923706055,36.8640981449573,97.02380952380952,97.02380952380952,6.5
2026-08-28,5.650000095367432,6.170000076293945,31.18801861925105,92.46031746031747,92.46031746031747,5.650000095367432
2026-08-31,6.25,5.650000095367432,33.35990237489422,93.65079365079364,93.65079365079364,6.25
2026-09-01,5.5,5.820000171661377,25.891077711655626,86.70634920634922,86.70634920634922,5.5
2026-09-02,5.389999866485596,5.355000019073486,20.045548046283045,80.35714285714286,80.35714285714286,5.389999866485596
2026-09-03,6.480000019073486,5.789999961853027,29.338092518170644,90.27777777777779,90.27777777777779,6.480000019073486
2026-09-04,5.929999828338623,5.940000057220459,28.168705503616938,88.29365079365078,88.29365079365078,5.929999828338623
2026-09-08,5.570000171661377,5.684999942779541,22.71664862970666,84.12698412698413,84.12698412698413,5.570000171661377
2026-09-09,5.300000190734863,5.909999847412109,15.911877462962531,73.4126984126984,73.4126984126984,5.300000190734863
2026-09-10,5.139999866485596,5.070000171661377,10.052522013485712,68.05555555555556,68.05555555555556,5.139999866485596
2026-09-11,5.320000171661377,5.260000228881836,9.40756968301946,67.65873015873017,67.65873015873017,5.320000171661377
2026-09-14,6.289999961853027,5.679999828338623,21.863133344050016,82.93650793650794,82.93650793650794,6.289999961853027
2026-09-15,5.03000020980835,5.800000190734863,11.774725060035172,69.24603174603175,69.24603174603175,5.03000020980835
2026-09-16,4.579999923706055,5.059999942779541,-0.31206039126539314,59.32539682539682,59.32539682539682,4.579999923706055
2026-09-17,5.090000152587891,4.869999885559082,0.9594174246767041,60.317460317460316,60.317460317460316,5.090000152587891
2026-09-18,6.269999980926514,5.349999904632568,16.137149732336503,73.80952380952381,73.80952380952381,6.269999980926514
2026-09-21,6.699999809265137,6.980000019073486,24.88660618813443,85.31746031746032,85.31746031746032,6.699999809265137
2026-09-22,6.699999809265137,6.614999771118164,29.35647882930965,90.47619047619048,90.47619047619048,6.699999809265137
2026-09-23,6.510000228881836,6.489999771118164,29.78417056152231,90.67460317460318,90.67460317460318,6.510000228881836
2026-09-24,6.570000171661377,6.420000076293945,30.58598677635697,91.26984126984127,91.26984126984127,6.570000171661377
2026-09-25,6.309999942779541,6.579999923706055,27.915874618859238,87.3015873015873,87.3015873015873,6.309999942779541
2026-09-28,6.079999944865232,6.354999942371473,23.808043520326315,83.73015873015873,83.73015873015873,6.079999923706055
2026-09-29,5.979999945772053,6.4399999416006715,19.93034957754366,77.97619047619048,77.97619047619048,5.980000019073486
2026-09-30,5.739999947948426,6.294999942915564,14.009797937172516,69.64285714285714,69.64285714285714,5.739999771118164
2026-10-01,5.9099999464068285,5.719999948129789,13.523522526979745,68.84920634920636,68.84920634920636,5.909999847412109
2026-10-02,5.519999949943434,6.244999943368976,7.341504672570477,63.29365079365079,63.29365079365079,5.519999980926514
2026-10-05,5.80999994731365,5.759999947767061,8.688267478748125,63.888888888888886,63.888888888888886,5.809999942779541
2026-10-06,5.669999948583201,5.849999946950922,7.214013241743015,62.698412698412696,62.698412698412696,5.670000076293945
2026-10-07,5.229999901273277,5.329999803653453,-0.7528756438682129,56.547619047619044,56.547619047619044,5.230000019073486
2026-10-08,4.849999795391459,5.014999753528037,-11.966578934458688,46.82539682539682,46.82539682539682,4.849999904632568
2026-10-09,5.260000110405904,4.999999887380298,-9.287636195754722,50.0,50.0,5.260000228881836
