date,close,open,without_long,without_long_rank,without_long_partial_rank,raw_close
2014-01-02,10.645000457763672,10.617500305175781,,,,10.645000457763672
2014-01-03,10.8725004196167,10.765000343322754,,,,10.8725004196167
2014-01-06,10.867500305175781,10.967499732971191,,,,10.867500305175781
2014-01-07,10.779999732971191,10.744999885559082,,,,10.779999732971191
2014-01-08,10.645000457763672,10.649999618530273,,,,10.645000457763672
2014-01-09,10.670000076293945,10.642499923706055,,,,10.670000076293945
2014-01-10,11.029999732971191,10.97249984741211,,,,11.029999732971191
2014-01-13,11.167499542236328,11.100000381469727,,,,11.167499542236328
2014-01-14,10.954999923706055,11.135000228881836,,,,10.954999923706055
2014-01-15,10.932499885559082,10.795000076293945,,,,10.932499885559082
2014-01-16,10.954999923706055,10.930000305175781,,,,10.954999923706055
2014-01-17,11.157500267028809,11.0625,,,,11.157500267028809
2014-01-21,10.917499542236328,10.817500114440918,,,,10.917499542236328
2014-01-22,10.84000015258789,10.90999984741211,,,,10.84000015258789
2014-01-23,11.297499656677246,11.119999885559082,,,,11.297499656677246
2014-01-24,11.399999618530273,11.375,,,,11.399999618530273
2014-01-27,11.170000076293945,11.324999809265137,,,,11.170000076293945
2014-01-28,11.142499923706055,11.197500228881836,,,,11.142499923706055
2014-01-29,11.422499656677246,11.4375,,,,11.422499656677246
2014-01-30,10.914999961853027,10.957500457763672,,,,10.914999961853027
2014-01-31,10.984999656677246,11.0,,,,10.984999656677246
2014-02-03,11.210000038146973,11.010000228881836,,,,11.210000038146973
2014-02-04,11.15250015258789,11.045000076293945,,,,11.15250015258789
2014-02-05,11.199999809265137,11.244999885559082,,,,11.199999809265137
2014-02-06,11.197500228881836,11.229999542236328,,,,11.197500228881836
2014-02-07,11.3725004196167,11.262499809265137,,,,11.3725004196167
2014-02-10,11.505000114440918,11.4975004196167,,,,11.505000114440918
2014-02-11,11.78499984741211,11.647500038146973,,,,11.78499984741211
2014-02-12,11.807499885559082,11.84749984741211,,,,11.807499885559082
2014-02-13,12.005000114440918,11.914999961853027,,,,12.005000114440918
2014-02-14,12.297499656677246,12.272500038146973,,,,12.297499656677246
2014-02-18,12.357500076293945,12.27750015258789,,,,12.357500076293945
2014-02-19,12.142499923706055,12.397500038146973,,,,12.142499923706055
2014-02-20,12.40250015258789,12.180000305175781,,,,12.40250015258789
2014-02-21,12.392499923706055,12.3774995803833,,,,12.392499923706055
2014-02-24,12.642499923706055,12.5024995803833,,,,12.642499923706055
2014-02-25,12.71500015258789,12.517499923706055,,,,12.71500015258789
2014-02-26,12.47249984741211,12.507499694824219,,,,12.47249984741211
2014-02-27,12.512499809265137,12.539999961853027,,,,12.512499809265137
2014-02-28,12.375,12.487500190734863,,,,12.375
2014-03-03,12.90999984741211,12.829999923706055,,,,12.90999984741211
2014-03-04,12.585000038146973,12.5600004196167,,,,12.585000038146973
2014-03-05,12.6274995803833,12.59749984741211,,,,12.6274995803833
2014-03-06,12.880000114440918,12.755000114440918,,,,12.880000114440918
2014-03-07,12.672499656677246,12.569999694824219,,,,12.672499656677246
2014-03-10,12.6850004196167,12.71500015258789,,,,12.6850004196167
2014-03-11,12.8100004196167,12.885000228881836,,,,12.8100004196167
2014-03-12,13.199999809265137,13.082500457763672,,,,13.199999809265137
2014-03-13,13.27750015258789,13.204999923706055,,,,13.27750015258789
2014-03-14,13.449999809265137,13.632499694824219,,,,13.449999809265137
2014-03-17,13.172499656677246,13.479999542236328,,,,13.172499656677246
2014-03-18,12.960000038146973,12.850000381469727,,,,12.960000038146973
2014-03-19,12.457500457763672,12.75,,,,12.457500457763672
2014-03-20,12.407500267028809,12.3125,,,,12.407500267028809
2014-03-21,12.539999961853027,12.6225004196167,,,,12.539999961853027
2014-03-24,12.079999923706055,12.227499961853027,,,,12.079999923706055
2014-03-25,12.1225004196167,12.085000038146973,,,,12.1225004196167
2014-03-26,11.932499885559082,12.087499618530273,,,,11.932499885559082
2014-03-27,11.77750015258789,11.822500228881836,,,,11.77750015258789
2014-03-28,11.765000343322754,11.645000457763672,,,,11.765000343322754
2014-03-31,11.585000038146973,11.744999885559082,,,,11.585000038146973
2014-04-01,11.552499771118164,11.6225004196167,,,,11.552499771118164
2014-04-02,11.72249984741211,11.75,,,,11.72249984741211
2014-04-03,11.645000457763672,11.6875,,,,11.645000457763672
2014-04-04,11.952500343322754,11.882499694824219,,,,11.952500343322754
2014-04-07,11.837499618530273,11.845000267028809,,,,11.837499618530273
2014-04-08,12.047499656677246,12.09749984741211,,,,12.047499656677246
2014-04-09,12.09000015258789,11.9375,,,,12.09000015258789
2014-04-10,12.22249984741211,12.227499961853027,,,,12.22249984741211
2014-04-11,12.217499732971191,12.229999542236328,,,,12.217499732971191
2014-04-14,12.385000228881836,12.380000114440918,,,,12.385000228881836
2014-04-15,11.9350004196167,11.744999885559082,,,,11.9350004196167
2014-04-16,11.9350004196167,11.914999961853027,,,,11.9350004196167
2014-04-17,11.787500381469727,11.925000190734863,,,,11.787500381469727
2014-04-21,11.692500114440918,11.662500381469727,,,,11.692500114440918
2014-04-22,11.602499961853027,11.657500267028809,,,,11.602499961853027
2014-04-23,11.595000267028809,11.595000267028809,,,,11.595000267028809
2014-04-24,11.742500305175781,11.427499771118164,,,,11.742500305175781
2014-04-25,11.922499656677246,11.875,,,,11.922499656677246
2014-04-28,11.8100004196167,11.9375,,,,11.8100004196167
2014-04-29,11.797499656677246,11.819999694824219,,,,11.797499656677246
2014-04-30,11.707500457763672,11.670000076293945,,,,11.707500457763672
2014-05-01,11.600000381469727,11.475000381469727,,,,11.600000381469727
2014-05-02,11.829999923706055,11.5600004196167,,,,11.829999923706055
2014-05-05,12.052499771118164,12.082500457763672,,,,12.052499771118164
2014-05-06,12.005000114440918,12.024999618530273,,,,12.005000114440918
2014-05-07,11.65999984741211,11.912500381469727,,,,11.65999984741211
2014-05-08,11.664999961853027,11.662500381469727,,,,11.664999961853027
2014-05-09,11.65999984741211,11.717499732971191,,,,11.65999984741211
2014-05-12,11.802499771118164,11.850000381469727,,,,11.802499771118164
2014-05-13,11.744999885559082,11.732500076293945,,,,11.744999885559082
2014-05-14,11.97249984741211,11.932499885559082,,,,11.97249984741211
2014-05-15,11.774999618530273,11.767499923706055,,,,11.774999618530273
2014-05-16,11.732500076293945,11.645000457763672,,,,11.732500076293945
2014-05-19,11.729999542236328,11.852499961853027,,,,11.729999542236328
2014-05-20,11.75,11.635000228881836,,,,11.75
2014-05-21,11.694999694824219,11.725000381469727,,,,11.694999694824219
2014-05-22,11.75,11.852499961853027,,,,11.75
2014-05-23,11.712499618530273,11.72249984741211,,,,11.712499618530273
2014-05-27,11.225000381469727,11.479999542236328,,,,11.225000381469727
2014-05-28,11.100000381469727,11.142499923706055,,,,11.100000381469727
2014-05-29,11.0600004196167,11.017499923706055,,,,11.0600004196167
2014-05-30,10.962499618530273,11.007499694824219,,,,10.962499618530273
2014-06-02,10.824999809265137,10.854999542236328,,,,10.824999809265137
2014-06-03,10.8774995803833,10.827500343322754,,,,10.8774995803833
2014-06-04,10.832500457763672,10.949999809265137,,,,10.832500457763672
2014-06-05,10.989999771118164,10.984999656677246,,,,10.989999771118164
2014-06-06,11.0,11.017499923706055,,,,11.0
2014-06-09,11.0,11.010000228881836,,,,11.0
2014-06-10,11.1274995803833,11.125,,,,11.1274995803833
2014-06-11,11.135000228881836,11.142499923706055,,,,11.135000228881836
2014-06-12,11.362500190734863,11.27750015258789,,,,11.362500190734863
2014-06-13,11.417499542236328,11.482500076293945,,,,11.417499542236328
2014-06-16,11.324999809265137,11.444999694824219,,,,11.324999809265137
2014-06-17,11.300000190734863,11.21500015258789,,,,11.300000190734863
2014-06-18,11.375,11.274999618530273,,,,11.375
2014-06-19,12.164999961853027,11.667499542236328,,,,12.164999961853027
2014-06-20,12.09749984741211,12.0625,,,,12.09749984741211
2014-06-23,12.132499694824219,12.125,,,,12.132499694824219
2014-06-24,12.170000076293945,12.207500457763672,,,,12.170000076293945
2014-06-25,12.172499656677246,12.125,,,,12.172499656677246
2014-06-26,12.102499961853027,12.09000015258789,,,,12.102499961853027
2014-06-27,12.109999656677246,12.140000343322754,,,,12.109999656677246
2014-06-30,12.352499961853027,12.0600004196167,,,,12.352499961853027
2014-07-01,12.3149995803833,12.3725004196167,,,,12.3149995803833
2014-07-02,12.319999694824219,12.305000305175781,,,,12.319999694824219
2014-07-03,12.175000190734863,12.1225004196167,,,,12.175000190734863
2014-07-07,12.164999961853027,12.1274995803833,,,,12.164999961853027
2014-07-08,12.172499656677246,12.210000038146973,,,,12.172499656677246
2014-07-09,12.327500343322754,12.2524995803833,,,,12.327500343322754
2014-07-10,12.467499732971191,12.555000305175781,,,,12.467499732971191
2014-07-11,12.512499809265137,12.484999656677246,,,,12.512499809265137
2014-07-14,11.917499542236328,11.854999542236328,,,,11.917499542236328
2014-07-15,11.677499771118164,11.9350004196167,,,,11.677499771118164
2014-07-16,11.757499694824219,11.765000343322754,,,,11.757499694824219
2014-07-17,12.157500267028809,11.864999771118164,,,,12.157500267028809
2014-07-18,11.989999771118164,11.947500228881836,,,,11.989999771118164
2014-07-21,12.022500038146973,12.072500228881836,,,,12.022500038146973
2014-07-22,11.899999618530273,12.012499809265137,,,,11.899999618530273
2014-07-23,11.887499809265137,11.897500038146973,,,,11.887499809265137
2014-07-24,11.645000457763672,11.725000381469727,,,,11.645000457763672
2014-07-25,11.912500381469727,11.664999961853027,,,,11.912500381469727
2014-07-28,11.897500038146973,11.8725004196167,,,,11.897500038146973
2014-07-29,11.792499542236328,11.930000305175781,,,,11.792499542236328
2014-07-30,11.725000381469727,11.729999542236328,,,,11.725000381469727
2014-07-31,11.477499961853027,11.532500267028809,,,,11.477499961853027
2014-08-01,11.654999732971191,11.657500267028809,,,,11.654999732971191
2014-08-04,11.572500228881836,11.630000114440918,,,,11.572500228881836
2014-08-05,11.5625,11.515000343322754,,,,11.5625
2014-08-06,11.904999732971191,11.917499542236328,,,,11.904999732971191
2014-08-07,11.982500076293945,11.869999885559082,,,,11.982500076293945
2014-08-08,11.984999656677246,11.982500076293945,,,,11.984999656677246
2014-08-11,11.942500114440918,11.925000190734863,,,,11.942500114440918
2014-08-12,11.942500114440918,12.010000228881836,,,,11.942500114440918
2014-08-13,11.987500190734863,11.9975004196167,,,,11.987500190734863
2014-08-14,12.0,12.020000457763672,,,,12.0
2014-08-15,11.829999923706055,11.677499771118164,,,,11.829999923706055
2014-08-18,11.744999885559082,11.697500228881836,,,,11.744999885559082
2014-08-19,11.692500114440918,11.732500076293945,,,,11.692500114440918
2014-08-20,11.602499961853027,11.697500228881836,,,,11.602499961853027
2014-08-21,11.354999542236328,11.354999542236328,,,,11.354999542236328
2014-08-22,11.414999961853027,11.3774995803833,,,,11.414999961853027
2014-08-25,11.327500343322754,11.375,,,,11.327500343322754
2014-08-26,11.442500114440918,11.59749984741211,,,,11.442500114440918
2014-08-27,11.442500114440918,11.507499694824219,,,,11.442500114440918
2014-08-28,11.5625,11.600000381469727,,,,11.5625
2014-08-29,11.52750015258789,11.529999732971191,,,,11.52750015258789
2014-09-02,11.130000114440918,11.1875,,,,11.130000114440918
2014-09-03,11.212499618530273,11.137499809265137,,,,11.212499618530273
2014-09-04,11.09000015258789,11.292499542236328,,,,11.09000015258789
2014-09-05,11.177499771118164,11.140000343322754,,,,11.177499771118164
2014-09-08,10.960000038146973,11.130000114440918,,,,10.960000038146973
2014-09-09,10.979999542236328,10.927499771118164,,,,10.979999542236328
2014-09-10,10.864999771118164,10.845000267028809,,,,10.864999771118164
2014-09-11,10.725000381469727,10.75,,,,10.725000381469727
2014-09-12,10.532500267028809,10.5600004196167,,,,10.532500267028809
2014-09-15,10.582500457763672,10.574999809265137,,,,10.582500457763672
2014-09-16,10.609999656677246,10.600000381469727,,,,10.609999656677246
2014-09-17,10.369999885559082,10.612500190734863,,,,10.369999885559082
2014-09-18,10.425000190734863,10.329999923706055,,,,10.425000190734863
2014-09-19,10.279999732971191,10.352499961853027,,,,10.279999732971191
2014-09-22,10.270000457763672,10.212499618530273,,,,10.270000457763672
2014-09-23,10.369999885559082,10.425000190734863,,,,10.369999885559082
2014-09-24,10.279999732971191,10.317500114440918,,,,10.279999732971191
2014-09-25,10.352499961853027,10.135000228881836,,,,10.352499961853027
2014-09-26,10.292499542236328,10.28499984741211,,,,10.292499542236328
2014-09-29,10.279999732971191,10.34749984741211,,,,10.279999732971191
2014-09-30,10.147500038146973,10.180000305175781,,,,10.147500038146973
2014-10-01,10.229999542236328,10.1875,,,,10.229999542236328
2014-10-02,10.225000381469727,10.227499961853027,,,,10.225000381469727
2014-10-03,9.850000381469727,9.960000038146973,,,,9.850000381469727
2014-10-06,10.112500190734863,9.9350004196167,,,,10.112500190734863
2014-10-07,10.164999961853027,10.170000076293945,,,,10.164999961853027
2014-10-08,10.350000381469727,10.262499809265137,,,,10.350000381469727
2014-10-09,10.385000228881836,10.399999618530273,,,,10.385000228881836
2014-10-10,10.382499694824219,10.404999732971191,,,,10.382499694824219
2014-10-13,10.550000190734863,10.447500228881836,,,,10.550000190734863
2014-10-14,10.529999732971191,10.555000305175781,,,,10.529999732971191
2014-10-15,10.619999885559082,10.640000343322754,,,,10.619999885559082
2014-10-16,10.662500381469727,10.625,,,,10.662500381469727
2014-10-17,10.609999656677246,10.617500305175781,,,,10.609999656677246
2014-10-20,10.7475004196167,10.75,,,,10.7475004196167
2014-10-21,10.78499984741211,10.845000267028809,,,,10.78499984741211
2014-10-22,10.672499656677246,10.7475004196167,,,,10.672499656677246
2014-10-23,10.505000114440918,10.542499542236328,,,,10.505000114440918
2014-10-24,10.482500076293945,10.555000305175781,,,,10.482500076293945
2014-10-27,10.442500114440918,10.444999694824219,,,,10.442500114440918
2014-10-28,10.447500228881836,10.529999732971191,,,,10.447500228881836
2014-10-29,10.157500267028809,10.357500076293945,,,,10.157500267028809
2014-10-30,9.9375,10.022500038146973,,,,9.9375
2014-10-31,9.487500190734863,9.367500305175781,,,,9.487500190734863
2014-11-03,9.422499656677246,9.447500228881836,,,,9.422499656677246
2014-11-04,9.404999732971191,9.420000076293945,,,,9.404999732971191
2014-11-05,9.005000114440918,9.0600004196167,,,,9.005000114440918
2014-11-06,9.022500038146973,9.03499984741211,,,,9.022500038146973
2014-11-07,9.52750015258789,9.197500228881836,,,,9.52750015258789
2014-11-10,9.114999771118164,9.430000305175781,,,,9.114999771118164
2014-11-11,9.404999732971191,9.212499618530273,,,,9.404999732971191
2014-11-12,9.295000076293945,9.414999961853027,,,,9.295000076293945
2014-11-13,9.317500114440918,9.354999542236328,,,,9.317500114440918
2014-11-14,9.78499984741211,9.15999984741211,,,,9.78499984741211
2014-11-17,9.732500076293945,9.694999694824219,,,,9.732500076293945
2014-11-18,9.907500267028809,9.887499809265137,,,,9.907500267028809
2014-11-19,9.65999984741211,9.895000457763672,,,,9.65999984741211
2014-11-20,9.8725004196167,9.800000190734863,,,,9.8725004196167
2014-11-21,9.954999923706055,10.0,,,,9.954999923706055
2014-11-24,9.90250015258789,9.930000305175781,,,,9.90250015258789
2014-11-25,9.952500343322754,9.885000228881836,,,,9.952500343322754
2014-11-26,9.907500267028809,9.90250015258789,,,,9.907500267028809
2014-11-28,9.385000228881836,9.587499618530273,,,,9.385000228881836
2014-12-01,10.167499542236328,9.630000114440918,,,,10.167499542236328
2014-12-02,9.895000457763672,9.925000190734863,,,,9.895000457763672
2014-12-03,10.092499732971191,9.982500076293945,,,,10.092499732971191
2014-12-04,10.024999618530273,10.074999809265137,,,,10.024999618530273
2014-12-05,9.787500381469727,9.90250015258789,,,,9.787500381469727
2014-12-08,9.9975004196167,9.875,,,,9.9975004196167
2014-12-09,10.399999618530273,10.229999542236328,,,,10.399999618530273
2014-12-10,10.392499923706055,10.380000114440918,,,,10.392499923706055
2014-12-11,10.324999809265137,10.225000381469727,,,,10.324999809265137
2014-12-12,10.279999732971191,10.295000076293945,,,,10.279999732971191
2014-12-15,9.762499809265137,10.09000015258789,,,,9.762499809265137
2014-12-16,9.845000267028809,10.069999694824219,,,,9.845000267028809
2014-12-17,9.729999542236328,9.852499961853027,,,,9.729999542236328
2014-12-18,9.875,9.957500457763672,,,,9.875
2014-12-19,9.819999694824219,9.885000228881836,,,,9.819999694824219
2014-12-22,9.447500228881836,9.822500228881836,,,,9.447500228881836
2014-12-23,9.477499961853027,9.492500305175781,,,,9.477499961853027
2014-12-24,9.475000381469727,9.484999656677246,,,,9.475000381469727
2014-12-26,9.8125,9.824999809265137,,,,9.8125
2014-12-29,9.635000228881836,9.782500267028809,,,,9.635000228881836
2014-12-30,9.882499694824219,9.84000015258789,,,,9.882499694824219
2014-12-31,9.602499961853027,9.850000381469727,-10.97471773796218,,,9.602499961853027
2015-01-02,9.675000190734863,9.422499656677246,-13.256343924098509,,,9.675000190734863
2015-01-05,9.954999923706055,9.792499542236328,-4.185847690811788,,,9.954999923706055
2015-01-06,10.202500343322754,10.050000190734863,7.7235312085574614,,,10.202500343322754
2015-01-07,10.074999809265137,10.079999923706055,10.48848411261786,,,10.074999809265137
2015-01-08,10.0024995803833,10.087499618530273,9.349680320548964,,,10.0024995803833
2015-01-09,10.217499732971191,10.117500305175781,16.507980648349736,,,10.217499732971191
2015-01-12,10.444999694824219,10.260000228881836,25.739509864107163,,,10.444999694824219
2015-01-13,10.382499694824219,10.517499923706055,27.491084619635743,,,10.382499694824219
2015-01-14,10.34749984741211,10.539999961853027,26.857876639149737,,,10.34749984741211
2015-01-15,10.842499732971191,10.772500038146973,30.39567854696178,,,10.842499732971191
2015-01-16,11.149999618530273,11.032500267028809,33.914944729246486,,,11.149999618530273
2015-01-20,11.470000267028809,11.362500190734863,37.415181754224655,,,11.470000267028809
2015-01-21,11.489999771118164,11.649999618530273,38.14002130531542,,,11.489999771118164
2015-01-22,11.654999732971191,11.632499694824219,40.121876825649,,,11.654999732971191
2015-01-23,11.489999771118164,11.515000343322754,38.42686153724992,,,11.489999771118164
2015-01-26,11.239999771118164,11.289999961853027,33.43107243159915,,,11.239999771118164
2015-01-27,11.477499961853027,11.329999923706055,34.03666151328167,,,11.477499961853027
2015-01-28,11.317500114440918,11.3125,31.516657933107904,,,11.317500114440918
2015-01-29,10.8149995803833,11.0600004196167,21.964307176496884,,,10.8149995803833
2015-01-30,11.279999732971191,10.944999694824219,24.446251818774094,,,11.279999732971191
2015-02-02,11.112500190734863,11.010000228881836,23.217736452873545,,,11.112500190734863
2015-02-03,10.887499809265137,11.017499923706055,16.211011205333747,,,10.887499809265137
2015-02-04,10.957500457763672,11.005000114440918,13.42821114356866,,,10.957500457763672
2015-02-05,11.005000114440918,10.859999656677246,13.218511518537571,,,11.005000114440918
2015-02-06,10.4399995803833,10.542499542236328,-2.5381328298792707,,,10.4399995803833
2015-02-09,10.547499656677246,10.467499732971191,-8.752956369838783,,,10.547499656677246
2015-02-10,10.417499542236328,10.432499885559082,-17.670240494029677,,,10.417499542236328
2015-02-11,10.180000305175781,10.40999984741211,-26.776252562289798,,,10.180000305175781
2015-02-12,10.227499961853027,10.265000343322754,-30.09603322536481,,,10.227499961853027
2015-02-13,10.307499885559082,10.357500076293945,-30.02292430572741,,,10.307499885559082
2015-02-17,9.987500190734863,10.042499542236328,-33.05948042706106,,,9.987500190734863
2015-02-18,10.029999732971191,9.962499618530273,-32.70154118908321,,,10.029999732971191
2015-02-19,9.975000381469727,10.050000190734863,-33.47045664520646,,,9.975000381469727
2015-02-20,9.854999542236328,9.987500190734863,-35.85353990266443,,,9.854999542236328
2015-02-23,9.885000228881836,9.805000305175781,-36.195235039076884,,,9.885000228881836
2015-02-24,9.832500457763672,9.800000190734863,-36.05257465457658,,,9.832500457763672
2015-02-25,9.925000190734863,9.9399995803833,-33.60052982989761,,,9.925000190734863
2015-02-26,9.984999656677246,10.074999809265137,-30.34912821086719,,,9.984999656677246
2015-02-27,10.017499923706055,10.100000381469727,-27.24562135206179,,,10.017499923706055
2015-03-02,9.912500381469727,10.050000190734863,-28.371726111514185,,,9.912500381469727
2015-03-03,9.869999885559082,10.055000305175781,-30.053632556511673,,,9.869999885559082
2015-03-04,9.827500343322754,9.90999984741211,-31.74135491807239,,,9.827500343322754
2015-03-05,9.805000305175781,9.875,-33.0689410608147,,,9.805000305175781
2015-03-06,9.279999732971191,9.494999885559082,-37.94198499910623,,,9.279999732971191
2015-03-09,9.279999732971191,9.357500076293945,-40.20022350406827,,,9.279999732971191
2015-03-10,9.1850004196167,9.289999961853027,-42.299870492565354,,,9.1850004196167
2015-03-11,9.092499732971191,9.162500381469727,-42.3463810113819,,,9.092499732971191
2015-03-12,9.079999923706055,9.15999984741211,-42.49761003457058,,,9.079999923706055
2015-03-13,9.095000267028809,9.132499694824219,-42.15326367013182,,,9.095000267028809
2015-03-16,9.112500190734863,9.1274995803833,-41.507246500065,,,9.112500190734863
2015-03-17,8.994999885559082,8.925000190734863,-42.18303220591492,,,8.994999885559082
2015-03-18,9.34000015258789,9.005000114440918,-31.356272239914862,,,9.34000015258789
2015-03-19,9.327500343322754,9.279999732971191,-25.900990719535567,,,9.327500343322754
2015-03-20,9.520000457763672,9.425000190734863,-14.166264543407985,,,9.520000457763672
2015-03-23,9.672499656677246,9.574999809265137,-1.1105091270706005,,,9.672499656677246
2015-03-24,9.697500228881836,9.675000190734863,6.927651632511391,,,9.697500228881836
2015-03-25,9.742500305175781,9.787500381469727,13.298717348574451,,,9.742500305175781
2015-03-26,9.859999656677246,9.897500038146973,20.527764627889667,,,9.859999656677246
2015-03-27,9.770000457763672,9.827500343322754,21.05031334296345,,,9.770000457763672
2015-03-30,9.587499618530273,9.579999923706055,13.857542566666933,,,9.587499618530273
2015-03-31,9.53499984741211,9.602499961853027,7.194136004097299,,,9.53499984741211
2015-04-01,9.8725004196167,9.6899995803833,20.33746286224663,,,9.8725004196167
2015-04-02,9.817500114440918,9.845000267028809,25.087837867143705,,,9.817500114440918
2015-04-06,10.055000305175781,10.157500267028809,30.339364000861174,,,10.055000305175781
2015-04-07,9.975000381469727,10.010000228881836,30.998739696390924,,,9.975000381469727
2015-04-08,9.84000015258789,9.967499732971191,26.88303605782314,,,9.84000015258789
2015-04-09,9.710000038146973,9.729999542236328,19.33675035464885,,,9.710000038146973
2015-04-10,9.917499542236328,9.932499885559082,23.265968886919786,,,9.917499542236328
2015-04-13,9.787500381469727,9.84000015258789,19.67691562136279,,,9.787500381469727
2015-04-14,9.672499656677246,9.744999885559082,13.720832783499388,,,9.672499656677246
2015-04-15,9.819999694824219,9.704999923706055,16.058345492105488,,,9.819999694824219
2015-04-16,9.7524995803833,9.862500190734863,14.138974291697561,,,9.7524995803833
2015-04-17,9.852499961853027,9.84749984741211,15.775007288170933,,,9.852499961853027
2015-04-20,9.707500457763672,9.7475004196167,7.14758685508111,,,9.707500457763672
2015-04-21,9.807499885559082,9.707500457763672,5.553980047287588,,,9.807499885559082
2015-04-22,9.5600004196167,9.71500015258789,-9.893814747374305,,,9.5600004196167
2015-04-23,9.699999809265137,9.557499885559082,-9.15913882651535,,,9.699999809265137
2015-04-24,9.442500114440918,9.569999694824219,-19.17068128843377,,,9.442500114440918
2015-04-27,9.802499771118164,9.547499656677246,-6.446028474968429,,,9.802499771118164
2015-04-28,9.97249984741211,9.782500267028809,8.765252651693055,,,9.97249984741211
2015-04-29,9.84000015258789,9.949999809265137,9.762472633987738,,,9.84000015258789
2015-04-30,9.484999656677246,9.532500267028809,-7.277618530314505,,,9.484999656677246
2015-05-01,9.444999694824219,9.322500228881836,-15.889727612295129,,,9.444999694824219
2015-05-04,9.592499732971191,9.59749984741211,-13.065097544433868,,,9.592499732971191
2015-05-05,9.649999618530273,9.71500015258789,-6.358338685265966,,,9.649999618530273
2015-05-06,9.619999885559082,9.699999809265137,-4.3998862109343575,,,9.619999885559082
2015-05-07,9.482500076293945,9.52750015258789,-11.07283850046626,,,9.482500076293945
2015-05-08,9.585000038146973,9.602499961853027,-8.396301249636144,,,9.585000038146973
2015-05-11,9.510000228881836,9.585000038146973,-11.372163642718467,,,9.510000228881836
2015-05-12,9.642499923706055,9.602499961853027,-4.8512064605737075,,,9.642499923706055
2015-05-13,9.9975004196167,9.854999542236328,14.852399044772731,,,9.9975004196167
2015-05-14,10.119999885559082,10.149999618530273,25.525274948309512,,,10.119999885559082
2015-05-15,10.1875,10.032500267028809,32.66566058932666,,,10.1875
2015-05-18,10.180000305175781,10.232500076293945,35.45161666921098,,,10.180000305175781
2015-05-19,9.882499694824219,9.992500305175781,25.966937666468926,,,9.882499694824219
2015-05-20,9.912500381469727,9.895000457763672,22.39771444004188,,,9.912500381469727
2015-05-21,9.867500305175781,9.817500114440918,17.688445334830625,,,9.867500305175781
2015-05-22,9.842499732971191,9.807499885559082,13.75836269493346,,,9.842499732971191
2015-05-26,9.5649995803833,9.5625,-1.6981781349187646,,,9.5649995803833
2015-05-27,9.542499542236328,9.515000343322754,-10.572477057748946,,,9.542499542236328
2015-05-28,9.5625,9.507499694824219,-14.413573634813387,,,9.5625
2015-05-29,9.595000267028809,9.602499961853027,-14.655463168856423,,,9.595000267028809
2015-06-01,9.572500228881836,9.725000381469727,-16.201096833056244,,,9.572500228881836
2015-06-02,9.642499923706055,9.625,-15.320153695803244,,,9.642499923706055
2015-06-03,9.484999656677246,9.619999885559082,-22.181264730604088,,,9.484999656677246
2015-06-04,9.3774995803833,9.350000381469727,-28.12097091826014,,,9.3774995803833
2015-06-05,9.255000114440918,9.135000228881836,-31.55011598318755,,,9.255000114440918
2015-06-08,9.34000015258789,9.305000305175781,-29.974679305135666,,,9.34000015258789
2015-06-09,9.359999656677246,9.420000076293945,-28.32705463905632,,,9.359999656677246
2015-06-10,9.512499809265137,9.550000190734863,-20.103082383551452,,,9.512499809265137
2015-06-11,9.4375,9.385000228881836,-19.582669382800248,,,9.4375
2015-06-12,9.420000076293945,9.375,-20.178534688644795,,,9.420000076293945
2015-06-15,9.517499923706055,9.452500343322754,-14.590279652389276,,,9.517499923706055
2015-06-16,9.425000190734863,9.425000190734863,-16.641862597993125,,,9.425000190734863
2015-06-17,9.5,9.380000114440918,-11.187722661178347,,,9.5
2015-06-18,9.7524995803833,9.712499618530273,7.186000250756544,,,9.7524995803833
2015-06-19,9.737500190734863,9.7524995803833,17.62214689751586,,,9.737500190734863
2015-06-22,9.470000267028809,9.47249984741211,6.900485883841924,,,9.470000267028809
2015-06-23,9.354999542236328,9.382499694824219,-4.7771814486365045,,,9.354999542236328
2015-06-24,9.317500114440918,9.274999618530273,-12.958620962114503,,,9.317500114440918
2015-06-25,9.274999618530273,9.272500038146973,-19.246148820329832,,,9.274999618530273
2015-06-26,9.332500457763672,9.262499809265137,-19.082685342655527,,,9.332500457763672
2015-06-29,9.395000457763672,9.352499961853027,-14.286785395223658,,,9.395000457763672
2015-06-30,9.260000228881836,9.257499694824219,-20.15839716167833,,,9.260000228881836
2015-07-01,9.210000038146973,9.227499961853027,-25.83370866115617,,,9.210000038146973
2015-07-02,9.172499656677246,9.147500038146973,-29.876024279108325,,19.047619047619047,9.172499656677246
2015-07-06,9.227499961853027,9.137499809265137,-28.42405266687032,,19.68503937007874,9.227499961853027
2015-07-07,9.010000228881836,9.037500381469727,-31.883694867362266,,12.5,9.010000228881836
2015-07-08,9.055000305175781,9.09000015258789,-32.03080882460549,,12.4031007751938,9.055000305175781
2015-07-09,9.09749984741211,9.15250015258789,-29.829250677447778,,20.76923076923077,9.09749984741211
2015-07-10,9.119999885559082,9.052499771118164,-27.076617400380393,,25.190839694656486,9.119999885559082
2015-07-13,9.045000076293945,8.970000267028809,-29.089398307685883,,21.21212121212121,9.045000076293945
2015-07-14,9.0,9.017499923706055,-32.03363780403782,,12.030075187969924,9.0
2015-07-15,8.885000228881836,8.914999961853027,-35.55505837210611,,8.208955223880597,8.885000228881836
2015-07-16,8.822500228881836,8.802499771118164,-38.4170190874075,,5.185185185185185,8.822500228881836
2015-07-17,8.65250015258789,8.712499618530273,-40.7732038482172,,4.411764705882353,8.65250015258789
2015-07-20,8.180000305175781,8.3149995803833,-43.06480560184578,,0.0,8.180000305175781
2015-07-21,8.1225004196167,8.220000267028809,-44.350820815362354,,0.0,8.1225004196167
2015-07-22,8.0600004196167,7.965000152587891,-43.7151129800794,,0.7194244604316548,8.0600004196167
2015-07-23,7.974999904632568,8.085000038146973,-44.586245332072835,,0.0,7.974999904632568
2015-07-24,8.1274995803833,7.864999771118164,-40.60411496696153,,7.801418439716312,8.1274995803833
2015-07-27,8.055000305175781,8.072500228881836,-39.648353356316946,,9.15492957746479,8.055000305175781
2015-07-28,8.079999923706055,8.092499732971191,-38.37158704611229,,10.48951048951049,8.079999923706055
2015-07-29,8.095000267028809,8.072500228881836,-37.03871900925169,,11.805555555555555,8.095000267028809
2015-07-30,7.972499847412109,7.9375,-38.76465412492672,,9.655172413793103,7.972499847412109
2015-07-31,8.057499885559082,8.007499694824219,-36.770798925949485,,13.013698630136986,8.057499885559082
2015-08-03,7.940000057220459,7.972499847412109,-38.11998384863972,,11.564625850340136,7.940000057220459
2015-08-04,7.945000171661377,7.987500190734863,-38.529927680293035,,10.135135135135135,7.945000171661377
2015-08-05,7.892499923706055,7.96750020980835,-40.00599212574007,,8.724832214765101,7.892499923706055
2015-08-06,7.985000133514404,7.920000076293945,-37.68265657715358,,14.000000000000002,7.985000133514404
2015-08-07,8.032500267028809,8.0024995803833,-34.82321103350885,,18.543046357615893,8.032500267028809
2015-08-10,8.182499885559082,8.087499618530273,-26.45960791696858,,36.18421052631579,8.182499885559082
2015-08-11,8.255000114440918,8.317500114440918,-18.124913004572726,,43.13725490196079,8.255000114440918
2015-08-12,8.494999885559082,8.397500038146973,0.05588880176712418,,64.28571428571429,8.494999885559082
2015-08-13,8.357500076293945,8.375,3.468019227641397,,64.51612903225806,8.357500076293945
2015-08-14,8.359999656677246,8.412500381469727,7.179368984599151,,67.3076923076923,8.359999656677246
2015-08-17,8.397500038146973,8.449999809265137,16.07085177421379,,78.343949044586,8.397500038146973
2015-08-18,8.392499923706055,8.329999923706055,20.410967297207115,,82.91139240506328,8.392499923706055
2015-08-19,8.607500076293945,8.489999771118164,30.634321009736844,,93.08176100628931,8.607500076293945
2015-08-20,8.897500038146973,8.835000038146973,36.3221571557921,,97.5,8.897500038146973
2015-08-21,9.02750015258789,8.992500305175781,39.67358339092739,,99.37888198757764,9.02750015258789
2015-08-24,8.927499771118164,9.077500343322754,37.6021085797636,,97.53086419753086,8.927499771118164
2015-08-25,8.712499618530273,8.8125,31.001594362053364,,92.02453987730061,8.712499618530273
2015-08-26,8.475000381469727,8.454999923706055,18.18474177927112,,78.04878048780488,8.475000381469727
2015-08-27,8.477499961853027,8.404999732971191,11.258639403113024,,68.48484848484848,8.477499961853027
2015-08-28,8.6274995803833,8.532500267028809,13.951750185899806,,72.28915662650603,8.6274995803833
2015-08-31,8.642499923706055,8.529999732971191,15.819544550065423,,74.25149700598801,8.642499923706055
2015-09-01,8.712499618530273,8.789999961853027,19.116287630416323,,78.57142857142857,8.712499618530273
2015-09-02,8.612500190734863,8.672499656677246,16.352886423151585,,75.7396449704142,8.612500190734863
2015-09-03,8.47249984741211,8.484999656677246,8.119206984170662,,64.11764705882354,8.47249984741211
2015-09-04,8.4399995803833,8.380000114440918,1.3236958998463433,,58.47953216374269,8.4399995803833
2015-09-08,8.414999961853027,8.425000190734863,-4.681985594409204,,54.65116279069767,8.414999961853027
2015-09-09,8.220000267028809,8.282500267028809,-17.09357054443391,,39.30635838150289,8.220000267028809
2015-09-10,8.262499809265137,8.289999961853027,-21.44191560439274,,33.90804597701149,8.262499809265137
2015-09-11,8.210000038146973,8.132499694824219,-25.043010880416155,,33.14285714285714,8.210000038146973
2015-09-14,8.22249984741211,8.154999732971191,-26.411112246565033,,31.818181818181817,8.22249984741211
2015-09-15,8.175000190734863,8.157500267028809,-29.385194482370537,,26.55367231638418,8.175000190734863
2015-09-16,8.390000343322754,8.307499885559082,-19.50393479914373,,37.640449438202246,8.390000343322754
2015-09-17,8.577500343322754,8.362500190734863,-4.8646516144596825,,54.7486033519553,8.577500343322754
2015-09-18,8.672499656677246,8.6899995803833,6.807968712013023,,61.66666666666667,8.672499656677246
2015-09-21,8.59000015258789,8.592499732971191,9.183791244785864,,66.85082872928176,8.59000015258789
2015-09-22,8.47249984741211,8.442500114440918,3.872809699203219,,60.43956043956044,8.47249984741211
2015-09-23,8.545000076293945,8.572500228881836,9.59808171436116,,67.75956284153006,8.545000076293945
2015-09-24,8.885000228881836,8.760000228881836,24.699876096390433,,86.41304347826086,8.885000228881836
2015-09-25,8.797499656677246,8.802499771118164,29.378536253574445,,90.27027027027027,8.797499656677246
2015-09-28,8.5625,8.542499542236328,20.193189004290083,,80.64516129032258,8.5625
2015-09-29,8.489999771118164,8.522500038146973,11.765080416209212,,68.44919786096256,8.489999771118164
2015-09-30,8.307499885559082,8.3149995803833,-2.6537652517754395,,55.319148936170215,8.307499885559082
2015-10-01,8.28499984741211,8.3125,-11.41273452988008,,45.5026455026455,8.28499984741211
2015-10-02,8.65250015258789,8.569999694824219,4.183209233002065,,59.473684210526315,8.65250015258789
2015-10-05,8.612500190734863,8.670000076293945,10.226690969965373,,67.5392670157068,8.612500190734863
2015-10-06,8.770000457763672,8.767499923706055,20.354883491832748,,81.77083333333334,8.770000457763672
2015-10-07,8.767499923706055,8.762499809265137,25.398082479034084,,87.04663212435233,8.767499923706055
2015-10-08,8.680000305175781,8.65999984741211,23.801864532536136,,85.05154639175258,8.680000305175781
2015-10-09,8.9375,8.90999984741211,32.27658975085975,,93.84615384615384,8.9375
2015-10-12,9.010000228881836,9.082500457763672,35.71671607115307,,96.42857142857143,9.010000228881836
2015-10-13,9.100000381469727,9.03499984741211,39.29801576591608,,98.98477157360406,9.100000381469727
2015-10-14,9.40250015258789,9.237500190734863,41.259233008155164,,100.0,9.40250015258789
2015-10-15,9.327500343322754,9.329999923706055,40.51101902443755,,99.49748743718592,9.327500343322754
2015-10-16,9.199999809265137,9.3100004196167,37.13531904249774,,95.5,9.199999809265137
2015-10-19,9.117500305175781,9.212499618530273,33.15284888673513,,92.03980099502488,9.117500305175781
2015-10-20,9.239999771118164,9.1875,33.887864632922934,,92.57425742574257,9.239999771118164
2015-10-21,9.079999923706055,9.154999732971191,29.53234546582691,,87.192118226601,9.079999923706055
2015-10-22,9.0600004196167,9.079999923706055,26.240888236268216,,84.80392156862744,9.0600004196167
2015-10-23,9.03499984741211,9.0,23.421572301085227,,80.48780487804879,9.03499984741211
2015-10-26,9.010000228881836,9.079999923706055,21.085304327316333,,78.15533980582524,9.010000228881836
2015-10-27,9.0625,9.015000343322754,21.720294836637525,,78.26086956521739,9.0625
2015-10-28,8.920000076293945,9.220000267028809,14.679203896671991,,67.78846153846155,8.920000076293945
2015-10-29,8.729999542236328,8.8125,2.0449064717630976,,53.110047846889955,8.729999542236328
2015-10-30,8.670000076293945,8.717499732971191,-12.871312638701655,,40.95238095238095,8.670000076293945
2015-11-02,8.547499656677246,8.552499771118164,-25.092342045086554,,28.436018957345972,8.547499656677246
2015-11-03,8.307499885559082,8.420000076293945,-32.48725725907373,,16.037735849056602,8.307499885559082
2015-11-04,8.147500038146973,8.322500228881836,-37.439472741416616,,10.328638497652582,8.147500038146973
2015-11-05,8.104999542236328,8.149999618530273,-40.12627643081439,,6.074766355140187,8.104999542236328
2015-11-06,7.872499942779541,7.882500171661377,-41.840295362792126,,4.186046511627907,7.872499942779541
2015-11-09,7.914999961853027,7.875,-41.76146475163914,,4.62962962962963,7.914999961853027
2015-11-10,7.864999771118164,7.872499942779541,-42.35144263206452,,2.3041474654377883,7.864999771118164
2015-11-11,7.807499885559082,7.855000019073486,-43.19476469358763,,1.3761467889908259,7.807499885559082
2015-11-12,7.829999923706055,7.71999979019165,-41.49137443345976,,6.392694063926941,7.829999923706055
2015-11-13,7.78249979019165,7.784999847412109,-41.437161122023255,,6.8181818181818175,7.78249979019165
2015-11-16,7.792500019073486,7.849999904632568,-41.0463153885675,,7.239819004524888,7.792500019073486
2015-11-17,7.59499979019165,7.744999885559082,-42.79130226837671,,2.2522522522522523,7.59499979019165
2015-11-18,7.605000019073486,7.590000152587891,-43.447743106815004,,1.345291479820628,7.605000019073486
2015-11-19,7.772500038146973,7.695000171661377,-39.72767828168517,,10.714285714285714,7.772500038146973
2015-11-20,7.704999923706055,7.787499904632568,-38.619071678099665,,12.0,7.704999923706055
2015-11-23,7.585000038146973,7.630000114440918,-39.79315741583021,,10.619469026548673,7.585000038146973
2015-11-24,7.670000076293945,7.735000133514404,-38.805448164762076,,11.894273127753303,7.670000076293945
2015-11-25,7.605000019073486,7.597499847412109,-39.22549958101142,,11.842105263157894,7.605000019073486
2015-11-27,7.4375,7.429999828338623,-39.72092080529079,,11.353711790393014,7.4375
2015-11-30,7.522500038146973,7.454999923706055,-37.63555607446272,,16.52173913043478,7.522500038146973
2015-12-01,7.587500095367432,7.610000133514404,-34.582642869275446,,20.346320346320347,7.587500095367432
2015-12-02,7.357500076293945,7.442500114440918,-37.29853653039593,,17.24137931034483,7.357500076293945
2015-12-03,7.507500171661377,7.434999942779541,-34.07296189508066,,21.030042918454935,7.507500171661377
2015-12-04,7.84499979019165,7.630000114440918,-14.317744415201158,,44.44444444444444,7.84499979019165
2015-12-07,7.625,7.739999771118164,-10.613306357183841,,49.361702127659576,7.625
2015-12-08,7.662499904632568,7.690000057220459,-6.163065842837372,,52.96610169491526,7.662499904632568
2015-12-09,7.630000114440918,7.755000114440918,-5.252871783130034,,53.16455696202531,7.630000114440918
2015-12-10,7.625,7.602499961853027,-4.2945644572070245,,55.46218487394958,7.625
2015-12-11,7.692500114440918,7.507500171661377,1.6532446044386924,,58.57740585774059,7.692500114440918
2015-12-14,7.477499961853027,7.617499828338623,-9.555340395944386,,49.583333333333336,7.477499961853027
2015-12-15,7.460000038146973,7.512499809265137,-16.53533288574988,,40.66390041493776,7.460000038146973
2015-12-16,7.619999885559082,7.642499923706055,-8.188066880449986,,51.2396694214876,7.619999885559082
2015-12-17,7.317500114440918,7.335000038146973,-20.96174626358208,,35.390946502057616,7.317500114440918
2015-12-18,7.502500057220459,7.409999847412109,-15.400709750892661,,41.80327868852459,7.502500057220459
2015-12-21,7.702499866485596,7.650000095367432,0.23615382495573672,,58.77551020408164,7.702499866485596
2015-12-22,7.607500076293945,7.675000190734863,2.7011626673396427,,60.16260162601627,7.607500076293945
2015-12-23,7.574999809265137,7.59499979019165,2.098346898228609,,59.91902834008097,7.574999809265137
2015-12-24,7.662499904632568,7.650000095367432,7.544585425667029,,64.91935483870968,7.662499904632568
2015-12-28,7.547500133514404,7.590000152587891,3.056563986219457,,60.24096385542169,7.547500133514404
2015-12-29,7.545000076293945,7.587500095367432,0.5727048375267435,,57.99999999999999,7.545000076293945
2015-12-30,7.440000057220459,7.460000038146973,-8.086808453282027,,50.59760956175299,7.440000057220459
2015-12-31,7.432499885559082,7.457499980926514,-13.019031259739974,,44.44444444444444,7.432499885559082
2016-01-04,7.639999866485596,7.6875,-1.0218288832604017,,57.31225296442688,7.639999866485596
2016-01-05,7.699999809265137,7.6875,9.085060673747009,,66.92913385826772,7.699999809265137
2016-01-06,7.912499904632568,7.849999904632568,24.30305982601868,,84.70588235294117,7.912499904632568
2016-01-07,8.119999885559082,8.087499618530273,32.66041369874805,,92.578125,8.119999885559082
2016-01-08,8.069999694824219,8.055000305175781,35.04104010947132,,94.94163424124513,8.069999694824219
2016-01-11,7.897500038146973,8.047499656677246,29.67145596385657,,89.14728682170544,7.897500038146973
2016-01-12,7.849999904632568,7.835000038146973,24.692678864725874,,84.16988416988417,7.849999904632568
2016-01-13,7.932499885559082,7.804999828338623,25.67759750089286,,85.76923076923076,7.932499885559082
2016-01-14,7.65749979019165,7.800000190734863,12.949781264059226,,68.5823754789272,7.65749979019165
2016-01-15,7.817500114440918,7.965000152587891,13.664460575683702,,69.8473282442748,7.817500114440918
2016-01-19,7.802499771118164,7.835000038146973,13.369259230288641,,69.20152091254754,7.802499771118164
2016-01-20,7.992499828338623,8.007499694824219,21.32657183630256,,80.3030303030303,7.992499828338623
2016-01-21,8.005000114440918,7.917500019073486,26.09109109031372,,86.79245283018868,8.005000114440918
2016-01-22,7.945000171661377,7.927499771118164,25.21762956020864,,84.58646616541353,7.945000171661377
2016-01-25,8.114999771118164,8.085000038146973,32.36919215093433,,92.13483146067416,8.114999771118164
2016-01-26,8.295000076293945,8.164999961853027,36.45262738483139,,96.26865671641791,8.295000076293945
2016-01-27,8.345000267028809,8.25,38.94267154984913,,98.14126394052045,8.345000267028809
2016-01-28,8.197500228881836,8.22249984741211,35.67033720596708,,94.81481481481482,8.197500228881836
2016-01-29,8.25,8.175000190734863,35.4737121093063,,94.4649446494465,8.25
2016-02-01,8.417499542236328,8.354999542236328,38.62693132356277,,97.79411764705883,8.417499542236328
2016-02-02,8.422499656677246,8.380000114440918,40.264907482917835,,99.26739926739927,8.422499656677246
2016-02-03,8.630000114440918,8.399999618530273,41.90197939169257,,100.0,8.630000114440918
2016-02-04,8.800000190734863,8.817500114440918,42.77905209248172,,100.0,8.800000190734863
2016-02-05,9.082500457763672,8.704999923706055,43.13299783751057,,100.0,9.082500457763672
2016-02-08,9.327500343322754,9.319999694824219,42.264478541422484,,99.27797833935018,9.327500343322754
2016-02-09,9.295000076293945,9.444999694824219,41.367802713549025,,98.56115107913669,9.295000076293945
2016-02-10,9.449999809265137,9.302499771118164,42.703321616063256,,99.2831541218638,9.449999809265137
2016-02-11,10.1875,10.145000457763672,41.79322920491655,,98.21428571428571,10.1875
2016-02-12,10.0649995803833,10.032500267028809,40.321767027000114,,96.79715302491103,10.0649995803833
2016-02-16,9.4399995803833,9.632499694824219,32.96517915470155,,88.29787234042553,9.4399995803833
2016-02-17,9.59000015258789,9.5625,30.661602460066,,85.51236749116607,9.59000015258789
2016-02-18,10.039999961853027,9.520000457763672,33.493644138652314,,89.08450704225352,10.039999961853027
2016-02-19,9.942500114440918,9.9399995803833,33.81275805591667,,89.12280701754386,9.942500114440918
2016-02-22,9.59000015258789,9.582500457763672,29.32374533466451,,82.51748251748252,9.59000015258789
2016-02-23,9.850000381469727,9.78499984741211,29.721040034838143,,83.62369337979094,9.850000381469727
2016-02-24,9.897500038146973,10.15250015258789,30.253354183738445,,83.68055555555556,9.897500038146973
2016-02-25,9.992500305175781,9.897500038146973,31.790999612001166,,86.159169550173,9.992500305175781
2016-02-26,9.795000076293945,9.854999542236328,29.25258383193214,,81.37931034482759,9.795000076293945
2016-02-29,10.104999542236328,9.927499771118164,32.32404340374912,,86.5979381443299,10.104999542236328
2016-03-01,9.962499618530273,10.149999618530273,31.033020311982728,,85.27397260273972,9.962499618530273
2016-03-02,10.092499732971191,10.0024995803833,32.12581820098445,,86.00682593856655,10.092499732971191
2016-03-03,10.462499618530273,10.15250015258789,36.820459005054175,,92.85714285714286,10.462499618530273
2016-03-04,10.422499656677246,10.5,36.74584871822139,,92.54237288135593,10.422499656677246
2016-03-07,10.4975004196167,10.539999961853027,37.517024760882315,,93.58108108108108,10.4975004196167
2016-03-08,10.397500038146973,10.632499694824219,35.32109953174645,,89.8989898989899,10.397500038146973
2016-03-09,10.227499961853027,10.145000457763672,30.052876185236023,,81.20805369127517,10.227499961853027
2016-03-10,10.572500228881836,10.382499694824219,34.10799469472201,,89.29765886287625,10.572500228881836
2016-03-11,10.199999809265137,10.552499771118164,26.029511292931044,,77.0,10.199999809265137
2016-03-14,9.942500114440918,10.319999694824219,13.493950362172297,,61.12956810631229,9.942500114440918
2016-03-15,9.925000190734863,9.895000457763672,6.150215134255575,,52.64900662251656,9.925000190734863
2016-03-16,10.385000228881836,9.859999656677246,15.256977356968418,,64.02640264026402,10.385000228881836
2016-03-17,10.265000343322754,10.5,16.341735469290782,,65.78947368421053,10.265000343322754
2016-03-18,10.220000267028809,10.22249984741211,15.173934668257576,,63.60655737704918,10.220000267028809
2016-03-21,10.092499732971191,10.125,10.111967804638745,,57.51633986928104,10.092499732971191
2016-03-22,10.175000190734863,10.25,9.07628136095696,,55.700325732899024,10.175000190734863
2016-03-23,9.6899995803833,9.765000343322754,-8.895215617721146,,40.58441558441558,9.6899995803833
2016-03-24,9.675000190734863,9.694999694824219,-18.887536179378856,,30.74433656957929,9.675000190734863
2016-03-28,9.702500343322754,9.702500343322754,-22.70525086251427,,27.09677419354839,9.702500343322754
2016-03-29,10.047499656677246,9.8100004196167,-12.585887001517262,,37.62057877813505,10.047499656677246
2016-03-30,9.797499656677246,9.917499542236328,-16.122783587161095,,33.01282051282051,9.797499656677246
2016-03-31,9.922499656677246,9.960000038146973,-13.563138671565502,,36.102236421725244,9.922499656677246
2016-04-01,9.75,9.604999542236328,-16.650322254123033,,31.84713375796178,9.75
2016-04-04,9.614999771118164,9.682499885559082,-22.510331485571733,,26.984126984126984,9.614999771118164
2016-04-05,9.862500190734863,9.90250015258789,-16.60892139638085,,32.594936708860764,9.862500190734863
2016-04-06,9.742500305175781,9.710000038146973,-17.66645046761027,,31.545741324921135,9.742500305175781
2016-04-07,10.032500267028809,10.0,-7.56472117507812,,43.710691823899374,10.032500267028809
2016-04-08,10.007499694824219,9.932499885559082,-3.318215341954134,,47.64890282131661,10.007499694824219
2016-04-11,10.265000343322754,10.192500114440918,9.08765375436461,,57.8125,10.265000343322754
2016-04-12,10.272500038146973,10.324999809265137,16.710770389381345,,68.22429906542055,10.272500038146973
2016-04-13,10.042499542236328,10.177499771118164,11.461808538327096,,60.24844720496895,10.042499542236328
2016-04-14,9.75,9.952500343322754,-2.9084637410413725,,47.368421052631575,9.75
2016-04-15,9.899999618530273,9.827500343322754,-4.334874368458859,,46.2962962962963,9.899999618530273
2016-04-18,9.862500190734863,10.024999618530273,-5.102374575582984,,44.61538461538462,9.862500190734863
2016-04-19,10.180000305175781,10.237500190734863,9.016593826532217,,57.05521472392638,10.180000305175781
2016-04-20,10.069999694824219,10.210000038146973,11.439894874673945,,60.550458715596335,10.069999694824219
2016-04-21,10.15999984741211,10.300000190734863,16.673289373269636,,68.59756097560977,10.15999984741211
2016-04-22,9.899999618530273,10.0600004196167,7.565719891577706,,55.62310030395137,9.899999618530273
2016-04-25,9.947500228881836,9.920000076293945,4.879413578960674,,52.42424242424243,9.947500228881836
2016-04-26,10.022500038146973,10.055000305175781,6.766573075270714,,53.17220543806647,10.022500038146973
2016-04-27,10.067500114440918,10.077500343322754,9.933164485290739,,59.337349397590366,10.067500114440918
2016-04-28,10.452500343322754,10.234999656677246,23.04141360514088,,74.47447447447448,10.452500343322754
2016-04-29,10.864999771118164,10.612500190734863,31.728929054018224,,85.62874251497006,10.864999771118164
2016-05-02,10.797499656677246,10.914999961853027,33.990427191955966,,89.8507462686567,10.797499656677246
2016-05-03,10.7475004196167,10.869999885559082,33.52195829150865,,88.69047619047619,10.7475004196167
2016-05-04,10.632499694824219,10.717499732971191,29.98990134685881,,81.89910979228486,10.632499694824219
2016-05-05,10.574999809265137,10.717499732971191,26.166092654093976,,78.69822485207101,10.574999809265137
2016-05-06,10.779999732971191,10.744999885559082,29.639014842368127,,81.12094395280236,10.779999732971191
2016-05-09,10.337499618530273,10.417499542236328,16.707938297924834,,67.64705882352942,10.337499618530273
2016-05-10,10.397500038146973,10.3725004196167,11.778414677889817,,60.117302052785924,10.397500038146973
2016-05-11,10.542499542236328,10.5649995803833,14.00764256958322,,63.450292397660824,10.542499542236328
2016-05-12,10.422499656677246,10.53499984741211,10.864784261810835,,58.60058309037901,10.422499656677246
2016-05-13,10.489999771118164,10.387499809265137,11.097389123924051,,58.720930232558146,10.489999771118164
2016-05-16,10.510000228881836,10.699999809265137,12.032728150284575,,60.28985507246377,10.510000228881836
2016-05-17,10.59749984741211,10.507499694824219,15.848613086243551,,65.89595375722543,10.59749984741211
2016-05-18,10.225000381469727,10.442500114440918,3.215242843964161,,48.99135446685879,10.225000381469727
2016-05-19,10.170000076293945,10.052499771118164,-5.42788098305012,,41.37931034482759,10.170000076293945
2016-05-20,10.142499923706055,10.244999885559082,-11.238160598030989,,36.10315186246418,10.142499923706055
2016-05-23,10.114999771118164,10.0,-17.230999094209647,,28.857142857142858,10.114999771118164
2016-05-24,9.742500305175781,9.90250015258789,-28.38090500222062,,20.51282051282051,9.742500305175781
2016-05-25,9.6850004196167,9.604999542236328,-32.329508554845965,,15.909090909090908,9.6850004196167
2016-05-26,9.614999771118164,9.78499984741211,-35.74721468926406,,13.031161473087819,9.614999771118164
2016-05-27,9.462499618530273,9.550000190734863,-37.90800576276801,,10.451977401129943,9.462499618530273
2016-05-31,9.52750015258789,9.442500114440918,-37.66936451877731,,10.985915492957748,9.52750015258789
2016-06-01,9.510000228881836,9.5625,-37.39164579605809,,11.797752808988763,9.510000228881836
2016-06-02,9.470000267028809,9.5,-37.97071508304179,,10.084033613445378,9.470000267028809
2016-06-03,9.987500190734863,9.899999618530273,-23.62034770226364,,25.41899441340782,9.987500190734863
2016-06-06,10.007499694824219,10.007499694824219,-14.899170557196664,,33.42618384401114,10.007499694824219
2016-06-07,9.987500190734863,9.90999984741211,-9.863999604377998,,39.72222222222222,9.987500190734863
2016-06-08,10.270000457763672,10.265000343322754,2.959936979146166,,50.41551246537396,10.270000457763672
2016-06-09,10.395000457763672,10.317500114440918,13.280155448863717,,62.430939226519335,10.395000457763672
2016-06-10,10.470000267028809,10.479999542236328,20.631744077178112,,73.00275482093664,10.470000267028809
2016-06-13,10.635000228881836,10.632499694824219,28.564078541726417,,81.04395604395604,10.635000228881836
2016-06-14,10.645000457763672,10.6899995803833,32.84973547775588,,88.21917808219179,10.645000457763672
2016-06-15,10.805000305175781,10.585000038146973,37.13722004062039,,94.26229508196722,10.805000305175781
2016-06-16,10.579999923706055,11.0600004196167,29.643830460861352,,82.01634877384197,10.579999923706055
2016-06-17,10.862500190734863,10.720000267028809,31.65550980745434,,85.59782608695652,10.862500190734863
2016-06-20,10.732500076293945,10.579999923706055,29.123732732399947,,80.21680216802169,10.732500076293945
2016-06-21,10.3125,10.4375,15.653163066209064,,65.4054054054054,10.3125
2016-06-22,10.319999694824219,10.287500381469727,8.535359913202623,,54.71698113207547,10.319999694824219
2016-06-23,10.192500114440918,10.25,0.8981884767488229,,47.58064516129033,10.192500114440918
2016-06-24,11.175000190734863,11.327500343322754,18.84379635435749,,69.70509383378017,11.175000190734863
2016-06-27,11.3125,11.5,28.27680331391512,,79.94652406417111,11.3125
2016-06-28,11.067500114440918,11.09000015258789,27.725055977456503,,79.73333333333333,11.067500114440918
2016-06-29,11.157500267028809,11.199999809265137,28.897356765206183,,80.31914893617021,11.157500267028809
2016-06-30,11.257499694824219,11.170000076293945,31.05472712198752,,85.41114058355438,11.257499694824219
2016-07-01,11.59749984741211,11.5024995803833,36.75981831228594,,93.65079365079364,11.59749984741211
2016-07-05,11.797499656677246,11.667499542236328,39.74895849556762,,96.83377308707124,11.797499656677246
2016-07-06,11.944999694824219,11.9975004196167,40.48701151667517,,97.63157894736842,11.944999694824219
2016-07-07,11.864999771118164,11.867500305175781,39.51788895738864,,96.06299212598425,11.864999771118164
2016-07-08,11.947500228881836,11.845000267028809,40.083785121614625,,96.59685863874346,11.947500228881836
2016-07-11,11.755000114440918,11.797499656677246,36.68338245053088,,92.16710182767625,11.755000114440918
2016-07-12,11.382499694824219,11.670000076293945,25.843513973879762,,75.78125,11.382499694824219
2016-07-13,11.5649995803833,11.602499961853027,23.518738983595345,,72.72727272727273,11.5649995803833
2016-07-14,11.40999984741211,11.25,18.364460615876744,,67.35751295336787,11.40999984741211
2016-07-15,11.307499885559082,11.207500457763672,12.86177465791367,,58.39793281653747,11.307499885559082
2016-07-18,11.352499961853027,11.420000076293945,11.097625399882249,,56.70103092783505,11.352499961853027
2016-07-19,11.3725004196167,11.3125,10.67680816284287,,56.041131105398456,11.3725004196167
2016-07-20,11.037500381469727,11.145000457763672,0.7414827774131603,,45.38461538461539,11.037500381469727
2016-07-21,11.3725004196167,11.0600004196167,4.477162759167577,,48.59335038363171,11.3725004196167
2016-07-22,11.202500343322754,11.234999656677246,1.8343165493767168,,46.1734693877551,11.202500343322754
2016-07-25,11.050000190734863,11.050000190734863,-14.404019701667533,,31.552162849872772,11.050000190734863
2016-07-26,11.15250015258789,11.172499656677246,-19.46047470955199,,25.888324873096447,11.15250015258789
2016-07-27,11.512499809265137,11.307499885559082,-8.524504791418469,,37.9746835443038,11.512499809265137
2016-07-28,11.442500114440918,11.539999961853027,-5.629977425163027,,40.15151515151515,11.442500114440918
2016-07-29,11.6850004196167,11.579999923706055,4.310359217171779,,49.1183879093199,11.6850004196167
2016-08-01,11.717499732971191,11.602499961853027,10.814619324382674,,57.03517587939698,11.717499732971191
2016-08-02,11.917499542236328,11.887499809265137,20.480911247887484,,70.42606516290726,11.917499542236328
2016-08-03,11.789999961853027,11.8774995803833,20.844252261025673,,71.0,11.789999961853027
2016-08-04,11.829999923706055,11.8149995803833,24.045325444745348,,74.06483790523691,11.829999923706055
2016-08-05,11.414999961853027,11.552499771118164,8.231909108441037,,52.736318407960205,11.414999961853027
2016-08-08,11.395000457763672,11.34749984741211,-1.0759008949298294,,43.920595533498755,11.395000457763672
2016-08-09,11.475000381469727,11.47249984741211,-2.720240535802315,,42.82178217821782,11.475000381469727
2016-08-10,11.587499618530273,11.699999809265137,1.578237482820578,,45.925925925925924,11.587499618530273
2016-08-11,11.40999984741211,11.587499618530273,-4.514102056545497,,41.13300492610838,11.40999984741211
2016-08-12,11.3774995803833,11.642499923706055,-9.266002940659575,,36.11793611793612,11.3774995803833
2016-08-15,11.449999809265137,11.442500114440918,-8.143201206491286,,37.745098039215684,11.449999809265137
2016-08-16,11.5600004196167,11.5,-2.5473027004202202,,43.52078239608802,11.5600004196167
2016-08-17,11.585000038146973,11.529999732971191,1.6836478245809614,,46.82926829268293,11.585000038146973
2016-08-18,11.675000190734863,11.65999984741211,8.281691638548782,,53.771289537712896,11.675000190734863
2016-08-19,11.479999542236328,11.5,1.7868005097999236,,46.84466019417476,11.479999542236328
2016-08-22,11.404999732971191,11.390000343322754,-5.533357640212693,,39.22518159806295,11.404999732971191
2016-08-23,11.417499542236328,11.482500076293945,-10.63337004847852,,34.29951690821256,11.417499542236328
2016-08-24,11.177499771118164,11.28499984741211,-25.21154810341609,,21.44578313253012,11.177499771118164
2016-08-25,11.142499923706055,11.102499961853027,-31.79524915979451,,15.625,11.142499923706055
2016-08-26,11.125,11.257499694824219,-34.931870726476966,,12.470023980815348,11.125
2016-08-29,11.15250015258789,11.102499961853027,-35.711999542032174,,12.200956937799043,11.15250015258789
2016-08-30,10.947500228881836,11.050000190734863,-38.32710194750197,,8.353221957040573,10.947500228881836
2016-08-31,10.90999984741211,10.8774995803833,-39.614663990594316,,6.666666666666667,10.90999984741211
2016-09-01,10.982500076293945,10.859999656677246,-37.804244513531394,,9.73871733966746,10.982500076293945
2016-09-02,11.182499885559082,11.162500381469727,-28.029906969840813,,20.85308056872038,11.182499885559082
2016-09-06,11.604999542236328,11.324999809265137,-1.8342554183861541,,44.91725768321513,11.604999542236328
2016-09-07,11.510000228881836,11.617500305175781,7.621715154461155,,54.24528301886793,11.510000228881836
2016-09-08,11.387499809265137,11.460000038146973,5.793611577468663,,51.52941176470588,11.387499809265137
2016-09-09,11.232500076293945,11.305000305175781,-2.9834913867323545,,43.42723004694836,11.232500076293945
2016-09-12,11.207500457763672,11.182499885559082,-8.930898118514822,,37.00234192037471,11.207500457763672
2016-09-13,11.037500381469727,11.172499656677246,-19.025959376991736,,26.635514018691588,11.037500381469727
2016-09-14,11.135000228881836,11.079999923706055,-20.02209831550802,,25.174825174825177,11.135000228881836
2016-09-15,10.982500076293945,11.0600004196167,-26.61377483368762,,21.3953488372093,10.982500076293945
2016-09-16,10.917499542236328,10.8725004196167,-31.755337450096356,,16.473317865429234,10.917499542236328
2016-09-19,10.96500015258789,10.987500190734863,-32.598965577217285,,15.046296296296296,10.96500015258789
2016-09-20,10.982500076293945,10.989999771118164,-32.23659793642088,,15.704387990762125,10.982500076293945
2016-09-21,11.317500114440918,11.157500267028809,-15.136817701299657,,31.105990783410135,11.317500114440918
2016-09-22,11.362500190734863,11.364999771118164,-3.114136166231194,,44.36781609195402,11.362500190734863
2016-09-23,11.382499694824219,11.364999771118164,4.5222732606752185,,52.06422018348624,11.382499694824219
2016-09-26,11.34749984741211,11.425000190734863,6.085179273849694,,52.8604118993135,11.34749984741211
2016-09-27,11.1850004196167,11.25,-2.6009696306876138,,45.20547945205479,11.1850004196167
2016-09-28,11.09000015258789,11.1225004196167,-12.051759932560469,,34.39635535307517,11.09000015258789
2016-09-29,11.125,11.0600004196167,-15.046540803218896,,30.909090909090907,11.125
2016-09-30,11.0024995803833,11.157500267028809,-22.211136452750434,,24.03628117913832,11.0024995803833
2016-10-03,10.949999809265137,10.982500076293945,-28.333553444523712,,20.13574660633484,10.949999809265137
2016-10-04,10.1899995803833,10.552499771118164,-36.84105523542078,,11.060948081264108,10.1899995803833
2016-10-05,10.175000190734863,10.27750015258789,-40.148013749096215,,4.954954954954955,10.175000190734863
2016-10-06,9.97249984741211,10.010000228881836,-42.1689411076908,,2.696629213483146,9.97249984741211
2016-10-07,9.994999885559082,10.095000267028809,-41.27390924034151,,4.260089686098654,9.994999885559082
2016-10-10,10.0600004196167,10.074999809265137,-39.344804663328176,,7.158836689038031,10.0600004196167
2016-10-11,9.947500228881836,10.015000343322754,-40.314569950145994,,5.133928571428571,9.947500228881836
2016-10-12,9.992500305175781,9.982500076293945,-39.55604692823481,,7.349665924276169,9.992500305175781
2016-10-13,10.047499656677246,10.047499656677246,-38.02046729201256,,9.777777777777779,10.047499656677246
2016-10-14,9.927499771118164,9.952500343322754,-39.03950486002808,,7.982261640798225,9.927499771118164
2016-10-17,9.97249984741211,10.005000114440918,-38.785666119082684,,8.4070796460177,9.97249984741211
2016-10-18,10.102499961853027,10.067500114440918,-35.73951230535643,,14.1280353200883,10.102499961853027
2016-10-19,10.207500457763672,10.242500305175781,-31.94286356583102,,18.06167400881057,10.207500457763672
2016-10-20,10.157500267028809,10.27750015258789,-30.809283035886352,,19.560439560439562,10.157500267028809
2016-10-21,10.164999961853027,10.175000190734863,-30.028488743554576,,20.394736842105264,10.164999961853027
2016-10-24,10.1274995803833,10.242500305175781,-30.20783115401229,,19.912472647702405,10.1274995803833
2016-10-25,10.3100004196167,10.175000190734863,-24.093321320899268,,25.982532751091703,10.3100004196167
2016-10-26,10.154999732971191,10.3100004196167,-24.810328255937655,,25.925925925925924,10.154999732971191
2016-10-27,10.204999923706055,10.232500076293945,-23.298736686043256,,26.521739130434785,10.204999923706055
2016-10-28,10.375,10.232500076293945,-16.023600139317836,,32.97180043383948,10.375
2016-10-31,10.332500457763672,10.295000076293945,-12.142423285390095,,37.44588744588744,10.332500457763672
2016-11-01,10.484999656677246,10.515000343322754,4.549864564750567,,54.64362850971922,10.484999656677246
2016-11-02,10.632499694824219,10.654999732971191,14.56953703105308,,67.67241379310344,10.632499694824219
2016-11-03,10.762499809265137,10.567500114440918,24.529994962624443,,78.06451612903226,10.762499809265137
2016-11-04,10.760000228881836,10.795000076293945,29.241580719847747,,82.83261802575107,10.760000228881836
2016-11-07,10.3774995803833,10.427499771118164,12.81429845457584,,64.02569593147751,10.3774995803833
2016-11-08,10.28499984741211,10.3774995803833,-0.7216494005660581,,49.14529914529914,10.28499984741211
2016-11-09,10.267499923706055,10.770000457763672,-8.624619694470507,,40.93816631130064,10.267499923706055
2016-11-10,9.957500457763672,10.274999618530273,-23.28951713080421,,26.170212765957444,9.957500457763672
2016-11-11,9.510000228881836,9.922499656677246,-31.58340523736988,,18.471337579617835,9.510000228881836
2016-11-14,9.367500305175781,9.335000038146973,-35.32837203635576,,14.194915254237289,9.367500305175781
2016-11-15,9.515000343322754,9.422499656677246,-34.34980241995688,,15.010570824524313,9.515000343322754
2016-11-16,9.460000038146973,9.542499542236328,-34.79403091589088,,14.767932489451477,9.460000038146973
2016-11-17,9.369999885559082,9.462499618530273,-36.52117927436935,,12.631578947368421,9.369999885559082
2016-11-18,9.197500228881836,9.255000114440918,-40.16405674122241,,5.2521008403361344,9.197500228881836
2016-11-21,9.262499809265137,9.274999618530273,-40.80004704658384,,4.40251572327044,9.262499809265137
2016-11-22,9.255000114440918,9.295000076293945,-41.298548032990254,,3.9748953974895396,9.255000114440918
2016-11-23,8.892499923706055,9.0,-42.70057623406199,,1.4613778705636742,8.892499923706055
2016-11-25,8.779999732971191,8.907500267028809,-44.09974072293457,,0.4166666666666667,8.779999732971191
2016-11-28,8.967499732971191,8.869999885559082,-41.66533991945241,,3.7422037422037424,8.967499732971191
2016-11-29,8.885000228881836,8.817500114440918,-41.68632153664661,,3.7344398340248963,8.885000228881836
2016-11-30,8.647500038146973,8.819999694824219,-43.34891736391353,,1.0351966873706004,8.647500038146973
2016-12-01,8.619999885559082,8.537500381469727,-43.0924039123567,,1.4462809917355373,8.619999885559082
2016-12-02,8.699999809265137,8.672499656677246,-41.53894377295461,,4.536082474226804,8.699999809265137
2016-12-05,8.595000267028809,8.5649995803833,-41.6314328309783,,4.526748971193416,8.595000267028809
2016-12-06,8.577500343322754,8.657500267028809,-41.88865983342984,,3.696098562628337,8.577500343322754
2016-12-07,8.649999618530273,8.699999809265137,-40.61387011813789,,6.762295081967213,8.649999618530273
2016-12-08,8.617500305175781,8.65999984741211,-40.30074703106739,,7.361963190184049,8.617500305175781
2016-12-09,8.432499885559082,8.572500228881836,-42.51267574650947,,2.2448979591836733,8.432499885559082
2016-12-12,8.5,8.4399995803833,-41.87801224232838,,4.0733197556008145,8.5
2016-12-13,8.4399995803833,8.477499961853027,-41.87929629306778,,4.0650406504065035,8.4399995803833
2016-12-14,8.192500114440918,8.53499984741211,-43.074675749728456,,1.6227180527383367,8.192500114440918
2016-12-15,7.96999979019165,8.0600004196167,-43.975421982704475,,0.6072874493927125,7.96999979019165
2016-12-16,8.0600004196167,8.039999961853027,-42.87774252072507,,2.2222222222222223,8.0600004196167
2016-12-19,8.149999618530273,8.132499694824219,-39.538599091008415,,10.887096774193548,8.149999618530273
2016-12-20,8.029999732971191,7.96750020980835,-40.087208390877635,,9.456740442655935,8.029999732971191
2016-12-21,8.042499542236328,8.074999809265137,-39.87086422227167,,9.839357429718875,8.042499542236328
2016-12-22,7.982500076293945,7.994999885559082,-40.90182590330299,,7.414829659318638,7.982500076293945
2016-12-23,8.03499984741211,8.015000343322754,-39.293425748006456,,11.799999999999999,8.03499984741211
2016-12-27,8.132499694824219,8.157500267028809,-35.30668423815976,,18.7624750499002,8.132499694824219
2016-12-28,8.175000190734863,8.1274995803833,-31.583462178695676,,23.306772908366533,8.175000190734863
2016-12-29,8.385000228881836,8.22249984741211,-21.36346594331328,,32.007952286282304,8.385000228881836
2016-12-30,8.300000190734863,8.412500381469727,-18.020520508585143,34.92063492063492,34.92063492063492,8.300000190734863
2017-01-03,8.407500267028809,8.302499771118164,-11.280877314936182,42.06349206349206,42.06349206349206,8.407500267028809
2017-01-04,8.484999656677246,8.524999618530273,-3.4778368088957032,49.801587301587304,49.801587301587304,8.484999656677246
2017-01-05,8.742500305175781,8.697500228881836,13.011277506423152,67.06349206349206,67.06349206349206,8.742500305175781
2017-01-06,8.612500190734863,8.637499809265137,14.517117815758962,69.64285714285714,69.64285714285714,8.612500190734863
2017-01-09,8.7475004196167,8.704999923706055,21.48917509490324,76.98412698412699,76.98412698412699,8.7475004196167
2017-01-10,8.8125,8.8100004196167,26.270628400043634,82.34126984126983,82.34126984126983,8.8125
2017-01-11,8.880000114440918,8.800000190734863,28.952808868584974,83.73015873015873,83.73015873015873,8.880000114440918
2017-01-12,8.930000305175781,9.047499656677246,30.14208559918849,86.11111111111111,86.11111111111111,8.930000305175781
2017-01-13,8.979999542236328,8.917499542236328,32.051374373981126,88.69047619047619,88.69047619047619,8.979999542236328
2017-01-17,9.225000381469727,9.227499961853027,36.84876005322668,94.64285714285714,94.64285714285714,9.225000381469727
2017-01-18,9.067500114440918,9.180000305175781,34.1715118463712,92.06349206349206,92.06349206349206,9.067500114440918
2017-01-19,9.055000305175781,8.970000267028809,32.44039051437089,89.28571428571429,89.28571428571429,9.055000305175781
2017-01-20,9.095000267028809,9.052499771118164,32.44954052881603,89.48412698412699,89.48412698412699,9.095000267028809
2017-01-23,9.212499618530273,9.170000076293945,35.7384191019164,93.65079365079364,93.65079365079364,9.212499618530273
2017-01-24,9.1225004196167,9.202500343322754,34.06332437970526,92.06349206349206,92.06349206349206,9.1225004196167
2017-01-25,8.979999542236328,8.96500015258789,27.28587010308213,82.34126984126983,82.34126984126983,8.979999542236328
2017-01-26,8.819999694824219,8.797499656677246,16.1007448357854,71.62698412698413,71.62698412698413,8.819999694824219
2017-01-27,8.842499732971191,8.770000457763672,11.110769337752213,64.68253968253968,64.68253968253968,8.842499732971191
2017-01-30,8.914999961853027,8.875,10.761808780564015,63.888888888888886,63.888888888888886,8.914999961853027
2017-01-31,9.154999732971191,9.1274995803833,20.482579314631515,75.9920634920635,75.9920634920635,9.154999732971191
2017-02-01,9.109999656677246,9.042499542236328,23.461319945489652,78.76984126984127,78.76984126984127,9.109999656677246
2017-02-02,9.204999923706055,9.295000076293945,26.654079790300223,82.53968253968253,82.53968253968253,9.204999923706055
2017-02-03,9.260000228881836,9.225000381469727,30.600401672660038,86.90476190476191,86.90476190476191,9.260000228881836
2017-02-06,9.482500076293945,9.404999732971191,35.865566770656486,94.04761904761905,94.04761904761905,9.482500076293945
2017-02-07,9.46500015258789,9.444999694824219,37.83912581340957,96.23015873015873,96.23015873015873,9.46500015258789
2017-02-08,9.550000190734863,9.550000190734863,38.7037004736231,96.42857142857143,96.42857142857143,9.550000190734863
2017-02-09,9.4399995803833,9.607500076293945,34.80589393766398,92.06349206349206,92.06349206349206,9.4399995803833
2017-02-10,9.467499732971191,9.319999694824219,33.34317142718646,90.27777777777779,90.27777777777779,9.467499732971191
2017-02-13,9.34000015258789,9.327500343322754,26.19878891453314,80.75396825396825,80.75396825396825,9.34000015258789
2017-02-14,9.364999771118164,9.444999694824219,23.217055511175612,76.5873015873016,76.5873015873016,9.364999771118164
2017-02-15,9.444999694824219,9.265000343322754,25.66719291114426,79.36507936507937,79.36507936507937,9.444999694824219
2017-02-16,9.547499656677246,9.520000457763672,31.08048743746187,87.10317460317461,87.10317460317461,9.547499656677246
2017-02-17,9.487500190734863,9.5625,30.912720982768967,86.11111111111111,86.11111111111111,9.487500190734863
2017-02-21,9.492500305175781,9.392499923706055,31.103540081949216,87.10317460317461,87.10317460317461,9.492500305175781
2017-02-22,9.520000457763672,9.524999618530273,32.360026267384406,88.4920634920635,88.4920634920635,9.520000457763672
2017-02-23,9.675000190734863,9.632499694824219,36.85102374321576,95.03968253968253,95.03968253968253,9.675000190734863
2017-02-24,9.770000457763672,9.800000190734863,39.31132204144288,96.82539682539682,96.82539682539682,9.770000457763672
2017-02-27,9.72249984741211,9.822500228881836,37.54813149544828,95.43650793650794,95.43650793650794,9.72249984741211
2017-02-28,9.6850004196167,9.787500381469727,34.71500574306518,91.26984126984127,91.26984126984127,9.6850004196167
2017-03-01,9.682499885559082,9.5,32.60203901992212,88.29365079365078,88.29365079365078,9.682499885559082
2017-03-02,9.470000267028809,9.494999885559082,19.77117143932204,71.23015873015873,71.23015873015873,9.470000267028809
2017-03-03,9.452500343322754,9.375,7.38750583445819,56.74603174603175,56.74603174603175,9.452500343322754
2017-03-06,9.3100004196167,9.40250015258789,-8.289211473074962,42.06349206349206,42.06349206349206,9.3100004196167
2017-03-07,9.167499542236328,9.225000381469727,-21.531571690456865,28.57142857142857,28.57142857142857,9.167499542236328
2017-03-08,9.0600004196167,9.047499656677246,-28.916314281371424,23.61111111111111,23.61111111111111,9.0600004196167
2017-03-09,8.944999694824219,9.024999618530273,-34.25280814262504,18.849206349206348,18.849206349206348,8.944999694824219
2017-03-10,8.987500190734863,8.9375,-34.85816111932736,17.857142857142858,17.857142857142858,8.987500190734863
2017-03-13,9.015000343322754,9.0024995803833,-34.11650985892954,18.849206349206348,18.849206349206348,9.015000343322754
2017-03-14,8.907500267028809,8.982500076293945,-35.97560480568811,16.071428571428573,16.071428571428573,8.907500267028809
2017-03-15,9.239999771118164,8.9350004196167,-24.29791512785821,26.785714285714285,26.785714285714285,9.239999771118164
2017-03-16,9.3125,9.397500038146973,-14.29443790559049,36.11111111111111,36.11111111111111,9.3125
2017-03-17,9.324999809265137,9.345000267028809,-8.244032166668639,42.06349206349206,42.06349206349206,9.324999809265137
2017-03-20,9.442500114440918,9.390000343322754,1.0150144575963873,50.198412698412696,50.198412698412696,9.442500114440918
2017-03-21,9.59000015258789,9.492500305175781,11.972549768683287,62.698412698412696,62.698412698412696,9.59000015258789
2017-03-22,9.640000343322754,9.649999618530273,19.64642128838437,70.83333333333334,70.83333333333334,9.640000343322754
2017-03-23,9.617500305175781,9.694999694824219,22.299190906901,74.0079365079365,74.0079365079365,9.617500305175781
2017-03-24,9.635000228881836,9.582500457763672,24.482868380724522,75.9920634920635,75.9920634920635,9.635000228881836
2017-03-27,9.744999885559082,9.789999961853027,29.732391287456522,82.93650793650794,82.93650793650794,9.744999885559082
2017-03-28,9.65999984741211,9.779999732971191,28.960333509176873,80.75396825396825,80.75396825396825,9.65999984741211
2017-03-29,9.71500015258789,9.692500114440918,31.455155326624034,85.9126984126984,85.9126984126984,9.71500015258789
2017-03-30,9.574999809265137,9.617500305175781,25.356631698117987,76.38888888888889,76.38888888888889,9.574999809265137
2017-03-31,9.612500190734863,9.59000015258789,23.694556865819973,74.40476190476191,74.40476190476191,9.612500190734863
2017-04-03,9.704999923706055,9.595000267028809,26.658291391557682,78.96825396825396,78.96825396825396,9.704999923706055
2017-04-04,9.75,9.760000228881836,30.424779596500347,83.73015873015873,83.73015873015873,9.75
2017-04-05,9.744999885559082,9.595000267028809,31.960973698719584,86.5079365079365,86.5079365079365,9.744999885559082
2017-04-06,9.702500343322754,9.694999694824219,29.810366006377752,82.73809523809523,82.73809523809523,9.702500343322754
2017-04-07,9.725000381469727,9.8774995803833,27.966032257600975,79.36507936507937,79.36507936507937,9.725000381469727
2017-04-10,9.72249984741211,9.647500038146973,26.851209514243706,78.76984126984127,78.76984126984127,9.72249984741211
2017-04-11,10.0024995803833,9.857500076293945,34.69956849129004,91.07142857142857,91.07142857142857,10.0024995803833
2017-04-12,10.142499923706055,10.022500038146973,39.29757333796331,96.42857142857143,96.42857142857143,10.142499923706055
2017-04-13,10.237500190734863,10.239999771118164,41.88262601840597,99.0079365079365,99.0079365079365,10.237500190734863
2017-04-17,10.1875,10.25,40.653201106957106,98.21428571428571,98.21428571428571,10.1875
2017-04-18,10.272500038146973,10.192500114440918,41.87787287417021,98.80952380952381,98.80952380952381,10.272500038146973
2017-04-19,10.095000267028809,10.1875,35.57471162717656,91.46825396825396,91.46825396825396,10.095000267028809
2017-04-20,10.1225004196167,10.09000015258789,33.1692574536743,88.09523809523809,88.09523809523809,10.1225004196167
2017-04-21,10.170000076293945,10.147500038146973,33.79503046476794,88.69047619047619,88.69047619047619,10.170000076293945
2017-04-24,10.037500381469727,9.96500015258789,25.689311587739372,75.0,75.0,10.037500381469727
2017-04-25,9.842499732971191,9.885000228881836,10.89396147081799,59.523809523809526,59.523809523809526,9.842499732971191
2017-04-26,9.942500114440918,9.842499732971191,7.930635984276357,55.55555555555556,55.55555555555556,9.942500114440918
2017-04-27,9.857500076293945,9.8725004196167,1.976164672768481,50.198412698412696,50.198412698412696,9.857500076293945
2017-04-28,9.912500381469727,9.857500076293945,1.5344712079752953,49.2063492063492,49.2063492063492,9.912500381469727
2017-05-01,9.725000381469727,9.819999694824219,-8.341374530449478,40.67460317460318,40.67460317460318,9.725000381469727
2017-05-02,9.720000267028809,9.672499656677246,-13.736531271009406,35.714285714285715,35.714285714285715,9.720000267028809
2017-05-03,9.462499618530273,9.675000190734863,-25.141502764963704,25.396825396825395,25.396825396825395,9.462499618530273
2017-05-04,9.267499923706055,9.2524995803833,-31.922701074626943,20.03968253968254,20.03968253968254,9.267499923706055
2017-05-05,9.297499656677246,9.272500038146973,-34.528804082520196,17.857142857142858,17.857142857142858,9.297499656677246
2017-05-08,9.270000457763672,9.322500228881836,-36.53025150050013,15.277777777777779,15.277777777777779,9.270000457763672
2017-05-09,9.175000190734863,9.1899995803833,-36.56758414481524,15.277777777777779,15.277777777777779,9.175000190734863
2017-05-10,9.154999732971191,9.229999542236328,-36.94383654420601,14.880952380952381,14.880952380952381,9.154999732971191
2017-05-11,9.225000381469727,9.1899995803833,-35.02213486481388,17.46031746031746,17.46031746031746,9.225000381469727
2017-05-12,9.28499984741211,9.327500343322754,-31.932970016833956,21.03174603174603,21.03174603174603,9.28499984741211
2017-05-15,9.332500457763672,9.382499694824219,-28.774844796177177,24.404761904761905,24.404761904761905,9.332500457763672
2017-05-16,9.414999961853027,9.399999618530273,-24.240675765024715,27.976190476190478,27.976190476190478,9.414999961853027
2017-05-17,9.75,9.697500228881836,-7.592743040539555,43.05555555555556,43.05555555555556,9.75
2017-05-18,9.595000267028809,9.75,-4.952212613766704,44.642857142857146,44.642857142857146,9.595000267028809
2017-05-19,9.672499656677246,9.670000076293945,-0.8586572426740929,48.61111111111111,48.61111111111111,9.672499656677246
2017-05-22,9.770000457763672,9.717499732971191,7.932863904804859,57.14285714285714,57.14285714285714,9.770000457763672
2017-05-23,9.619999885559082,9.787500381469727,7.5644465156826515,56.547619047619044,56.547619047619044,9.619999885559082
2017-05-24,9.720000267028809,9.612500190734863,11.786194930712595,62.698412698412696,62.698412698412696,9.720000267028809
2017-05-25,9.6850004196167,9.702500343322754,12.758672226581435,63.095238095238095,63.095238095238095,9.6850004196167
2017-05-26,9.857500076293945,9.850000381469727,21.026617071710525,70.83333333333334,70.83333333333334,9.857500076293945
2017-05-30,9.797499656677246,9.822500228881836,22.613061444886732,71.82539682539682,71.82539682539682,9.797499656677246
2017-05-31,9.867500305175781,9.824999809265137,25.273792363880865,74.60317460317461,74.60317460317461,9.867500305175781
2017-06-01,9.880000114440918,9.807499885559082,27.227405483482748,77.57936507936508,77.57936507936508,9.880000114440918
2017-06-02,10.022500038146973,9.957500457763672,32.85635856532022,87.5,87.5,10.022500038146973
2017-06-05,10.045000076293945,10.0625,35.3182271129459,90.87301587301587,90.87301587301587,10.045000076293945
2017-06-06,10.262499809265137,10.25,38.593549169350524,95.03968253968253,95.03968253968253,10.262499809265137
2017-06-07,10.15999984741211,10.1850004196167,36.85750641780699,93.65079365079364,93.65079365079364,10.15999984741211
2017-06-08,10.017499923706055,10.067500114440918,28.95470429976476,78.17460317460318,78.17460317460318,10.017499923706055
2017-06-09,9.84000015258789,9.8149995803833,17.2294638045615,66.26984126984127,66.26984126984127,9.84000015258789
2017-06-12,9.805000305175781,9.797499656677246,7.8133415391504775,54.761904761904766,54.761904761904766,9.805000305175781
2017-06-13,9.832500457763672,9.762499809265137,3.9913364440590398,50.79365079365079,50.79365079365079,9.832500457763672
2017-06-14,9.717499732971191,9.977499961853027,-4.25754258916458,43.452380952380956,43.452380952380956,9.717499732971191
2017-06-15,9.632499694824219,9.607500076293945,-15.683110911113616,33.33333333333333,33.33333333333333,9.632499694824219
2017-06-16,9.630000114440918,9.645000457763672,-21.6485369597672,28.76984126984127,28.76984126984127,9.630000114440918
2017-06-19,9.4975004196167,9.555000305175781,-28.29068695038992,24.801587301587304,24.801587301587304,9.4975004196167
2017-06-20,9.452500343322754,9.5,-32.350255256490136,20.03968253968254,20.03968253968254,9.452500343322754
2017-06-21,9.5,9.462499618530273,-32.604707159297355,19.642857142857142,19.642857142857142,9.5
2017-06-22,9.545000076293945,9.609999656677246,-30.63994909877259,23.015873015873016,23.015873015873016,9.545000076293945
2017-06-23,9.65999984741211,9.694999694824219,-24.423999199587396,27.77777777777778,27.77777777777778,9.65999984741211
2017-06-26,9.470000267028809,9.479999542236328,-29.06627380202182,24.404761904761905,24.404761904761905,9.470000267028809
2017-06-27,9.529999732971191,9.537500381469727,-28.634706646840186,25.0,25.0,9.529999732971191
2017-06-28,9.557499885559082,9.5625,-27.26934061344689,26.190476190476193,26.190476190476193,9.557499885559082
2017-06-29,9.479999542236328,9.425000190734863,-28.343193337162848,25.595238095238095,25.595238095238095,9.479999542236328
2017-06-30,9.420000076293945,9.414999961853027,-31.25838197189708,22.817460317460316,22.817460317460316,9.420000076293945
2017-07-03,9.09749984741211,9.167499542236328,-35.79459701808476,16.26984126984127,16.26984126984127,9.09749984741211
2017-07-05,9.177499771118164,9.09749984741211,-35.465261733654835,17.261904761904763,17.261904761904763,9.177499771118164
2017-07-06,9.170000076293945,9.1899995803833,-35.37455454246023,17.46031746031746,17.46031746031746,9.170000076293945
2017-07-07,8.977499961853027,9.0600004196167,-36.85276812789942,15.079365079365079,15.079365079365079,8.977499961853027
2017-07-10,9.010000228881836,8.954999923706055,-36.429547065232,16.26984126984127,16.26984126984127,9.010000228881836
2017-07-11,9.037500381469727,8.975000381469727,-35.37673279508242,17.857142857142858,17.857142857142858,9.037500381469727
2017-07-12,9.074999809265137,9.109999656677246,-33.4859551959692,20.833333333333336,20.833333333333336,9.074999809265137
2017-07-13,9.0600004196167,9.074999809265137,-32.852276099888535,21.03174603174603,21.03174603174603,9.0600004196167
2017-07-14,9.204999923706055,9.225000381469727,-24.022979070852486,29.365079365079367,29.365079365079367,9.204999923706055
2017-07-17,9.289999961853027,9.322500228881836,-14.814156366990225,35.51587301587302,35.51587301587302,9.289999961853027
2017-07-18,9.414999961853027,9.422499656677246,-2.822826235637452,45.03968253968254,45.03968253968254,9.414999961853027
2017-07-19,9.399999618530273,9.420000076293945,2.910946497411981,50.198412698412696,50.198412698412696,9.399999618530273
2017-07-20,9.432499885559082,9.382499694824219,7.643495365706043,54.761904761904766,54.761904761904766,9.432499885559082
2017-07-21,9.595000267028809,9.555000305175781,18.38088429634003,66.86507936507937,66.86507936507937,9.595000267028809
2017-07-24,9.607500076293945,9.6274995803833,24.5099961050488,72.42063492063492,72.42063492063492,9.607500076293945
2017-07-25,9.537500381469727,9.550000190734863,24.455004399846665,72.02380952380952,72.02380952380952,9.537500381469727
2017-07-26,9.704999923706055,9.452500343322754,31.12617679934554,83.53174603174604,83.53174603174604,9.704999923706055
2017-07-27,9.677499771118164,9.72249984741211,32.60934029861116,86.30952380952381,86.30952380952381,9.677499771118164
2017-07-28,9.824999809265137,9.734999656677246,36.819177003436806,92.85714285714286,92.85714285714286,9.824999809265137
2017-07-31,9.829999923706055,9.787500381469727,39.1689247629311,95.63492063492063,95.63492063492063,9.829999923706055
2017-08-01,9.817500114440918,9.8125,38.63261676229602,95.03968253968253,95.03968253968253,9.817500114440918
2017-08-02,9.772500038146973,9.762499809265137,35.99140928375692,91.26984126984127,91.26984126984127,9.772500038146973
2017-08-03,9.807499885559082,9.755000114440918,36.232274727386105,91.26984126984127,91.26984126984127,9.807499885559082
2017-08-04,9.647500038146973,9.6899995803833,27.834702898321197,75.59523809523809,75.59523809523809,9.647500038146973
2017-08-07,9.6274995803833,9.604999542236328,22.094559585049662,68.05555555555556,68.05555555555556,9.6274995803833
2017-08-08,9.6850004196167,9.71500015258789,21.637046957193647,67.65873015873017,67.65873015873017,9.6850004196167
2017-08-09,9.917499542236328,9.875,30.293183404722562,80.15873015873017,80.15873015873017,9.917499542236328
2017-08-10,10.057499885559082,10.029999732971191,35.91724393638411,90.87301587301587,90.87301587301587,10.057499885559082
2017-08-11,10.170000076293945,10.057499885559082,39.93311452017597,96.82539682539682,96.82539682539682,10.170000076293945
2017-08-14,10.010000228881836,10.0024995803833,35.798897299506756,90.27777777777779,90.27777777777779,10.010000228881836
2017-08-15,9.852499961853027,9.767499923706055,24.68249866383637,70.23809523809523,70.23809523809523,9.852499961853027
2017-08-16,10.0024995803833,9.795000076293945,25.206907370134772,70.63492063492063,70.63492063492063,10.0024995803833
2017-08-17,10.09749984741211,10.077500343322754,30.295497036417522,79.56349206349206,79.56349206349206,10.09749984741211
2017-08-18,10.074999809265137,10.267499923706055,28.004676971286546,74.8015873015873,74.8015873015873,10.074999809265137
2017-08-21,10.142499923706055,10.104999542236328,30.059737522586765,78.96825396825396,78.96825396825396,10.142499923706055
2017-08-22,10.047499656677246,10.107500076293945,25.322186970582223,70.83333333333334,70.83333333333334,10.047499656677246
2017-08-23,10.1274995803833,10.102499961853027,26.556696558612973,73.4126984126984,73.4126984126984,10.1274995803833
2017-08-24,10.072500228881836,10.095000267028809,22.97411141587222,67.06349206349206,67.06349206349206,10.072500228881836
2017-08-25,10.1274995803833,10.130000114440918,23.849305803366576,68.65079365079364,68.65079365079364,10.1274995803833
2017-08-28,10.454999923706055,10.2475004196167,33.472348854543505,86.70634920634922,86.70634920634922,10.454999923706055
2017-08-29,10.397500038146973,10.635000228881836,32.586511187470336,84.72222222222221,84.72222222222221,10.397500038146973
2017-08-30,10.382499694824219,10.364999771118164,31.65035058291395,82.14285714285714,82.14285714285714,10.382499694824219
2017-08-31,10.645000457763672,10.412500381469727,37.62218783641989,94.24603174603175,94.24603174603175,10.645000457763672
2017-09-01,10.65999984741211,10.670000076293945,40.30306619368274,97.22222222222221,97.22222222222221,10.65999984741211
2017-09-05,10.914999961853027,10.789999961853027,41.81488580921065,98.61111111111111,98.61111111111111,10.914999961853027
2017-09-06,10.800000190734863,10.904999732971191,40.30301282818217,96.82539682539682,96.82539682539682,10.800000190734863
2017-09-07,11.022500038146973,10.914999961853027,41.950208585225404,99.20634920634922,99.20634920634922,11.022500038146973
2017-09-08,10.992500305175781,11.037500381469727,42.02202330333113,99.20634920634922,99.20634920634922,10.992500305175781
2017-09-11,10.677499771118164,10.75,31.787651225647757,81.34920634920636,81.34920634920636,10.677499771118164
2017-09-12,10.737500190734863,10.640000343322754,28.53565127872076,73.80952380952381,73.80952380952381,10.737500190734863
2017-09-13,10.585000038146973,10.737500190734863,20.24348741449202,61.904761904761905,61.904761904761905,10.585000038146973
2017-09-14,10.670000076293945,10.574999809265137,18.280509803654336,60.51587301587301,60.51587301587301,10.670000076293945
2017-09-15,10.567500114440918,10.664999961853027,12.742908107598286,55.75396825396825,55.75396825396825,10.567500114440918
2017-09-18,10.367500305175781,10.4399995803833,2.731095412536839,45.03968253968254,45.03968253968254,10.367500305175781
2017-09-19,10.395000457763672,10.387499809265137,-1.7434803625874573,41.07142857142857,41.07142857142857,10.395000457763672
2017-09-20,10.234999656677246,10.397500038146973,-9.217326514717303,34.32539682539682,34.32539682539682,10.234999656677246
2017-09-21,10.072500228881836,10.079999923706055,-17.869194287235928,28.174603174603174,28.174603174603174,10.072500228881836
2017-09-22,10.162500381469727,10.145000457763672,-19.354615612718533,27.579365079365083,27.579365079365083,10.162500381469727
2017-09-25,10.40250015258789,10.109999656677246,-12.314334520617859,32.73809523809524,32.73809523809524,10.40250015258789
2017-09-26,10.164999961853027,10.2524995803833,-19.016141152101927,27.976190476190478,27.976190476190478,10.164999961853027
2017-09-27,9.96500015258789,10.0,-26.712098162538922,23.214285714285715,23.214285714285715,9.96500015258789
2017-09-28,10.0024995803833,9.954999923706055,-29.353232616794607,21.23015873015873,21.23015873015873,10.0024995803833
2017-09-29,9.899999618530273,10.03499984741211,-32.69607351358234,17.658730158730158,17.658730158730158,9.899999618530273
2017-10-02,9.770000457763672,9.817500114440918,-29.819892364751887,21.428571428571427,21.428571428571427,9.770000457763672
2017-10-03,9.77750015258789,9.732500076293945,-28.02000847409093,23.61111111111111,23.61111111111111,9.77750015258789
2017-10-04,9.832500457763672,9.845000267028809,-25.657174539850196,24.404761904761905,24.404761904761905,9.832500457763672
2017-10-05,9.72249984741211,9.802499771118164,-26.90735036636374,24.00793650793651,24.00793650793651,9.72249984741211
2017-10-06,9.8149995803833,9.670000076293945,-25.00446354839182,25.396825396825395,25.396825396825395,9.8149995803833
2017-10-09,9.97249984741211,9.912500381469727,-18.038633796294956,29.96031746031746,29.96031746031746,9.97249984741211
2017-10-10,10.024999618530273,10.085000038146973,-12.525340956648364,34.72222222222222,34.72222222222222,10.024999618530273
2017-10-11,10.09000015258789,10.052499771118164,-7.607868364133645,39.08730158730159,39.08730158730159,10.09000015258789
2017-10-12,10.102499961853027,10.100000381469727,-4.258077525308936,41.66666666666667,41.66666666666667,10.102499961853027
2017-10-13,10.262499809265137,10.220000267028809,3.3178426146818416,49.007936507936506,49.007936507936506,10.262499809265137
2017-10-16,10.109999656677246,10.21500015258789,4.584977334638681,50.198412698412696,50.198412698412696,10.109999656677246
2017-10-17,9.97249984741211,9.967499732971191,0.5669780788936395,45.23809523809524,45.23809523809524,9.97249984741211
2017-10-18,9.897500038146973,9.904999732971191,-4.586229032179932,41.07142857142857,41.07142857142857,9.897500038146973
2017-10-19,10.005000114440918,9.984999656677246,-2.254672451275113,44.047619047619044,44.047619047619044,10.005000114440918
2017-10-20,9.885000228881836,9.867500305175781,-5.7829759209341125,39.88095238095239,39.88095238095239,9.885000228881836
2017-10-23,9.912500381469727,9.779999732971191,-6.3730852198216015,39.682539682539684,39.682539682539684,9.912500381469727
2017-10-24,9.822500228881836,9.837499618530273,-8.636014986953432,37.5,37.5,9.822500228881836
2017-10-25,9.837499618530273,9.822500228881836,-9.238062336177823,36.904761904761905,36.904761904761905,9.837499618530273
2017-10-26,9.667499542236328,9.8149995803833,-15.80393642871027,31.944444444444443,31.944444444444443,9.667499542236328
2017-10-27,9.755000114440918,9.657500267028809,-15.668252667949979,32.34126984126984,32.34126984126984,9.755000114440918
2017-10-30,9.807499885559082,9.770000457763672,-13.396928116398202,34.523809523809526,34.523809523809526,9.807499885559082
2017-10-31,9.71500015258789,9.7524995803833,-20.647328491679055,28.76984126984127,28.76984126984127,9.71500015258789
2017-11-01,9.792499542236328,9.789999961853027,-20.056103023734657,28.968253968253972,28.968253968253972,9.792499542236328
2017-11-02,9.8149995803833,9.832500457763672,-18.452120192562738,30.158730158730158,30.158730158730158,9.8149995803833
2017-11-03,9.71500015258789,9.84749984741211,-22.86184965937304,26.984126984126984,26.984126984126984,9.71500015258789
2017-11-06,9.8774995803833,9.692500114440918,-16.96412604212795,31.150793650793652,31.150793650793652,9.8774995803833
2017-11-07,9.805000305175781,9.859999656677246,-17.19576968939338,30.952380952380953,30.952380952380953,9.805000305175781
2017-11-08,9.8774995803833,9.917499542236328,-13.758759241014454,34.32539682539682,34.32539682539682,9.8774995803833
2017-11-09,9.952500343322754,9.90250015258789,-7.729649838323659,40.07936507936508,40.07936507936508,9.952500343322754
2017-11-10,9.795000076293945,9.925000190734863,-12.977590628129438,34.92063492063492,34.92063492063492,9.795000076293945
2017-11-13,9.8100004196167,9.835000038146973,-14.90870028195742,32.73809523809524,32.73809523809524,9.8100004196167
2017-11-14,9.852499961853027,9.717499732971191,-8.22490759533655,39.285714285714285,39.285714285714285,9.852499961853027
2017-11-15,9.819999694824219,9.932499885559082,-7.0703937442815805,40.67460317460318,40.67460317460318,9.819999694824219
2017-11-16,9.824999809265137,9.8149995803833,-6.140558193741309,41.07142857142857,41.07142857142857,9.824999809265137
2017-11-17,10.057499885559082,9.927499771118164,7.950044760782385,54.96031746031746,54.96031746031746,10.057499885559082
2017-11-20,9.805000305175781,9.942500114440918,-2.1358146881913354,45.43650793650794,45.43650793650794,9.805000305175781
2017-11-21,9.845000267028809,9.857500076293945,-4.936027294155782,42.06349206349206,42.06349206349206,9.845000267028809
2017-11-22,10.022500038146973,9.957500457763672,5.577331523890561,52.182539682539684,52.182539682539684,10.022500038146973
2017-11-24,9.96500015258789,10.0,7.292237201733642,52.976190476190474,52.976190476190474,9.96500015258789
2017-11-27,10.055000305175781,10.095000267028809,13.915413344933029,61.50793650793651,61.50793650793651,10.055000305175781
2017-11-28,10.047499656677246,10.092499732971191,16.59556465205293,63.29365079365079,63.29365079365079,10.047499656677246
2017-11-29,9.895000457763672,9.927499771118164,7.490415728848829,52.77777777777778,52.77777777777778,9.895000457763672
2017-11-30,9.765000343322754,9.829999923706055,-6.345401849321676,39.08730158730159,39.08730158730159,9.765000343322754
2017-12-01,9.842499732971191,9.760000228881836,-7.9941524700309605,37.698412698412696,37.698412698412696,9.842499732971191
2017-12-04,9.772500038146973,9.77750015258789,-13.909672857170117,31.150793650793652,31.150793650793652,9.772500038146973
2017-12-05,9.635000228881836,9.65250015258789,-22.61236940069711,23.214285714285715,23.214285714285715,9.635000228881836
2017-12-06,9.59000015258789,9.572500228881836,-29.492584812841788,17.261904761904763,17.261904761904763,9.59000015258789
2017-12-07,9.342499732971191,9.430000305175781,-34.72260935744691,12.3015873015873,12.3015873015873,9.342499732971191
2017-12-08,9.342499732971191,9.350000381469727,-37.40149540229842,7.936507936507936,7.936507936507936,9.342499732971191
2017-12-11,9.25,9.3125,-40.56172119013619,4.166666666666666,4.166666666666666,9.25
2017-12-12,9.274999618530273,9.22249984741211,-40.12469760596132,5.158730158730158,5.158730158730158,9.274999618530273
2017-12-13,9.447500228881836,9.287500381469727,-33.54163297458039,13.88888888888889,13.88888888888889,9.447500228881836
2017-12-14,9.414999961853027,9.444999694824219,-31.1622301502712,17.261904761904763,17.261904761904763,9.414999961853027
2017-12-15,9.454999923706055,9.5,-27.9227522332478,20.833333333333336,20.833333333333336,9.454999923706055
2017-12-18,9.550000190734863,9.520000457763672,-21.44657852694041,25.793650793650798,25.793650793650798,9.550000190734863
2017-12-19,9.547499656677246,9.545000076293945,-18.25079193865562,27.976190476190478,27.976190476190478,9.547499656677246
2017-12-20,9.600000381469727,9.5625,-13.800180713853974,32.53968253968254,32.53968253968254,9.600000381469727
2017-12-21,9.649999618530273,9.592499732971191,-8.709284797430165,36.7063492063492,36.7063492063492,9.649999618530273
2017-12-22,9.732500076293945,9.682499885559082,-1.979818742359034,45.03968253968254,45.03968253968254,9.732500076293945
2017-12-26,9.862500190734863,9.817500114440918,7.778333023698468,53.769841269841265,53.769841269841265,9.862500190734863
2017-12-27,9.925000190734863,9.8774995803833,16.638827298079242,63.29365079365079,63.29365079365079,9.925000190734863
2017-12-28,10.029999732971191,10.005000114440918,28.012295839732438,75.39682539682539,75.39682539682539,10.029999732971191
2017-12-29,10.167499542236328,10.140000343322754,34.10515999753651,87.89682539682539,87.89682539682539,10.167499542236328
2018-01-02,10.397500038146973,10.322500228881836,39.01263340996044,95.03968253968253,95.03968253968253,10.397500038146973
2018-01-03,10.307499885559082,10.375,39.17758739708682,95.23809523809523,95.23809523809523,10.307499885559082
2018-01-04,10.430000305175781,10.3125,40.13175551888438,96.42857142857143,96.42857142857143,10.430000305175781
2018-01-05,10.420000076293945,10.34000015258789,40.331818059625725,97.22222222222221,97.22222222222221,10.420000076293945
2018-01-08,10.404999732971191,10.390000343322754,39.98578995232755,95.83333333333334,95.83333333333334,10.404999732971191
2018-01-09,10.305000305175781,10.262499809265137,36.379543881320444,90.27777777777779,90.27777777777779,10.305000305175781
2018-01-10,10.3774995803833,10.369999885559082,36.4521915123422,90.27777777777779,90.27777777777779,10.3774995803833
2018-01-11,10.425000190734863,10.425000190734863,37.56889439505521,92.65873015873017,92.65873015873017,10.425000190734863
2018-01-12,10.682499885559082,10.515000343322754,40.548704913109304,97.42063492063492,97.42063492063492,10.682499885559082
2018-01-16,10.707500457763672,10.6274995803833,42.341769229276636,99.40476190476191,99.40476190476191,10.707500457763672
2018-01-17,10.542499542236328,10.65250015258789,38.31565856399094,92.65873015873017,92.65873015873017,10.542499542236328
2018-01-18,10.479999542236328,10.542499542236328,32.86311892140637,83.73015873015873,83.73015873015873,10.479999542236328
2018-01-19,10.582500457763672,10.614999771118164,33.632608753119825,84.92063492063492,84.92063492063492,10.582500457763672
2018-01-22,10.617500305175781,10.612500190734863,34.90061640261908,86.90476190476191,86.90476190476191,10.617500305175781
2018-01-23,10.720000267028809,10.574999809265137,38.02682485662178,92.46031746031747,92.46031746031747,10.720000267028809
2018-01-24,10.989999771118164,10.9399995803833,40.14055025345212,95.83333333333334,95.83333333333334,10.989999771118164
2018-01-25,10.817500114440918,10.967499732971191,35.17963160485446,86.5079365079365,86.5079365079365,10.817500114440918
2018-01-26,10.854999542236328,10.899999618530273,33.231858822600806,83.33333333333334,83.33333333333334,10.854999542236328
2018-01-29,10.739999771118164,10.767499923706055,26.20643850500837,70.43650793650794,70.43650793650794,10.739999771118164
2018-01-30,10.637499809265137,10.824999809265137,15.980525135303319,60.912698412698404,60.912698412698404,10.637499809265137
2018-01-31,10.817500114440918,10.739999771118164,17.724343650561966,62.698412698412696,62.698412698412696,10.817500114440918
2018-02-01,10.795000076293945,10.710000038146973,16.810079269057113,62.5,62.5,10.795000076293945
2018-02-02,10.524999618530273,10.617500305175781,3.653483708366979,48.80952380952381,48.80952380952381,10.524999618530273
2018-02-05,10.602499961853027,10.645000457763672,0.09641317069675184,45.83333333333333,45.83333333333333,10.602499961853027
2018-02-06,10.3725004196167,10.577500343322754,-12.065798856056693,34.523809523809526,34.523809523809526,10.3725004196167
2018-02-07,10.28499984741211,10.397500038146973,-22.225272145661812,25.198412698412696,25.198412698412696,10.28499984741211
2018-02-08,10.34000015258789,10.279999732971191,-24.55334930095458,22.817460317460316,22.817460317460316,10.34000015258789
2018-02-09,10.267499923706055,10.242500305175781,-29.30026977534441,18.849206349206348,18.849206349206348,10.267499923706055
2018-02-12,10.40999984741211,10.359999656677246,-24.948966104671022,22.817460317460316,22.817460317460316,10.40999984741211
2018-02-13,10.507499694824219,10.460000038146973,-18.26346633655489,28.76984126984127,28.76984126984127,10.507499694824219
2018-02-14,10.869999885559082,10.572500228881836,0.26835305974684337,47.22222222222222,47.22222222222222,10.869999885559082
2018-02-15,10.892499923706055,10.917499542236328,11.82835844912394,59.32539682539682,59.32539682539682,10.892499923706055
2018-02-16,10.800000190734863,10.857500076293945,12.725881120056371,59.92063492063492,59.92063492063492,10.800000190734863
2018-02-20,10.520000457763672,10.692500114440918,0.8556908352717668,47.817460317460316,47.817460317460316,10.520000457763672
2018-02-21,10.412500381469727,10.537500381469727,-9.988376147611813,36.507936507936506,36.507936507936506,10.412500381469727
2018-02-22,10.532500267028809,10.4375,-10.216235244694024,36.507936507936506,36.507936507936506,10.532500267028809
2018-02-23,10.487500190734863,10.4975004196167,-12.346357816351185,35.11904761904761,35.11904761904761,10.487500190734863
2018-02-26,10.542499542236328,10.547499656677246,-9.010209173556758,37.89682539682539,37.89682539682539,10.542499542236328
2018-02-27,10.3100004196167,10.487500190734863,-19.08834388649691,27.976190476190478,27.976190476190478,10.3100004196167
2018-02-28,10.287500381469727,10.3149995803833,-25.683271137063713,22.023809523809522,22.023809523809522,10.287500381469727
2018-03-01,10.237500190734863,10.162500381469727,-27.613143187250284,21.23015873015873,21.23015873015873,10.237500190734863
2018-03-02,10.362500190734863,10.422499656677246,-22.379871436877192,26.190476190476193,26.190476190476193,10.362500190734863
2018-03-05,10.3100004196167,10.364999771118164,-22.359809139113374,26.38888888888889,26.38888888888889,10.3100004196167
2018-03-06,10.582500457763672,10.515000343322754,-9.192273376906703,38.88888888888889,38.88888888888889,10.582500457763672
2018-03-07,10.399999618530273,10.524999618530273,-10.629025344786033,37.698412698412696,37.698412698412696,10.399999618530273
2018-03-08,10.362500190734863,10.40999984741211,-13.02538248247279,35.51587301587302,35.51587301587302,10.362500190734863
2018-03-09,10.362500190734863,10.289999961853027,-14.28460207096885,34.32539682539682,34.32539682539682,10.362500190734863
2018-03-12,10.392499923706055,10.324999809265137,-13.610736046008922,35.317460317460316,35.317460317460316,10.392499923706055
2018-03-13,10.432499885559082,10.404999732971191,-11.217320806046699,38.095238095238095,38.095238095238095,10.432499885559082
2018-03-14,10.397500038146973,10.382499694824219,-11.76724454920108,37.698412698412696,37.698412698412696,10.397500038146973
2018-03-15,10.257499694824219,10.305000305175781,-19.794431396251515,28.373015873015873,28.373015873015873,10.257499694824219
2018-03-16,10.220000267028809,10.270000457763672,-25.419791691295536,22.61904761904762,22.61904761904762,10.220000267028809
2018-03-19,10.267499923706055,10.229999542236328,-25.3992905182925,22.817460317460316,22.817460317460316,10.267499923706055
2018-03-20,10.167499542236328,10.197500228881836,-29.273053853507125,19.047619047619047,19.047619047619047,10.167499542236328
2018-03-21,10.522500038146973,10.342499732971191,-6.145459326769292,45.03968253968254,45.03968253968254,10.522500038146973
2018-03-22,10.442500114440918,10.47249984741211,1.5254534220150782,52.57936507936508,52.57936507936508,10.442500114440918
2018-03-23,10.712499618530273,10.739999771118164,14.432232225458852,65.67460317460318,65.67460317460318,10.712499618530273
2018-03-26,10.869999885559082,10.779999732971191,25.28238306964375,74.8015873015873,74.8015873015873,10.869999885559082
2018-03-27,10.697500228881836,10.657500267028809,22.492820102896577,71.42857142857143,71.42857142857143,10.697500228881836
2018-03-28,10.387499809265137,10.542499542236328,6.531887133273656,56.547619047619044,56.547619047619044,10.387499809265137
2018-03-29,10.387499809265137,10.345000267028809,-2.003846085952197,49.2063492063492,49.2063492063492,10.387499809265137
2018-04-02,10.649999618530273,10.552499771118164,5.414762596239321,55.75396825396825,55.75396825396825,10.649999618530273
2018-04-03,10.47249984741211,10.542499542236328,0.9119288095808278,51.388888888888886,51.388888888888886,10.47249984741211
2018-04-04,10.5,10.682499885559082,0.019683474193981622,50.0,50.0,10.5
2018-04-05,10.387499809265137,10.307499885559082,-6.47590672388339,43.05555555555556,43.05555555555556,10.387499809265137
2018-04-06,10.5,10.515000343322754,-3.718062511251251,46.230158730158735,46.230158730158735,10.5
2018-04-09,10.545000076293945,10.510000228881836,0.219833390250053,50.198412698412696,50.198412698412696,10.545000076293945
2018-04-10,10.640000343322754,10.579999923706055,6.5860473432456255,56.547619047619044,56.547619047619044,10.640000343322754
2018-04-11,10.765000343322754,10.757499694824219,13.04993623003683,64.48412698412699,64.48412698412699,10.765000343322754
2018-04-12,10.5024995803833,10.632499694824219,4.417117917984658,54.36507936507936,54.36507936507936,10.5024995803833
2018-04-13,10.65250015258789,10.587499618530273,6.934666527646476,56.94444444444444,56.94444444444444,10.65250015258789
2018-04-16,10.710000038146973,10.692500114440918,10.747941501591157,60.71428571428571,60.71428571428571,10.710000038146973
2018-04-17,10.702500343322754,10.602499961853027,12.370190490918956,63.29365079365079,63.29365079365079,10.702500343322754
2018-04-18,10.712499618530273,10.772500038146973,13.91779361344098,65.07936507936508,65.07936507936508,10.712499618530273
2018-04-19,10.65999984741211,10.717499732971191,9.290851746670846,59.72222222222222,59.72222222222222,10.65999984741211
2018-04-20,10.520000457763672,10.52750015258789,-1.7510418174933855,48.01587301587302,48.01587301587302,10.520000457763672
2018-04-23,10.337499618530273,10.352499961853027,-18.60714561417158,29.761904761904763,29.761904761904763,10.337499618530273
2018-04-24,10.442500114440918,10.350000381469727,-20.426877120380492,28.174603174603174,28.174603174603174,10.442500114440918
2018-04-25,10.300000190734863,10.255000114440918,-27.53961733560003,21.626984126984127,21.626984126984127,10.300000190734863
2018-04-26,10.227499961853027,10.317500114440918,-32.9171906781139,14.285714285714285,14.285714285714285,10.227499961853027
2018-04-27,10.3149995803833,10.262499809265137,-30.90427253640739,17.658730158730158,17.658730158730158,10.3149995803833
2018-04-30,10.180000305175781,10.154999732971191,-34.317701577321536,13.492063492063492,13.492063492063492,10.180000305175781
2018-05-01,10.010000228881836,10.052499771118164,-37.80722597783588,7.936507936507936,7.936507936507936,10.010000228881836
2018-05-02,10.010000228881836,10.039999961853027,-39.53797781833261,6.349206349206349,6.349206349206349,10.010000228881836
2018-05-03,10.125,10.162500381469727,-36.38034719495933,10.515873015873016,10.515873015873016,10.125
2018-05-04,10.15250015258789,10.069999694824219,-33.56183868655877,14.682539682539684,14.682539682539684,10.15250015258789
2018-05-07,10.154999732971191,10.125,-31.918638644556207,17.46031746031746,17.46031746031746,10.154999732971191
2018-05-08,10.154999732971191,10.095000267028809,-31.043234148561176,18.849206349206348,18.849206349206348,10.154999732971191
2018-05-09,10.114999771118164,10.117500305175781,-32.44461148477142,16.26984126984127,16.26984126984127,10.114999771118164
2018-05-10,10.25,10.25,-23.855712199951004,27.579365079365083,27.579365079365083,10.25
2018-05-11,10.220000267028809,10.300000190734863,-20.98947282187443,30.357142857142854,30.357142857142854,10.220000267028809
2018-05-14,10.132499694824219,10.229999542236328,-24.83849935241194,26.190476190476193,26.190476190476193,10.132499694824219
2018-05-15,9.805000305175781,9.869999885559082,-33.830201954642256,14.682539682539684,14.682539682539684,9.805000305175781
2018-05-16,9.760000228881836,9.767499923706055,-38.925629304158754,7.142857142857142,7.142857142857142,9.760000228881836
2018-05-17,9.77750015258789,9.744999885559082,-40.88981540750582,3.7698412698412698,3.7698412698412698,9.77750015258789
2018-05-18,9.792499542236328,9.75,-41.14025636285506,3.571428571428571,3.571428571428571,9.792499542236328
2018-05-21,9.792499542236328,9.7475004196167,-40.260323899081676,5.158730158730158,5.158730158730158,9.792499542236328
2018-05-22,9.792499542236328,9.835000038146973,-39.72296682027383,6.349206349206349,6.349206349206349,9.792499542236328
2018-05-23,9.8100004196167,9.739999771118164,-38.447222302273474,8.333333333333332,8.333333333333332,9.8100004196167
2018-05-24,9.979999542236328,9.912500381469727,-27.024765957204533,25.396825396825395,25.396825396825395,9.979999542236328
2018-05-25,9.917499542236328,9.962499618530273,-24.706316823563,27.976190476190478,27.976190476190478,9.917499542236328
2018-05-29,9.904999732971191,9.854999542236328,-24.087262590761956,28.968253968253972,28.968253968253972,9.904999732971191
2018-05-30,9.932499885559082,9.920000076293945,-21.421384139977466,31.746031746031743,31.746031746031743,9.932499885559082
2018-05-31,9.890000343322754,9.907500267028809,-23.1001401111158,29.761904761904763,29.761904761904763,9.890000343322754
2018-06-01,9.78499984741211,9.802499771118164,-29.779105877077463,21.03174603174603,21.03174603174603,9.78499984741211
2018-06-04,9.7524995803833,9.807499885559082,-34.752088402202844,13.88888888888889,13.88888888888889,9.7524995803833
2018-06-05,9.84749984741211,9.789999961853027,-31.276824408348368,19.047619047619047,19.047619047619047,9.84749984741211
2018-06-06,9.845000267028809,9.8774995803833,-29.577094874599858,21.23015873015873,21.23015873015873,9.845000267028809
2018-06-07,9.84000015258789,9.852499961853027,-29.013725913663453,22.42063492063492,22.42063492063492,9.84000015258789
2018-06-08,9.867500305175781,9.880000114440918,-25.898548144033068,25.793650793650798,25.793650793650798,9.867500305175781
2018-06-11,9.897500038146973,9.899999618530273,-21.009301876869397,32.53968253968254,32.53968253968254,9.897500038146973
2018-06-12,9.827500343322754,9.852499961853027,-24.082275990430695,29.365079365079367,29.365079365079367,9.827500343322754
2018-06-13,9.882499694824219,9.819999694824219,-13.347634521330859,40.27777777777778,40.27777777777778,9.882499694824219
2018-06-14,9.925000190734863,9.96500015258789,-1.4059802905553345,53.17460317460318,53.17460317460318,9.925000190734863
2018-06-15,9.579999923706055,9.707500457763672,-20.105199938068417,33.53174603174603,33.53174603174603,9.579999923706055
2018-06-18,9.547499656677246,9.585000038146973,-31.320571741138608,19.047619047619047,19.047619047619047,9.547499656677246
2018-06-19,9.5,9.484999656677246,-37.140269018983574,9.523809523809524,9.523809523809524,9.5
2018-06-20,9.412500381469727,9.5,-41.16873658154181,3.571428571428571,3.571428571428571,9.412500381469727
2018-06-21,9.382499694824219,9.357500076293945,-41.90981492487118,1.7857142857142856,1.7857142857142856,9.382499694824219
2018-06-22,9.407500267028809,9.380000114440918,-41.3951135189446,3.373015873015873,3.373015873015873,9.407500267028809
2018-06-25,9.34749984741211,9.369999885559082,-43.009192268992145,0.992063492063492,0.992063492063492,9.34749984741211
2018-06-26,9.2475004196167,9.220000267028809,-43.749927827292424,0.3968253968253968,0.3968253968253968,9.2475004196167
2018-06-27,9.145000457763672,9.212499618530273,-44.696522535663476,0.0,0.0,9.145000457763672
2018-06-28,9.09749984741211,9.137499809265137,-44.616527223632026,0.1984126984126984,0.1984126984126984,9.09749984741211
2018-06-29,9.140000343322754,9.107500076293945,-43.408573752784505,0.992063492063492,0.992063492063492,9.140000343322754
2018-07-02,8.970000267028809,9.100000381469727,-44.368241588805205,0.3968253968253968,0.3968253968253968,8.970000267028809
2018-07-03,9.212499618530273,9.09749984741211,-37.61839666111731,11.11111111111111,11.11111111111111,9.212499618530273
2018-07-05,9.210000038146973,9.194999694824219,-34.15479391627119,17.063492063492063,17.063492063492063,9.210000038146973
2018-07-06,9.180000305175781,9.204999923706055,-33.173411459332705,18.253968253968253,18.253968253968253,9.180000305175781
2018-07-09,9.227499961853027,9.307499885559082,-30.773276919163834,23.015873015873016,23.015873015873016,9.227499961853027
2018-07-10,9.180000305175781,9.170000076293945,-31.011568987285205,22.61904761904762,22.61904761904762,9.180000305175781
2018-07-11,8.989999771118164,9.112500190734863,-36.98377023601596,11.706349206349206,11.706349206349206,8.989999771118164
2018-07-12,9.055000305175781,9.045000076293945,-37.66805307249686,11.11111111111111,11.11111111111111,9.055000305175781
2018-07-13,8.979999542236328,8.982500076293945,-39.623559039561165,8.333333333333332,8.333333333333332,8.979999542236328
2018-07-16,8.96500015258789,8.932499885559082,-40.85381894474739,5.952380952380952,5.952380952380952,8.96500015258789
2018-07-17,8.765000343322754,8.827500343322754,-42.846185344008276,2.380952380952381,2.380952380952381,8.765000343322754
2018-07-18,8.774999618530273,8.742500305175781,-41.89619883339758,3.373015873015873,3.373015873015873,8.774999618530273
2018-07-19,8.694999694824219,8.604999542236328,-41.47981288720072,4.9603174603174605,4.9603174603174605,8.694999694824219
2018-07-20,8.8100004196167,8.78499984741211,-37.13491900203294,12.896825396825399,12.896825396825399,8.8100004196167
2018-07-23,8.729999542236328,8.765000343322754,-37.448647650219776,12.5,12.5,8.729999542236328
2018-07-24,8.732500076293945,8.7475004196167,-37.08536280018855,13.293650793650794,13.293650793650794,8.732500076293945
2018-07-25,8.829999923706055,8.842499732971191,-31.543204895723107,23.61111111111111,23.61111111111111,8.829999923706055
2018-07-26,8.694999694824219,8.765000343322754,-34.27898259055663,18.849206349206348,18.849206349206348,8.694999694824219
2018-07-27,8.704999923706055,8.707500457763672,-34.95347582165096,17.261904761904763,17.261904761904763,8.704999923706055
2018-07-30,8.667499542236328,8.6875,-37.188814746953355,12.896825396825399,12.896825396825399,8.667499542236328
2018-07-31,8.717499732971191,8.645000457763672,-35.52528015930314,16.26984126984127,16.26984126984127,8.717499732971191
2018-08-01,8.592499732971191,8.677499771118164,-39.60432694393013,9.523809523809524,9.523809523809524,8.592499732971191
2018-08-02,8.489999771118164,8.59000015258789,-41.918357563229875,3.1746031746031744,3.1746031746031744,8.489999771118164
2018-08-03,8.5625,8.567500114440918,-39.97850694043708,8.928571428571429,8.928571428571429,8.5625
2018-08-06,8.462499618530273,8.494999885559082,-42.16434130919763,3.1746031746031744,3.1746031746031744,8.462499618530273
2018-08-07,8.505000114440918,8.542499542236328,-40.92380643599659,6.547619047619048,6.547619047619048,8.505000114440918
2018-08-08,8.5600004196167,8.522500038146973,-37.073979862327505,14.682539682539684,14.682539682539684,8.5600004196167
2018-08-09,8.522500038146973,8.5649995803833,-36.57786234923384,15.674603174603174,15.674603174603174,8.522500038146973
2018-08-10,8.510000228881836,8.52750015258789,-36.66991708206824,15.674603174603174,15.674603174603174,8.510000228881836
2018-08-13,8.255000114440918,8.375,-40.235663655162604,8.531746031746032,8.531746031746032,8.255000114440918
2018-08-14,8.274999618530273,8.292499542236328,-40.84214935324926,7.341269841269842,7.341269841269842,8.274999618530273
2018-08-15,7.994999885559082,8.125,-43.28716489768754,1.5873015873015872,1.5873015873015872,7.994999885559082
2018-08-16,7.992499828338623,8.042499542236328,-44.256210645495585,0.5952380952380952,0.5952380952380952,7.992499828338623
2018-08-17,8.130000114440918,8.069999694824219,-40.07071161936428,10.119047619047619,10.119047619047619,8.130000114440918
2018-08-20,8.212499618530273,8.182499885559082,-33.784357087259544,23.015873015873016,23.015873015873016,8.212499618530273
2018-08-21,8.262499809265137,8.225000381469727,-27.84323892747558,33.33333333333333,33.33333333333333,8.262499809265137
2018-08-22,8.292499542236328,8.317500114440918,-23.309758330636217,39.08730158730159,39.08730158730159,8.292499542236328
2018-08-23,8.140000343322754,8.212499618530273,-26.786353101407705,34.523809523809526,34.523809523809526,8.140000343322754
2018-08-24,8.412500381469727,8.292499542236328,-11.856846034997142,51.388888888888886,51.388888888888886,8.412500381469727
2018-08-27,8.487500190734863,8.420000076293945,1.2992653537440753,62.89682539682539,62.89682539682539,8.487500190734863
2018-08-28,8.359999656677246,8.524999618530273,-0.06356506067308926,61.111111111111114,61.111111111111114,8.359999656677246
2018-08-29,8.417499542236328,8.417499542236328,5.044414605104181,65.27777777777779,65.27777777777779,8.417499542236328
2018-08-30,8.342499732971191,8.387499809265137,3.5607535686183107,63.888888888888886,63.888888888888886,8.342499732971191
2018-08-31,8.3149995803833,8.362500190734863,0.9582992689562997,62.10317460317461,62.10317460317461,8.3149995803833
2018-09-04,8.237500190734863,8.217499732971191,-5.266870147403963,56.15079365079365,56.15079365079365,8.237500190734863
2018-09-05,8.279999732971191,8.28499984741211,-4.870435963197063,56.547619047619044,56.547619047619044,8.279999732971191
2018-09-06,8.327500343322754,8.364999771118164,-0.35398307302001275,60.317460317460316,60.317460317460316,8.327500343322754
2018-09-07,8.270000457763672,8.270000457763672,-2.696287532866606,58.13492063492064,58.13492063492064,8.270000457763672
2018-09-10,8.260000228881836,8.274999618530273,-4.6809401132787425,56.547619047619044,56.547619047619044,8.260000228881836
2018-09-11,8.265000343322754,8.1875,-3.976625701605163,57.341269841269835,57.341269841269835,8.265000343322754
2018-09-12,8.40250015258789,8.255000114440918,9.546406811772464,69.04761904761905,69.04761904761905,8.40250015258789
2018-09-13,8.34000015258789,8.492500305175781,11.37586390946812,69.84126984126983,69.84126984126983,8.34000015258789
2018-09-14,8.232500076293945,8.350000381469727,2.684596693526671,63.095238095238095,63.095238095238095,8.232500076293945
2018-09-17,8.317500114440918,8.307499885559082,5.6850899985289045,65.67460317460318,65.67460317460318,8.317500114440918
2018-09-18,8.28499984741211,8.34000015258789,2.0448072344609547,62.698412698412696,62.698412698412696,8.28499984741211
2018-09-19,8.354999542236328,8.362500190734863,7.317074366710075,66.66666666666666,66.66666666666666,8.354999542236328
2018-09-20,8.407500267028809,8.407500267028809,14.837612433648003,72.81746031746032,72.81746031746032,8.407500267028809
2018-09-21,8.295000076293945,8.197500228881836,7.7689253520862085,67.26190476190477,67.26190476190477,8.295000076293945
2018-09-24,8.287500381469727,8.350000381469727,1.9931398694732625,61.904761904761905,61.904761904761905,8.287500381469727
2018-09-25,8.317500114440918,8.317500114440918,2.8026354053730462,62.5,62.5,8.317500114440918
2018-09-26,8.227499961853027,8.232500076293945,-7.281174962179442,52.77777777777778,52.77777777777778,8.227499961853027
2018-09-27,8.09000015258789,8.092499732971191,-18.06103419608789,42.65873015873016,42.65873015873016,8.09000015258789
2018-09-28,8.1875,8.112500190734863,-15.050049057544063,44.642857142857146,44.642857142857146,8.1875
2018-10-01,8.149999618530273,8.140000343322754,-17.035714965313193,43.65079365079365,43.65079365079365,8.149999618530273
2018-10-02,8.345000267028809,8.3100004196167,1.1502706524771682,61.111111111111114,61.111111111111114,8.345000267028809
2018-10-03,8.265000343322754,8.342499732971191,4.05232482295245,63.888888888888886,63.888888888888886,8.265000343322754
2018-10-04,8.287500381469727,8.332500457763672,7.775748875064369,67.26190476190477,67.26190476190477,8.287500381469727
2018-10-05,8.337499618530273,8.337499618530273,13.772243046734523,71.62698412698413,71.62698412698413,8.337499618530273
2018-10-08,8.140000343322754,8.09000015258789,-1.6709662840456403,57.53968253968254,57.53968253968254,8.140000343322754
2018-10-09,8.157500267028809,8.1225004196167,-7.589895650089017,51.98412698412699,51.98412698412699,8.157500267028809
2018-10-10,8.1850004196167,8.125,-8.081258799468756,50.99206349206349,50.99206349206349,8.1850004196167
2018-10-11,8.604999542236328,8.387499809265137,14.760228185224014,72.61904761904762,72.61904761904762,8.604999542236328
2018-10-12,8.524999618530273,8.574999809265137,22.73820617148733,76.78571428571429,76.78571428571429,8.524999618530273
2018-10-15,8.632499694824219,8.649999618530273,28.285202601553138,82.73809523809523,82.73809523809523,8.632499694824219
2018-10-16,8.625,8.725000381469727,30.823486461202464,85.31746031746032,85.31746031746032,8.625
2018-10-17,8.600000381469727,8.625,31.264701574814897,86.11111111111111,86.11111111111111,8.600000381469727
2018-10-18,8.617500305175781,8.625,32.061785844575105,87.10317460317461,87.10317460317461,8.617500305175781
2018-10-19,8.637499809265137,8.675000190734863,33.195149295389534,88.88888888888889,88.88888888888889,8.637499809265137
2018-10-22,8.585000038146973,8.569999694824219,31.439477604019206,85.71428571428571,85.71428571428571,8.585000038146973
2018-10-23,8.680000305175781,8.802499771118164,32.646996321390496,88.09523809523809,88.09523809523809,8.680000305175781
2018-10-24,8.720000267028809,8.704999923706055,34.79902910075458,90.87301587301587,90.87301587301587,8.720000267028809
2018-10-25,8.6875,8.717499732971191,34.119158496956445,90.07936507936508,90.07936507936508,8.6875
2018-10-26,8.729999542236328,8.7524995803833,33.94329039286005,89.48412698412699,89.48412698412699,8.729999542236328
2018-10-29,8.664999961853027,8.697500228881836,30.66358389428797,83.53174603174604,83.53174603174604,8.664999961853027
2018-10-30,8.577500343322754,8.59000015258789,24.706281394852066,76.5873015873016,76.5873015873016,8.577500343322754
2018-10-31,8.482500076293945,8.442500114440918,16.09141848903931,70.43650793650794,70.43650793650794,8.482500076293945
2018-11-01,8.71500015258789,8.672499656677246,22.774904051209756,74.40476190476191,74.40476190476191,8.71500015258789
2018-11-02,8.712499618530273,8.710000038146973,25.917141268683153,77.97619047619048,77.97619047619048,8.712499618530273
2018-11-05,8.680000305175781,8.649999618530273,26.057685189781616,77.97619047619048,77.97619047619048,8.680000305175781
2018-11-06,8.612500190734863,8.670000076293945,22.869500151694456,74.20634920634922,74.20634920634922,8.612500190734863
2018-11-07,8.602499961853027,8.637499809265137,20.165727093641237,72.02380952380952,72.02380952380952,8.602499961853027
2018-11-08,8.569999694824219,8.572500228881836,11.561074228653856,66.26984126984127,66.26984126984127,8.569999694824219
2018-11-09,8.3725004196167,8.385000228881836,-9.409581187169564,45.63492063492063,45.63492063492063,8.3725004196167
2018-11-12,8.257499694824219,8.307499885559082,-22.897327022216395,33.92857142857143,33.92857142857143,8.257499694824219
2018-11-13,8.260000228881836,8.265000343322754,-28.304784480751948,27.579365079365083,27.579365079365083,8.260000228881836
2018-11-14,8.392499923706055,8.237500190734863,-22.196340325345858,34.92063492063492,34.92063492063492,8.392499923706055
2018-11-15,8.420000076293945,8.430000305175781,-16.56854110432688,40.07936507936508,40.07936507936508,8.420000076293945
2018-11-16,8.52750015258789,8.567500114440918,-5.43972026837479,50.595238095238095,50.595238095238095,8.52750015258789
2018-11-19,8.557499885559082,8.515000343322754,2.346788396027406,58.53174603174603,58.53174603174603,8.557499885559082
2018-11-20,8.532500267028809,8.582500457763672,4.814993523845557,60.71428571428571,60.71428571428571,8.532500267028809
2018-11-21,8.582500457763672,8.577500343322754,9.21647569280026,64.68253968253968,64.68253968253968,8.582500457763672
2018-11-23,8.550000190734863,8.569999694824219,9.448030163172822,64.88095238095238,64.88095238095238,8.550000190734863
2018-11-26,8.539999961853027,8.5625,8.85310020713857,64.28571428571429,64.28571428571429,8.539999961853027
2018-11-27,8.430000305175781,8.517499923706055,0.9613309987909133,55.952380952380956,55.952380952380956,8.430000305175781
2018-11-28,8.4975004196167,8.425000190734863,3.3001719203987214,58.53174603174603,58.53174603174603,8.4975004196167
2018-11-29,8.550000190734863,8.577500343322754,8.929300601939199,64.28571428571429,64.28571428571429,8.550000190734863
2018-11-30,8.520000457763672,8.470000267028809,9.11570262093447,64.28571428571429,64.28571428571429,8.520000457763672
2018-12-03,8.645000457763672,8.6875,18.26567088865666,71.03174603174604,71.03174603174604,8.645000457763672
2018-12-04,8.742500305175781,8.782500267028809,27.008810591221177,79.56349206349206,79.56349206349206,8.742500305175781
2018-12-06,8.7524995803833,8.797499656677246,30.4662135159883,83.13492063492063,83.13492063492063,8.7524995803833
2018-12-07,8.885000228881836,8.827500343322754,35.80412628968885,92.26190476190477,92.26190476190477,8.885000228881836
2018-12-10,8.827500343322754,8.84000015258789,36.06360233042931,92.85714285714286,92.85714285714286,8.827500343322754
2018-12-11,8.8100004196167,8.835000038146973,35.057452527914194,90.87301587301587,90.87301587301587,8.8100004196167
2018-12-12,8.850000381469727,8.829999923706055,36.46562755171386,93.45238095238095,93.45238095238095,8.850000381469727
2018-12-13,8.807499885559082,8.797499656677246,34.31648385308313,89.48412698412699,89.48412698412699,8.807499885559082
2018-12-14,8.725000381469727,8.672499656677246,28.802905796852457,79.96031746031747,79.96031746031747,8.725000381469727
2018-12-17,8.835000038146973,8.767499923706055,30.262592065791043,81.34920634920636,81.34920634920636,8.835000038146973
2018-12-18,8.882499694824219,8.832500457763672,34.24590345818452,89.28571428571429,89.28571428571429,8.882499694824219
2018-12-19,8.77750015258789,8.907500267028809,26.324568100738926,76.78571428571429,76.78571428571429,8.77750015258789
2018-12-20,9.045000076293945,9.005000114440918,31.98242373970921,84.52380952380952,84.52380952380952,9.045000076293945
2018-12-21,8.970000267028809,9.052499771118164,30.847878546612773,82.34126984126983,82.34126984126983,8.970000267028809
2018-12-24,9.15250015258789,9.100000381469727,36.371836018149324,92.85714285714286,92.85714285714286,9.15250015258789
2018-12-26,9.125,9.260000228881836,32.80633735724795,86.11111111111111,86.11111111111111,9.125
2018-12-27,9.175000190734863,9.232500076293945,32.37330272417198,84.72222222222221,84.72222222222221,9.175000190734863
2018-12-28,9.305000305175781,9.255000114440918,35.58423492597599,91.07142857142857,91.07142857142857,9.305000305175781
2018-12-31,9.352499961853027,9.307499885559082,38.22375068001814,95.23809523809523,95.23809523809523,9.352499961853027
2019-01-02,9.342499732971191,9.359999656677246,38.869501238185435,96.03174603174604,96.03174603174604,9.342499732971191
2019-01-03,9.5600004196167,9.427499771118164,41.71941331711629,98.80952380952381,98.80952380952381,9.5600004196167
2019-01-04,9.352499961853027,9.375,36.548213683356906,92.85714285714286,92.85714285714286,9.352499961853027
2019-01-07,9.404999732971191,9.444999694824219,35.47681475343403,89.88095238095238,89.88095238095238,9.404999732971191
2019-01-08,9.34000015258789,9.289999961853027,32.45627717780792,83.92857142857143,83.92857142857143,9.34000015258789
2019-01-09,9.477499961853027,9.342499732971191,35.42957369932651,89.68253968253968,89.68253968253968,9.477499961853027
2019-01-10,9.362500190734863,9.427499771118164,31.74262764684766,81.74603174603175,81.74603174603175,9.362500190734863
2019-01-11,9.387499809265137,9.380000114440918,30.929652885550478,80.15873015873017,80.15873015873017,9.387499809265137
2019-01-14,9.432499885559082,9.444999694824219,32.69779946908686,84.52380952380952,84.52380952380952,9.432499885559082
2019-01-15,9.390000343322754,9.462499618530273,30.978436767236584,79.96031746031747,79.96031746031747,9.390000343322754
2019-01-16,9.452500343322754,9.420000076293945,32.86112849121079,84.92063492063492,84.92063492063492,9.452500343322754
2019-01-17,9.422499656677246,9.417499542236328,31.695063360424246,81.34920634920636,81.34920634920636,9.422499656677246
2019-01-18,9.257499694824219,9.287500381469727,23.339652607038904,69.84126984126983,69.84126984126983,9.257499694824219
2019-01-22,9.3125,9.274999618530273,19.594290839713064,66.66666666666666,66.66666666666666,9.3125
2019-01-23,9.289999961853027,9.237500190734863,15.880868784335384,64.48412698412699,64.48412698412699,9.289999961853027
2019-01-24,9.255000114440918,9.265000343322754,10.33291799061131,60.51587301587301,60.51587301587301,9.255000114440918
2019-01-25,9.522500038146973,9.40250015258789,24.055976208623598,71.23015873015873,71.23015873015873,9.522500038146973
2019-01-28,9.595000267028809,9.515000343322754,33.323460168456776,86.5079365079365,86.5079365079365,9.595000267028809
2019-01-29,9.694999694824219,9.654999732971191,38.04996777433186,94.64285714285714,94.64285714285714,9.694999694824219
2019-01-30,9.8125,9.6850004196167,39.02683282786341,96.03174603174604,96.03174603174604,9.8125
2019-01-31,9.8149995803833,9.890000343322754,39.10258207276402,96.03174603174604,96.03174603174604,9.8149995803833
2019-02-01,9.78499984741211,9.837499618530273,38.01608282832388,93.84920634920636,93.84920634920636,9.78499984741211
2019-02-04,9.694999694824219,9.697500228881836,33.386850579377565,85.9126984126984,85.9126984126984,9.694999694824219
2019-02-05,9.739999771118164,9.734999656677246,32.807206481166716,84.12698412698413,84.12698412698413,9.739999771118164
2019-02-06,9.612500190734863,9.72249984741211,24.79449715941498,71.42857142857143,71.42857142857143,9.612500190734863
2019-02-07,9.65250015258789,9.657500267028809,22.44082142871833,68.25396825396825,68.25396825396825,9.65250015258789
2019-02-08,9.72249984741211,9.707500457763672,24.9992472653686,71.82539682539682,71.82539682539682,9.72249984741211
2019-02-11,9.632499694824219,9.557499885559082,20.788017208588915,67.46031746031747,67.46031746031747,9.632499694824219
2019-02-12,9.675000190734863,9.6875,20.666951228210355,67.46031746031747,67.46031746031747,9.675000190734863
2019-02-13,9.587499618530273,9.667499542236328,15.574563703376029,64.28571428571429,64.28571428571429,9.587499618530273
2019-02-14,9.682499885559082,9.649999618530273,17.885212723913796,66.07142857142857,66.07142857142857,9.682499885559082
2019-02-15,9.8125,9.779999732971191,26.44270366495557,75.0,75.0,9.8125
2019-02-19,10.104999542236328,9.989999771118164,34.79228885901015,88.69047619047619,88.69047619047619,10.104999542236328
2019-02-20,10.074999809265137,10.154999732971191,36.58148933315466,92.65873015873017,92.65873015873017,10.074999809265137
2019-02-21,9.837499618530273,10.012499809265137,27.875831541356817,75.9920634920635,75.9920634920635,9.837499618530273
2019-02-22,9.904999732971191,9.899999618530273,25.47512645483483,73.61111111111111,73.61111111111111,9.904999732971191
2019-02-25,9.885000228881836,9.947500228881836,21.703663047011904,68.65079365079364,68.65079365079364,9.885000228881836
2019-02-26,9.90999984741211,9.867500305175781,19.345397112407095,66.86507936507937,66.86507936507937,9.90999984741211
2019-02-27,9.77750015258789,9.84000015258789,9.25841496787644,59.92063492063492,59.92063492063492,9.77750015258789
2019-02-28,9.662500381469727,9.75,-3.2432435853260304,46.42857142857143,46.42857142857143,9.662500381469727
2019-03-01,9.319999694824219,9.567500114440918,-19.995431866912323,30.952380952380953,30.952380952380953,9.319999694824219
2019-03-04,9.274999618530273,9.267499923706055,-27.505299401565857,22.61904761904762,22.61904761904762,9.274999618530273
2019-03-05,9.292499542236328,9.2475004196167,-30.19267979359198,18.650793650793652,18.650793650793652,9.292499542236328
2019-03-06,9.279999732971191,9.2524995803833,-31.884057861457975,16.666666666666664,16.666666666666664,9.279999732971191
2019-03-07,9.25,9.229999542236328,-33.82878686790147,13.88888888888889,13.88888888888889,9.25
2019-03-08,9.454999923706055,9.4375,-25.50507725034667,25.0,25.0,9.454999923706055
2019-03-11,9.357500076293945,9.40999984741211,-25.45084790234073,25.198412698412696,25.198412698412696,9.357500076293945
2019-03-12,9.475000381469727,9.40250015258789,-19.62239248749019,32.142857142857146,32.142857142857146,9.475000381469727
2019-03-13,9.602499961853027,9.569999694824219,-10.476158454831376,39.88095238095239,39.88095238095239,9.602499961853027
2019-03-14,9.390000343322754,9.369999885559082,-15.186550409264395,35.317460317460316,35.317460317460316,9.390000343322754
2019-03-15,9.470000267028809,9.482500076293945,-13.684940684149216,37.10317460317461,37.10317460317461,9.470000267028809
2019-03-18,9.482500076293945,9.520000457763672,-12.407657698149931,38.2936507936508,38.2936507936508,9.482500076293945
2019-03-19,9.53499984741211,9.585000038146973,-9.56696320402049,40.27777777777778,40.27777777777778,9.53499984741211
2019-03-20,9.65250015258789,9.567500114440918,-2.628523987703896,47.817460317460316,47.817460317460316,9.65250015258789
2019-03-21,9.574999809265137,9.682499885559082,-1.074257571713529,49.404761904761905,49.404761904761905,9.574999809265137
2019-03-22,9.6225004196167,9.609999656677246,3.439215832415888,54.761904761904766,54.761904761904766,9.6225004196167
2019-03-25,9.767499923706055,9.720000267028809,12.876178206700711,63.888888888888886,63.888888888888886,9.767499923706055
2019-03-26,9.670000076293945,9.704999923706055,14.175863030488733,64.88095238095238,64.88095238095238,9.670000076293945
2019-03-27,9.5649995803833,9.675000190734863,9.975156848883216,61.70634920634921,61.70634920634921,9.5649995803833
2019-03-28,9.28499984741211,9.337499618530273,-8.791511433235764,41.269841269841265,41.269841269841265,9.28499984741211
2019-03-29,9.3100004196167,9.395000457763672,-16.785021824015068,33.92857142857143,33.92857142857143,9.3100004196167
2019-04-01,9.234999656677246,9.357500076293945,-24.88064666277347,25.396825396825395,25.396825396825395,9.234999656677246
2019-04-02,9.292499542236328,9.257499694824219,-25.30930292272881,24.801587301587304,24.801587301587304,9.292499542236328
2019-04-03,9.270000457763672,9.257499694824219,-28.169768168563703,21.23015873015873,21.23015873015873,9.270000457763672
2019-04-04,9.3149995803833,9.162500381469727,-23.16528377391669,27.976190476190478,27.976190476190478,9.3149995803833
2019-04-05,9.289999961853027,9.274999618530273,-22.340233547127184,29.365079365079367,29.365079365079367,9.289999961853027
2019-04-08,9.380000114440918,9.442500114440918,-15.758118865180002,35.51587301587302,35.51587301587302,9.380000114440918
2019-04-09,9.47249984741211,9.492500305175781,-6.632022525295465,45.23809523809524,45.23809523809524,9.47249984741211
2019-04-10,9.520000457763672,9.482500076293945,1.2342612136516595,53.96825396825397,53.96825396825397,9.520000457763672
2019-04-11,9.274999618530273,9.362500190734863,-9.584964472347474,41.46825396825397,41.46825396825397,9.274999618530273
2019-04-12,9.257499694824219,9.274999618530273,-16.44673356419416,35.317460317460316,35.317460317460316,9.257499694824219
2019-04-15,9.22249984741211,9.149999618530273,-22.565516661102386,28.968253968253972,28.968253968253972,9.22249984741211
2019-04-16,9.050000190734863,9.024999618530273,-29.411764063671043,19.246031746031747,19.246031746031747,9.050000190734863
2019-04-17,9.012499809265137,9.029999732971191,-34.2108325776793,12.698412698412698,12.698412698412698,9.012499809265137
2019-04-18,9.022500038146973,9.0,-35.70574370668032,10.515873015873016,10.515873015873016,9.022500038146973
2019-04-22,9.020000457763672,9.029999732971191,-36.55593367765553,9.722222222222223,9.722222222222223,9.020000457763672
2019-04-23,8.977499961853027,8.90999984741211,-36.51468597546801,10.119047619047619,10.119047619047619,8.977499961853027
2019-04-24,9.03499984741211,8.967499732971191,-32.6727990320096,15.674603174603174,15.674603174603174,9.03499984741211
2019-04-25,9.055000305175781,9.079999923706055,-29.39249342027162,20.436507936507937,20.436507936507937,9.055000305175781
2019-04-26,9.177499771118164,9.157500267028809,-17.855273535536494,35.91269841269841,35.91269841269841,9.177499771118164
2019-04-29,9.092499732971191,9.085000038146973,-17.41160471379413,36.11111111111111,36.11111111111111,9.092499732971191
2019-04-30,9.145000457763672,9.130000114440918,-13.344608303126416,40.87301587301587,40.87301587301587,9.145000457763672
2019-05-01,9.020000457763672,9.109999656677246,-19.42704544399259,33.92857142857143,33.92857142857143,9.020000457763672
2019-05-02,8.947500228881836,8.90250015258789,-25.897782210746733,25.198412698412696,25.198412698412696,8.947500228881836
2019-05-03,9.055000305175781,9.045000076293945,-22.14813758831302,31.746031746031743,31.746031746031743,9.055000305175781
2019-05-06,9.082500457763672,9.045000076293945,-18.3324495381973,35.51587301587302,35.51587301587302,9.082500457763672
2019-05-07,9.145000457763672,9.109999656677246,-11.845769086472371,43.05555555555556,43.05555555555556,9.145000457763672
2019-05-08,9.092499732971191,9.192500114440918,-12.080239016559572,42.46031746031746,42.46031746031746,9.092499732971191
2019-05-09,9.135000228881836,9.095000267028809,-9.044017915851361,45.43650793650794,45.43650793650794,9.135000228881836
2019-05-10,9.162500381469727,9.162500381469727,-1.9941774902798164,52.976190476190474,52.976190476190474,9.162500381469727
2019-05-13,9.357500076293945,9.34749984741211,16.12962660443225,70.63492063492063,70.63492063492063,9.357500076293945
2019-05-14,9.3149995803833,9.345000267028809,22.065985817490187,74.20634920634922,74.20634920634922,9.3149995803833
2019-05-15,9.307499885559082,9.362500190734863,24.690247596991743,76.98412698412699,76.98412698412699,9.307499885559082
2019-05-16,9.167499542236328,9.244999885559082,15.695605288333054,69.44444444444444,69.44444444444444,9.167499542236328
2019-05-17,9.032500267028809,9.095000267028809,-0.3782390155097914,53.57142857142857,53.57142857142857,9.032500267028809
2019-05-20,9.029999732971191,9.024999618530273,-9.122516535568224,44.047619047619044,44.047619047619044,9.029999732971191
2019-05-21,8.984999656677246,8.944999694824219,-17.377386090753028,35.11904761904761,35.11904761904761,8.984999656677246
2019-05-22,8.96500015258789,8.982500076293945,-22.883277284585677,28.174603174603174,28.174603174603174,8.96500015258789
2019-05-23,9.104999542236328,9.057499885559082,-13.568687901166612,39.48412698412698,39.48412698412698,9.104999542236328
2019-05-24,9.119999885559082,9.107500076293945,-7.0974399812286055,47.22222222222222,47.22222222222222,9.119999885559082
2019-05-28,9.042499542236328,9.047499656677246,-10.51305605529435,42.857142857142854,42.857142857142854,9.042499542236328
2019-05-29,9.052499771118164,9.09000015258789,-11.29751540741378,42.46031746031746,42.46031746031746,9.052499771118164
2019-05-30,9.172499656677246,9.0649995803833,-1.3874440286691596,53.96825396825397,53.96825396825397,9.172499656677246
2019-05-31,9.422499656677246,9.307499885559082,19.201644350568507,72.22222222222221,72.22222222222221,9.422499656677246
2019-06-03,9.699999809265137,9.539999961853027,30.2427688616624,81.94444444444444,81.94444444444444,9.699999809265137
2019-06-04,9.717499732971191,9.65999984741211,36.27406573983567,92.85714285714286,92.85714285714286,9.717499732971191
2019-06-05,9.7524995803833,9.864999771118164,37.17772801281643,94.44444444444444,94.44444444444444,9.7524995803833
2019-06-06,9.8125,9.819999694824219,38.86612906009571,96.23015873015873,96.23015873015873,9.8125
2019-06-07,9.920000076293945,9.954999923706055,39.622605598475324,97.42063492063492,97.42063492063492,9.920000076293945
2019-06-10,9.725000381469727,9.744999885559082,34.42561847143075,89.48412698412699,89.48412698412699,9.725000381469727
2019-06-11,9.702500343322754,9.667499542236328,30.7478476571583,82.73809523809523,82.73809523809523,9.702500343322754
2019-06-12,9.792499542236328,9.755000114440918,31.413383771247155,83.92857142857143,83.92857142857143,9.792499542236328
2019-06-13,9.912500381469727,9.829999923706055,34.819519026622075,90.07936507936508,90.07936507936508,9.912500381469727
2019-06-14,9.907500267028809,10.020000457763672,35.51800840944666,91.07142857142857,91.07142857142857,9.907500267028809
2019-06-17,9.892499923706055,9.9350004196167,35.45027205021392,90.67460317460318,90.67460317460318,9.892499923706055
2019-06-18,9.987500190734863,10.072500228881836,37.5083526307083,94.24603174603175,94.24603174603175,9.987500190734863
2019-06-19,10.117500305175781,9.942500114440918,40.62048516878086,99.0079365079365,99.0079365079365,10.117500305175781
2019-06-20,10.635000228881836,10.512499809265137,41.97983204807621,99.60317460317461,99.60317460317461,10.635000228881836
2019-06-21,10.774999618530273,10.737500190734863,43.03592676659331,100.0,100.0,10.774999618530273
2019-06-24,11.085000038146973,10.897500038146973,43.80402208316401,100.0,100.0,11.085000038146973
2019-06-25,11.1274995803833,11.244999885559082,42.31892435250415,99.40476190476191,99.40476190476191,11.1274995803833
2019-06-26,10.922499656677246,10.930000305175781,39.31033607402299,96.23015873015873,96.23015873015873,10.922499656677246
2019-06-27,10.904999732971191,10.822500228881836,37.36314052271832,92.85714285714286,92.85714285714286,10.904999732971191
2019-06-28,10.949999809265137,10.942500114440918,36.4010081804252,91.46825396825396,91.46825396825396,10.949999809265137
2019-07-01,10.532500267028809,10.6875,25.16417392569098,75.0,75.0,10.532500267028809
2019-07-02,10.97249984741211,10.645000457763672,27.918151944883736,77.57936507936508,77.57936507936508,10.97249984741211
2019-07-03,11.02750015258789,11.020000457763672,30.251143717929292,78.96825396825396,78.96825396825396,11.02750015258789
2019-07-05,10.772500038146973,10.65250015258789,24.543952614941887,73.4126984126984,73.4126984126984,10.772500038146973
2019-07-08,10.640000343322754,10.782500267028809,17.610193148846125,67.85714285714286,67.85714285714286,10.640000343322754
2019-07-09,10.710000038146973,10.657500267028809,15.803866542459872,66.26984126984127,66.26984126984127,10.710000038146973
2019-07-10,11.042499542236328,10.895000457763672,23.063394434981813,72.22222222222221,72.22222222222221,11.042499542236328
2019-07-11,10.864999771118164,10.9975004196167,20.867143992198073,70.03968253968253,70.03968253968253,10.864999771118164
2019-07-12,10.992500305175781,10.890000343322754,22.999693499049734,72.02380952380952,72.02380952380952,10.992500305175781
2019-07-15,10.989999771118164,10.9399995803833,23.778000951284163,72.42063492063492,72.42063492063492,10.989999771118164
2019-07-16,10.802499771118164,10.930000305175781,17.770751672525204,67.26190476190477,67.26190476190477,10.802499771118164
2019-07-17,11.157500267028809,10.895000457763672,24.575529654292243,73.4126984126984,73.4126984126984,11.157500267028809
2019-07-18,11.467499732971191,11.03499984741211,32.10837902797009,82.93650793650794,82.93650793650794,11.467499732971191
2019-07-19,11.135000228881836,11.302499771118164,23.844736637732876,72.02380952380952,72.02380952380952,11.135000228881836
2019-07-22,11.125,11.140000343322754,18.54574471518924,67.46031746031747,67.46031746031747,11.125
2019-07-23,11.005000114440918,11.1225004196167,10.932070413638238,60.912698412698404,60.912698412698404,11.005000114440918
2019-07-24,11.114999771118164,11.157500267028809,10.586645195694054,60.51587301587301,60.51587301587301,11.114999771118164
2019-07-25,10.949999809265137,11.095000267028809,4.465096223464413,55.35714285714286,55.35714285714286,10.949999809265137
2019-07-26,10.984999656677246,11.09000015258789,2.398110774556506,53.37301587301587,53.37301587301587,10.984999656677246
2019-07-29,11.1274995803833,11.055000305175781,6.257442986360388,56.94444444444444,56.94444444444444,11.1274995803833
2019-07-30,11.204999923706055,11.172499656677246,11.482888711679177,61.904761904761905,61.904761904761905,11.204999923706055
2019-07-31,10.917499542236328,11.212499618530273,1.8490620136810114,52.77777777777778,52.77777777777778,10.917499542236328
2019-08-01,11.430000305175781,10.782500267028809,16.26334419573354,66.46825396825396,66.46825396825396,11.430000305175781
2019-08-02,11.357500076293945,11.265000343322754,20.501189962788885,69.64285714285714,69.64285714285714,11.357500076293945
2019-08-05,11.662500381469727,11.6875,26.472789517604145,77.18253968253968,77.18253968253968,11.662500381469727
2019-08-06,11.84749984741211,11.75,32.74186764404107,84.92063492063492,84.92063492063492,11.84749984741211
2019-08-07,12.199999809265137,12.242500305175781,34.367288578733564,88.09523809523809,88.09523809523809,12.199999809265137
2019-08-08,12.327500343322754,12.182499885559082,37.10388991734802,92.85714285714286,92.85714285714286,12.327500343322754
2019-08-09,12.2475004196167,12.2475004196167,36.63399751487732,92.65873015873017,92.65873015873017,12.2475004196167
2019-08-12,12.484999656677246,12.300000190734863,38.492176841130046,94.84126984126983,94.84126984126983,12.484999656677246
2019-08-13,12.3100004196167,12.5649995803833,35.96037748936228,90.47619047619048,90.47619047619048,12.3100004196167
2019-08-14,12.487500190734863,12.5024995803833,36.70058681779351,92.46031746031747,92.46031746031747,12.487500190734863
2019-08-15,12.645000457763672,12.512499809265137,39.12357211892974,96.03174603174604,96.03174603174604,12.645000457763672
2019-08-16,12.487500190734863,12.470000267028809,37.001320761184374,92.46031746031747,92.46031746031747,12.487500190734863
2019-08-19,12.1850004196167,12.220000267028809,28.289627411761977,78.17460317460318,78.17460317460318,12.1850004196167
2019-08-20,12.375,12.297499656677246,27.98042567927258,77.38095238095238,77.38095238095238,12.375
2019-08-21,12.300000190734863,12.282500267028809,25.12814280935703,74.60317460317461,74.60317460317461,12.300000190734863
2019-08-22,12.229999542236328,12.234999656677246,21.551432577807457,70.43650793650794,70.43650793650794,12.229999542236328
2019-08-23,12.707500457763672,12.3149995803833,29.506735186679713,78.96825396825396,78.96825396825396,12.707500457763672
2019-08-26,12.717499732971191,12.75,32.329605296462304,82.93650793650794,82.93650793650794,12.717499732971191
2019-08-27,12.949999809265137,12.742500305175781,36.27476182484279,90.47619047619048,90.47619047619048,12.949999809265137
2019-08-28,12.887499809265137,12.925000190734863,36.97747298084767,92.26190476190477,92.26190476190477,12.887499809265137
2019-08-29,12.692500114440918,12.925000190734863,32.98054315510733,84.52380952380952,84.52380952380952,12.692500114440918
2019-08-30,12.625,12.647500038146973,27.251635083484494,76.5873015873016,76.5873015873016,12.625
2019-09-03,12.977499961853027,12.835000038146973,31.379009723183373,80.75396825396825,80.75396825396825,12.977499961853027
2019-09-04,13.137499809265137,12.9350004196167,35.13754985267196,88.09523809523809,88.09523809523809,13.137499809265137
2019-09-05,12.4975004196167,12.829999923706055,16.162504880201357,66.46825396825396,66.46825396825396,12.4975004196167
2019-09-06,12.287500381469727,12.585000038146973,-1.190993607074845,49.404761904761905,49.404761904761905,12.287500381469727
2019-09-09,12.204999923706055,12.375,-12.753293192036674,36.30952380952381,36.30952380952381,12.204999923706055
2019-09-10,11.989999771118164,12.154999732971191,-25.08516838814338,21.825396825396826,21.825396825396826,11.989999771118164
2019-09-11,12.145000457763672,12.010000228881836,-27.04233705979825,19.246031746031747,19.246031746031747,12.145000457763672
2019-09-12,12.1850004196167,12.425000190734863,-27.33231195049768,19.246031746031747,19.246031746031747,12.1850004196167
2019-09-13,11.979999542236328,12.244999885559082,-33.2213568343053,12.5,12.5,11.979999542236328
2019-09-16,12.177499771118164,12.225000381469727,-30.17607571608461,15.873015873015872,15.873015873015872,12.177499771118164
2019-09-17,12.232500076293945,12.267499923706055,-26.993746223585635,20.238095238095237,20.238095238095237,12.232500076293945
2019-09-18,12.069999694824219,12.28499984741211,-29.36329879853583,17.261904761904763,17.261904761904763,12.069999694824219
2019-09-19,12.164999961853027,12.217499732971191,-27.605221376252224,19.444444444444446,19.444444444444446,12.164999961853027
2019-09-20,12.460000038146973,12.225000381469727,-17.69983051544328,32.73809523809524,32.73809523809524,12.460000038146973
2019-09-23,12.595000267028809,12.524999618530273,-8.835029919145725,43.25396825396825,43.25396825396825,12.595000267028809
2019-09-24,12.729999542236328,12.505000114440918,0.7470059652050824,53.17460317460318,53.17460317460318,12.729999542236328
2019-09-25,12.25,12.654999732971191,-10.11438818115674,41.07142857142857,41.07142857142857,12.25
2019-09-26,12.25,12.3125,-15.768971207019996,34.32539682539682,34.32539682539682,12.25
2019-09-27,12.114999771118164,11.987500190734863,-23.024681509763735,25.793650793650798,25.793650793650798,12.114999771118164
2019-09-30,11.734999656677246,11.90250015258789,-31.206921939611348,14.682539682539684,14.682539682539684,11.734999656677246
2019-10-01,11.862500190734863,11.607500076293945,-31.971620265643075,13.690476190476192,13.690476190476192,11.862500190734863
2019-10-02,12.145000457763672,12.0600004196167,-25.556600172049627,22.22222222222222,22.22222222222222,12.145000457763672
2019-10-03,12.237500190734863,12.149999618530273,-16.996620081878703,33.33333333333333,33.33333333333333,12.237500190734863
2019-10-04,12.237500190734863,12.15999984741211,-11.69571556046796,39.682539682539684,39.682539682539684,12.237500190734863
2019-10-07,12.02750015258789,12.107500076293945,-15.628503700061858,34.72222222222222,34.72222222222222,12.02750015258789
2019-10-08,12.2524995803833,12.267499923706055,-10.320310717205086,40.67460317460318,40.67460317460318,12.2524995803833
2019-10-09,12.257499694824219,12.287500381469727,-7.386285657476385,44.84126984126984,44.84126984126984,12.257499694824219
2019-10-10,12.03499984741211,12.177499771118164,-13.305330229283705,36.904761904761905,36.904761904761905,12.03499984741211
2019-10-11,11.897500038146973,11.887499809265137,-20.418650016554825,28.373015873015873,28.373015873015873,11.897500038146973
2019-10-14,12.0,11.967499732971191,-20.924707370985463,27.976190476190478,27.976190476190478,12.0
2019-10-15,11.819999694824219,11.9350004196167,-26.20858102815563,20.634920634920633,20.634920634920633,11.819999694824219
2019-10-16,11.944999694824219,11.912500381469727,-25.248666919813644,22.61904761904762,22.61904761904762,11.944999694824219
2019-10-17,11.982500076293945,11.970000267028809,-23.36441392888415,24.6031746031746,24.6031746031746,11.982500076293945
2019-10-18,11.96500015258789,11.979999542236328,-22.87256052473668,25.992063492063494,25.992063492063494,11.96500015258789
2019-10-21,11.842499732971191,12.010000228881836,-26.460361570005663,20.634920634920633,20.634920634920633,11.842499732971191
2019-10-22,11.904999732971191,11.895000457763672,-26.33028730044732,20.833333333333336,20.833333333333336,11.904999732971191
2019-10-23,11.97249984741211,11.975000381469727,-22.933861569137118,25.992063492063494,25.992063492063494,11.97249984741211
2019-10-24,12.140000343322754,12.050000190734863,-11.24426063147484,41.07142857142857,41.07142857142857,12.140000343322754
2019-10-25,12.192500114440918,12.350000381469727,-2.4304359708954615,50.0,50.0,12.192500114440918
2019-10-28,11.979999542236328,12.085000038146973,-7.873114365097049,45.63492063492063,45.63492063492063,11.979999542236328
2019-10-29,11.914999961853027,11.880000114440918,-13.703239562329337,37.301587301587304,37.301587301587304,11.914999961853027
2019-10-30,12.037500381469727,11.960000038146973,-12.902628870330322,39.08730158730159,39.08730158730159,12.037500381469727
2019-10-31,12.27750015258789,12.202500343322754,-0.6034032565209674,51.98412698412699,51.98412698412699,12.27750015258789
2019-11-01,12.305000305175781,12.239999771118164,9.682131522224296,62.698412698412696,62.698412698412696,12.305000305175781
2019-11-04,12.229999542236328,12.255000114440918,11.211790664642333,63.69047619047619,63.69047619047619,12.229999542236328
2019-11-05,11.832500457763672,11.975000381469727,-10.165002225954426,41.86507936507937,41.86507936507937,11.832500457763672
2019-11-06,11.9399995803833,11.882499694824219,-15.25658759593169,34.92063492063492,34.92063492063492,11.9399995803833
2019-11-07,11.555000305175781,11.859999656677246,-26.766486573908765,20.634920634920633,20.634920634920633,11.555000305175781
2019-11-08,11.40999984741211,11.442500114440918,-35.9495875023843,9.722222222222223,9.722222222222223,11.40999984741211
2019-11-11,11.34749984741211,11.4350004196167,-38.77317809335262,6.349206349206349,6.349206349206349,11.34749984741211
2019-11-12,11.40250015258789,11.350000381469727,-38.28857775299919,6.746031746031746,6.746031746031746,11.40250015258789
2019-11-13,11.492500305175781,11.462499618530273,-35.6056274717247,10.515873015873016,10.515873015873016,11.492500305175781
2019-11-14,11.587499618530273,11.567500114440918,-31.33914430744371,15.079365079365079,15.079365079365079,11.587499618530273
2019-11-15,11.52750015258789,11.505000114440918,-30.762298380662482,16.865079365079367,16.865079365079367,11.52750015258789
2019-11-18,11.59749984741211,11.5625,-27.759402283022606,20.03968253968254,20.03968253968254,11.59749984741211
2019-11-19,11.617500305175781,11.520000457763672,-25.431625552553626,24.00793650793651,24.00793650793651,11.617500305175781
2019-11-20,11.619999885559082,11.587499618530273,-24.060705819973897,26.58730158730159,26.58730158730159,11.619999885559082
2019-11-21,11.492500305175781,11.5625,-27.733596428487072,20.238095238095237,20.238095238095237,11.492500305175781
2019-11-22,11.457500457763672,11.552499771118164,-30.64203108197015,17.063492063492063,17.063492063492063,11.457500457763672
2019-11-25,11.337499618530273,11.369999885559082,-35.300290253484576,10.912698412698413,10.912698412698413,11.337499618530273
2019-11-26,11.457500457763672,11.3149995803833,-33.80264120258356,12.896825396825399,12.896825396825399,11.457500457763672
2019-11-27,11.332500457763672,11.322500228881836,-36.44099828188928,9.920634920634921,9.920634920634921,11.332500457763672
2019-11-29,11.460000038146973,11.335000038146973,-33.41144526556957,13.88888888888889,13.88888888888889,11.460000038146973
2019-12-02,11.444999694824219,11.3725004196167,-32.15362394972022,15.079365079365079,15.079365079365079,11.444999694824219
2019-12-03,11.667499542236328,11.65999984741211,-21.438392344910813,31.944444444444443,31.944444444444443,11.667499542236328
2019-12-04,11.6274995803833,11.670000076293945,-13.633891322485342,39.48412698412698,39.48412698412698,11.6274995803833
2019-12-05,11.630000114440918,11.612500190734863,-8.928800916148353,46.42857142857143,46.42857142857143,11.630000114440918
2019-12-06,11.392499923706055,11.425000190734863,-18.336019466476483,34.72222222222222,34.72222222222222,11.392499923706055
2019-12-09,11.387499809265137,11.417499542236328,-21.91685594725757,31.547619047619047,31.547619047619047,11.387499809265137
2019-12-10,11.452500343322754,11.5,-18.93944737869464,34.32539682539682,34.32539682539682,11.452500343322754
2019-12-11,11.604999542236328,11.492500305175781,-6.214455947940093,48.61111111111111,48.61111111111111,11.604999542236328
2019-12-12,11.529999732971191,11.760000228881836,-6.404017115122426,48.41269841269841,48.41269841269841,11.529999732971191
2019-12-13,11.6274995803833,11.5625,1.0206941033602368,55.158730158730165,55.158730158730165,11.6274995803833
2019-12-16,11.632499694824219,11.649999618530273,5.273585081257859,59.12698412698413,59.12698412698413,11.632499694824219
2019-12-17,11.617500305175781,11.6225004196167,6.352362238526907,59.72222222222222,59.72222222222222,11.617500305175781
2019-12-18,11.614999771118164,11.600000381469727,6.796691349985544,60.11904761904761,60.11904761904761,11.614999771118164
2019-12-19,11.670000076293945,11.607500076293945,11.077134365302681,63.888888888888886,63.888888888888886,11.670000076293945
2019-12-20,11.637499809265137,11.675000190734863,11.147149462879169,63.888888888888886,63.888888888888886,11.637499809265137
2019-12-23,11.765000343322754,11.704999923706055,19.51835548043606,70.63492063492063,70.63492063492063,11.765000343322754
2019-12-24,12.0024995803833,11.864999771118164,28.194288749801583,78.96825396825396,78.96825396825396,12.0024995803833
2019-12-26,12.194999694824219,12.147500038146973,34.13441299665175,87.3015873015873,87.3015873015873,12.194999694824219
2019-12-27,12.164999961853027,12.175000190734863,35.098617909895395,89.0873015873016,89.0873015873016,12.164999961853027
2019-12-30,12.21500015258789,12.204999923706055,37.2875912041241,94.04761904761905,94.04761904761905,12.21500015258789
2019-12-31,12.262499809265137,12.324999809265137,37.23608098755362,93.84920634920636,93.84920634920636,12.262499809265137
2020-01-02,12.425000190734863,12.412500381469727,39.29125671088716,97.22222222222221,97.22222222222221,12.425000190734863
2020-01-03,12.762499809265137,12.739999771118164,40.58028359681034,98.61111111111111,98.61111111111111,12.762499809265137
2020-01-06,13.029999732971191,13.202500343322754,40.354178152530444,98.21428571428571,98.21428571428571,13.029999732971191
2020-01-07,13.125,13.045000076293945,41.40340381130813,98.80952380952381,98.80952380952381,13.125
2020-01-08,12.927499771118164,13.207500457763672,39.0318528759921,96.23015873015873,96.23015873015873,12.927499771118164
2020-01-09,12.7524995803833,12.765000343322754,32.91343880193613,84.72222222222221,84.72222222222221,12.7524995803833
2020-01-10,12.920000076293945,12.795000076293945,33.12527333548381,85.11904761904762,85.11904761904762,12.920000076293945
2020-01-13,12.727499961853027,12.817500114440918,28.318460443429892,78.57142857142857,78.57142857142857,12.727499961853027
2020-01-14,12.6899995803833,12.649999618530273,24.148362418912075,73.80952380952381,73.80952380952381,12.6899995803833
2020-01-15,12.842499732971191,12.782500267028809,25.04780284151166,75.1984126984127,75.1984126984127,12.842499732971191
2020-01-16,12.789999961853027,12.789999961853027,23.882944945411865,73.61111111111111,73.61111111111111,12.789999961853027
2020-01-17,12.842499732971191,12.819999694824219,24.441462408238728,74.20634920634922,74.20634920634922,12.842499732971191
2020-01-21,12.867500305175781,12.704999923706055,25.362812382353923,76.38888888888889,76.38888888888889,12.867500305175781
2020-01-22,12.869999885559082,12.862500190734863,25.8689745665951,76.78571428571429,76.78571428571429,12.869999885559082
2020-01-23,12.925000190734863,12.842499732971191,27.082883871661956,78.37301587301587,78.37301587301587,12.925000190734863
2020-01-24,13.077500343322754,12.892499923706055,31.293513387102795,82.73809523809523,82.73809523809523,13.077500343322754
2020-01-27,13.262499809265137,13.305000305175781,35.90237968264785,91.66666666666666,91.66666666666666,13.262499809265137
2020-01-28,13.022500038146973,13.137499809265137,29.399997039728564,80.35714285714286,80.35714285714286,13.022500038146973
2020-01-29,13.147500038146973,13.022500038146973,29.474841330727802,80.55555555555556,80.55555555555556,13.147500038146973
2020-01-30,13.15250015258789,13.194999694824219,29.51960300778296,80.95238095238095,80.95238095238095,13.15250015258789
2020-01-31,13.3100004196167,13.220000267028809,33.551002057056614,87.89682539682539,87.89682539682539,13.3100004196167
2020-02-03,13.137499809265137,13.177499771118164,26.821266239006402,77.77777777777779,77.77777777777779,13.137499809265137
2020-02-04,12.770000457763672,12.875,5.4901025137078685,57.936507936507944,57.936507936507944,12.770000457763672
2020-02-05,12.802499771118164,12.765000343322754,-4.275958014509769,48.01587301587302,48.01587301587302,12.802499771118164
2020-02-06,12.949999809265137,12.917499542236328,-2.485128475118271,49.2063492063492,49.2063492063492,12.949999809265137
2020-02-07,13.020000457763672,13.022500038146973,1.4797617990304694,54.36507936507936,54.36507936507936,13.020000457763672
2020-02-10,13.0649995803833,13.092499732971191,5.661981631683834,58.13492063492064,58.13492063492064,13.0649995803833
2020-02-11,12.977499961853027,13.052499771118164,3.6895438487501355,56.34920634920635,56.34920634920635,12.977499961853027
2020-02-12,12.952500343322754,12.930000305175781,1.3088824280543931,53.769841269841265,53.769841269841265,12.952500343322754
2020-02-13,13.114999771118164,13.082500457763672,6.576348349535127,58.92857142857143,58.92857142857143,13.114999771118164
2020-02-14,13.212499618530273,13.170000076293945,14.333913463662304,65.67460317460318,65.67460317460318,13.212499618530273
2020-02-18,13.555000305175781,13.380000114440918,25.674011693382997,76.38888888888889,76.38888888888889,13.555000305175781
2020-02-19,13.720000267028809,13.579999923706055,33.61694127733809,87.89682539682539,87.89682539682539,13.720000267028809
2020-02-20,13.835000038146973,13.755000114440918,36.87697130006799,94.04761904761905,94.04761904761905,13.835000038146973
2020-02-21,14.242500305175781,14.192500114440918,39.0109103436542,96.82539682539682,96.82539682539682,14.242500305175781
2020-02-24,14.4975004196167,14.904999732971191,37.16567811099802,94.44444444444444,94.44444444444444,14.4975004196167
2020-02-25,13.97249984741211,14.300000190734863,26.569906926697744,76.78571428571429,76.78571428571429,13.97249984741211
2020-02-26,14.092499732971191,14.057499885559082,22.690797216209948,70.43650793650794,70.43650793650794,14.092499732971191
2020-02-27,14.102499961853027,14.390000343322754,20.720989273005795,68.84920634920636,68.84920634920636,14.102499961853027
2020-02-28,13.077500343322754,13.845000267028809,-2.8656808036218853,46.82539682539682,46.82539682539682,13.077500343322754
2020-03-02,13.175000190734863,13.317500114440918,-13.138893703821713,37.5,37.5,13.175000190734863
2020-03-03,14.0024995803833,13.477499961853027,-2.838742124787166,46.82539682539682,46.82539682539682,14.0024995803833
2020-03-04,14.052499771118164,14.100000381469727,3.7003844650308015,54.761904761904766,54.761904761904766,14.052499771118164
2020-03-05,14.662500381469727,14.392499923706055,16.63654148178524,66.26984126984127,66.26984126984127,14.662500381469727
2020-03-06,14.664999961853027,14.827500343322754,22.75153578058033,70.63492063492063,70.63492063492063,14.664999961853027
2020-03-09,14.734999656677246,14.832500457763672,27.143961412996813,77.38095238095238,77.38095238095238,14.734999656677246
2020-03-10,14.092499732971191,14.420000076293945,17.078517335318246,65.87301587301587,65.87301587301587,14.092499732971191
2020-03-11,13.992500305175781,14.425000190734863,9.61328558813444,59.523809523809526,59.523809523809526,13.992500305175781
2020-03-12,12.895000457763672,13.542499542236328,-14.54610873408338,34.92063492063492,34.92063492063492,12.895000457763672
2020-03-13,12.072500228881836,13.177499771118164,-28.290494591272207,19.047619047619047,19.047619047619047,12.072500228881836
2020-03-16,11.827500343322754,11.092499732971191,-32.04728267504986,14.285714285714285,14.285714285714285,11.827500343322754
2020-03-17,12.170000076293945,11.572500228881836,-31.253490042605588,15.873015873015872,15.873015873015872,12.170000076293945
2020-03-18,11.625,11.800000190734863,-34.63069742033199,11.11111111111111,11.11111111111111,11.625
2020-03-19,11.279999732971191,11.380000114440918,-38.316237824121366,6.349206349206349,6.349206349206349,11.279999732971191
2020-03-20,11.579999923706055,11.675000190734863,-38.19822166118493,6.746031746031746,6.746031746031746,11.579999923706055
2020-03-23,12.6850004196167,12.017499923706055,-26.365937104741022,22.817460317460316,22.817460317460316,12.6850004196167
2020-03-24,14.1899995803833,14.420000076293945,-4.586532664965757,44.44444444444444,44.44444444444444,14.1899995803833
2020-03-25,13.824999809265137,13.897500038146973,3.4562115296019624,53.17460317460318,53.17460317460318,13.824999809265137
2020-03-26,14.09000015258789,14.272500038146973,10.083410932145064,60.11904761904761,60.11904761904761,14.09000015258789
2020-03-27,14.007499694824219,13.96500015258789,12.714764672113194,62.5,62.5,14.007499694824219
2020-03-30,13.852499961853027,13.90250015258789,12.407140066166047,62.5,62.5,13.852499961853027
2020-03-31,13.0,13.550000190734863,2.8034005123017183,52.77777777777778,52.77777777777778,13.0
2020-04-01,13.15999984741211,12.947500228881836,-0.38235672343680843,48.214285714285715,48.214285714285715,13.15999984741211
2020-04-02,13.774999618530273,13.545000076293945,4.532802027002054,54.761904761904766,54.761904761904766,13.774999618530273
2020-04-03,13.942500114440918,13.8125,8.660877968272796,57.738095238095234,57.738095238095234,13.942500114440918
2020-04-06,14.947500228881836,14.380000114440918,19.631716247654595,68.05555555555556,68.05555555555556,14.947500228881836
2020-04-07,14.552499771118164,14.6899995803833,21.002851608120874,69.24603174603175,69.24603174603175,14.552499771118164
2020-04-08,14.475000381469727,14.647500038146973,20.954840292318583,69.04761904761905,69.04761904761905,14.475000381469727
2020-04-09,15.382499694824219,15.369999885559082,25.500295928943178,75.0,75.0,15.382499694824219
2020-04-13,15.962499618530273,15.407500267028809,30.69192847381452,80.95238095238095,80.95238095238095,15.962499618530273
2020-04-14,15.792499542236328,16.010000228881836,30.507329975531494,80.55555555555556,80.55555555555556,15.792499542236328
2020-04-15,15.607500076293945,15.667499542236328,28.33691327391951,78.57142857142857,78.57142857142857,15.607500076293945
2020-04-16,15.40999984741211,15.577500343322754,25.176887016589244,73.80952380952381,73.80952380952381,15.40999984741211
2020-04-17,14.704999923706055,15.095000267028809,16.357905264598855,64.28571428571429,64.28571428571429,14.704999923706055
2020-04-20,14.947500228881836,14.805000305175781,13.606947145039037,61.30952380952381,61.30952380952381,14.947500228881836
2020-04-21,14.774999618530273,14.4375,9.298303333649823,57.738095238095234,57.738095238095234,14.774999618530273
2020-04-22,15.442500114440918,15.27750015258789,12.489688417355367,60.912698412698404,60.912698412698404,15.442500114440918
2020-04-23,15.662500381469727,15.572500228881836,16.303463164674174,64.0873015873016,64.0873015873016,15.662500381469727
2020-04-24,15.5,15.75,16.17982120933238,63.69047619047619,63.69047619047619,15.5
2020-04-27,15.265000343322754,15.422499656677246,12.890244223088565,60.912698412698404,60.912698412698404,15.265000343322754
2020-04-28,15.125,15.239999771118164,9.143639265675615,56.34920634920635,56.34920634920635,15.125
2020-04-29,15.289999961853027,14.9975004196167,9.176712373580779,56.34920634920635,56.34920634920635,15.289999961853027
2020-04-30,14.672499656677246,14.989999771118164,1.1388757212318645,48.214285714285715,48.214285714285715,14.672499656677246
2020-05-01,14.904999732971191,14.524999618530273,-2.343654609848938,45.03968253968254,45.03968253968254,14.904999732971191
2020-05-04,14.982500076293945,14.979999542236328,-4.498786227277801,43.05555555555556,43.05555555555556,14.982500076293945
2020-05-05,15.045000076293945,14.927499771118164,-8.96046316883911,39.48412698412698,39.48412698412698,15.045000076293945
2020-05-06,14.609999656677246,14.670000076293945,-19.70327758756392,29.563492063492063,29.563492063492063,14.609999656677246
2020-05-07,15.199999809265137,14.72249984741211,-14.509750785105965,33.92857142857143,33.92857142857143,15.199999809265137
2020-05-08,14.922499656677246,15.03499984741211,-16.704343990998304,31.944444444444443,31.944444444444443,14.922499656677246
2020-05-11,14.727499961853027,14.882499694824219,-21.787428094873555,27.380952380952383,27.380952380952383,14.727499961853027
2020-05-12,14.805000305175781,14.887499809265137,-22.855321130088697,26.190476190476193,26.190476190476193,14.805000305175781
2020-05-13,15.145000457763672,14.994999885559082,-13.976280191591195,33.92857142857143,33.92857142857143,15.145000457763672
2020-05-14,15.430000305175781,15.15999984741211,-2.4781822022217916,44.642857142857146,44.642857142857146,15.430000305175781
2020-05-15,15.702500343322754,15.670000076293945,9.963092838547311,57.738095238095234,57.738095238095234,15.702500343322754
2020-05-18,15.34000015258789,15.657500267028809,7.115110808468768,54.36507936507936,54.36507936507936,15.34000015258789
2020-05-19,15.614999771118164,15.5024995803833,11.953548293899129,59.92063492063492,59.92063492063492,15.614999771118164
2020-05-20,15.677499771118164,15.65250015258789,15.624678937530314,62.301587301587304,62.301587301587304,15.677499771118164
2020-05-21,15.225000381469727,15.515000343322754,5.8590451883518595,52.976190476190474,52.976190476190474,15.225000381469727
2020-05-22,15.457500457763672,15.367500305175781,7.406491693232588,54.166666666666664,54.166666666666664,15.457500457763672
2020-05-26,14.97249984741211,15.34749984741211,-5.156086928173242,40.87301587301587,40.87301587301587,14.97249984741211
2020-05-27,14.9975004196167,14.572500228881836,-11.027501113021735,35.714285714285715,35.714285714285715,14.9975004196167
2020-05-28,15.09749984741211,15.225000381469727,-11.225831149368176,35.51587301587302,35.51587301587302,15.09749984741211
2020-05-29,15.3100004196167,15.282500267028809,-5.70603413842084,40.27777777777778,40.27777777777778,15.3100004196167
2020-06-01,15.412500381469727,15.279999732971191,0.27509004581981933,46.03174603174603,46.03174603174603,15.412500381469727
2020-06-02,15.140000343322754,15.489999771118164,-4.295483378588827,41.46825396825397,41.46825396825397,15.140000343322754
2020-06-03,14.517499923706055,14.670000076293945,-20.90141438064527,25.595238095238095,25.595238095238095,14.517499923706055
2020-06-04,14.90250015258789,14.852499961853027,-20.298408087415794,25.793650793650798,25.793650793650798,14.90250015258789
2020-06-05,14.27750015258789,14.302499771118164,-28.828257553242675,15.873015873015872,15.873015873015872,14.27750015258789
2020-06-08,14.600000381469727,14.392499923706055,-27.299260661487,17.658730158730158,17.658730158730158,14.600000381469727
2020-06-09,14.829999923706055,14.8774995803833,-21.83801818739094,24.404761904761905,24.404761904761905,14.829999923706055
2020-06-10,15.317500114440918,15.032500267028809,-8.084872821167204,37.89682539682539,37.89682539682539,15.317500114440918
2020-06-11,15.095000267028809,15.282500267028809,-5.236937035155789,40.27777777777778,40.27777777777778,15.095000267028809
2020-06-12,15.149999618530273,15.3125,-2.3466231104784523,43.452380952380956,43.452380952380956,15.149999618530273
2020-06-15,15.069999694824219,14.675000190734863,-2.8993638041344254,41.86507936507937,41.86507936507937,15.069999694824219
2020-06-16,15.09000015258789,14.967499732971191,-2.2114962933160105,43.65079365079365,43.65079365079365,15.09000015258789
2020-06-17,15.157500267028809,15.029999732971191,-0.009730344500895083,45.83333333333333,45.83333333333333,15.157500267028809
2020-06-18,15.03499984741211,15.045000076293945,-2.5027419855146777,42.46031746031746,42.46031746031746,15.03499984741211
2020-06-19,15.475000381469727,15.229999542236328,10.84218979621776,58.13492063492064,58.13492063492064,15.475000381469727
2020-06-22,15.632499694824219,15.720000267028809,16.871133332969354,64.48412698412699,64.48412698412699,15.632499694824219
2020-06-23,15.984999656677246,15.842499732971191,25.45645586460974,74.0079365079365,74.0079365079365,15.984999656677246
2020-06-24,15.802499771118164,15.827500343322754,25.19184113154867,73.61111111111111,73.61111111111111,15.802499771118164
2020-06-25,15.75,15.795000076293945,23.722480498225952,70.23809523809523,70.23809523809523,15.75
2020-06-26,15.977499961853027,15.567500114440918,27.66623002919682,76.98412698412699,76.98412698412699,15.977499961853027
2020-06-29,15.942500114440918,15.942500114440918,29.002539499444737,78.76984126984127,78.76984126984127,15.942500114440918
2020-06-30,16.207500457763672,15.899999618530273,31.538036353882116,82.93650793650794,82.93650793650794,16.207500457763672
2020-07-01,15.907500267028809,16.052499771118164,26.29262428617713,74.60317460317461,74.60317460317461,15.907500267028809
2020-07-02,16.024999618530273,15.845000267028809,26.256528733337603,74.40476190476191,74.40476190476191,16.024999618530273
2020-07-06,16.15250015258789,16.18000030517578,28.48931979127934,78.17460317460318,78.17460317460318,16.15250015258789
2020-07-07,16.395000457763672,16.022499084472656,32.38222809940076,84.32539682539682,84.32539682539682,16.395000457763672
2020-07-08,16.5674991607666,16.655000686645508,33.67287872289276,87.3015873015873,87.3015873015873,16.5674991607666
2020-07-09,16.385000228881836,16.6200008392334,30.26711992930322,79.56349206349206,79.56349206349206,16.385000228881836
2020-07-10,16.260000228881836,16.479999542236328,25.763511276450927,72.81746031746032,72.81746031746032,16.260000228881836
2020-07-13,16.309999465942383,16.52750015258789,24.208394033834566,69.24603174603175,69.24603174603175,16.309999465942383
2020-07-14,16.427499771118164,16.19499969482422,25.621519036036545,72.42063492063492,72.42063492063492,16.427499771118164
2020-07-15,16.454999923706055,16.3174991607666,26.339829912898338,74.0079365079365,74.0079365079365,16.454999923706055
2020-07-16,16.0674991607666,16.3174991607666,15.151488107884905,58.53174603174603,58.53174603174603,16.0674991607666
2020-07-17,16.337499618530273,16.282499313354492,16.31782081175511,60.71428571428571,60.71428571428571,16.337499618530273
2020-07-20,16.4375,16.420000076293945,18.960029056745594,62.5,62.5,16.4375
2020-07-21,16.897499084472656,16.792499542236328,27.783779990119438,75.79365079365078,75.79365079365078,16.897499084472656
2020-07-22,17.40999984741211,17.094999313354492,34.647390847704536,88.69047619047619,88.69047619047619,17.40999984741211
2020-07-23,17.684999465942383,17.540000915527344,36.46732188154808,92.65873015873017,92.65873015873017,17.684999465942383
2020-07-24,18.0,18.092500686645508,39.35210051111435,98.01587301587301,98.01587301587301,18.0
2020-07-27,18.582500457763672,18.582500457763672,40.616206243225314,98.61111111111111,98.61111111111111,18.582500457763672
2020-07-28,18.797500610351562,18.524999618530273,41.81389749140906,99.20634920634922,99.20634920634922,18.797500610351562
2020-07-29,19.06999969482422,18.877500534057617,41.56903879241095,98.80952380952381,98.80952380952381,19.06999969482422
2020-07-30,18.829999923706055,18.75,39.61960896353936,97.42063492063492,97.42063492063492,18.829999923706055
2020-07-31,19.21500015258789,18.977500915527344,40.885823574936296,98.4126984126984,98.4126984126984,19.21500015258789
2020-08-03,19.235000610351562,19.082500457763672,41.63044211244332,98.80952380952381,98.80952380952381,19.235000610351562
2020-08-04,19.997499465942383,19.200000762939453,42.96060590285736,99.60317460317461,99.60317460317461,19.997499465942383
2020-08-05,20.360000610351562,20.417499542236328,42.25611343906859,99.20634920634922,99.20634920634922,20.360000610351562
2020-08-06,20.80500030517578,20.80500030517578,42.80073006334328,99.40476190476191,99.40476190476191,20.80500030517578
2020-08-07,20.15250015258789,20.552499771118164,39.079506718475194,95.23809523809523,95.23809523809523,20.15250015258789
2020-08-10,20.0,20.22249984741211,35.93847986037313,88.88888888888889,88.88888888888889,20.0
2020-08-11,17.90250015258789,18.594999313354492,10.258770839280514,50.595238095238095,50.595238095238095,17.90250015258789
2020-08-12,17.802499771118164,18.422500610351562,-5.145926713034418,32.34126984126984,32.34126984126984,17.802499771118164
2020-08-13,18.56999969482422,18.197500228881836,-4.314647262436445,33.13492063492063,33.13492063492063,18.56999969482422
2020-08-14,18.34000015258789,18.53499984741211,-6.655896499948252,30.357142857142854,30.357142857142854,18.34000015258789
2020-08-17,19.145000457763672,18.832500457763672,0.4086331967213329,38.69047619047619,38.69047619047619,19.145000457763672
2020-08-18,19.4950008392334,19.6875,7.1176160796817936,46.42857142857143,46.42857142857143,19.4950008392334
2020-08-19,18.24250030517578,19.282499313354492,-6.414879776884888,30.158730158730158,30.158730158730158,18.24250030517578
2020-08-20,18.502500534057617,18.0049991607666,-11.528362531151028,24.6031746031746,24.6031746031746,18.502500534057617
2020-08-21,18.217500686645508,18.207500457763672,-20.39847477571124,16.071428571428573,16.071428571428573,18.217500686645508
2020-08-24,17.99250030517578,18.3700008392334,-27.71778037199847,7.5396825396825395,7.5396825396825395,17.99250030517578
2020-08-25,18.014999389648438,17.9950008392334,-31.075336158145138,4.9603174603174605,4.9603174603174605,18.014999389648438
2020-08-26,18.475000381469727,17.837499618530273,-25.683643261721723,10.317460317460316,10.317460317460316,18.475000381469727
2020-08-27,18.03499984741211,18.850000381469727,-28.87775896789041,6.547619047619048,6.547619047619048,18.03499984741211
2020-08-28,18.6875,18.59749984741211,-21.36127702748865,15.674603174603174,15.674603174603174,18.6875
2020-08-31,18.739999771118164,18.75,-16.485149229832658,20.238095238095237,20.238095238095237,18.739999771118164
2020-09-01,18.790000915527344,19.202499389648438,-13.008562797791804,23.809523809523807,23.809523809523807,18.790000915527344
2020-09-02,18.270000457763672,18.522499084472656,-19.60895631491636,17.46031746031746,17.46031746031746,18.270000457763672
2020-09-03,18.00749969482422,18.225000381469727,-26.79508279798807,9.325396825396826,9.325396825396826,18.00749969482422
2020-09-04,18.1299991607666,17.9375,-28.046375834288256,7.5396825396825395,7.5396825396825395,18.1299991607666
2020-09-08,18.059999465942383,17.65250015258789,-29.188160177931984,6.547619047619048,6.547619047619048,18.059999465942383
2020-09-09,18.392499923706055,18.287500381469727,-21.449295115028065,16.071428571428573,16.071428571428573,18.392499923706055
2020-09-10,18.28499984741211,18.65250015258789,-19.514169904373254,18.452380952380953,18.452380952380953,18.28499984741211
2020-09-11,18.260000228881836,18.422500610351562,-19.091237116868147,18.849206349206348,18.849206349206348,18.260000228881836
2020-09-14,18.56999969482422,18.512500762939453,-12.301627257938291,25.992063492063494,25.992063492063494,18.56999969482422
2020-09-15,18.47249984741211,18.684999465942383,-10.383136087719514,28.174603174603174,28.174603174603174,18.47249984741211
2020-09-16,18.5674991607666,18.802499771118164,-7.758274772417664,31.349206349206348,31.349206349206348,18.5674991607666
2020-09-17,18.362499237060547,18.127500534057617,-9.495593058755281,29.365079365079367,29.365079365079367,18.362499237060547
2020-09-18,18.392499923706055,18.375,-8.446190008139268,30.952380952380953,30.952380952380953,18.392499923706055
2020-09-21,17.622499465942383,17.6875,-19.647900251136672,18.055555555555554,18.055555555555554,17.622499465942383
2020-09-22,17.434999465942383,17.655000686645508,-27.83928546544286,7.936507936507936,7.936507936507936,17.434999465942383
2020-09-23,16.672500610351562,17.100000381469727,-35.781992695927386,1.5873015873015872,1.5873015873015872,16.672500610351562
2020-09-24,16.815000534057617,16.604999542236328,-37.75709650077295,0.7936507936507936,0.7936507936507936,16.815000534057617
2020-09-25,16.6825008392334,16.592500686645508,-39.9042665404431,0.0,0.0,16.6825008392334
2020-09-28,17.03499984741211,16.875,-37.38832281509901,1.1904761904761905,1.1904761904761905,17.03499984741211
2020-09-29,17.334999084472656,17.149999618530273,-32.16583538054083,4.365079365079365,4.365079365079365,17.334999084472656
2020-09-30,17.145000457763672,17.2549991607666,-31.76330843780762,5.357142857142857,5.357142857142857,17.145000457763672
2020-10-01,17.479999542236328,17.4424991607666,-25.545806195697836,12.896825396825399,12.896825396825399,17.479999542236328
2020-10-02,17.424999237060547,17.457500457763672,-22.89888703412579,15.476190476190476,15.476190476190476,17.424999237060547
2020-10-05,17.600000381469727,17.5049991607666,-17.65975305671154,22.023809523809522,22.023809523809522,17.600000381469727
2020-10-06,17.145000457763672,17.729999542236328,-22.75154388261223,16.46825396825397,16.46825396825397,17.145000457763672
2020-10-07,17.112499237060547,17.100000381469727,-25.87834920902819,12.5,12.5,17.112499237060547
2020-10-08,17.262500762939453,17.31999969482422,-24.826008891720182,14.682539682539684,14.682539682539684,17.262500762939453
2020-10-09,17.90999984741211,17.71500015258789,-10.778621900616521,29.96031746031746,29.96031746031746,17.90999984741211
2020-10-12,17.802499771118164,17.8075008392334,-5.391616390188984,36.11111111111111,36.11111111111111,17.802499771118164
2020-10-13,17.207500457763672,17.3799991607666,-14.798177962032447,25.396825396825395,25.396825396825395,17.207500457763672
2020-10-14,17.344999313354492,17.49250030517578,-17.420694075380965,22.817460317460316,22.817460317460316,17.344999313354492
2020-10-15,17.47249984741211,17.190000534057617,-14.955299368630271,25.595238095238095,25.595238095238095,17.47249984741211
2020-10-16,17.3174991607666,17.489999771118164,-17.08717867608579,23.41269841269841,23.41269841269841,17.3174991607666
2020-10-19,17.354999542236328,17.545000076293945,-12.554490775160195,28.76984126984127,28.76984126984127,17.354999542236328
2020-10-20,17.512500762939453,17.34749984741211,-5.430065091620344,36.904761904761905,36.904761904761905,17.512500762939453
2020-10-21,17.787500381469727,17.75,6.629814001071422,48.41269841269841,48.41269841269841,17.787500381469727
2020-10-22,17.407499313354492,17.422500610351562,1.491235859645957,44.642857142857146,44.642857142857146,17.407499313354492
2020-10-23,17.362499237060547,17.457500457763672,-2.95145404965568,39.08730158730159,39.08730158730159,17.362499237060547
2020-10-26,17.352500915527344,17.3700008392334,-7.55358763995405,35.11904761904761,35.11904761904761,17.352500915527344
2020-10-27,17.4375,17.375,-9.213316345787534,33.13492063492063,33.13492063492063,17.4375
2020-10-28,16.857500076293945,16.90250015258789,-23.36240644963578,15.277777777777779,15.277777777777779,16.857500076293945
2020-10-29,16.704999923706055,16.625,-31.755414157208833,5.555555555555555,5.555555555555555,16.704999923706055
2020-10-30,16.850000381469727,17.047500610351562,-32.83378829570874,4.166666666666666,4.166666666666666,16.850000381469727
2020-11-02,17.172500610351562,17.094999313354492,-25.361111644090666,14.285714285714285,14.285714285714285,17.172500610351562
2020-11-03,17.387500762939453,17.397499084472656,-14.264577135184679,27.380952380952383,27.380952380952383,17.387500762939453
2020-11-04,17.337499618530273,17.377500534057617,-9.924246410503219,33.33333333333333,33.33333333333333,17.337499618530273
2020-11-05,18.162500381469727,17.774999618530273,10.581882972411208,54.761904761904766,54.761904761904766,18.162500381469727
2020-11-06,18.202499389648438,18.237499237060547,21.686187282754734,65.47619047619048,65.47619047619048,18.202499389648438
2020-11-09,16.549999237060547,16.832500457763672,-6.654216829934885,37.301587301587304,37.301587301587304,16.549999237060547
2020-11-10,16.674999237060547,16.84000015258789,-19.155928327311226,22.22222222222222,22.22222222222222,16.674999237060547
2020-11-11,16.4950008392334,16.447500228881836,-28.584860395471743,8.73015873015873,8.73015873015873,16.4950008392334
2020-11-12,16.727500915527344,16.72249984741211,-29.270542796927728,8.134920634920634,8.134920634920634,16.727500915527344
2020-11-13,16.950000762939453,17.02750015258789,-26.178149692634396,13.095238095238097,13.095238095238097,16.950000762939453
2020-11-16,16.920000076293945,16.94499969482422,-25.114948879848832,15.277777777777779,15.277777777777779,16.920000076293945
2020-11-17,16.822500228881836,16.934999465942383,-26.023767463926728,13.095238095238097,13.095238095238097,16.822500228881836
2020-11-18,16.594999313354492,16.752500534057617,-30.006163590474845,7.5396825396825395,7.5396825396825395,16.594999313354492
2020-11-19,16.53499984741211,16.357500076293945,-33.12149042776412,4.166666666666666,4.166666666666666,16.53499984741211
2020-11-20,16.649999618530273,16.72249984741211,-32.70565333814588,4.563492063492063,4.563492063492063,16.649999618530273
2020-11-23,15.979999542236328,16.520000457763672,-37.93606156556429,0.992063492063492,0.992063492063492,15.979999542236328
2020-11-24,15.494999885559082,15.420000076293945,-40.89612346750053,0.0,0.0,15.494999885559082
2020-11-25,15.482500076293945,15.555000305175781,-42.51564593297263,0.0,0.0,15.482500076293945
2020-11-27,15.130000114440918,14.977499961853027,-43.225720037125015,0.0,0.0,15.130000114440918
2020-11-30,14.9399995803833,14.925000190734863,-43.98769449334918,0.0,0.0,14.9399995803833
2020-12-01,15.582500457763672,15.5,-39.422060726793895,0.992063492063492,0.992063492063492,15.582500457763672
2020-12-02,15.824999809265137,15.642499923706055,-34.267056672680376,4.365079365079365,4.365079365079365,15.824999809265137
2020-12-03,16.0625,16.017499923706055,-28.795111575314554,10.912698412698413,10.912698412698413,16.0625
2020-12-04,15.960000038146973,16.059999465942383,-26.997953462188296,13.690476190476192,13.690476190476192,15.960000038146973
2020-12-07,16.440000534057617,16.014999389648438,-17.83456038632657,26.190476190476193,26.190476190476193,16.440000534057617
2020-12-08,16.577499389648438,16.56999969482422,-3.6938162283235827,43.25396825396825,43.25396825396825,16.577499389648438
2020-12-09,15.962499618530273,16.264999389648438,-9.300605639989904,37.10317460317461,37.10317460317461,15.962499618530273
2020-12-10,15.9350004196167,16.05500030517578,-12.628348076778037,32.73809523809524,32.73809523809524,15.9350004196167
2020-12-11,16.002500534057617,15.932499885559082,-13.053095733716516,32.142857142857146,32.142857142857146,16.002500534057617
2020-12-14,15.800000190734863,15.8725004196167,-16.578313420500077,28.174603174603174,28.174603174603174,15.800000190734863
2020-12-15,16.264999389648438,16.155000686645508,-8.857571087176431,38.88888888888889,38.88888888888889,16.264999389648438
2020-12-16,16.434999465942383,16.280000686645508,0.30494733759447235,48.80952380952381,48.80952380952381,16.434999465942383
2020-12-17,16.809999465942383,16.889999389648438,12.267378695597325,58.92857142857143,58.92857142857143,16.809999465942383
2020-12-18,16.7549991607666,16.799999237060547,17.438866716400188,63.888888888888886,63.888888888888886,16.7549991607666
2020-12-21,16.65250015258789,16.704999923706055,17.93695899380149,64.68253968253968,64.68253968253968,16.65250015258789
2020-12-22,16.377500534057617,16.69499969482422,11.485047990186338,58.730158730158735,58.730158730158735,16.377500534057617
2020-12-23,16.577499389648438,16.477500915527344,12.730312206196292,59.92063492063492,59.92063492063492,16.577499389648438
2020-12-24,16.690000534057617,16.540000915527344,16.215351874587334,62.89682539682539,62.89682539682539,16.690000534057617
2020-12-28,16.577499389648438,16.875,14.984198816530192,61.111111111111114,61.111111111111114,16.577499389648438
2020-12-29,16.6825008392334,16.684999465942383,17.148309278332516,64.68253968253968,64.68253968253968,16.6825008392334
2020-12-30,16.9375,16.717500686645508,23.298556473952452,70.43650793650794,70.43650793650794,16.9375
2020-12-31,17.049999237060547,17.017499923706055,28.593214572986458,79.96031746031747,79.96031746031747,17.049999237060547
2021-01-04,17.842500686645508,17.772499084472656,34.66788102971821,87.89682539682539,87.89682539682539,17.842500686645508
2021-01-05,17.9325008392334,17.920000076293945,37.333937503569835,93.45238095238095,93.45238095238095,17.9325008392334
2021-01-06,17.299999237060547,17.642499923706055,27.642100575411632,77.97619047619048,77.97619047619048,17.299999237060547
2021-01-07,17.209999084472656,17.260000228881836,20.52062375131173,67.46031746031747,67.46031746031747,17.209999084472656
2021-01-08,15.9975004196167,16.709999084472656,-6.962141503289812,40.87301587301587,40.87301587301587,15.9975004196167
2021-01-11,15.967499732971191,15.767499923706055,-21.706891533927053,22.023809523809522,22.023809523809522,15.967499732971191
2021-01-12,16.147499084472656,15.957500457763672,-26.174536013441625,15.476190476190476,15.476190476190476,16.147499084472656
2021-01-13,16.017499923706055,16.06999969482422,-30.251239269392144,8.928571428571429,8.928571428571429,16.017499923706055
2021-01-14,15.987500190734863,16.012500762939453,-32.951758079264174,5.753968253968254,5.753968253968254,15.987500190734863
2021-01-15,15.602499961853027,15.895000457763672,-38.06268833503898,1.984126984126984,1.984126984126984,15.602499961853027
2021-01-19,15.845000267028809,15.887499809265137,-37.391638695111716,2.579365079365079,2.579365079365079,15.845000267028809
2021-01-20,16.352500915527344,16.190000534057617,-28.212836158595373,12.3015873015873,12.3015873015873,16.352500915527344
2021-01-21,16.34749984741211,16.297500610351562,-23.26422001950304,20.436507936507937,20.436507936507937,16.34749984741211
2021-01-22,16.09000015258789,15.892499923706055,-25.589393502416996,17.46031746031746,17.46031746031746,16.09000015258789
2021-01-25,16.09749984741211,16.2549991607666,-26.501252078662908,15.476190476190476,15.476190476190476,16.09749984741211
2021-01-26,16.02750015258789,16.092500686645508,-28.27173367483291,12.3015873015873,12.3015873015873,16.02750015258789
2021-01-27,15.84000015258789,15.882499694824219,-32.033485343157366,7.5396825396825395,7.5396825396825395,15.84000015258789
2021-01-28,15.869999885559082,16.162500381469727,-33.26007797629693,5.753968253968254,5.753968253968254,15.869999885559082
2021-01-29,15.845000267028809,16.25749969482422,-34.28154740787924,4.761904761904762,4.761904761904762,15.845000267028809
2021-02-01,16.162500381469727,16.302499771118164,-28.085343438445985,13.492063492063492,13.492063492063492,16.162500381469727
2021-02-02,15.720000267028809,15.789999961853027,-33.285257928185466,5.952380952380952,5.952380952380952,15.720000267028809
2021-02-03,15.672499656677246,15.755000114440918,-36.81727121065358,2.976190476190476,2.976190476190476,15.672499656677246
2021-02-04,14.984999656677246,15.012499809265137,-39.77515100137376,0.992063492063492,0.992063492063492,14.984999656677246
2021-02-05,15.279999732971191,15.117500305175781,-37.851081045874416,2.579365079365079,2.579365079365079,15.279999732971191
2021-02-08,15.602499961853027,15.6850004196167,-29.22403097406691,12.5,12.5,15.602499961853027
2021-02-09,15.694999694824219,15.78499984741211,-19.880003740258186,27.77777777777778,27.77777777777778,15.694999694824219
2021-02-10,15.802499771118164,15.887499809265137,-11.572898498225438,38.69047619047619,38.69047619047619,15.802499771118164
2021-02-11,15.520000457763672,15.8100004196167,-14.590367437546462,34.32539682539682,34.32539682539682,15.520000457763672
2021-02-12,15.4399995803833,15.34749984741211,-17.859356152478302,30.158730158730158,30.158730158730158,15.4399995803833
2021-02-16,14.977499961853027,14.9399995803833,-28.94006450636244,12.896825396825399,12.896825396825399,14.977499961853027
2021-02-17,14.637499809265137,14.739999771118164,-35.72676445296512,4.563492063492063,4.563492063492063,14.637499809265137
2021-02-18,14.6225004196167,14.732500076293945,-39.15042817988797,1.3888888888888888,1.3888888888888888,14.6225004196167
2021-02-19,14.744999885559082,14.697500228881836,-39.01790720917381,1.5873015873015872,1.5873015873015872,14.744999885559082
2021-02-22,15.182499885559082,15.0024995803833,-30.40078199402916,11.507936507936508,11.507936507936508,15.182499885559082
2021-02-23,15.132499694824219,15.182499885559082,-26.749187646311423,18.452380952380953,18.452380952380953,15.132499694824219
2021-02-24,15.09000015258789,14.845000267028809,-25.58241069515153,21.03174603174603,21.03174603174603,15.09000015258789
2021-02-25,14.529999732971191,14.710000038146973,-33.94030998125271,6.547619047619048,6.547619047619048,14.529999732971191
2021-02-26,13.822500228881836,14.382499694824219,-38.55304036793368,1.984126984126984,1.984126984126984,13.822500228881836
2021-03-01,13.757499694824219,14.0024995803833,-41.50011921249219,0.5952380952380952,0.5952380952380952,13.757499694824219
2021-03-02,13.927499771118164,13.829999923706055,-41.27463812291733,0.7936507936507936,0.7936507936507936,13.927499771118164
2021-03-03,13.6225004196167,13.612500190734863,-41.63529640796745,0.5952380952380952,0.5952380952380952,13.6225004196167
2021-03-04,13.327500343322754,13.602499961853027,-43.06473108715044,0.3968253968253968,0.3968253968253968,13.327500343322754
2021-03-05,13.354999542236328,13.425000190734863,-43.46407422651885,0.1984126984126984,0.1984126984126984,13.354999542236328
2021-03-08,13.045000076293945,13.25,-44.474045204269906,0.0,0.0,13.045000076293945
2021-03-09,13.6274995803833,13.612500190734863,-39.079293656353904,2.7777777777777777,2.7777777777777777,13.6274995803833
2021-03-10,13.772500038146973,13.654999732971191,-34.49032884782107,7.5396825396825395,7.5396825396825395,13.772500038146973
2021-03-11,13.737500190734863,13.729999542236328,-32.34804686541376,10.515873015873016,10.515873015873016,13.737500190734863
2021-03-12,13.742500305175781,13.395000457763672,-30.941926416139466,12.896825396825399,12.896825396825399,13.742500305175781
2021-03-15,13.8725004196167,13.867500305175781,-27.55271484513499,18.650793650793652,18.650793650793652,13.8725004196167
2021-03-16,13.8774995803833,13.875,-24.610203336334788,25.0,25.0,13.8774995803833
2021-03-17,14.082500457763672,13.854999542236328,-17.8679646689638,32.73809523809524,32.73809523809524,14.082500457763672
2021-03-18,13.907500267028809,13.670000076293945,-17.70121828962284,33.53174603174603,33.53174603174603,13.907500267028809
2021-03-19,14.055000305175781,13.912500381469727,-13.96403910734056,38.2936507936508,38.2936507936508,14.055000305175781
2021-03-22,13.994999885559082,13.875,-13.620875448500303,38.88888888888889,38.88888888888889,13.994999885559082
2021-03-23,13.792499542236328,13.892499923706055,-18.212898989311483,32.73809523809524,32.73809523809524,13.792499542236328
2021-03-24,13.90250015258789,13.859999656677246,-16.66133546507924,35.714285714285715,35.714285714285715,13.90250015258789
2021-03-25,13.762499809265137,13.994999885559082,-18.149062603401454,32.93650793650794,32.93650793650794,13.762499809265137
2021-03-26,13.875,13.774999618530273,-11.187555276686181,43.452380952380956,43.452380952380956,13.875
2021-03-29,13.512499809265137,13.727499961853027,-16.424396964465824,36.7063492063492,36.7063492063492,13.512499809265137
2021-03-30,13.072500228881836,13.1225004196167,-28.964364710488706,15.476190476190476,15.476190476190476,13.072500228881836
2021-03-31,13.477499961853027,13.137499809265137,-25.329020711994144,24.00793650793651,24.00793650793651,13.477499961853027
2021-04-01,13.8125,13.729999542236328,-10.961863349866734,44.047619047619044,44.047619047619044,13.8125
2021-04-05,13.78499984741211,13.727499961853027,-4.148126698076083,52.38095238095239,52.38095238095239,13.78499984741211
2021-04-06,14.017499923706055,13.942500114440918,8.162286545847456,62.10317460317461,62.10317460317461,14.017499923706055
2021-04-07,13.927499771118164,13.947500228881836,11.024367911739613,64.68253968253968,64.68253968253968,13.927499771118164
2021-04-08,14.234999656677246,14.177499771118164,21.88265211551227,74.20634920634922,74.20634920634922,14.234999656677246
2021-04-09,14.015000343322754,13.920000076293945,20.00791459351121,72.42063492063492,72.42063492063492,14.015000343322754
2021-04-12,13.84000015258789,13.914999961853027,12.760554893464407,66.46825396825396,66.46825396825396,13.84000015258789
2021-04-13,14.039999961853027,13.994999885559082,16.272535752605997,69.04761904761905,69.04761904761905,14.039999961853027
2021-04-14,13.914999961853027,13.914999961853027,13.28410849740247,66.46825396825396,66.46825396825396,13.914999961853027
2021-04-15,14.359999656677246,14.140000343322754,23.272536745573085,75.1984126984127,75.1984126984127,14.359999656677246
2021-04-16,14.539999961853027,14.512499809265137,29.84339898543571,84.72222222222221,84.72222222222221,14.539999961853027
2021-04-19,14.449999809265137,14.457500457763672,31.063155848294993,85.9126984126984,85.9126984126984,14.449999809265137
2021-04-20,14.557499885559082,14.404999732971191,34.017051967919365,88.69047619047619,88.69047619047619,14.557499885559082
2021-04-21,14.842499732971191,14.680000305175781,37.297941296014706,94.04761904761905,94.04761904761905,14.842499732971191
2021-04-22,14.657500267028809,14.65250015258789,35.266811039612996,90.07936507936508,90.07936507936508,14.657500267028809
2021-04-23,14.52750015258789,14.702500343322754,31.152826479421414,85.31746031746032,85.31746031746032,14.52750015258789
2021-04-26,14.602499961853027,14.577500343322754,30.641179763281244,84.52380952380952,84.52380952380952,14.602499961853027
2021-04-27,14.524999618530273,14.625,28.62563307901477,82.34126984126983,82.34126984126983,14.524999618530273
2021-04-28,14.625,14.40999984741211,29.59461579663019,83.33333333333334,83.33333333333334,14.625
2021-04-29,14.489999771118164,14.367500305175781,26.667900774131642,78.96825396825396,78.96825396825396,14.489999771118164
2021-04-30,14.395000457763672,14.404999732971191,18.79302923057906,69.24603174603175,69.24603174603175,14.395000457763672
2021-05-03,14.77750015258789,14.737500190734863,26.64528405371318,78.76984126984127,78.76984126984127,14.77750015258789
2021-05-04,14.542499542236328,14.755000114440918,22.730354521645292,72.22222222222221,72.22222222222221,14.542499542236328
2021-05-05,14.6850004196167,14.567500114440918,25.001299155404983,75.1984126984127,75.1984126984127,14.6850004196167
2021-05-06,15.157500267028809,14.802499771118164,32.45533660428834,86.70634920634922,86.70634920634922,15.157500267028809
2021-05-07,15.460000038146973,15.4399995803833,35.36380697978076,90.07936507936508,90.07936507936508,15.460000038146973
2021-05-10,15.550000190734863,15.667499542236328,37.4645003569583,94.44444444444444,94.44444444444444,15.550000190734863
2021-05-11,15.542499542236328,15.2475004196167,38.34395170321737,94.64285714285714,94.64285714285714,15.542499542236328
2021-05-12,15.232500076293945,15.412500381469727,33.90441182201614,87.5,87.5,15.232500076293945
2021-05-13,15.350000381469727,15.204999923706055,32.52615084102124,85.9126984126984,85.9126984126984,15.350000381469727
2021-05-14,15.630000114440918,15.524999618530273,36.510760959699745,91.46825396825396,91.46825396825396,15.630000114440918
2021-05-17,16.014999389648438,15.7475004196167,39.01460517031399,95.23809523809523,95.23809523809523,16.014999389648438
2021-05-18,16.065000534057617,16.082500457763672,40.46544283730451,97.02380952380952,97.02380952380952,16.065000534057617
2021-05-19,16.087499618530273,16.079999923706055,38.278315584772145,94.04761904761905,94.04761904761905,16.087499618530273
2021-05-20,16.21500015258789,16.104999542236328,38.50406608869799,94.44444444444444,94.44444444444444,16.21500015258789
2021-05-21,16.25,16.342500686645508,38.96485228616728,94.64285714285714,94.64285714285714,16.25
2021-05-24,16.30500030517578,16.262500762939453,39.74107217432615,96.62698412698413,96.62698412698413,16.30500030517578
2021-05-25,16.610000610351562,16.260000228881836,41.55279976194138,98.01587301587301,98.01587301587301,16.610000610351562
2021-05-26,16.532499313354492,16.68000030517578,40.743337128668855,97.42063492063492,97.42063492063492,16.532499313354492
2021-05-27,16.5575008392334,16.49250030517578,40.525760929139196,96.62698412698413,96.62698412698413,16.5575008392334
2021-05-28,16.657499313354492,16.50749969482422,41.22902187448393,97.61904761904762,97.61904761904762,16.657499313354492
2021-06-01,16.584999084472656,16.75,40.27163322262975,95.83333333333334,95.83333333333334,16.584999084472656
2021-06-02,16.75,16.670000076293945,41.62300755246681,98.21428571428571,98.21428571428571,16.75
2021-06-03,16.075000762939453,16.190000534057617,30.81974650627119,81.15079365079364,81.15079365079364,16.075000762939453
2021-06-04,16.440000534057617,16.34000015258789,30.909677286266508,81.34920634920636,81.34920634920636,16.440000534057617
2021-06-07,16.582500457763672,16.399999618530273,32.65542021226533,83.73015873015873,83.73015873015873,16.582500457763672
2021-06-08,16.452499389648438,16.454999923706055,30.681503786840224,80.75396825396825,80.75396825396825,16.452499389648438
2021-06-09,16.389999389648438,16.475000381469727,27.923975250604084,76.98412698412699,76.98412698412699,16.389999389648438
2021-06-10,16.5575008392334,16.344999313354492,30.130989954603294,80.15873015873017,80.15873015873017,16.5575008392334
2021-06-11,16.147499084472656,16.28499984741211,20.511388347854663,66.66666666666666,66.66666666666666,16.147499084472656
2021-06-14,15.962499618530273,15.675000190734863,7.118588726976635,54.96031746031746,54.96031746031746,15.962499618530273
2021-06-15,15.842499732971191,15.979999542236328,-7.2435592371239865,42.65873015873016,42.65873015873016,15.842499732971191
2021-06-16,15.297499656677246,15.824999809265137,-24.839060969219663,23.015873015873016,23.015873015873016,15.297499656677246
2021-06-17,14.34749984741211,14.550000190734863,-34.451802053025396,7.142857142857142,7.142857142857142,14.34749984741211
2021-06-18,14.180000305175781,14.385000228881836,-39.9465022767671,1.984126984126984,1.984126984126984,14.180000305175781
2021-06-21,14.517499923706055,14.444999694824219,-38.89797336773509,3.373015873015873,3.373015873015873,14.517499923706055
2021-06-22,14.407500267028809,14.420000076293945,-39.55236169026117,2.579365079365079,2.579365079365079,14.407500267028809
2021-06-23,14.382499694824219,14.52750015258789,-40.105738071272796,1.984126984126984,1.984126984126984,14.382499694824219
2021-06-24,14.375,14.537500381469727,-40.459308060551365,1.984126984126984,1.984126984126984,14.375
2021-06-25,14.449999809265137,14.612500190734863,-39.46077341707945,3.1746031746031744,3.1746031746031744,14.449999809265137
2021-06-28,14.460000038146973,14.470000267028809,-38.77473541432345,4.365079365079365,4.365079365079365,14.460000038146973
2021-06-29,14.15250015258789,14.057499885559082,-40.604250363012625,1.984126984126984,1.984126984126984,14.15250015258789
2021-06-30,14.305000305175781,14.102499961853027,-39.255161722013526,3.7698412698412698,3.7698412698412698,14.305000305175781
2021-07-01,14.399999618530273,14.470000267028809,-37.07524678530792,7.142857142857142,7.142857142857142,14.399999618530273
2021-07-02,14.59000015258789,14.604999542236328,-32.70506227310306,11.706349206349206,11.706349206349206,14.59000015258789
2021-07-06,14.725000381469727,14.920000076293945,-26.592212129796867,21.428571428571427,21.428571428571427,14.725000381469727
2021-07-07,14.845000267028809,14.829999923706055,-19.940044523323465,30.555555555555557,30.555555555555557,14.845000267028809
2021-07-08,14.824999809265137,15.02750015258789,-17.026288059339617,34.523809523809526,34.523809523809526,14.824999809265137
2021-07-09,14.917499542236328,14.84000015258789,-12.535684996947607,40.27777777777778,40.27777777777778,14.917499542236328
2021-07-12,14.895000457763672,14.824999809265137,-9.769912890365392,43.452380952380956,43.452380952380956,14.895000457763672
2021-07-13,14.917499542236328,14.96500015258789,-6.108962442008381,47.61904761904761,47.61904761904761,14.917499542236328
2021-07-14,15.244999885559082,15.217499732971191,4.544498647573319,56.74603174603175,56.74603174603175,15.244999885559082
2021-07-15,15.265000343322754,15.217499732971191,11.43117512128887,63.095238095238095,63.095238095238095,15.265000343322754
2021-07-16,14.949999809265137,15.164999961853027,12.482446440890332,64.28571428571429,64.28571428571429,14.949999809265137
2021-07-19,14.979999542236328,14.96500015258789,14.519442967243545,66.07142857142857,66.07142857142857,14.979999542236328
2021-07-20,14.942500114440918,15.140000343322754,13.801937081666399,65.87301587301587,65.87301587301587,14.942500114440918
2021-07-21,14.832500457763672,14.75,8.794161550185608,59.92063492063492,59.92063492063492,14.832500457763672
2021-07-22,14.892499923706055,14.77750015258789,9.136413744224328,60.11904761904761,60.11904761904761,14.892499923706055
2021-07-23,14.792499542236328,14.787500381469727,4.7706258035160864,56.94444444444444,56.94444444444444,14.792499542236328
2021-07-26,14.717499732971191,14.789999961853027,-0.6174398853466797,52.77777777777778,52.77777777777778,14.717499732971191
2021-07-27,14.767499923706055,14.817500114440918,-0.8889938985922574,52.77777777777778,52.77777777777778,14.767499923706055
2021-07-28,14.914999961853027,14.725000381469727,6.715196584067305,58.730158730158735,58.730158730158735,14.914999961853027
2021-07-29,15.244999885559082,15.167499542236328,20.96691057442923,72.02380952380952,72.02380952380952,15.244999885559082
2021-07-30,14.979999542236328,15.15999984741211,18.337814271045822,69.84126984126983,69.84126984126983,14.979999542236328
2021-08-02,14.962499618530273,14.885000228881836,14.649228077964377,66.26984126984127,66.26984126984127,14.962499618530273
2021-08-03,14.914999961853027,14.922499656677246,6.653272354030408,58.333333333333336,58.333333333333336,14.914999961853027
2021-08-04,14.9350004196167,15.262499809265137,4.134904634349627,56.34920634920635,56.34920634920635,14.9350004196167
2021-08-05,14.795000076293945,14.897500038146973,-7.006643777342414,46.42857142857143,46.42857142857143,14.795000076293945
2021-08-06,14.057499885559082,14.2475004196167,-25.27901053656852,25.0,25.0,14.057499885559082
2021-08-09,13.552499771118164,13.774999618530273,-34.90850477013605,8.73015873015873,8.73015873015873,13.552499771118164
2021-08-10,13.557499885559082,13.482500076293945,-38.292804991902095,5.555555555555555,5.555555555555555,13.557499885559082
2021-08-11,13.9350004196167,13.797499656677246,-33.42469404123624,10.515873015873016,10.515873015873016,13.9350004196167
2021-08-12,13.942500114440918,13.867500305175781,-30.613544545346365,15.476190476190476,15.476190476190476,13.942500114440918
2021-08-13,14.350000381469727,14.104999542236328,-18.237754192299633,33.53174603174603,33.53174603174603,14.350000381469727
2021-08-16,14.477499961853027,14.399999618530273,-7.131304598020491,47.61904761904761,47.61904761904761,14.477499961853027
2021-08-17,14.449999809265137,14.4975004196167,-1.8727788211270073,54.166666666666664,54.166666666666664,14.449999809265137
2021-08-18,14.475000381469727,14.484999656677246,1.737674257225794,57.341269841269835,57.341269841269835,14.475000381469727
2021-08-19,14.3774995803833,14.5024995803833,0.11537205117428928,55.55555555555556,55.55555555555556,14.3774995803833
2021-08-20,14.397500038146973,14.425000190734863,0.10376298218248464,55.55555555555556,55.55555555555556,14.397500038146973
2021-08-23,14.7475004196167,14.772500038146973,11.15051944583338,65.67460317460318,65.67460317460318,14.7475004196167
2021-08-24,14.744999885559082,14.807499885559082,16.777639570570717,71.62698412698413,71.62698412698413,14.744999885559082
2021-08-25,14.529999732971191,14.592499732971191,13.556441957283052,68.45238095238095,68.45238095238095,14.529999732971191
2021-08-26,14.569999694824219,14.47249984741211,13.343732465243912,68.45238095238095,68.45238095238095,14.569999694824219
2021-08-27,15.0,14.53499984741211,23.30277279298697,76.98412698412699,76.98412698412699,15.0
2021-08-30,14.862500190734863,14.90999984741211,25.043132755476844,78.37301587301587,78.37301587301587,14.862500190734863
2021-08-31,14.9350004196167,14.84000015258789,27.710125168980927,82.93650793650794,82.93650793650794,14.9350004196167
2021-09-01,14.920000076293945,14.962499618530273,28.6118190004651,84.32539682539682,84.32539682539682,14.920000076293945
2021-09-02,14.832500457763672,14.875,29.785429295167816,85.71428571428571,85.71428571428571,14.832500457763672
2021-09-03,15.15250015258789,15.072500228881836,34.20822367885561,90.87301587301587,90.87301587301587,15.15250015258789
2021-09-07,14.557499885559082,14.8725004196167,21.929876188063773,75.79365079365078,75.79365079365078,14.557499885559082
2021-09-08,14.475000381469727,14.600000381469727,12.551960579171844,67.26190476190477,67.26190476190477,14.475000381469727
2021-09-09,14.59749984741211,14.635000228881836,9.708550453029526,63.69047619047619,63.69047619047619,14.59749984741211
2021-09-10,14.454999923706055,14.569999694824219,2.838095935061783,57.53968253968254,57.53968253968254,14.454999923706055
2021-09-13,14.545000076293945,14.4975004196167,-0.6156551728779541,54.166666666666664,54.166666666666664,14.545000076293945
2021-09-14,14.7524995803833,14.630000114440918,3.06668554415789,57.53968253968254,57.53968253968254,14.7524995803833
2021-09-15,14.550000190734863,14.612500190734863,-3.731654487156861,50.79365079365079,50.79365079365079,14.550000190734863
2021-09-16,13.885000228881836,13.947500228881836,-19.84812454773509,30.952380952380953,30.952380952380953,13.885000228881836
2021-09-17,13.84749984741211,13.854999542236328,-28.74024127505748,17.857142857142858,17.857142857142858,13.84749984741211
2021-09-20,14.047499656677246,13.922499656677246,-28.651096194792363,17.857142857142858,17.857142857142858,14.047499656677246
2021-09-21,14.232500076293945,14.194999694824219,-21.831569843388635,28.373015873015873,28.373015873015873,14.232500076293945
2021-09-22,14.107500076293945,14.194999694824219,-22.104874417088162,27.976190476190478,27.976190476190478,14.107500076293945
2021-09-23,13.782500267028809,13.887499809265137,-30.47850329052669,15.476190476190476,15.476190476190476,13.782500267028809
2021-09-24,13.755000114440918,13.704999923706055,-34.08410208487101,10.119047619047619,10.119047619047619,13.755000114440918
2021-09-27,13.817500114440918,13.84749984741211,-34.26383327398849,10.119047619047619,10.119047619047619,13.817500114440918
2021-09-28,13.547499656677246,13.654999732971191,-37.43629970181501,6.944444444444445,6.944444444444445,13.547499656677246
2021-09-29,13.425000190734863,13.59000015258789,-39.29469842794464,3.7698412698412698,3.7698412698412698,13.425000190734863
2021-09-30,13.897500038146973,13.645000457763672,-29.402306991674322,16.865079365079367,16.865079365079367,13.897500038146973
2021-10-01,13.967499732971191,13.912500381469727,-21.10547170266287,30.357142857142854,30.357142857142854,13.967499732971191
2021-10-04,14.112500190734863,13.817500114440918,-11.657037201496577,41.46825396825397,41.46825396825397,14.112500190734863
2021-10-05,13.962499618530273,13.850000381469727,-9.839090123784535,43.84920634920635,43.84920634920635,13.962499618530273
2021-10-06,14.039999961853027,13.907500267028809,-4.967969969674592,49.60317460317461,49.60317460317461,14.039999961853027
2021-10-07,13.890000343322754,13.864999771118164,-8.427117102370541,45.23809523809524,45.23809523809524,13.890000343322754
2021-10-08,13.90250015258789,14.260000228881836,-9.697780927696463,43.65079365079365,43.65079365079365,13.90250015258789
2021-10-11,13.84000015258789,13.869999885559082,-12.688980534058732,40.07936507936508,40.07936507936508,13.84000015258789
2021-10-12,13.975000381469727,13.957500457763672,-8.04739177257296,45.63492063492063,45.63492063492063,13.975000381469727
2021-10-13,14.479999542236328,14.087499618530273,11.936550219787895,66.07142857142857,66.07142857142857,14.479999542236328
2021-10-14,14.547499656677246,14.59000015258789,24.96116534754571,77.97619047619048,77.97619047619048,14.547499656677246
2021-10-15,14.074999809265137,14.087499618530273,17.228376998040275,72.22222222222221,72.22222222222221,14.074999809265137
2021-10-18,14.007499694824219,14.092499732971191,10.205243613632428,63.49206349206349,63.49206349206349,14.007499694824219
2021-10-19,14.102499961853027,14.27750015258789,10.865332124795971,64.0873015873016,64.0873015873016,14.102499961853027
2021-10-20,14.357500076293945,14.242500305175781,18.307765045711225,72.61904761904762,72.61904761904762,14.357500076293945
2021-10-21,14.337499618530273,14.307499885559082,21.371203473821147,75.0,75.0,14.337499618530273
2021-10-22,14.489999771118164,14.670000076293945,24.369657017410017,77.57936507936508,77.57936507936508,14.489999771118164
2021-10-25,14.699999809265137,14.662500381469727,30.625383660927234,86.5079365079365,86.5079365079365,14.699999809265137
2021-10-26,14.484999656677246,14.524999618530273,28.01477842722934,82.93650793650794,82.93650793650794,14.484999656677246
2021-10-27,14.569999694824219,14.5,29.067594133701242,84.52380952380952,84.52380952380952,14.569999694824219
2021-10-28,14.569999694824219,14.72249984741211,28.74695192042983,84.12698412698413,84.12698412698413,14.569999694824219
2021-10-29,14.3125,14.237500190734863,18.85056759670265,71.82539682539682,71.82539682539682,14.3125
2021-11-01,14.475000381469727,14.4375,18.418549121214763,71.42857142857143,71.42857142857143,14.475000381469727
2021-11-02,14.40250015258789,14.452500343322754,15.80499244498051,68.05555555555556,68.05555555555556,14.40250015258789
2021-11-03,14.145000457763672,14.077500343322754,2.7755063090235685,54.166666666666664,54.166666666666664,14.145000457763672
2021-11-04,14.475000381469727,14.444999694824219,9.128253874298803,59.72222222222222,59.72222222222222,14.475000381469727
2021-11-05,14.862500190734863,14.607500076293945,24.445239525728585,76.98412698412699,76.98412698412699,14.862500190734863
2021-11-08,14.975000381469727,14.967499732971191,32.167213657914715,88.29365079365078,88.29365079365078,14.975000381469727
2021-11-09,15.109999656677246,15.022500038146973,36.89870394493185,92.85714285714286,92.85714285714286,15.109999656677246
2021-11-10,15.452500343322754,15.529999732971191,36.656609295176764,92.46031746031747,92.46031746031747,15.452500343322754
2021-11-11,15.612500190734863,15.602499961853027,38.640666744132005,94.64285714285714,94.64285714285714,15.612500190734863
2021-11-12,15.682499885559082,15.520000457763672,40.56668349820817,97.22222222222221,97.22222222222221,15.682499885559082
2021-11-15,15.632499694824219,15.6225004196167,40.63171863309451,97.61904761904762,97.61904761904762,15.632499694824219
2021-11-16,15.399999618530273,15.600000381469727,37.07508468908085,92.26190476190477,92.26190476190477,15.399999618530273
2021-11-17,15.6875,15.635000228881836,39.04777976173642,95.03968253968253,95.03968253968253,15.6875
2021-11-18,15.569999694824219,15.59749984741211,38.44590832448062,93.65079365079364,93.65079365079364,15.569999694824219
2021-11-19,15.34749984741211,15.545000076293945,33.847930353839175,88.4920634920635,88.4920634920635,15.34749984741211
2021-11-22,14.635000228881836,14.84000015258789,12.836626390336622,63.29365079365079,63.29365079365079,14.635000228881836
2021-11-23,14.380000114440918,14.3725004196167,-5.334050185377662,43.84920634920635,43.84920634920635,14.380000114440918
2021-11-24,14.345000267028809,14.244999885559082,-16.23872111329273,32.53968253968254,32.53968253968254,14.345000267028809
2021-11-26,14.297499656677246,14.607500076293945,-22.579863113779272,24.404761904761905,24.404761904761905,14.297499656677246
2021-11-29,14.25,14.27750015258789,-26.56435293524596,19.841269841269842,19.841269841269842,14.25
2021-11-30,14.0625,14.444999694824219,-32.115422500280154,12.3015873015873,12.3015873015873,14.0625
2021-12-01,14.167499542236328,14.279999732971191,-32.680722343532445,11.507936507936508,11.507936507936508,14.167499542236328
2021-12-02,13.987500190734863,14.114999771118164,-36.02439222547249,7.738095238095238,7.738095238095238,13.987500190734863
2021-12-03,14.227499961853027,14.039999961853027,-32.08870354579831,12.5,12.5,14.227499961853027
2021-12-06,14.167499542236328,14.145000457763672,-31.40713415876449,13.492063492063492,13.492063492063492,14.167499542236328
2021-12-07,14.265000343322754,14.154999732971191,-28.27918009304914,17.857142857142858,17.857142857142858,14.265000343322754
2021-12-08,14.270000457763672,14.202500343322754,-26.228681987264867,21.03174603174603,21.03174603174603,14.270000457763672
2021-12-09,14.087499618530273,14.210000038146973,-30.117509466487796,15.079365079365079,15.079365079365079,14.087499618530273
2021-12-10,14.207500457763672,14.255000114440918,-28.334260872359913,17.857142857142858,17.857142857142858,14.207500457763672
2021-12-13,14.287500381469727,14.267499923706055,-24.398417040387933,24.6031746031746,24.6031746031746,14.287500381469727
2021-12-14,14.024999618530273,13.984999656677246,-29.89452345332652,15.476190476190476,15.476190476190476,14.024999618530273
2021-12-15,14.125,13.989999771118164,-27.667634209939546,19.841269841269842,19.841269841269842,14.125
2021-12-16,14.477499961853027,14.287500381469727,-15.471222841276433,33.730158730158735,33.730158730158735,14.477499961853027
2021-12-17,14.414999961853027,14.585000038146973,-9.981498736377427,39.08730158730159,39.08730158730159,14.414999961853027
2021-12-20,14.297499656677246,14.422499656677246,-10.888252018051698,38.69047619047619,38.69047619047619,14.297499656677246
2021-12-21,14.287500381469727,14.387499809265137,-7.526638753723668,42.46031746031746,42.46031746031746,14.287500381469727
2021-12-22,14.569999694824219,14.3774995803833,9.497409766173165,58.53174603174603,58.53174603174603,14.569999694824219
2021-12-23,14.617500305175781,14.577500343322754,20.366417792129916,70.43650793650794,70.43650793650794,14.617500305175781
2021-12-27,14.672499656677246,14.6225004196167,27.1171313282216,79.36507936507937,79.36507936507937,14.672499656677246
2021-12-28,14.5649995803833,14.675000190734863,25.918175482267415,77.77777777777779,77.77777777777779,14.5649995803833
2021-12-29,14.539999961853027,14.324999809265137,24.601043637385676,75.1984126984127,75.1984126984127,14.539999961853027
2021-12-30,14.75,14.507499694824219,30.791195134865745,85.71428571428571,85.71428571428571,14.75
2021-12-31,14.952500343322754,14.890000343322754,35.17423810489522,90.27777777777779,90.27777777777779,14.952500343322754
2022-01-03,14.482500076293945,14.585000038146973,23.450614161986053,73.80952380952381,73.80952380952381,14.482500076293945
2022-01-04,14.697500228881836,14.587499618530273,23.046368124566683,73.21428571428571,73.21428571428571,14.697500228881836
2022-01-05,14.607500076293945,14.885000228881836,20.34590156884894,70.43650793650794,70.43650793650794,14.607500076293945
2022-01-06,14.255000114440918,14.270000457763672,5.703914509201834,55.158730158730165,55.158730158730165,14.255000114440918
2022-01-07,14.380000114440918,14.324999809265137,3.0689393468527575,53.37301587301587,53.37301587301587,14.380000114440918
2022-01-10,14.447500228881836,14.305000305175781,4.892138134034242,54.96031746031746,54.96031746031746,14.447500228881836
2022-01-11,14.805000305175781,14.494999885559082,16.82648245748847,68.25396825396825,68.25396825396825,14.805000305175781
2022-01-12,14.875,14.789999961853027,25.33408115174694,77.97619047619048,77.97619047619048,14.875
2022-01-13,14.779999732971191,14.774999618530273,26.342436082021802,80.15873015873017,80.15873015873017,14.779999732971191
2022-01-14,14.699999809265137,14.787500381469727,20.7895793349231,72.22222222222221,72.22222222222221,14.699999809265137
2022-01-18,14.657500267028809,14.694999694824219,15.989918319340546,66.66666666666666,66.66666666666666,14.657500267028809
2022-01-19,15.130000114440918,14.829999923706055,27.61956529129785,81.54761904761905,81.54761904761905,15.130000114440918
2022-01-20,15.047499656677246,15.157500267028809,29.381394276009544,84.32539682539682,84.32539682539682,15.047499656677246
2022-01-21,14.944999694824219,15.114999771118164,26.283651465456586,79.16666666666666,79.16666666666666,14.944999694824219
2022-01-24,15.112500190734863,15.069999694824219,30.283694754861784,85.9126984126984,85.9126984126984,15.112500190734863
2022-01-25,15.217499732971191,15.095000267028809,33.15816079087979,89.28571428571429,89.28571428571429,15.217499732971191
2022-01-26,14.699999809265137,15.0,17.243720547115,69.44444444444444,69.44444444444444,14.699999809265137
2022-01-27,14.3149995803833,14.390000343322754,-6.622002261552954,43.84920634920635,43.84920634920635,14.3149995803833
2022-01-28,14.210000038146973,14.1225004196167,-20.255245454364985,28.57142857142857,28.57142857142857,14.210000038146973
2022-01-31,14.387499809265137,14.335000038146973,-20.91886879854872,27.976190476190478,27.976190476190478,14.387499809265137
2022-02-01,14.392499923706055,14.462499618530273,-21.088430664828504,27.976190476190478,27.976190476190478,14.392499923706055
2022-02-02,14.505000114440918,14.430000305175781,-16.569785725306282,33.730158730158735,33.730158730158735,14.505000114440918
2022-02-03,14.47249984741211,14.420000076293945,-15.635985615627973,34.523809523809526,34.523809523809526,14.47249984741211
2022-02-04,14.517499923706055,14.367500305175781,-12.828902337598283,37.301587301587304,37.301587301587304,14.517499923706055
2022-02-07,14.734999656677246,14.6225004196167,-3.559928174232232,48.61111111111111,48.61111111111111,14.734999656677246
2022-02-08,14.822500228881836,14.737500190734863,4.374350050442617,55.35714285714286,55.35714285714286,14.822500228881836
2022-02-09,14.914999961853027,14.835000038146973,11.711081481854151,62.698412698412696,62.698412698412696,14.914999961853027
2022-02-10,14.8125,14.802499771118164,11.379345442834973,62.10317460317461,62.10317460317461,14.8125
2022-02-11,15.397500038146973,14.845000267028809,25.282824254940383,78.57142857142857,78.57142857142857,15.397500038146973
2022-02-14,15.557499885559082,15.385000228881836,32.66514208985469,89.48412698412699,89.48412698412699,15.557499885559082
2022-02-15,15.2475004196167,15.262499809265137,29.967569384142962,85.51587301587301,85.51587301587301,15.2475004196167
2022-02-16,15.569999694824219,15.337499618530273,34.85886251198247,91.26984126984127,91.26984126984127,15.569999694824219
2022-02-17,16.024999618530273,15.907500267028809,38.205069622841926,94.04761904761905,94.04761904761905,16.024999618530273
2022-02-18,15.989999771118164,15.975000381469727,39.408473620238766,96.23015873015873,96.23015873015873,15.989999771118164
2022-02-22,16.032499313354492,16.075000762939453,39.64450931683667,96.42857142857143,96.42857142857143,16.032499313354492
2022-02-23,16.1875,16.03499984741211,41.045104348188985,98.21428571428571,98.21428571428571,16.1875
2022-02-24,15.989999771118164,16.97249984741211,33.53005569126318,89.48412698412699,89.48412698412699,15.989999771118164
2022-02-25,15.857500076293945,15.84000015258789,27.60388614182123,81.15079365079364,81.15079365079364,15.857500076293945
2022-02-28,16.177499771118164,16.292499542236328,27.8161300061912,82.14285714285714,82.14285714285714,16.177499771118164
2022-03-01,16.795000076293945,16.3125,34.27004736083863,90.47619047619048,90.47619047619048,16.795000076293945
2022-03-02,16.440000534057617,16.520000457763672,33.0167897364673,88.88888888888889,88.88888888888889,16.440000534057617
2022-03-03,16.645000457763672,16.475000381469727,34.47461980580513,90.47619047619048,90.47619047619048,16.645000457763672
2022-03-04,17.1875,16.88249969482422,38.4902751896169,94.24603174603175,94.24603174603175,17.1875
2022-03-07,17.68000030517578,17.309999465942383,41.15525773783707,98.21428571428571,98.21428571428571,17.68000030517578
2022-03-08,18.717500686645508,18.094999313354492,41.34415515057212,98.4126984126984,98.4126984126984,18.717500686645508
2022-03-09,17.584999084472656,17.627500534057617,33.129038053232925,88.09523809523809,88.09523809523809,17.584999084472656
2022-03-10,17.704999923706055,17.795000076293945,29.142000235126975,82.73809523809523,82.73809523809523,17.704999923706055
2022-03-11,17.450000762939453,17.172500610351562,24.471759517316745,75.0,75.0,17.450000762939453
2022-03-14,16.8799991607666,17.045000076293945,14.740063330117154,65.07936507936508,65.07936507936508,16.8799991607666
2022-03-15,16.267499923706055,16.290000915527344,0.6182134816943669,51.78571428571429,51.78571428571429,16.267499923706055
2022-03-16,16.43000030517578,16.280000686645508,-4.583064539989779,46.62698412698413,46.62698412698413,16.43000030517578
2022-03-17,16.584999084472656,16.647499084472656,-6.537627164438753,44.24603174603175,44.24603174603175,16.584999084472656
2022-03-18,16.272499084472656,16.407499313354492,-13.673194505814083,35.51587301587302,35.51587301587302,16.272499084472656
2022-03-21,16.55500030517578,16.299999237060547,-13.21655841869962,35.714285714285715,35.714285714285715,16.55500030517578
2022-03-22,16.297500610351562,16.364999771118164,-16.646326478983337,32.34126984126984,32.34126984126984,16.297500610351562
2022-03-23,16.735000610351562,16.462499618530273,-12.572913748506206,36.7063492063492,36.7063492063492,16.735000610351562
2022-03-24,17.00749969482422,16.86750030517578,-6.566199685841741,44.24603174603175,44.24603174603175,17.00749969482422
2022-03-25,16.857500076293945,16.752500534057617,-6.266165086629888,44.84126984126984,44.84126984126984,16.857500076293945
2022-03-28,16.232500076293945,16.477500915527344,-16.63282901492586,32.34126984126984,32.34126984126984,16.232500076293945
2022-03-29,16.235000610351562,15.859999656677246,-21.95683738107035,25.198412698412696,25.198412698412696,16.235000610351562
2022-03-30,16.5049991607666,16.362499237060547,-19.55352268220427,29.166666666666668,29.166666666666668,16.5049991607666
2022-03-31,16.53499984741211,16.56999969482422,-17.80684628526419,31.150793650793652,31.150793650793652,16.53499984741211
2022-04-01,16.272499084472656,16.3075008392334,-21.89055862179339,25.396825396825395,25.396825396825395,16.272499084472656
2022-04-04,16.452499389648438,16.440000534057617,-20.39087043559271,27.77777777777778,27.77777777777778,16.452499389648438
2022-04-05,16.22249984741211,16.537500381469727,-24.619612890469266,23.41269841269841,23.41269841269841,16.22249984741211
2022-04-06,16.3174991607666,16.334999084472656,-22.170317510083386,25.198412698412696,25.198412698412696,16.3174991607666
2022-04-07,16.424999237060547,16.352500915527344,-17.926883078033303,31.349206349206348,31.349206349206348,16.424999237060547
2022-04-08,16.649999618530273,16.47249984741211,-9.383611080291688,42.46031746031746,42.46031746031746,16.649999618530273
2022-04-11,16.809999465942383,16.967500686645508,4.693655640032164,55.952380952380956,55.952380952380956,16.809999465942383
2022-04-12,17.065000534057617,17.114999771118164,16.3563087862123,68.05555555555556,68.05555555555556,17.065000534057617
2022-04-13,17.225000381469727,17.21500015258789,25.224360535351153,76.78571428571429,76.78571428571429,17.225000381469727
2022-04-14,17.094999313354492,17.165000915527344,26.67796059125338,79.56349206349206,79.56349206349206,17.094999313354492
2022-04-18,17.209999084472656,17.475000381469727,27.16061865483359,79.76190476190477,79.76190476190477,17.209999084472656
2022-04-19,16.674999237060547,16.927499771118164,14.010797291010347,65.47619047619048,65.47619047619048,16.674999237060547
2022-04-20,16.850000381469727,16.642499923706055,10.763016736154523,60.912698412698404,60.912698412698404,16.850000381469727
2022-04-21,16.707500457763672,16.662500381469727,5.913992801957461,56.94444444444444,56.94444444444444,16.707500457763672
2022-04-22,16.385000228881836,16.459999084472656,-6.481734861107862,46.62698412698413,46.62698412698413,16.385000228881836
2022-04-25,15.789999961853027,15.805000305175781,-23.168682351905943,24.404761904761905,24.404761904761905,15.789999961853027
2022-04-26,15.842499732971191,15.944999694824219,-30.6215425622847,13.293650793650794,13.293650793650794,15.842499732971191
2022-04-27,15.587499618530273,15.6850004196167,-36.088880231582365,7.341269841269842,7.341269841269842,15.587499618530273
2022-04-28,15.765000343322754,15.574999809265137,-36.06154272529863,7.5396825396825395,7.5396825396825395,15.765000343322754
2022-04-29,15.762499809265137,15.960000038146973,-36.07512634542754,7.5396825396825395,7.5396825396825395,15.762499809265137
2022-05-02,15.177499771118164,15.149999618530273,-39.15088341865586,4.166666666666666,4.166666666666666,15.177499771118164
2022-05-03,15.239999771118164,15.207500457763672,-39.77996382896175,2.976190476190476,2.976190476190476,15.239999771118164
2022-05-04,15.547499656677246,15.274999618530273,-35.74486113322319,8.73015873015873,8.73015873015873,15.547499656677246
2022-05-05,15.444999694824219,15.859999656677246,-35.08247042470206,9.126984126984127,9.126984126984127,15.444999694824219
2022-05-06,15.487500190734863,15.477499961853027,-33.90312900949507,10.912698412698413,10.912698412698413,15.487500190734863
2022-05-09,15.012499809265137,15.262499809265137,-38.97425429408152,5.158730158730158,5.158730158730158,15.012499809265137
2022-05-10,14.732500076293945,15.180000305175781,-41.935679433834295,1.1904761904761905,1.1904761904761905,14.732500076293945
2022-05-11,15.0024995803833,14.942500114440918,-40.04813699645189,2.7777777777777777,2.7777777777777777,15.0024995803833
2022-05-12,14.510000228881836,14.864999771118164,-42.364775002463375,1.1904761904761905,1.1904761904761905,14.510000228881836
2022-05-13,14.287500381469727,14.204999923706055,-43.15375255765579,0.7936507936507936,0.7936507936507936,14.287500381469727
2022-05-16,14.542499542236328,14.22249984741211,-40.87326276984229,2.579365079365079,2.579365079365079,14.542499542236328
2022-05-17,14.369999885559082,14.572500228881836,-41.073247025659704,2.380952380952381,2.380952380952381,14.369999885559082
2022-05-18,14.3774995803833,14.322500228881836,-40.87854017377902,2.7777777777777777,2.7777777777777777,14.3774995803833
2022-05-19,14.802499771118164,14.75,-34.20996952236391,12.103174603174603,12.103174603174603,14.802499771118164
2022-05-20,14.832500457763672,14.765000343322754,-29.857590860447914,18.253968253968253,18.253968253968253,14.832500457763672
2022-05-23,14.96500015258789,15.015000343322754,-23.06904161050468,28.373015873015873,28.373015873015873,14.96500015258789
2022-05-24,15.1899995803833,15.057499885559082,-12.661578009884064,41.269841269841265,41.269841269841265,15.1899995803833
2022-05-25,14.977499961853027,14.957500457763672,-12.967648651433636,40.87301587301587,40.87301587301587,14.977499961853027
2022-05-26,14.932499885559082,14.827500343322754,-14.370394156852775,39.48412698412698,39.48412698412698,14.932499885559082
2022-05-27,14.952500343322754,15.057499885559082,-14.441568300084349,39.48412698412698,39.48412698412698,14.952500343322754
2022-05-31,14.645000457763672,14.90250015258789,-19.984051804014438,32.53968253968254,32.53968253968254,14.645000457763672
2022-06-01,14.827500343322754,14.819999694824219,-18.591095017450996,34.523809523809526,34.523809523809526,14.827500343322754
2022-06-02,15.197500228881836,15.074999809265137,-5.393752153478578,51.19047619047619,51.19047619047619,15.197500228881836
2022-06-03,14.875,15.015000343322754,-8.743114053892306,46.82539682539682,46.82539682539682,14.875
2022-06-06,14.732500076293945,14.922499656677246,-13.204186627244102,40.87301587301587,40.87301587301587,14.732500076293945
2022-06-07,14.925000190734863,14.802499771118164,-4.455009513327514,52.38095238095239,52.38095238095239,14.925000190734863
2022-06-08,14.899999618530273,14.917499542236328,-0.2691401520809767,55.158730158730165,55.158730158730165,14.899999618530273
2022-06-09,14.817500114440918,14.850000381469727,-1.0862298943193227,54.36507936507936,54.36507936507936,14.817500114440918
2022-06-10,15.242500305175781,14.577500343322754,14.129090482257164,66.07142857142857,66.07142857142857,15.242500305175781
2022-06-13,14.395000457763672,14.619999885559082,-6.539663521681244,49.2063492063492,49.2063492063492,14.395000457763672
2022-06-14,14.162500381469727,14.34000015258789,-22.78908584888949,28.373015873015873,28.373015873015873,14.162500381469727
2022-06-15,14.550000190734863,14.482500076293945,-20.24366626096912,31.746031746031743,31.746031746031743,14.550000190734863
2022-06-16,14.890000343322754,14.5,-5.864513177896864,50.79365079365079,50.79365079365079,14.890000343322754
2022-06-17,14.637499809265137,14.78499984741211,-7.565113435843837,47.61904761904761,47.61904761904761,14.637499809265137
2022-06-21,14.520000457763672,14.595000267028809,-12.697447279819144,41.66666666666667,41.66666666666667,14.520000457763672
2022-06-22,14.637499809265137,14.6875,-10.927441074310599,44.24603174603175,44.24603174603175,14.637499809265137
2022-06-23,14.4399995803833,14.645000457763672,-17.113845253307503,36.30952380952381,36.30952380952381,14.4399995803833
2022-06-24,14.417499542236328,14.4375,-20.954645590121274,30.952380952380953,30.952380952380953,14.417499542236328
2022-06-27,14.3774995803833,14.507499694824219,-24.16688365861105,27.380952380952383,27.380952380952383,14.3774995803833
2022-06-28,14.34000015258789,14.412500381469727,-26.829276816930804,22.817460317460316,22.817460317460316,14.34000015258789
2022-06-29,14.3149995803833,14.5,-28.868358480982803,19.841269841269842,19.841269841269842,14.3149995803833
2022-06-30,14.125,14.3100004196167,-34.69063654587231,11.11111111111111,11.11111111111111,14.125
2022-07-01,14.112500190734863,13.890000343322754,-34.89919571517637,11.11111111111111,11.11111111111111,14.112500190734863
2022-07-05,13.489999771118164,13.914999961853027,-39.65273942549324,4.761904761904762,4.761904761904762,13.489999771118164
2022-07-06,13.045000076293945,13.417499542236328,-41.84731573003528,1.7857142857142856,1.7857142857142856,13.045000076293945
2022-07-07,13.069999694824219,13.100000381469727,-42.69618495460983,1.1904761904761905,1.1904761904761905,13.069999694824219
2022-07-08,13.074999809265137,13.087499618530273,-43.02938947476551,1.1904761904761905,1.1904761904761905,13.074999809265137
2022-07-11,12.927499771118164,13.012499809265137,-44.55333247568545,0.0,0.0,12.927499771118164
2022-07-12,12.832500457763672,12.890000343322754,-45.30907998707515,0.0,0.0,12.832500457763672
2022-07-13,12.952500343322754,12.717499732971191,-43.12090417810438,1.3888888888888888,1.3888888888888888,12.952500343322754
2022-07-14,12.585000038146973,12.529999732971191,-43.207413422609,1.1904761904761905,1.1904761904761905,12.585000038146973
2022-07-15,12.529999732971191,12.547499656677246,-43.7136620815728,0.7936507936507936,0.7936507936507936,12.529999732971191
2022-07-18,12.545000076293945,12.694999694824219,-43.78783677342865,0.7936507936507936,0.7936507936507936,12.545000076293945
2022-07-19,12.59749984741211,12.592499732971191,-42.924090000201204,2.579365079365079,2.579365079365079,12.59749984741211
2022-07-20,12.357500076293945,12.625,-44.563633537429645,0.1984126984126984,0.1984126984126984,12.357500076293945
2022-07-21,12.727499961853027,12.40999984741211,-40.693457002387824,5.357142857142857,5.357142857142857,12.727499961853027
2022-07-22,12.774999618530273,12.762499809265137,-37.84330431952069,10.714285714285714,10.714285714285714,12.774999618530273
2022-07-25,12.72249984741211,12.772500038146973,-36.55211130618601,12.103174603174603,12.103174603174603,12.72249984741211
2022-07-26,12.682499885559082,12.699999809265137,-36.48075812150863,12.3015873015873,12.3015873015873,12.682499885559082
2022-07-27,13.005000114440918,12.682499885559082,-29.33577292510127,22.22222222222222,22.22222222222222,13.005000114440918
2022-07-28,13.257499694824219,13.210000038146973,-17.102898564263082,41.07142857142857,41.07142857142857,13.257499694824219
2022-07-29,13.357500076293945,13.307499885559082,-6.756027503738044,54.36507936507936,54.36507936507936,13.357500076293945
2022-08-01,13.484999656677246,13.482500076293945,3.386798134721987,62.89682539682539,62.89682539682539,13.484999656677246
2022-08-02,13.329999923706055,13.592499732971191,6.679564546689853,65.07936507936508,65.07936507936508,13.329999923706055
2022-08-03,13.40250015258789,13.442500114440918,13.09850575533229,70.63492063492063,70.63492063492063,13.40250015258789
2022-08-04,13.829999923706055,13.5649995803833,25.957786397219802,81.74603174603175,81.74603174603175,13.829999923706055
2022-08-05,13.515000343322754,13.457500457763672,23.76044923491623,79.56349206349206,79.56349206349206,13.515000343322754
2022-08-08,13.744999885559082,13.6274995803833,28.92279735143653,85.71428571428571,85.71428571428571,13.744999885559082
2022-08-09,13.817500114440918,13.8774995803833,31.925300963315888,89.28571428571429,89.28571428571429,13.817500114440918
2022-08-10,13.7524995803833,13.859999656677246,31.386096594942853,89.28571428571429,89.28571428571429,13.7524995803833
2022-08-11,13.6875,13.807499885559082,29.54451766124404,86.5079365079365,86.5079365079365,13.6875
2022-08-12,13.930000305175781,13.8125,34.07849761053065,92.06349206349206,92.06349206349206,13.930000305175781
2022-08-15,13.582500457763672,13.617500305175781,26.825616979265387,82.73809523809523,82.73809523809523,13.582500457763672
2022-08-16,13.515000343322754,13.505000114440918,20.879510919094603,76.78571428571429,76.78571428571429,13.515000343322754
2022-08-17,13.34000015258789,13.477499961853027,11.83207057115467,68.45238095238095,68.45238095238095,13.34000015258789
2022-08-18,13.2524995803833,13.364999771118164,3.770228961709633,62.301587301587304,62.301587301587304,13.2524995803833
2022-08-19,13.0625,13.212499618530273,-8.454487548078259,52.182539682539684,52.182539682539684,13.0625
2022-08-22,12.8774995803833,12.887499809265137,-19.89834852138753,36.904761904761905,36.904761904761905,12.8774995803833
2022-08-23,13.067500114440918,12.930000305175781,-19.759248620383087,37.5,37.5,13.067500114440918
2022-08-24,13.145000457763672,13.005000114440918,-16.47612769603016,43.05555555555556,43.05555555555556,13.145000457763672
2022-08-25,13.210000038146973,13.244999885559082,-15.0436143309063,43.84920634920635,43.84920634920635,13.210000038146973
2022-08-26,12.892499923706055,13.112500190734863,-25.69252682539761,28.57142857142857,28.57142857142857,12.892499923706055
2022-08-29,12.90999984741211,12.904999732971191,-30.347819889971838,20.833333333333336,20.833333333333336,12.90999984741211
2022-08-30,12.692500114440918,12.805000305175781,-35.41634215944973,13.88888888888889,13.88888888888889,12.692500114440918
2022-08-31,12.4975004196167,12.52750015258789,-39.223489653353255,8.333333333333332,8.333333333333332,12.4975004196167
2022-09-01,12.260000228881836,12.305000305175781,-40.822822981321025,5.357142857142857,5.357142857142857,12.260000228881836
2022-09-02,12.477499961853027,12.487500190734863,-37.67807066860738,11.507936507936508,11.507936507936508,12.477499961853027
2022-09-06,12.34000015258789,12.462499618530273,-38.19849208721506,10.515873015873016,10.515873015873016,12.34000015258789
2022-09-07,12.59000015258789,12.300000190734863,-32.412403267938735,19.246031746031747,19.246031746031747,12.59000015258789
2022-09-08,12.442500114440918,12.522500038146973,-32.75589199062922,18.650793650793652,18.650793650793652,12.442500114440918
2022-09-09,12.577500343322754,12.552499771118164,-28.997877656825054,24.206349206349206,24.206349206349206,12.577500343322754
2022-09-12,12.697500228881836,12.765000343322754,-23.095932788541873,32.93650793650794,32.93650793650794,12.697500228881836
2022-09-13,12.364999771118164,12.337499618530273,-28.18112999894643,26.58730158730159,26.58730158730159,12.364999771118164
2022-09-14,12.2524995803833,12.375,-33.1022886686067,18.253968253968253,18.253968253968253,12.2524995803833
2022-09-15,11.789999961853027,12.069999694824219,-37.95617411614335,10.912698412698413,10.912698412698413,11.789999961853027
2022-09-16,11.917499542236328,11.732500076293945,-37.559238491943,12.103174603174603,12.103174603174603,11.917499542236328
2022-09-19,11.9375,11.767499923706055,-36.40179746565197,13.690476190476192,13.690476190476192,11.9375
2022-09-20,11.795000076293945,11.789999961853027,-38.59128792122388,10.119047619047619,10.119047619047619,11.795000076293945
2022-09-21,11.907500267028809,11.930000305175781,-36.24174856674543,14.087301587301587,14.087301587301587,11.907500267028809
2022-09-22,11.895000457763672,11.979999542236328,-35.155892865088745,15.873015873015872,15.873015873015872,11.895000457763672
2022-09-23,11.475000381469727,11.609999656677246,-39.3001894548027,8.134920634920634,8.134920634920634,11.475000381469727
2022-09-26,11.21500015258789,11.5024995803833,-41.70675359716435,3.968253968253968,3.968253968253968,11.21500015258789
2022-09-27,11.25,11.357500076293945,-42.312180963055454,3.571428571428571,3.571428571428571,11.25
2022-09-28,11.734999656677246,11.510000228881836,-32.21394849307257,21.23015873015873,21.23015873015873,11.734999656677246
2022-09-29,11.739999771118164,11.645000457763672,-26.478981109180914,29.96031746031746,29.96031746031746,11.739999771118164
2022-09-30,11.732500076293945,11.77750015258789,-23.558144087928532,33.730158730158735,33.730158730158735,11.732500076293945
2022-10-03,12.305000305175781,11.842499732971191,-4.9309446651856925,57.53968253968254,57.53968253968254,12.305000305175781
2022-10-04,12.647500038146973,12.420000076293945,13.554191995635057,70.43650793650794,70.43650793650794,12.647500038146973
2022-10-05,12.52750015258789,12.4350004196167,19.997866497269417,75.39682539682539,75.39682539682539,12.52750015258789
2022-10-06,12.479999542236328,12.447500228881836,22.09146609467743,77.77777777777779,77.77777777777779,12.479999542236328
2022-10-07,12.202500343322754,12.295000076293945,15.492814140634026,71.62698412698413,71.62698412698413,12.202500343322754
2022-10-10,11.805000305175781,11.895000457763672,1.081867327700934,60.11904761904761,60.11904761904761,11.805000305175781
2022-10-11,11.767499923706055,11.819999694824219,-6.585919224013762,53.96825396825397,53.96825396825397,11.767499923706055
2022-10-12,11.899999618530273,11.792499542236328,-6.263529409870328,54.96031746031746,54.96031746031746,11.899999618530273
2022-10-13,11.727499961853027,11.507499694824219,-11.102782533494814,48.61111111111111,48.61111111111111,11.727499961853027
2022-10-14,11.4350004196167,11.59749984741211,-21.203452524663525,35.714285714285715,35.714285714285715,11.4350004196167
2022-10-17,11.492500305175781,11.725000381469727,-24.929716531624393,31.944444444444443,31.944444444444443,11.492500305175781
2022-10-18,11.547499656677246,11.59749984741211,-24.925491234311796,32.142857142857146,32.142857142857146,11.547499656677246
2022-10-19,11.227499961853027,11.282500267028809,-32.20725734707883,21.23015873015873,21.23015873015873,11.227499961853027
2022-10-20,11.1875,11.257499694824219,-36.42059845502163,13.88888888888889,13.88888888888889,11.1875
2022-10-21,11.587499618530273,11.260000228881836,-27.48152720923845,28.76984126984127,28.76984126984127,11.587499618530273
2022-10-24,11.507499694824219,11.482500076293945,-24.67407783771201,33.13492063492063,33.13492063492063,11.507499694824219
2022-10-25,11.5649995803833,11.557499885559082,-21.47394738717027,36.904761904761905,36.904761904761905,11.5649995803833
2022-10-26,11.717499732971191,11.682499885559082,-14.395306419717132,45.43650793650794,45.43650793650794,11.717499732971191
2022-10-27,11.677499771118164,11.662500381469727,-11.989351139248267,48.80952380952381,48.80952380952381,11.677499771118164
2022-10-28,11.422499656677246,11.395000457763672,-18.690174511324543,40.27777777777778,40.27777777777778,11.422499656677246
2022-10-31,11.244999885559082,11.27750015258789,-27.28169825310153,28.968253968253972,28.968253968253972,11.244999885559082
2022-11-01,11.47249984741211,11.524999618530273,-23.713365461002134,34.12698412698413,34.12698412698413,11.47249984741211
2022-11-02,11.302499771118164,11.569999694824219,-26.510510206550165,29.761904761904763,29.761904761904763,11.302499771118164
2022-11-03,11.212499618530273,11.03499984741211,-28.774574228124795,26.190476190476193,26.190476190476193,11.212499618530273
2022-11-04,11.920000076293945,11.680000305175781,-6.25555904732763,55.952380952380956,55.952380952380956,11.920000076293945
2022-11-07,11.822500228881836,11.880000114440918,8.097110774016555,64.28571428571429,64.28571428571429,11.822500228881836
2022-11-08,12.369999885559082,11.850000381469727,23.134702929662094,78.17460317460318,78.17460317460318,12.369999885559082
2022-11-09,12.244999885559082,12.342499732971191,26.771631408290887,82.53968253968253,82.53968253968253,12.244999885559082
2022-11-10,12.982500076293945,12.760000228881836,34.54864163436866,92.65873015873017,92.65873015873017,12.982500076293945
2022-11-11,13.157500267028809,13.0649995803833,38.81003477964033,96.42857142857143,96.42857142857143,13.157500267028809
2022-11-14,13.232500076293945,13.114999771118164,40.99351889917496,98.80952380952381,98.80952380952381,13.232500076293945
2022-11-15,13.329999923706055,13.292499542236328,41.47263179505028,99.60317460317461,99.60317460317461,13.329999923706055
2022-11-16,13.270000457763672,13.3149995803833,40.92272578039153,98.4126984126984,98.4126984126984,13.270000457763672
2022-11-17,13.057499885559082,13.042499542236328,37.81520666254299,94.24603174603175,94.24603174603175,13.057499885559082
2022-11-18,12.862500190734863,12.97249984741211,33.67013108921843,90.07936507936508,90.07936507936508,12.862500190734863
2022-11-21,12.729999542236328,12.8125,29.173581802801003,84.52380952380952,84.52380952380952,12.729999542236328
2022-11-22,12.739999771118164,12.797499656677246,26.843339633816033,81.15079365079364,81.15079365079364,12.739999771118164
2022-11-23,12.890000343322754,12.677499771118164,27.921469403739984,82.53968253968253,82.53968253968253,12.890000343322754
2022-11-25,12.920000076293945,12.852499961853027,28.931542660375126,83.92857142857143,83.92857142857143,12.920000076293945
2022-11-28,12.707500457763672,12.869999885559082,25.31121351612801,78.57142857142857,78.57142857142857,12.707500457763672
2022-11-29,12.837499618530273,12.835000038146973,25.676812505496965,78.76984126984127,78.76984126984127,12.837499618530273
2022-11-30,13.157500267028809,12.984999656677246,30.664706598926507,86.5079365079365,86.5079365079365,13.157500267028809
2022-12-01,13.647500038146973,13.569999694824219,36.92121277045206,93.25396825396825,93.25396825396825,13.647500038146973
2022-12-02,13.547499656677246,13.362500190734863,38.71259954054723,95.63492063492063,95.63492063492063,13.547499656677246
2022-12-05,13.082500457763672,13.425000190734863,31.324402164266523,87.3015873015873,87.3015873015873,13.082500457763672
2022-12-06,13.137499809265137,13.1899995803833,27.765237623050144,81.15079365079364,81.15079365079364,13.137499809265137
2022-12-07,13.3774995803833,13.232500076293945,30.350718455553288,85.31746031746032,85.31746031746032,13.3774995803833
2022-12-08,13.392499923706055,13.414999961853027,31.117717641780136,86.90476190476191,86.90476190476191,13.392499923706055
2022-12-09,13.487500190734863,13.517499923706055,32.28068015187045,87.89682539682539,87.89682539682539,13.487500190734863
2022-12-12,13.260000228881836,13.380000114440918,25.330108760209107,76.78571428571429,76.78571428571429,13.260000228881836
2022-12-13,13.710000038146973,13.832500457763672,29.161317288625867,82.93650793650794,82.93650793650794,13.710000038146973
2022-12-14,13.647500038146973,13.6875,29.792133886406685,83.92857142857143,83.92857142857143,13.647500038146973
2022-12-15,13.180000305175781,13.242500305175781,16.399885287328082,67.65873015873017,67.65873015873017,13.180000305175781
2022-12-16,13.397500038146973,13.282500267028809,15.269802353292313,66.26984126984127,66.26984126984127,13.397500038146973
2022-12-19,13.319999694824219,13.395000457763672,12.341505946391418,62.698412698412696,62.698412698412696,13.319999694824219
2022-12-20,13.787500381469727,13.614999771118164,23.275861550999913,73.4126984126984,73.4126984126984,13.787500381469727
2022-12-21,13.737500190734863,13.767499923706055,27.476317896001284,79.16666666666666,79.16666666666666,13.737500190734863
2022-12-22,13.375,13.550000190734863,19.085819061422015,69.64285714285714,69.64285714285714,13.375
2022-12-23,13.449999809265137,13.399999618530273,16.15425649201808,66.66666666666666,66.66666666666666,13.449999809265137
2022-12-27,13.699999809265137,13.552499771118164,20.904454570625386,71.23015873015873,71.23015873015873,13.699999809265137
2022-12-28,13.557499885559082,13.574999809265137,18.86859396285629,69.24603174603175,69.24603174603175,13.557499885559082
2022-12-29,13.694999694824219,13.649999618530273,21.743285513226766,71.62698412698413,71.62698412698413,13.694999694824219
2022-12-30,13.817500114440918,13.762499809265137,25.276462482796713,75.59523809523809,75.59523809523809,13.817500114440918
2023-01-03,14.03499984741211,14.09000015258789,29.161426468626807,82.73809523809523,82.73809523809523,14.03499984741211
2023-01-04,14.3100004196167,14.342499732971191,34.2804722286179,90.87301587301587,90.87301587301587,14.3100004196167
2023-01-05,13.947500228881836,14.0,27.67843964730181,79.76190476190477,79.76190476190477,13.947500228881836
2023-01-06,14.470000267028809,14.145000457763672,33.70597534346225,89.88095238095238,89.88095238095238,14.470000267028809
2023-01-09,14.524999618530273,14.602499961853027,35.550320135290086,92.46031746031747,92.46031746031747,14.524999618530273
2023-01-10,14.635000228881836,14.619999885559082,38.30341218997688,94.44444444444444,94.44444444444444,14.635000228881836
2023-01-11,14.59749984741211,14.640000343322754,38.992124975105895,96.03174603174604,96.03174603174604,14.59749984741211
2023-01-12,14.925000190734863,14.84000015258789,41.13619090407011,98.80952380952381,98.80952380952381,14.925000190734863
2023-01-13,15.274999618530273,14.989999771118164,42.44373094340639,100.0,100.0,15.274999618530273
2023-01-17,15.092499732971191,15.1899995803833,40.59333883451395,97.42063492063492,97.42063492063492,15.092499732971191
2023-01-18,14.984999656677246,15.302499771118164,37.36897721185425,92.65873015873017,92.65873015873017,14.984999656677246
2023-01-19,15.460000038146973,15.210000038146973,40.33962124561246,96.62698412698413,96.62698412698413,15.460000038146973
2023-01-20,15.357500076293945,15.324999809265137,40.269922433708714,96.23015873015873,96.23015873015873,15.357500076293945
2023-01-23,15.412500381469727,15.210000038146973,41.04063731185764,98.21428571428571,98.21428571428571,15.412500381469727
2023-01-24,15.532500267028809,15.407500267028809,42.31848266957945,99.8015873015873,99.8015873015873,15.532500267028809
2023-01-25,15.675000190734863,15.359999656677246,43.14482596706356,100.0,100.0,15.675000190734863
2023-01-26,15.392499923706055,15.5024995803833,38.90189140337312,94.04761904761905,94.04761904761905,15.392499923706055
2023-01-27,15.327500343322754,15.350000381469727,35.439613568140196,89.88095238095238,89.88095238095238,15.327500343322754
2023-01-30,15.2475004196167,15.337499618530273,31.76892189489927,84.52380952380952,84.52380952380952,15.2475004196167
2023-01-31,15.352499961853027,15.255000114440918,31.390279948787875,84.32539682539682,84.32539682539682,15.352499961853027
2023-02-01,15.7475004196167,15.422499656677246,36.34092236743906,90.07936507936508,90.07936507936508,15.7475004196167
2023-02-02,15.09000015258789,15.630000114440918,25.578438920560753,73.01587301587301,73.01587301587301,15.09000015258789
2023-02-03,14.3100004196167,14.5649995803833,3.5257609698106873,52.976190476190474,52.976190476190474,14.3100004196167
2023-02-06,14.362500190734863,14.414999961853027,-9.761976637511632,43.25396825396825,43.25396825396825,14.362500190734863
2023-02-07,14.395000457763672,14.352499961853027,-18.455480290385736,33.53174603174603,33.53174603174603,14.395000457763672
2023-02-08,14.47249984741211,14.5600004196167,-20.801182960574003,30.952380952380953,30.952380952380953,14.47249984741211
2023-02-09,14.237500190734863,14.635000228881836,-26.798826483181188,23.61111111111111,23.61111111111111,14.237500190734863
2023-02-10,14.272500038146973,14.3125,-28.624944052460314,22.023809523809522,22.023809523809522,14.272500038146973
2023-02-13,14.1225004196167,14.172499656677246,-31.503524711608762,18.253968253968253,18.253968253968253,14.1225004196167
2023-02-14,14.135000228881836,14.032500267028809,-31.39607906530101,18.650793650793652,18.650793650793652,14.135000228881836
2023-02-15,13.8774995803833,13.822500228881836,-34.14207327810589,15.476190476190476,15.476190476190476,13.8774995803833
2023-02-16,13.837499618530273,13.757499694824219,-35.86518782751606,13.095238095238097,13.095238095238097,13.837499618530273
2023-02-17,13.927499771118164,13.675000190734863,-34.02436963386031,15.873015873015872,15.873015873015872,13.927499771118164
2023-02-21,13.807499885559082,13.912500381469727,-35.132625418309736,13.690476190476192,13.690476190476192,13.807499885559082
2023-02-22,13.657500267028809,13.84749984741211,-38.07156637564718,9.722222222222223,9.722222222222223,13.657500267028809
2023-02-23,13.625,13.675000190734863,-39.29328795011667,7.5396825396825395,7.5396825396825395,13.625
2023-02-24,13.422499656677246,13.430000305175781,-41.10941341241161,4.365079365079365,4.365079365079365,13.422499656677246
2023-02-27,13.517499923706055,13.512499809265137,-40.58478537672443,5.753968253968254,5.753968253968254,13.517499923706055
2023-02-28,13.662500381469727,13.5,-37.07112973155558,11.706349206349206,11.706349206349206,13.662500381469727
2023-03-01,13.824999809265137,13.829999923706055,-30.64982609315436,19.841269841269842,19.841269841269842,13.824999809265137
2023-03-02,13.792499542236328,13.755000114440918,-27.770382128793518,23.61111111111111,23.61111111111111,13.792499542236328
2023-03-03,14.079999923706055,13.907500267028809,-18.63258652152352,33.730158730158735,33.730158730158735,14.079999923706055
2023-03-06,13.942500114440918,14.039999961853027,-11.626090477119194,41.46825396825397,41.46825396825397,13.942500114440918
2023-03-07,13.442500114440918,13.732500076293945,-23.941866368577923,27.579365079365083,27.579365079365083,13.442500114440918
2023-03-08,13.427499771118164,13.420000076293945,-30.59776590111425,19.444444444444446,19.444444444444446,13.427499771118164
2023-03-09,13.682499885559082,13.602499961853027,-25.05008678853567,25.793650793650798,25.793650793650798,13.682499885559082
2023-03-10,14.260000228881836,13.96500015258789,-4.485039827360636,48.80952380952381,48.80952380952381,14.260000228881836
2023-03-13,14.9350004196167,14.732500076293945,17.97034170313442,64.48412698412699,64.48412698412699,14.9350004196167
2023-03-14,14.755000114440918,14.842499732971191,25.458413750802162,72.81746031746032,72.81746031746032,14.755000114440918
2023-03-15,14.982500076293945,15.085000038146973,29.103664355367165,78.76984126984127,78.76984126984127,14.982500076293945
2023-03-16,15.037500381469727,15.202500343322754,31.80656369447571,84.32539682539682,84.32539682539682,15.037500381469727
2023-03-17,15.922499656677246,15.475000381469727,36.68003461480653,90.47619047619048,90.47619047619048,15.922499656677246
2023-03-20,15.930000305175781,15.992500305175781,39.236173498321016,94.84126984126983,94.84126984126983,15.930000305175781
2023-03-21,15.317500114440918,15.725000381469727,32.898846287627364,85.31746031746032,85.31746031746032,15.317500114440918
2023-03-22,15.837499618530273,15.322500228881836,35.096119037865506,88.4920634920635,88.4920634920635,15.837499618530273
2023-03-23,16.217500686645508,15.90999984741211,38.42394830554544,92.46031746031747,92.46031746031747,16.217500686645508
2023-03-24,15.887499809265137,16.207500457763672,36.25468041773145,89.28571428571429,89.28571428571429,15.887499809265137
2023-03-27,15.552499771118164,15.422499656677246,30.546595768393225,80.15873015873017,80.15873015873017,15.552499771118164
2023-03-28,15.817500114440918,15.619999885559082,30.65703012187847,80.55555555555556,80.55555555555556,15.817500114440918
2023-03-29,15.642499923706055,15.649999618530273,28.08335445248884,75.59523809523809,75.59523809523809,15.642499923706055
2023-03-30,15.912500381469727,15.672499656677246,30.207308021591338,79.36507936507937,79.36507936507937,15.912500381469727
2023-03-31,15.755000114440918,15.904999732971191,28.761931938981565,75.9920634920635,75.9920634920635,15.755000114440918
2023-04-03,15.984999656677246,15.864999771118164,31.069242439126327,81.74603174603175,81.74603174603175,15.984999656677246
2023-04-04,16.5625,16.012500762939453,36.045505370258034,89.0873015873016,89.0873015873016,16.5625
2023-04-05,16.537500381469727,16.635000228881836,37.75521960501179,91.26984126984127,91.26984126984127,16.537500381469727
2023-04-06,16.280000686645508,16.3700008392334,35.32216257393767,88.09523809523809,88.09523809523809,16.280000686645508
2023-04-10,16.042499542236328,16.05500030517578,29.35555669300876,76.78571428571429,76.78571428571429,16.042499542236328
2023-04-11,16.24250030517578,16.174999237060547,27.861332370589974,73.4126984126984,73.4126984126984,16.24250030517578
2023-04-12,16.389999389648438,16.467500686645508,29.697591245112577,77.38095238095238,77.38095238095238,16.389999389648438
2023-04-13,16.809999465942383,16.84000015258789,33.72623458145446,85.31746031746032,85.31746031746032,16.809999465942383
2023-04-14,16.227500915527344,16.542499542236328,24.831849697427536,66.66666666666666,66.66666666666666,16.227500915527344
2023-04-17,16.065000534057617,16.135000228881836,14.92785850396768,57.936507936507944,57.936507936507944,16.065000534057617
2023-04-18,16.19499969482422,16.017499923706055,12.305056001745038,55.158730158730165,55.158730158730165,16.19499969482422
2023-04-19,16.037500381469727,15.854999542236328,7.587506381362961,52.182539682539684,52.182539682539684,16.037500381469727
2023-04-20,16.162500381469727,16.162500381469727,7.228011280590301,52.182539682539684,52.182539682539684,16.162500381469727
2023-04-21,15.824999809265137,15.960000038146973,-0.7852303019326039,46.82539682539682,46.82539682539682,15.824999809265137
2023-04-24,15.90999984741211,15.797499656677246,-3.2393781087617026,46.230158730158735,46.230158730158735,15.90999984741211
2023-04-25,16.079999923706055,15.932499885559082,-1.0556356448114685,46.82539682539682,46.82539682539682,16.079999923706055
2023-04-26,15.907500267028809,16.239999771118164,-6.408638891315557,43.452380952380956,43.452380952380956,15.907500267028809
2023-04-27,15.897500038146973,15.7475004196167,-9.780435599993263,39.48412698412698,39.48412698412698,15.897500038146973
2023-04-28,15.914999961853027,15.895000457763672,-11.586451828657946,38.492063492063494,38.492063492063494,15.914999961853027
2023-05-01,15.760000228881836,16.125,-16.62704796978914,34.12698412698413,34.12698412698413,15.760000228881836
2023-05-02,16.375,15.880000114440918,-3.3290132411245974,47.023809523809526,47.023809523809526,16.375
2023-05-03,16.657499313354492,16.377500534057617,11.400495963737692,56.34920634920635,56.34920634920635,16.657499313354492
2023-05-04,16.86750030517578,16.600000381469727,22.821384968838395,66.66666666666666,66.66666666666666,16.86750030517578
2023-05-05,16.350000381469727,16.19499969482422,14.553371874351784,59.92063492063492,59.92063492063492,16.350000381469727
2023-05-08,16.38249969482422,16.40999984741211,11.100860834176004,55.952380952380956,55.952380952380956,16.38249969482422
2023-05-09,16.604999542236328,16.454999923706055,14.791044120973377,60.71428571428571,60.71428571428571,16.604999542236328
2023-05-10,16.542499542236328,16.59749984741211,14.788119765923824,60.71428571428571,60.71428571428571,16.542499542236328
2023-05-11,16.262500762939453,16.477500915527344,7.135891152301922,53.769841269841265,53.769841269841265,16.262500762939453
2023-05-12,16.204999923706055,16.309999465942383,1.4959622576501754,49.801587301587304,49.801587301587304,16.204999923706055
2023-05-15,16.262500762939453,16.282499313354492,-0.009990193565339651,49.007936507936506,49.007936507936506,16.262500762939453
2023-05-16,15.84749984741211,16.145000457763672,-11.086985315381922,39.08730158730159,39.08730158730159,15.84749984741211
2023-05-17,15.725000381469727,15.739999771118164,-19.74156611134642,31.547619047619047,31.547619047619047,15.725000381469727
2023-05-18,15.3149995803833,15.342499732971191,-28.533423657220197,21.23015873015873,21.23015873015873,15.3149995803833
2023-05-19,15.585000038146973,15.369999885559082,-26.80865611028591,23.015873015873016,23.015873015873016,15.585000038146973
2023-05-22,15.520000457763672,15.53499984741211,-27.51406313664944,22.42063492063492,22.42063492063492,15.520000457763672
2023-05-23,15.572500228881836,15.442500114440918,-26.198840089633396,24.6031746031746,24.6031746031746,15.572500228881836
2023-05-24,15.322500228881836,15.592499732971191,-30.888283879257067,17.857142857142858,17.857142857142858,15.322500228881836
2023-05-25,15.010000228881836,15.172499656677246,-36.082282468601996,11.507936507936508,11.507936507936508,15.010000228881836
2023-05-26,15.112500190734863,15.135000228881836,-36.68809140097383,10.317460317460316,10.317460317460316,15.112500190734863
2023-05-30,15.3125,15.242500305175781,-32.771020017318335,16.071428571428573,16.071428571428573,15.3125
2023-05-31,15.357500076293945,15.364999771118164,-29.31330708187091,20.833333333333336,20.833333333333336,15.357500076293945
2023-06-01,15.577500343322754,15.425000190734863,-21.914302410283877,29.96031746031746,29.96031746031746,15.577500343322754
2023-06-02,15.112500190734863,15.537500381469727,-28.26065276118761,22.817460317460316,22.817460317460316,15.112500190734863
2023-06-05,15.305000305175781,15.0649995803833,-25.665778577022568,26.190476190476193,26.190476190476193,15.305000305175781
2023-06-06,15.327500343322754,15.335000038146973,-23.810303630227125,28.373015873015873,28.373015873015873,15.327500343322754
2023-06-07,14.970000267028809,15.265000343322754,-31.057323992109037,18.452380952380953,18.452380952380953,14.970000267028809
2023-06-08,15.337499618530273,15.260000228881836,-25.248205759173004,26.785714285714285,26.785714285714285,15.337499618530273
2023-06-09,15.257499694824219,15.3100004196167,-23.257486692819647,29.365079365079367,29.365079365079367,15.257499694824219
2023-06-12,15.225000381469727,15.220000267028809,-22.68900636106838,30.357142857142854,30.357142857142854,15.225000381469727
2023-06-13,14.987500190734863,15.260000228881836,-28.57054279540562,22.42063492063492,22.42063492063492,14.987500190734863
2023-06-14,15.020000457763672,15.1850004196167,-30.387932600725165,19.841269841269842,19.841269841269842,15.020000457763672
2023-06-15,15.207500457763672,14.9350004196167,-21.830168288625202,32.34126984126984,32.34126984126984,15.207500457763672
2023-06-16,15.167499542236328,15.212499618530273,-18.576853860951985,36.507936507936506,36.507936507936506,15.167499542236328
2023-06-20,14.864999771118164,14.895000457763672,-25.34406920337599,26.984126984126984,26.984126984126984,14.864999771118164
2023-06-21,14.8149995803833,14.7475004196167,-26.879128558597355,24.6031746031746,24.6031746031746,14.8149995803833
2023-06-22,14.494999885559082,14.602499961853027,-34.69836716371341,13.88888888888889,13.88888888888889,14.494999885559082
2023-06-23,14.579999923706055,14.805000305175781,-35.90443243426346,12.103174603174603,12.103174603174603,14.579999923706055
2023-06-26,14.632499694824219,14.71500015258789,-34.66467752326381,14.087301587301587,14.087301587301587,14.632499694824219
2023-06-27,14.494999885559082,14.71500015258789,-36.992559082237875,9.523809523809524,9.523809523809524,14.494999885559082
2023-06-28,14.425000190734863,14.40250015258789,-38.083853969561346,7.738095238095238,7.738095238095238,14.425000190734863
2023-06-29,14.387499809265137,14.170000076293945,-37.354690363420914,8.928571428571429,8.928571428571429,14.387499809265137
2023-06-30,14.5600004196167,14.462499618530273,-31.199801492964273,18.055555555555554,18.055555555555554,14.5600004196167
2023-07-03,14.604999542236328,14.617500305175781,-26.076969050034073,26.38888888888889,26.38888888888889,14.604999542236328
2023-07-05,14.5024995803833,14.755000114440918,-25.875160029407052,26.38888888888889,26.38888888888889,14.5024995803833
2023-07-06,14.395000457763672,14.417499542236328,-28.91242270009766,20.833333333333336,20.833333333333336,14.395000457763672
2023-07-07,14.6225004196167,14.555000305175781,-21.53624818863332,32.34126984126984,32.34126984126984,14.6225004196167
2023-07-10,14.630000114440918,14.550000190734863,-17.261140550216474,37.301587301587304,37.301587301587304,14.630000114440918
2023-07-11,14.725000381469727,14.72249984741211,-11.03874272815811,43.452380952380956,43.452380952380956,14.725000381469727
2023-07-12,15.112500190734863,15.005000114440918,5.296590182859755,57.14285714285714,57.14285714285714,15.112500190734863
2023-07-13,15.132499694824219,15.125,14.378162969164931,64.48412698412699,64.48412698412699,15.132499694824219
2023-07-14,15.050000190734863,15.069999694824219,15.997283026411449,66.66666666666666,66.66666666666666,15.050000190734863
2023-07-17,15.050000190734863,14.954999923706055,16.8486908335055,67.65873015873017,67.65873015873017,15.050000190734863
2023-07-18,15.395000457763672,15.2524995803833,25.805319288316532,76.19047619047619,76.19047619047619,15.395000457763672
2023-07-19,15.397500038146973,15.362500190734863,30.414860555380752,84.52380952380952,84.52380952380952,15.397500038146973
2023-07-20,15.237500190734863,15.40250015258789,26.81216820985296,77.18253968253968,77.18253968253968,15.237500190734863
2023-07-21,15.1274995803833,15.1225004196167,20.74642615277113,69.44444444444444,69.44444444444444,15.1274995803833
2023-07-24,15.017499923706055,15.132499694824219,14.113100701937348,63.095238095238095,63.095238095238095,15.017499923706055
2023-07-25,15.15999984741211,15.052499771118164,14.809022388910195,64.48412698412699,64.48412698412699,15.15999984741211
2023-07-26,15.322500228881836,15.22249984741211,20.853680003845355,69.64285714285714,69.64285714285714,15.322500228881836
2023-07-27,14.84000015258789,15.024999618530273,9.241230724419337,58.333333333333336,58.333333333333336,14.84000015258789
2023-07-28,15.0600004196167,14.982500076293945,8.619350050687702,57.936507936507944,57.936507936507944,15.0600004196167
2023-07-31,15.145000457763672,15.145000457763672,10.1259445436243,58.730158730158735,58.730158730158735,15.145000457763672
2023-08-01,14.822500228881836,14.887499809265137,1.594410741599253,53.37301587301587,53.37301587301587,14.822500228881836
2023-08-02,14.670000076293945,14.827500343322754,-8.482376793511685,45.03968253968254,45.03968253968254,14.670000076293945
2023-08-03,14.632499694824219,14.625,-15.09774746391386,39.285714285714285,39.285714285714285,14.632499694824219
2023-08-04,14.742500305175781,14.739999771118164,-18.004338306771817,36.7063492063492,36.7063492063492,14.742500305175781
2023-08-07,14.670000076293945,14.732500076293945,-22.276010664377957,30.753968253968257,30.753968253968257,14.670000076293945
2023-08-08,14.484999656677246,14.487500190734863,-29.850828351229495,19.841269841269842,19.841269841269842,14.484999656677246
2023-08-09,14.342499732971191,14.484999656677246,-35.77754673316978,11.507936507936508,11.507936507936508,14.342499732971191
2023-08-10,14.300000190734863,14.404999732971191,-39.08712602344586,6.15079365079365,6.15079365079365,14.300000190734863
2023-08-11,14.289999961853027,14.302499771118164,-40.822426519403614,4.166666666666666,4.166666666666666,14.289999961853027
2023-08-14,14.204999923706055,14.167499542236328,-41.63933322257505,3.1746031746031744,3.1746031746031744,14.204999923706055
2023-08-15,14.135000228881836,14.15999984741211,-42.793259549316076,1.984126984126984,1.984126984126984,14.135000228881836
2023-08-16,13.952500343322754,14.135000228881836,-44.3627827356099,0.5952380952380952,0.5952380952380952,13.952500343322754
2023-08-17,13.907500267028809,14.100000381469727,-44.23090513087418,0.7936507936507936,0.7936507936507936,13.907500267028809
2023-08-18,13.904999732971191,13.954999923706055,-44.17768319542045,0.992063492063492,0.992063492063492,13.904999732971191
2023-08-21,13.970000267028809,13.994999885559082,-42.80072849935919,2.579365079365079,2.579365079365079,13.970000267028809
2023-08-22,14.029999732971191,13.979999542236328,-40.5491614826614,5.952380952380952,5.952380952380952,14.029999732971191
2023-08-23,14.3149995803833,14.212499618530273,-28.176775076839427,24.404761904761905,24.404761904761905,14.3149995803833
2023-08-24,14.292499542236328,14.257499694824219,-21.548096335029175,33.730158730158735,33.730158730158735,14.292499542236328
2023-08-25,14.255000114440918,14.25,-19.412499610768055,37.301587301587304,37.301587301587304,14.255000114440918
2023-08-28,14.342499732971191,14.260000228881836,-14.732438611345172,41.66666666666667,41.66666666666667,14.342499732971191
2023-08-29,14.612500190734863,14.3100004196167,-0.7983695835505742,53.57142857142857,53.57142857142857,14.612500190734863
2023-08-30,14.697500228881836,14.729999542236328,12.375728127615332,62.301587301587304,62.301587301587304,14.697500228881836
2023-08-31,14.617500305175781,14.677499771118164,15.62090376975814,65.67460317460318,65.67460317460318,14.617500305175781
2023-09-01,14.630000114440918,14.7475004196167,17.872112277069014,67.85714285714286,67.85714285714286,14.630000114440918
2023-09-05,14.395000457763672,14.5,10.912765580220501,60.71428571428571,60.71428571428571,14.395000457763672
2023-09-06,14.265000343322754,14.329999923706055,1.278565584450537,54.96031746031746,54.96031746031746,14.265000343322754
2023-09-07,14.274999618530273,14.3125,-3.310069985744462,52.976190476190474,52.976190476190474,14.274999618530273
2023-09-08,14.279999732971191,14.319999694824219,-5.510627451402125,50.99206349206349,50.99206349206349,14.279999732971191
2023-09-11,14.327500343322754,14.422499656677246,-3.9001816101697493,52.57936507936508,52.57936507936508,14.327500343322754
2023-09-12,14.182499885559082,14.109999656677246,-10.993202708889738,45.63492063492063,45.63492063492063,14.182499885559082
2023-09-13,14.114999771118164,14.1850004196167,-17.52769593448738,39.08730158730159,39.08730158730159,14.114999771118164
2023-09-14,14.107500076293945,13.9975004196167,-21.272427568566496,34.32539682539682,34.32539682539682,14.107500076293945
2023-09-15,14.305000305175781,14.332500457763672,-12.360601199285961,44.642857142857146,44.642857142857146,14.305000305175781
2023-09-18,14.454999923706055,14.3725004196167,-2.1665160943198387,54.563492063492056,54.563492063492056,14.454999923706055
2023-09-19,14.444999694824219,14.489999771118164,2.806758666660944,56.94444444444444,56.94444444444444,14.444999694824219
2023-09-20,14.460000038146973,14.452500343322754,5.6652085864034785,58.53174603174603,58.53174603174603,14.460000038146973
2023-09-21,14.2475004196167,14.197500228881836,-3.5021513271531743,53.37301587301587,53.37301587301587,14.2475004196167
2023-09-22,14.327500343322754,14.332500457763672,-4.4760798118518474,52.57936507936508,52.57936507936508,14.327500343322754
2023-09-25,14.175000190734863,14.287500381469727,-13.161420496106683,42.65873015873016,42.65873015873016,14.175000190734863
2023-09-26,13.9375,14.029999732971191,-27.316364861005876,25.0,25.0,13.9375
2023-09-27,13.59000015258789,13.77750015258789,-35.3251117448903,13.690476190476192,13.690476190476192,13.59000015258789
2023-09-28,13.4399995803833,13.547499656677246,-38.74297107318231,8.134920634920634,8.134920634920634,13.4399995803833
2023-09-29,13.149999618530273,13.550000190734863,-42.16001787475651,3.571428571428571,3.571428571428571,13.149999618530273
2023-10-02,12.895000457763672,12.970000267028809,-43.76474549742531,1.3888888888888888,1.3888888888888888,12.895000457763672
2023-10-03,12.8149995803833,12.8125,-44.305866874770004,0.7936507936507936,0.7936507936507936,12.8149995803833
2023-10-04,12.800000190734863,12.817500114440918,-44.417589786409515,0.5952380952380952,0.5952380952380952,12.800000190734863
2023-10-05,12.75,12.717499732971191,-44.375824942307915,0.7936507936507936,0.7936507936507936,12.75
2023-10-06,12.862500190734863,12.787500381469727,-42.85935904521378,3.373015873015873,3.373015873015873,12.862500190734863
2023-10-09,13.34000015258789,13.092499732971191,-32.997276715659616,17.261904761904763,17.261904761904763,13.34000015258789
2023-10-10,13.297499656677246,13.232500076293945,-28.26931830409412,24.206349206349206,24.206349206349206,13.297499656677246
2023-10-11,13.494999885559082,13.467499732971191,-18.921756094790194,37.5,37.5,13.494999885559082
2023-10-12,13.40250015258789,13.517499923706055,-16.922611047030838,40.07936507936508,40.07936507936508,13.40250015258789
2023-10-13,14.27750015258789,13.962499618530273,4.660004101403671,57.738095238095234,57.738095238095234,14.27750015258789
2023-10-16,14.125,14.100000381469727,12.075713697126686,62.89682539682539,62.89682539682539,14.125
2023-10-17,14.1850004196167,14.194999694824219,17.409372672068447,68.65079365079364,68.65079365079364,14.1850004196167
2023-10-18,14.587499618530273,14.587499618530273,26.898590744221202,78.37301587301587,78.37301587301587,14.587499618530273
2023-10-19,14.947500228881836,14.607500076293945,34.502880673882956,90.47619047619048,90.47619047619048,14.947500228881836
2023-10-20,15.017499923706055,14.9975004196167,36.82521199187941,92.85714285714286,92.85714285714286,15.017499923706055
2023-10-23,14.90999984741211,14.987500190734863,36.26939324909851,92.06349206349206,92.06349206349206,14.90999984741211
2023-10-24,14.907500267028809,14.755000114440918,35.88143165671923,91.46825396825396,91.46825396825396,14.907500267028809
2023-10-25,15.024999618530273,14.977499961853027,36.96197717774986,93.25396825396825,93.25396825396825,15.024999618530273
2023-10-26,15.072500228881836,14.952500343322754,38.42265488963486,94.44444444444444,94.44444444444444,15.072500228881836
2023-10-27,15.40999984741211,15.02750015258789,41.24206864178758,99.0079365079365,99.0079365079365,15.40999984741211
2023-10-30,15.232500076293945,15.3125,39.83170494860829,96.62698412698413,96.62698412698413,15.232500076293945
2023-10-31,15.0600004196167,15.227499961853027,36.07921180597084,90.87301587301587,90.87301587301587,15.0600004196167
2023-11-01,14.960000038146973,15.032500267028809,31.675594147629592,84.92063492063492,84.92063492063492,14.960000038146973
2023-11-02,15.042499542236328,15.0600004196167,31.037780235408235,83.73015873015873,83.73015873015873,15.042499542236328
2023-11-03,15.15250015258789,15.102499961853027,32.54582516951599,85.9126984126984,85.9126984126984,15.15250015258789
2023-11-06,14.930000305175781,15.052499771118164,26.934851835203677,76.78571428571429,76.78571428571429,14.930000305175781
2023-11-07,14.787500381469727,14.734999656677246,19.89744870993863,68.65079365079364,68.65079365079364,14.787500381469727
2023-11-08,14.4975004196167,14.694999694824219,9.527094102290008,60.317460317460316,60.317460317460316,14.4975004196167
2023-11-09,14.602499961853027,14.505000114440918,5.678642906845007,58.333333333333336,58.333333333333336,14.602499961853027
2023-11-10,14.257499694824219,14.427499771118164,-8.91314479047165,47.61904761904761,47.61904761904761,14.257499694824219
2023-11-13,14.422499656677246,14.229999542236328,-13.024267888198485,43.84920634920635,43.84920634920635,14.422499656677246
2023-11-14,14.664999961853027,14.617500305175781,-10.062172514737215,47.023809523809526,47.023809523809526,14.664999961853027
2023-11-15,14.609999656677246,14.65999984741211,-10.851728911097368,47.023809523809526,47.023809523809526,14.609999656677246
2023-11-16,14.920000076293945,14.787500381469727,-1.5854619184362657,54.761904761904766,54.761904761904766,14.920000076293945
2023-11-17,14.90999984741211,14.954999923706055,2.955522010945435,57.341269841269835,57.341269841269835,14.90999984741211
2023-11-20,14.867500305175781,14.675000190734863,4.05816412677155,58.333333333333336,58.333333333333336,14.867500305175781
2023-11-21,15.175000190734863,15.202500343322754,14.306041376209691,65.67460317460318,65.67460317460318,15.175000190734863
2023-11-22,15.039999961853027,15.119999885559082,14.970050928040598,67.26190476190477,67.26190476190477,15.039999961853027
2023-11-24,15.202500343322754,15.1875,20.101735704252917,71.03174603174604,71.03174603174604,15.202500343322754
2023-11-27,15.390000343322754,15.359999656677246,28.483031404527143,80.95238095238095,80.95238095238095,15.390000343322754
2023-11-28,15.805000305175781,15.582500457763672,35.48185968921084,91.66666666666666,91.66666666666666,15.805000305175781
2023-11-29,15.850000381469727,15.795000076293945,38.42354502451481,95.03968253968253,95.03968253968253,15.850000381469727
2023-11-30,15.699999809265137,15.737500190734863,36.34340502388779,92.85714285714286,92.85714285714286,15.699999809265137
2023-12-01,16.237499237060547,15.702500343322754,39.382437313551414,96.42857142857143,96.42857142857143,16.237499237060547
2023-12-04,15.532500267028809,15.819999694824219,27.032155848950364,77.77777777777779,77.77777777777779,15.532500267028809
2023-12-05,15.414999961853027,15.489999771118164,17.361425304199024,68.25396825396825,68.25396825396825,15.414999961853027
2023-12-06,15.532500267028809,15.609999656677246,14.484460603175553,64.48412698412699,64.48412698412699,15.532500267028809
2023-12-07,15.550000190734863,15.617500305175781,13.571448637241648,63.29365079365079,63.29365079365079,15.550000190734863
2023-12-08,15.145000457763672,15.192500114440918,4.175261931794275,56.74603174603175,56.74603174603175,15.145000457763672
2023-12-11,14.8125,14.949999809265137,-7.095744862338131,47.61904761904761,47.61904761904761,14.8125
2023-12-12,14.789999961853027,14.837499618530273,-13.50501581851977,41.269841269841265,41.269841269841265,14.789999961853027
2023-12-13,15.4399995803833,14.832500457763672,-5.826152228467148,50.0,50.0,15.4399995803833
2023-12-14,15.617500305175781,15.645000457763672,2.722397479145461,55.158730158730165,55.158730158730165,15.617500305175781
2023-12-15,15.337499618530273,15.579999923706055,-1.150156712092207,52.77777777777778,52.77777777777778,15.337499618530273
2023-12-18,15.470000267028809,15.407500267028809,-0.13984344482360728,53.769841269841265,53.769841269841265,15.470000267028809
2023-12-19,15.664999961853027,15.532500267028809,5.575231921770412,57.738095238095234,57.738095238095234,15.664999961853027
2023-12-20,15.507499694824219,15.604999542236328,3.254455819855647,55.55555555555556,55.55555555555556,15.507499694824219
2023-12-21,15.702500343322754,15.672499656677246,7.815991444300249,59.32539682539682,59.32539682539682,15.702500343322754
2023-12-22,15.84000015258789,16.0575008392334,13.62850776992572,63.29365079365079,63.29365079365079,15.84000015258789
2023-12-26,16.079999923706055,15.960000038146973,21.91225980655302,71.42857142857143,71.42857142857143,16.079999923706055
2023-12-27,16.237499237060547,16.092500686645508,29.21402708150148,81.74603174603175,81.74603174603175,16.237499237060547
2023-12-28,16.024999618530273,16.167499542236328,27.727476476468134,78.76984126984127,78.76984126984127,16.024999618530273
2023-12-29,15.967499732971191,15.925000190734863,25.53427497750475,74.60317460317461,74.60317460317461,15.967499732971191
2024-01-02,15.887499809265137,16.002500534057617,21.653706035213744,70.83333333333334,70.83333333333334,15.887499809265137
2024-01-03,15.607500076293945,15.542499542236328,12.19289645014016,61.70634920634921,61.70634920634921,15.607500076293945
2024-01-04,15.637499809265137,15.585000038146973,7.905748928920291,59.12698412698413,59.12698412698413,15.637499809265137
2024-01-05,15.635000228881836,15.6850004196167,5.5893230608089635,57.341269841269835,57.341269841269835,15.635000228881836
2024-01-08,15.380000114440918,15.27750015258789,-1.6485824794049526,51.388888888888886,51.388888888888886,15.380000114440918
2024-01-09,15.395000457763672,15.522500038146973,-4.978671024603656,49.007936507936506,49.007936507936506,15.395000457763672
2024-01-10,15.3125,15.414999961853027,-9.124307508275265,44.84126984126984,44.84126984126984,15.3125
2024-01-11,15.357500076293945,15.395000457763672,-10.083767256523146,44.047619047619044,44.047619047619044,15.357500076293945
2024-01-12,15.637499809265137,15.8100004196167,-3.2949150277613644,51.587301587301596,51.587301587301596,15.637499809265137
2024-01-16,15.34749984741211,15.550000190734863,-12.157041057442425,42.26190476190476,42.26190476190476,15.34749984741211
2024-01-17,15.020000457763672,15.242500305175781,-24.040856506192167,27.976190476190478,27.976190476190478,15.020000457763672
2024-01-18,15.242500305175781,15.074999809265137,-22.47293572362885,30.158730158730158,30.158730158730158,15.242500305175781
2024-01-19,15.34000015258789,15.375,-18.61289688591364,35.714285714285715,35.714285714285715,15.34000015258789
2024-01-22,15.204999923706055,15.207500457763672,-20.67567505047113,33.33333333333333,33.33333333333333,15.204999923706055
2024-01-23,15.322500228881836,15.239999771118164,-17.727737288815412,37.301587301587304,37.301587301587304,15.322500228881836
2024-01-24,15.067500114440918,15.382499694824219,-24.940959920937193,26.984126984126984,26.984126984126984,15.067500114440918
2024-01-25,15.1875,15.202500343322754,-23.61511844869478,28.968253968253972,28.968253968253972,15.1875
2024-01-26,15.142499923706055,15.197500228881836,-24.724209185033864,27.579365079365083,27.579365079365083,15.142499923706055
2024-01-29,15.364999771118164,15.364999771118164,-17.993535578684494,37.5,37.5,15.364999771118164
2024-01-30,15.412500381469727,15.577500343322754,-11.345339313157135,44.84126984126984,44.84126984126984,15.412500381469727
2024-01-31,15.392499923706055,15.532500267028809,-8.654707964836845,47.817460317460316,47.817460317460316,15.392499923706055
2024-02-01,15.6875,15.567500114440918,6.318197641558521,60.912698412698404,60.912698412698404,15.6875
2024-02-02,15.397500038146973,15.305000305175781,1.878364142516797,57.14285714285714,57.14285714285714,15.397500038146973
2024-02-05,15.220000267028809,15.109999656677246,-6.4476559587690625,49.60317460317461,49.60317460317461,15.220000267028809
2024-02-06,15.380000114440918,15.28499984741211,-4.529790974247198,51.78571428571429,51.78571428571429,15.380000114440918
2024-02-07,15.359999656677246,15.369999885559082,-4.2368664924735615,52.38095238095239,52.38095238095239,15.359999656677246
2024-02-08,15.319999694824219,15.255000114440918,-5.357833687071571,50.79365079365079,50.79365079365079,15.319999694824219
2024-02-09,15.1899995803833,15.1899995803833,-11.59197116243221,43.452380952380956,43.452380952380956,15.1899995803833
2024-02-12,15.119999885559082,15.029999732971191,-18.034309217693682,36.7063492063492,36.7063492063492,15.119999885559082
2024-02-13,14.694999694824219,14.832500457763672,-29.60687933195304,20.634920634920633,20.634920634920633,14.694999694824219
2024-02-14,14.672499656677246,14.65999984741211,-34.05631594243317,16.46825396825397,16.46825396825397,14.672499656677246
2024-02-15,14.859999656677246,14.842499732971191,-30.547221599475836,20.03968253968254,20.03968253968254,14.859999656677246
2024-02-16,14.96500015258789,14.75,-25.03793591814747,27.579365079365083,27.579365079365083,14.96500015258789
2024-02-20,15.149999618530273,15.227499961853027,-14.921149079431345,40.87301587301587,40.87301587301587,15.149999618530273
2024-02-21,15.147500038146973,15.207500457763672,-9.567457778084705,47.22222222222222,47.22222222222222,15.147500038146973
2024-02-22,15.130000114440918,15.132499694824219,-7.391345456509528,49.007936507936506,49.007936507936506,15.130000114440918
2024-02-23,15.319999694824219,15.147500038146973,0.3350892642766708,57.53968253968254,57.53968253968254,15.319999694824219
2024-02-26,15.25,15.182499885559082,2.039495804790147,58.92857142857143,58.92857142857143,15.25
2024-02-27,15.210000038146973,15.302499771118164,1.0697861343003383,57.936507936507944,57.936507936507944,15.210000038146973
2024-02-28,15.265000343322754,15.270000457763672,2.9726665674702404,59.92063492063492,59.92063492063492,15.265000343322754
2024-02-29,15.40999984741211,15.470000267028809,9.311011946455997,64.88095238095238,64.88095238095238,15.40999984741211
2024-03-01,16.00749969482422,15.557499885559082,24.876199278289693,76.98412698412699,76.98412698412699,16.00749969482422
2024-03-04,16.517499923706055,16.202499389648438,34.12272628414454,90.07936507936508,90.07936507936508,16.517499923706055
2024-03-05,16.725000381469727,16.747499465942383,37.76128513789366,94.64285714285714,94.64285714285714,16.725000381469727
2024-03-06,16.987499237060547,16.8700008392334,40.409953159794355,97.61904761904762,97.61904761904762,16.987499237060547
2024-03-07,17.165000915527344,17.104999542236328,42.27442029224667,99.40476190476191,99.40476190476191,17.165000915527344
2024-03-08,17.450000762939453,17.329999923706055,41.60027696422574,99.20634920634922,99.20634920634922,17.450000762939453
2024-03-11,17.50749969482422,17.467500686645508,41.6262692277253,99.20634920634922,99.20634920634922,17.50749969482422
2024-03-12,17.114999771118164,17.235000610351562,38.286814151353944,94.64285714285714,94.64285714285714,17.114999771118164
2024-03-13,17.362499237060547,17.219999313354492,38.4806288023332,95.43650793650794,95.43650793650794,17.362499237060547
2024-03-14,17.204999923706055,17.207500457763672,36.92628733586452,93.25396825396825,93.25396825396825,17.204999923706055
2024-03-15,17.092500686645508,17.127500534057617,34.212111826832356,89.48412698412699,89.48412698412699,17.092500686645508
2024-03-18,17.137500762939453,17.092500686645508,33.17327161555652,88.29365079365078,88.29365079365078,17.137500762939453
2024-03-19,17.094999313354492,17.0625,31.533635034555406,86.70634920634922,86.70634920634922,17.094999313354492
2024-03-20,17.489999771118164,16.987499237060547,35.36417012574653,90.47619047619048,90.47619047619048,17.489999771118164
2024-03-21,17.46500015258789,17.790000915527344,36.531256798318196,92.46031746031747,92.46031746031747,17.46500015258789
2024-03-22,17.165000915527344,17.334999084472656,32.444200892573036,87.3015873015873,87.3015873015873,17.165000915527344
2024-03-25,17.27750015258789,17.309999465942383,31.565868925125244,86.11111111111111,86.11111111111111,17.27750015258789
2024-03-26,17.387500762939453,17.5575008392334,32.273732464982345,86.90476190476191,86.90476190476191,17.387500762939453
2024-03-27,17.607500076293945,17.482500076293945,35.352596885666,90.07936507936508,90.07936507936508,17.607500076293945
2024-03-28,18.065000534057617,17.872499465942383,39.02712157604695,96.23015873015873,96.23015873015873,18.065000534057617
2024-04-01,18.434999465942383,18.592500686645508,40.42018867391584,97.42063492063492,97.42063492063492,18.434999465942383
2024-04-02,18.97249984741211,18.647499084472656,42.17870334037977,99.20634920634922,99.20634920634922,18.97249984741211
2024-04-03,19.302499771118164,18.912500381469727,43.27630010368998,100.0,100.0,19.302499771118164
2024-04-04,19.0674991607666,19.147499084472656,40.79927202483815,97.22222222222221,97.22222222222221,19.0674991607666
2024-04-05,19.709999084472656,19.2450008392334,41.52570904675733,98.4126984126984,98.4126984126984,19.709999084472656
2024-04-08,19.957500457763672,19.86750030517578,42.44464161943964,99.60317460317461,99.60317460317461,19.957500457763672
2024-04-09,20.172500610351562,20.200000762939453,42.21725132680958,98.80952380952381,98.80952380952381,20.172500610351562
2024-04-10,19.797500610351562,19.74250030517578,38.9313601284022,94.44444444444444,94.44444444444444,19.797500610351562
2024-04-11,20.53499984741211,20.012500762939453,41.03999215580895,97.02380952380952,97.02380952380952,20.53499984741211
2024-04-12,20.017499923706055,20.93000030517578,34.15876016669568,86.70634920634922,86.70634920634922,20.017499923706055
2024-04-15,20.74250030517578,20.204999923706055,34.61143501082778,87.5,87.5,20.74250030517578
2024-04-16,20.802499771118164,20.594999313354492,35.14641645576663,87.6984126984127,87.6984126984127,20.802499771118164
2024-04-17,20.49250030517578,20.767499923706055,32.93425695702152,84.92063492063492,84.92063492063492,20.49250030517578
2024-04-18,20.625,20.799999237060547,32.688015606545676,84.52380952380952,84.52380952380952,20.625
2024-04-19,20.739999771118164,20.637500762939453,33.20436350207867,85.11904761904762,85.11904761904762,20.739999771118164
2024-04-22,19.717500686645508,19.84749984741211,23.39831545232634,72.02380952380952,72.02380952380952,19.717500686645508
2024-04-23,19.607500076293945,19.43000030517578,16.08568707568728,67.26190476190477,67.26190476190477,19.607500076293945
2024-04-24,19.532499313354492,19.572500228881836,11.041799698510077,61.70634920634921,61.70634920634921,19.532499313354492
2024-04-25,19.764999389648438,19.4950008392334,10.856265011831855,61.30952380952381,61.30952380952381,19.764999389648438
2024-04-26,19.864999771118164,19.90999984741211,11.307612168188218,61.904761904761905,61.904761904761905,19.864999771118164
2024-04-29,19.799999237060547,19.764999389648438,8.922282360923305,60.11904761904761,60.11904761904761,19.799999237060547
2024-04-30,19.030000686645508,19.264999389648438,-6.415654537757873,47.023809523809526,47.023809523809526,19.030000686645508
2024-05-01,19.342500686645508,19.200000762939453,-12.268679916631614,40.87301587301587,40.87301587301587,19.342500686645508
2024-05-02,19.219999313354492,18.9950008392334,-17.5721117407313,36.30952380952381,36.30952380952381,19.219999313354492
2024-05-03,19.174999237060547,19.177499771118164,-19.49233639686917,33.730158730158735,33.730158730158735,19.174999237060547
2024-05-06,19.575000762939453,19.579999923706055,-14.236832123457141,39.08730158730159,39.08730158730159,19.575000762939453
2024-05-07,19.395000457763672,19.462499618530273,-14.21748101789158,39.08730158730159,39.08730158730159,19.395000457763672
2024-05-08,19.28499984741211,19.295000076293945,-16.340993136701428,37.301587301587304,37.301587301587304,19.28499984741211
2024-05-09,19.86750030517578,19.43000030517578,-7.308547786716825,45.83333333333333,45.83333333333333,19.86750030517578
2024-05-10,20.1924991607666,20.264999389648438,1.705594686125679,54.563492063492056,54.563492063492056,20.1924991607666
2024-05-13,19.752500534057617,19.877500534057617,1.026897495942813,53.37301587301587,53.37301587301587,19.752500534057617
2024-05-14,20.0625,19.912500381469727,6.774649190340661,58.53174603174603,58.53174603174603,20.0625
2024-05-15,20.545000076293945,20.239999771118164,16.60047262010696,67.65873015873017,67.65873015873017,20.545000076293945
2024-05-16,20.417499542236328,20.40250015258789,19.638879257041264,69.04761904761905,69.04761904761905,20.417499542236328
2024-05-17,21.059999465942383,20.790000915527344,28.391796529511222,77.18253968253968,77.18253968253968,21.059999465942383
2024-05-20,21.247499465942383,21.087499618530273,32.11455665798152,83.33333333333334,83.33333333333334,21.247499465942383
2024-05-21,21.177499771118164,21.270000457763672,33.15059583557355,84.72222222222221,84.72222222222221,21.177499771118164
2024-05-22,20.395000457763672,20.96500015258789,22.51022438799103,70.63492063492063,70.63492063492063,20.395000457763672
2024-05-23,19.55500030517578,20.127500534057617,3.426290888594978,54.761904761904766,54.761904761904766,19.55500030517578
2024-05-24,19.59749984741211,19.792499542236328,-6.0239005571386794,45.63492063492063,45.63492063492063,19.59749984741211
2024-05-28,19.9950008392334,20.05500030517578,-4.714818664522034,47.023809523809526,47.023809523809526,19.9950008392334
2024-05-29,19.625,19.78499984741211,-9.869541719718937,41.07142857142857,41.07142857142857,19.625
2024-05-30,19.690000534057617,19.725000381469727,-11.465761350220042,39.08730158730159,39.08730158730159,19.690000534057617
2024-05-31,19.44499969482422,19.892499923706055,-16.88081456505551,34.32539682539682,34.32539682539682,19.44499969482422
2024-06-03,19.780000686645508,19.545000076293945,-13.672943263107683,36.507936507936506,36.507936507936506,19.780000686645508
2024-06-04,19.43000030517578,19.600000381469727,-22.26175898564168,27.579365079365083,27.579365079365083,19.43000030517578
2024-06-05,19.88249969482422,19.68000030517578,-18.043621099518212,32.142857142857146,32.142857142857146,19.88249969482422
2024-06-06,20.184999465942383,20.0,-10.642313283528038,40.67460317460318,40.67460317460318,20.184999465942383
2024-06-07,18.737499237060547,19.375,-25.7566738822769,22.817460317460316,22.817460317460316,18.737499237060547
2024-06-10,19.084999084472656,19.0,-28.5730643877501,18.849206349206348,18.849206349206348,19.084999084472656
2024-06-11,19.1875,19.145000457763672,-28.38583559090191,19.444444444444446,19.444444444444446,19.1875
2024-06-12,19.274999618530273,19.59000015258789,-26.67036329139763,22.22222222222222,22.22222222222222,19.274999618530273
2024-06-13,18.959999084472656,19.229999542236328,-31.04049373955453,15.873015873015872,15.873015873015872,18.959999084472656
2024-06-14,19.44499969482422,19.372499465942383,-24.963157031710292,25.0,25.0,19.44499969482422
2024-06-17,19.239999771118164,19.302499771118164,-24.70150656142832,25.992063492063494,25.992063492063494,19.239999771118164
2024-06-18,19.38249969482422,19.1924991607666,-22.335307591969215,28.57142857142857,28.57142857142857,19.38249969482422
2024-06-20,19.864999771118164,19.514999389648438,-13.427258403817744,38.095238095238095,38.095238095238095,19.864999771118164
2024-06-21,19.232500076293945,19.8125,-17.853166790419913,34.12698412698413,34.12698412698413,19.232500076293945
2024-06-24,19.405000686645508,19.3700008392334,-13.75889896619685,37.89682539682539,37.89682539682539,19.405000686645508
2024-06-25,19.1924991607666,19.282499313354492,-16.5792015963372,36.11111111111111,36.11111111111111,19.1924991607666
2024-06-26,18.84000015258789,18.809999465942383,-26.83688775134484,21.825396825396826,21.825396825396826,18.84000015258789
2024-06-27,19.267499923706055,19.209999084472656,-21.214373472220004,30.555555555555557,30.555555555555557,19.267499923706055
2024-06-28,19.260000228881836,19.372499465942383,-18.46618047029628,33.33333333333333,33.33333333333333,19.260000228881836
2024-07-01,19.344999313354492,19.282499313354492,-14.738474893221026,37.301587301587304,37.301587301587304,19.344999313354492
2024-07-02,19.327499389648438,19.297500610351562,-13.120006114390529,39.08730158730159,39.08730158730159,19.327499389648438
2024-07-03,19.770000457763672,19.657499313354492,-1.9081923736370152,50.0,50.0,19.770000457763672
2024-07-05,20.287500381469727,20.045000076293945,15.061506649694593,65.07936507936508,65.07936507936508,20.287500381469727
2024-07-08,19.78499984741211,20.049999237060547,11.76547864321036,60.912698412698404,60.912698412698404,19.78499984741211
2024-07-09,19.84749984741211,19.8700008392334,11.40568313635654,60.71428571428571,60.71428571428571,19.84749984741211
2024-07-10,19.97249984741211,20.125,14.273678903652446,63.095238095238095,63.095238095238095,19.97249984741211
2024-07-11,20.662500381469727,20.559999465942383,22.720659486523463,70.63492063492063,70.63492063492063,20.662500381469727
2024-07-12,20.635000228881836,20.447500228881836,26.588632413599566,73.80952380952381,73.80952380952381,20.635000228881836
2024-07-15,20.792499542236328,20.704999923706055,28.90977474990556,77.18253968253968,77.18253968253968,20.792499542236328
2024-07-16,21.592500686645508,21.082500457763672,34.15856110342201,86.11111111111111,86.11111111111111,21.592500686645508
2024-07-17,21.40999984741211,21.702499389648438,32.94354026251805,84.32539682539682,84.32539682539682,21.40999984741211
2024-07-18,21.11750030517578,21.487499237060547,28.984742179375374,77.18253968253968,77.18253968253968,21.11750030517578
2024-07-19,20.350000381469727,20.295000076293945,15.516168527309048,64.28571428571429,64.28571428571429,20.350000381469727
2024-07-22,20.334999084472656,20.30500030517578,7.923715215113868,56.34920634920635,56.34920634920635,20.334999084472656
2024-07-23,20.49250030517578,20.427499771118164,6.242835092430715,54.563492063492056,54.563492063492056,20.49250030517578
2024-07-24,20.34749984741211,20.65250015258789,2.9187168819948415,51.388888888888886,51.388888888888886,20.34749984741211
2024-07-25,19.670000076293945,19.837499618530273,-10.522843462444929,39.285714285714285,39.285714285714285,19.670000076293945
2024-07-26,20.092500686645508,19.94499969482422,-11.807337451940406,36.904761904761905,36.904761904761905,20.092500686645508
2024-07-29,20.012500762939453,20.19499969482422,-14.206968138929932,34.523809523809526,34.523809523809526,20.012500762939453
2024-07-30,20.405000686645508,20.200000762939453,-8.505721515287549,41.07142857142857,41.07142857142857,20.405000686645508
2024-07-31,21.147499084472656,20.625,5.656051024108187,53.96825396825397,53.96825396825397,21.147499084472656
2024-08-01,20.9950008392334,21.190000534057617,9.958371257080477,57.53968253968254,57.53968253968254,20.9950008392334
2024-08-02,20.877500534057617,21.395000457763672,9.385004762584881,57.14285714285714,57.14285714285714,20.877500534057617
2024-08-05,20.375,19.907499313354492,-0.3044869530087554,48.01587301587302,48.01587301587302,20.375
2024-08-06,20.032499313354492,20.167499542236328,-12.199907642199438,35.91269841269841,35.91269841269841,20.032499313354492
2024-08-07,19.987499237060547,20.247499465942383,-19.318757358363605,27.976190476190478,27.976190476190478,19.987499237060547
2024-08-08,20.607500076293945,20.36750030517578,-11.01669635815563,38.492063492063494,38.492063492063494,20.607500076293945
2024-08-09,20.69499969482422,20.7450008392334,-4.944827004176125,44.642857142857146,44.642857142857146,20.69499969482422
2024-08-12,21.420000076293945,20.99250030517578,9.934198682838371,58.13492063492064,58.13492063492064,21.420000076293945
2024-08-13,21.344999313354492,21.36750030517578,16.372575545688218,65.87301587301587,65.87301587301587,21.344999313354492
2024-08-14,20.987499237060547,21.0625,13.325132877889805,61.50793650793651,61.50793650793651,20.987499237060547
2024-08-15,21.13249969482422,21.037500381469727,16.88475768471086,66.86507936507937,66.86507936507937,21.13249969482422
2024-08-16,22.037500381469727,21.6875,26.77344054372306,74.20634920634922,74.20634920634922,22.037500381469727
2024-08-19,21.989999771118164,21.735000610351562,31.130360602896523,81.34920634920636,81.34920634920636,21.989999771118164
2024-08-20,22.162500381469727,22.392499923706055,31.948376221901203,82.73809523809523,82.73809523809523,22.162500381469727
2024-08-21,22.094999313354492,22.014999389648438,31.624524582533336,81.94444444444444,81.94444444444444,22.094999313354492
2024-08-22,21.5625,21.74250030517578,23.625958262842776,71.23015873015873,71.23015873015873,21.5625
2024-08-23,22.040000915527344,21.854999542236328,25.226722688857713,71.62698412698413,71.62698412698413,22.040000915527344
2024-08-26,22.170000076293945,22.315000534057617,27.85180984334617,75.59523809523809,75.59523809523809,22.170000076293945
2024-08-27,22.28499984741211,21.962499618530273,30.26199593428654,79.16666666666666,79.16666666666666,22.28499984741211
2024-08-28,21.969999313354492,22.032499313354492,26.800247606532153,73.4126984126984,73.4126984126984,21.969999313354492
2024-08-29,22.177499771118164,22.002500534057617,27.58205034091396,74.60317460317461,74.60317460317461,22.177499771118164
2024-08-30,21.844999313354492,22.114999771118164,22.14152989056411,68.84920634920636,68.84920634920636,21.844999313354492
2024-09-03,21.657499313354492,21.697500228881836,15.61302618498723,63.49206349206349,63.49206349206349,21.657499313354492
2024-09-04,21.670000076293945,21.575000762939453,12.301661069151349,58.92857142857143,58.92857142857143,21.670000076293945
2024-09-05,22.045000076293945,22.107500076293945,17.5077713413348,65.67460317460318,65.67460317460318,22.045000076293945
2024-09-06,21.690000534057617,21.9375,11.344488528046787,57.53968253968254,57.53968253968254,21.690000534057617
2024-09-09,21.86750030517578,21.815000534057617,10.978618275157231,56.74603174603175,56.74603174603175,21.86750030517578
2024-09-10,22.072500228881836,22.03499984741211,14.826918458846999,61.904761904761905,61.904761904761905,22.072500228881836
2024-09-11,21.99250030517578,21.907499313354492,14.173355480882954,60.11904761904761,60.11904761904761,21.99250030517578
2024-09-12,22.770000457763672,22.450000762939453,24.761345506415257,70.23809523809523,70.23809523809523,22.770000457763672
2024-09-13,23.207500457763672,23.114999771118164,31.310130640875006,80.95238095238095,80.95238095238095,23.207500457763672
2024-09-16,23.184999465942383,23.212499618530273,33.51808046948833,85.11904761904762,85.11904761904762,23.184999465942383
2024-09-17,22.927499771118164,23.0625,29.941217241594074,78.37301587301587,78.37301587301587,22.927499771118164
2024-09-18,22.565000534057617,23.094999313354492,19.81590902274794,65.87301587301587,65.87301587301587,22.565000534057617
2024-09-19,23.25,23.082500457763672,25.088381811925046,70.03968253968253,70.03968253968253,23.25
2024-09-20,23.84749984741211,23.642499923706055,31.45605306391363,81.15079365079364,81.15079365079364,23.84749984741211
2024-09-23,23.94499969482422,24.010000228881836,34.45562143622368,86.70634920634922,86.70634920634922,23.94499969482422
2024-09-24,24.600000381469727,24.079999923706055,37.989276972038695,92.26190476190477,92.26190476190477,24.600000381469727
2024-09-25,24.532499313354492,24.610000610351562,38.86453992454122,93.84920634920636,93.84920634920636,24.532499313354492
2024-09-26,24.75749969482422,24.649999618530273,39.95504195265496,95.23809523809523,95.23809523809523,24.75749969482422
2024-09-27,24.357500076293945,24.6299991607666,36.00485065065835,88.4920634920635,88.4920634920635,24.357500076293945
2024-09-30,23.97249984741211,24.137500762939453,28.812433952481236,74.8015873015873,74.8015873015873,23.97249984741211
2024-10-01,24.467500686645508,24.399999618530273,29.94859740946826,77.18253968253968,77.18253968253968,24.467500686645508
2024-10-02,24.46500015258789,24.47249984741211,30.310355836399616,77.57936507936508,77.57936507936508,24.46500015258789
2024-10-03,24.424999237060547,24.274999618530273,29.98843658149915,76.98412698412699,76.98412698412699,24.424999237060547
2024-10-04,24.3174991607666,24.322500228881836,27.999855862052485,73.21428571428571,73.21428571428571,24.3174991607666
2024-10-07,24.165000915527344,24.237499237060547,24.295731773032433,67.06349206349206,67.06349206349206,24.165000915527344
2024-10-08,23.797500610351562,24.082500457763672,15.397707271139694,59.12698412698413,59.12698412698413,23.797500610351562
2024-10-09,23.530000686645508,23.565000534057617,5.655646630363117,48.01587301587302,48.01587301587302,23.530000686645508
2024-10-10,23.877500534057617,23.684999465942383,4.24564308850255,47.22222222222222,47.22222222222222,23.877500534057617
2024-10-11,24.360000610351562,24.200000762939453,11.781077145792,54.761904761904766,54.761904761904766,24.360000610351562
2024-10-14,24.299999237060547,24.31999969482422,14.57722739475835,57.936507936507944,57.936507936507944,24.299999237060547
2024-10-15,24.469999313354492,24.287500381469727,18.989514078087993,63.095238095238095,63.095238095238095,24.469999313354492
2024-10-16,24.707500457763672,24.81999969482422,24.381231174094598,67.06349206349206,67.06349206349206,24.707500457763672
2024-10-17,25.0049991607666,24.834999084472656,29.767067938399123,76.19047619047619,76.19047619047619,25.0049991607666
2024-10-18,25.514999389648438,25.262500762939453,34.846912475563265,86.5079365079365,86.5079365079365,25.514999389648438
2024-10-21,25.522499084472656,25.80500030517578,34.18715932584499,85.11904761904762,85.11904761904762,25.522499084472656
2024-10-22,26.040000915527344,25.875,38.15264012287892,91.86507936507937,91.86507936507937,26.040000915527344
2024-10-23,25.415000915527344,25.8700008392334,30.835810045590122,77.97619047619048,77.97619047619048,25.415000915527344
2024-10-24,25.787500381469727,25.905000686645508,31.68622197385938,80.35714285714286,80.35714285714286,25.787500381469727
2024-10-25,25.899999618530273,25.627500534057617,33.566309637818634,83.53174603174604,83.53174603174604,25.899999618530273
2024-10-28,25.899999618530273,25.84000015258789,34.62128302680011,86.11111111111111,86.11111111111111,25.899999618530273
2024-10-29,26.469999313354492,26.145000457763672,37.64670913733275,90.87301587301587,90.87301587301587,26.469999313354492
2024-10-30,26.732500076293945,26.602500915527344,39.409333252156955,94.84126984126983,94.84126984126983,26.732500076293945
2024-10-31,25.93000030517578,26.327499389648438,29.864969434816764,74.60317460317461,74.60317460317461,25.93000030517578
2024-11-01,25.6875,26.077499389648438,21.305135987558803,62.301587301587304,62.301587301587304,25.6875
2024-11-04,25.75749969482422,25.860000610351562,17.48346288001311,59.523809523809526,59.523809523809526,25.75749969482422
2024-11-05,25.852500915527344,25.954999923706055,16.476351525086173,58.333333333333336,58.333333333333336,25.852500915527344
2024-11-06,24.3174991607666,24.282499313354492,-7.852544587331989,32.93650793650794,32.93650793650794,24.3174991607666
2024-11-07,25.09000015258789,24.809999465942383,-9.8953658841527,30.952380952380953,30.952380952380953,25.09000015258789
2024-11-08,24.7450008392334,24.969999313354492,-19.342195709599157,20.238095238095237,20.238095238095237,24.7450008392334
2024-11-11,23.552499771118164,23.674999237060547,-31.215647548939785,7.936507936507936,7.936507936507936,23.552499771118164
2024-11-12,23.170000076293945,23.397499084472656,-37.67240596059766,4.166666666666666,4.166666666666666,23.170000076293945
2024-11-13,22.6825008392334,23.399999618530273,-41.85794284265084,2.1825396825396823,2.1825396825396823,22.6825008392334
2024-11-14,22.572500228881836,22.487499237060547,-43.16308457364992,1.3888888888888888,1.3888888888888888,22.572500228881836
2024-11-15,22.467500686645508,22.68000030517578,-44.337483348717086,0.5952380952380952,0.5952380952380952,22.467500686645508
2024-11-18,23.309999465942383,23.19499969482422,-40.26008513115321,3.7698412698412698,3.7698412698412698,23.309999465942383
2024-11-19,23.72249984741211,23.625,-34.80703942198911,7.142857142857142,7.142857142857142,23.72249984741211
2024-11-20,23.977500915527344,23.81999969482422,-28.747687010170182,11.706349206349206,11.706349206349206,23.977500915527344
2024-11-21,24.344999313354492,24.315000534057617,-20.916469562250033,20.833333333333336,20.833333333333336,24.344999313354492
2024-11-22,25.002500534057617,24.68000030517578,-9.401106712291995,33.92857142857143,33.92857142857143,25.002500534057617
2024-11-25,23.50749969482422,23.872499465942383,-20.158825189933566,21.428571428571427,21.428571428571427,23.50749969482422
2024-11-26,23.612499237060547,23.5575008392334,-24.54817518851202,17.658730158730158,17.658730158730158,23.612499237060547
2024-11-27,23.717500686645508,23.979999542236328,-25.64018859130185,16.071428571428573,16.071428571428573,23.717500686645508
2024-11-29,24.1299991607666,24.045000076293945,-19.889283152866977,22.023809523809522,22.023809523809522,24.1299991607666
2024-12-02,23.68000030517578,23.887500762939453,-22.27731166465974,19.642857142857142,19.642857142857142,23.68000030517578
2024-12-03,23.770000457763672,23.96500015258789,-21.45004783807771,21.03174603174603,21.03174603174603,23.770000457763672
2024-12-04,23.954999923706055,23.957500457763672,-18.232169446339032,24.801587301587304,24.801587301587304,23.954999923706055
2024-12-05,23.579999923706055,23.857500076293945,-19.58671127911962,22.817460317460316,22.817460317460316,23.579999923706055
2024-12-06,23.587499618530273,23.540000915527344,-20.153172089834666,22.42063492063492,22.42063492063492,23.587499618530273
2024-12-09,24.0575008392334,24.239999771118164,-11.910988317006051,31.746031746031743,31.746031746031743,24.0575008392334
2024-12-10,24.735000610351562,24.579999923706055,2.889188601412519,46.230158730158735,46.230158730158735,24.735000610351562
2024-12-11,25.362499237060547,25.014999389648438,16.077952178618446,61.50793650793651,61.50793650793651,25.362499237060547
2024-12-12,24.467500686645508,24.592500686645508,10.187875834625379,53.37301587301587,53.37301587301587,24.467500686645508
2024-12-13,23.774999618530273,24.05500030517578,-2.8080568712853595,41.86507936507937,41.86507936507937,23.774999618530273
2024-12-16,23.875,23.977500915527344,-8.40446890785721,37.10317460317461,37.10317460317461,23.875
2024-12-17,23.704999923706055,23.594999313354492,-18.831490330533804,24.206349206349206,24.206349206349206,23.704999923706055
2024-12-18,22.747499465942383,23.59000015258789,-31.356866687725127,9.126984126984127,9.126984126984127,22.747499465942383
2024-12-19,22.832500457763672,22.80500030517578,-36.53815181652473,5.952380952380952,5.952380952380952,22.832500457763672
2024-12-20,23.389999389648438,23.197500228881836,-32.91103906806341,8.73015873015873,8.73015873015873,23.389999389648438
2024-12-23,23.102500915527344,23.25,-34.57887575954495,7.936507936507936,7.936507936507936,23.102500915527344
2024-12-24,23.239999771118164,23.184999465942383,-33.859510140528116,8.73015873015873,8.73015873015873,23.239999771118164
2024-12-26,23.610000610351562,23.375,-27.168859380946813,15.079365079365079,15.079365079365079,23.610000610351562
2024-12-27,23.1924991607666,23.125,-30.284238078635497,11.904761904761903,11.904761904761903,23.1924991607666
2024-12-30,23.02750015258789,23.0674991607666,-33.73657914536691,8.928571428571429,8.928571428571429,23.02750015258789
2024-12-31,23.3700008392334,23.075000762939453,-29.681630389750758,12.5,12.5,23.3700008392334
2025-01-02,23.915000915527344,23.737499237060547,-18.976604099784762,25.793650793650798,25.793650793650798,23.915000915527344
2025-01-03,23.5575008392334,23.767499923706055,-18.573484973289293,26.984126984126984,26.984126984126984,23.5575008392334
2025-01-06,23.450000762939453,23.287500381469727,-20.40120566976655,24.00793650793651,24.00793650793651,23.450000762939453
2025-01-07,23.787500381469727,23.94499969482422,-15.32586160950538,30.753968253968257,30.753968253968257,23.787500381469727
2025-01-08,24.084999084472656,24.02750015258789,-8.426662072869512,39.88095238095239,39.88095238095239,24.084999084472656
2025-01-10,24.737499237060547,24.9375,3.894414969397136,50.99206349206349,50.99206349206349,24.737499237060547
2025-01-13,24.079999923706055,24.170000076293945,0.5611169632869476,47.61904761904761,47.61904761904761,24.079999923706055
2025-01-14,24.239999771118164,23.967500686645508,4.080384420878322,51.587301587301596,51.587301587301596,24.239999771118164
2025-01-15,24.780000686645508,24.657499313354492,13.950497448465532,61.30952380952381,61.30952380952381,24.780000686645508
2025-01-16,25.260000228881836,25.22249984741211,21.963219524836962,70.03968253968253,70.03968253968253,25.260000228881836
2025-01-17,25.127500534057617,25.087499618530273,23.718550856271825,71.42857142857143,71.42857142857143,25.127500534057617
2025-01-21,25.424999237060547,25.1924991607666,27.880612443859793,75.9920634920635,75.9920634920635,25.424999237060547
2025-01-22,25.642499923706055,25.6200008392334,30.831867609044938,80.75396825396825,80.75396825396825,25.642499923706055
2025-01-23,25.545000076293945,25.327499389648438,30.88786793322039,81.15079365079364,81.15079365079364,25.545000076293945
2025-01-24,25.852500915527344,25.899999618530273,31.27134549780885,81.94444444444444,81.94444444444444,25.852500915527344
2025-01-27,25.24250030517578,25.447500228881836,23.367870540924446,71.03174603174604,71.03174603174604,25.24250030517578
2025-01-28,25.7549991607666,25.514999389648438,24.88715483917723,72.81746031746032,72.81746031746032,25.7549991607666
2025-01-29,25.65999984741211,25.739999771118164,24.153508145505032,71.82539682539682,71.82539682539682,25.65999984741211
2025-01-30,26.627500534057617,26.3174991607666,30.407411958277812,80.75396825396825,80.75396825396825,26.627500534057617
2025-01-31,26.334999084472656,26.702499389648438,28.829184464881358,77.97619047619048,77.97619047619048,26.334999084472656
2025-02-03,26.829999923706055,26.772499084472656,31.47879740231325,83.73015873015873,83.73015873015873,26.829999923706055
2025-02-04,27.157499313354492,27.030000686645508,35.07702287056713,90.07936507936508,90.07936507936508,27.157499313354492
2025-02-05,27.30500030517578,27.395000457763672,35.1960625575458,90.47619047619048,90.47619047619048,27.30500030517578
2025-02-06,27.287500381469727,27.25,34.87606477423796,89.88095238095238,89.88095238095238,27.287500381469727
2025-02-07,27.407499313354492,27.577499389648438,35.11852876001567,90.27777777777779,90.27777777777779,27.407499313354492
2025-02-10,28.322500228881836,28.202499389648438,38.70992706712889,95.83333333333334,95.83333333333334,28.322500228881836
2025-02-11,28.149999618530273,28.1825008392334,38.94650102817815,96.23015873015873,96.23015873015873,28.149999618530273
2025-02-12,28.127500534057617,28.077499389648438,38.88969361730064,95.83333333333334,95.83333333333334,28.127500534057617
2025-02-13,28.747499465942383,28.364999771118164,40.78717673859423,97.81746031746032,97.81746031746032,28.747499465942383
2025-02-14,27.575000762939453,28.540000915527344,28.2188970809291,75.9920634920635,75.9920634920635,27.575000762939453
2025-02-18,28.625,28.395000457763672,31.426037608405956,82.14285714285714,82.14285714285714,28.625
2025-02-19,28.639999389648438,28.6200008392334,33.25730541548541,86.11111111111111,86.11111111111111,28.639999389648438
2025-02-20,28.672500610351562,28.512500762939453,33.89327816535027,86.70634920634922,86.70634920634922,28.672500610351562
2025-02-21,28.584999084472656,28.612499237060547,32.89838863393448,84.52380952380952,84.52380952380952,28.584999084472656
2025-02-24,28.915000915527344,28.760000228881836,35.19407334141235,89.68253968253968,89.68253968253968,28.915000915527344
2025-02-25,28.135000228881836,28.770000457763672,26.388408152826514,72.02380952380952,72.02380952380952,28.135000228881836
2025-02-26,28.25,27.802499771118164,22.056086478189606,67.85714285714286,67.85714285714286,28.25
2025-02-27,27.350000381469727,27.6924991607666,7.685681546449293,52.38095238095239,52.38095238095239,27.350000381469727
2025-02-28,26.979999542236328,26.857500076293945,-8.764716776929275,36.7063492063492,36.7063492063492,26.979999542236328
2025-03-03,27.65999984741211,27.364999771118164,-7.498941970683242,37.89682539682539,37.89682539682539,27.65999984741211
2025-03-04,28.200000762939453,28.184999465942383,-0.2064259429801847,44.44444444444444,44.44444444444444,28.200000762939453
2025-03-05,28.260000228881836,27.922500610351562,4.718529630363945,49.60317460317461,49.60317460317461,28.260000228881836
2025-03-06,27.985000610351562,27.969999313354492,2.5736926489716585,46.62698412698413,46.62698412698413,27.985000610351562
2025-03-07,28.017499923706055,28.112499237060547,2.0443300407144718,46.42857142857143,46.42857142857143,28.017499923706055
2025-03-10,27.469999313354492,27.792499542236328,-7.69192465479639,36.904761904761905,36.904761904761905,27.469999313354492
2025-03-11,28.127500534057617,27.96500015258789,-1.8479128138709988,42.26190476190476,42.26190476190476,28.127500534057617
2025-03-12,28.427499771118164,27.962499618530273,6.177726233759867,50.99206349206349,50.99206349206349,28.427499771118164
2025-03-13,29.49250030517578,28.697500228881836,19.51947248886025,65.67460317460318,65.67460317460318,29.49250030517578
2025-03-14,29.422500610351562,29.727500915527344,24.217791025031403,69.64285714285714,69.64285714285714,29.422500610351562
2025-03-17,29.737499237060547,29.47249984741211,29.887538799720616,77.57936507936508,77.57936507936508,29.737499237060547
2025-03-18,30.4325008392334,30.462499618530273,34.454186768860176,87.5,87.5,30.4325008392334
2025-03-19,30.704999923706055,30.424999237060547,37.50609780651321,93.05555555555556,93.05555555555556,30.704999923706055
2025-03-20,30.622499465942383,30.322500228881836,38.30244708104535,94.24603174603175,94.24603174603175,30.622499465942383
2025-03-21,30.087499618530273,30.287500381469727,32.304110681759404,82.93650793650794,82.93650793650794,30.087499618530273
2025-03-24,29.864999771118164,30.15250015258789,26.386498772204074,71.42857142857143,71.42857142857143,29.864999771118164
2025-03-25,30.102500915527344,30.155000686645508,25.639764756142714,71.23015873015873,71.23015873015873,30.102500915527344
2025-03-26,30.079999923706055,30.229999542236328,24.88175956764361,70.43650793650794,70.43650793650794,30.079999923706055
2025-03-27,30.99250030517578,30.645000457763672,31.561584308460937,82.14285714285714,82.14285714285714,30.99250030517578
2025-03-28,31.309999465942383,31.25,35.37061779971365,90.67460317460318,90.67460317460318,31.309999465942383
2025-03-31,32.18000030517578,32.0724983215332,38.783705922306574,95.43650793650794,95.43650793650794,32.18000030517578
2025-04-01,32.064998626708984,32.23500061035156,39.05917207173815,96.42857142857143,96.42857142857143,32.064998626708984
2025-04-02,32.35749816894531,32.2599983215332,39.99028595321643,97.22222222222221,97.22222222222221,32.35749816894531
2025-04-03,31.582500457763672,30.712499618530273,33.4894807571848,85.31746031746032,85.31746031746032,31.582500457763672
2025-04-04,30.147499084472656,30.920000076293945,14.698616784240008,60.11904761904761,60.11904761904761,30.147499084472656
2025-04-07,28.854999542236328,29.8700008392334,-7.714069910549607,36.11111111111111,36.11111111111111,28.854999542236328
2025-04-08,29.020000457763672,29.584999084472656,-20.160310814038674,20.436507936507937,20.436507936507937,29.020000457763672
2025-04-09,31.172500610351562,30.537500381469727,-5.887680044062081,38.2936507936508,38.2936507936508,31.172500610351562
2025-04-10,32.7599983215332,31.982500076293945,13.667725726844255,58.92857142857143,58.92857142857143,32.7599983215332
2025-04-11,33.967498779296875,33.97999954223633,25.27094430214103,72.22222222222221,72.22222222222221,33.967498779296875
2025-04-14,33.5625,33.40999984741211,28.06606412482075,75.9920634920635,75.9920634920635,33.5625
2025-04-15,33.9474983215332,33.76250076293945,31.816924854420385,82.93650793650794,82.93650793650794,33.9474983215332
2025-04-16,36.165000915527344,35.505001068115234,37.26171526624788,92.65873015873017,92.65873015873017,36.165000915527344
2025-04-17,35.78499984741211,35.8125,38.41953895936553,94.04761904761905,94.04761904761905,35.78499984741211
2025-04-21,37.94499969482422,37.779998779296875,41.16740248992127,98.21428571428571,98.21428571428571,37.94499969482422
2025-04-22,36.89500045776367,38.404998779296875,37.8230658846355,92.85714285714286,92.85714285714286,36.89500045776367
2025-04-23,35.11750030517578,35.23749923706055,26.284961767222136,72.42063492063492,72.42063492063492,35.11750030517578
2025-04-24,36.125,35.872501373291016,24.44118627775367,70.23809523809523,70.23809523809523,36.125
2025-04-25,35.29750061035156,34.60499954223633,18.414333327872725,65.07936507936508,65.07936507936508,35.29750061035156
2025-04-28,36.3125,35.20000076293945,20.1112715243281,66.26984126984127,66.26984126984127,36.3125
2025-04-29,35.525001525878906,35.53499984741211,16.408336438161268,62.89682539682539,62.89682539682539,35.525001525878906
2025-04-30,35.084999084472656,35.26499938964844,11.773476711730783,56.15079365079365,56.15079365079365,35.084999084472656
2025-05-01,33.61000061035156,33.595001220703125,1.556919295097409,44.642857142857146,44.642857142857146,33.61000061035156
2025-05-02,33.70500183105469,34.1974983215332,-3.288464497280193,40.87301587301587,40.87301587301587,33.70500183105469
2025-05-05,35.7400016784668,35.52750015258789,4.276205983931444,48.41269841269841,48.41269841269841,35.7400016784668
2025-05-06,37.752498626708984,37.182498931884766,17.338315016373347,63.69047619047619,63.69047619047619,37.752498626708984
2025-05-07,36.584999084472656,36.90999984741211,17.362322936804446,63.888888888888886,63.888888888888886,36.584999084472656
2025-05-08,35.11000061035156,36.3224983215332,8.04876702993006,51.78571428571429,51.78571428571429,35.11000061035156
2025-05-09,35.59749984741211,35.81999969482422,3.8110271010524768,47.023809523809526,47.023809523809526,35.59749984741211
2025-05-12,33.584999084472656,33.647499084472656,-15.428679864613523,26.58730158730159,26.58730158730159,33.584999084472656
2025-05-13,33.877498626708984,33.76750183105469,-22.962013808696184,17.261904761904763,17.261904761904763,33.877498626708984
2025-05-14,32.415000915527344,32.51250076293945,-32.44822997667721,7.936507936507936,7.936507936507936,32.415000915527344
2025-05-15,33.44499969482422,32.65999984741211,-31.107352523662556,8.73015873015873,8.73015873015873,33.44499969482422
2025-05-16,32.625,32.29999923706055,-35.20718664873909,5.952380952380952,5.952380952380952,32.625
2025-05-19,33.477500915527344,33.474998474121094,-31.726820302350202,8.333333333333332,8.333333333333332,33.477500915527344
2025-05-20,34.76750183105469,33.564998626708984,-22.52273182346682,18.452380952380953,18.452380952380953,34.76750183105469
2025-05-21,35.27750015258789,34.967498779296875,-12.596145099052173,30.952380952380953,30.952380952380953,35.27750015258789
2025-05-22,34.619998931884766,35.0724983215332,-12.07736038524751,31.746031746031743,31.746031746031743,34.619998931884766
2025-05-23,36.13750076293945,35.92499923706055,-1.4175852557542552,42.857142857142854,42.857142857142854,36.13750076293945
2025-05-27,34.85499954223633,34.71500015258789,-5.0472289845685765,39.285714285714285,39.285714285714285,34.85499954223633
2025-05-28,34.685001373291016,34.89250183105469,-7.97210238984813,36.30952380952381,36.30952380952381,34.685001373291016
2025-05-29,35.087501525878906,35.13249969482422,-6.793716145286228,37.698412698412696,37.698412698412696,35.087501525878906
2025-05-30,34.6150016784668,34.627498626708984,-9.616145376923624,33.92857142857143,33.92857142857143,34.6150016784668
2025-06-02,36.45000076293945,35.91749954223633,1.479183692737085,44.84126984126984,44.84126984126984,36.45000076293945
2025-06-03,35.814998626708984,35.962501525878906,2.8168367285597444,46.62698412698413,46.62698412698413,35.814998626708984
2025-06-04,36.27750015258789,35.95500183105469,6.60502174832115,51.587301587301596,51.587301587301596,36.27750015258789
2025-06-05,35.89250183105469,36.397499084472656,7.543990109687697,51.78571428571429,51.78571428571429,35.89250183105469
2025-06-06,34.95500183105469,35.8125,2.1501605793245013,45.43650793650794,45.43650793650794,34.95500183105469
2025-06-09,35.13750076293945,34.98749923706055,0.9220643750598895,43.25396825396825,43.25396825396825,35.13750076293945
2025-06-10,35.27000045776367,35.625,1.3648025685133864,43.84920634920635,43.84920634920635,35.27000045776367
2025-06-11,35.650001525878906,35.47249984741211,5.34724157837041,49.404761904761905,49.404761904761905,35.650001525878906
2025-06-12,36.525001525878906,36.400001525878906,13.888414149866863,58.333333333333336,58.333333333333336,36.525001525878906
2025-06-13,37.470001220703125,37.70000076293945,20.731880935570597,66.46825396825396,66.46825396825396,37.470001220703125
2025-06-16,36.400001525878906,37.11000061035156,15.661746636887397,61.50793650793651,61.50793650793651,36.400001525878906
2025-06-17,36.43000030517578,36.599998474121094,11.765922331421638,55.75396825396825,55.75396825396825,36.43000030517578
2025-06-18,36.02000045776367,36.650001525878906,4.58565959627342,47.817460317460316,47.817460317460316,36.02000045776367
2025-06-20,35.95000076293945,35.7599983215332,-2.0412839422922744,39.285714285714285,39.285714285714285,35.95000076293945
2025-06-23,36.18000030517578,36.0,-2.6846376497867386,38.88888888888889,38.88888888888889,36.18000030517578
2025-06-24,35.0099983215332,34.709999084472656,-15.904656200094418,23.41269841269841,23.41269841269841,35.0099983215332
2025-06-25,35.22999954223633,34.79999923706055,-20.348618598518573,17.46031746031746,17.46031746031746,35.22999954223633
2025-06-26,35.16999816894531,34.91999816894531,-23.296869571398897,14.285714285714285,14.285714285714285,35.16999816894531
2025-06-27,33.880001068115234,33.540000915527344,-32.28641977278049,7.5396825396825395,7.5396825396825395,33.880001068115234
2025-06-30,34.65999984741211,34.11000061035156,-31.220003300572607,7.936507936507936,7.936507936507936,34.65999984741211
2025-07-01,35.2599983215332,35.52000045776367,-25.12176136329169,12.5,12.5,35.2599983215332
2025-07-02,35.689998626708984,35.40999984741211,-17.827221089224857,21.626984126984127,21.626984126984127,35.689998626708984
2025-07-03,35.16999816894531,35.130001068115234,-18.85850766753179,19.444444444444446,19.444444444444446,35.16999816894531
2025-07-07,35.2400016784668,34.689998626708984,-18.917148460817444,19.246031746031747,19.246031746031747,35.2400016784668
2025-07-08,34.4900016784668,35.0,-25.73671373150916,11.507936507936508,11.507936507936508,34.4900016784668
2025-07-09,34.77000045776367,34.349998474121094,-26.62355671501146,10.912698412698413,10.912698412698413,34.77000045776367
2025-07-10,34.959999084472656,34.939998626708984,-25.10171357164952,11.904761904761903,11.904761904761903,34.959999084472656
2025-07-11,35.7400016784668,35.619998931884766,-16.157101311097463,23.214285714285715,23.214285714285715,35.7400016784668
2025-07-14,35.369998931884766,35.599998474121094,-15.527297396806416,23.41269841269841,23.41269841269841,35.369998931884766
2025-07-15,35.029998779296875,35.279998779296875,-18.543219281607506,19.841269841269842,19.841269841269842,35.029998779296875
2025-07-16,35.40999984741211,35.15999984741211,-14.064180390542452,25.396825396825395,25.396825396825395,35.40999984741211
2025-07-17,35.209999084472656,34.72999954223633,-12.56981438965378,27.18253968253968,27.18253968253968,35.209999084472656
2025-07-18,35.38999938964844,35.61000061035156,-9.267681178580128,31.746031746031743,31.746031746031743,35.38999938964844
2025-07-21,36.599998474121094,36.27000045776367,8.345512367620914,52.38095238095239,52.38095238095239,36.599998474121094
2025-07-22,37.34000015258789,37.0,20.402559092509495,66.26984126984127,66.26984126984127,37.34000015258789
2025-07-23,36.38999938964844,36.810001373291016,15.762791707465137,61.904761904761905,61.904761904761905,36.38999938964844
2025-07-24,35.86000061035156,35.599998474121094,6.6333520181882974,50.99206349206349,50.99206349206349,35.86000061035156
2025-07-25,35.099998474121094,35.18000030517578,-6.877863833642584,35.11904761904761,35.11904761904761,35.099998474121094
2025-07-28,34.65999984741211,34.869998931884766,-18.294343008624598,20.238095238095237,20.238095238095237,34.65999984741211
2025-07-29,34.790000915527344,34.689998626708984,-25.18968307298186,11.507936507936508,11.507936507936508,34.790000915527344
2025-07-30,33.59000015258789,34.36000061035156,-34.995740635776635,4.9603174603174605,4.9603174603174605,33.59000015258789
2025-07-31,34.04999923706055,34.38999938964844,-36.94813132063913,4.166666666666666,4.166666666666666,34.04999923706055
2025-08-01,35.38999938964844,35.29999923706055,-25.319698073078843,11.904761904761903,11.904761904761903,35.38999938964844
2025-08-04,35.84000015258789,35.810001373291016,-13.770416078731005,26.58730158730159,26.58730158730159,35.84000015258789
2025-08-05,35.88999938964844,35.720001220703125,-7.002440750854053,36.30952380952381,36.30952380952381,35.88999938964844
2025-08-06,35.91999816894531,35.720001220703125,-3.035282052632169,40.67460317460318,40.67460317460318,35.91999816894531
2025-08-07,36.61000061035156,36.43000030517578,6.683717141128226,52.57936507936508,52.57936507936508,36.61000061035156
2025-08-08,36.400001525878906,36.900001525878906,9.090570401023692,54.36507936507936,54.36507936507936,36.400001525878906
2025-08-11,35.220001220703125,35.310001373291016,-3.9547062578247236,39.08730158730159,39.08730158730159,35.220001220703125
2025-08-12,35.16999816894531,35.13999938964844,-11.224462692722529,29.96031746031746,29.96031746031746,35.16999816894531
2025-08-13,35.369998931884766,35.33000183105469,-12.665498629343968,27.380952380952383,27.380952380952383,35.369998931884766
2025-08-14,34.880001068115234,35.09000015258789,-18.91908080951739,19.047619047619047,19.047619047619047,34.880001068115234
2025-08-15,34.86000061035156,34.900001525878906,-22.28881934497258,14.682539682539684,14.682539682539684,34.86000061035156
2025-08-18,34.7599983215332,34.959999084472656,-25.290904184448138,11.30952380952381,11.30952380952381,34.7599983215332
2025-08-19,34.369998931884766,34.72999954223633,-30.064728169002166,7.936507936507936,7.936507936507936,34.369998931884766
2025-08-20,35.040000915527344,34.900001525878906,-24.85538635867479,12.5,12.5,35.040000915527344
2025-08-21,34.869998931884766,34.959999084472656,-24.32360196840721,13.095238095238097,13.095238095238097,34.869998931884766
2025-08-22,35.56999969482422,34.630001068115234,-14.884219492903975,24.404761904761905,24.404761904761905,35.56999969482422
2025-08-25,35.439998626708984,35.380001068115234,-11.314615395344566,29.761904761904763,29.761904761904763,35.439998626708984
2025-08-26,36.0,35.650001525878906,-2.2879168770841165,40.67460317460318,40.67460317460318,36.0
2025-08-27,36.2599983215332,35.86000061035156,5.6894157412178785,51.19047619047619,51.19047619047619,36.2599983215332
2025-08-28,36.86000061035156,36.5099983215332,16.13309234685384,63.095238095238095,63.095238095238095,36.86000061035156
2025-08-29,37.689998626708984,36.810001373291016,26.46120043081578,73.21428571428571,73.21428571428571,37.689998626708984
2025-09-02,39.43000030517578,38.38999938964844,34.72729402380128,87.89682539682539,87.89682539682539,39.43000030517578
2025-09-03,39.91999816894531,40.06999969482422,37.87020086331761,92.85714285714286,92.85714285714286,39.91999816894531
2025-09-04,39.599998474121094,39.7599983215332,37.413323982225535,91.86507936507937,91.86507936507937,39.599998474121094
2025-09-05,40.5099983215332,40.27000045776367,40.1241840256594,97.02380952380952,97.02380952380952,40.5099983215332
2025-09-08,41.15999984741211,40.88999938964844,41.70432261167312,99.0079365079365,99.0079365079365,41.15999984741211
2025-09-09,41.0099983215332,41.720001220703125,40.232253130034096,96.82539682539682,96.82539682539682,41.0099983215332
2025-09-10,41.310001373291016,41.41999816894531,40.359067279073955,96.82539682539682,96.82539682539682,41.310001373291016
2025-09-11,41.13999938964844,40.79999923706055,39.461021309864954,95.63492063492063,95.63492063492063,41.13999938964844
2025-09-12,41.33000183105469,41.400001525878906,39.730474196493596,95.63492063492063,95.63492063492063,41.33000183105469
2025-09-15,42.16999816894531,41.52000045776367,41.895629599442216,99.0079365079365,99.0079365079365,42.16999816894531
2025-09-16,42.33000183105469,42.45000076293945,42.52503670012145,99.8015873015873,99.8015873015873,42.33000183105469
2025-09-17,41.630001068115234,42.0,39.031040976378506,94.24603174603175,94.24603174603175,41.630001068115234
2025-09-18,41.25,41.439998626708984,34.47934745736879,84.92063492063492,84.92063492063492,41.25
2025-09-19,42.119998931884766,41.459999084472656,35.91425753345184,88.09523809523809,88.09523809523809,42.119998931884766
2025-09-22,43.58000183105469,43.02000045776367,39.859666585632446,95.43650793650794,95.43650793650794,43.58000183105469
2025-09-23,43.91999816894531,44.400001525878906,40.649564100838134,96.82539682539682,96.82539682539682,43.91999816894531
2025-09-24,43.13999938964844,44.02000045776367,36.661272016716524,88.69047619047619,88.69047619047619,43.13999938964844
2025-09-25,43.47999954223633,43.349998474121094,35.97708131011185,87.5,87.5,43.47999954223633
2025-09-26,43.900001525878906,43.720001220703125,36.96768359135682,89.28571428571429,89.28571428571429,43.900001525878906
2025-09-29,45.349998474121094,45.189998626708984,40.22058502338425,95.83333333333334,95.83333333333334,45.349998474121094
2025-09-30,46.060001373291016,45.04999923706055,42.26692650499663,99.20634920634922,99.20634920634922,46.060001373291016
2025-10-01,46.209999084472656,46.290000915527344,42.6350449087219,99.8015873015873,99.8015873015873,46.209999084472656
2025-10-02,45.869998931884766,46.810001373291016,40.164180939343744,95.23809523809523,95.23809523809523,45.869998931884766
2025-10-03,46.63999938964844,46.5099983215332,41.27822045483304,97.42063492063492,97.42063492063492,46.63999938964844
2025-10-06,48.34000015258789,47.720001220703125,42.24405732740182,98.80952380952381,98.80952380952381,48.34000015258789
2025-10-07,48.84000015258789,48.90999984741211,42.768754186999814,99.8015873015873,99.8015873015873,48.84000015258789
2025-10-08,50.349998474121094,50.22999954223633,42.90761763176094,99.8015873015873,99.8015873015873,50.349998474121094
2025-10-09,48.43000030517578,50.599998474121094,36.1879158307032,86.11111111111111,86.11111111111111,48.43000030517578
2025-10-10,49.41999816894531,48.939998626708984,35.489116622466746,84.92063492063492,84.92063492063492,49.41999816894531
2025-10-13,51.83000183105469,51.439998626708984,39.023181639981466,91.86507936507937,91.86507936507937,51.83000183105469
2025-10-14,52.630001068115234,51.83000183105469,41.0139334370034,96.03174603174604,96.03174603174604,52.630001068115234
2025-10-15,54.34000015258789,53.95000076293945,42.536058657024576,99.20634920634922,99.20634920634922,54.34000015258789
2025-10-16,56.810001373291016,55.380001068115234,43.343955151613194,100.0,100.0,56.810001373291016
2025-10-17,54.720001220703125,56.970001220703125,38.94191595924383,90.87301587301587,90.87301587301587,54.720001220703125
2025-10-20,58.65999984741211,57.15999984741211,41.156334503867576,95.83333333333334,95.83333333333334,58.65999984741211
2025-10-21,51.470001220703125,53.849998474121094,23.249634197223216,61.904761904761905,61.904761904761905,51.470001220703125
2025-10-22,51.369998931884766,50.06999969482422,12.52967305616251,51.587301587301596,51.587301587301596,51.369998931884766
2025-10-23,51.70000076293945,52.40999984741211,7.7889124147504765,46.62698412698413,46.62698412698413,51.70000076293945
2025-10-24,51.34000015258789,51.599998474121094,3.472595947540512,41.66666666666667,41.66666666666667,51.34000015258789
2025-10-27,48.52000045776367,49.529998779296875,-10.144142114350064,26.38888888888889,26.38888888888889,48.52000045776367
2025-10-28,47.779998779296875,47.08000183105469,-20.301461995564917,13.293650793650794,13.293650793650794,47.779998779296875
2025-10-29,47.380001068115234,49.16999816894531,-26.72098467692521,6.547619047619048,6.547619047619048,47.380001068115234
2025-10-30,49.25,47.939998626708984,-23.004923977126875,10.912698412698413,10.912698412698413,49.25
2025-10-31,48.68000030517578,49.290000915527344,-24.732174362198602,9.523809523809524,9.523809523809524,48.68000030517578
2025-11-03,48.939998626708984,48.91999816894531,-25.51344432345546,7.738095238095238,7.738095238095238,48.939998626708984
2025-11-04,47.150001525878906,47.45000076293945,-32.9534097875662,2.7777777777777777,2.7777777777777777,47.150001525878906
2025-11-05,48.25,48.22999954223633,-31.963132279334356,3.571428571428571,3.571428571428571,48.25
2025-11-06,48.099998474121094,48.40999984741211,-32.17103930530672,3.571428571428571,3.571428571428571,48.099998474121094
2025-11-07,48.689998626708984,48.59000015258789,-29.72389280876379,5.753968253968254,5.753968253968254,48.689998626708984
2025-11-10,51.27000045776367,50.689998626708984,-18.305092494921052,18.452380952380953,18.452380952380953,51.27000045776367
2025-11-11,51.720001220703125,51.7599983215332,-10.285138502407678,28.373015873015873,28.373015873015873,51.720001220703125
2025-11-12,53.349998474121094,51.7599983215332,-1.039285255661468,39.08730158730159,39.08730158730159,53.349998474121094
2025-11-13,52.4900016784668,53.709999084472656,0.7897114698384401,40.27777777777778,40.27777777777778,52.4900016784668
2025-11-14,50.52000045776367,49.650001525878906,-6.8970250870698955,33.53174603174603,33.53174603174603,50.52000045776367
2025-11-17,49.349998474121094,50.0099983215332,-16.21552301495957,21.03174603174603,21.03174603174603,49.349998474121094
2025-11-18,50.040000915527344,50.20000076293945,-14.205528675339362,23.41269841269841,23.41269841269841,50.040000915527344
2025-11-19,50.209999084472656,51.0099983215332,-11.161195948031052,27.77777777777778,27.77777777777778,50.209999084472656
2025-11-20,50.2400016784668,50.29999923706055,-9.439836628173031,29.96031746031746,29.96031746031746,50.2400016784668
2025-11-21,49.95000076293945,49.95000076293945,-10.776971204931494,28.174603174603174,28.174603174603174,49.95000076293945
2025-11-24,51.58000183105469,50.18000030517578,-1.5361214327059292,38.88888888888889,38.88888888888889,51.58000183105469
2025-11-25,51.58000183105469,51.79999923706055,3.3632852277991536,44.44444444444444,44.44444444444444,51.58000183105469
2025-11-26,52.36000061035156,51.849998474121094,10.341217425121235,52.182539682539684,52.182539682539684,52.36000061035156
2025-11-28,53.709999084472656,53.25,20.364088667544383,62.5,62.5,53.709999084472656
2025-12-01,54.209999084472656,54.4900016784668,26.064058638092625,68.25396825396825,68.25396825396825,54.209999084472656
2025-12-02,53.45000076293945,53.90999984741211,24.860461458399225,66.66666666666666,66.66666666666666,53.45000076293945
2025-12-03,53.369998931884766,53.849998474121094,23.889638175969782,65.47619047619048,65.47619047619048,53.369998931884766
2025-12-04,53.41999816894531,53.38999938964844,23.094030231268096,64.48412698412699,64.48412698412699,53.41999816894531
2025-12-05,53.220001220703125,53.9900016784668,20.7672397810859,62.89682539682539,62.89682539682539,53.220001220703125
2025-12-08,52.970001220703125,53.400001525878906,17.249305142749044,60.11904761904761,60.11904761904761,52.970001220703125
2025-12-09,53.47999954223633,53.029998779296875,18.37901948932706,61.30952380952381,61.30952380952381,53.47999954223633
2025-12-10,53.939998626708984,53.06999969482422,21.672603578892918,63.69047619047619,63.69047619047619,53.939998626708984
2025-12-11,55.08000183105469,53.939998626708984,27.077781913208725,70.83333333333334,70.83333333333334,55.08000183105469
2025-12-12,55.72999954223633,56.88999938964844,27.70549050772034,71.03174603174604,71.03174603174604,55.72999954223633
2025-12-15,55.83000183105469,56.45000076293945,28.307830452096933,72.22222222222221,72.22222222222221,55.83000183105469
2025-12-16,55.83000183105469,56.45000076293945,28.624939112597847,72.42063492063492,72.42063492063492,55.83000183105469
2025-12-17,56.849998474121094,56.529998779296875,32.768299606253784,79.36507936507937,79.36507936507937,56.849998474121094
2025-12-18,56.66999816894531,56.63999938964844,32.119345087871295,78.37301587301587,78.37301587301587,56.66999816894531
2025-12-19,56.779998779296875,56.47999954223633,32.30051788326149,78.57142857142857,78.57142857142857,56.779998779296875
2025-12-22,59.470001220703125,59.20000076293945,37.171897941477106,87.5,87.5,59.470001220703125
2025-12-23,60.84000015258789,60.060001373291016,40.40576836461868,94.44444444444444,94.44444444444444,60.84000015258789
2025-12-24,60.34000015258789,60.56999969482422,40.08429587961322,93.25396825396825,93.25396825396825,60.34000015258789
2025-12-26,61.849998474121094,61.91999816894531,40.72973557673604,95.03968253968253,95.03968253968253,61.849998474121094
2025-12-29,56.2400016784668,57.77000045776367,15.48512078524219,55.35714285714286,55.35714285714286,56.2400016784668
2025-12-30,56.31999969482422,57.59000015258789,1.6411107237513465,41.07142857142857,41.07142857142857,56.31999969482422
2025-12-31,55.52000045776367,56.15999984741211,-10.524969141859327,28.373015873015873,28.373015873015873,55.52000045776367
2026-01-02,55.900001525878906,56.900001525878906,-15.092747306330045,22.22222222222222,22.22222222222222,55.900001525878906
2026-01-05,58.84000015258789,58.2599983215332,-3.582586724577863,36.7063492063492,36.7063492063492,58.84000015258789
2026-01-06,60.15999984741211,59.43000030517578,7.614050599622818,48.41269841269841,48.41269841269841,60.15999984741211
2026-01-07,59.040000915527344,58.81999969482422,8.144212635672174,49.60317460317461,49.60317460317461,59.040000915527344
2026-01-08,59.65999984741211,58.36000061035156,11.06772038158482,52.182539682539684,52.182539682539684,59.65999984741211
2026-01-09,60.4900016784668,60.150001525878906,15.631488451000184,56.74603174603175,56.74603174603175,60.4900016784668
2026-01-12,62.810001373291016,62.63999938964844,22.657211743200182,63.095238095238095,63.095238095238095,62.810001373291016
2026-01-13,62.560001373291016,63.459999084472656,24.586483692887317,65.67460317460318,65.67460317460318,62.560001373291016
2026-01-14,63.779998779296875,63.900001525878906,29.315155751942967,72.02380952380952,72.02380952380952,63.779998779296875
2026-01-15,62.959999084472656,62.90999984741211,27.999519597238564,69.84126984126983,69.84126984126983,62.959999084472656
2026-01-16,62.349998474121094,62.79999923706055,24.56321187033981,65.07936507936508,65.07936507936508,62.349998474121094
2026-01-20,67.12000274658203,66.95999908447266,31.00422881320298,74.40476190476191,74.40476190476191,67.12000274658203
2026-01-21,69.0,69.94999694824219,33.53935234128773,80.35714285714286,80.35714285714286,69.0
2026-01-22,71.63999938964844,69.06999969482422,37.48769867932678,87.3015873015873,87.3015873015873,71.63999938964844
2026-01-23,73.44999694824219,72.26000213623047,40.28280293289647,93.84920634920636,93.84920634920636,73.44999694824219
2026-01-26,75.4800033569336,76.19000244140625,40.563640271465005,94.64285714285714,94.64285714285714,75.4800033569336
2026-01-27,79.23999786376953,75.63999938964844,42.291234638164426,98.4126984126984,98.4126984126984,79.23999786376953
2026-01-28,85.19999694824219,81.55999755859375,43.18767667397887,99.60317460317461,99.60317460317461,85.19999694824219
2026-01-29,85.62000274658203,90.3499984741211,41.09735418365052,95.43650793650794,95.43650793650794,85.62000274658203
2026-01-30,67.87000274658203,75.5199966430664,13.374938405170914,51.388888888888886,51.388888888888886,67.87000274658203
2026-02-02,62.65999984741211,64.4800033569336,-10.376709445569466,27.18253968253968,27.18253968253968,62.65999984741211
2026-02-03,70.38999938964844,70.0999984741211,-12.109242920029176,24.206349206349206,24.206349206349206,70.38999938964844
2026-02-04,70.23999786376953,72.83999633789062,-13.229646092094555,23.015873015873016,23.015873015873016,70.23999786376953
2026-02-05,66.5999984741211,67.27999877929688,-20.333401090053435,13.690476190476192,13.690476190476192,66.5999984741211
2026-02-06,70.62999725341797,69.22000122070312,-17.122953137873143,18.849206349206348,18.849206349206348,70.62999725341797
2026-02-09,74.2699966430664,72.5,-11.00399914207343,26.785714285714285,26.785714285714285,74.2699966430664
2026-02-10,72.80000305175781,73.95999908447266,-10.753045891558942,27.18253968253968,27.18253968253968,72.80000305175781
2026-02-11,74.48999786376953,73.94999694824219,-7.9238636014606065,30.952380952380953,30.952380952380953,74.48999786376953
2026-02-12,69.37000274658203,73.68000030517578,-15.91027527127766,20.03968253968254,20.03968253968254,69.37000274658203
2026-02-13,72.7300033569336,71.8499984741211,-13.982419005822418,22.817460317460316,22.817460317460316,72.7300033569336
2026-02-17,68.20999908447266,68.80999755859375,-21.21486315097251,12.896825396825399,12.896825396825399,68.20999908447266
2026-02-18,71.23999786376953,70.5999984741211,-19.516286799215095,15.277777777777779,15.277777777777779,71.23999786376953
2026-02-19,71.69000244140625,71.05000305175781,-17.593077091805227,18.650793650793652,18.650793650793652,71.69000244140625
2026-02-20,74.54000091552734,72.83999633789062,-11.940673410271362,25.595238095238095,25.595238095238095,74.54000091552734
2026-02-23,78.51000213623047,76.44999694824219,-2.492495328976357,35.714285714285715,35.714285714285715,78.51000213623047
2026-02-24,76.31999969482422,74.83999633789062,-1.6264101436981249,36.507936507936506,36.507936507936506,76.31999969482422
2026-02-25,75.94999694824219,76.75,-1.8237853021340968,36.30952380952381,36.30952380952381,75.94999694824219
2026-02-26,77.23999786376953,76.44999694824219,0.6080586163717678,37.89682539682539,37.89682539682539,77.23999786376953
2026-02-27,79.26000213623047,78.29000091552734,4.9794594158415615,43.25396825396825,43.25396825396825,79.26000213623047
2026-03-02,81.19000244140625,81.26000213623047,16.824739740118048,55.952380952380956,55.952380952380956,81.19000244140625
2026-03-03,74.01000213623047,75.44000244140625,6.69034360880128,44.84126984126984,44.84126984126984,74.01000213623047
2026-03-04,75.16999816894531,76.02999877929688,1.529962511571061,38.69047619047619,38.69047619047619,75.16999816894531
2026-03-05,73.43000030517578,74.63999938964844,-6.6693279335660005,32.53968253968254,32.53968253968254,73.43000030517578
2026-03-06,75.58999633789062,74.18000030517578,-4.433777243807533,33.92857142857143,33.92857142857143,75.58999633789062
2026-03-09,75.27999877929688,73.86000061035156,-5.024884150433412,33.53174603174603,33.53174603174603,75.27999877929688
2026-03-10,76.87000274658203,77.58999633789062,-0.8743047081864735,37.5,37.5,76.87000274658203
2026-03-11,76.37999725341797,76.3499984741211,-0.04407140007240525,38.095238095238095,38.095238095238095,76.37999725341797
2026-03-12,73.47000122070312,76.0,-9.444106538618541,28.968253968253972,28.968253968253972,73.47000122070312
2026-03-13,71.4800033569336,74.1500015258789,-19.695202087165285,14.285714285714285,14.285714285714285,71.4800033569336
2026-03-16,71.41000366210938,71.58000183105469,-25.068607865178645,9.126984126984127,9.126984126984127,71.41000366210938
2026-03-17,70.9800033569336,71.36000061035156,-28.850377177512804,5.753968253968254,5.753968253968254,70.9800033569336
2026-03-18,66.58999633789062,67.04000091552734,-37.182856882997015,0.992063492063492,0.992063492063492,66.58999633789062
2026-03-19,60.91999816894531,59.11000061035156,-39.07717070494084,0.7936507936507936,0.7936507936507936,60.91999816894531
2026-03-20,57.220001220703125,61.349998474121094,-42.093659839383974,0.3968253968253968,0.3968253968253968,57.220001220703125
2026-03-23,54.560001373291016,54.849998474121094,-43.239768663238664,0.1984126984126984,0.1984126984126984,54.560001373291016
2026-03-24,54.56999969482422,53.540000915527344,-43.76507412659342,0.1984126984126984,0.1984126984126984,54.56999969482422
2026-03-25,57.709999084472656,58.70000076293945,-41.53425284980489,1.1904761904761905,1.1904761904761905,57.709999084472656
2026-03-26,53.459999084472656,55.56999969482422,-43.549499386528964,0.3968253968253968,0.3968253968253968,53.459999084472656
2026-03-27,57.150001525878906,54.86000061035156,-41.696876943518355,1.3888888888888888,1.3888888888888888,57.150001525878906
2026-03-30,57.15999984741211,58.5099983215332,-40.6278341454925,1.7857142857142856,1.7857142857142856,57.15999984741211
2026-03-31,61.459999084472656,58.66999816894531,-35.1420301137653,3.373015873015873,3.373015873015873,61.459999084472656
2026-04-01,63.4900016784668,62.75,-28.730457674481997,8.134920634920634,8.134920634920634,63.4900016784668
2026-04-02,60.9900016784668,59.0,-29.166534215783667,7.738095238095238,7.738095238095238,60.9900016784668
2026-04-06,60.59000015258789,60.900001525878906,-29.925391240533823,7.341269841269842,7.341269841269842,60.59000015258789
2026-04-07,61.7599983215332,60.61000061035156,-28.231433182835207,9.126984126984127,9.126984126984127,61.7599983215332
2026-04-08,62.470001220703125,64.0999984741211,-26.030927311708652,10.317460317460316,10.317460317460316,62.470001220703125
2026-04-09,63.470001220703125,63.08000183105469,-21.835430121215097,15.277777777777779,15.277777777777779,63.470001220703125
2026-04-10,63.220001220703125,63.63999938964844,-20.044117537796787,17.658730158730158,17.658730158730158,63.220001220703125
2026-04-13,62.7400016784668,62.540000915527344,-19.544709022611674,18.452380952380953,18.452380952380953,62.7400016784668
2026-04-14,65.48999786376953,63.810001373291016,-9.134342770726446,33.92857142857143,33.92857142857143,65.48999786376953
2026-04-15,64.1500015258789,64.8499984741211,-7.9245793176666535,35.11904761904761,35.11904761904761,64.1500015258789
2026-04-16,64.05000305175781,64.6500015258789,-3.8511497074696934,39.285714285714285,39.285714285714285,64.05000305175781
2026-04-17,65.6500015258789,65.62999725341797,7.409594561825811,50.99206349206349,50.99206349206349,65.6500015258789
2026-04-20,64.55999755859375,64.83000183105469,8.337603753501313,52.57936507936508,52.57936507936508,64.55999755859375
2026-04-21,60.95000076293945,63.459999084472656,-3.3877649293960967,39.682539682539684,39.682539682539684,60.95000076293945
2026-04-22,62.540000915527344,62.790000915527344,-4.424559936770582,39.08730158730159,39.08730158730159,62.540000915527344
2026-04-23,61.33000183105469,62.150001525878906,-8.90198716010395,34.12698412698413,34.12698412698413,61.33000183105469
2026-04-24,61.84000015258789,61.33000183105469,-9.367546899531868,33.730158730158735,33.730158730158735,61.84000015258789
2026-04-27,60.900001525878906,61.38999938964844,-13.718566872808141,26.984126984126984,26.984126984126984,60.900001525878906
2026-04-28,58.66999816894531,58.29999923706055,-24.364903961168775,13.492063492063492,13.492063492063492,58.66999816894531
2026-04-29,57.43000030517578,57.16999816894531,-32.48743805476971,4.9603174603174605,4.9603174603174605,57.43000030517578
2026-04-30,59.18000030517578,59.59000015258789,-32.15127310715555,5.753968253968254,5.753968253968254,59.18000030517578
2026-05-01,59.0,58.40999984741211,-32.53337545148627,4.9603174603174605,4.9603174603174605,59.0
2026-05-04,56.560001373291016,57.70000076293945,-37.83772263398454,2.380952380952381,2.380952380952381,56.560001373291016
2026-05-05,57.52000045776367,58.060001373291016,-38.19009260388767,2.380952380952381,2.380952380952381,57.52000045776367
2026-05-06,61.02000045776367,60.79999923706055,-26.665566647247907,11.11111111111111,11.11111111111111,61.02000045776367
2026-05-07,61.27000045776367,62.36000061035156,-18.92022675681632,21.03174603174603,21.03174603174603,61.27000045776367
2026-05-08,61.790000915527344,61.869998931884766,-12.245831768774678,29.96031746031746,29.96031746031746,61.790000915527344
2026-05-11,62.06999969482422,61.91999816894531,-6.9972332439769875,38.492063492063494,38.492063492063494,62.06999969482422
2026-05-12,61.5099983215332,60.869998931884766,-7.4038078437288934,37.89682539682539,37.89682539682539,61.5099983215332
2026-05-13,60.81999969482422,60.83000183105469,-11.44162128060152,30.952380952380953,30.952380952380953,60.81999969482422
2026-05-14,59.880001068115234,60.79999923706055,-17.602676359412758,23.61111111111111,23.61111111111111,59.880001068115234
2026-05-15,57.040000915527344,57.13999938964844,-29.085307813663103,9.126984126984127,9.126984126984127,57.040000915527344
2026-05-18,57.380001068115234,57.709999084472656,-33.38215238060163,4.9603174603174605,4.9603174603174605,57.380001068115234
2026-05-19,55.47999954223633,55.68000030517578,-38.1505912915458,2.579365079365079,2.579365079365079,55.47999954223633
2026-05-20,57.029998779296875,55.619998931884766,-35.45753366901948,3.7698412698412698,3.7698412698412698,57.029998779296875
2026-05-21,56.900001525878906,55.849998474121094,-34.2416924796238,4.9603174603174605,4.9603174603174605,56.900001525878906
2026-05-22,56.04999923706055,56.380001068115234,-36.39382403511316,3.7698412698412698,3.7698412698412698,56.04999923706055
2026-05-26,56.029998779296875,56.400001525878906,-37.570836055409885,3.1746031746031744,3.1746031746031744,56.029998779296875
2026-05-27,54.59000015258789,53.38999938964844,-38.68089936582742,2.380952380952381,2.380952380952381,54.59000015258789
2026-05-28,55.709999084472656,54.029998779296875,-35.804009662139606,4.365079365079365,4.365079365079365,55.709999084472656
2026-05-29,56.900001525878906,56.470001220703125,-30.33303740629846,9.523809523809524,9.523809523809524,56.900001525878906
2026-06-01,55.2599983215332,54.869998931884766,-32.38203115916165,7.5396825396825395,7.5396825396825395,55.2599983215332
2026-06-02,55.43000030517578,55.9900016784668,-32.8208300283882,6.944444444444445,6.944444444444445,55.43000030517578
2026-06-03,54.31999969482422,54.43000030517578,-36.422338734556405,4.166666666666666,4.166666666666666,54.31999969482422
2026-06-04,55.209999084472656,55.779998779296875,-35.19431310858922,5.158730158730158,5.158730158730158,55.209999084472656
2026-06-05,51.18000030517578,53.290000915527344,-40.14114464589285,2.1825396825396823,2.1825396825396823,51.18000030517578
2026-06-08,51.380001068115234,51.47999954223633,-42.15156123703074,0.992063492063492,0.992063492063492,51.380001068115234
2026-06-09,49.7599983215332,51.5,-43.0621211529099,0.992063492063492,0.992063492063492,49.7599983215332
2026-06-10,45.689998626708984,47.18000030517578,-44.596369467122926,0.0,0.0,45.689998626708984
2026-06-11,48.45000076293945,45.459999084472656,-40.370549492286614,2.579365079365079,2.579365079365079,48.45000076293945
2026-06-12,48.4900016784668,48.310001373291016,-37.86300307757987,3.968253968253968,3.968253968253968,48.4900016784668
2026-06-15,51.029998779296875,51.779998779296875,-29.20686103886137,12.698412698412698,12.698412698412698,51.029998779296875
2026-06-16,51.33000183105469,51.34000015258789,-23.48352562456525,18.849206349206348,18.849206349206348,51.33000183105469
2026-06-17,48.939998626708984,51.34000015258789,-26.50672703334181,15.277777777777779,15.277777777777779,48.939998626708984
2026-06-18,48.52000045776367,49.619998931884766,-28.985339516022474,13.293650793650794,13.293650793650794,48.52000045776367
2026-06-22,47.90999984741211,47.810001373291016,-31.502149132771212,10.515873015873016,10.515873015873016,47.90999984741211
2026-06-23,46.13999938964844,46.209999084472656,-36.28353545845373,5.753968253968254,5.753968253968254,46.13999938964844
2026-06-24,43.34000015258789,43.029998779296875,-40.04527857220121,3.1746031746031744,3.1746031746031744,43.34000015258789
2026-06-25,44.11000061035156,44.040000915527344,-40.64428161970988,2.380952380952381,2.380952380952381,44.11000061035156
2026-06-26,45.11000061035156,44.77000045776367,-39.00769687498228,3.7698412698412698,3.7698412698412698,45.11000061035156
2026-06-29,43.86000061035156,44.34000015258789,-40.37922847639565,2.7777777777777777,2.7777777777777777,43.86000061035156
2026-06-30,43.869998931884766,44.04999923706055,-40.757671752899434,2.380952380952381,2.380952380952381,43.869998931884766
2026-07-01,44.34000015258789,44.529998779296875,-39.64663806287337,3.968253968253968,3.968253968253968,44.34000015258789
2026-07-02,46.150001525878906,45.970001220703125,-34.39603247485372,8.73015873015873,8.73015873015873,46.150001525878906
2026-07-06,47.09000015258789,46.61000061035156,-28.988415759839974,14.880952380952381,14.880952380952381,47.09000015258789
2026-07-07,45.97999954223633,47.119998931884766,-27.360981978340902,16.071428571428573,16.071428571428573,45.97999954223633
2026-07-08,45.119998931884766,44.900001525878906,-28.719767098422828,15.873015873015872,15.873015873015872,45.119998931884766
2026-07-09,46.099998474121094,46.18000030517578,-25.448631621740724,18.253968253968253,18.253968253968253,46.099998474121094
2026-07-10,45.7599983215332,45.279998779296875,-25.003421197036758,19.642857142857142,19.642857142857142,45.7599983215332
2026-07-13,43.380001068115234,44.72999954223633,-32.39416678431844,10.912698412698413,10.912698412698413,43.380001068115234
2026-07-14,44.5,45.09000015258789,-32.239656212983554,11.507936507936508,11.507936507936508,44.5
2026-07-15,44.5,44.5,-32.08369836517848,12.103174603174603,12.103174603174603,44.5
2026-07-16,42.790000915527344,43.34000015258789,-37.013858110921724,6.15079365079365,6.15079365079365,42.790000915527344
2026-07-17,43.56999969482422,42.540000915527344,-36.664688969290886,6.547619047619048,6.547619047619048,43.56999969482422
2026-07-20,43.38999938964844,43.38999938964844,-36.359915139890575,7.341269841269842,7.341269841269842,43.38999938964844
2026-07-21,45.060001373291016,44.33000183105469,-26.010453964283816,18.849206349206348,18.849206349206348,45.060001373291016
2026-07-22,46.130001068115234,46.119998931884766,-10.61329828459777,37.10317460317461,37.10317460317461,46.130001068115234
2026-07-23,44.22999954223633,44.43000030517578,-15.014929083994804,31.944444444444443,31.944444444444443,44.22999954223633
2026-07-24,44.380001068115234,44.16999816894531,-16.33236490778229,30.357142857142854,30.357142857142854,44.380001068115234
2026-07-27,44.9900016784668,44.86000061035156,-12.52916047071805,34.523809523809526,34.523809523809526,44.9900016784668
2026-07-28,43.72999954223633,43.77000045776367,-18.885410883181574,28.174603174603174,28.174603174603174,43.72999954223633
2026-07-29,44.13999938964844,43.45000076293945,-19.391759944721233,26.984126984126984,26.984126984126984,44.13999938964844
2026-07-30,45.54999923706055,44.86000061035156,-9.395884402346617,40.27777777777778,40.27777777777778,45.54999923706055
2026-07-31,44.189998626708984,43.9900016784668,-13.767136971282953,33.92857142857143,33.92857142857143,44.189998626708984
2026-08-03,44.20000076293945,43.790000915527344,-16.004950485401544,31.349206349206348,31.349206349206348,44.20000076293945
2026-08-04,44.779998779296875,44.79999923706055,-12.754417495188687,34.523809523809526,34.523809523809526,44.779998779296875
2026-08-05,48.560001373291016,47.45000076293945,7.96808689342071,57.53968253968254,57.53968253968254,48.560001373291016
2026-08-06,48.529998779296875,48.5099983215332,18.074099965474822,66.46825396825396,66.46825396825396,48.529998779296875
2026-08-07,50.689998626708984,51.02000045776367,25.31140303173174,73.61111111111111,73.61111111111111,50.689998626708984
2026-08-10,51.709999084472656,50.47999954223633,30.365752045884907,79.56349206349206,79.56349206349206,51.709999084472656
2026-08-11,51.31999969482422,51.95000076293945,31.22837087235919,80.75396825396825,80.75396825396825,51.31999969482422
2026-08-12,52.349998474121094,52.45000076293945,32.66910550546876,83.33333333333334,83.33333333333334,52.349998474121094
2026-08-13,50.77000045776367,51.61000061035156,28.593246329390503,76.5873015873016,76.5873015873016,50.77000045776367
2026-08-14,51.369998931884766,51.61000061035156,28.05978768281477,75.79365079365078,75.79365079365078,51.369998931884766
2026-08-17,52.40999984741211,51.619998931884766,30.478660048376792,79.36507936507937,79.36507936507937,52.40999984741211
2026-08-18,50.630001068115234,51.63999938964844,25.13736970484401,71.82539682539682,71.82539682539682,50.630001068115234
2026-08-19,54.560001373291016,53.310001373291016,30.42522231528461,79.16666666666666,79.16666666666666,54.560001373291016
2026-08-20,54.93000030517578,53.54999923706055,32.841833257726066,83.53174603174604,83.53174603174604,54.93000030517578
2026-08-21,57.09000015258789,56.279998779296875,34.80458275178109,86.11111111111111,86.11111111111111,57.09000015258789
2026-08-24,57.90999984741211,58.459999084472656,35.674285895775384,87.6984126984127,87.6984126984127,57.90999984741211
2026-08-25,58.29999923706055,56.86000061035156,36.902090144444784,88.69047619047619,88.69047619047619,58.29999923706055
2026-08-26,56.470001220703125,56.900001525878906,32.878592777845455,82.93650793650794,82.93650793650794,56.470001220703125
2026-08-27,56.810001373291016,56.349998474121094,31.281250171489756,80.15873015873017,80.15873015873017,56.810001373291016
2026-08-28,53.06999969482422,56.650001525878906,20.261153825428792,65.67460317460318,65.67460317460318,53.06999969482422
2026-08-31,52.90999984741211,52.810001373291016,13.699049310469782,59.92063492063492,59.92063492063492,52.90999984741211
2026-09-01,49.95000076293945,50.33000183105469,-0.8917596706050036,48.41269841269841,48.41269841269841,49.95000076293945
2026-09-02,51.400001525878906,50.65999984741211,-6.892522350571868,43.452380952380956,43.452380952380956,51.400001525878906
2026-09-03,53.369998931884766,53.47999954223633,-2.843263091574353,46.42857142857143,46.42857142857143,53.369998931884766
2026-09-04,52.40999984741211,51.869998931884766,-7.777946194812153,42.06349206349206,42.06349206349206,52.40999984741211
2026-09-08,50.61000061035156,51.52000045776367,-18.500719948572954,29.166666666666668,29.166666666666668,50.61000061035156
2026-09-09,51.540000915527344,52.22999954223633,-19.92894280987347,25.992063492063494,25.992063492063494,51.540000915527344
2026-09-10,49.720001220703125,50.5,-27.18487514985873,17.658730158730158,17.658730158730158,49.720001220703125
2026-09-11,50.310001373291016,51.25,-28.337265311018918,17.261904761904763,17.261904761904763,50.310001373291016
2026-09-14,48.790000915527344,48.540000915527344,-31.943750018486504,13.095238095238097,13.095238095238097,48.790000915527344
2026-09-15,49.08000183105469,48.849998474121094,-32.8036122742867,10.912698412698413,10.912698412698413,49.08000183105469
2026-09-16,48.459999084472656,50.34000015258789,-33.803972814098,9.920634920634921,9.920634920634921,48.459999084472656
2026-09-17,50.16999816894531,50.68000030517578,-27.74206557458761,18.253968253968253,18.253968253968253,50.16999816894531
2026-09-18,50.869998931884766,50.65999984741211,-21.491104993251415,25.0,25.0,50.869998931884766
2026-09-21,50.119998931884766,50.56999969482422,-21.22578869284732,25.396825396825395,25.396825396825395,50.119998931884766
2026-09-22,50.58000183105469,49.790000915527344,-19.18420119305237,29.166666666666668,29.166666666666668,50.58000183105469
2026-09-23,48.70000076293945,49.380001068115234,-25.65818215832003,20.436507936507937,20.436507936507937,48.70000076293945
2026-09-24,48.45000076293945,48.5099983215332,-29.52405167014599,16.071428571428573,16.071428571428573,48.45000076293945
2026-09-25,48.849998474121094,48.560001373291016,-29.58650906034069,16.071428571428573,16.071428571428573,48.849998474121094
2026-09-28,45.029998593442635,45.41999858126059,-35.93298492446325,7.738095238095238,7.738095238095238,45.029998779296875
2026-09-29,46.209998556584154,45.719998571889796,-34.788401014102845,9.325396825396826,9.325396825396826,46.209999084472656
2026-09-30,45.72999857157743,46.519998546900986,-35.83139261326429,7.936507936507936,7.936507936507936,45.72999954223633
2026-10-01,46.14999855845831,45.91999856564259,-34.731676944244924,9.722222222222223,9.722222222222223,46.150001525878906
2026-10-02,45.47999857938643,46.50999854721334,-36.391540250949795,7.341269841269842,7.341269841269842,45.47999954223633
2026-10-05,45.30999858469655,45.589998575950474,-37.622090501416885,5.753968253968254,5.753968253968254,45.310001373291016
2026-10-06,45.939998565017866,45.76999857032799,-34.75379940539437,10.119047619047619,10.119047619047619,45.939998626708984
2026-10-07,44.43000024551239,44.15999978811129,-37.51538749746434,6.15079365079365,6.15079365079365,44.43000030517578
2026-10-08,45.080001770518436,44.8499984138937,-35.70905561584494,8.928571428571429,8.928571428571429,45.08000183105469
2026-10-09,46.45000070056348,46.299999174886004,-27.38663134496399,20.634920634920633,20.634920634920633,46.45000076293945
