date,close,open,without_long,without_long_rank,without_long_partial_rank,raw_close
2014-01-02,7.349196910858154,7.47880526281981,,,,7.796667098999023
2014-01-03,7.336628437042236,7.385330343529253,,,,7.783332824707031
2014-01-06,7.28792667388916,7.415963665525057,,,,7.7316670417785645
2014-01-07,7.414391040802002,7.3672609479146605,,,,7.865832805633545
2014-01-08,7.422247886657715,7.411250698687221,,,,7.874166965484619
2014-01-09,7.427745819091797,7.488230124637398,,,,7.880000114440918
2014-01-10,7.491373062133789,7.473305705850999,,,,7.947500228881836
2014-01-13,7.199949264526367,7.4356011211480935,,,,7.638332843780518
2014-01-14,7.424605369567871,7.266718596211717,,,,7.876667022705078
2014-01-15,7.547927379608154,7.476446790203388,,,,8.007499694824219
2014-01-16,7.516509056091309,7.503155294810078,,,,7.9741668701171875
2014-01-17,7.419105052947998,7.481160708800222,,,,7.870832920074463
2014-01-21,7.4843034744262695,7.547929137977862,,,,7.940000057220459
2014-01-22,7.50079870223999,7.526720550727212,,,,7.957499980926514
2014-01-23,7.320918560028076,7.38768647233386,,,,7.766666889190674
2014-01-24,6.840973854064941,7.172457725694733,,,,7.257500171661377
2014-01-27,6.743570804595947,6.869251219777858,,,,7.154167175292969
2014-01-28,6.862182140350342,6.768706264311328,,,,7.28000020980835
2014-01-29,6.657164096832275,6.692511780903719,,,,7.0625
2014-01-30,6.882606029510498,6.832332780327712,,,,7.301667213439941
2014-01-31,6.7545671463012695,6.621817012897157,,,,7.165832996368408
2014-02-03,6.297403335571289,6.727075811468633,,,,6.680832862854004
2014-02-04,6.424654483795166,6.383808428252255,,,,6.81583309173584
2014-02-05,6.402659893035889,6.359457269623608,,,,6.792500019073486
2014-02-06,6.6500935554504395,6.451361234984007,,,,7.054999828338623
2014-02-07,6.912454128265381,6.753782142586606,,,,7.3333330154418945
2014-02-10,6.943873405456543,6.906954376440411,,,,7.366666793823242
2014-02-11,7.16774320602417,6.9658677200392685,,,,7.6041669845581055
2014-02-12,7.187382221221924,7.2023064325222235,,,,7.625
2014-02-13,7.296566009521484,7.035778894937433,,,,7.740832805633545
2014-02-14,7.407323360443115,7.273001870268908,,,,7.858333110809326
2014-02-18,7.440314292907715,7.429318003286397,,,,7.8933329582214355
2014-02-19,7.287140369415283,7.382187141981316,,,,7.730833053588867
2014-02-20,7.408109664916992,7.318561702966234,,,,7.859167098999023
2014-02-21,7.3978962898254395,7.463878966402947,,,,7.84833288192749
2014-02-24,7.50786828994751,7.440314260354856,,,,7.965000152587891
2014-02-25,7.5031561851501465,7.528292812153538,,,,7.960000038146973
2014-02-26,7.503940105438232,7.5353607713633295,,,,7.9608330726623535
2014-02-27,7.628050327301025,7.47094923978525,,,,8.092499732971191
2014-02-28,7.67675256729126,7.620195723802924,,,,8.144166946411133
2014-03-03,7.517294406890869,7.480375368980993,,,,7.974999904632568
2014-03-04,7.836209297180176,7.7356654961351206,,,,8.313332557678223
2014-03-05,7.841706275939941,7.849561215514746,,,,8.319167137145996
2014-03-06,7.913974285125732,7.917901756007669,,,,8.395833015441895
2014-03-07,7.913190841674805,7.99881044046084,,,,8.395000457763672
2014-03-10,7.906907081604004,7.883341351219548,,,,8.388333320617676
2014-03-11,7.789079189300537,7.94539504936781,,,,8.263333320617676
2014-03-12,7.7945780754089355,7.673609452672799,,,,8.269166946411133
2014-03-13,7.535360813140869,7.862130616612925,,,,7.994166851043701
2014-03-14,7.466236114501953,7.481161223509377,,,,7.920833110809326
2014-03-17,7.662614345550537,7.576209066993367,,,,8.129166603088379
2014-03-18,7.833065032958984,7.711310782516085,,,,8.3100004196167
2014-03-19,7.71602725982666,7.841709034049344,,,,8.185832977294922
2014-03-20,7.837780475616455,7.651616189231905,,,,8.3149995803833
2014-03-21,7.7505903244018555,7.935184180425809,,,,8.22249984741211
2014-03-24,7.6500468254089355,7.8291418900993,,,,8.115833282470703
2014-03-25,7.763156414031982,7.767083884493117,,,,8.235833168029785
2014-03-26,7.589561939239502,7.854277462856123,,,,8.051667213439941
2014-03-27,7.544787883758545,7.56756703887531,,,,8.004166603088379
2014-03-28,7.650832176208496,7.605272063549451,,,,8.116666793823242
2014-03-31,7.841706275939941,7.79850231039809,,,,8.319167137145996
2014-04-01,7.998811721801758,7.917904356753954,,,,8.485833168029785
2014-04-02,8.081287384033203,8.031015933409124,,,,8.573332786560059
2014-04-03,8.042012214660645,8.117420734711896,,,,8.53166675567627
2014-04-04,7.76237154006958,8.173190925645965,,,,8.234999656677246
2014-04-07,7.4960856437683105,7.700317288539784,,,,7.952499866485596
2014-04-08,7.59584379196167,7.485873271264499,,,,8.058333396911621
2014-04-09,7.840136528015137,7.652400017901977,,,,8.317500114440918
2014-04-10,7.342911720275879,7.834639355087008,,,,7.789999961853027
2014-04-11,7.143392086029053,7.2211571721695895,,,,7.578332901000977
2014-04-14,7.309921741485596,7.311493089691344,,,,7.755000114440918
2014-04-15,7.460737705230713,7.359407335504009,,,,7.914999961853027
2014-04-16,7.695603370666504,7.610768574498348,,,,8.164167404174805
2014-04-17,7.725452899932861,7.6665399384194535,,,,8.195833206176758
2014-04-21,7.8134307861328125,7.734093893653775,,,,8.289167404174805
2014-04-22,7.910832405090332,7.831496415380214,,,,8.392499923706055
2014-04-23,7.862130641937256,7.901406249952772,,,,8.340832710266113
2014-04-24,7.909261226654053,7.976030030257076,,,,8.390832901000977
2014-04-25,7.711314678192139,7.82521404723243,,,,8.180832862854004
2014-04-28,7.783579349517822,7.80400327440617,,,,8.257499694824219
2014-04-29,7.892765045166016,7.8566321357253175,,,,8.373332977294922
2014-04-30,7.971318244934082,7.852706625105031,,,,8.456666946411133
2014-05-01,7.9673895835876465,7.94853700359584,,,,8.452500343322754
2014-05-02,7.935182094573975,7.963460061530094,,,,8.418333053588867
2014-05-05,7.97681188583374,7.814998165284444,,,,8.462499618530273
2014-05-06,7.768657684326172,7.923402226794813,,,,8.241666793823242
2014-05-07,7.906120777130127,7.843280332682606,,,,8.387499809265137
2014-05-08,7.879414081573486,7.877057059273095,,,,8.359167098999023
2014-05-09,7.917116641998291,7.87784103592011,,,,8.39916706085205
2014-05-12,8.1402006149292,8.01766153414017,,,,8.635832786560059
2014-05-13,8.163766860961914,8.169265680643473,,,,8.660833358764648
2014-05-14,8.046725273132324,8.144128168554476,,,,8.536666870117188
2014-05-15,7.826782703399658,7.996451409090299,,,,8.303333282470703
2014-05-16,7.917116641998291,7.8448499223482235,,,,8.39916706085205
2014-05-19,8.003524780273438,7.868417581584057,,,,8.490833282470703
2014-05-20,7.847993850708008,7.987814183339829,,,,8.325833320617676
2014-05-21,8.043580055236816,7.912401311125329,,,,8.533332824707031
2014-05-22,8.107995986938477,8.050653468913556,,,,8.601667404174805
2014-05-23,8.203042030334473,8.134702771355542,,,,8.702500343322754
2014-05-27,8.357787132263184,8.298088485800903,,,,8.866666793823242
2014-05-28,8.334219932556152,8.355428632532078,,,,8.841667175292969
2014-05-29,8.46382999420166,8.391563264659169,,,,8.979166984558105
2014-05-30,8.499178886413574,8.444192486147701,,,,9.016667366027832
2014-06-02,8.536880493164062,8.53923661581302,,,,9.05666732788086
2014-06-03,8.523529052734375,8.472471019644146,,,,9.042499542236328
2014-06-04,8.565159797668457,8.469327348087138,,,,9.08666706085205
2014-06-05,8.742683410644531,8.601292658033866,,,,9.274999618530273
2014-06-06,8.866792678833008,8.797667760526613,,,,9.40666675567627
2014-06-09,8.891143798828125,8.858152685119814,,,,9.432499885559082
2014-06-10,8.897424697875977,8.858933882174682,,,,9.439167022705078
2014-06-11,8.807876586914062,8.803163444258587,,,,9.34416675567627
2014-06-12,8.615433692932129,8.76546508931714,,,,9.140000343322754
2014-06-13,8.693982124328613,8.664918480572222,,,,9.223333358764648
2014-06-16,8.708908081054688,8.654708259097058,,,,9.239167213439941
2014-06-17,8.77881908416748,8.671990761602139,,,,9.313332557678223
2014-06-18,8.97912311553955,8.781175474521733,,,,9.525833129882812
2014-06-19,9.0089693069458,8.999543018048323,,,,9.557499885559082
2014-06-20,9.063952445983887,9.073377833499753,,,,9.615833282470703
2014-06-23,9.052958488464355,9.06474090067907,,,,9.604166984558105
2014-06-24,8.888787269592285,9.00111436564012,,,,9.430000305175781
2014-06-25,9.005514144897461,8.828658008433779,,,,9.547499656677246
2014-06-26,8.992148399353027,9.010227284215274,,,,9.533332824707031
2014-06-27,9.042458534240723,8.92298204744964,,,,9.58666706085205
2014-06-30,9.028306007385254,9.024375932425132,,,,9.571666717529297
2014-07-01,9.204377174377441,9.091189380495923,,,,9.758333206176758
2014-07-02,9.228744506835938,9.204376959792137,,,,9.784167289733887
2014-07-03,9.36787223815918,9.30813310704892,,,,9.93166732788086
2014-07-07,9.275120735168457,9.31520769091503,,,,9.833333015441895
2014-07-08,9.098264694213867,9.2145972854934,,,,9.645833015441895
2014-07-09,9.212238311767578,9.154071574491212,,,,9.766667366027832
2014-07-10,9.101411819458008,8.947349918231128,,,,9.64916706085205
2014-07-11,9.14463996887207,9.091190396229292,,,,9.694999694824219
2014-07-14,9.272764205932617,9.275121892049592,,,,9.830833435058594
2014-07-15,9.224814414978027,9.295556678834863,,,,9.779999732971191
2014-07-16,9.32542610168457,9.342717894364469,,,,9.886667251586914
2014-07-17,9.005514144897461,9.236606055265588,,,,9.547499656677246
2014-07-18,9.279834747314453,9.099834788759605,,,,9.838333129882812
2014-07-21,9.22324275970459,9.193374541093238,,,,9.778332710266113
2014-07-22,9.34743595123291,9.32464078908131,,,,9.90999984741211
2014-07-23,9.41031551361084,9.389092749590192,,,,9.976667404174805
2014-07-24,9.412674903869629,9.444901703409384,,,,9.979166984558105
2014-07-25,9.28376579284668,9.3340714790905,,,,9.842499732971191
2014-07-28,9.289268493652344,9.280622147389163,,,,9.848333358764648
2014-07-29,9.171363830566406,9.338787379744584,,,,9.723333358764648
2014-07-30,9.171363830566406,9.268045123708117,,,,9.723333358764648
2014-07-31,8.627432823181152,8.985075073213551,,,,9.146666526794434
2014-08-01,8.54411506652832,8.553546708554663,,,,9.058333396911621
2014-08-04,8.728043556213379,8.599135476387213,,,,9.25333309173584
2014-08-05,8.469442367553711,8.621145623009353,,,,8.979166984558105
2014-08-06,8.47808837890625,8.358612814537425,,,,8.988332748413086
2014-08-07,8.338961601257324,8.595207224512766,,,,8.840832710266113
2014-08-08,8.629792213439941,8.396341760538014,,,,9.14916706085205
2014-08-11,8.712326049804688,8.728046354926061,,,,9.236666679382324
2014-08-12,8.670669555664062,8.682459788386124,,,,9.192500114440918
2014-08-13,8.85852336883545,8.777561498851831,,,,9.391667366027832
2014-08-14,8.970142364501953,8.889967556424573,,,,9.510000228881836
2014-08-15,8.96621322631836,9.068397919733666,,,,9.50583267211914
2014-08-18,9.18708610534668,9.117916224411978,,,,9.739999771118164
2014-08-19,9.33171558380127,9.255470844797989,,,,9.893333435058594
2014-08-20,9.41031551361084,9.29555444938729,,,,9.976667404174805
2014-08-21,9.493637084960938,9.436257429390832,,,,10.0649995803833
2014-08-22,9.44411563873291,9.470054677541432,,,,10.012499809265137
2014-08-25,9.585603713989258,9.585603713989258,,,,10.162500381469727
2014-08-26,9.611539840698242,9.597391927339183,,,,10.1899995803833
2014-08-27,9.601325988769531,9.620191080461531,,,,10.179166793823242
2014-08-28,9.580885887145996,9.499924880852657,,,,10.157500267028809
2014-08-29,9.65870189666748,9.628832779485041,,,,10.239999771118164
2014-09-02,9.639052391052246,9.694859654960661,,,,10.21916675567627
2014-09-03,9.633551597595215,9.751455707290422,,,,10.213333129882812
2014-09-04,9.579314231872559,9.671279278309516,,,,10.15583324432373
2014-09-05,9.715293884277344,9.575380874607493,,,,10.300000190734863
2014-09-08,9.640625,9.68385764380694,,,,10.220832824707031
2014-09-09,9.459050178527832,9.608396657029196,,,,10.028332710266113
2014-09-10,9.56595516204834,9.470845308536118,,,,10.141667366027832
2014-09-11,9.587175369262695,9.446476115222596,,,,10.164167404174805
2014-09-12,9.424466133117676,9.565164472475292,,,,9.991666793823242
2014-09-15,9.401671409606934,9.426825156418268,,,,9.967499732971191
2014-09-16,9.615470886230469,9.349007421739113,,,,10.194167137145996
2014-09-17,9.65084457397461,9.65870472824218,,,,10.231666564941406
2014-09-18,9.8017578125,9.738089514549195,,,,10.391667366027832
2014-09-19,9.78603744506836,9.901583825155647,,,,10.375
2014-09-22,9.547086715698242,9.720798057365988,,,,10.12166690826416
2014-09-23,9.385162353515625,9.44332908408953,,,,9.949999809265137
2014-09-24,9.60782241821289,9.390749348019872,,,,10.180000305175781
2014-09-25,9.141426086425781,9.525235522076345,,,,9.685832977294922
2014-09-26,9.364792823791504,9.181539999955431,,,,9.922499656677246
2014-09-29,9.306596755981445,9.113119025202597,,,,9.860833168029785
2014-09-30,9.230302810668945,9.324682547616808,,,,9.779999732971191
2014-10-01,8.859078407287598,9.179968445203519,,,,9.386667251586914
2014-10-02,8.853572845458984,8.833910772138609,,,,9.38083267211914
2014-10-03,9.146936416625977,9.034467912238943,,,,9.691666603088379
2014-10-06,9.113115310668945,9.259403093809746,,,,9.65583324432373
2014-10-07,8.697059631347656,8.97547886219922,,,,9.21500015258789
2014-10-08,9.154014587402344,8.703353050911002,,,,9.699167251586914
2014-10-09,8.598747253417969,9.101317668671053,,,,9.110833168029785
2014-10-10,8.306171417236328,8.595602141153169,,,,8.800832748413086
2014-10-13,7.8964080810546875,8.286509138176205,,,,8.366666793823242
2014-10-14,7.937304973602295,8.02224655169051,,,,8.40999984741211
2014-10-15,7.74383020401001,7.611698711350004,,,,8.204999923706055
2014-10-16,7.739109039306641,7.3474346453072945,,,,8.199999809265137
2014-10-17,8.030112266540527,8.01674259820318,,,,8.508333206176758
2014-10-20,8.257411003112793,7.978204162838291,,,,8.749167442321777
2014-10-21,8.745037078857422,8.435158471705746,,,,9.265832901000977
2014-10-22,8.562566757202148,8.796941807349114,,,,9.072500228881836
2014-10-23,8.86301326751709,8.815823379406714,,,,9.390832901000977
2014-10-24,9.050198554992676,8.892899244296952,,,,9.589166641235352
2014-10-27,9.018736839294434,8.962109708870665,,,,9.555832862854004
2014-10-28,9.31917953491211,9.112330375869158,,,,9.874167442321777
2014-10-29,9.29479694366455,9.346704996084851,,,,9.848333358764648
2014-10-30,9.474905014038086,9.205922994862302,,,,10.039167404174805
2014-10-31,9.787141799926758,9.807591434076716,,,,10.369999885559082
2014-11-03,9.802872657775879,9.820174740932886,,,,10.386667251586914
2014-11-04,9.708491325378418,9.720288566540374,,,,10.286666870117188
2014-11-05,9.884664535522461,9.90983233968483,,,,10.473333358764648
2014-11-06,10.008932113647461,9.891744559728874,,,,10.604999542236328
2014-11-07,10.035676002502441,10.001070930826353,,,,10.633333206176758
2014-11-10,10.119828224182129,10.040392383146303,,,,10.72249984741211
2014-11-11,10.1497163772583,10.137132471165792,,,,10.754166603088379
2014-11-12,10.12061595916748,10.030955292427965,,,,10.723333358764648
2014-11-13,10.15050220489502,10.147356453648738,,,,10.755000114440918
2014-11-14,10.161513328552246,10.136344619247632,,,,10.766667366027832
2014-11-17,10.181175231933594,10.096233652142592,,,,10.787500381469727
2014-11-18,10.354991912841797,10.18589449789236,,,,10.971667289733887
2014-11-19,10.302297592163086,10.313308173552903,,,,10.915833473205566
2014-11-20,10.355778694152832,10.156796171095934,,,,10.97249984741211
2014-11-21,10.530380249023438,10.6695898794299,,,,11.157500267028809
2014-11-24,10.612176895141602,10.601951176774831,,,,11.24416732788086
2014-11-25,10.602738380432129,10.653859769956995,,,,11.234167098999023
2014-11-26,10.673523902893066,10.615323440743623,,,,11.30916690826416
2014-11-28,10.603522300720215,10.64599309084911,,,,11.234999656677246
2014-12-01,10.387237548828125,10.474539131020142,,,,11.00583267211914
2014-12-02,10.572062492370605,10.378584857580924,,,,11.201666831970215
2014-12-03,10.707340240478516,10.603522352953428,,,,11.345000267028809
2014-12-04,10.665657997131348,10.645995922424207,,,,11.300832748413086
2014-12-05,10.712847709655762,10.697904713125478,,,,11.35083293914795
2014-12-08,10.504425048828125,10.643634669626229,,,,11.130000114440918
2014-12-09,10.472967147827148,10.15994189951701,,,,11.096667289733887
2014-12-10,9.977472305297852,10.392742031460969,,,,10.571666717529297
2014-12-11,10.115108489990234,10.077356778880402,,,,10.717499732971191
2014-12-12,9.634561538696289,9.896464465752192,,,,10.208333015441895
2014-12-15,9.419062614440918,9.794220722685681,,,,9.979999542236328
2014-12-16,9.209066390991211,9.293222202124232,,,,9.757499694824219
2014-12-17,9.766691207885742,9.276705645872378,,,,10.348333358764648
2014-12-18,10.462739944458008,10.17409678817261,,,,11.085832595825195
2014-12-19,10.598018646240234,10.583861414590446,,,,11.229166984558105
2014-12-22,10.739027976989746,10.639826245989784,,,,11.366666793823242
2014-12-23,10.798076629638672,10.863423628486434,,,,11.429166793823242
2014-12-24,10.79728889465332,10.837441716948064,,,,11.428333282470703
2014-12-26,10.893342018127441,10.870509401862805,,,,11.529999732971191
2014-12-29,10.93270492553711,10.856334933626224,,,,11.571666717529297
2014-12-30,10.765007019042969,10.848462594836688,,,,11.394166946411133
2014-12-31,10.440630912780762,10.821694310692367,0.5097968389576313,,,11.050832748413086
2015-01-02,10.412285804748535,10.56974978909555,-0.092943426944549,,,11.020833015441895
2015-01-05,9.851719856262207,10.224909397225941,-11.596123483359868,,,10.427499771118164
2015-01-06,9.584816932678223,9.908404620395656,-21.773580765966617,,,10.145000457763672
2015-01-07,9.938323974609375,9.811565618913635,-20.798522922568022,,,10.519166946411133
2015-01-08,10.462681770324707,10.186332358504446,-9.130894099707202,,,11.074167251586914
2015-01-09,10.206012725830078,10.53589947383835,-8.780435244239229,,,10.802499771118164
2015-01-12,9.959582328796387,10.241442280619541,-13.22042352492138,,,10.541666984558105
2015-01-13,9.877701759338379,10.188693351328496,-17.20490108127658,,,10.454999923706055
2015-01-14,9.704492568969727,9.52734581757011,-22.25578827787917,,,10.271666526794434
2015-01-15,9.439163208007812,9.811565192225155,-28.981124752324206,,,9.990833282470703
2015-01-16,9.791093826293945,9.405308182223568,-26.73219083449029,,,10.363332748413086
2015-01-20,9.869038581848145,9.914703805722814,-25.20581567302807,,,10.445833206176758
2015-01-21,10.013907432556152,9.784797386629492,-21.198508692635375,,,10.599166870117188
2015-01-22,10.465829849243164,10.153264168137051,-8.032667480916999,,,11.077500343322754
2015-01-23,10.28316879272461,10.40677809536709,-5.828229935464685,,,10.884166717529297
2015-01-26,10.368987083435059,10.252464258461691,-2.800199122361552,,,10.975000381469727
2015-01-27,9.955645561218262,9.990287777067465,-11.299145002893782,,,10.537500381469727
2015-01-28,9.550177574157715,10.160350320922499,-23.605999562560964,,,10.108332633972168
2015-01-29,9.833611488342285,9.600565792582083,-23.769746273572082,,,10.408332824707031
2015-01-30,9.451762199401855,9.616311841755174,-31.300976837935995,,,10.004166603088379
2015-02-02,9.797392845153809,9.547812685266237,-25.638599201616906,,,10.369999885559082
2015-02-03,10.225696563720703,9.966669194301058,-10.560975927808949,,,10.823332786560059
2015-02-04,10.109959602355957,10.093425981430226,-5.9437805048860985,,,10.700833320617676
2015-02-05,10.424886703491211,10.235142022202952,5.5824330200330925,,,11.034167289733887
2015-02-06,10.332772254943848,10.489447921074934,7.670612176481126,,,10.936667442321777
2015-02-09,10.191839218139648,10.214671829019755,4.961127184450423,,,10.787500381469727
2015-02-10,10.52015209197998,10.382371627593331,12.821523866170951,,,11.135000228881836
2015-02-11,10.537473678588867,10.483148792356163,17.08990816765677,,,11.153332710266113
2015-02-12,10.838231086730957,10.679192053921268,23.13818970210385,,,11.471667289733887
2015-02-13,10.978371620178223,10.86421125195982,27.88265289970352,,,11.619999885559082
2015-02-17,11.035059928894043,10.913813069205375,30.330142977711454,,,11.680000305175781
2015-02-18,11.024036407470703,10.946879809947461,31.317268002952474,,,11.668333053588867
2015-02-19,11.002779006958008,10.909088786413319,31.084121326127708,,,11.645833015441895
2015-02-20,11.202757835388184,10.922471970203357,33.406954453284435,,,11.857500076293945
2015-02-23,11.19488525390625,11.146858462813038,34.454377823714744,,,11.849166870117188
2015-02-24,11.289360046386719,11.183858458823218,35.536635100919035,,,11.949167251586914
2015-02-25,11.252359390258789,11.26495647819983,34.660498608686765,,,11.90999984741211
2015-02-26,11.215353965759277,11.239760651119258,33.284991366429104,,,11.870833396911621
2015-02-27,11.10434341430664,11.197247951786292,28.633295866549112,,,11.75333309173584
2015-03-02,11.312196731567383,11.120877935603176,31.388153094167436,,,11.973333358764648
2015-03-03,11.172053337097168,11.226378224936889,28.205387123340614,,,11.824999809265137
2015-03-04,11.024824142456055,11.056317312307796,20.339923413338294,,,11.669166564941406
2015-03-05,11.063401222229004,11.09174444010593,17.123786374703226,,,11.710000038146973
2015-03-06,10.58864974975586,10.887830799106169,-1.3462614389589382,,,11.207500457763672
2015-03-09,10.728001594543457,10.630374868080278,-6.959082288822277,,,11.354999542236328
2015-03-10,10.203649520874023,10.471337371801095,-23.441016600806385,,,10.800000190734863
2015-03-11,10.128853797912598,10.244590034151726,-33.25314779700807,,,10.720832824707031
2015-03-12,10.51542854309082,10.241441674716224,-28.794435035905998,,,11.130000114440918
2015-03-13,10.321747779846191,10.4674022120223,-31.20447798829288,,,10.925000190734863
2015-03-16,10.742964744567871,10.450870151810804,-21.23085084152153,,,11.370833396911621
2015-03-17,10.639825820922852,10.595735563785535,-18.481998819802175,,,11.261667251586914
2015-03-18,11.013800621032715,10.550069993756718,-5.458315236086088,,,11.657500267028809
2015-03-19,10.866573333740234,10.94687987939761,-3.18252538726084,,,11.501667022705078
2015-03-20,11.153942108154297,11.053952910731926,7.19063091962607,,,11.805832862854004
2015-03-23,11.09410572052002,11.160240188870148,10.333256470319014,,,11.742500305175781
2015-03-24,10.898853302001953,11.065764489838765,5.176860591901988,,,11.535833358764648
2015-03-25,10.419075012207031,10.945506479073295,-11.339339931428128,,,11.017499923706055
2015-03-26,10.350513458251953,10.300077916693375,-21.494180228524392,,,10.944999694824219
2015-03-27,10.41356086730957,10.328449135759012,-24.815486147482734,,,11.011667251586914
2015-03-30,10.798139572143555,10.613731400534347,-15.486569147617399,,,11.418333053588867
2015-03-31,10.517586708068848,10.638949308745486,-18.075106639721433,,,11.12166690826416
2015-04-01,10.407254219055176,10.507338860765712,-22.576704152586768,,,11.005000114440918
2015-04-02,10.501031875610352,10.39385401887821,-21.999761276685152,,,11.104166984558105
2015-04-06,10.724848747253418,10.351303872302251,-15.273534877867556,,,11.340832710266113
2015-04-07,10.635009765625,10.73194238562829,-14.282464961041647,,,11.245833396911621
2015-04-08,10.747702598571777,10.683868795668923,-10.05453086011261,,,11.364999771118164
2015-04-09,10.893491744995117,10.718539810250997,-2.7461834587680976,,,11.519166946411133
2015-04-10,11.063716888427734,10.93368549993588,7.168700531301413,,,11.699167251586914
2015-04-13,10.919500350952148,11.036921732472099,6.497061499329329,,,11.546667098999023
2015-04-14,10.977818489074707,10.883250595307029,7.854932427465687,,,11.608332633972168
2015-04-15,11.122824668884277,11.071599979587763,14.065907989131347,,,11.761667251586914
2015-04-16,11.112578392028809,11.063719320871959,16.989436892500688,,,11.750832557678223
2015-04-17,10.728785514831543,10.887187156099786,3.4037142551586728,,,11.345000267028809
2015-04-20,11.02037525177002,10.904529414669943,6.645836207344584,,,11.653332710266113
2015-04-21,10.9833345413208,11.153557085772684,6.82628333375091,,,11.614167213439941
2015-04-22,11.143312454223633,11.047168993472656,14.144552449468591,,,11.783332824707031
2015-04-23,11.227635383605957,11.067656343754466,18.11561608069002,,,11.8725004196167
2015-04-24,11.308019638061523,11.311170788485438,22.95585659955462,,,11.957500457763672
2015-04-27,11.159073829650879,11.414408096718768,17.705537361625495,,,11.800000190734863
2015-04-28,11.26152229309082,11.163802361221933,18.684920966373024,,,11.908332824707031
2015-04-29,11.12440013885498,11.10075748916344,13.55978836819316,,,11.763333320617676
2015-04-30,10.79025650024414,11.02194901935601,-0.33937257782294467,,,11.40999984741211
2015-05-01,11.135433197021484,10.941567971562717,2.86556901678155,,,11.774999618530273
2015-05-04,11.243398666381836,11.224485448930643,8.608969596609297,,,11.889166831970215
2015-05-05,10.843056678771973,11.19217238290909,-6.616988139942589,,,11.465832710266113
2015-05-06,10.71302604675293,10.956539453517223,-18.06974235824615,,,11.328332901000977
2015-05-07,10.843056678771973,10.694112068753256,-18.81582527435163,,,11.465832710266113
2015-05-08,11.264676094055176,11.151194088817277,-3.3547729756348317,,,11.911666870117188
2015-05-11,11.109423637390137,11.258368224081218,-1.4027121287048063,,,11.7475004196167
2015-05-12,11.00303840637207,10.951813713543297,-4.667818180845453,,,11.635000228881836
2015-05-13,11.015641212463379,11.08735646873169,-5.871982017723646,,,11.648332595825195
2015-05-14,11.360816955566406,11.20871942355685,7.674836320279836,,,12.013333320617676
2015-05-15,11.394704818725586,11.396280393644442,15.993731944770945,,,12.049166679382324
2015-05-18,11.500306129455566,11.356877406079816,21.682293134350516,,,12.160833358764648
2015-05-19,11.48454761505127,11.526314338761752,23.373287918799484,,,12.144166946411133
2015-05-20,11.463269233703613,11.508977148484338,22.62993707003142,,,12.12166690826416
2015-05-21,11.560986518859863,11.438047498524144,25.729068048037707,,,12.225000381469727
2015-05-22,11.480606079101562,11.490062235319646,23.56279986123511,,,12.140000343322754
2015-05-26,11.116515159606934,11.381306418301717,8.332780198231259,,,11.755000114440918
2015-05-27,11.414408683776855,11.193749685370872,10.774723561758245,,,12.069999694824219
2015-05-28,11.384461402893066,11.35609112904917,11.200804524591144,,,12.03833293914795
2015-05-29,11.160651206970215,11.368701100067204,2.980709962853234,,,11.801667213439941
2015-06-01,11.233152389526367,11.289892938811848,1.0678090182125806,,,11.87833309173584
2015-06-02,11.201629638671875,11.148040241861013,-1.0151145482637047,,,11.845000267028809
2015-06-03,11.28831672668457,11.300924934251736,1.4148552003575703,,,11.936667442321777
2015-06-04,11.026677131652832,11.155921186321816,-7.005628294917939,,,11.65999984741211
2015-06-05,10.9557523727417,10.979394118890065,-16.11950076010852,,,11.585000038146973
2015-06-08,10.750852584838867,10.92580455567104,-29.041973568752784,,,11.368332862854004
2015-06-09,10.733516693115234,10.747701379790742,-33.44885529767682,,,11.350000381469727
2015-06-10,11.129127502441406,10.886402336878733,-21.98805365205705,,,11.768333435058594
2015-06-11,11.229998588562012,11.212660950681464,-11.456875303638842,,,11.875
2015-06-12,10.965209007263184,11.066081896589045,-16.171582168635606,,,11.595000267028809
2015-06-15,10.820205688476562,10.755583644138632,-23.815531362665403,,,11.441666603088379
2015-06-16,11.01091480255127,10.799712005719849,-20.33954044747503,,,11.643333435058594
2015-06-17,11.064502716064453,11.069231244330613,-16.569690295047472,,,11.699999809265137
2015-06-18,11.390767097473145,11.159074559686982,-0.9563558552207807,,,12.045000076293945
2015-06-19,11.193750381469727,11.360820892321955,-0.9755449386404275,,,11.83666706085205
2015-06-22,11.422287940979004,11.427016469936612,9.017816985687087,,,12.078332901000977
2015-06-23,11.447505950927734,11.45853948558473,16.254933238805986,,,12.104999542236328
2015-06-24,11.196062088012695,11.401002250403554,8.458216382670306,,,11.83666706085205
2015-06-25,11.085705757141113,11.300104862773644,-0.3042451956712434,,,11.720000267028809
2015-06-26,11.087285041809082,11.162955331327439,-4.809987747368587,,,11.721667289733887
2015-06-29,10.395215034484863,10.808249798454796,-24.355884127021294,,,10.989999771118164
2015-06-30,10.467734336853027,10.66794499264653,-31.90127808157513,,,11.066666603088379
2015-07-01,10.701051712036133,10.753075384712877,-30.04766571271454,,,11.313332557678223
2015-07-02,10.667943954467773,10.792485203232332,-29.725584174215776,,4.761904761904762,11.278332710266113
2015-07-06,10.58123779296875,10.429896338322845,-31.735133459268894,,2.3622047244094486,11.186667442321777
2015-07-07,10.770416259765625,10.620651568880245,-24.580344516297288,,11.71875,11.386667251586914
2015-07-08,10.237566947937012,10.532366744744847,-33.20604486914907,,1.550387596899225,10.823332786560059
2015-07-09,10.288015365600586,10.617496716812411,-36.37000266666098,,0.0,10.876667022705078
2015-07-10,10.678979873657227,10.644297431732118,-28.080033964562194,,9.923664122137405,11.289999961853027
2015-07-13,11.02737808227539,10.9107199467518,-12.554815377707568,,34.84848484848485,11.658332824707031
2015-07-14,11.181867599487305,11.01791447462931,0.3770304948942207,,57.89473684210527,11.821666717529297
2015-07-15,11.161378860473633,11.183448685693449,6.591925891648025,,65.67164179104478,11.800000190734863
2015-07-16,11.41518783569336,11.36158917904891,18.154371382869343,,84.44444444444444,12.06833267211914
2015-07-17,11.451446533203125,11.429375809351088,25.118833023012087,,90.44117647058823,12.106666564941406
2015-07-20,11.47509765625,11.505049695506278,28.710346003157746,,93.43065693430657,12.131667137145996
2015-07-21,11.330062866210938,11.438838818999633,25.571962736934932,,89.85507246376811,11.978333473205566
2015-07-22,11.262272834777832,11.19921425689404,21.20128546311205,,84.17266187050359,11.90666675567627
2015-07-23,11.076251029968262,11.301685132571675,12.167376717420833,,73.57142857142858,11.710000038146973
2015-07-24,10.740459442138672,11.093588293358298,-3.319791072835549,,46.808510638297875,11.354999542236328
2015-07-27,10.548131942749023,10.578084875150802,-16.20703927871712,,28.169014084507044,11.151666641235352
2015-07-28,10.932791709899902,10.707356724345052,-11.138551768398393,,36.36363636363637,11.558333396911621
2015-07-29,11.158228874206543,10.956440478295843,-0.9486323620503057,,53.47222222222222,11.796667098999023
2015-07-30,11.15980052947998,11.066789029162218,4.48179894925682,,60.689655172413794,11.798333168029785
2015-07-31,11.114081382751465,11.263845118866772,5.337607764521081,,62.328767123287676,11.75
2015-08-03,10.992696762084961,11.104625394062742,1.5483943731796825,,57.82312925170068,11.62166690826416
2015-08-04,10.932791709899902,10.984814474211733,-2.4801225207533513,,48.64864864864865,11.558333396911621
2015-08-05,11.03999137878418,11.107778560204117,-0.9516974723354401,,52.348993288590606,11.671667098999023
2015-08-06,10.798789978027344,11.071518161990095,-9.485538796452387,,36.666666666666664,11.416666984558105
2015-08-07,10.705782890319824,10.746771654916751,-20.07541971780592,,22.516556291390728,11.31833267211914
2015-08-10,11.106204986572266,10.913875608606807,-9.68974908985622,,36.84210526315789,11.741666793823242
2015-08-11,10.80825138092041,10.853968738426696,-15.608203002038165,,28.75816993464052,11.426667213439941
2015-08-12,10.838203430175781,10.567051988275942,-15.30172900429557,,29.87012987012987,11.458333015441895
2015-08-13,10.806673049926758,10.828742873145968,-16.24898207265649,,26.451612903225808,11.425000190734863
2015-08-14,10.920180320739746,10.771992428929932,-12.384781326638484,,33.33333333333333,11.545000076293945
2015-08-17,11.104628562927246,10.809829528905443,-3.3058613750163035,,48.40764331210191,11.739999771118164
2015-08-18,11.008460998535156,11.05260245118933,-1.6056153053408617,,51.26582278481012,11.638333320617676
2015-08-19,10.753074645996094,10.863427391453568,-8.95815513333701,,39.62264150943396,11.368332862854004
2015-08-20,10.073613166809082,10.470882504852437,-27.05344252764649,,8.75,10.649999618530273
2015-08-21,9.129312515258789,9.742557854899992,-36.451960690217724,,0.0,9.651666641235352
2015-08-24,8.077812194824219,7.678965865823605,-34.90637756110548,,1.2345679012345678,8.539999961853027
2015-08-25,7.699460029602051,8.829785827835362,-35.98042348378174,,1.2269938650306749,8.140000343322754
2015-08-26,8.607504844665527,8.301670051385912,-31.365567737939593,,5.487804878048781,9.100000381469727
2015-08-27,9.250700950622559,8.949596611870996,-23.825854461414465,,15.151515151515152,9.779999732971191
2015-08-28,9.25228214263916,9.138776660801645,-19.63099694140796,,24.69879518072289,9.78166675567627
2015-08-31,9.017385482788086,9.080444967815911,-19.081883698740842,,25.149700598802394,9.533332824707031
2015-09-01,8.216541290283203,8.40571702445135,-24.370064058641425,,14.285714285714285,8.686667442321777
2015-09-02,8.673715591430664,8.575974571779328,-23.402161267065384,,18.34319526627219,9.170000076293945
2015-09-03,8.68790340423584,8.791949822096635,-22.31120330832504,,19.411764705882355,9.1850004196167
2015-09-04,8.301667213439941,8.326890637125192,-25.06243973079404,,12.865497076023392,8.776666641235352
2015-09-08,8.92752456665039,8.735196159296512,-20.50615205284197,,25.0,9.438332557678223
2015-09-09,8.564940452575684,9.178185056613145,-21.05883180430045,,24.277456647398843,9.055000305175781
2015-09-10,8.703666687011719,8.530255411809668,-19.691217210182295,,27.011494252873565,9.201666831970215
2015-09-11,8.82663345336914,8.632728206330949,-17.542242226028144,,30.857142857142854,9.331666946411133
2015-09-14,8.717857360839844,8.845551321865964,-17.668993942350166,,30.681818181818183,9.216667175292969
2015-09-15,9.061525344848633,8.804561551790226,-12.675842804773552,,38.4180790960452,9.579999923706055
2015-09-16,9.282232284545898,9.0993628301323,-6.576452600587277,,48.87640449438202,9.813332557678223
2015-09-17,9.234936714172363,9.263312846209766,-3.576414407954551,,52.513966480446925,9.763333320617676
2015-09-18,8.773035049438477,8.820329221280726,-7.49496247249574,,46.666666666666664,9.274999618530273
2015-09-21,8.908609390258789,8.907033489499302,-4.165687084171222,,52.48618784530387,9.418333053588867
2015-09-22,8.566516876220703,8.568092776930342,-6.384053879199186,,48.9010989010989,9.05666732788086
2015-09-23,8.511337280273438,8.591737060469445,-13.024534249801379,,37.15846994535519,8.998332977294922
2015-09-24,8.437244415283203,8.323738994250892,-19.138999276579987,,26.6304347826087,8.920000076293945
2015-09-25,8.41517448425293,8.659526568093167,-25.081240389829112,,11.891891891891893,8.896666526794434
2015-09-28,7.77828311920166,8.28117584777015,-34.404741894198736,,2.1505376344086025,8.223333358764648
2015-09-29,7.795623302459717,7.8192708300932035,-37.822841186675205,,0.0,8.241666793823242
2015-09-30,8.238612174987793,8.071506245114902,-32.20015176464662,,4.787234042553192,8.710000038146973
2015-10-01,8.30482292175293,8.293788008169424,-27.975274641881853,,11.11111111111111,8.779999732971191
2015-10-02,8.651642799377441,7.991103349561241,-17.684264119936547,,31.57894736842105,9.146666526794434
2015-10-05,9.12773609161377,8.861313302678404,-1.0687672561116988,,60.73298429319372,9.649999618530273
2015-10-06,9.033150672912598,9.107244168541493,5.426511329725179,,71.35416666666666,9.550000190734863
2015-10-07,9.266467094421387,9.192372702992902,14.07597942121765,,82.38341968911918,9.796667098999023
2015-10-08,9.506089210510254,9.197101749028766,23.397293086457978,,91.23711340206185,10.050000190734863
2015-10-09,9.523430824279785,9.536043442768586,28.441802604323613,,94.35897435897435,10.06833267211914
2015-10-12,9.564417839050293,9.536041707766074,31.741755961898516,,97.44897959183673,10.111666679382324
2015-10-13,9.37366771697998,9.425691389329975,29.00860908072017,,94.9238578680203,9.90999984741211
2015-10-14,9.230207443237305,9.351595987380867,23.741117349143153,,90.40404040404042,9.758333206176758
2015-10-15,9.651124954223633,9.342138347562427,30.22575801574039,,94.9748743718593,10.203332901000977
2015-10-16,9.781972885131836,9.737831424253379,34.34031318426195,,98.5,10.341667175292969
2015-10-19,9.802462577819824,9.679498152392634,36.687340741866,,100.0,10.363332748413086
2015-10-20,9.759899139404297,9.728370304513064,36.29458016447945,,99.5049504950495,10.31833267211914
2015-10-21,9.589644432067871,9.843455601031343,31.93114933067148,,96.05911330049261,10.138333320617676
2015-10-22,10.064157485961914,9.752017345419777,35.753939650349444,,99.01960784313727,10.640000343322754
2015-10-23,10.398370742797852,10.374724110320754,38.272786917173754,,100.0,10.993332862854004
2015-10-26,10.332158088684082,10.381029052249092,38.858987127693496,,100.0,10.923333168029785
2015-10-27,10.256489753723145,10.215501894167652,38.01572830909414,,99.03381642512076,10.84333324432373
2015-10-28,10.61119270324707,10.325852738323091,40.182563780842585,,100.0,11.21833324432373
2015-10-29,10.609618186950684,10.516605753457801,40.8297090864675,,100.0,11.216667175292969
2015-10-30,10.445662498474121,10.636415023429688,38.717718290640605,,98.57142857142858,11.043333053588867
2015-11-02,10.81928539276123,10.513451506835107,40.191155347036634,,99.52606635071089,11.438332557678223
2015-11-03,10.912299156188965,10.768840756999031,40.687979803116434,,99.52830188679245,11.536666870117188
2015-11-04,10.833473205566406,10.976931577745376,39.23841308301325,,98.12206572769952,11.453332901000977
2015-11-05,10.789332389831543,10.831897040057829,37.3612200821887,,95.7943925233645,11.40666675567627
2015-11-06,10.767263412475586,10.719969248756986,36.02239763143729,,94.41860465116278,11.383333206176758
2015-11-09,10.470885276794434,10.664790492878705,28.397439588738056,,85.64814814814815,11.069999694824219
2015-11-10,10.526061058044434,10.385755408840977,25.55807462945746,,83.41013824884793,11.12833309173584
2015-11-11,10.412558555603027,10.593852098452135,20.568043856545,,78.44036697247707,11.008333206176758
2015-11-12,9.982182502746582,10.23126411469815,4.049371591944492,,60.73059360730594,10.553333282470703
2015-11-13,9.644818305969238,9.911241123992626,-17.10942121614553,,29.09090909090909,10.196666717529297
2015-11-16,10.081498146057129,9.613287919313759,-14.68280766942755,,33.4841628959276,10.658332824707031
2015-11-17,10.046818733215332,10.1461365670754,-14.475190649483622,,33.78378378378378,10.62166690826416
2015-11-18,10.529215812683105,10.150863469044966,0.414820633563003,,57.847533632286996,11.131667137145996
2015-11-19,10.513449668884277,10.515026471373492,7.812346999774855,,67.85714285714286,11.114999771118164
2015-11-20,10.628532409667969,10.653755838351403,14.769380137206623,,74.22222222222223,11.236666679382324
2015-11-23,10.582816123962402,10.639569300085,16.954121942066237,,75.22123893805309,11.188332557678223
2015-11-24,10.633261680603027,10.407826727932601,19.610664049778464,,78.41409691629956,11.241666793823242
2015-11-25,10.62065315246582,10.655335602059116,20.548229140540858,,78.94736842105263,11.228333473205566
2015-11-27,10.650604248046875,10.634838926926859,22.263187582559592,,80.34934497816593,11.260000228881836
2015-11-30,10.530793190002441,10.699475912845799,17.937187368959183,,76.08695652173914,11.133333206176758
2015-12-01,10.828743934631348,10.639568203816658,25.63573049135278,,84.84848484848484,11.448332786560059
2015-12-02,10.485074043273926,10.808250012491323,17.047740686833777,,74.13793103448276,11.085000038146973
2015-12-03,10.048392295837402,10.546555445912308,-1.6488808314887071,,49.78540772532189,10.623332977294922
2015-12-04,10.6364164352417,10.122488762514529,8.43739135481716,,66.66666666666666,11.244999885559082
2015-12-07,10.442509651184082,10.579662611768795,7.858569934394362,,65.95744680851064,11.039999961853027
2015-12-08,10.2312650680542,10.158747470110367,0.5250926261414537,,55.932203389830505,10.816666603088379
2015-12-09,9.997947692871094,10.117759452944957,-10.714522782255253,,36.708860759493675,10.569999694824219
2015-12-10,10.056276321411133,10.002675855913592,-14.611041751289106,,31.512605042016805,10.631667137145996
2015-12-11,9.466678619384766,9.703148529617728,-28.76888066106323,,8.368200836820083,10.008333206176758
2015-12-14,9.630631446838379,9.491901668684756,-29.547308189882525,,7.083333333333333,10.18166732788086
2015-12-15,9.927007675170898,9.8875957189994,-22.465360988498283,,17.012448132780083,10.494999885559082
2015-12-16,10.3605318069458,10.116179752317752,-7.010450654252194,,41.735537190082646,10.953332901000977
2015-12-17,9.90020751953125,10.431475521052185,-10.853874026516282,,37.4485596707819,10.466667175292969
2015-12-18,9.338983535766602,9.745712021440694,-25.106249259893747,,11.475409836065573,9.873332977294922
2015-12-21,9.594367980957031,9.562838253768835,-26.615099695635724,,10.612244897959183,10.143333435058594
2015-12-22,9.852046966552734,9.727237978986329,-20.700647587156006,,21.951219512195124,10.393333435058594
2015-12-23,10.212254524230957,10.025831166479277,-8.311352878168655,,41.70040485829959,10.773332595825195
2015-12-24,10.14116382598877,10.1727615818493,-3.6454010440288807,,47.983870967741936,10.698332786560059
2015-12-28,10.095343589782715,10.032149008726595,-2.3774494385719516,,51.40562248995983,10.649999618530273
2015-12-29,10.412901878356934,10.277034139505556,7.15284358288076,,65.2,10.984999656677246
2015-12-30,10.196460723876953,10.374984936154735,5.876724082974589,,63.34661354581673,10.756667137145996
2015-12-31,9.893123626708984,10.082707404223509,-2.948775280748559,,49.60317460317461,10.436667442321777
2016-01-04,9.466561317443848,9.378088866253435,-16.24429163446262,,28.85375494071146,9.986666679382324
2016-01-05,9.518696784973145,9.526595997620328,-21.941789282633682,,18.89763779527559,10.041666984558105
2016-01-06,9.156908988952637,9.088974659727098,-30.361301604000555,,5.88235294117647,9.65999984741211
2016-01-07,8.496521949768066,8.687685955339008,-37.31371033324892,,0.390625,8.963333129882812
2016-01-08,8.213726043701172,8.660828861785971,-41.0913982937423,,0.0,8.664999961853027
2016-01-11,8.227943420410156,8.348013588544568,-40.981987638205645,,0.3875968992248062,8.680000305175781
2016-01-12,8.439645767211914,8.455445094242023,-38.69272111653984,,0.7722007722007722,8.903332710266113
2016-01-13,7.8029608726501465,8.543918376440477,-41.74330154719176,,0.0,8.231666564941406
2016-01-14,8.18370532989502,7.899329284020884,-39.095488258392535,,1.1494252873563218,8.633333206176758
2016-01-15,7.648134231567383,7.534383935214328,-40.27433858845622,,1.1450381679389312,8.06833267211914
2016-01-19,7.69236946105957,7.9261899226372,-40.51638765091411,,1.1406844106463878,8.114999771118164
2016-01-20,7.400094985961914,7.329001173060594,-39.7095483385899,,1.893939393939394,7.806666851043701
2016-01-21,7.5075249671936035,7.474347918486132,-38.356012595915544,,3.018867924528302,7.920000076293945
2016-01-22,7.9814863204956055,7.886693960695975,-33.116455337666764,,7.142857142857142,8.420000076293945
2016-01-25,7.626015663146973,7.899332193823302,-33.26188456797452,,6.367041198501873,8.045000076293945
2016-01-26,7.929349422454834,7.709748084357644,-29.922154047602184,,10.820895522388058,8.364999771118164
2016-01-27,7.670252323150635,7.855096413971137,-31.005678368292322,,10.037174721189592,8.091667175292969
2016-01-28,7.790318965911865,7.878792279321802,-29.90730978648451,,11.481481481481481,8.21833324432373
2016-01-29,8.371711730957031,7.899331144014221,-20.176857178909394,,27.30627306273063,8.831666946411133
2016-02-01,8.346435546875,8.190028789451766,-14.73098998650953,,36.39705882352941,8.805000305175781
2016-02-02,7.8993330001831055,8.111036060777614,-16.93937132305786,,32.6007326007326,8.333333015441895
2016-02-03,8.032042503356934,8.05258063832043,-15.532185909240695,,35.4014598540146,8.473333358764648
2016-02-04,8.06679916381836,7.960947184413038,-13.124864831891129,,38.90909090909091,8.510000228881836
2016-02-05,7.605477333068848,7.9862260745710145,-18.19757424144085,,29.71014492753623,8.023332595825195
2016-02-08,7.292663097381592,7.336899314211153,-24.869346094851785,,17.328519855595665,7.693333148956299
2016-02-09,7.291084289550781,7.052524110544597,-27.88012462743701,,14.388489208633093,7.691667079925537
2016-02-10,7.28318452835083,7.423793310617778,-29.55303826250293,,11.827956989247312,7.683332920074463
2016-02-11,7.019346714019775,6.93403378256404,-33.953498792093626,,5.714285714285714,7.40500020980835
2016-02-12,7.430110931396484,7.234208151259774,-27.449351742843763,,15.302491103202847,7.8383331298828125
2016-02-16,7.798221111297607,7.693949352181169,-14.577614157108318,,39.00709219858156,8.226667404174805
2016-02-17,8.185290336608887,7.975167455716269,2.3427056680604386,,63.60424028268551,8.635000228881836
2016-02-18,8.084177017211914,8.227945761546735,8.848832826406209,,73.23943661971832,8.528332710266113
2016-02-19,8.082597732543945,7.975166451123551,12.233195843564824,,75.08771929824562,8.526666641235352
2016-02-22,8.42226505279541,8.310095023562003,22.475025652110624,,83.91608391608392,8.885000228881836
2016-02-23,8.115775108337402,8.329056547705825,19.920495652518124,,81.53310104529616,8.561667442321777
2016-02-24,8.223206520080566,7.885114231885088,21.412327423365735,,82.98611111111111,8.675000190734863
2016-02-25,8.512319564819336,8.284819024576263,28.73193132025219,,90.3114186851211,8.979999542236328
2016-02-26,8.461767196655273,8.652930334346761,29.182494269241083,,90.6896551724138,8.926667213439941
2016-02-29,8.231101989746094,8.474400897769788,23.63487575492396,,85.56701030927834,8.683333396911621
2016-03-01,8.842513084411621,8.44438662285657,32.54345175073887,,93.15068493150685,9.328332901000977
2016-03-02,8.964162826538086,8.793536954487616,37.48162031333574,,96.9283276450512,9.456666946411133
2016-03-03,9.055795669555664,8.926246952661007,40.08820859598959,,98.63945578231292,9.553333282470703
2016-03-04,9.152169227600098,9.100034231611366,40.46883449945588,,99.32203389830508,9.654999732971191
2016-03-07,9.171126365661621,9.009979890092874,40.901504605575845,,100.0,9.675000190734863
2016-03-08,8.86621379852295,8.998922048885412,35.90946276325579,,94.27609427609428,9.353333473205566
2016-03-09,9.003660202026367,9.005240406260254,35.82320822715619,,93.95973154362416,9.498332977294922
2016-03-10,9.01945686340332,9.079491046421358,35.99196264834526,,94.31438127090301,9.515000343322754
2016-03-11,9.460240364074707,9.251698632639064,39.55864810616247,,97.66666666666667,9.979999542236328
2016-03-14,9.425483703613281,9.373348719460541,40.72276304162806,,99.33554817275747,9.94333267211914
2016-03-15,9.382827758789062,9.267498163124976,40.441229639083325,,98.34437086092716,9.898332595825195
2016-03-16,9.551874160766602,9.29277581879785,41.37896118872586,,100.0,10.076666831970215
2016-03-17,9.728818893432617,9.528176357691008,41.96109331870142,,100.0,10.263333320617676
2016-03-18,9.84256649017334,9.795170322482555,42.76256827654502,,100.0,10.383333206176758
2016-03-21,9.87890625,9.788853600765723,43.39070379853893,,100.0,10.421667098999023
2016-03-22,9.869425773620605,9.744615879768046,43.12056529409187,,99.6742671009772,10.411666870117188
2016-03-23,9.675104141235352,9.795173446471615,40.03020100627841,,95.45454545454545,10.206666946411133
2016-03-24,9.651403427124023,9.482356884698657,37.02345818363473,,92.55663430420712,10.18166732788086
2016-03-28,9.675104141235352,9.724079624264736,35.79204301200186,,90.32258064516128,10.206666946411133
2016-03-29,9.949996948242188,9.594527074976689,39.58078620220384,,95.17684887459808,10.49666690826416
2016-03-30,10.068489074707031,10.10008592144403,40.62679140116889,,97.11538461538461,10.62166690826416
2016-03-31,10.000556945800781,10.054272139347628,39.14330168388865,,93.9297124600639,10.550000190734863
2016-04-01,10.18697738647461,9.81412887051242,41.32110360650378,,98.40764331210191,10.74666690826416
2016-04-04,10.093766212463379,10.190138766563617,40.2309584397525,,95.87301587301587,10.648332595825195
2016-04-05,9.798331260681152,9.874164771491408,32.05443659213526,,86.07594936708861,10.33666706085205
2016-04-06,10.103245735168457,9.810971277860261,34.72449290483704,,88.01261829652996,10.658332824707031
2016-04-07,9.750938415527344,9.918403916337962,25.47047810786761,,79.24528301886792,10.286666870117188
2016-04-08,9.828350067138672,9.945260766742535,22.751141667642916,,76.48902821316614,10.368332862854004
2016-04-11,9.75251579284668,9.942099597138505,14.664294419099027,,68.75,10.28833293914795
2016-04-12,10.033733367919922,9.788854151905177,21.8322140919931,,75.38940809968847,10.585000038146973
2016-04-13,10.32758617401123,10.17591825370808,31.26358553772228,,84.472049689441,10.895000457763672
2016-04-14,10.335484504699707,10.344963919241863,34.669429153039474,,87.92569659442725,10.903332710266113
2016-04-15,10.288089752197266,10.330745311747132,34.17500192459669,,86.72839506172839,10.853333473205566
2016-04-18,10.514012336730957,10.196459125097595,38.17520466654223,,92.3076923076923,11.091667175292969
2016-04-19,10.613541603088379,10.588263766987128,39.911343180908275,,94.47852760736197,11.196666717529297
2016-04-20,10.638819694519043,10.62144106878151,39.715302344171704,,94.18960244648318,11.223333358764648
2016-04-21,10.471354484558105,10.641980338123933,34.790401693301106,,87.5,11.046667098999023
2016-04-22,10.477676391601562,10.408161867871414,32.21929310015829,,84.49848024316108,11.053333282470703
2016-04-25,10.416057586669922,10.367083022848334,28.814268111462127,,80.9090909090909,10.988332748413086
2016-04-26,10.472933769226074,10.474513973055608,28.24609034706991,,79.15407854984893,11.048333168029785
2016-04-27,10.528230667114258,10.393942250484528,29.394793713723356,,81.62650602409639,11.106666564941406
2016-04-28,10.25017261505127,10.390781835584303,18.519819086784388,,69.96996996996997,10.813332557678223
2016-04-29,10.081128120422363,10.12694409116874,5.766626144804657,,57.18562874251497,10.635000228881836
2016-05-02,10.305468559265137,10.163280947585235,7.76579386126833,,60.298507462686565,10.87166690826416
2016-05-03,10.04004955291748,10.093763819110396,-1.844639124774083,,47.61904761904761,10.591667175292969
2016-05-04,9.863106727600098,9.866266231719958,-13.227644639966464,,33.531157270029674,10.404999732971191
2016-05-05,9.871004104614258,9.949998020971956,-18.787280799532745,,25.443786982248522,10.41333293914795
2016-05-06,9.967382431030273,9.736721363170194,-19.40153716223478,,24.48377581120944,10.515000343322754
2016-05-09,10.005290031433105,9.940515258794994,-18.11869175975388,,26.47058823529412,10.555000305175781
2016-05-10,10.367084503173828,10.1111457013136,-2.701468370264134,,47.50733137829912,10.936667442321777
2016-05-11,10.082709312438965,10.284932046726368,-6.324650195485955,,42.69005847953216,10.636667251586914
2016-05-12,10.081128120422363,10.199618105183303,-8.26953254124608,,40.2332361516035,10.635000228881836
2016-05-13,9.814130783081055,10.035312333078892,-19.52730641952928,,24.12790697674419,10.353333473205566
2016-05-16,10.104825019836426,9.847306937632055,-13.975182515101217,,33.91304347826087,10.65999984741211
2016-05-17,9.829927444458008,10.0637478724179,-21.44751212626558,,20.809248554913296,10.369999885559082
2016-05-18,9.84256649017334,9.76515368375199,-23.62349719122837,,17.29106628242075,10.383333206176758
2016-05-19,9.738293647766113,9.711436515493318,-25.888634791281667,,13.505747126436782,10.273332595825195
2016-05-20,9.915245056152344,9.840991719005933,-19.78907812002077,,24.068767908309454,10.460000038146973
2016-05-23,9.866265296936035,9.915241674184639,-18.36676681301205,,26.857142857142858,10.408332824707031
2016-05-24,10.256495475769043,10.013195530744483,-2.1231420941135926,,49.572649572649574,10.819999694824219
2016-05-25,10.46187686920166,10.373403519536184,13.812902460672058,,66.76136363636364,11.036666870117188
2016-05-26,10.472933769226074,10.493471898976168,22.60030593405769,,75.07082152974505,11.048333168029785
2016-05-27,10.600905418395996,10.501373348079571,30.36644599834462,,83.33333333333334,11.183333396911621
2016-05-31,10.550348281860352,10.659358850158249,31.425109196916708,,84.50704225352112,11.130000114440918
2016-06-01,10.608803749084473,10.436598573562794,33.515205496983725,,86.51685393258427,11.191666603088379
2016-06-02,10.711493492126465,10.539287441906808,36.72410321969067,,91.03641456582633,11.300000190734863
2016-06-03,10.618279457092285,10.604061241771118,35.35134374005664,,88.26815642458101,11.201666831970215
2016-06-06,10.774689674377441,10.676737818573011,36.89721276865401,,91.08635097493037,11.366666793823242
2016-06-07,10.814186096191406,10.799967875748521,37.349690453968265,,91.38888888888889,11.408332824707031
2016-06-08,10.921618461608887,10.844204727445275,39.18901303304156,,93.62880886426593,11.521666526794434
2016-06-09,10.88054084777832,10.793648611112477,39.174484971625866,,93.37016574585635,11.478333473205566
2016-06-10,10.567728042602539,10.624603643639842,28.389089885239382,,78.23691460055096,11.148332595825195
2016-06-13,10.33232593536377,10.455555623533177,14.267265952788538,,65.65934065934066,10.899999618530273
2016-06-14,10.275450706481934,10.262811787954988,4.432579225367871,,55.06849315068493,10.84000015258789
2016-06-15,10.220157623291016,10.333907915614327,-2.6318293038711005,,46.994535519125684,10.78166675567627
2016-06-16,10.313369750976562,10.060590420329895,-2.6111987295904737,,47.13896457765668,10.880000114440918
2016-06-17,10.196460723876953,10.299151402441952,-6.934836561118593,,41.03260869565217,10.756667137145996
2016-06-20,10.392361640930176,10.537709672274255,-4.30833714069562,,43.90243902439025,10.963333129882812
2016-06-21,10.479255676269531,10.458716638601093,0.6652599876138968,,53.24324324324324,11.055000305175781
2016-06-22,10.421199798583984,10.47814664620627,0.19483453781822715,,52.02156334231805,10.979999542236328
2016-06-23,10.834062576293945,10.671132037611372,15.686362899114389,,66.93548387096774,11.414999961853027
2016-06-24,9.657170295715332,9.71411624651592,-11.795882181094873,,34.852546916890084,10.175000190734863
2016-06-27,9.135160446166992,9.432546751351245,-26.87040469471931,,12.032085561497325,9.625
2016-06-28,9.630279541015625,9.410403015577332,-25.61226629765054,,13.333333333333334,10.146666526794434
2016-06-29,10.134883880615234,9.867551911637008,-13.56282431154574,,33.244680851063826,10.678333282470703
2016-06-30,10.528765678405762,10.202905524430754,1.2719070995705226,,54.11140583554377,11.09333324432373
2016-07-01,10.603116035461426,10.522441838897535,10.674433131445053,,63.75661375661375,11.171667098999023
2016-07-05,10.387982368469238,10.460747441192776,10.896045507464276,,64.1160949868074,10.944999694824219
2016-07-06,10.561984062194824,10.289907299602898,14.507247656548195,,66.84210526315789,11.12833309173584
2016-07-07,10.539838790893555,10.59994910401677,15.951285091921624,,67.71653543307087,11.104999542236328
2016-07-08,11.006484031677246,10.773952800005542,24.951085927113212,,76.70157068062828,11.596667289733887
2016-07-11,11.1251220703125,11.101393840298044,29.502054261318055,,81.72323759791122,11.721667289733887
2016-07-12,11.368727684020996,11.308617365214921,34.121940785267235,,85.9375,11.978333473205566
2016-07-13,11.370306968688965,11.450981139224112,36.27254303103457,,89.87012987012987,11.979999542236328
2016-07-14,11.545893669128418,11.602840522163342,37.968026570757054,,91.96891191709845,12.164999961853027
2016-07-15,11.511091232299805,11.658202632829301,38.26150429724001,,92.50645994832041,12.12833309173584
2016-07-18,11.604422569274902,11.536402240127925,39.53462386924476,,94.3298969072165,12.226667404174805
2016-07-19,11.56329345703125,11.51900226714763,39.44700673254734,,94.08740359897172,12.183333396911621
2016-07-20,11.711986541748047,11.655039694230979,40.52772290823743,,97.17948717948718,12.34000015258789
2016-07-21,11.575946807861328,11.683512664770102,38.20317542217812,,91.56010230179028,12.196666717529297
2016-07-22,11.732551574707031,11.601258371230324,39.553339222955,,94.13265306122449,12.361666679382324
2016-07-25,11.643967628479004,11.69300446460512,37.87038509724982,,90.33078880407125,12.268333435058594
2016-07-26,11.648713111877441,11.618658858878241,37.00998566497225,,89.08629441624365,12.273332595825195
2016-07-27,11.620238304138184,11.724640701769953,35.59120797929467,,86.07594936708861,12.243332862854004
2016-07-28,11.658201217651367,11.57594578008834,35.320500736293944,,85.35353535353535,12.283332824707031
2016-07-29,11.700912475585938,11.609165736862101,36.40055559106361,,88.16120906801007,12.328332901000977
2016-08-01,11.67243766784668,11.718311935124447,34.93257491582041,,84.92462311557789,12.298333168029785
2016-08-02,11.447819709777832,11.62498537950139,27.320897834923798,,75.18796992481202,12.061667442321777
2016-08-03,11.550640106201172,11.430419466643386,25.77874481735857,,75.0,12.170000076293945
2016-08-04,11.591764450073242,11.571200589873788,25.52983060809281,,73.81546134663341,12.213333129882812
2016-08-05,11.874920845031738,11.71515372754196,32.849419125871165,,82.08955223880598,12.511667251586914
2016-08-08,11.851186752319336,11.911297051568248,34.11961084636121,,82.87841191066998,12.486666679382324
2016-08-09,11.863842964172363,11.865425147819623,33.80809095450971,,82.67326732673267,12.5
2016-08-10,11.778425216674805,11.889154557787798,28.06534055758483,,75.06172839506173,12.40999984741211
2016-08-11,11.947677612304688,11.882822581186328,32.69210129316551,,81.5270935960591,12.588333129882812
2016-08-12,11.912880897521973,11.878080097822373,32.842663329436746,,81.57248157248156,12.551667213439941
2016-08-15,12.02361011505127,11.979318925785634,35.526250342780074,,85.7843137254902,12.668333053588867
2016-08-16,11.825878143310547,11.927116168599525,25.582091050002937,,73.10513447432763,12.460000038146973
2016-08-17,11.889151573181152,11.830623454607126,23.241003814394347,,70.24390243902438,12.526666641235352
2016-08-18,11.972990989685059,11.889153352953667,25.591517157675142,,73.2360097323601,12.614999771118164
2016-08-19,11.917628288269043,11.878081836898625,23.967318904098917,,71.35922330097088,12.55666732788086
2016-08-22,11.914462089538574,11.873334365722826,22.92796530499384,,69.24939467312349,12.553333282470703
2016-08-23,11.982479095458984,12.031516822584903,25.270573155165355,,71.98067632850241,12.625
2016-08-24,11.813225746154785,11.955592426465236,16.81052670615721,,62.89156626506024,12.446666717529297
2016-08-25,11.764190673828125,11.726225495932821,9.691468267160259,,57.692307692307686,12.395000457763672
2016-08-26,11.708823204040527,11.810060335440506,2.785711381583117,,49.88009592326139,12.33666706085205
2016-08-29,11.87649917602539,11.730969037349633,7.985636760161952,,56.2200956937799,12.513333320617676
2016-08-30,11.813225746154785,11.862262585006686,6.803376959443325,,53.699284009546545,12.446666717529297
2016-08-31,11.713567733764648,11.757858917959679,-0.5558619215559679,,46.19047619047619,12.341667175292969
2016-09-01,11.723058700561523,11.723058700561523,-6.483372924566627,,37.52969121140142,12.351667404174805
2016-09-02,11.873334884643555,11.873334884643555,0.08008104087488184,,47.1563981042654,12.510000228881836
2016-09-06,11.987228393554688,11.927118080120833,10.687046516765694,,58.86524822695035,12.630000114440918
2016-09-07,11.984063148498535,11.952425812661469,15.910198662799427,,62.735849056603776,12.626667022705078
2016-09-08,11.893898963928223,11.91604501086897,12.148320490441385,,59.529411764705884,12.53166675567627
2016-09-09,11.046031951904297,11.658205957825905,-16.128669898483167,,26.291079812206576,11.638333320617676
2016-09-12,11.506348609924316,10.897338080753284,-14.129726940492013,,29.274004683840747,12.123332977294922
2016-09-13,11.008066177368164,11.272234769291783,-26.336108558811343,,11.214953271028037,11.598333358764648
2016-09-14,10.9922456741333,11.017554275226463,-32.78135972091146,,5.128205128205128,11.581666946411133
2016-09-15,11.326016426086426,10.968519828690102,-27.231761926489412,,10.465116279069768,11.933333396911621
2016-09-16,11.197885513305664,11.213703728878516,-27.692011127693593,,10.208816705336426,11.798333168029785
2016-09-19,11.194721221923828,11.314941823706137,-27.99650958885031,,9.722222222222223,11.795000076293945
2016-09-20,11.20895767211914,11.360814696121352,-27.49552889441099,,10.623556581986143,11.8100004196167
2016-09-21,11.581235885620117,11.328094355085607,-15.501425849192282,,28.110599078341014,12.199999809265137
2016-09-22,11.790078163146973,11.766346484023769,-0.9227562402672593,,46.89655172413793,12.420000076293945
2016-09-23,11.606552124023438,11.720465824345634,0.19020025855199746,,48.1651376146789,12.226667404174805
2016-09-26,11.320182800292969,11.445171985822874,-8.763588056585391,,35.92677345537758,11.925000190734863
2016-09-27,11.533770561218262,11.290122086820697,-6.679973362833873,,37.89954337899543,12.149999618530273
2016-09-28,11.699895858764648,11.568579484551234,0.1749987419830113,,48.29157175398633,12.324999809265137
2016-09-29,11.38347053527832,11.660343777821831,-6.93264518155203,,37.72727272727273,11.991666793823242
2016-09-30,11.650849342346191,11.538518127772125,-1.7346640893176544,,44.67120181405896,12.273332595825195
2016-10-03,11.54010009765625,11.552757173617493,-3.071235288188711,,42.30769230769231,12.15666675567627
2016-10-04,11.380304336547852,11.57965352003757,-8.790096636028553,,35.214446952595935,11.988332748413086
2016-10-05,11.530606269836426,11.483142917231362,-6.847969689350762,,37.83783783783784,12.146666526794434
2016-10-06,11.54959487915039,11.479980498173672,-4.399540453773219,,40.67415730337079,12.166666984558105
2016-10-07,11.424605369567871,11.595476369078293,-5.946532143320084,,39.23766816143498,12.03499984741211
2016-10-10,11.597061157226562,11.600225200917738,0.36524372878914985,,49.664429530201346,12.216667175292969
2016-10-11,11.174626350402832,11.519532345836337,-12.691336506499423,,31.026785714285715,11.771666526794434
2016-10-12,11.2157621383667,11.190447985531565,-18.077839941684307,,23.385300668151448,11.8149995803833
2016-10-13,11.101849555969238,10.967368218806085,-23.039454247745194,,16.22222222222222,11.694999694824219
2016-10-14,11.112924575805664,11.285377138414555,-25.124700077948052,,12.86031042128603,11.706666946411133
2016-10-17,11.005337715148926,11.108176794541988,-29.279655077234235,,8.185840707964601,11.59333324432373
2016-10-18,11.193613052368164,11.283795062289638,-24.864947754692047,,14.1280353200883,11.791666984558105
2016-10-19,11.28696060180664,11.242660375347993,-19.016769738219867,,22.687224669603523,11.890000343322754
2016-10-20,11.225255966186523,11.2236734920328,-18.23497877246883,,23.736263736263734,11.824999809265137
2016-10-21,11.231584548950195,11.079699626718392,-16.591147125208174,,26.31578947368421,11.831666946411133
2016-10-24,11.37397575378418,11.391379346574032,-9.417411004856183,,35.667396061269145,11.981666564941406
2016-10-25,11.277464866638184,11.351824843947151,-9.570894754631357,,35.37117903930131,11.880000114440918
2016-10-26,11.206271171569824,11.119253196363635,-12.854678071114822,,32.02614379084967,11.805000305175781
2016-10-27,11.111342430114746,11.331260170059442,-18.595478331252195,,23.043478260869566,11.704999923706055
2016-10-28,11.003754615783691,11.097099743799456,-25.412790285773372,,12.58134490238612,11.591667175292969
2016-10-31,10.99584674835205,11.065461130328782,-28.719716427015165,,9.090909090909092,11.583333015441895
2016-11-01,10.774347305297852,11.063877598735768,-32.01778008957181,,5.183585313174946,11.350000381469727
2016-11-02,10.568669319152832,10.711061209962855,-37.23781790661144,,2.3706896551724137,11.133333206176758
2016-11-03,10.427858352661133,10.609804842892212,-40.784082175040965,,0.6451612903225806,10.984999656677246
2016-11-04,10.37881088256836,10.442096254057441,-43.235022862917376,,0.0,10.933333396911621
2016-11-07,11.062295913696289,10.826557953726645,-26.112887399295825,,12.84796573875803,11.653332710266113
2016-11-08,11.212600708007812,11.002175988386364,-8.507316339859985,,38.24786324786324,11.811667442321777
2016-11-09,11.593890190124512,10.937303936470098,10.530869880623506,,62.046908315565034,12.213333129882812
2016-11-10,11.665088653564453,11.736284594332876,18.951368857999228,,69.57446808510637,12.28833293914795
2016-11-11,11.587564468383789,11.540100206754037,20.634001422307882,,70.70063694267516,12.206666946411133
2016-11-14,11.609713554382324,11.684074441416705,22.188034489449404,,71.61016949152543,12.229999542236328
2016-11-15,11.880260467529297,11.687240271025763,30.90824656477626,,81.3953488372093,12.515000343322754
2016-11-16,11.82013988494873,11.763183487862978,32.667358217743946,,83.54430379746836,12.451666831970215
2016-11-17,11.992593765258789,11.840708816037418,37.02829332854063,,91.15789473684211,12.633333206176758
2016-11-18,11.913484573364258,12.00682971864723,35.22156008649124,,86.97478991596638,12.550000190734863
2016-11-21,12.180867195129395,12.024235743352564,39.06469848920183,,93.71069182389937,12.831666946411133
2016-11-22,12.252058982849121,12.248894035478122,40.988433080778144,,98.74476987447699,12.90666675567627
2016-11-23,12.274212837219238,12.153970148940518,42.30066769783078,,99.37369519832986,12.930000305175781
2016-11-25,12.415019989013672,12.340660012166001,43.494672973922846,,100.0,13.078332901000977
2016-11-28,12.239405632019043,12.34857281158467,40.27002250591093,,96.46569646569647,12.893333435058594
2016-11-29,12.30902099609375,12.242570655350029,40.10289376163074,,95.64315352697096,12.966667175292969
2016-11-30,12.21092414855957,12.427677801883126,35.41637608634336,,86.33540372670807,12.863332748413086
2016-12-01,12.07011890411377,12.267885655026818,28.756085147244548,,77.89256198347107,12.71500015258789
2016-12-02,12.092266082763672,12.093848556900118,25.4506158977166,,73.60824742268042,12.738332748413086
2016-12-05,12.296361923217773,12.253644174132516,28.93724105494502,,78.18930041152264,12.953332901000977
2016-12-06,12.432426452636719,12.350154998680344,34.74724257230161,,85.21560574948666,13.096667289733887
2016-12-07,12.90706729888916,12.400782403275436,39.394709598830666,,93.64754098360656,13.596667289733887
2016-12-08,13.00516128540039,12.908651168285,41.01474876341912,,98.3640081799591,13.699999809265137
2016-12-09,13.237733840942383,13.058953179293923,42.75449161647003,,99.18367346938776,13.944999694824219
2016-12-12,13.201345443725586,13.229824549101046,42.31706481451605,,98.98167006109979,13.90666675567627
2016-12-13,13.452901840209961,13.332659174972402,42.3933429198663,,98.98373983739837,14.171667098999023
2016-12-14,13.145970344543457,13.39911190734866,37.91976911531344,,90.06085192697769,13.848333358764648
2016-12-15,13.280451774597168,13.18236009733957,37.3683496558991,,89.47368421052632,13.989999771118164
2016-12-16,13.223491668701172,13.388033639493507,35.61124625342044,,85.85858585858585,13.930000305175781
2016-12-19,13.296273231506348,13.258301998461393,35.71445811864529,,85.88709677419355,14.006667137145996
2016-12-20,13.437082290649414,13.403857575798927,37.996289786089655,,90.3420523138833,14.154999732971191
2016-12-21,13.337409019470215,13.426008566641796,36.5585193156856,,87.55020080321285,14.050000190734863
2016-12-22,13.274117469787598,13.304179037006381,34.00189166295678,,81.56312625250501,13.983332633972168
2016-12-23,13.313676834106445,13.264630994216532,33.65490209663451,,81.2,14.024999618530273
2016-12-27,13.414932250976562,13.375378547261011,35.74424613172087,,85.62874251497006,14.131667137145996
2016-12-28,13.095340728759766,13.460814389504579,24.653383526133315,,70.5179282868526,13.795000076293945
2016-12-29,13.073190689086914,13.100087317094356,17.90936213108238,,64.01590457256461,13.771666526794434
2016-12-30,12.938711166381836,13.13964285682988,10.130735002150875,57.53968253968254,57.53968253968254,13.630000114440918
2017-01-03,13.218745231628418,13.191848608290753,13.507785780307085,59.72222222222222,59.72222222222222,13.925000190734863
2017-01-04,13.454486846923828,13.282034269021855,22.89094977882198,68.45238095238095,68.45238095238095,14.173333168029785
2017-01-05,13.413350105285645,13.399110554326127,24.875879343470363,70.63492063492063,70.63492063492063,14.130000114440918
2017-01-06,13.56523609161377,13.446575873560707,30.021273975860446,76.78571428571429,76.78571428571429,14.289999961853027
2017-01-09,13.437082290649414,13.50669666866421,24.471887790306905,70.03968253968253,70.03968253968253,14.154999732971191
2017-01-10,13.414932250976562,13.435498981905356,20.37101844127568,65.07936507936508,65.07936507936508,14.131667137145996
2017-01-11,13.524100303649902,13.399111098741633,22.621876525765202,67.26190476190477,67.26190476190477,14.24666690826416
2017-01-12,13.435500144958496,13.429172058787307,19.32571561413185,64.0873015873016,64.0873015873016,14.153332710266113
2017-01-13,13.519354820251465,13.471890550134006,21.15223929089803,65.47619047619048,65.47619047619048,14.241666793823242
2017-01-17,13.394365310668945,13.386455655346904,15.668992843616666,59.92063492063492,59.92063492063492,14.109999656677246
2017-01-18,13.463977813720703,13.432334670320317,15.320834302050837,59.72222222222222,59.72222222222222,14.183333396911621
2017-01-19,13.32316780090332,13.47979923680005,8.661271903570377,54.563492063492056,54.563492063492056,14.03499984741211
2017-01-20,13.460814476013184,13.45923200190335,10.967509069274813,56.547619047619044,56.547619047619044,14.180000305175781
2017-01-23,13.356388092041016,13.389612793912923,7.478957181763166,51.98412698412699,51.98412698412699,14.069999694824219
2017-01-24,13.61111831665039,13.399112029541241,15.917456730674267,60.317460317460316,60.317460317460316,14.338333129882812
2017-01-25,13.94178295135498,13.808883203513176,27.69657852747897,73.21428571428571,73.21428571428571,14.686667442321777
2017-01-26,13.910140037536621,13.932291053504947,31.990861489192184,78.96825396825396,78.96825396825396,14.653332710266113
2017-01-27,13.86109447479248,13.937036931894932,31.57064977609856,78.37301587301587,78.37301587301587,14.601667404174805
2017-01-30,13.61111831665039,13.702882812983349,20.09462836519598,63.69047619047619,63.69047619047619,14.338333129882812
2017-01-31,13.603204727172852,13.48612700570133,13.371321216465848,56.547619047619044,56.547619047619044,14.329999923706055
2017-02-01,13.61111831665039,13.717121460204964,8.519282847532486,52.77777777777778,52.77777777777778,14.338333129882812
2017-02-02,13.63010025024414,13.532008595995313,4.943270731976114,47.42063492063492,47.42063492063492,14.358332633972168
2017-02-03,13.90381145477295,13.812047877843193,16.188761024967697,59.92063492063492,59.92063492063492,14.646666526794434
2017-02-06,13.845273971557617,13.82312476478199,18.269214318524718,62.301587301587304,62.301587301587304,14.585000038146973
2017-02-07,13.835780143737793,13.918051595905542,18.92104177381139,62.698412698412696,62.698412698412696,14.574999809265137
2017-02-08,13.891153335571289,13.772493140899204,21.842890034302993,65.67460317460318,65.67460317460318,14.633333206176758
2017-02-09,14.128475189208984,13.943364650727737,29.87706512351554,76.19047619047619,76.19047619047619,14.883333206176758
2017-02-10,14.294598579406738,14.209163091997945,35.74948219137507,85.71428571428571,85.71428571428571,15.058333396911621
2017-02-13,14.512932777404785,14.400601570935539,38.73031159546375,91.66666666666666,91.66666666666666,15.28833293914795
2017-02-14,14.699627876281738,14.48920406452728,41.44375742234929,98.21428571428571,98.21428571428571,15.484999656677246
2017-02-15,14.919544219970703,14.648999086023078,42.46678706016484,99.0079365079365,99.0079365079365,15.716667175292969
2017-02-16,14.891067504882812,14.93378435185195,42.493311622817615,99.0079365079365,99.0079365079365,15.686667442321777
2017-02-17,14.949602127075195,14.74075992995676,43.26736461322345,99.60317460317461,99.60317460317461,15.748332977294922
2017-02-21,15.207494735717773,15.042952715429578,43.47340110624935,99.8015873015873,99.8015873015873,16.020000457763672
2017-02-22,15.180597305297852,15.136297080284141,43.16997174310984,99.20634920634922,99.20634920634922,15.991666793823242
2017-02-23,15.218567848205566,15.304003340840485,42.96096333557894,98.80952380952381,98.80952380952381,16.031667709350586
2017-02-24,15.269194602966309,15.017635542940292,43.39792100661826,99.60317460317461,99.60317460317461,16.084999084472656
2017-02-27,15.337226867675781,15.253372044963845,43.69149088876465,100.0,100.0,16.156667709350586
2017-02-28,15.223315238952637,15.251794343363082,41.91020313356776,96.62698412698413,96.62698412698413,16.036666870117188
2017-03-01,15.837172508239746,15.582450455064766,42.36562156059551,97.22222222222221,97.22222222222221,16.683332443237305
2017-03-02,15.568220138549805,15.807123047221774,39.15966799745662,90.07936507936508,90.07936507936508,16.399999618530273
2017-03-03,15.5824556350708,15.533408003215857,37.55332136818051,87.10317460317461,87.10317460317461,16.415000915527344
2017-03-06,15.446394920349121,15.38310863384115,33.934864635951115,78.96825396825396,78.96825396825396,16.27166748046875
2017-03-07,15.308748245239258,15.365704634161256,27.061829773191647,71.42857142857143,71.42857142857143,16.126667022705078
2017-03-08,15.209074974060059,15.360959893535227,18.815625032616577,61.50793650793651,61.50793650793651,16.02166748046875
2017-03-09,15.262866973876953,15.229642259695064,15.757548817395364,57.738095238095234,57.738095238095234,16.078332901000977
2017-03-10,15.413167953491211,15.481198030883496,18.545790476655405,61.111111111111114,61.111111111111114,16.23666763305664
2017-03-13,15.43690299987793,15.41000637143801,19.95818858245843,62.5,62.5,16.261667251586914
2017-03-14,15.2786865234375,15.321404267367782,11.43715396542987,53.769841269841265,53.769841269841265,16.094999313354492
2017-03-15,15.640997886657715,15.392601968436932,19.58579509029799,61.904761904761905,61.904761904761905,16.476667404174805
2017-03-16,15.579296112060547,15.688463297895357,20.0427397447082,62.5,62.5,16.411666870117188
2017-03-17,15.476454734802246,15.631504598233594,14.07832635440768,55.158730158730165,55.158730158730165,16.303333282470703
2017-03-20,15.432154655456543,15.476454875498376,8.455664393937228,49.801587301587304,49.801587301587304,16.25666618347168
2017-03-21,14.845182418823242,15.565055100048943,-16.2663407562466,22.22222222222222,22.22222222222222,15.638333320617676
2017-03-22,14.935364723205566,14.837273053571977,-23.850063074277962,13.492063492063492,13.492063492063492,15.733332633972168
2017-03-23,14.884736061096191,14.879989544369161,-29.157968797885808,7.738095238095238,7.738095238095238,15.680000305175781
2017-03-24,14.85467529296875,14.951186296147366,-32.564010991888615,4.9603174603174605,4.9603174603174605,15.648332595825195
2017-03-27,14.800884246826172,14.473381808503916,-32.23362261085024,5.158730158730158,5.158730158730158,15.591667175292969
2017-03-28,15.109399795532227,14.742343671424436,-23.231296210190074,15.079365079365079,15.079365079365079,15.916666984558105
2017-03-29,15.1790132522583,15.060353046899236,-16.52592577645981,22.817460317460316,22.817460317460316,15.989999771118164
2017-03-30,15.297674179077148,15.160028805127956,-7.507834264117102,31.944444444444443,31.944444444444443,16.114999771118164
2017-03-31,15.190091133117676,15.228063273858158,-6.096594520967239,34.32539682539682,34.32539682539682,16.001667022705078
2017-04-03,15.131548881530762,15.215402804895657,-7.05442594093921,31.944444444444443,31.944444444444443,15.9399995803833
2017-04-04,15.156865119934082,15.054025121291774,-6.825952105037277,32.93650793650794,32.93650793650794,15.966667175292969
2017-04-05,15.003396987915039,15.296091322671119,-12.023554469364512,27.976190476190478,27.976190476190478,15.805000305175781
2017-04-06,15.126802444458008,15.04927751618235,-10.359366704378656,28.968253968253972,28.968253968253972,15.9350004196167
2017-04-07,15.082505226135254,15.085670174673789,-11.14446048917923,28.373015873015873,28.373015873015873,15.888333320617676
2017-04-10,15.10623550415039,15.115728538272286,-10.450822592063098,29.166666666666668,29.166666666666668,15.91333293914795
2017-04-11,15.052440643310547,15.022379977140195,-12.337201380297193,27.77777777777778,27.77777777777778,15.856666564941406
2017-04-12,14.86258602142334,14.99390330047087,-19.873573563167344,17.46031746031746,17.46031746031746,15.65666675567627
2017-04-13,14.579383850097656,14.781897987967566,-29.746039915578265,7.341269841269842,7.341269841269842,15.358332633972168
2017-04-17,14.948022842407227,14.675895226598945,-23.98049223564133,14.087301587301587,14.087301587301587,15.74666690826416
2017-04-18,14.805631637573242,14.789809611162568,-25.218611555501948,12.3015873015873,12.3015873015873,15.596667289733887
2017-04-19,14.729686737060547,14.941692078646794,-28.18010877289551,9.126984126984127,9.126984126984127,15.516667366027832
2017-04-20,15.073010444641113,14.859421708320513,-16.466043057950458,23.41269841269841,23.41269841269841,15.87833309173584
2017-04-21,14.946441650390625,15.061937830661897,-14.95035695828272,25.793650793650798,25.793650793650798,15.744999885559082
2017-04-24,15.42108154296875,15.436902662738198,2.4666855296842147,46.03174603174603,46.03174603174603,16.2450008392334
2017-04-25,15.691628456115723,15.56980328520249,15.964603322358958,57.936507936507944,57.936507936507944,16.530000686645508
2017-04-26,15.669472694396973,15.688458758773624,19.868238613815297,62.10317460317461,62.10317460317461,16.50666618347168
2017-04-27,15.707444190979004,15.745414507593377,23.314910626576747,66.86507936507937,66.86507936507937,16.546667098999023
2017-04-28,15.610939979553223,15.759661794864405,20.897860306668107,63.49206349206349,63.49206349206349,16.44499969482422
2017-05-01,15.709031105041504,15.705867966921195,22.939825802569302,66.46825396825396,66.46825396825396,16.54833221435547
2017-05-02,15.735931396484375,15.751750710166966,24.814807867272638,68.45238095238095,68.45238095238095,16.57666778564453
2017-05-03,15.685297012329102,15.637833652311603,23.547441645480202,67.06349206349206,67.06349206349206,16.523332595825195
2017-05-04,15.715359687805176,15.739091369473483,23.977214260992643,67.85714285714286,67.85714285714286,16.55500030517578
2017-05-05,15.913126945495605,15.800796613359944,30.905888256684943,75.39682539682539,75.39682539682539,16.76333236694336
2017-05-08,15.903634071350098,15.911546443310408,33.56383880312874,78.37301587301587,78.37301587301587,16.753332138061523
2017-05-09,15.860916137695312,15.954264019664311,32.01047348224429,76.5873015873016,76.5873015873016,16.708332061767578
2017-05-10,15.933694839477539,15.834020685203631,33.68883202474487,78.57142857142857,78.57142857142857,16.78499984741211
2017-05-11,15.846674919128418,15.82768885093941,29.671724196772605,73.80952380952381,73.80952380952381,16.69333267211914
2017-05-12,15.767570495605469,15.777063530408144,23.151916493205952,64.88095238095238,64.88095238095238,16.610000610351562
2017-05-15,16.00172233581543,15.845091823822512,28.697585690871108,71.82539682539682,71.82539682539682,16.856666564941406
2017-05-16,15.966914176940918,16.080828751017286,28.47326020018689,71.62698412698413,71.62698412698413,16.81999969482422
2017-05-17,15.126802444458008,15.569800094664334,0.7541069345849639,43.452380952380956,43.452380952380956,15.9350004196167
2017-05-18,15.283434867858887,15.087249728729995,-11.34193543373756,29.563492063492063,29.563492063492063,16.100000381469727
2017-05-19,15.580876350402832,15.405257945225406,-8.861628813309396,31.944444444444443,31.944444444444443,16.413333892822266
2017-05-22,15.830850601196289,15.694786824346398,-0.572587372353563,41.66666666666667,41.66666666666667,16.676666259765625
2017-05-23,15.930533409118652,15.908382387609107,6.917647685097671,47.817460317460316,47.817460317460316,16.781667709350586
2017-05-24,16.02071189880371,15.982739759963156,14.007010780380561,53.96825396825397,53.96825396825397,16.876667022705078
2017-05-25,16.24695587158203,16.136206220616575,21.284713904254875,62.5,62.5,17.114999771118164
2017-05-26,16.25486183166504,16.212144095372555,25.574108748519453,69.04761904761905,69.04761904761905,17.123332977294922
2017-05-30,16.215307235717773,16.17891758758775,25.68414407273651,69.64285714285714,69.64285714285714,17.081666946411133
2017-05-31,16.188417434692383,16.27543540790159,24.620096008400093,66.46825396825396,66.46825396825396,17.053333282470703
2017-06-01,16.56654930114746,16.284928645634036,32.17999333929321,76.5873015873016,76.5873015873016,17.45166778564453
2017-06-02,16.726341247558594,16.587112518194544,36.108730049274385,84.12698412698413,84.12698412698413,17.6200008392334
2017-06-05,16.704185485839844,16.701020539031973,37.64017066974726,87.10317460317461,87.10317460317461,17.59666633605957
2017-06-06,16.553884506225586,16.564960010381366,33.55239380830488,77.57936507936508,77.57936507936508,17.43833351135254
2017-06-07,16.628250122070312,16.623504510452747,33.51028790617186,77.18253968253968,77.18253968253968,17.516666412353516
2017-06-08,16.648815155029297,16.6440677338012,34.27045769982823,79.36507936507937,79.36507936507937,17.538333892822266
2017-06-09,16.579204559326172,16.7200139740136,29.917561773644287,72.81746031746032,72.81746031746032,17.46500015258789
2017-06-12,16.557056427001953,16.509591253921272,26.053227966745734,68.45238095238095,68.45238095238095,17.441667556762695
2017-06-13,16.795957565307617,16.689955331288335,31.446959602587388,74.20634920634922,74.20634920634922,17.69333267211914
2017-06-14,16.73741912841797,16.86715485770959,31.949865072464263,74.8015873015873,74.8015873015873,17.63166618347168
2017-06-15,16.63141632080078,16.41782756972836,26.799001657794992,68.05555555555556,68.05555555555556,17.520000457763672
2017-06-16,16.63141632080078,16.674134071015267,24.014245210680233,63.888888888888886,63.888888888888886,17.520000457763672
2017-06-19,17.052263259887695,16.83867451716075,32.230186337856466,75.79365079365078,75.79365079365078,17.963333129882812
2017-06-20,16.726341247558594,16.96840723948103,22.050888643946724,59.92063492063492,59.92063492063492,17.6200008392334
2017-06-21,16.69153594970703,16.78646448523277,14.342684602318142,50.99206349206349,50.99206349206349,17.583332061767578
2017-06-22,16.67255210876465,16.696283790587795,8.9405834524956,47.22222222222222,47.22222222222222,17.56333351135254
2017-06-23,16.743743896484375,16.6978630160087,7.893924011038292,45.83333333333333,45.83333333333333,17.63833236694336
2017-06-26,16.757984161376953,16.88613738956893,8.183744955194951,46.230158730158735,46.230158730158735,17.65333366394043
2017-06-27,16.368785858154297,16.69945243444042,-7.7689425498699896,31.349206349206348,31.349206349206348,17.24333381652832
2017-06-28,16.780134201049805,16.590278965478092,-1.443793485933131,38.2936507936508,38.2936507936508,17.676666259765625
2017-06-29,16.35611915588379,16.82126685499535,-13.653980006593718,25.198412698412696,25.198412698412696,17.229999542236328
2017-06-30,16.433645248413086,16.5317387112467,-17.346563283167672,20.634920634920633,20.634920634920633,17.31166648864746
2017-07-03,16.514333724975586,16.65514310657119,-16.25686857961108,21.825396825396826,21.825396825396826,17.39666748046875
2017-07-05,16.62192153930664,16.595024912648572,-11.789766591121495,27.579365079365083,27.579365079365083,17.510000228881836
2017-07-06,16.178922653198242,16.44313968202203,-24.530230633249666,12.896825396825399,12.896825396825399,17.043333053588867
2017-07-07,16.476362228393555,16.30074566045862,-21.409784639626455,15.277777777777779,15.277777777777779,17.356666564941406
2017-07-10,16.522249221801758,16.447889229756605,-17.984964360646757,19.444444444444446,19.444444444444446,17.405000686645508
2017-07-11,16.48427391052246,16.48427391052246,-17.575182110087102,19.841269841269842,19.841269841269842,17.364999771118164
2017-07-12,16.856075286865234,16.712100945243115,-4.561219894801351,34.32539682539682,34.32539682539682,17.75666618347168
2017-07-13,16.93518829345703,16.860828292522175,5.310469226222019,43.25396825396825,43.25396825396825,17.84000015258789
2017-07-14,17.15985107421875,16.944679841049975,15.572946820431739,51.98412698412699,51.98412698412699,18.07666778564453
2017-07-17,17.161428451538086,17.153517892397623,21.063071935041915,58.53174603174603,58.53174603174603,18.078332901000977
2017-07-18,17.188325881958008,17.066500730633315,24.99908926621351,64.88095238095238,64.88095238095238,18.106666564941406
2017-07-19,17.46678352355957,17.26901770294257,32.094616277809166,75.1984126984127,75.1984126984127,18.399999618530273
2017-07-20,17.479440689086914,17.525321575140254,34.684035171081405,79.76190476190477,79.76190476190477,18.413333892822266
2017-07-21,17.444625854492188,17.349697365126268,35.00130336048433,80.55555555555556,80.55555555555556,18.376667022705078
2017-07-24,17.427228927612305,17.41931836802638,34.54216030442253,79.16666666666666,79.16666666666666,18.358333587646484
2017-07-25,17.531648635864258,17.6139209902237,35.7432876941505,82.14285714285714,82.14285714285714,18.468332290649414
2017-07-26,17.5458927154541,17.617087766267765,36.64619769822604,84.72222222222221,84.72222222222221,18.483333587646484
2017-07-27,17.50475311279297,17.66454858234046,35.13383529466744,80.15873015873017,80.15873015873017,18.440000534057617
2017-07-28,17.422483444213867,17.373437607201264,30.182282770702816,71.03174603174604,71.03174603174604,18.35333251953125
2017-07-31,17.398752212524414,17.52690546812252,25.976869768182127,66.07142857142857,66.07142857142857,18.328332901000977
2017-08-01,17.5015869140625,17.544304655194438,27.865538689003372,67.06349206349206,67.06349206349206,18.43666648864746
2017-08-02,17.522151947021484,17.544302957678994,29.47076270365668,69.84126984126983,69.84126984126983,18.458332061767578
2017-08-03,17.43988800048828,17.5110830412161,25.45773195801978,63.69047619047619,63.69047619047619,18.371667861938477
2017-08-04,17.514245986938477,17.544305749686558,26.57079909012299,65.87301587301587,65.87301587301587,18.450000762939453
2017-08-07,17.60759735107422,17.531654865871012,30.868095790741346,71.42857142857143,71.42857142857143,18.54833221435547
2017-08-08,17.49842643737793,17.54430913795087,23.947330906220465,60.71428571428571,60.71428571428571,18.433332443237305
2017-08-09,17.47153091430664,17.316481033766898,16.35725615523887,51.19047619047619,51.19047619047619,18.405000686645508
2017-08-10,16.745328903198242,17.27059807148946,-13.788598283500836,24.404761904761905,24.404761904761905,17.639999389648438
2017-08-11,16.808612823486328,16.78171619813686,-27.63272252285941,8.531746031746032,8.531746031746032,17.706666946411133
2017-08-14,17.302236557006836,17.107633940111654,-18.660600565111952,17.857142857142858,17.857142857142858,18.226667404174805
2017-08-15,17.2990779876709,17.397171474422958,-13.937173103145742,24.206349206349206,24.206349206349206,18.22333335876465
2017-08-16,17.376602172851562,17.403496991477407,-8.738433155786625,29.365079365079367,29.365079365079367,18.30500030517578
2017-08-17,16.572872161865234,17.227876924181448,-26.835053156513112,9.722222222222223,9.722222222222223,17.458332061767578
2017-08-18,16.479530334472656,16.526993693624178,-34.510577888452296,3.373015873015873,3.373015873015873,17.360000610351562
2017-08-21,16.530153274536133,16.47477756289521,-36.33411580798031,2.976190476190476,2.976190476190476,17.413333892822266
2017-08-22,17.017457962036133,16.65198606351308,-26.852950535362762,9.920634920634921,9.920634920634921,17.926666259765625
2017-08-23,16.848167419433594,16.807032145343655,-25.389759784738388,11.30952380952381,11.30952380952381,17.748332977294922
2017-08-24,16.732669830322266,16.944676067774427,-27.26763192356029,9.126984126984127,9.126984126984127,17.626667022705078
2017-08-25,16.84342384338379,16.909873279607186,-25.37503177418257,11.30952380952381,11.30952380952381,17.74333381652832
2017-08-28,16.84658432006836,16.955751480687045,-24.240038669985832,13.095238095238097,13.095238095238097,17.746667861938477
2017-08-29,16.894052505493164,16.533326211163853,-22.41405633594196,14.682539682539684,14.682539682539684,17.796667098999023
2017-08-30,17.145606994628906,16.897211097058,-14.237217170366526,24.206349206349206,24.206349206349206,18.06166648864746
2017-08-31,17.435138702392578,17.289581877708063,-2.7749794947409354,35.11904761904761,35.11904761904761,18.366666793823242
2017-09-01,17.530071258544922,17.5411449576489,6.400381959217298,41.66666666666667,41.66666666666667,18.46666717529297
2017-09-05,17.132946014404297,17.38925242608759,-0.45110716863871914,37.5,37.5,18.04833221435547
2017-09-06,17.306987762451172,17.302242150529086,0.6664647810527853,39.08730158730159,39.08730158730159,18.231666564941406
2017-09-07,17.294328689575195,17.384511605911285,3.613178250763754,40.07936507936508,40.07936507936508,18.218332290649414
2017-09-08,17.22154998779297,17.223132461761665,3.003993117888163,39.88095238095239,39.88095238095239,18.141666412353516
2017-09-11,17.764223098754883,17.531648306369327,15.482351141404028,49.2063492063492,49.2063492063492,18.713333129882812
2017-09-12,17.95882797241211,17.862318773474804,25.008078439454728,62.698412698412696,62.698412698412696,18.918333053588867
2017-09-13,17.99205207824707,17.878137477569812,30.078161603450006,70.63492063492063,70.63492063492063,18.953332901000977
2017-09-14,17.966733932495117,17.901866991745447,31.688901218393255,72.61904761904762,72.61904761904762,18.926666259765625
2017-09-15,18.045846939086914,17.92085681888191,34.07290649311637,77.38095238095238,77.38095238095238,19.010000228881836
2017-09-18,18.142353057861328,18.115454623444585,35.31806564181712,80.35714285714286,80.35714285714286,19.11166763305664
2017-09-19,18.185073852539062,18.197730024331186,36.896281357075054,85.11904761904762,85.11904761904762,19.156667709350586
2017-09-20,18.213544845581055,18.210379898421994,38.24441527054087,88.4920634920635,88.4920634920635,19.18666648864746
2017-09-21,18.058500289916992,18.162921849279346,32.613703995524716,74.0079365079365,74.0079365079365,19.023332595825195
2017-09-22,18.067996978759766,17.979398331270907,30.19806990335731,69.64285714285714,69.64285714285714,19.03333282470703
2017-09-25,17.95566749572754,18.00154839069417,23.341937225201878,57.936507936507944,57.936507936507944,18.915000915527344
2017-09-26,17.987308502197266,18.052175464698387,20.627944826332005,53.57142857142857,53.57142857142857,18.948333740234375
2017-09-27,18.18191146850586,18.16134292317894,25.504031083795027,61.904761904761905,61.904761904761905,19.15333366394043
2017-09-28,18.25152015686035,18.12020198598084,30.29554044156107,69.84126984126983,69.84126984126983,19.226667404174805
2017-09-29,18.427143096923828,18.23570352767013,34.96079814789626,79.16666666666666,79.16666666666666,19.411666870117188
2017-10-02,18.661293029785156,18.496751953365713,38.27484950325954,88.88888888888889,88.88888888888889,19.65833282470703
2017-10-03,18.795778274536133,18.708760296341733,40.39508381195178,93.65079365079364,93.65079365079364,19.799999237060547
2017-10-04,18.855899810791016,18.7609712709575,40.74368284798765,94.84126984126983,94.84126984126983,19.863332748413086
2017-10-05,19.18023681640625,18.931840881168128,42.12994678061671,96.62698412698413,96.62698412698413,20.204999923706055
2017-10-06,19.131189346313477,19.074231145124006,42.00423097652567,96.42857142857143,96.42857142857143,20.15333366394043
2017-10-09,19.036256790161133,19.177067978679418,39.95273515829329,91.46825396825396,91.46825396825396,20.053333282470703
2017-10-10,19.16441535949707,19.16758030775948,39.61935841497192,90.87301587301587,90.87301587301587,20.18833351135254
2017-10-11,19.254600524902344,19.147015799258778,40.943774309576256,94.84126984126983,94.84126984126983,20.28333282470703
2017-10-12,19.172330856323242,19.183404556870823,39.70190321826937,90.67460317460318,90.67460317460318,20.196666717529297
2017-10-13,19.222957611083984,19.278331541143327,39.3795339064271,89.0873015873016,89.0873015873016,20.25
2017-10-16,19.306806564331055,19.29256791887884,39.92984416584845,91.07142857142857,91.07142857142857,20.338333129882812
2017-10-17,19.347946166992188,19.29098976182631,40.97967987016248,94.84126984126983,94.84126984126983,20.38166618347168
2017-10-18,19.4033203125,19.450783677799325,41.141119600425036,95.23809523809523,95.23809523809523,20.440000534057617
2017-10-19,19.42072105407715,19.19131299018325,41.58213265489765,95.83333333333334,95.83333333333334,20.458332061767578
2017-10-20,19.699172973632812,19.634304223592476,42.54483520075121,97.81746031746032,97.81746031746032,20.751667022705078
2017-10-23,19.48400115966797,19.79251835137054,37.86264443311829,83.92857142857143,83.92857142857143,20.524999618530273
2017-10-24,19.57577133178711,19.59317311504805,36.26167170939339,80.55555555555556,80.55555555555556,20.621667861938477
2017-10-25,19.30364227294922,19.495081809085338,24.5908745278214,57.738095238095234,57.738095238095234,20.334999084472656
2017-10-26,19.34319305419922,19.444449651060268,18.87494409606474,49.2063492063492,49.2063492063492,20.376667022705078
2017-10-27,19.835243225097656,19.56153311412018,28.47965866651781,64.68253968253968,64.68253968253968,20.895000457763672
2017-10-30,19.61532211303711,19.561528862856203,24.76571655378239,58.53174603174603,58.53174603174603,20.663333892822266
2017-10-31,19.6865177154541,19.70866872998771,24.618976361166826,58.13492063492064,58.13492063492064,20.738332748413086
2017-11-01,19.78777503967285,19.896942210479242,26.033382836243096,62.698412698412696,62.698412698412696,20.844999313354492
2017-11-02,19.800432205200195,19.757714460940182,26.479451486387834,63.095238095238095,63.095238095238095,20.858333587646484
2017-11-03,19.979209899902344,19.83681804995171,32.1609016984585,71.82539682539682,71.82539682539682,21.046667098999023
2017-11-06,20.059900283813477,19.945987514849932,34.85186818059327,77.77777777777779,77.77777777777779,21.13166618347168
2017-11-07,20.042503356933594,20.10895279602578,33.99971497142597,75.39682539682539,75.39682539682539,21.113332748413086
2017-11-08,20.140594482421875,19.991872688539253,35.83123720682459,81.74603174603175,81.74603174603175,21.21666717529297
2017-11-09,19.90959930419922,19.792521579026378,26.538690641391664,63.29365079365079,63.29365079365079,20.97333335876465
2017-11-10,19.882707595825195,19.798854560825248,19.112333182943246,49.801587301587304,49.801587301587304,20.94499969482422
2017-11-13,19.934911727905273,19.705501908741834,18.115347639321246,48.41269841269841,48.41269841269841,21.0
2017-11-14,19.80992317199707,19.72923330320699,9.680946880465322,40.87301587301587,40.87301587301587,20.86833381652832
2017-11-15,19.502992630004883,19.559949025124528,-5.290074515648881,29.166666666666668,29.166666666666668,20.545000076293945
2017-11-16,19.969722747802734,19.72449176440826,1.8247335238927933,35.317460317460316,35.317460317460316,21.036666870117188
2017-11-17,19.82099723815918,19.887448465127708,-0.1675583807832582,32.93650793650794,32.93650793650794,20.8799991607666
2017-11-20,19.90485191345215,19.874792150432718,1.4863581659283729,35.11904761904761,35.11904761904761,20.968332290649414
2017-11-21,20.290897369384766,20.107370192396772,14.511184512981155,44.44444444444444,44.44444444444444,21.375
2017-11-22,20.23076820373535,20.298800084350137,18.198537545979654,48.41269841269841,48.41269841269841,21.31166648864746
2017-11-24,20.360504150390625,20.35417606645244,23.628002957534523,56.74603174603175,56.74603174603175,21.448333740234375
2017-11-27,20.347848892211914,20.371580568110726,24.614492270336882,58.13492063492064,58.13492063492064,21.434999465942383
2017-11-28,20.950647354125977,20.464930983537794,32.06517094243405,71.42857142857143,71.42857142857143,22.06999969482422
2017-11-29,20.912677764892578,20.994948319411638,32.86320327170079,73.61111111111111,73.61111111111111,22.030000686645508
2017-11-30,21.433197021484375,21.153158863473127,35.26924760223037,78.96825396825396,78.96825396825396,22.578332901000977
2017-12-01,21.316118240356445,21.404716866492528,34.25996981341633,76.19047619047619,76.19047619047619,22.454999923706055
2017-12-04,21.23385238647461,21.773360253496485,30.717553820943262,68.25396825396825,68.25396825396825,22.36833381652832
2017-12-05,21.010766983032227,21.305043786399654,22.946546073889408,54.563492063492056,54.563492063492056,22.133333206176758
2017-12-06,21.010766983032227,20.926913964078363,18.79513171267257,48.214285714285715,48.214285714285715,22.133333206176758
2017-12-07,21.208534240722656,20.982287530134148,20.95823843438607,51.388888888888886,51.388888888888886,22.34166717529297
2017-12-08,21.548694610595703,21.43794315122694,26.920110220427794,62.698412698412696,62.698412698412696,22.700000762939453
2017-12-11,21.755952835083008,21.574008152674924,32.75215410571999,72.61904761904762,72.61904761904762,22.918333053588867
2017-12-12,21.861955642700195,21.820820372740265,36.00627593193029,82.14285714285714,82.14285714285714,23.030000686645508
2017-12-13,21.84929656982422,21.93473205339915,37.04514054990037,84.52380952380952,84.52380952380952,23.016666412353516
2017-12-14,21.581918716430664,21.936316858231173,31.96386112732878,69.44444444444444,69.44444444444444,22.735000610351562
2017-12-15,22.107189178466797,21.85879324515255,34.83574415868597,77.18253968253968,77.18253968253968,23.288333892822266
2017-12-18,22.529619216918945,22.505885725969875,37.94800007269717,86.11111111111111,86.11111111111111,23.733333587646484
2017-12-19,22.271728515625,22.599231834867467,35.1111029373153,77.77777777777779,77.77777777777779,23.461666107177734
2017-12-20,22.232175827026367,22.54069308074326,32.68809691608521,71.23015873015873,71.23015873015873,23.420000076293945
2017-12-21,22.34766960144043,22.38247497190316,32.706920700598644,71.42857142857143,71.42857142857143,23.541667938232422
2017-12-22,22.327102661132812,22.357162422968887,32.114388866349486,69.44444444444444,69.44444444444444,23.520000457763672
2017-12-26,22.240087509155273,22.202115372979453,29.88794151336845,64.68253968253968,64.68253968253968,23.428333282470703
2017-12-27,22.287553787231445,22.278060751944416,29.4795251851301,63.888888888888886,63.888888888888886,23.47833251953125
2017-12-28,22.39038848876953,22.39355343678013,30.734872717434293,66.26984126984127,66.26984126984127,23.586666107177734
2017-12-29,22.173641204833984,22.561264128071908,24.242616337865783,53.96825396825397,53.96825396825397,23.358333587646484
2018-01-02,22.62771224975586,22.38090058663904,30.364906248546873,65.67460317460318,65.67460317460318,23.836666107177734
2018-01-03,23.0406494140625,22.676756411410512,34.962949237282444,77.38095238095238,77.38095238095238,24.27166748046875
2018-01-04,23.33176040649414,23.23366874187175,37.29042092503732,84.32539682539682,84.32539682539682,24.578332901000977
2018-01-05,23.787416458129883,23.561171541196362,40.148502290375085,91.86507936507937,91.86507936507937,25.058332443237305
2018-01-08,23.90607261657715,23.758935136590978,41.5912551374548,95.63492063492063,95.63492063492063,25.183332443237305
2018-01-09,24.07536506652832,24.034227984384945,41.585114194232006,95.43650793650794,95.43650793650794,25.36166763305664
2018-01-10,23.963035583496094,23.844375367309603,39.914018817641924,90.27777777777779,90.27777777777779,25.24333381652832
2018-01-11,24.4582462310791,24.130744645382673,42.051945421644184,96.23015873015873,96.23015873015873,25.764999389648438
2018-01-12,24.9407901763916,24.55949725085247,43.01938799614118,98.4126984126984,98.4126984126984,26.273332595825195
2018-01-16,24.681324005126953,25.344239439989906,38.13593038319609,85.31746031746032,85.31746031746032,26.0
2018-01-17,25.390125274658203,24.96927582270487,40.320594236885874,91.46825396825396,91.46825396825396,26.746667861938477
2018-01-18,25.274627685546875,25.353733294389862,39.98578922715579,90.07936507936508,90.07936507936508,26.625
2018-01-19,25.584726333618164,25.428093975942247,41.690815016928596,95.23809523809523,95.23809523809523,26.95166778564453
2018-01-22,26.212833404541016,25.51827567225917,43.08568860253843,98.4126984126984,98.4126984126984,27.613332748413086
2018-01-23,26.396360397338867,26.23814557380792,43.53015420624687,99.8015873015873,99.8015873015873,27.80666732788086
2018-01-24,26.347307205200195,26.587792527548633,42.01591989519624,95.43650793650794,95.43650793650794,27.7549991607666
2018-01-25,26.382123947143555,26.622607529524725,41.36503513555208,93.45238095238095,93.45238095238095,27.791667938232422
2018-01-26,27.28235626220703,26.649502389300565,43.001554320863605,97.81746031746032,97.81746031746032,28.739999771118164
2018-01-29,26.723861694335938,27.103574008339137,39.17122067559722,85.51587301587301,85.51587301587301,28.15166664123535
2018-01-30,25.89323616027832,26.122645986884578,26.643830148401175,55.952380952380956,55.952380952380956,27.27666664123535
2018-01-31,26.212833404541016,26.174863075233493,23.22469609318383,47.817460317460316,47.817460317460316,27.613332748413086
2018-02-01,25.84577751159668,25.687562685451223,13.511010782945581,35.317460317460316,35.317460317460316,27.226667404174805
2018-02-02,24.17504119873047,25.404361077192544,-9.13030599046417,18.849206349206348,18.849206349206348,25.46666717529297
2018-02-05,21.202207565307617,23.589652459497042,-26.817102457881443,5.357142857142857,5.357142857142857,22.334999084472656
2018-02-06,22.426780700683594,20.104204703998263,-28.056916644500067,3.1746031746031744,3.1746031746031744,23.625
2018-02-07,22.002763748168945,22.198948863855353,-30.272499727494807,1.984126984126984,1.984126984126984,23.178333282470703
2018-02-08,19.552032470703125,22.086613909112074,-38.08788542828443,0.3968253968253968,0.3968253968253968,20.59666633605957
2018-02-09,20.458600997924805,20.25767024949272,-37.02349488158459,0.7936507936507936,0.7936507936507936,21.551666259765625
2018-02-12,21.260746002197266,20.945900648033714,-33.834147355390535,1.5873015873015872,1.5873015873015872,22.39666748046875
2018-02-13,21.447433471679688,20.94431540955365,-31.406650950314084,2.380952380952381,2.380952380952381,22.593332290649414
2018-02-14,22.328689575195312,21.0756379601448,-26.91881027244048,5.158730158730158,5.158730158730158,23.52166748046875
2018-02-15,23.14506721496582,22.782758527624352,-20.99400698374774,10.119047619047619,10.119047619047619,24.38166618347168
2018-02-16,23.162471771240234,22.97419900270029,-17.670286226192633,12.896825396825399,12.896825396825399,24.399999618530273
2018-02-20,22.7542781829834,22.893506916674845,-17.93598820371452,12.896825396825399,12.896825396825399,23.969999313354492
2018-02-21,22.39038848876953,22.86028368473917,-19.41603729982039,10.912698412698413,10.912698412698413,23.586666107177734
2018-02-22,22.482154846191406,22.654608321887878,-19.77884350364544,10.714285714285714,10.714285714285714,23.683332443237305
2018-02-23,23.553258895874023,22.82073095249516,-14.459344338078084,15.674603174603174,15.674603174603174,24.81166648864746
2018-02-26,24.37122344970703,23.860194768328217,-8.195231739956728,21.23015873015873,21.23015873015873,25.67333221435547
2018-02-27,23.429847717285156,24.42500998947602,-9.233085270208155,19.841269841269842,19.841269841269842,24.68166732788086
2018-02-28,22.66568374633789,23.76052232058364,-12.157679996621537,18.055555555555554,18.055555555555554,23.876667022705078
2018-03-01,21.743295669555664,22.684666708952776,-18.063485255530505,13.095238095238097,13.095238095238097,22.905000686645508
2018-03-02,22.078710556030273,21.22277489574932,-19.25939585781609,11.507936507936508,11.507936507936508,23.258333206176758
2018-03-05,22.823896408081055,21.724312239019813,-14.417730057441364,16.26984126984127,16.26984126984127,24.043333053588867
2018-03-06,23.004257202148438,23.094438300449674,-8.359511031662938,22.023809523809522,22.023809523809522,24.233333587646484
2018-03-07,22.978940963745117,22.36348901795796,-5.237950107432779,25.198412698412696,25.198412698412696,24.206666946411133
2018-03-08,23.285879135131836,23.171964542376664,-1.2343289749502602,27.77777777777778,27.77777777777778,24.530000686645508
2018-03-09,24.497798919677734,23.70040208539667,7.971916646239125,33.92857142857143,33.92857142857143,25.80666732788086
2018-03-12,24.410776138305664,24.603796317128708,11.776676756906719,37.10317460317461,37.10317460317461,25.71500015258789
2018-03-13,23.940885543823242,24.76201405609911,8.915312375141244,35.11904761904761,35.11904761904761,25.219999313354492
2018-03-14,23.558008193969727,24.214593732665215,3.4929783717731664,31.746031746031743,31.746031746031743,24.816667556762695
2018-03-15,23.474153518676758,23.706728331710632,-0.7326256156537493,28.174603174603174,28.174603174603174,24.72833251953125
2018-03-16,23.55484390258789,23.58174053181346,-2.016117126364978,27.18253968253968,27.18253968253968,24.81333351135254
2018-03-19,22.594486236572266,23.336507278804383,-12.133435110979637,18.849206349206348,18.849206349206348,23.801666259765625
2018-03-20,22.69574546813965,22.68783490709351,-16.415556800351467,15.079365079365079,15.079365079365079,23.90833282470703
2018-03-21,22.578907012939453,22.67389646481075,-19.79568670595723,10.515873015873016,10.515873015873016,23.770000457763672
2018-03-22,21.079662322998047,21.898150725763013,-31.189081922985196,2.579365079365079,2.579365079365079,22.191667556762695
2018-03-23,19.51866912841797,20.987833780918645,-38.32062176675341,0.3968253968253968,0.3968253968253968,20.54833221435547
2018-03-26,21.135074615478516,20.45906938956802,-34.39258870560133,1.5873015873015872,1.5873015873015872,22.25
2018-03-27,20.025279998779297,21.361458803870985,-37.53507177028098,0.7936507936507936,0.7936507936507936,21.081666946411133
2018-03-28,19.85746955871582,20.060112753806443,-40.04005423155619,0.3968253968253968,0.3968253968253968,20.905000686645508
2018-03-29,20.696533203125,20.151928881858307,-36.92371044946094,1.5873015873015872,1.5873015873015872,21.788333892822266
2018-04-02,19.276456832885742,20.474903349702736,-38.9150959619145,0.5952380952380952,0.5952380952380952,20.293333053588867
2018-04-03,20.00628662109375,19.599416707780776,-36.34955667617037,1.984126984126984,1.984126984126984,21.06166648864746
2018-04-04,20.7012882232666,19.076973883338923,-31.79337306242059,3.7698412698412698,3.7698412698412698,21.793333053588867
2018-04-05,21.122407913208008,21.078079261206298,-26.752099927076816,7.936507936507936,7.936507936507936,22.23666763305664
2018-04-06,19.73239517211914,20.557217377704713,-30.8710238576621,4.365079365079365,4.365079365079365,20.773332595825195
2018-04-09,19.96828842163086,20.112353356177735,-31.918512562932243,3.7698412698412698,3.7698412698412698,21.02166748046875
2018-04-10,20.921342849731445,20.74561357295355,-27.27256669577755,6.944444444444445,6.944444444444445,22.024999618530273
2018-04-11,20.611047744750977,20.536640042212866,-26.41205484301353,8.73015873015873,8.73015873015873,21.698333740234375
2018-04-12,21.100238800048828,20.968838169661026,-21.99416924772025,12.5,12.5,22.213333129882812
2018-04-13,20.916597366333008,21.478616613526768,-19.8525652341201,13.492063492063492,13.492063492063492,22.020000457763672
2018-04-16,21.420040130615234,21.35671503375954,-15.21317442858601,19.444444444444446,19.444444444444446,22.549999237060547
2018-04-17,22.115039825439453,21.918728813378728,-6.1107304266204405,28.57142857142857,28.57142857142857,23.281667709350586
2018-04-18,22.160953521728516,22.25277599011846,-0.4978356173790722,33.13492063492063,33.13492063492063,23.329999923706055
2018-04-19,21.773082733154297,21.953562509320346,-0.6562487012910738,32.73809523809524,32.73809523809524,22.921667098999023
2018-04-20,21.22530746459961,21.765163206942727,-2.287319793062675,31.150793650793652,31.150793650793652,22.344999313354492
2018-04-23,21.215810775756836,21.3899583938524,-3.2123233465316536,30.158730158730158,30.158730158730158,22.334999084472656
2018-04-24,20.36566162109375,21.496030499705657,-11.404893242407136,23.41269841269841,23.41269841269841,21.440000534057617
2018-04-25,20.503393173217773,20.32766387287323,-14.438838683982826,20.03968253968254,20.03968253968254,21.584999084472656
2018-04-26,21.128740310668945,20.758281628843466,-9.826406329841543,24.6031746031746,24.6031746031746,22.24333381652832
2018-04-27,21.16357421875,21.28705926374411,-6.890549909791102,28.174603174603174,28.174603174603174,22.280000686645508
2018-04-30,20.66804313659668,21.32980052551465,-10.320495747083882,24.6031746031746,24.6031746031746,21.758333206176758
2018-05-01,20.78203010559082,20.539808705782534,-12.184054155625173,22.61904761904762,22.61904761904762,21.878332138061523
2018-05-02,20.34349822998047,20.7329533587697,-17.897641068601004,17.261904761904763,17.261904761904763,21.416667938232422
2018-05-03,20.20576286315918,20.113938580718806,-23.401245395280572,11.904761904761903,11.904761904761903,21.27166748046875
2018-05-04,20.994173049926758,19.965123955911633,-16.841592344368795,18.253968253968253,18.253968253968253,22.101667404174805
2018-05-07,21.199979782104492,21.207897230097394,-11.09840259546879,24.801587301587304,24.801587301587304,22.31833267211914
2018-05-08,21.206317901611328,21.092330181195745,-7.814920438963221,27.976190476190478,27.976190476190478,22.325000762939453
2018-05-09,21.826906204223633,21.374126043558313,1.0585372767697614,37.301587301587304,37.301587301587304,22.97833251953125
2018-05-10,22.425338745117188,21.999470652466965,11.65839945739162,43.84920634920635,43.84920634920635,23.608333587646484
2018-05-11,22.55199432373047,22.460171846351653,16.96598044049748,48.80952380952381,48.80952380952381,23.741666793823242
2018-05-14,22.6485652923584,22.734055621787245,19.391687691267762,51.19047619047619,51.19047619047619,23.843332290649414
2018-05-15,22.164121627807617,22.303439744369285,14.843749597425319,45.83333333333333,45.83333333333333,23.333332061767578
2018-05-16,22.445920944213867,22.17045352810463,15.32043251096682,45.83333333333333,45.83333333333333,23.6299991607666
2018-05-17,22.392099380493164,22.358853337731873,14.946530799168404,45.63492063492063,45.63492063492063,23.573333740234375
2018-05-18,22.21795082092285,22.295525521495975,12.6927782149111,43.25396825396825,43.25396825396825,23.389999389648438
2018-05-21,22.715055465698242,22.62323300400803,16.987794720472213,48.61111111111111,48.61111111111111,23.913333892822266
2018-05-22,22.521909713745117,22.88128573826566,16.417619884282637,48.01587301587302,48.01587301587302,23.709999084472656
2018-05-23,22.696060180664062,22.148290506185106,18.305573699972555,49.404761904761905,49.404761904761905,23.893333435058594
2018-05-24,22.56940460205078,22.602650633601478,17.36905965309739,48.41269841269841,48.41269841269841,23.760000228881836
2018-05-25,22.379430770874023,22.40317768279587,14.723188881214458,44.44444444444444,44.44444444444444,23.559999465942383
2018-05-29,21.643266677856445,21.92823325825308,4.165417262119924,36.7063492063492,36.7063492063492,22.78499984741211
2018-05-30,22.469667434692383,21.985222911253356,8.483833970411995,39.285714285714285,39.285714285714285,23.655000686645508
2018-05-31,22.00422477722168,22.327186034136236,5.42676687252398,37.5,37.5,23.165000915527344
2018-06-01,22.69763946533203,22.393674721118078,11.272818900186609,42.06349206349206,42.06349206349206,23.895000457763672
2018-06-04,23.020605087280273,22.92086517213231,16.82097342546399,48.61111111111111,48.61111111111111,24.235000610351562
2018-06-05,23.087099075317383,23.04435391149305,19.923780841126792,52.57936507936508,52.57936507936508,24.30500030517578
2018-06-06,23.66653060913086,23.234328547474284,24.938455964982904,60.71428571428571,60.71428571428571,24.915000915527344
2018-06-07,23.633289337158203,23.74727706424691,25.069399092648688,61.50793650793651,61.50793650793651,24.8799991607666
2018-06-08,23.81851577758789,23.467055336556648,27.830132719741712,66.07142857142857,66.07142857142857,25.075000762939453
2018-06-11,23.918256759643555,23.885010718070667,28.559489061335476,67.26190476190477,67.26190476190477,25.18000030517578
2018-06-12,24.022737503051758,24.03698528427699,30.18721004310005,70.03968253968253,70.03968253968253,25.290000915527344
2018-06-13,23.747272491455078,24.070235542280717,25.674839476376913,63.29365079365079,63.29365079365079,25.0
2018-06-14,23.946744918823242,23.941996262257057,26.33073728352579,64.28571428571429,64.28571428571429,25.209999084472656
2018-06-15,23.847009658813477,23.7140255178834,24.520424816145898,58.730158730158735,58.730158730158735,25.104999542236328
2018-06-18,23.676027297973633,23.39106078469664,20.91261652910448,53.57142857142857,53.57142857142857,24.924999237060547
2018-06-19,23.414812088012695,23.015857807462485,14.442725943998552,43.84920634920635,43.84920634920635,24.649999618530273
2018-06-20,23.50894546508789,23.613534078646186,12.38099258480401,42.26190476190476,42.26190476190476,24.725000381469727
2018-06-21,23.081071853637695,23.499431651858682,4.82760597950964,36.11111111111111,36.11111111111111,24.274999618530273
2018-06-22,23.190418243408203,23.428122413393243,2.790250702776604,35.11904761904761,35.11904761904761,24.389999389648438
2018-06-25,22.268125534057617,22.857632642268317,-11.839772523038029,21.825396825396826,21.825396825396826,23.420000076293945
2018-06-26,22.386978149414062,22.405994917708085,-17.887212371795265,15.873015873015872,15.873015873015872,23.545000076293945
2018-06-27,21.82599449157715,22.539106925604116,-30.76516094493219,4.761904761904762,4.761904761904762,22.954999923706055
2018-06-28,22.215829849243164,21.77369998102317,-31.07482540044752,4.563492063492063,4.563492063492063,23.364999771118164
2018-06-29,22.287147521972656,22.49157329026608,-30.286520340379436,5.158730158730158,5.158730158730158,23.440000534057617
2018-07-02,22.41074562072754,21.821240379849517,-27.96665951788849,6.944444444444445,6.944444444444445,23.56999969482422
2018-07-03,22.154027938842773,22.672223102458183,-30.325055649892736,5.158730158730158,5.158730158730158,23.299999237060547
2018-07-05,22.710254669189453,22.486812188245054,-22.83679874391977,12.698412698412698,12.698412698412698,23.885000228881836
2018-07-06,23.256975173950195,22.715009955312826,-10.78025845718733,23.809523809523807,23.809523809523807,24.459999084472656
2018-07-09,23.89877700805664,23.58025248336556,4.942856901490482,36.904761904761905,36.904761904761905,25.135000228881836
2018-07-10,24.150745391845703,24.008123240254967,16.965845157307317,48.01587301587302,48.01587301587302,25.399999618530273
2018-07-11,23.64205551147461,23.713367484816235,14.275105646310896,44.047619047619044,44.047619047619044,24.864999771118164
2018-07-12,24.245820999145508,23.99385520438869,20.47184847707543,53.17460317460318,53.17460317460318,25.5
2018-07-13,24.293363571166992,24.193528262731707,23.10721173985195,56.547619047619044,56.547619047619044,25.549999237060547
2018-07-16,24.24106788635254,24.32663970438285,23.56514524274872,57.936507936507944,57.936507936507944,25.4950008392334
2018-07-17,24.54532814025879,24.01286960134498,26.233632349825797,64.88095238095238,64.88095238095238,25.815000534057617
2018-07-18,24.683202743530273,24.545335688690773,29.25041804944401,68.84920634920636,68.84920634920636,25.959999084472656
2018-07-19,24.39795684814453,24.48828378351511,25.45271707256378,62.5,62.5,25.65999984741211
2018-07-20,24.312387466430664,24.326649139377285,22.117524095636597,55.35714285714286,55.35714285714286,25.56999969482422
2018-07-23,24.45500373840332,24.245824726966223,22.248166315916386,55.75396825396825,55.75396825396825,25.719999313354492
2018-07-24,24.78778839111328,24.83533030908171,24.93878562295911,61.904761904761905,61.904761904761905,26.06999969482422
2018-07-25,25.462867736816406,24.740246944740825,30.352932748312885,72.22222222222221,72.22222222222221,26.780000686645508
2018-07-26,25.220407485961914,25.2108991032671,30.519608483077747,72.61904761904762,72.61904761904762,26.524999618530273
2018-07-27,24.730737686157227,25.35352315417486,22.63193571505622,56.15079365079365,56.15079365079365,26.010000228881836
2018-07-30,24.317136764526367,24.740249887357386,13.165632060533547,43.05555555555556,43.05555555555556,25.575000762939453
2018-07-31,24.678449630737305,24.569105917871646,12.062325722662752,42.46031746031746,42.46031746031746,25.954999923706055
2018-08-01,24.578609466552734,24.73073997743154,9.620825110776078,40.476190476190474,40.476190476190474,25.850000381469727
2018-08-02,24.939916610717773,24.174509030349412,12.698581818964518,43.452380952380956,43.452380952380956,26.229999542236328
2018-08-03,25.277454376220703,24.98745688322101,18.662916423749245,50.99206349206349,50.99206349206349,26.584999084472656
2018-08-06,25.55319595336914,25.26795170070051,24.529600629424475,61.30952380952381,61.30952380952381,26.875
2018-08-07,25.78139305114746,25.733852944424374,28.22934672983929,69.24603174603175,69.24603174603175,27.114999771118164
2018-08-08,25.724342346191406,25.73860401427302,29.285198731376138,70.83333333333334,70.83333333333334,27.05500030517578
2018-08-09,25.624507904052734,25.76713003027989,27.033455924012046,68.25396825396825,68.25396825396825,26.950000762939453
2018-08-10,25.10631561279297,25.16811739253612,14.209925319221151,44.84126984126984,44.84126984126984,26.405000686645508
2018-08-13,24.84008026123047,25.187128054911078,1.9823777194854064,35.317460317460316,35.317460317460316,26.125
2018-08-14,25.30598258972168,25.04926168263383,3.9833088300324753,36.7063492063492,36.7063492063492,26.614999771118164
2018-08-15,24.7497501373291,24.887617129199306,-6.613468921307283,28.76984126984127,28.76984126984127,26.030000686645508
2018-08-16,25.310739517211914,25.144345518650255,-1.560626474245222,31.746031746031743,31.746031746031743,26.6200008392334
2018-08-17,25.557950973510742,25.22516659398417,5.71334551081076,38.492063492063494,38.492063492063494,26.8799991607666
2018-08-20,25.752866744995117,25.710081738984844,13.58805315794576,45.43650793650794,45.43650793650794,27.084999084472656
2018-08-21,25.89549446105957,25.885986076047068,16.847374474180906,50.39682539682539,50.39682539682539,27.235000610351562
2018-08-22,25.881227493286133,25.790900568133445,18.142927491716886,51.78571428571429,51.78571428571429,27.219999313354492
2018-08-23,25.733848571777344,25.786143768410135,15.687562536966354,48.61111111111111,48.61111111111111,27.065000534057617
2018-08-24,26.199748992919922,25.9192580523939,22.323005488446277,58.92857142857143,58.92857142857143,27.55500030517578
2018-08-27,26.808273315429688,26.580077552726507,28.562829393977246,70.83333333333334,70.83333333333334,28.19499969482422
2018-08-28,26.84630584716797,26.979419583724464,31.02630363897461,75.79365079365078,75.79365079365078,28.235000610351562
2018-08-29,27.2836856842041,26.92237612599256,34.01380265054517,81.15079365079364,81.15079365079364,28.69499969482422
2018-08-30,26.9318790435791,27.11253287924175,31.03764287880329,75.59523809523809,75.59523809523809,28.325000762939453
2018-08-31,26.922372817993164,26.80352074175176,29.10967689112123,70.83333333333334,70.83333333333334,28.315000534057617
2018-09-04,26.80352210998535,26.794013725776015,25.391928326352414,64.48412698412699,64.48412698412699,28.190000534057617
2018-09-05,26.5848331451416,26.67991517457198,19.044664035547314,52.77777777777778,52.77777777777778,27.959999084472656
2018-09-06,26.328113555908203,26.594341057340596,10.998126277862381,41.46825396825397,41.46825396825397,27.690000534057617
2018-09-07,26.156963348388672,26.0048328464008,4.103567028470531,36.507936507936506,36.507936507936506,27.510000228881836
2018-09-10,26.304346084594727,26.480246674385864,2.087243413409838,35.317460317460316,35.317460317460316,27.665000915527344
2018-09-11,26.5800724029541,26.099910918667184,5.636708957119072,38.095238095238095,38.095238095238095,27.954999923706055
2018-09-12,26.5848331451416,26.561063091168723,7.627359787313565,38.88888888888889,38.88888888888889,27.959999084472656
2018-09-13,27.022201538085938,26.898596206890062,16.019579768336577,48.214285714285715,48.214285714285715,28.420000076293945
2018-09-14,27.050737380981445,27.10778587843951,19.89460167414945,53.769841269841265,53.769841269841265,28.450000762939453
2018-09-17,26.59910011291504,27.007951623549182,11.253094103191225,41.46825396825397,41.46825396825397,27.975000381469727
2018-09-18,27.026962280273438,26.656144370818044,13.706131642024443,44.047619047619044,44.047619047619044,28.424999237060547
2018-09-19,27.117292404174805,27.04122714160016,16.9097649096103,49.007936507936506,49.007936507936506,28.520000457763672
2018-09-20,27.749584197998047,27.47384830483204,24.76760581186127,62.89682539682539,62.89682539682539,29.184999465942383
2018-09-21,27.673519134521484,27.9825352820355,25.996547037322237,66.07142857142857,66.07142857142857,29.104999542236328
2018-09-24,27.416797637939453,27.492864712062307,20.060290442518575,53.96825396825397,53.96825396825397,28.834999084472656
2018-09-25,27.307449340820312,27.54040018224716,14.038246161382967,43.452380952380956,43.452380952380956,28.719999313354492
2018-09-26,27.054367065429688,27.349316638185886,4.943568186388872,35.51587301587302,35.51587301587302,28.434999465942383
2018-09-27,27.273202896118164,27.197085467172485,4.426023163428884,34.72222222222222,34.72222222222222,28.665000915527344
2018-09-28,27.24465560913086,27.092424398884187,3.556332637434403,33.730158730158735,33.730158730158735,28.635000228881836
2018-10-01,27.55388069152832,27.67281146484757,9.661718562553979,39.08730158730159,39.08730158730159,28.959999084472656
2018-10-02,27.525331497192383,27.530087928435275,12.026093134140057,41.07142857142857,41.07142857142857,28.93000030517578
2018-10-03,27.563392639160156,27.829798198296185,14.212910861131734,43.84920634920635,43.84920634920635,28.969999313354492
2018-10-04,26.90213394165039,27.401642703721627,0.7793590903233446,31.150793650793652,31.150793650793652,28.274999618530273
2018-10-05,26.473989486694336,26.9544689873717,-14.230247074797939,18.849206349206348,18.849206349206348,27.825000762939453
2018-10-08,26.431169509887695,26.22185023655946,-21.51347097954064,12.103174603174603,12.103174603174603,27.780000686645508
2018-10-09,26.32651710510254,26.32651710510254,-26.931524094964793,7.5396825396825395,7.5396825396825395,27.670000076293945
2018-10-10,23.79090690612793,26.150494412401986,-36.040246558393775,2.380952380952381,2.380952380952381,25.0049991607666
2018-10-11,22.24956703186035,23.50547558027053,-39.34736552980469,0.5952380952380952,0.5952380952380952,23.385000228881836
2018-10-12,23.148681640625,23.353242680516065,-37.80672531006924,1.3888888888888888,1.3888888888888888,24.329999923706055
2018-10-15,22.758590698242188,23.03450912253084,-38.35469934212246,0.992063492063492,0.992063492063492,23.920000076293945
2018-10-16,24.18575668334961,23.300911638939144,-32.5319019391603,3.968253968253968,3.968253968253968,25.420000076293945
2018-10-17,24.238088607788086,24.242845039576547,-29.079820163400548,7.142857142857142,7.142857142857142,25.475000381469727
2018-10-18,23.196256637573242,23.966929335621618,-31.797803285222916,4.761904761904762,4.761904761904762,24.3799991607666
2018-10-19,23.129648208618164,23.372267917704967,-33.52817292775299,3.7698412698412698,3.7698412698412698,24.309999465942383
2018-10-22,22.839462280273438,23.31994356542035,-35.44831684381278,3.1746031746031744,3.1746031746031744,24.0049991607666
2018-10-23,22.449371337890625,21.788116551585173,-36.29866300495326,2.976190476190476,2.976190476190476,23.594999313354492
2018-10-24,20.394245147705078,22.397040420330146,-40.70783716832376,0.3968253968253968,0.3968253968253968,21.434999465942383
2018-10-25,21.52646827697754,20.88899930955592,-39.28031476377872,0.992063492063492,0.992063492063492,22.625
2018-10-26,20.356189727783203,20.49890627971435,-40.472859194170724,0.5952380952380952,0.5952380952380952,21.395000457763672
2018-10-29,20.004148483276367,21.160155327535737,-40.819083122451374,0.1984126984126984,0.1984126984126984,21.024999618530273
2018-10-30,20.931808471679688,19.980362632057883,-37.96871906498799,2.380952380952381,2.380952380952381,22.0
2018-10-31,21.583555221557617,21.578798789333344,-34.131392091103535,4.9603174603174605,4.9603174603174605,22.684999465942383
2018-11-01,22.259078979492188,21.80238534787429,-28.19574199183108,9.126984126984127,9.126984126984127,23.395000457763672
2018-11-02,21.821414947509766,22.544514173182737,-26.884935117103115,10.714285714285714,10.714285714285714,22.934999465942383
2018-11-05,22.221023559570312,21.968890920047006,-23.33004433444606,13.492063492063492,13.492063492063492,23.354999542236328
2018-11-06,22.62062644958496,22.182962196211136,-18.94330732512998,16.071428571428573,16.071428571428573,23.774999618530273
2018-11-07,24.057313919067383,23.234313279981322,-7.171626047633485,26.190476190476193,26.190476190476193,25.28499984741211
2018-11-08,23.914592742919922,23.843233575035597,4.088441654301577,33.53174603174603,33.53174603174603,25.135000228881836
2018-11-09,23.253337860107422,23.5387708987615,5.273104212630885,34.92063492063492,34.92063492063492,24.440000534057617
2018-11-12,21.902284622192383,23.072562620607485,-3.92693011351527,27.77777777777778,27.77777777777778,23.020000457763672
2018-11-13,21.79287338256836,22.040249584166304,-9.701384185674469,24.00793650793651,24.00793650793651,22.905000686645508
2018-11-14,21.317150115966797,22.292381986860793,-15.705874803308351,18.849206349206348,18.849206349206348,22.405000686645508
2018-11-15,21.997432708740234,20.988898624235656,-12.652591076618384,21.03174603174603,21.03174603174603,23.1200008392334
2018-11-16,22.154420852661133,21.70724186804652,-9.551886176662958,24.6031746031746,24.6031746031746,23.28499984741211
2018-11-19,21.069774627685547,22.00694781584678,-16.230466602722533,18.849206349206348,18.849206349206348,22.145000457763672
2018-11-20,19.87095069885254,20.14686910589504,-26.37146635248558,11.30952380952381,11.30952380952381,20.885000228881836
2018-11-21,20.061241149902344,20.21823063532216,-30.333295736285088,7.142857142857142,7.142857142857142,21.084999084472656
2018-11-23,19.656875610351562,19.604545786278155,-34.589651624573854,3.968253968253968,3.968253968253968,20.65999984741211
2018-11-26,20.584537506103516,20.222986955781117,-30.967781980802204,6.944444444444445,6.944444444444445,21.635000228881836
2018-11-27,20.784337997436523,20.318129657692587,-27.236850509243954,10.317460317460316,10.317460317460316,21.844999313354492
2018-11-28,22.20675277709961,21.074531376428197,-15.003559826470761,20.436507936507937,20.436507936507937,23.34000015258789
2018-11-29,22.064037322998047,22.016463925368473,-9.543574531882918,26.190476190476193,26.190476190476193,23.190000534057617
2018-11-30,22.506460189819336,22.011707737414923,-2.9692955541454706,30.555555555555557,30.555555555555557,23.655000686645508
2018-12-03,23.343730926513672,23.61965117850532,7.4983845376672535,39.285714285714285,39.285714285714285,24.53499984741211
2018-12-04,21.12685775756836,23.129651095166846,-5.5984436396070905,29.563492063492063,29.563492063492063,22.204999923706055
2018-12-06,20.99365997314453,20.042213815654502,-12.304704670222677,22.817460317460316,22.817460317460316,22.065000534057617
2018-12-07,19.5236759185791,20.86521487822882,-25.959376071367306,12.3015873015873,12.3015873015873,20.520000457763672
2018-12-10,19.614057540893555,19.447555229788662,-29.089808872694668,8.73015873015873,8.73015873015873,20.614999771118164
2018-12-11,19.60930061340332,20.389485962385354,-30.291262506172977,7.936507936507936,7.936507936507936,20.610000610351562
2018-12-12,19.918519973754883,20.356186043842214,-28.636196628690612,9.325396825396826,9.325396825396826,20.934999465942383
2018-12-13,19.894733428955078,20.146866009268987,-27.93924371861255,10.317460317460316,10.317460317460316,20.90999984741211
2018-12-14,18.781543731689453,19.333382336439588,-33.999816184830436,4.761904761904762,4.761904761904762,19.739999771118164
2018-12-17,17.644567489624023,18.534169059411653,-37.947670859430666,2.1825396825396823,2.1825396825396823,18.545000076293945
2018-12-18,17.611268997192383,18.034662256636512,-40.000370837570706,0.7936507936507936,0.7936507936507936,18.510000228881836
2018-12-19,16.802536010742188,17.616021895324412,-41.51206278164522,0.0,0.0,17.65999984741211
2018-12-20,15.979534149169922,16.498072243297816,-42.306596682659645,0.0,0.0,16.795000076293945
2018-12-21,14.975762367248535,16.155555389976705,-43.79706292425118,0.0,0.0,15.739999771118164
2018-12-24,13.795969009399414,14.652270171172859,-44.92163015857172,0.0,0.0,14.5
2018-12-26,15.826972961425781,14.08433426458739,-39.657407778139046,1.7857142857142856,1.7857142857142856,16.575000762939453
2018-12-27,16.24711799621582,15.16811533038151,-34.95665867457516,5.357142857142857,5.357142857142857,17.014999389648438
2018-12-28,16.17072868347168,16.49538474448277,-32.650005890983614,6.944444444444445,6.944444444444445,16.934999465942383
2018-12-31,16.605194091796875,16.495384224807115,-29.574598087478805,10.714285714285714,10.714285714285714,17.389999389648438
2019-01-02,16.63861846923828,15.812655668792187,-27.769530329507315,12.698412698412698,12.698412698412698,17.424999237060547
2019-01-03,15.397284507751465,16.237569620613844,-31.252507435769218,8.531746031746032,8.531746031746032,16.125
2019-01-04,16.963275909423828,16.060923468760908,-25.019082341634878,16.46825396825397,16.46825396825397,17.764999389648438
2019-01-07,17.349994659423828,17.03488751083442,-16.877909725405928,22.42063492063492,22.42063492063492,18.170000076293945
2019-01-08,17.832210540771484,17.879955171069223,-9.728402268493923,29.96031746031746,29.96031746031746,18.674999237060547
2019-01-09,18.080474853515625,18.01840957393436,-2.952735821271866,35.317460317460316,35.317460317460316,18.934999465942383
2019-01-10,18.300094604492188,17.731945472819895,2.3544649130485644,39.48412698412698,39.48412698412698,19.165000915527344
2019-01-11,18.285770416259766,18.023181382882566,5.100637556094823,42.65873015873016,42.65873015873016,19.149999618530273
2019-01-14,17.975435256958008,17.84652753979513,4.781293608174743,41.86507936507937,41.86507936507937,18.825000762939453
2019-01-15,18.58177947998047,18.051827870250165,11.700081005725908,48.61111111111111,48.61111111111111,19.459999084472656
2019-01-16,18.691585540771484,18.677261248811604,18.783067404095103,58.730158730158735,58.730158730158735,19.575000762939453
2019-01-17,19.12128257751465,18.491068154349044,24.194442233644534,67.06349206349206,67.06349206349206,20.024999618530273
2019-01-18,19.870849609375,19.565291417444023,29.730748976004172,77.18253968253968,77.18253968253968,20.809999465942383
2019-01-22,19.078310012817383,19.512775968731052,26.078275853955702,72.02380952380952,72.02380952380952,19.979999542236328
2019-01-23,19.16901969909668,19.32179878304856,24.699004123136515,68.05555555555556,68.05555555555556,20.075000762939453
2019-01-24,19.221540451049805,19.130828418233417,24.32374063466244,66.66666666666666,66.66666666666666,20.1299991607666
2019-01-25,19.68942642211914,19.660779657411165,27.982102334956355,74.60317460317461,74.60317460317461,20.6200008392334
2019-01-28,19.254959106445312,19.145147427024774,25.563027810836314,70.23809523809523,70.23809523809523,20.165000915527344
2019-01-29,19.16901969909668,19.254958161478406,22.851203339647807,63.29365079365079,63.29365079365079,20.075000762939453
2019-01-30,20.07137680053711,19.522325576834998,28.653902659189654,75.79365079365078,75.79365079365078,21.020000457763672
2019-01-31,20.572681427001953,20.0284056278104,34.0497983477081,85.51587301587301,85.51587301587301,21.545000076293945
2019-02-01,20.60133171081543,20.629976660125283,36.28922722603719,89.48412698412699,89.48412698412699,21.575000762939453
2019-02-04,21.040571212768555,20.615654133873775,39.52430777922112,92.46031746031747,92.46031746031747,22.03499984741211
2019-02-05,21.31270980834961,21.155157118920414,41.42559265543917,95.23809523809523,95.23809523809523,22.31999969482422
2019-02-06,21.207672119140625,21.217221042327687,41.3606999046456,94.84126984126983,94.84126984126983,22.209999084472656
2019-02-07,20.5965518951416,20.77320238910383,34.09869962758529,84.92063492063492,84.92063492063492,21.56999969482422
2019-02-08,20.67294692993164,20.252803380278674,30.929870548240206,79.36507936507937,79.36507936507937,21.649999618530273
2019-02-11,20.706363677978516,20.830497847275932,29.30912151121089,75.39682539682539,75.39682539682539,21.684999465942383
2019-02-12,21.49890899658203,21.107412232332592,35.27750798438966,87.3015873015873,87.3015873015873,22.514999389648438
2019-02-13,21.68988037109375,21.713751765837404,38.10533631490075,90.47619047619048,90.47619047619048,22.71500015258789
2019-02-14,21.541873931884766,21.393870197742398,37.62216899247324,89.68253968253968,89.68253968253968,22.559999465942383
2019-02-15,22.23415756225586,22.00976243096864,40.88816531947231,94.04761904761905,94.04761904761905,23.28499984741211
2019-02-19,22.343965530395508,22.019309469985274,41.652955918915616,96.03174603174604,96.03174603174604,23.399999618530273
2019-02-20,22.477651596069336,22.34396849264931,42.46601712329851,97.61904761904762,97.61904761904762,23.540000915527344
2019-02-21,22.229381561279297,22.3057711135337,41.03754662223967,94.64285714285714,94.64285714285714,23.280000686645508
2019-02-22,22.649524688720703,22.401258172126973,42.42825697481576,97.81746031746032,97.81746031746032,23.719999313354492
2019-02-25,22.745012283325195,23.021925569234188,41.40059568635376,95.43650793650794,95.43650793650794,23.81999969482422
2019-02-26,22.673397064208984,22.616103532394188,40.22479626283687,93.45238095238095,93.45238095238095,23.7450008392334
2019-02-27,22.63520622253418,22.47287815684573,39.029797533659334,91.26984126984127,91.26984126984127,23.704999923706055
2019-02-28,22.482421875,22.55403787788332,36.52713010317933,88.69047619047619,88.69047619047619,23.545000076293945
2019-03-01,22.931211471557617,22.921662549255657,38.506400093792955,91.46825396825396,91.46825396825396,24.014999389648438
2019-03-04,22.659074783325195,23.208126007060965,35.37659592802445,87.5,87.5,23.729999542236328
2019-03-05,22.563589096069336,22.69249683202146,31.972633407264535,80.35714285714286,80.35714285714286,23.6299991607666
2019-03-06,22.14822006225586,22.58268604937118,22.808583283335835,61.70634920634921,61.70634920634921,23.19499969482422
2019-03-07,21.594390869140625,22.019307846542272,9.038420256129049,46.03174603174603,46.03174603174603,22.614999771118164
2019-03-08,21.460708618164062,21.088307992869264,-0.39330989092490704,37.698412698412696,37.698412698412696,22.475000381469727
2019-03-11,22.396488189697266,21.62304357099555,8.152768881586029,45.23809523809524,45.23809523809524,23.454999923706055
2019-03-12,22.62565803527832,22.511074585926497,15.205527767053816,52.77777777777778,52.77777777777778,23.69499969482422
2019-03-13,23.074447631835938,22.8596013946057,24.42293553074033,65.67460317460318,65.67460317460318,24.165000915527344
2019-03-14,23.02669906616211,23.069668306245454,28.19456577936962,73.61111111111111,73.61111111111111,24.114999771118164
2019-03-15,23.36090850830078,23.150837639749422,32.94500020923408,83.33333333333334,83.33333333333334,24.46500015258789
2019-03-18,23.623491287231445,23.399096181229254,37.32364985677412,90.27777777777779,90.27777777777779,24.739999771118164
2019-03-19,23.637819290161133,23.890861220374678,36.79763856384561,89.48412698412699,89.48412698412699,24.7549991607666
2019-03-20,23.390993118286133,23.524928687106016,32.69996590839472,82.14285714285714,82.14285714285714,24.450000762939453
2019-03-21,24.1611270904541,23.14703947756542,37.550556811821764,90.27777777777779,90.27777777777779,25.2549991607666
2019-03-22,22.783493041992188,23.788013292892643,20.207560370195733,58.333333333333336,58.333333333333336,23.815000534057617
2019-03-25,22.72609519958496,22.683044218571506,9.903764021369863,46.82539682539682,46.82539682539682,23.7549991607666
2019-03-26,23.20444107055664,23.19487580686465,10.589881504568089,46.82539682539682,46.82539682539682,24.2549991607666
2019-03-27,22.879165649414062,23.218789024758266,5.989324044343213,43.452380952380956,43.452380952380956,23.915000915527344
2019-03-28,23.123119354248047,23.017883225403594,6.503456417365171,43.65079365079365,43.65079365079365,24.170000076293945
2019-03-29,23.5727596282959,23.524926023343717,13.165735090077515,49.2063492063492,49.2063492063492,24.639999389648438
2019-04-01,24.395511627197266,24.08458770989776,25.948630576165115,69.04761904761905,69.04761904761905,25.5
2019-04-02,24.390729904174805,24.419429339326776,32.20850343211967,81.15079365079364,81.15079365079364,25.4950008392334
2019-04-03,24.53423309326172,24.744703529520283,34.56532511133111,85.11904761904762,85.11904761904762,25.645000457763672
2019-04-04,24.692087173461914,24.591635491798993,37.34050794980236,90.07936507936508,90.07936507936508,25.809999465942383
2019-04-05,25.012575149536133,24.8834222212137,40.11219848105102,94.04761904761905,94.04761904761905,26.145000457763672
2019-04-08,25.108247756958008,24.91212702119965,41.932085571898305,97.81746031746032,97.81746031746032,26.2450008392334
2019-04-09,24.70643424987793,24.811668543896374,36.47803580508931,88.09523809523809,88.09523809523809,25.825000762939453
2019-04-10,24.9599552154541,24.821235211205938,36.948754649211246,88.88888888888889,88.88888888888889,26.09000015258789
2019-04-11,24.931257247924805,25.08432698841629,36.606494018315956,88.09523809523809,88.09523809523809,26.059999465942383
2019-04-12,25.433515548706055,25.385681942650166,39.37037493036774,92.06349206349206,92.06349206349206,26.584999084472656
2019-04-15,25.366552352905273,25.447871687573084,39.855363736952086,92.85714285714286,92.85714285714286,26.514999389648438
2019-04-16,25.43829917907715,25.610503074869193,39.877535732636,92.85714285714286,92.85714285714286,26.59000015258789
2019-04-17,25.21826934814453,25.71574519038186,35.80904626180909,85.9126984126984,85.9126984126984,26.360000610351562
2019-04-18,25.352201461791992,25.38090272412516,35.60381030114687,85.51587301587301,85.51587301587301,26.5
2019-04-22,25.433515548706055,25.117809004425908,36.40033255300793,86.90476190476191,86.90476190476191,26.584999084472656
2019-04-23,26.084062576293945,25.519617271154186,40.04817135507599,93.65079365079364,93.65079365079364,27.264999389648438
2019-04-24,25.93099594116211,26.06971596865657,40.32978312959127,94.44444444444444,94.44444444444444,27.104999542236328
2019-04-25,25.849681854248047,25.87359866307621,39.10075049257608,90.87301587301587,90.87301587301587,27.020000457763672
2019-04-26,26.222782135009766,25.8592419941947,41.67266180640566,97.42063492063492,97.42063492063492,27.40999984741211
2019-04-29,26.31367301940918,26.222788418611074,41.98613117469149,97.81746031746032,97.81746031746032,27.5049991607666
2019-04-30,26.356719970703125,26.218001774867165,42.175293065676925,98.61111111111111,98.61111111111111,27.549999237060547
2019-05-01,25.76357650756836,26.552842043914655,28.890034292660268,70.03968253968253,70.03968253968253,26.93000030517578
2019-05-02,25.6057186126709,25.696605015833878,16.71920098194261,50.0,50.0,26.764999389648438
2019-05-03,26.32802391052246,26.012317306696712,24.009520096261816,59.12698412698413,59.12698412698413,27.520000457763672
2019-05-06,26.01709747314453,25.022144140863052,20.027124085991055,54.166666666666664,54.166666666666664,27.19499969482422
2019-05-07,24.715999603271484,25.285229348035948,-2.074826814154864,31.349206349206348,31.349206349206348,25.834999084472656
2019-05-08,24.601200103759766,24.58685038631913,-15.369376163910891,21.626984126984127,21.626984126984127,25.71500015258789
2019-05-09,24.352460861206055,23.965002075118566,-20.846212746242138,17.46031746031746,17.46031746031746,25.454999923706055
2019-05-10,24.696866989135742,24.07980364674668,-18.194802102759805,19.047619047619047,19.047619047619047,25.815000534057617
2019-05-13,22.869600296020508,23.228357872455078,-29.615661809779198,10.317460317460316,10.317460317460316,23.905000686645508
2019-05-14,23.4436092376709,23.10877031736549,-30.961608774540757,8.928571428571429,8.928571428571429,24.5049991607666
2019-05-15,23.850202560424805,23.003534511228192,-27.934052298348362,12.3015873015873,12.3015873015873,24.93000030517578
2019-05-16,24.49596405029297,24.051104560942676,-20.522646441745827,18.253968253968253,18.253968253968253,25.604999542236328
2019-05-17,24.036760330200195,23.854989293394105,-19.99234399371911,18.452380952380953,18.452380952380953,25.125
2019-05-20,23.5727596282959,23.582326714233346,-24.041977416188413,16.46825396825397,16.46825396825397,24.639999389648438
2019-05-21,24.180259704589844,24.012840236178587,-20.270348451467115,18.650793650793652,18.650793650793652,25.274999618530273
2019-05-22,23.974573135375977,23.902822712919853,-19.92337905076878,19.047619047619047,19.047619047619047,25.059999465942383
2019-05-23,23.113548278808594,23.338370215365522,-27.527451318235745,12.896825396825399,12.896825396825399,24.15999984741211
2019-05-24,23.20444107055664,23.457964352047252,-30.361980770811815,9.523809523809524,9.523809523809524,24.2549991607666
2019-05-28,22.582590103149414,23.280970986754713,-36.243410942153716,4.9603174603174605,4.9603174603174605,23.604999542236328
2019-05-29,22.132951736450195,22.247753143044324,-38.158437574965,2.976190476190476,2.976190476190476,23.135000228881836
2019-05-30,22.290800094604492,22.28601746383462,-37.88496274514385,3.7698412698412698,3.7698412698412698,23.299999237060547
2019-05-31,21.377161026000977,21.58284878718785,-41.14421922474174,0.7936507936507936,0.7936507936507936,22.344999313354492
2019-06-03,21.204967498779297,21.362819899466967,-41.543557073909824,0.5952380952380952,0.5952380952380952,22.165000915527344
2019-06-04,22.582590103149414,21.788540180413285,-32.25903339480886,8.333333333333332,8.333333333333332,23.604999542236328
2019-06-05,23.15182113647461,23.0131011134574,-21.39265617750005,19.642857142857142,19.642857142857142,24.200000762939453
2019-06-06,23.59189796447754,23.242707477431324,-10.570059076789818,29.563492063492063,29.563492063492063,24.65999984741211
2019-06-07,24.304624557495117,23.888464558515448,2.1208587227431193,38.69047619047619,38.69047619047619,25.405000686645508
2019-06-10,24.639463424682617,24.74469953820495,11.297307617073486,47.22222222222222,47.22222222222222,25.7549991607666
2019-06-11,24.62033462524414,25.16086133682243,15.161466077763253,51.98412698412699,51.98412698412699,25.735000610351562
2019-06-12,24.486400604248047,24.548585763815307,15.699883647246676,53.17460317460318,53.17460317460318,25.594999313354492
2019-06-13,24.8068904876709,24.739922699655555,19.156022532828338,57.53968253968254,57.53968253968254,25.93000030517578
2019-06-14,24.68251609802246,24.68251609802246,19.55308748471401,57.936507936507944,57.936507936507944,25.799999237060547
2019-06-17,24.725570678710938,24.749489309456465,20.400502206205864,59.12698412698413,59.12698412698413,25.844999313354492
2019-06-18,25.45743751525879,25.237398154231855,25.574566593409916,67.85714285714286,67.85714285714286,26.610000610351562
2019-06-19,25.667905807495117,25.519618702156787,29.920173428851378,74.40476190476191,74.40476190476191,26.829999923706055
2019-06-20,26.380638122558594,26.428471730638528,35.134930526335125,83.53174603174604,83.53174603174604,27.575000762939453
2019-06-21,26.28018569946289,26.294537242261224,36.371238369671346,85.71428571428571,85.71428571428571,27.469999313354492
2019-06-24,26.17495346069336,26.318456126868966,35.46423265102727,84.12698412698413,84.12698412698413,27.360000610351562
2019-06-25,25.41266632080078,26.164888750658374,25.929211166389155,67.65873015873017,67.65873015873017,26.520000457763672
2019-06-26,25.302471160888672,25.647438271807772,19.486650243924252,57.53968253968254,57.53968253968254,26.405000686645508
2019-06-27,25.58515167236328,25.51807296233617,18.827398356442348,56.34920634920635,56.34920634920635,26.700000762939453
2019-06-28,25.944494247436523,25.839086671367788,21.826571994702167,59.92063492063492,59.92063492063492,27.075000762939453
2019-07-01,26.62006187438965,26.907534806550537,28.348522825470845,71.23015873015873,71.23015873015873,27.780000686645508
2019-07-02,26.87398910522461,26.624845111667177,33.90776177642073,79.76190476190477,79.76190476190477,28.045000076293945
2019-07-03,27.468103408813477,27.041682699405776,38.82125887036586,89.88095238095238,89.88095238095238,28.665000915527344
2019-07-05,27.34832191467285,27.094385665703122,39.84761837940257,91.46825396825396,91.46825396825396,28.540000915527344
2019-07-08,26.941068649291992,26.979399341805948,33.99538490350778,79.36507936507937,79.36507936507937,28.114999771118164
2019-07-09,27.032100677490234,26.562560671297746,31.59535240148333,75.9920634920635,75.9920634920635,28.209999084472656
2019-07-10,27.4153995513916,27.348322670540817,33.97428680377968,79.16666666666666,79.16666666666666,28.610000610351562
2019-07-11,27.583093643188477,27.592676316496213,36.76404236454379,86.30952380952381,86.30952380952381,28.78499984741211
2019-07-12,27.971181869506836,27.736410957996114,40.29579108765274,93.45238095238095,93.45238095238095,29.190000534057617
2019-07-15,27.975976943969727,28.06701143576014,41.52206457867977,96.03174603174604,96.03174603174604,29.19499969482422
2019-07-16,27.698081970214844,27.94722597577686,37.72961789984212,87.6984126984127,87.6984126984127,28.905000686645508
2019-07-17,27.147096633911133,27.683713635598995,25.59382786168199,65.07936507936508,65.07936507936508,28.329999923706055
2019-07-18,27.424985885620117,26.96981892630914,22.683678116299834,58.333333333333336,58.333333333333336,28.6200008392334
2019-07-19,26.955440521240234,27.736410982526607,12.608819465219327,45.63492063492063,45.63492063492063,28.1299991607666
2019-07-22,27.151884078979492,27.070434092637843,10.433054280249321,43.452380952380956,43.452380952380956,28.334999084472656
2019-07-23,27.707666397094727,27.477685894547697,17.527523405298492,52.57936507936508,52.57936507936508,28.915000915527344
2019-07-24,28.09096336364746,27.48247733804757,26.345638789828268,67.26190476190477,67.26190476190477,29.315000534057617
2019-07-25,27.67412567138672,27.96639080367635,24.03674715818102,60.912698412698404,60.912698412698404,28.8799991607666
2019-07-26,28.23948860168457,27.89931195559815,28.23867002286733,69.84126984126983,69.84126984126983,29.469999313354492
2019-07-29,28.09575653076172,28.196371865182545,28.314210075068548,70.03968253968253,70.03968253968253,29.31999969482422
2019-07-30,27.894521713256836,27.6405854618609,23.781665723732893,60.51587301587301,60.51587301587301,29.110000610351562
2019-07-31,26.931486129760742,27.942435304231857,3.5423971898523408,37.5,37.5,28.104999542236328
2019-08-01,26.251127243041992,26.97939380189376,-14.116910132368135,25.793650793650798,25.793650793650798,27.395000457763672
2019-08-02,25.68097496032715,25.968449665437873,-23.66040295695223,18.055555555555554,18.055555555555554,26.799999237060547
2019-08-05,23.395559310913086,24.43525455896539,-31.771501053574262,9.126984126984127,9.126984126984127,24.415000915527344
2019-08-06,24.291515350341797,23.82676585945453,-30.63730616587147,10.912698412698413,10.912698412698413,25.350000381469727
2019-08-07,24.344219207763672,23.424302893931294,-29.58556840837331,12.5,12.5,25.405000686645508
2019-08-08,25.743263244628906,24.741896697676108,-19.254739490211183,22.42063492063492,22.42063492063492,26.864999771118164
2019-08-09,25.216228485107422,25.474953356843674,-17.127119587429597,24.206349206349206,24.206349206349206,26.315000534057617
2019-08-12,24.286727905273438,24.775433256468848,-22.227352479468486,19.642857142857142,19.642857142857142,25.344999313354492
2019-08-13,25.407878875732422,24.20048932507216,-16.648717194308354,25.0,25.0,26.514999389648438
2019-08-14,23.179956436157227,24.267565170331004,-27.1176052292189,15.674603174603174,15.674603174603174,24.190000534057617
2019-08-15,23.352439880371094,23.405141839113234,-31.470400844782997,9.325396825396826,9.325396825396826,24.3700008392334
2019-08-16,24.372968673706055,23.793230706332515,-27.01414207619216,15.873015873015872,15.873015873015872,25.434999465942383
2019-08-19,25.249765396118164,25.225809627854655,-19.08168095582072,23.214285714285715,23.214285714285715,26.350000381469727
2019-08-20,24.660444259643555,25.10602848624765,-18.169750058380423,23.809523809523807,23.809523809523807,25.735000610351562
2019-08-21,25.259349822998047,25.264140245900215,-14.089275807363341,27.976190476190478,27.976190476190478,26.360000610351562
2019-08-22,25.22581672668457,25.44621278106353,-12.068008115448846,28.968253968253972,28.968253968253972,26.325000762939453
2019-08-23,23.26619529724121,24.856882263923364,-23.344631412414632,18.849206349206348,18.849206349206348,24.280000686645508
2019-08-26,24.028003692626953,23.86030965409705,-23.772620217883702,18.253968253968253,18.253968253968253,25.075000762939453
2019-08-27,23.764484405517578,24.430466471838162,-25.60783321284692,17.261904761904763,17.261904761904763,24.799999237060547
2019-08-28,24.25798225402832,23.563253989488267,-22.739988120349416,19.246031746031747,19.246031746031747,25.315000534057617
2019-08-29,25.17310905456543,24.967086131324724,-14.884942182422122,26.38888888888889,26.38888888888889,26.270000457763672
2019-08-30,25.149150848388672,25.589942846696776,-4.140155286156612,33.53174603174603,33.53174603174603,26.2450008392334
2019-09-03,24.703571319580078,24.646075269739583,-1.9079512374347547,35.11904761904761,35.11904761904761,25.780000686645508
2019-09-04,25.513282775878906,25.302469454109428,7.754399524012248,43.452380952380956,43.452380952380956,26.625
2019-09-05,26.505067825317383,26.236758453241627,16.10691121948763,52.38095238095239,52.38095238095239,27.65999984741211
2019-09-06,26.572145462036133,26.60089348304822,21.244269359980805,59.32539682539682,59.32539682539682,27.729999542236328
2019-09-09,26.59130859375,26.85003527817694,23.429045062192763,61.70634920634921,61.70634920634921,27.75
2019-09-10,26.59130859375,26.356537677649712,24.573168857419887,63.888888888888886,63.888888888888886,27.75
2019-09-11,27.15667152404785,26.658383537180885,28.490898093589934,71.42857142857143,71.42857142857143,28.34000015258789
2019-09-12,27.386648178100586,27.391438599985335,29.27542260212196,72.61904761904762,72.61904761904762,28.579999923706055
2019-09-13,27.32436180114746,27.53517691879984,29.239747201756987,72.22222222222221,72.22222222222221,28.514999389648438
2019-09-16,27.089595794677734,26.98418822399008,26.868734987411706,68.84920634920636,68.84920634920636,28.270000457763672
2019-09-17,27.3004093170166,27.003353775553837,27.423633085219397,69.44444444444444,69.44444444444444,28.489999771118164
2019-09-18,27.34353256225586,27.16625767359122,28.15800480914406,70.03968253968253,70.03968253968253,28.53499984741211
2019-09-19,27.3004093170166,27.429772656292627,27.842948968641135,69.84126984126983,69.84126984126983,28.489999771118164
2019-09-20,26.893156051635742,27.50164206350736,23.088411203271683,60.317460317460316,60.317460317460316,28.065000534057617
2019-09-23,26.917112350463867,26.715879874142868,20.81226506777747,57.936507936507944,57.936507936507944,28.09000015258789
2019-09-24,26.255922317504883,27.223750343759654,12.816621245824726,47.22222222222222,47.22222222222222,27.399999618530273
2019-09-25,26.715877532958984,26.270295160405166,12.662427648046798,46.82539682539682,46.82539682539682,27.8799991607666
2019-09-26,26.552982330322266,26.720676391989954,11.148617608605385,44.84126984126984,44.84126984126984,27.709999084472656
2019-09-27,26.102603912353516,26.768584158522163,3.3292551203586074,38.095238095238095,38.095238095238095,27.239999771118164
2019-09-30,26.48111343383789,26.246342492589825,3.673549102077282,38.88888888888889,38.88888888888889,27.635000228881836
2019-10-01,25.532445907592773,26.72066983469265,-6.977195634793901,31.944444444444443,31.944444444444443,26.645000457763672
2019-10-02,24.17173957824707,25.05332538279995,-22.53698713928455,19.047619047619047,19.047619047619047,25.225000381469727
2019-10-03,24.746686935424805,24.09028755364839,-22.878214412161753,18.650793650793652,18.650793650793652,25.825000762939453
2019-10-04,25.73847198486328,24.93833612682303,-13.868279630015879,27.77777777777778,27.77777777777778,26.860000610351562
2019-10-07,25.41266632080078,25.518072063141783,-11.463865450917671,29.365079365079367,29.365079365079367,26.520000457763672
2019-10-08,24.22923469543457,24.861676510676887,-20.72689669314012,20.634920634920633,20.634920634920633,25.28499984741211
2019-10-09,24.88562774658203,24.78022201504895,-19.24449070814609,22.817460317460316,22.817460317460316,25.969999313354492
2019-10-10,25.388713836669922,24.861677745975854,-14.065356978870284,28.174603174603174,28.174603174603174,26.4950008392334
2019-10-11,26.155309677124023,26.18405769864981,-4.710389152519522,34.72222222222222,34.72222222222222,27.295000076293945
2019-10-14,26.09781837463379,26.078653024810833,-0.31164445967890336,37.89682539682539,37.89682539682539,27.235000610351562
2019-10-15,26.878782272338867,26.39486915793046,8.706636506485808,45.43650793650794,45.43650793650794,28.049999237060547
2019-10-16,26.74462890625,26.730255810149647,12.078652806445428,49.2063492063492,49.2063492063492,27.90999984741211
2019-10-17,26.955440521240234,27.070430765853047,15.620284444209135,53.96825396825397,53.96825396825397,28.1299991607666
2019-10-18,26.59130859375,26.79253924094342,14.661467112997531,52.77777777777778,52.77777777777778,27.75
2019-10-21,27.161466598510742,26.974609028357534,21.283877421778428,62.301587301587304,62.301587301587304,28.344999313354492
2019-10-22,26.86920166015625,27.30999366303164,20.674203670430323,61.50793650793651,61.50793650793651,28.040000915527344
2019-10-23,27.099180221557617,26.787749739478492,22.698386388090004,63.888888888888886,63.888888888888886,28.280000686645508
2019-10-24,27.214168548583984,27.362697241125403,25.113984495859064,69.64285714285714,69.64285714285714,28.399999618530273
2019-10-25,27.568721771240234,27.041685682160555,28.04434051896414,74.60317460317461,74.60317460317461,28.770000457763672
2019-10-28,28.0286808013916,27.90890011420617,30.88924365715186,80.35714285714286,80.35714285714286,29.25
2019-10-29,27.975976943969727,27.913690475014427,31.46017927774013,80.95238095238095,80.95238095238095,29.19499969482422
2019-10-30,28.249073028564453,28.05263280110361,33.55073627767796,83.53174603174604,83.53174603174604,29.479999542236328
2019-10-31,27.990345001220703,28.205950564388683,32.05914879361158,81.34920634920636,81.34920634920636,29.209999084472656
2019-11-01,28.76652717590332,28.42155824908434,35.59181592996779,87.10317460317461,87.10317460317461,30.020000457763672
2019-11-04,29.111494064331055,29.250440084150693,37.738707300382416,91.07142857142857,91.07142857142857,30.3799991607666
2019-11-05,29.006093978881836,29.173786223336656,37.55211479727909,90.47619047619048,90.47619047619048,30.270000457763672
2019-11-06,29.03962516784668,29.010877149823568,37.79286009299496,91.07142857142857,91.07142857142857,30.30500030517578
2019-11-07,29.336679458618164,29.432504353566703,38.47050014745953,91.66666666666666,91.66666666666666,30.614999771118164
2019-11-08,29.518747329711914,29.192943775195502,39.97425152374135,93.84920634920636,93.84920634920636,30.80500030517578
2019-11-11,29.379804611206055,29.09712213746369,38.68851476364058,91.66666666666666,91.66666666666666,30.65999984741211
2019-11-12,29.523542404174805,29.466048187761853,38.611137823202995,91.46825396825396,91.46825396825396,30.809999465942383
2019-11-13,29.561872482299805,29.221695786380906,38.950743537212354,91.86507936507937,91.86507936507937,30.850000381469727
2019-11-14,29.6816463470459,29.456458133264057,40.36004948051281,95.43650793650794,95.43650793650794,30.975000381469727
2019-11-15,30.32846450805664,30.08890317414196,42.48738214485978,99.20634920634922,99.20634920634922,31.649999618530273
2019-11-18,30.381168365478516,30.242222352830975,43.19042024303623,99.8015873015873,99.8015873015873,31.704999923706055
2019-11-19,30.338050842285156,30.572821782047903,42.5518627091861,99.0079365079365,99.0079365079365,31.65999984741211
2019-11-20,30.012245178222656,30.16077387093419,38.026943208777695,89.48412698412699,89.48412698412699,31.31999969482422
2019-11-21,29.863718032836914,30.012244896445942,32.57635930257925,79.96031746031747,79.96031746031747,31.165000915527344
2019-11-22,30.036203384399414,30.084116754181718,31.76800290248851,78.57142857142857,78.57142857142857,31.344999313354492
2019-11-25,30.72613525390625,30.338047064188466,37.83771324678117,89.0873015873016,89.0873015873016,32.064998626708984
2019-11-26,30.917787551879883,30.76446843258035,40.50756899074204,94.84126984126983,94.84126984126983,32.26499938964844
2019-11-27,31.320253372192383,31.104645955976306,42.483818523583174,98.61111111111111,98.61111111111111,32.685001373291016
2019-11-29,30.994449615478516,31.152557333375416,40.67125780867838,94.64285714285714,94.64285714285714,32.345001220703125
2019-12-02,30.199100494384766,31.071103584154766,25.512668503938674,67.26190476190477,67.26190476190477,31.514999389648438
2019-12-03,29.58103370666504,29.32230703271654,5.381803160828752,42.46031746031746,42.46031746031746,30.8700008392334
2019-12-04,30.108068466186523,29.906835995646432,1.791601446887429,38.2936507936508,38.2936507936508,31.420000076293945
2019-12-05,30.285343170166016,30.333256533218254,3.126542982706224,39.48412698412698,39.48412698412698,31.604999542236328
2019-12-06,31.085479736328125,30.88904132839862,14.993217733919584,52.976190476190474,52.976190476190474,32.439998626708984
2019-12-09,30.807592391967773,30.965700111624887,16.634007176278207,54.96031746031746,54.96031746031746,32.150001525878906
2019-12-10,30.687814712524414,30.77405695686855,15.231193492200784,53.57142857142857,53.57142857142857,32.025001525878906
2019-12-11,30.946531295776367,30.841127379623675,18.565777900993442,57.53968253968254,57.53968253968254,32.29499816894531
2019-12-12,31.741886138916016,30.941751924110577,25.77592267195262,69.04761904761905,69.04761904761905,33.125
2019-12-13,31.79458236694336,31.660428597065163,29.117773955484765,74.60317460317461,74.60317460317461,33.18000030517578
2019-12-16,32.46055603027344,32.36473297279301,35.033393370478635,82.93650793650794,82.93650793650794,33.875
2019-12-17,32.46535873413086,32.56597407350964,37.946806366740184,88.4920634920635,88.4920634920635,33.880001068115234
2019-12-18,32.46055603027344,32.589917523413554,39.28809029300774,91.07142857142857,91.07142857142857,33.875
2019-12-19,32.848655700683594,32.50368672394558,41.46522024546235,95.83333333333334,95.83333333333334,34.279998779296875
2019-12-20,33.34693145751953,33.20319687409368,42.36418823755617,98.01587301587301,98.01587301587301,34.79999923706055
2019-12-23,33.44275665283203,33.54816054706769,43.03632395340834,99.40476190476191,99.40476190476191,34.900001525878906
2019-12-24,33.433650970458984,33.50082506215077,43.28137597397272,99.8015873015873,99.8015873015873,34.84000015258789
2019-12-26,33.92304992675781,33.539198642098285,43.9678826577141,100.0,100.0,35.349998474121094
2019-12-27,33.90865707397461,34.196546461706625,43.15993477856491,99.20634920634922,99.20634920634922,35.334999084472656
2019-12-30,33.3472785949707,33.93745506427162,37.68581279359988,86.30952380952381,86.30952380952381,34.75
2019-12-31,33.591976165771484,33.1553411079856,37.081461666932135,84.92063492063492,84.92063492063492,35.005001068115234
2020-01-02,34.49884033203125,34.10059137462973,40.370547396376075,93.05555555555556,93.05555555555556,35.95000076293945
2020-01-03,33.75032424926758,33.32328743456555,33.16024010919505,79.36507936507937,79.36507936507937,35.16999816894531
2020-01-06,34.100589752197266,33.102569639221514,32.909784716513585,78.96825396825396,78.96825396825396,35.53499984741211
2020-01-07,33.803096771240234,33.90865706755483,27.339970744088077,71.03174603174604,71.03174603174604,35.224998474121094
2020-01-08,34.32610321044922,33.87987332433407,29.31901794007411,75.79365079365078,75.79365079365078,35.77000045776367
2020-01-09,35.026641845703125,34.88749447305789,35.40512719939019,82.34126984126983,82.34126984126983,36.5
2020-01-10,34.72915267944336,35.237761181952095,33.17957428546965,79.96031746031747,79.96031746031747,36.189998626708984
2020-01-13,35.4296760559082,34.94506365111205,37.529167449370924,85.9126984126984,85.9126984126984,36.91999816894531
2020-01-14,35.261749267578125,35.28094238629904,36.3556901585246,83.73015873015873,83.73015873015873,36.744998931884766
2020-01-15,35.50646209716797,35.23776571759073,36.91635871758041,85.31746031746032,85.31746031746032,37.0
2020-01-16,36.3701286315918,35.97667885351911,40.16541599576365,92.65873015873017,92.65873015873017,37.900001525878906
2020-01-17,36.71080017089844,36.624432963350294,41.64899433381848,95.83333333333334,95.83333333333334,38.255001068115234
2020-01-21,36.50447463989258,36.34613416693091,40.84930305891494,94.04761904761905,94.04761904761905,38.040000915527344
2020-01-22,36.52366638183594,36.79716188814611,39.09170731976294,90.07936507936508,90.07936507936508,38.060001373291016
2020-01-23,36.600433349609375,36.25496458831287,38.71593078916404,89.48412698412699,89.48412698412699,38.13999938964844
2020-01-24,35.616817474365234,36.849947016332024,24.236369933187188,65.27777777777779,65.27777777777779,37.1150016784668
2020-01-27,33.91345977783203,33.759918511101944,-1.8269687201742935,36.507936507936506,36.507936507936506,35.34000015258789
2020-01-28,34.96426010131836,34.39807599215506,-6.646388790744242,33.730158730158735,33.730158730158735,36.435001373291016
2020-01-29,34.87309265136719,35.444075937281646,-9.927505464188783,31.150793650793652,31.150793650793652,36.34000015258789
2020-01-30,35.175384521484375,34.13898166313073,-9.228484075799665,32.53968253968254,32.53968253968254,36.654998779296875
2020-01-31,33.284908294677734,34.96906341431427,-24.20580525309533,17.46031746031746,17.46031746031746,34.685001373291016
2020-02-03,34.01422119140625,33.78391111963288,-25.821514658963384,17.063492063492063,17.063492063492063,35.44499969482422
2020-02-04,35.56402587890625,35.2665381170692,-14.376506154578216,27.976190476190478,27.976190476190478,37.060001373291016
2020-02-05,36.768375396728516,36.6100385688508,3.7407445973204076,42.06349206349206,42.06349206349206,38.314998626708984
2020-02-06,37.14742660522461,37.1426310715392,14.946477106665535,53.96825396825397,53.96825396825397,38.709999084472656
2020-02-07,36.57645034790039,36.76357867904312,15.153150391950607,54.36507936507936,54.36507936507936,38.1150016784668
2020-02-10,37.37773895263672,36.226177607796046,21.064803429031784,62.5,62.5,38.95000076293945
2020-02-11,37.569664001464844,37.87194732471214,21.72270651718029,62.89682539682539,62.89682539682539,39.150001525878906
2020-02-12,38.27499771118164,38.08786938757209,26.68424093176579,71.62698412698413,71.62698412698413,39.8849983215332
2020-02-13,38.13106155395508,37.7424109148351,27.09542592362373,72.02380952380952,72.02380952380952,39.73500061035156
2020-02-14,38.31817626953125,38.27499084682863,28.72144373917086,75.1984126984127,75.1984126984127,39.93000030517578
2020-02-18,38.015899658203125,37.93432799220326,26.296849799217643,70.63492063492063,70.63492063492063,39.6150016784668
2020-02-19,38.55809020996094,38.370961893215295,28.168811102577035,73.21428571428571,73.21428571428571,40.18000030517578
2020-02-20,38.05429458618164,38.33738859033285,24.40385350586193,65.67460317460318,65.67460317460318,39.654998779296875
2020-02-21,36.88353729248047,37.56487661273797,12.427455932375926,48.61111111111111,48.61111111111111,38.435001373291016
2020-02-24,33.19373321533203,33.43844085879264,-14.603382612367751,25.198412698412696,25.198412698412696,34.59000015258789
2020-02-25,30.185285568237305,33.668755971860556,-29.569308908600973,11.706349206349206,11.706349206349206,31.454999923706055
2020-02-26,29.85421371459961,30.607526242750804,-37.201137788818926,4.563492063492063,4.563492063492063,31.110000610351562
2020-02-27,25.7901611328125,28.088484768864028,-41.61623421813733,0.5952380952380952,0.5952380952380952,26.875
2020-02-28,25.6174259185791,23.506232498525094,-40.02659567492841,2.1825396825396823,2.1825396825396823,26.69499969482422
2020-03-02,28.721847534179688,25.910119462603095,-34.26115014958969,6.944444444444445,6.944444444444445,29.93000030517578
2020-03-03,26.27957534790039,28.86578849198527,-34.86344261191714,6.547619047619048,6.547619047619048,27.385000228881836
2020-03-04,29.585514068603516,27.81499012189922,-28.826689125923167,13.293650793650794,13.293650793650794,30.829999923706055
2020-03-05,26.61545181274414,27.34957129873281,-30.954476164358198,10.515873015873016,10.515873015873016,27.735000610351562
2020-03-06,25.286352157592773,24.15398392872076,-34.24254337675771,7.341269841269842,7.341269841269842,26.350000381469727
2020-03-09,19.37980842590332,19.945992634925,-39.795560669488076,2.579365079365079,2.579365079365079,20.19499969482422
2020-03-10,22.4410400390625,21.591763777504543,-38.58017320193218,3.571428571428571,3.571428571428571,23.385000228881836
2020-03-11,19.135101318359375,20.603340078373808,-40.93940300393356,1.3888888888888888,1.3888888888888888,19.940000534057617
2020-03-12,13.583617210388184,15.162215370098973,-43.40056783668192,0.3968253968253968,0.3968253968253968,14.154999732971191
2020-03-13,17.354982376098633,16.165036273607605,-40.86337459318251,1.7857142857142856,1.7857142857142856,18.084999084472656
2020-03-16,11.290093421936035,11.995424025150738,-42.99428485141924,0.5952380952380952,0.5952380952380952,11.765000343322754
2020-03-17,13.396488189697266,12.024211531588193,-41.94335355634564,0.992063492063492,0.992063492063492,13.960000038146973
2020-03-18,11.34287166595459,10.680724720783566,-41.96621304630789,0.992063492063492,0.992063492063492,11.819999694824219
2020-03-19,11.270899772644043,10.949422387324619,-42.09121415937895,0.992063492063492,0.992063492063492,11.744999885559082
2020-03-20,9.740283966064453,11.688341491419925,-43.3847929400484,0.5952380952380952,0.5952380952380952,10.149999618530273
2020-03-23,8.93899154663086,9.663515426900856,-43.90953505150279,0.1984126984126984,0.1984126984126984,9.3149995803833
2020-03-24,11.438838005065918,10.368846253734343,-41.23656194649445,2.579365079365079,2.579365079365079,11.920000076293945
2020-03-25,11.88469123840332,11.620159819706123,-38.86648025591671,5.555555555555555,5.555555555555555,12.354999542236328
2020-03-26,13.957660675048828,12.269466622971555,-34.18519339026779,9.920634920634921,9.920634920634921,14.510000228881836
2020-03-27,12.697525978088379,12.683097558204402,-33.34752002935985,10.515873015873016,10.515873015873016,13.199999809265137
2020-03-30,13.938419342041016,13.048630470157859,-30.83778573106544,13.293650793650794,13.293650793650794,14.489999771118164
2020-03-31,13.289115905761719,13.770082836974359,-30.421560163193146,13.690476190476192,13.690476190476192,13.8149995803833
2020-04-01,11.514347076416016,11.798117601916665,-32.629455546357654,10.317460317460316,10.317460317460316,11.970000267028809
2020-04-02,12.303136825561523,11.384489854115081,-32.28085395769863,10.515873015873016,10.515873015873016,12.789999961853027
2020-04-03,11.774069786071777,12.16365364531523,-32.24832626612943,10.714285714285714,10.714285714285714,12.239999771118164
2020-04-06,14.154857635498047,13.154446405576039,-25.3761198230733,19.841269841269842,19.841269841269842,14.71500015258789
2020-04-07,14.154857635498047,15.655474021695229,-21.557506657810897,22.61904761904762,22.61904761904762,14.71500015258789
2020-04-08,15.59294605255127,14.6213936095587,-13.983590318833702,29.365079365079367,29.365079365079367,16.209999084472656
2020-04-09,16.299972534179688,16.20377876016257,-1.5156786819905892,36.904761904761905,36.904761904761905,16.94499969482422
2020-04-13,15.823812484741211,16.122011462974307,3.3785413315235338,39.682539682539684,39.682539682539684,16.450000762939453
2020-04-14,17.261899948120117,16.780933098254444,11.2373292680908,46.62698412698413,46.62698412698413,17.94499969482422
2020-04-15,16.150869369506836,16.117199998570623,11.415073705396576,47.22222222222222,47.22222222222222,16.790000915527344
2020-04-16,16.386545181274414,16.386545181274414,12.578778434439883,48.61111111111111,48.61111111111111,17.03499984741211
2020-04-17,17.723628997802734,17.483145555038828,16.827863854914728,55.35714285714286,55.35714285714286,18.424999237060547
2020-04-20,16.77131462097168,16.958891410938257,15.647944847945109,53.57142857142857,53.57142857142857,17.434999465942383
2020-04-21,15.222599983215332,15.895953361616733,9.236154280643174,44.24603174603175,44.24603174603175,15.824999809265137
2020-04-22,16.251873016357422,16.117201028238227,9.08336395214314,44.047619047619044,44.047619047619044,16.895000457763672
2020-04-23,16.232635498046875,16.49716696884414,8.318623320832128,43.25396825396825,43.25396825396825,16.875
2020-04-24,16.9204158782959,16.535642720934884,11.205754651103735,45.63492063492063,45.63492063492063,17.59000015258789
2020-04-27,17.66591453552246,17.310000046528547,16.208639511777147,54.36507936507936,54.36507936507936,18.364999771118164
2020-04-28,17.40618896484375,18.39217243683726,15.564598173122599,52.976190476190474,52.976190476190474,18.094999313354492
2020-04-29,18.752899169921875,18.473937503137808,19.48005656541607,58.53174603174603,58.53174603174603,19.4950008392334
2020-04-30,18.22864532470703,18.478746485521587,19.016748252080333,57.738095238095234,57.738095238095234,18.950000762939453
2020-05-01,16.76650619506836,17.252281950045443,12.334185644638692,46.82539682539682,46.82539682539682,17.43000030517578
2020-05-04,16.9444637298584,16.42020973351863,9.4503907886244,43.05555555555556,43.05555555555556,17.614999771118164
2020-05-05,17.396577835083008,17.478343190080892,8.661771972459716,42.06349206349206,42.06349206349206,18.084999084472656
2020-05-06,17.05027961730957,17.733251840596417,4.15282144915561,37.89682539682539,37.89682539682539,17.725000381469727
2020-05-07,17.656295776367188,17.67072603206945,5.822365283473097,40.27777777777778,40.27777777777778,18.354999542236328
2020-05-08,18.522035598754883,18.267123713912127,11.652397976329421,45.63492063492063,45.63492063492063,19.2549991607666
2020-05-11,18.550893783569336,18.11802282573341,14.962207907240499,51.19047619047619,51.19047619047619,19.28499984741211
2020-05-12,17.411006927490234,18.776953371927988,7.319885532045249,40.27777777777778,40.27777777777778,18.100000381469727
2020-05-13,16.511598587036133,17.310003762482868,-4.6530951870972626,31.547619047619047,31.547619047619047,17.165000915527344
2020-05-14,17.112802505493164,16.011387907739717,-5.564253317519146,31.349206349206348,31.349206349206348,17.790000915527344
2020-05-15,17.31481170654297,16.627028761420256,-4.427075651208771,31.944444444444443,31.944444444444443,18.0
2020-05-18,18.91642951965332,18.565322059504638,8.788215485338071,42.65873015873016,42.65873015873016,19.665000915527344
2020-05-19,18.33445930480957,18.78656940426629,10.674967660893383,44.642857142857146,44.642857142857146,19.059999465942383
2020-05-20,19.257911682128906,19.051095805230354,18.363269564523527,56.94444444444444,56.94444444444444,20.020000457763672
2020-05-21,18.8394718170166,19.229055650491457,17.518763444913482,56.15079365079365,56.15079365079365,19.584999084472656
2020-05-22,18.94047737121582,18.796187665608677,18.124533224441322,56.34920634920635,56.34920634920635,19.690000534057617
2020-05-26,19.66674041748047,20.210233643448184,20.617859791776915,60.317460317460316,60.317460317460316,20.44499969482422
2020-05-27,20.527673721313477,20.263142212301723,26.66413641967611,70.83333333333334,70.83333333333334,21.34000015258789
2020-05-28,20.42666244506836,20.772957325009102,26.222796514158027,69.84126984126983,69.84126984126983,21.235000610351562
2020-05-29,20.667150497436523,20.320853705165547,27.46850650193447,72.02380952380952,72.02380952380952,21.485000610351562
2020-06-01,20.941301345825195,20.54690859544115,29.64719867621554,76.98412698412699,76.98412698412699,21.770000457763672
2020-06-02,21.470361709594727,21.148114773467803,32.76281738305926,80.35714285714286,80.35714285714286,22.31999969482422
2020-06-03,22.336105346679688,21.922475295138433,35.40000446499591,83.53174603174604,83.53174603174604,23.219999313354492
2020-06-04,22.11966896057129,22.076381865355174,35.21048258531713,82.93650793650794,82.93650793650794,22.9950008392334
2020-06-05,23.822290420532227,23.399040861540595,37.53259794241048,87.5,87.5,24.764999389648438
2020-06-08,24.716888427734375,24.05796429565252,40.41414571062299,94.64285714285714,94.64285714285714,25.69499969482422
2020-06-09,24.178205490112305,24.048344211202643,39.47122399444184,91.86507936507937,91.86507936507937,25.135000228881836
2020-06-10,23.759769439697266,24.312880363378948,36.54534870462956,85.11904761904762,85.11904761904762,24.700000762939453
2020-06-11,19.609018325805664,22.009041834702998,12.484568854256057,47.22222222222222,47.22222222222222,20.385000228881836
2020-06-12,20.325658798217773,21.13368327384832,2.6085680907615876,35.51587301587302,35.51587301587302,21.1299991607666
2020-06-15,20.89801597595215,19.0607222302945,-0.9030026545688374,33.92857142857143,33.92857142857143,21.725000381469727
2020-06-16,22.09561538696289,22.629488858856355,0.8609094977701931,34.72222222222222,34.72222222222222,22.969999313354492
2020-06-17,21.80704116821289,22.340914766034135,-0.2709737791533183,34.523809523809526,34.523809523809526,22.670000076293945
2020-06-18,21.83589744567871,21.484790002919773,-1.0842708423230385,33.92857142857143,33.92857142857143,22.700000762939453
2020-06-19,21.45112419128418,22.63430422506002,-3.7651553131424724,32.53968253968254,32.53968253968254,22.299999237060547
2020-06-22,21.908044815063477,21.32607522971067,-2.46557429748604,33.13492063492063,33.13492063492063,22.774999618530273
2020-06-23,22.18700408935547,22.490011921877038,0.03630828890310285,35.317460317460316,35.317460317460316,23.065000534057617
2020-06-24,20.508424758911133,21.710841799979963,-11.081427617538388,28.76984126984127,28.76984126984127,21.31999969482422
2020-06-25,21.13368034362793,20.359325343695343,-12.182590150166808,28.174603174603174,28.174603174603174,21.969999313354492
2020-06-26,19.62344741821289,20.89801032443061,-22.06534762285226,21.428571428571427,21.428571428571427,20.399999618530273
2020-06-29,20.498809814453125,19.892792296693017,-22.160968930742538,21.428571428571427,21.428571428571427,21.309999465942383
2020-06-30,21.335695266723633,20.417048419492435,-16.41337495344434,25.198412698412696,25.198412698412696,22.18000030517578
2020-07-01,21.730087280273438,21.53289090114585,-10.586690730331448,29.166666666666668,29.166666666666668,22.59000015258789
2020-07-02,22.07638168334961,22.518870355472384,-5.3256982246114974,31.746031746031743,31.746031746031743,22.950000762939453
2020-07-06,23.105648040771484,22.97578677039174,4.733171628929218,39.682539682539684,39.682539682539684,24.020000457763672
2020-07-07,22.374582290649414,22.730496799138052,4.316602613513912,39.285714285714285,39.285714285714285,23.260000228881836
2020-07-08,22.894023895263672,22.56696625378192,8.599402860865753,43.05555555555556,43.05555555555556,23.799999237060547
2020-07-09,22.50444221496582,23.04793350359659,7.563962395281605,42.06349206349206,42.06349206349206,23.395000457763672
2020-07-10,23.19703483581543,22.47077557811102,17.927000514285922,55.952380952380956,55.952380952380956,24.114999771118164
2020-07-13,22.59101676940918,23.75495583255074,12.956315371025596,49.60317460317461,49.60317460317461,23.485000610351562
2020-07-14,23.456754684448242,22.244717940801873,17.35350861614594,55.35714285714286,55.35714285714286,24.385000228881836
2020-07-15,24.11087417602539,24.23111591581343,23.65287477742173,63.69047619047619,63.69047619047619,25.065000534057617
2020-07-16,23.87038803100586,23.658761418374073,24.892226980941043,66.07142857142857,66.07142857142857,24.815000534057617
2020-07-17,24.07720375061035,24.110871286937318,26.925756439935576,70.03968253968253,70.03968253968253,25.030000686645508
2020-07-20,24.65436363220215,24.02429813816369,30.05247785319814,76.19047619047619,76.19047619047619,25.6299991607666
2020-07-21,24.803462982177734,25.140140180428862,30.890278282195734,76.78571428571429,76.78571428571429,25.78499984741211
2020-07-22,25.24114418029785,24.73612927246581,33.45852223321896,79.96031746031747,79.96031746031747,26.239999771118164
2020-07-23,24.327308654785156,25.140142121170484,27.85539480432046,70.83333333333334,70.83333333333334,25.290000915527344
2020-07-24,23.875200271606445,23.870391409158415,20.833675657900027,60.317460317460316,60.317460317460316,24.81999969482422
2020-07-27,24.370594024658203,24.0242990746945,21.10267674249007,60.71428571428571,60.71428571428571,25.334999084472656
2020-07-28,23.923294067382812,24.20225391128294,16.977603410924576,55.35714285714286,55.35714285714286,24.8700008392334
2020-07-29,24.79384422302246,24.139728921852285,21.288375585955084,61.50793650793651,61.50793650793651,25.774999618530273
2020-07-30,24.529312133789062,24.05796478746582,20.306162999998353,59.72222222222222,59.72222222222222,25.5
2020-07-31,25.111286163330078,24.98142485557246,24.73770497400542,65.87301587301587,65.87301587301587,26.104999542236328
2020-08-03,25.621103286743164,25.534529110454006,28.560959628775155,73.21428571428571,73.21428571428571,26.635000228881836
2020-08-04,25.909687042236328,25.423911268280996,32.0714686853009,78.17460317460318,78.17460317460318,26.934999465942383
2020-08-05,26.4002742767334,26.280032545223595,34.268042385803156,81.34920634920636,81.34920634920636,27.44499969482422
2020-08-06,26.9389591217041,26.260795768922126,36.75557117930881,85.31746031746032,85.31746031746032,28.0049991607666
2020-08-07,26.991863250732422,26.6888554097445,38.15121212818655,89.28571428571429,89.28571428571429,28.059999465942383
2020-08-10,27.232349395751953,27.12653790971293,39.032935410439954,90.87301587301587,90.87301587301587,28.309999465942383
2020-08-11,26.583040237426758,27.564213133621898,32.73423283689128,77.97619047619048,77.97619047619048,27.635000228881836
2020-08-12,27.660404205322266,27.1938675836686,34.61293551362613,80.95238095238095,80.95238095238095,28.7549991607666
2020-08-13,27.540163040161133,27.472827969789833,34.614445967805786,80.95238095238095,80.95238095238095,28.6299991607666
2020-08-14,27.520925521850586,27.41992108242151,34.36609560577946,80.35714285714286,80.35714285714286,28.610000610351562
2020-08-17,27.790264129638672,27.785455268404146,36.0052870819462,83.13492063492063,83.13492063492063,28.889999389648438
2020-08-18,27.948986053466797,27.896079402420558,37.38628802125835,86.30952380952381,86.30952380952381,29.05500030517578
2020-08-19,27.626741409301758,28.08366038638829,33.870691433952274,78.37301587301587,78.37301587301587,28.719999313354492
2020-08-20,27.87683868408203,27.150579534883864,33.9273823002816,78.57142857142857,78.57142857142857,28.979999542236328
2020-08-21,28.16542625427246,27.785461909919807,36.27899595161554,82.93650793650794,82.93650793650794,29.280000686645508
2020-08-24,29.02635383605957,28.829157465809164,39.082523146844956,90.87301587301587,90.87301587301587,30.174999237060547
2020-08-25,29.319740295410156,29.18987901883266,40.898818799282836,95.43650793650794,95.43650793650794,30.479999542236328
2020-08-26,30.21434211730957,29.488082866991135,42.40554548230752,98.01587301587301,98.01587301587301,31.40999984741211
2020-08-27,30.401914596557617,30.46444080170783,42.2221384415974,97.61904761904762,97.61904761904762,31.604999542236328
2020-08-28,30.99831771850586,30.709738289303395,43.340834591236955,99.8015873015873,99.8015873015873,32.224998474121094
2020-08-31,30.647212982177734,30.935792402659544,41.39208884636159,95.23809523809523,95.23809523809523,31.860000610351562
2020-09-01,31.522563934326172,30.89249861211469,42.78814174722761,98.80952380952381,98.80952380952381,32.77000045776367
2020-09-02,32.88370895385742,32.09492351510886,42.915922266357725,98.80952380952381,98.80952380952381,34.185001373291016
2020-09-03,29.47365379333496,32.38831230489469,21.01325604559427,57.936507936507944,57.936507936507944,30.639999389648438
2020-09-04,28.78106117248535,29.67565995608969,2.9593611990496633,36.11111111111111,36.11111111111111,29.920000076293945
2020-09-08,26.414705276489258,27.270827736054965,-18.774294724638942,23.214285714285715,23.214285714285715,27.459999084472656
2020-09-09,27.939369201660156,27.434354289134127,-22.739566929040457,19.841269841269842,19.841269841269842,29.045000076293945
2020-09-10,26.491653442382812,28.44918826158277,-30.96769740749062,11.904761904761903,11.904761904761903,27.540000915527344
2020-09-11,26.52532958984375,26.94377034727921,-33.65124960774387,9.325396825396826,9.325396825396826,27.575000762939453
2020-09-14,27.58344841003418,27.357395235730042,-30.421489223675646,13.293650793650794,13.293650793650794,28.674999237060547
2020-09-15,27.997085571289062,28.242379741949744,-26.358356760988794,17.857142857142858,17.857142857142858,29.104999542236328
2020-09-16,27.67483901977539,28.348191655655356,-26.080560640574102,18.055555555555554,18.055555555555554,28.770000457763672
2020-09-17,26.953386306762695,26.361797222583164,-29.404455996150446,14.880952380952381,14.880952380952381,28.020000457763672
2020-09-18,26.010690689086914,27.155390583752652,-33.40321798015446,9.722222222222223,9.722222222222223,27.040000915527344
2020-09-21,25.14975929260254,24.846749636076108,-34.80180584512167,8.134920634920634,8.134920634920634,26.145000457763672
2020-09-22,25.895254135131836,25.49605078656437,-32.98087015668239,10.317460317460316,10.317460317460316,26.920000076293945
2020-09-23,24.09644317626953,26.044360768538727,-37.40827770191474,6.746031746031746,6.746031746031746,25.049999237060547
2020-09-24,24.29363441467285,23.769380482800933,-38.06572572138429,5.952380952380952,5.952380952380952,25.2549991607666
2020-09-25,25.447959899902344,24.077204899082517,-34.617850600231286,8.73015873015873,8.73015873015873,26.454999923706055
2020-09-28,26.741758346557617,26.501274901589497,-27.540859960969723,17.857142857142858,17.857142857142858,27.799999237060547
2020-09-29,26.3040828704834,26.688857913425164,-25.77223082671817,20.238095238095237,20.238095238095237,27.344999313354492
2020-09-30,26.890859603881836,26.47722777173496,-21.797308980996156,23.61111111111111,23.61111111111111,27.954999923706055
2020-10-01,27.391063690185547,27.564212057429508,-17.431131488965654,26.984126984126984,26.984126984126984,28.475000381469727
2020-10-02,26.63594627380371,26.106881606036918,-18.553750235161257,26.58730158730159,26.58730158730159,27.690000534057617
2020-10-05,28.021127700805664,27.160198439022746,-7.596625424200185,33.53174603174603,33.53174603174603,29.1299991607666
2020-10-06,26.84757423400879,28.078850251284866,-5.450300058005657,34.72222222222222,34.72222222222222,27.90999984741211
2020-10-07,28.24237632751465,27.60750018040234,5.462951754333691,42.857142857142854,42.857142857142854,29.360000610351562
2020-10-08,28.96864128112793,28.757016468273942,15.18975594927318,51.587301587301596,51.587301587301596,30.114999771118164
2020-10-09,29.757421493530273,29.44479411038199,21.20393618639497,58.92857142857143,58.92857142857143,30.934999465942383
2020-10-12,31.190706253051758,30.512542920865574,25.684537116429535,64.68253968253968,64.68253968253968,32.42499923706055
2020-10-13,30.59430503845215,31.161846131607547,24.796714109153523,63.29365079365079,63.29365079365079,31.80500030517578
2020-10-14,30.041194915771484,30.753025773524843,21.26182362737077,58.730158730158735,58.730158730158735,31.229999542236328
2020-10-15,29.89690589904785,28.90611330959525,18.454869125154808,54.36507936507936,54.36507936507936,31.079999923706055
2020-10-16,29.834379196166992,30.272059045440315,16.688615038680375,52.38095238095239,52.38095238095239,31.014999389648438
2020-10-19,28.482860565185547,30.19510156457239,7.307399142206061,42.06349206349206,42.06349206349206,29.610000610351562
2020-10-20,28.800294876098633,28.838771269209847,3.9514973421698816,39.48412698412698,39.48412698412698,29.940000534057617
2020-10-21,28.646387100219727,28.79548565392765,1.3599748518697952,37.10317460317461,37.10317460317461,29.780000686645508
2020-10-22,29.14659881591797,28.708918929071206,2.8905146548590017,37.89682539682539,37.89682539682539,30.299999237060547
2020-10-23,29.40631675720215,29.46403227301432,5.13653579835101,40.67460317460318,40.67460317460318,30.56999969482422
2020-10-26,27.795074462890625,28.487666060429124,-8.79227661697981,30.952380952380953,30.952380952380953,28.895000457763672
2020-10-27,27.506498336791992,27.881653793508043,-17.644046129311917,24.6031746031746,24.6031746031746,28.594999313354492
2020-10-28,24.68321990966797,26.020307236753705,-30.038643523348092,13.095238095238097,13.095238095238097,25.65999984741211
2020-10-29,25.419097900390625,24.736125837629434,-32.574211133801285,9.523809523809524,9.523809523809524,26.424999237060547
2020-10-30,24.61107635498047,25.019899336817367,-35.15940751995068,6.15079365079365,6.15079365079365,25.584999084472656
2020-11-02,25.45757484436035,25.45276414853147,-33.21219822810763,8.73015873015873,8.73015873015873,26.46500015258789
2020-11-03,26.789859771728516,26.255986157894796,-26.781238789554546,16.666666666666664,16.666666666666664,27.850000381469727
2020-11-04,28.574243545532227,27.963415360440802,-13.685976740391117,27.976190476190478,27.976190476190478,29.704999923706055
2020-11-05,30.248010635375977,30.021955585917542,2.536821034485017,37.301587301587304,37.301587301587304,31.44499969482422
2020-11-06,30.25762939453125,30.18067475937119,11.214821136448137,46.03174603174603,46.03174603174603,31.454999923706055
2020-11-09,31.397518157958984,33.84564154912551,15.26670466732969,50.79365079365079,50.79365079365079,32.63999938964844
2020-11-10,31.25803565979004,31.084887294106085,16.804756242605546,52.57936507936508,52.57936507936508,32.494998931884766
2020-11-11,31.92658042907715,31.854438332088247,20.35060473838528,56.547619047619044,56.547619047619044,33.189998626708984
2020-11-12,31.003128051757812,31.642814953137144,17.587340891819377,53.37301587301587,53.37301587301587,32.22999954223633
2020-11-13,32.28730773925781,31.54661824852737,21.307690709791004,59.12698412698413,59.12698412698413,33.564998626708984
2020-11-16,33.460872650146484,33.07609759837099,27.47873531076333,67.65873015873017,67.65873015873017,34.78499984741211
2020-11-17,32.97028732299805,32.77789980074064,28.543929360850374,69.84126984126983,69.84126984126983,34.275001525878906
2020-11-18,31.753435134887695,33.03280893128465,23.012746786489853,59.92063492063492,59.92063492063492,33.0099983215332
2020-11-19,32.162254333496094,31.565852802046876,22.03988780742864,58.92857142857143,58.92857142857143,33.435001373291016
2020-11-20,31.50333595275879,32.08049483829709,18.10350130270277,52.57936507936508,52.57936507936508,32.75
2020-11-23,32.075679779052734,31.998723323191076,18.601160138494503,53.37301587301587,53.37301587301587,33.345001220703125
2020-11-24,33.60995864868164,32.79712725227768,25.28618173172479,63.29365079365079,63.29365079365079,34.939998626708984
2020-11-25,33.45124053955078,33.58591064891181,27.90069678905774,67.85714285714286,67.85714285714286,34.775001525878906
2020-11-27,33.710968017578125,33.77830675902192,30.46285523239916,72.42063492063492,72.42063492063492,35.04499816894531
2020-11-30,33.273284912109375,33.480100792469194,29.37462184930868,71.42857142857143,71.42857142857143,34.59000015258789
2020-12-01,34.365089416503906,34.24484767093253,31.511151926749363,73.21428571428571,73.21428571428571,35.724998474121094
2020-12-02,34.56227493286133,34.01878376372287,33.13304906231736,75.59523809523809,75.59523809523809,35.93000030517578
2020-12-03,34.543033599853516,34.53822290465235,33.17128064144116,75.79365079365078,75.79365079365078,35.90999984741211
2020-12-04,35.4232177734375,34.73062416828609,35.93463971537561,80.95238095238095,80.95238095238095,36.82500076293945
2020-12-07,35.245262145996094,35.2164052994352,35.974202712405905,80.95238095238095,80.95238095238095,36.63999938964844
2020-12-08,35.5338249206543,34.82199613044334,36.64139151570703,82.93650793650794,82.93650793650794,36.939998626708984
2020-12-09,34.586334228515625,35.72622352164033,28.794703137695233,68.84920634920636,68.84920634920636,35.95500183105469
2020-12-10,34.51899719238281,34.14865424681544,23.79711922136667,58.53174603174603,58.53174603174603,35.8849983215332
2020-12-11,34.38913345336914,33.9995514374337,20.2662132904882,52.77777777777778,52.77777777777778,35.75
2020-12-14,33.941837310791016,35.072108902602785,13.048787861493782,44.047619047619044,44.047619047619044,35.28499984741211
2020-12-15,35.30778884887695,34.72100852811542,20.285969110277254,52.77777777777778,52.77777777777778,36.70500183105469
2020-12-16,35.48092269897461,35.39915921563734,25.787601302963225,62.5,62.5,36.8849983215332
2020-12-17,36.07733154296875,35.98594664925634,31.158970953487547,71.82539682539682,71.82539682539682,37.505001068115234
2020-12-18,35.658897399902344,36.17353200537539,29.62115015418639,70.03968253968253,70.03968253968253,37.06999969482422
2020-12-21,35.302974700927734,34.427615002748134,25.49779143179392,60.71428571428571,60.71428571428571,36.70000076293945
2020-12-22,35.06731033325195,35.360696865825155,20.98752619837224,53.37301587301587,53.37301587301587,36.45500183105469
2020-12-23,35.17170715332031,35.36416593338547,18.012004123954714,48.41269841269841,48.41269841269841,36.54999923706055
2020-12-24,35.58067321777344,35.32085813397931,20.669158343664744,52.57936507936508,52.57936507936508,36.974998474121094
2020-12-28,36.485233306884766,36.37456832025078,28.34253173410882,67.06349206349206,67.06349206349206,37.915000915527344
2020-12-29,36.268707275390625,36.97599098341346,28.115353000244475,65.87301587301587,65.87301587301587,37.689998626708984
2020-12-30,36.413055419921875,36.528529197390995,28.13974634541325,65.87301587301587,65.87301587301587,37.84000015258789
2020-12-31,36.98081588745117,36.37938446028191,32.493098227309844,73.4126984126984,73.4126984126984,38.43000030517578
2021-01-04,35.465206146240234,37.4042203811077,15.38587264080576,43.84920634920635,43.84920634920635,36.85499954223633
2021-01-05,36.16767883300781,35.25831482363598,13.513930917246167,41.66666666666667,41.66666666666667,37.584999084472656
2021-01-06,36.84608840942383,35.71058581010102,17.26846914842669,46.230158730158735,46.230158730158735,38.290000915527344
2021-01-07,38.46754837036133,37.59186445582638,27.716448293808554,64.28571428571429,64.28571428571429,39.974998474121094
2021-01-08,39.1267204284668,38.92464036208139,34.59188496121784,77.77777777777779,77.77777777777779,40.65999984741211
2021-01-11,38.34726333618164,38.07301077362305,32.51506686928089,73.21428571428571,73.21428571428571,39.849998474121094
2021-01-12,38.37614440917969,38.40501194818576,31.67322165170591,71.82539682539682,71.82539682539682,39.880001068115234
2021-01-13,38.65519714355469,38.34245575251655,33.088798412075846,74.40476190476191,74.40476190476191,40.16999816894531
2021-01-14,38.25584411621094,38.9102016806645,29.725596588282787,69.24603174603175,69.24603174603175,39.755001068115234
2021-01-15,37.40903091430664,37.721775958370316,20.522261159461998,50.198412698412696,50.198412698412696,38.875
2021-01-19,38.29433822631836,38.19329819191664,22.212140667198074,53.769841269841265,53.769841269841265,39.79499816894531
2021-01-20,39.867679595947266,39.03529703468615,30.14830912209796,69.84126984126983,69.84126984126983,41.43000030517578
2021-01-21,39.959102630615234,40.050517704829375,34.61509738501389,78.17460317460318,78.17460317460318,41.525001525878906
2021-01-22,39.55493927001953,39.36248049079247,33.46459327495292,75.1984126984127,75.1984126984127,41.10499954223633
2021-01-25,40.031272888183594,39.800325284108176,35.919159072816036,80.35714285714286,80.35714285714286,41.599998474121094
2021-01-26,39.8436279296875,40.31996426202546,34.647224387557216,77.97619047619048,77.97619047619048,41.404998779296875
2021-01-27,36.90864562988281,38.72256498037294,10.621443449328433,36.30952380952381,36.30952380952381,38.35499954223633
2021-01-28,37.83725357055664,37.47158223579183,3.8021326895997505,30.952380952380953,30.952380952380953,39.31999969482422
2021-01-29,35.60955047607422,37.24063209876278,-12.900177298490833,22.023809523809522,22.023809523809522,37.005001068115234
2021-02-01,37.3079833984375,36.62475838570456,-11.731189953513937,22.61904761904762,22.61904761904762,38.77000045776367
2021-02-02,38.905391693115234,38.36169907099642,-1.0374769690366321,27.579365079365083,27.579365079365083,40.43000030517578
2021-02-03,39.02567672729492,39.19888924530119,4.7318678807087835,32.34126984126984,32.34126984126984,40.55500030517578
2021-02-04,40.33439636230469,39.3624811625032,16.86930116022653,45.83333333333333,45.83333333333333,41.915000915527344
2021-02-05,40.80110549926758,40.99356060047272,23.671105123683116,56.74603174603175,56.74603174603175,42.400001525878906
2021-02-08,41.72490310668945,41.301493074956205,29.99864970426386,69.64285714285714,69.64285714285714,43.36000061035156
2021-02-09,41.60942840576172,41.42659092482447,32.08061639745477,72.81746031746032,72.81746031746032,43.2400016784668
2021-02-10,41.580570220947266,42.201248013005426,31.47650307309292,71.23015873015873,71.23015873015873,43.209999084472656
2021-02-11,41.7537727355957,41.94623151688603,32.30508579154466,73.01587301587301,73.01587301587301,43.38999938964844
2021-02-12,42.38406753540039,41.46026988023554,35.66867800932045,80.75396825396825,80.75396825396825,44.04499816894531
2021-02-16,42.258968353271484,42.79784843099352,35.339122021705236,79.56349206349206,79.56349206349206,43.915000915527344
2021-02-17,42.297462463378906,41.643104911676154,35.347853618901404,79.76190476190477,79.76190476190477,43.95500183105469
2021-02-18,41.76339340209961,41.37847587907234,31.067974881688475,70.63492063492063,70.63492063492063,43.400001525878906
2021-02-19,41.532447814941406,42.18199301159236,26.910076158188446,62.5,62.5,43.15999984741211
2021-02-22,40.58940505981445,40.5557250462212,17.20462161150571,46.230158730158735,46.230158730158735,42.18000030517578
2021-02-23,40.71450424194336,39.81957396207836,12.57782736609379,39.88095238095239,39.88095238095239,42.310001373291016
2021-02-24,42.0568962097168,40.31996205314744,19.434250671868565,49.801587301587304,49.801587301587304,43.70500183105469
2021-02-25,39.04011154174805,41.61904946713653,3.4832044835766385,30.952380952380953,30.952380952380953,40.56999969482422
2021-02-26,38.36650466918945,39.62229352404643,-7.922718492484152,24.206349206349206,24.206349206349206,39.869998931884766
2021-03-01,41.147518157958984,39.963901916492404,0.5326911586303362,28.968253968253972,28.968253968253972,42.7599983215332
2021-03-02,40.20930099487305,41.267818881706916,-1.242490075691169,27.579365079365083,27.579365079365083,41.78499984741211
2021-03-03,38.62632369995117,39.98315258264087,-16.345845314352534,20.03968253968254,20.03968253968254,40.13999938964844
2021-03-04,37.16364669799805,38.5541557508822,-24.43017705142788,13.492063492063492,13.492063492063492,38.619998931884766
2021-03-05,39.22294616699219,38.279902230002975,-19.513050678948098,17.857142857142858,17.857142857142858,40.7599983215332
2021-03-08,38.64557647705078,39.53569422836697,-19.677784618986408,17.857142857142858,17.857142857142858,40.15999984741211
2021-03-09,40.28146743774414,39.877303654151106,-10.639616668617116,24.00793650793651,24.00793650793651,41.86000061035156
2021-03-10,41.01762390136719,41.09460888711785,-1.9914561671431352,27.976190476190478,27.976190476190478,42.625
2021-03-11,42.28302764892578,41.88368002860164,9.690883547546912,38.095238095238095,38.095238095238095,43.939998626708984
2021-03-12,42.45625305175781,41.81633270100904,16.853255434721774,47.42063492063492,47.42063492063492,44.119998931884766
2021-03-15,43.22126388549805,42.53803874550153,23.64536184587535,58.53174603174603,58.53174603174603,44.915000915527344
2021-03-16,43.06729507446289,43.41852891035503,24.977636933155615,61.111111111111114,61.111111111111114,44.755001068115234
2021-03-17,43.461849212646484,42.600598816275934,27.67226607971307,66.07142857142857,66.07142857142857,45.165000915527344
2021-03-18,41.57093811035156,42.57172081707748,17.03683696164297,48.01587301587302,48.01587301587302,43.20000076293945
2021-03-19,41.349609375,41.479516931506865,9.804593010126847,38.2936507936508,38.2936507936508,42.970001220703125
2021-03-22,42.297462463378906,41.498759930536146,11.565874885016443,40.67460317460318,40.67460317460318,43.95500183105469
2021-03-23,41.34401321411133,42.11409885883267,6.280531125604516,35.51587301587302,35.51587301587302,42.95000076293945
2021-03-24,40.694244384765625,41.81086923569513,-0.6666069448176117,29.563492063492063,29.563492063492063,42.275001525878906
2021-03-25,41.3632698059082,40.21295345983426,-0.052524187761353425,30.158730158730158,30.158730158730158,42.970001220703125
2021-03-26,43.38954544067383,41.7771781798997,12.300176389400438,41.46825396825397,41.46825396825397,45.07500076293945
2021-03-29,43.307716369628906,42.850475568748564,17.88226123902488,50.0,50.0,44.9900016784668
2021-03-30,42.94674301147461,42.879357095970505,18.725101133252874,51.587301587301596,51.587301587301596,44.6150016784668
2021-03-31,43.48099899291992,43.15852621352984,21.264319121134463,56.74603174603175,56.74603174603175,45.16999816894531
2021-04-01,44.83346176147461,44.145196995497294,27.393794665821154,66.07142857142857,66.07142857142857,46.57500076293945
2021-04-05,46.77791976928711,45.8345647161106,33.94271394630943,79.56349206349206,79.56349206349206,48.595001220703125
2021-04-06,46.705726623535156,46.60946364910786,36.42228007770179,85.51587301587301,85.51587301587301,48.52000045776367
2021-04-07,46.893436431884766,46.67203709124145,38.404110687494516,89.88095238095238,89.88095238095238,48.71500015258789
2021-04-08,47.5335807800293,47.3362443910922,40.50735616263801,94.84126984126983,94.84126984126983,49.380001068115234
2021-04-09,48.5683708190918,47.5239387264496,41.78269590178511,96.82539682539682,96.82539682539682,50.45500183105469
2021-04-12,48.611690521240234,48.33253339734931,42.351597353041996,97.42063492063492,97.42063492063492,50.5
2021-04-13,49.02080535888672,48.578006617148304,42.401106337932994,97.61904761904762,97.61904761904762,50.92499923706055
2021-04-14,48.549129486083984,49.04487195406252,40.612184670580945,94.64285714285714,94.64285714285714,50.435001373291016
2021-04-15,50.10373306274414,49.348086119698145,41.941317043539186,96.42857142857143,96.42857142857143,52.04999923706055
2021-04-16,50.64278793334961,50.60909681322743,42.5268936347211,98.21428571428571,98.21428571428571,52.61000061035156
2021-04-19,49.88233947753906,50.23850336089096,40.65433876183841,94.24603174603175,94.24603174603175,51.81999969482422
2021-04-20,48.79458999633789,49.37215690249144,33.4194112945829,78.37301587301587,78.37301587301587,50.689998626708984
2021-04-21,50.142250061035156,48.53469281740035,35.06608343954033,81.94444444444444,81.94444444444444,52.09000015258789
2021-04-22,48.784969329833984,50.084488543700175,27.724250448075523,67.26190476190477,67.26190476190477,50.68000030517578
2021-04-23,50.34437942504883,48.982288717261206,30.753708322160804,73.61111111111111,73.61111111111111,52.29999923706055
2021-04-26,50.666866302490234,50.604298109570536,33.405933391632466,78.76984126984127,78.76984126984127,52.6349983215332
2021-04-27,50.613914489746094,50.77274196904712,34.380618073759436,81.34920634920636,81.34920634920636,52.58000183105469
2021-04-28,50.54171371459961,50.72942190524328,33.63417840272974,79.76190476190477,79.76190476190477,52.505001068115234
2021-04-29,51.485076904296875,51.64871846177767,36.052049130474714,85.71428571428571,85.71428571428571,53.48500061035156
2021-04-30,50.51284408569336,50.65242266079294,29.640289772807826,72.22222222222221,72.22222222222221,52.474998474121094
2021-05-03,50.84013366699219,51.25886941514113,27.08186845263272,65.67460317460318,65.67460317460318,52.814998626708984
2021-05-04,49.901588439941406,50.06041960804757,16.12402013906839,46.42857142857143,46.42857142857143,51.84000015258789
2021-05-05,49.89677429199219,50.53690935849353,10.049690315675141,38.69047619047619,38.69047619047619,51.834999084472656
2021-05-06,51.100032806396484,49.96896940624947,16.55046840075657,47.023809523809526,47.023809523809526,53.084999084472656
2021-05-07,52.2310905456543,51.42249995617081,25.67620847450402,63.095238095238095,63.095238095238095,54.2599983215332
2021-05-10,50.68130111694336,52.39474179133716,13.316589359280401,43.05555555555556,43.05555555555556,52.650001525878906
2021-05-11,49.352901458740234,48.90528869291093,-4.117836606296104,26.984126984126984,26.984126984126984,51.27000045776367
2021-05-12,46.20998764038086,48.24109064956927,-23.916262839426413,14.087301587301587,14.087301587301587,48.005001068115234
2021-05-13,47.81272506713867,46.72498095608544,-26.645697036546633,12.103174603174603,12.103174603174603,49.66999816894531
2021-05-14,50.021907806396484,48.85715340494189,-16.77804265539822,19.841269841269842,19.841269841269842,51.96500015258789
2021-05-17,49.64649963378906,49.60799443924321,-13.274799915521784,22.22222222222222,22.22222222222222,51.57500076293945
2021-05-18,48.39991760253906,49.76200848125325,-18.381775706103344,18.650793650793652,18.650793650793652,50.279998779296875
2021-05-19,47.98118209838867,46.57577206220332,-22.998865985207313,14.484126984126986,14.484126984126986,49.845001220703125
2021-05-20,49.516536712646484,48.30846674312524,-17.11466219652234,19.444444444444446,19.444444444444446,51.439998626708984
2021-05-21,49.396217346191406,50.10854872540471,-14.742538059405334,20.436507936507937,20.436507936507937,51.314998626708984
2021-05-24,50.90750503540039,50.28662631937801,-4.149062864525981,26.58730158730159,26.58730158730159,52.8849983215332
2021-05-25,50.57541275024414,51.31662116841464,-0.8839325608143416,28.968253968253972,28.968253968253972,52.540000915527344
2021-05-26,50.87382888793945,50.79200809316288,2.9234950838640366,31.547619047619047,31.547619047619047,52.849998474121094
2021-05-27,50.90270233154297,51.27330472494884,5.209279434126253,34.523809523809526,34.523809523809526,52.880001068115234
2021-05-28,51.201107025146484,51.54764641705526,7.991734270435201,36.11111111111111,36.11111111111111,53.189998626708984
2021-06-01,51.051902770996094,52.139650575776294,8.792855708618372,37.10317460317461,37.10317460317461,53.03499984741211
2021-06-02,51.316619873046875,51.31180580617729,10.818515005258847,38.88888888888889,38.88888888888889,53.310001373291016
2021-06-03,50.743873596191406,50.3828956479131,6.863825141022548,34.72222222222222,34.72222222222222,52.71500015258789
2021-06-04,52.0818977355957,51.446576695964374,15.208131946287146,44.642857142857146,44.642857142857146,54.10499954223633
2021-06-07,52.00007629394531,52.11077413990945,18.906495450085917,51.78571428571429,51.78571428571429,54.02000045776367
2021-06-08,52.01450729370117,52.31772739942391,21.089449139778818,55.75396825396825,55.75396825396825,54.03499984741211
2021-06-09,51.76904296875,52.3466098147192,20.00828859329768,52.77777777777778,52.77777777777778,53.779998779296875
2021-06-10,52.48618698120117,52.264783975965294,23.778922815370425,59.72222222222222,59.72222222222222,54.525001525878906
2021-06-11,52.746089935302734,52.70758841603943,27.100889546189684,65.87301587301587,65.87301587301587,54.79499816894531
2021-06-14,53.11669158935547,52.770152240202364,30.687052753069516,73.61111111111111,73.61111111111111,55.18000030517578
2021-06-15,52.794219970703125,53.16000824928262,29.34963152012746,71.42857142857143,71.42857142857143,54.845001220703125
2021-06-16,51.927879333496094,52.87604863791938,20.10196456877856,51.98412698412699,51.98412698412699,53.94499969482422
2021-06-17,51.889373779296875,51.75460927094239,14.437003734057082,42.46031746031746,42.46031746031746,53.904998779296875
2021-06-18,49.80051040649414,50.58503436729174,-6.797189445513229,23.214285714285715,23.214285714285715,51.73500061035156
2021-06-21,51.90862274169922,50.43583404344367,-4.391842427727763,24.801587301587304,24.801587301587304,53.92499923706055
2021-06-22,52.68352127075195,51.903807677913655,4.249412805885224,32.53968253968254,32.53968253968254,54.72999954223633
2021-06-23,52.53913879394531,52.750910026277396,7.1583342399749155,34.72222222222222,34.72222222222222,54.58000183105469
2021-06-24,53.45842742919922,53.362168111894434,15.788901815453812,46.03174603174603,46.03174603174603,55.53499984741211
2021-06-25,54.01192092895508,53.771268993732185,22.242161787287287,58.53174603174603,58.53174603174603,56.11000061035156
2021-06-28,54.363277435302734,54.223702526986116,27.455606117028104,66.86507936507937,66.86507936507937,56.474998474121094
2021-06-29,54.425838470458984,54.498034780024,29.227701211144304,71.42857142857143,71.42857142857143,56.540000915527344
2021-06-30,54.575042724609375,54.26700855738302,31.029976189404362,74.8015873015873,74.8015873015873,56.69499969482422
2021-07-01,55.489524841308594,54.8782668565253,35.501288228842235,84.72222222222221,84.72222222222221,57.64500045776367
2021-07-02,56.75535583496094,55.92270213216179,38.72694445446085,91.26984126984127,91.26984126984127,58.959999084472656
2021-07-06,56.3847541809082,56.74573211590498,38.78865692404005,91.46825396825396,91.46825396825396,58.57500076293945
2021-07-07,57.015254974365234,56.72165932517979,40.382012904245066,93.84920634920636,93.84920634920636,59.22999954223633
2021-07-08,55.65316390991211,54.767566571689926,30.722970890013684,74.0079365079365,74.0079365079365,57.814998626708984
2021-07-09,57.390682220458984,56.25480459973379,34.596927731915486,82.14285714285714,82.14285714285714,59.619998931884766
2021-07-12,58.03561782836914,57.356977652318776,37.85067356588199,89.48412698412699,89.48412698412699,60.290000915527344
2021-07-13,57.44362258911133,57.713155283522866,35.092696226847444,83.33333333333334,83.33333333333334,59.67499923706055
2021-07-14,57.64094161987305,58.13668392487448,34.53452607550809,81.74603174603175,81.74603174603175,59.880001068115234
2021-07-15,57.05857849121094,57.08264148284048,28.802979145834783,70.83333333333334,70.83333333333334,59.275001525878906
2021-07-16,55.73979949951172,57.583194186034696,15.36128991543906,45.23809523809524,45.23809523809524,57.904998779296875
2021-07-19,53.28997039794922,53.72795505393708,-3.3230867849799943,25.793650793650798,25.793650793650798,55.36000061035156
2021-07-20,55.5665283203125,53.51136248517645,-3.6218739295689564,25.793650793650798,25.793650793650798,57.724998474121094
2021-07-21,56.88530731201172,56.03821144670025,2.1694386258338265,29.96031746031746,29.96031746031746,59.095001220703125
2021-07-22,57.255916595458984,56.9623208965832,8.042931850974758,36.507936507936506,36.507936507936506,59.47999954223633
2021-07-23,58.98379135131836,58.02599399616699,19.259259529946814,52.57936507936508,52.57936507936508,61.275001525878906
2021-07-26,59.42658615112305,58.74313557457024,26.840000473882043,64.68253968253968,64.68253968253968,61.73500061035156
2021-07-27,58.62762451171875,58.97416389322606,24.30646182612259,60.912698412698404,60.912698412698404,60.904998779296875
2021-07-28,58.53135681152344,58.89233467015611,22.242151954455366,58.53174603174603,58.53174603174603,60.80500030517578
2021-07-29,59.258140563964844,58.95973080854415,24.5395808282127,61.50793650793651,61.50793650793651,61.560001373291016
2021-07-30,58.358097076416016,58.155950322475995,18.84813352803402,52.182539682539684,52.182539682539684,60.625
2021-08-02,57.99711990356445,59.09930627432887,13.219542229401563,43.05555555555556,43.05555555555556,60.25
2021-08-03,59.416961669921875,58.33884202227132,19.339834943480096,52.77777777777778,52.77777777777778,61.724998474121094
2021-08-04,58.56987762451172,58.86347332163048,15.85823714497627,46.42857142857143,46.42857142857143,60.845001220703125
2021-08-05,59.64316940307617,59.05116775179583,20.880042960304984,55.55555555555556,55.55555555555556,61.959999084472656
2021-08-06,59.98008728027344,59.7779368719327,24.455024860503983,61.30952380952381,61.30952380952381,62.310001373291016
2021-08-09,59.79238510131836,59.93677406805646,24.748737509432367,61.904761904761905,61.904761904761905,62.1150016784668
2021-08-10,59.97527313232422,59.96564499895786,25.687846527909997,63.69047619047619,63.69047619047619,62.30500030517578
2021-08-11,60.41325759887695,60.47582944945465,28.48445523111805,69.84126984126983,69.84126984126983,62.7599983215332
2021-08-12,60.947513580322266,60.355511819808115,32.001865941181585,76.5873015873016,76.5873015873016,63.314998626708984
2021-08-13,61.284427642822266,61.14966313576865,34.862250964548515,83.33333333333334,83.33333333333334,63.665000915527344
2021-08-16,61.74166488647461,60.759804471030655,37.32002898991006,88.09523809523809,88.09523809523809,64.13999938964844
2021-08-17,60.54802322387695,60.600966938889954,28.290209193301514,68.84920634920636,68.84920634920636,62.900001525878906
2021-08-18,58.56023406982422,60.081155882099374,6.1841855090107964,32.34126984126984,32.34126984126984,60.834999084472656
2021-08-19,58.76719665527344,57.32809923795256,-5.939362580657046,21.03174603174603,21.03174603174603,61.04999923706055
2021-08-20,60.23518371582031,58.95491358143457,-2.5867319183364246,23.61111111111111,23.61111111111111,62.57500076293945
2021-08-23,61.77534866333008,60.92343883966655,11.308228539223366,37.89682539682539,37.89682539682539,64.17500305175781
2021-08-24,62.08339309692383,62.10264202163492,20.594511535747884,52.77777777777778,52.77777777777778,64.49500274658203
2021-08-25,62.44437026977539,62.17002352318245,26.666440115047358,63.69047619047619,63.69047619047619,64.87000274658203
2021-08-26,61.371063232421875,62.3288569951363,18.75535374829642,49.60317460317461,49.60317460317461,63.755001068115234
2021-08-27,62.9497184753418,61.70796117943785,25.33196423482904,61.50793650793651,61.50793650793651,65.3949966430664
2021-08-30,63.787193298339844,63.305889488743006,30.72761974151943,73.80952380952381,73.80952380952381,66.26499938964844
2021-08-31,63.59467697143555,63.78719556446845,31.9714086417747,75.9920634920635,75.9920634920635,66.06500244140625
2021-09-01,63.700565338134766,63.96046617696475,33.433237654347614,79.56349206349206,79.56349206349206,66.17500305175781
2021-09-02,64.22999572753906,64.29256757661032,35.92390009295326,85.51587301587301,85.51587301587301,66.7249984741211
2021-09-03,64.15299987792969,63.77758338671869,36.770292486835906,87.5,87.5,66.6449966430664
2021-09-07,63.49361801147461,64.008616777821,30.31776894256505,72.22222222222221,72.22222222222221,65.95999908447266
2021-09-08,63.2625732421875,63.22406805653169,24.326889074688797,57.936507936507944,57.936507936507944,65.72000122070312
2021-09-09,62.4058723449707,63.12782827489184,13.256667977590245,39.285714285714285,39.285714285714285,64.83000183105469
2021-09-10,60.95713806152344,63.286650785546875,-1.5582956156246563,22.817460317460316,22.817460317460316,63.32500076293945
2021-09-13,61.371063232421875,62.242225815607796,-7.20632189875316,18.849206349206348,18.849206349206348,63.755001068115234
2021-09-14,60.41807174682617,62.01118631642433,-15.021212427924416,14.880952380952381,14.880952380952381,62.76499938964844
2021-09-15,61.93418884277344,60.57210145323505,-10.870317780005351,17.658730158730158,17.658730158730158,64.33999633789062
2021-09-16,61.587650299072266,61.669474757745924,-10.937252812982301,17.658730158730158,17.658730158730158,63.97999954223633
2021-09-17,59.835697174072266,61.226665069316375,-19.179825160648384,13.095238095238097,13.095238095238097,62.15999984741211
2021-09-20,56.85161590576172,57.1452115677631,-27.63846311908646,8.531746031746032,8.531746031746032,59.060001373291016
2021-09-21,56.68796920776367,57.7901555104518,-32.326826605325365,6.349206349206349,6.349206349206349,58.88999938964844
2021-09-22,58.29071044921875,57.60725985317163,-30.282272460499122,7.936507936507936,7.936507936507936,60.55500030517578
2021-09-23,60.41325759887695,59.07523348423479,-22.115205663621957,12.3015873015873,12.3015873015873,62.7599983215332
2021-09-24,60.71648406982422,59.70093260810308,-16.50024587643621,15.476190476190476,15.476190476190476,63.07500076293945
2021-09-27,60.1966667175293,60.239985969429355,-15.782433913018995,16.071428571428573,16.071428571428573,62.53499984741211
2021-09-28,56.562828063964844,58.940470309628694,-26.31019278301421,9.920634920634921,9.920634920634921,58.7599983215332
2021-09-29,56.78905487060547,57.08265058854382,-31.037776396553586,6.944444444444445,6.944444444444445,58.994998931884766
2021-09-30,54.729061126708984,57.39548493454562,-38.187013586679974,2.976190476190476,2.976190476190476,56.85499954223633
2021-10-01,56.678340911865234,55.417323536126645,-35.779102807105915,3.7698412698412698,3.7698412698412698,58.880001068115234
2021-10-04,54.464351654052734,56.17779238084676,-38.78106129816039,2.7777777777777777,2.7777777777777777,56.58000183105469
2021-10-05,56.120033264160156,55.07079062913991,-36.17510541757743,3.968253968253968,3.968253968253968,58.29999923706055
2021-10-06,56.85161590576172,54.65205731027978,-32.66776321588381,6.746031746031746,6.746031746031746,59.060001373291016
2021-10-07,58.29552459716797,58.21851421730817,-26.276571968223344,11.30952380952381,11.30952380952381,60.560001373291016
2021-10-08,57.9586067199707,58.656499481432945,-23.420688140774505,12.896825396825399,12.896825396825399,60.209999084472656
2021-10-11,56.72647476196289,57.70833510346775,-24.80846791294593,12.3015873015873,12.3015873015873,58.93000030517578
2021-10-12,56.33180618286133,57.11633018012623,-26.55813021908719,10.912698412698413,10.912698412698413,58.52000045776367
2021-10-13,56.89011764526367,56.71684795318208,-25.378091185124024,12.3015873015873,12.3015873015873,59.099998474121094
2021-10-14,59.75868606567383,58.449539043669894,-12.893241560482954,19.444444444444446,19.444444444444446,62.08000183105469
2021-10-15,61.135231018066406,60.71649889808921,2.5579492968386006,29.166666666666668,29.166666666666668,63.5099983215332
2021-10-18,61.70797348022461,60.331440422197815,12.686027049512816,40.476190476190474,40.476190476190474,64.1050033569336
2021-10-19,63.11337661743164,62.3817927042482,21.8159982332374,56.74603174603175,56.74603174603175,65.56500244140625
2021-10-20,63.820899963378906,63.296273131791054,27.93477419406136,67.26190476190477,67.26190476190477,66.30000305175781
2021-10-21,64.33587646484375,63.56097707234892,32.72544965928534,76.98412698412699,76.98412698412699,66.83499908447266
2021-10-22,64.11929321289062,64.13854213359772,32.85597126551624,77.38095238095238,77.38095238095238,66.61000061035156
2021-10-25,65.09154510498047,64.60542344315479,36.135910309609045,86.11111111111111,86.11111111111111,67.62000274658203
2021-10-26,65.34181213378906,65.84718267683523,36.597391266650064,86.90476190476191,86.90476190476191,67.87999725341797
2021-10-27,64.451416015625,65.5343499419138,30.790724935958952,72.42063492063492,72.42063492063492,66.95500183105469
2021-10-28,66.28999328613281,65.10598964059675,35.62484313310997,84.32539682539682,84.32539682539682,68.86499786376953
2021-10-29,66.71353149414062,65.24074278771022,38.87136263113644,91.86507936507937,91.86507936507937,69.30500030517578
2021-11-01,67.07451629638672,67.17559335357632,40.46195881539008,94.24603174603175,94.24603174603175,69.68000030517578
2021-11-02,67.86383819580078,67.12263354904378,41.84618060265258,96.42857142857143,96.42857142857143,70.5
2021-11-03,69.12968444824219,67.59913416218522,42.8125072109103,98.61111111111111,98.61111111111111,71.81500244140625
2021-11-04,70.0585708618164,69.39436935389007,43.59231478596339,99.8015873015873,99.8015873015873,72.77999877929688
2021-11-05,70.81905364990234,71.16078264113332,42.94665706946474,98.61111111111111,98.61111111111111,73.56999969482422
2021-11-08,71.01637268066406,71.35809424441237,42.85828908140705,98.21428571428571,98.21428571428571,73.7750015258789
2021-11-09,70.2848129272461,71.18484893412868,41.31673960534006,94.64285714285714,94.64285714285714,73.01499938964844
2021-11-10,68.60504913330078,69.471397552148,32.30970866286027,75.1984126984127,75.1984126984127,71.2699966430664
2021-11-11,68.68206024169922,69.26925154602469,27.02445379015807,63.888888888888886,63.888888888888886,71.3499984741211
2021-11-12,70.20777893066406,69.24998912380941,30.62853533506278,71.82539682539682,71.82539682539682,72.93499755859375
2021-11-15,70.23668670654297,70.82387815326979,32.70191090630977,76.38888888888889,76.38888888888889,72.96499633789062
2021-11-16,71.07893371582031,70.13558248594231,35.845767085245974,84.72222222222221,84.72222222222221,73.83999633789062
2021-11-17,70.53990936279297,70.96345921068098,34.04136868725362,80.35714285714286,80.35714285714286,73.27999877929688
2021-11-18,71.2474136352539,71.0548950185586,36.4060467223021,86.90476190476191,86.90476190476191,74.01499938964844
2021-11-19,70.90568542480469,71.20890185082338,34.97725477464847,82.73809523809523,82.73809523809523,73.66000366210938
2021-11-22,70.2751693725586,71.76240378451297,25.629283706576757,61.30952380952381,61.30952380952381,73.00499725341797
2021-11-23,70.6072769165039,70.1067241184613,22.402697618943087,57.14285714285714,57.14285714285714,73.3499984741211
2021-11-24,71.08379364013672,69.6158148741471,23.84572562113478,58.53174603174603,58.53174603174603,73.84500122070312
2021-11-26,66.45362854003906,67.88309427055582,-5.054659552319175,23.41269841269841,23.41269841269841,69.03500366210938
2021-11-29,68.80720520019531,68.55210738986466,-9.96174261780026,21.03174603174603,21.03174603174603,71.4800033569336
2021-11-30,64.9038314819336,67.61838508501576,-26.682269149827942,10.714285714285714,10.714285714285714,67.42500305175781
2021-12-01,62.60801315307617,67.33441370459238,-35.849737047588874,4.166666666666666,4.166666666666666,65.04000091552734
2021-12-02,65.43325805664062,62.67538900537281,-32.97227871483229,6.944444444444445,6.944444444444445,67.9749984741211
2021-12-03,63.71018981933594,66.23222469837552,-34.992673454794605,4.761904761904762,4.761904761904762,66.18499755859375
2021-12-06,65.98675537109375,64.87975513788793,-29.766654565356326,10.119047619047619,10.119047619047619,68.55000305175781
2021-12-07,70.07304382324219,68.45586217657977,-14.407098278250372,19.444444444444446,19.444444444444446,72.79499816894531
2021-12-08,70.68911743164062,70.30889049604978,-3.469665637512172,26.38888888888889,26.38888888888889,73.43499755859375
2021-12-09,69.23074340820312,70.03451994929003,-3.391928656363023,26.58730158730159,26.58730158730159,71.91999816894531
2021-12-10,71.22816467285156,70.50139110537224,4.045852452999086,32.93650793650794,32.93650793650794,73.99500274658203
2021-12-13,69.32701110839844,70.93938212462223,0.6316018594081455,30.158730158730158,30.158730158730158,72.0199966430664
2021-12-14,67.87347412109375,67.69057629952206,-5.826262131435061,24.206349206349206,24.206349206349206,70.51000213623047
2021-12-15,71.01158142089844,67.85904642949276,1.020138047230048,30.753968253968257,30.753968253968257,73.7699966430664
2021-12-16,69.11042022705078,71.90679450822066,-1.9608284099744224,27.77777777777778,27.77777777777778,71.79499816894531
2021-12-17,66.93975067138672,67.642450288144,-10.219677295619196,22.22222222222222,22.22222222222222,69.54000091552734
2021-12-20,64.79312896728516,64.54285622589124,-20.42821579738787,16.071428571428573,16.071428571428573,67.30999755859375
2021-12-21,68.22482299804688,66.32848459115577,-15.833317877708392,18.849206349206348,18.849206349206348,70.875
2021-12-22,70.26075744628906,68.07564046847988,-5.014789566338048,25.793650793650798,25.793650793650798,72.98999786376953
2021-12-23,71.54682159423828,70.70418789832515,5.032711624543291,35.714285714285715,35.714285714285715,74.29499816894531
2021-12-27,74.56107330322266,72.21132588671799,15.69109800132422,47.42063492063492,47.42063492063492,77.42500305175781
2021-12-28,74.42626953125,74.80184303601297,19.27459251559113,53.769841269841265,53.769841269841265,77.28500366210938
2021-12-29,74.69587707519531,74.44549240432741,22.267560273320612,60.11904761904761,60.11904761904761,77.56500244140625
2021-12-30,74.05548858642578,74.83071211996436,21.060252962293717,57.341269841269835,57.341269841269835,76.9000015258789
2021-12-31,73.45840454101562,73.77619961695721,18.374756010544267,52.182539682539684,52.182539682539684,76.27999877929688
2022-01-03,74.74404907226562,74.11327844481589,21.049796949743904,57.53968253968254,57.53968253968254,77.61499786376953
2022-01-04,74.68144226074219,75.45666574810609,21.185603656501314,58.53174603174603,58.53174603174603,77.55000305175781
2022-01-05,70.34307861328125,74.49365759010713,5.7793912173042825,36.507936507936506,36.507936507936506,73.04499816894531
2022-01-06,70.15046691894531,70.16009907647151,-3.1527528968090563,27.976190476190478,27.976190476190478,72.84500122070312
2022-01-07,69.35598754882812,70.12158619949416,-10.105434172888048,22.817460317460316,22.817460317460316,72.0199966430664
2022-01-10,69.04300689697266,67.77183389436883,-14.522495348724066,19.841269841269842,19.841269841269842,71.69499969482422
2022-01-11,70.94013977050781,68.91782003358371,-10.88415345250522,22.22222222222222,22.22222222222222,73.66500091552734
2022-01-12,71.56610870361328,71.76352021996475,-6.706857639239061,25.0,25.0,74.31500244140625
2022-01-13,68.53742218017578,72.0331532968021,-13.99534872414859,20.436507936507937,20.436507936507937,71.16999816894531
2022-01-14,68.5951919555664,67.00622430063756,-17.434110754580836,17.658730158730158,17.658730158730158,71.2300033569336
2022-01-18,64.96466827392578,66.38029446665168,-28.02261929796956,10.912698412698413,10.912698412698413,67.45999908447266
2022-01-19,62.95197296142578,65.62913986725468,-36.56707188984837,3.968253968253968,3.968253968253968,65.37000274658203
2022-01-20,60.85261154174805,63.74164573587718,-40.98650688905756,1.7857142857142856,1.7857142857142856,63.189998626708984
2022-01-21,57.27021408081055,60.361475742042124,-43.52001525507124,0.1984126984126984,0.1984126984126984,59.470001220703125
2022-01-24,57.982845306396484,54.87232269146559,-38.52864314689645,3.571428571428571,3.571428571428571,60.209999084472656
2022-01-25,55.82570266723633,55.27678714517993,-37.758928772831,4.166666666666666,4.166666666666666,57.970001220703125
2022-01-26,55.46937942504883,58.194699728848555,-37.660762862001555,4.365079365079365,4.365079365079365,57.599998474121094
2022-01-27,54.612308502197266,57.28947940241133,-38.35221549384503,3.7698412698412698,3.7698412698412698,56.709999084472656
2022-01-28,58.6376953125,55.141966970410756,-34.319493444483946,6.944444444444445,6.944444444444445,60.88999938964844
2022-01-31,61.786746978759766,58.32953603551309,-27.72368505087497,12.698412698412698,12.698412698412698,64.16000366210938
2022-02-01,63.14457702636719,62.152677719381074,-21.56738183233919,17.658730158730158,17.658730158730158,65.56999969482422
2022-02-02,64.88762664794922,64.0883337409648,-14.99470085086943,21.428571428571427,21.428571428571427,67.37999725341797
2022-02-03,60.32296371459961,62.133420406912734,-19.081483963084697,18.650793650793652,18.650793650793652,62.63999938964844
2022-02-04,61.1607780456543,60.21702846178386,-18.484515841578684,19.246031746031747,19.246031746031747,63.5099983215332
2022-02-07,60.534820556640625,61.46894160762446,-19.193388970333043,18.452380952380953,18.452380952380953,62.86000061035156
2022-02-08,61.98896026611328,60.294060501690666,-16.48283610829919,21.03174603174603,21.03174603174603,64.37000274658203
2022-02-09,64.71429443359375,63.81869448856947,-9.216482581564996,26.58730158730159,26.58730158730159,67.19999694824219
2022-02-10,61.28596115112305,62.123782569095425,-12.342182749266955,24.404761904761905,24.404761904761905,63.63999938964844
2022-02-11,57.636165618896484,61.285975577664594,-20.226573647265468,18.055555555555554,18.055555555555554,59.849998474121094
2022-02-14,57.06797790527344,57.385773007142106,-23.499173081571342,16.071428571428573,16.071428571428573,59.2599983215332
2022-02-15,59.77404022216797,58.90732961040065,-17.764082666582976,20.238095238095237,20.238095238095237,62.06999969482422
2022-02-16,60.00516891479492,58.945855454797154,-13.786325188668137,24.206349206349206,24.206349206349206,62.310001373291016
2022-02-17,56.201271057128906,58.64731763776563,-19.781905735803782,18.452380952380953,18.452380952380953,58.36000061035156
2022-02-18,55.074546813964844,56.28794160857692,-24.51759414719349,15.674603174603174,15.674603174603174,57.189998626708984
2022-02-22,53.321868896484375,54.16931882402602,-30.158555043330004,11.507936507936508,11.507936507936508,55.369998931884766
2022-02-23,50.35580062866211,54.400443913340375,-37.464735738319845,4.761904761904762,4.761904761904762,52.290000915527344
2022-02-24,52.69591522216797,46.45561005221525,-33.29385966694436,8.531746031746032,8.531746031746032,54.720001220703125
2022-02-25,56.13386154174805,53.16778856838669,-24.813103615183433,15.674603174603174,15.674603174603174,58.290000915527344
2022-02-28,55.700504302978516,53.9670868585672,-21.049613791435284,18.452380952380953,18.452380952380953,57.84000015258789
2022-03-01,53.235198974609375,55.199740527514685,-23.349930539458104,16.666666666666664,16.666666666666664,55.279998779296875
2022-03-02,56.12423324584961,54.101913296533326,-18.43301447116969,20.634920634920633,20.634920634920633,58.279998779296875
2022-03-03,55.3056755065918,57.0968750477991,-17.68648436709191,21.03174603174603,21.03174603174603,57.43000030517578
2022-03-04,53.967098236083984,53.78412392750174,-19.81878416067203,18.452380952380953,18.452380952380953,56.040000915527344
2022-03-07,49.17130661010742,53.69745202320713,-28.580705123291562,11.507936507936508,11.507936507936508,51.060001373291016
2022-03-08,48.00605773925781,49.22908115290821,-34.6096947182164,6.349206349206349,6.349206349206349,49.849998474121094
2022-03-09,51.906253814697266,51.145474837436616,-31.238539333347546,9.325396825396826,9.325396825396826,53.900001525878906
2022-03-10,51.16472244262695,50.076520111596224,-30.66365095559452,9.920634920634921,9.920634920634921,53.130001068115234
2022-03-11,49.24833297729492,52.12773462026033,-33.265338508420015,7.142857142857142,7.142857142857142,51.13999938964844
2022-03-14,48.150516510009766,49.527621576083476,-35.954294661106154,4.365079365079365,4.365079365079365,50.0
2022-03-15,51.32844543457031,49.09426195523539,-29.929499034376132,10.912698412698413,10.912698412698413,53.29999923706055
2022-03-16,54.679725646972656,52.6092556308321,-17.99797406320941,20.634920634920633,20.634920634920633,56.779998779296875
2022-03-17,56.73092269897461,53.91893507662426,-6.056665831294192,29.365079365079367,29.365079365079367,58.90999984741211
2022-03-18,58.59916305541992,56.143488037658706,7.748847547984861,42.857142857142854,42.857142857142854,60.849998474121094
2022-03-21,58.59916305541992,58.57027392799901,13.917101683138883,49.801587301587304,49.801587301587304,60.849998474121094
2022-03-22,60.602230072021484,59.18660395171021,20.351590036345776,60.11904761904761,60.11904761904761,62.93000030517578
2022-03-23,58.29453659057617,59.55678325155168,16.713002837725877,52.77777777777778,52.77777777777778,60.5
2022-03-24,60.87684631347656,59.10392124280843,21.93801181806361,63.888888888888886,63.888888888888886,63.18000030517578
2022-03-25,61.792213439941406,61.20445336183316,25.271913749253,68.25396825396825,68.25396825396825,64.12999725341797
2022-03-28,63.10263442993164,61.53205687367355,28.670605165808173,75.0,75.0,65.48999786376953
2022-03-29,65.49223327636719,64.8081163890465,32.471004535514716,81.54761904761905,81.54761904761905,67.97000122070312
2022-03-30,64.28779602050781,64.97191285927013,30.759671006088666,78.57142857142857,78.57142857142857,66.72000122070312
2022-03-31,61.31044387817383,63.95056200348878,21.489294921918905,62.698412698412696,62.698412698412696,63.630001068115234
2022-04-01,61.74403762817383,61.9656491208347,17.342291617005532,53.17460317460318,53.17460317460318,64.08000183105469
2022-04-04,63.3724250793457,61.85002779667738,19.541230081935794,57.53968253968254,57.53968253968254,65.7699966430664
2022-04-05,61.02137756347656,62.755756169268714,14.000032696815687,47.817460317460316,47.817460317460316,63.33000183105469
2022-04-06,59.1617317199707,59.306261428879544,6.89101968427764,39.48412698412698,39.48412698412698,61.400001525878906
2022-04-07,60.028926849365234,58.76668369397701,5.00304700181272,37.5,37.5,62.29999923706055
2022-04-08,59.60496520996094,59.70131835435518,3.151722968010117,35.317460317460316,35.317460317460316,61.86000061035156
2022-04-11,56.492713928222656,58.15001086911622,-5.2498482513616125,27.380952380952383,27.380952380952383,58.630001068115234
2022-04-12,55.83750534057617,57.677878511866595,-12.143108857257971,22.817460317460316,22.817460317460316,57.95000076293945
2022-04-13,57.74531555175781,55.721870300150506,-12.044587264458308,23.015873015873016,23.015873015873016,59.93000030517578
2022-04-14,55.62552261352539,57.86094954079221,-22.142888263244096,13.690476190476192,13.690476190476192,57.72999954223633
2022-04-18,55.6447868347168,55.172647632172406,-28.918443558592926,8.531746031746032,8.531746031746032,57.75
2022-04-19,58.31381607055664,55.596616098990715,-23.47813252105999,12.896825396825399,12.896825396825399,60.52000045776367
2022-04-20,58.17890548706055,59.07500351456342,-20.92575176099545,15.277777777777779,15.277777777777779,60.380001068115234
2022-04-21,55.586971282958984,59.701313430196286,-28.119773250614834,8.928571428571429,8.928571428571429,57.689998626708984
2022-04-22,51.058311462402344,55.14374502856578,-35.53819352929188,3.1746031746031744,3.1746031746031744,52.9900016784668
2022-04-25,51.877315521240234,50.1429334986857,-34.74118060117145,3.968253968253968,3.968253968253968,53.84000015258789
2022-04-26,47.396827697753906,50.884866958482455,-39.8589813130858,0.3968253968253968,0.3968253968253968,49.189998626708984
2022-04-27,47.74370574951172,47.782248473428055,-41.53475933686467,0.1984126984126984,0.1984126984126984,49.54999923706055
2022-04-28,51.35700607299805,49.49736181760224,-36.077265589606085,2.976190476190476,2.976190476190476,53.29999923706055
2022-04-29,45.729888916015625,49.84423047462626,-39.73062855042587,0.7936507936507936,0.7936507936507936,47.459999084472656
2022-05-02,46.52964401245117,45.69135622365761,-38.44024077550526,1.3888888888888888,1.3888888888888888,48.290000915527344
2022-05-03,47.15594482421875,46.67417177408136,-36.5744246298824,2.976190476190476,2.976190476190476,48.939998626708984
2022-05-04,51.4340934753418,47.38719899210866,-26.843283537719522,11.507936507936508,11.507936507936508,53.380001068115234
2022-05-05,45.99969482421875,49.824970540779525,-30.761846316764608,8.531746031746032,8.531746031746032,47.7400016784668
2022-05-06,45.161399841308594,45.065046711882104,-34.03565252611996,5.952380952380952,5.952380952380952,46.869998931884766
2022-05-09,40.825443267822266,43.06086970893872,-38.876371300161026,0.992063492063492,0.992063492063492,42.369998931884766
2022-05-10,41.047061920166016,42.74290509512207,-40.39470856962378,0.5952380952380952,0.5952380952380952,42.599998474121094
2022-05-11,39.1006965637207,40.70981654202315,-42.61900321579783,0.1984126984126984,0.1984126984126984,40.58000183105469
2022-05-12,38.9658088684082,38.07934808631678,-42.09561625180988,0.3968253968253968,0.3968253968253968,40.439998626708984
2022-05-13,41.75045394897461,40.26659208449109,-37.655826614341365,3.373015873015873,3.373015873015873,43.33000183105469
2022-05-16,41.268680572509766,41.20122896499426,-35.986730897369824,4.761904761904762,4.761904761904762,42.83000183105469
2022-05-17,43.73535919189453,43.26322363641116,-30.85192850551523,9.920634920634921,9.920634920634921,45.38999938964844
2022-05-18,38.52256774902344,42.22258445057573,-35.48187290563496,5.753968253968254,5.753968253968254,39.97999954223633
2022-05-19,37.73246383666992,37.491577319920076,-38.595652331029356,1.984126984126984,1.984126984126984,39.15999984741211
2022-05-20,37.79991149902344,38.859814370581994,-38.11792421201634,2.976190476190476,2.976190476190476,39.22999954223633
2022-05-23,39.93898010253906,38.73454767288249,-32.701676348936324,9.325396825396826,9.325396825396826,41.45000076293945
2022-05-24,39.023624420166016,38.590027858147806,-31.463979907289406,10.119047619047619,10.119047619047619,40.5
2022-05-25,40.073890686035156,38.51294671225149,-28.59243404477659,13.095238095238097,13.095238095238097,41.59000015258789
2022-05-26,42.42493438720703,40.411122854137304,-20.63325147083985,20.436507936507937,20.436507936507937,44.029998779296875
2022-05-27,45.55645751953125,43.22467776853059,-8.581154664668736,31.547619047619047,31.547619047619047,47.279998779296875
2022-05-31,44.7567138671875,44.94942380848081,-3.9976698578140333,34.92063492063492,34.92063492063492,46.45000076293945
2022-06-01,43.696815490722656,45.48901187920862,-4.211707720643199,34.523809523809526,34.523809523809526,45.349998474121094
2022-06-02,46.134586334228516,43.62936437543953,1.7874144356563408,40.27777777777778,40.27777777777778,47.880001068115234
2022-06-03,43.88951873779297,44.4869162173571,0.8733247855812181,39.88095238095239,39.88095238095239,45.54999923706055
2022-06-06,44.246028900146484,45.22884622444889,6.499412015241451,45.43650793650794,45.43650793650794,45.91999816894531
2022-06-07,45.51792526245117,43.0705169700795,14.14370929786751,51.587301587301596,51.587301587301596,47.2400016784668
2022-06-08,44.06296157836914,44.93015451631459,13.116903283221049,50.39682539682539,50.39682539682539,45.72999954223633
2022-06-09,40.89289855957031,43.43666356252929,1.5310078207730664,40.476190476190474,40.476190476190474,42.439998626708984
2022-06-10,37.31814956665039,38.8694597729409,-15.151032816589579,26.190476190476193,26.190476190476193,38.72999954223633
2022-06-13,33.04963684082031,34.4564135347864,-29.206450004155293,12.896825396825399,12.896825396825399,34.29999923706055
2022-06-14,32.722015380859375,33.5313940220229,-35.72590243965272,5.952380952380952,5.952380952380952,33.959999084472656
2022-06-15,34.09988784790039,33.627752428617534,-35.843993170501356,5.753968253968254,5.753968253968254,35.38999938964844
2022-06-16,30.833473205566406,31.768114038313797,-39.52078082536642,1.5873015873015872,1.5873015873015872,32.0
2022-06-17,30.900924682617188,30.833476746285637,-41.13863184723048,0.7936507936507936,0.7936507936507936,32.06999969482422
2022-06-21,33.24233627319336,32.432957503864074,-36.962256413673686,4.761904761904762,4.761904761904762,34.5
2022-06-22,33.03999328613281,32.0475384047783,-35.04865864178178,7.5396825396825395,7.5396825396825395,34.290000915527344
2022-06-23,34.00354766845703,33.627765223216436,-31.329822525895505,11.507936507936508,11.507936507936508,35.290000915527344
2022-06-24,37.23142623901367,34.918917461345345,-20.571700211051123,22.22222222222222,22.22222222222222,38.63999938964844
2022-06-27,36.865264892578125,37.53974776458196,-15.394390457046084,27.976190476190478,27.976190476190478,38.2599983215332
2022-06-28,34.6009407043457,37.2603263538376,-19.030426852702362,24.206349206349206,24.206349206349206,35.90999984741211
2022-06-29,34.475677490234375,34.69729264706969,-21.198836729489795,21.428571428571427,21.428571428571427,35.779998779296875
2022-06-30,33.59885787963867,33.35797130874093,-24.19884923878473,19.047619047619047,19.047619047619047,34.869998931884766
2022-07-01,34.63947677612305,33.425406850961465,-22.965904575895586,20.436507936507937,20.436507936507937,35.95000076293945
2022-07-05,34.84182357788086,33.20379462559815,-21.44695518686033,21.626984126984127,21.626984126984127,36.15999984741211
2022-07-06,35.20797348022461,34.89000152004161,-19.03576993276902,24.6031746031746,24.6031746031746,36.540000915527344
2022-07-07,36.75928497314453,35.71865342684363,-12.540110180875242,31.150793650793652,31.150793650793652,38.150001525878906
2022-07-08,36.691829681396484,36.25823329073645,-9.324751879907742,33.53174603174603,33.53174603174603,38.08000183105469
2022-07-11,35.41995620727539,35.882461611471065,-10.485701385375172,32.93650793650794,32.93650793650794,36.7599983215332
2022-07-12,34.475677490234375,35.25615113654389,-10.572148917035788,32.93650793650794,32.93650793650794,35.779998779296875
2022-07-13,33.926456451416016,32.91473380681464,-11.490164612769544,32.142857142857146,32.142857142857146,35.209999084472656
2022-07-14,33.65666961669922,32.490779577569434,-13.220641070877987,30.753968253968257,30.753968253968257,34.93000030517578
2022-07-15,35.593387603759766,34.889999471021774,-3.2998810434874364,39.285714285714285,39.285714285714285,36.939998626708984
2022-07-18,34.69729232788086,36.46058339848034,-2.3453189563997223,39.88095238095239,39.88095238095239,36.0099983215332
2022-07-19,37.47230529785156,35.81500491558361,11.842293874320104,50.595238095238095,50.595238095238095,38.88999938964844
2022-07-20,38.175697326660156,37.52048565244843,20.03160778415336,60.71428571428571,60.71428571428571,39.619998931884766
2022-07-21,39.34158706665039,37.99262112362374,26.94219678258658,72.42063492063492,72.42063492063492,40.83000183105469
2022-07-22,38.29132080078125,39.3801251668383,24.989251458559707,70.03968253968253,70.03968253968253,39.7400016784668
2022-07-25,38.38768005371094,38.43585662770337,24.320828547211068,68.65079365079364,68.65079365079364,39.84000015258789
2022-07-26,37.00017547607422,37.886636213991196,17.70283413264089,57.53968253968254,57.53968253968254,38.400001525878906
2022-07-27,39.881168365478516,37.98298156862853,24.596371930359666,69.44444444444444,69.44444444444444,41.38999938964844
2022-07-28,41.37466812133789,40.13169644850849,30.567161696950794,79.16666666666666,79.16666666666666,42.939998626708984
2022-07-29,43.21504211425781,41.86607974843992,35.16691845340574,89.48412698412699,89.48412698412699,44.849998474121094
2022-08-01,42.78144836425781,42.280403950548944,35.786409135713946,90.47619047619048,90.47619047619048,44.400001525878906
2022-08-02,41.95280075073242,42.26113522833846,33.07010930098321,83.92857142857143,83.92857142857143,43.540000915527344
2022-08-03,43.86061477661133,42.627277061130314,35.970925871676386,91.26984126984127,91.26984126984127,45.52000045776367
2022-08-04,43.78354263305664,43.85099058013549,37.19620506722479,93.45238095238095,93.45238095238095,45.439998626708984
2022-08-05,43.533016204833984,42.347854858166656,36.82396015568102,93.25396825396825,93.25396825396825,45.18000030517578
2022-08-08,43.40774917602539,44.10150351396115,35.12018320624509,88.4920634920635,88.4920634920635,45.04999923706055
2022-08-09,42.84889602661133,43.16686432667299,32.27591762446605,81.54761904761905,81.54761904761905,44.470001220703125
2022-08-10,45.527557373046875,45.18068015734079,37.040323118608654,93.45238095238095,93.45238095238095,47.25
2022-08-11,45.53718566894531,46.491097895902996,37.32210836978928,94.04761904761905,94.04761904761905,47.2599983215332
2022-08-12,47.820796966552734,46.19240160318073,40.52034881745609,96.03174603174604,96.03174603174604,49.630001068115234
2022-08-15,48.40856170654297,47.02105285476153,41.95934066793158,97.61904761904762,97.61904761904762,50.2400016784668
2022-08-16,48.68798828125,48.03277657158319,41.987179962889385,97.61904761904762,97.61904761904762,50.529998779296875
2022-08-17,47.637718200683594,47.396831673964776,39.366888876413405,94.84126984126983,94.84126984126983,49.439998626708984
2022-08-18,48.02313232421875,47.67625517945986,38.83588495519284,94.24603174603175,94.24603174603175,49.84000015258789
2022-08-19,46.105674743652344,47.04995306054518,31.51008396926469,80.55555555555556,80.55555555555556,47.849998474121094
2022-08-22,43.195770263671875,44.39056528180923,17.63437565694032,57.341269841269835,57.341269841269835,44.83000183105469
2022-08-23,42.868167877197266,43.01269758772866,8.575515988481973,48.80952380952381,48.80952380952381,44.4900016784668
2022-08-24,43.234310150146484,42.771808488123334,4.19417182009642,45.23809523809524,45.23809523809524,44.869998931884766
2022-08-25,45.074684143066406,43.72572184552021,7.761635985608255,48.61111111111111,48.61111111111111,46.779998779296875
2022-08-26,40.468936920166016,45.03614713272206,-13.45602692407801,30.555555555555557,30.555555555555557,42.0
2022-08-29,39.678836822509766,39.52466956194533,-24.3544501764159,19.047619047619047,19.047619047619047,41.18000030517578
2022-08-30,38.34913635253906,40.02570828470723,-30.724493106221583,12.698412698412698,12.698412698412698,39.79999923706055
2022-08-31,37.453041076660156,38.84055000566707,-36.26246344647183,5.357142857142857,5.357142857142857,38.869998931884766
2022-09-01,37.7806396484375,36.768917033472476,-35.51744547220278,7.341269841269842,7.341269841269842,39.209999084472656
2022-09-02,36.595489501953125,38.90800218503784,-38.09031309976813,3.571428571428571,3.571428571428571,37.97999954223633
2022-09-06,36.16188049316406,36.82672959089142,-39.76353258802583,1.5873015873015872,1.5873015873015872,37.529998779296875
2022-09-07,38.09861373901367,36.06553087655732,-34.13781720197224,9.722222222222223,9.722222222222223,39.540000915527344
2022-09-08,38.82127380371094,37.356683269788455,-28.02776055453838,16.46825396825397,16.46825396825397,40.290000915527344
2022-09-09,40.623104095458984,39.53429595541714,-17.485466783579806,28.174603174603174,28.174603174603174,42.15999984741211
2022-09-12,41.92388916015625,41.28794888169084,-7.134819584971984,37.301587301587304,37.301587301587304,43.5099983215332
2022-09-13,36.479854583740234,39.10070105492904,-20.40411072374876,24.206349206349206,24.206349206349206,37.86000061035156
2022-09-14,36.846004486083984,36.83636696672619,-25.980272875489852,18.849206349206348,18.849206349206348,38.2400016784668
2022-09-15,35.603023529052734,36.344954350408436,-31.535336509556334,12.103174603174603,12.103174603174603,36.95000076293945
2022-09-16,34.78400802612305,34.35041528038905,-34.71469380569316,9.126984126984127,9.126984126984127,36.099998474121094
2022-09-19,35.54520797729492,33.85900263738047,-33.26998107009707,10.714285714285714,10.714285714285714,36.88999938964844
2022-09-20,34.36005783081055,34.600944384216575,-35.45676837411197,8.134920634920634,8.134920634920634,35.65999984741211
2022-09-21,32.52932357788086,34.87074153260256,-39.70911753798877,1.984126984126984,1.984126984126984,33.7599983215332
2022-09-22,31.691024780273438,32.27878838068012,-41.76689063818405,0.5952380952380952,0.5952380952380952,32.88999938964844
2022-09-23,30.062639236450195,30.737120407827327,-42.144940890158416,0.3968253968253968,0.3968253968253968,31.200000762939453
2022-09-26,29.17617416381836,29.706123739992673,-43.489256845122895,0.1984126984126984,0.1984126984126984,30.280000686645508
2022-09-27,28.964195251464844,30.08190858044146,-43.669712639539185,0.0,0.0,30.059999465942383
2022-09-28,30.62149429321289,29.19544473489879,-39.858327836480434,2.380952380952381,2.380952380952381,31.780000686645508
2022-09-29,28.69440460205078,29.70612731008856,-41.324277226354184,1.5873015873015872,1.5873015873015872,29.780000686645508
2022-09-30,27.374345779418945,28.492059158429218,-43.30685715220287,0.5952380952380952,0.5952380952380952,28.40999984741211
2022-10-03,29.53268814086914,28.26080755951612,-38.98909176626514,3.7698412698412698,3.7698412698412698,30.649999618530273
2022-10-04,32.24989318847656,30.91056452957943,-27.133113329567642,17.857142857142858,17.857142857142858,33.470001220703125
2022-10-05,31.999359130859375,31.083989771451495,-21.62192931250375,22.817460317460316,22.817460317460316,33.209999084472656
2022-10-06,31.006914138793945,31.604311698296232,-21.891153769403406,22.817460317460316,22.817460317460316,32.18000030517578
2022-10-07,28.414974212646484,29.937376974143305,-29.47161030966438,16.071428571428573,16.071428571428573,29.489999771118164
2022-10-10,27.78866958618164,28.665496387479063,-34.49478055554779,10.912698412698413,10.912698412698413,28.84000015258789
2022-10-11,27.200902938842773,27.345434470216016,-37.651433136754676,6.349206349206349,6.349206349206349,28.229999542236328
2022-10-12,26.95038414001465,27.297261329067062,-39.773563143136556,2.976190476190476,2.976190476190476,27.969999313354492
2022-10-13,29.04128074645996,25.24491018985601,-29.85050857925949,16.46825396825397,16.46825396825397,30.139999389648438
2022-10-14,27.05637550354004,29.667586495310065,-30.076125575692135,16.071428571428573,16.071428571428573,28.079999923706055
2022-10-17,29.108728408813477,28.511330822950455,-21.600507164997534,24.404761904761905,24.404761904761905,30.209999084472656
2022-10-18,29.975921630859375,31.12254023822737,-12.60178684590155,34.523809523809526,34.523809523809526,31.110000610351562
2022-10-19,29.51341438293457,29.60013367351999,-9.758501803154699,37.698412698412696,37.698412698412696,30.6299991607666
2022-10-20,28.732942581176758,29.35924713879413,-8.41288241878434,38.69047619047619,38.69047619047619,29.81999969482422
2022-10-21,30.804563522338867,28.636585123405645,3.79721900286411,48.01587301587302,48.01587301587302,31.969999313354492
2022-10-24,31.922292709350586,31.21890429058632,15.54126709959071,57.53968253968254,57.53968253968254,33.130001068115234
2022-10-25,33.46395492553711,31.912645148254494,25.277971792701702,72.02380952380952,72.02380952380952,34.72999954223633
2022-10-26,32.722015380859375,32.59675706989089,26.00090247201902,73.4126984126984,73.4126984126984,33.959999084472656
2022-10-27,32.153533935546875,32.97255036688093,24.035429392477607,69.64285714285714,69.64285714285714,33.369998931884766
2022-10-28,34.408233642578125,32.10535883123712,30.086428647184437,79.56349206349206,79.56349206349206,35.709999084472656
2022-10-31,33.685577392578125,33.724120126304015,30.63170474235566,80.55555555555556,80.55555555555556,34.959999084472656
2022-11-01,33.24233627319336,34.68765524159307,28.988387123433927,77.77777777777779,77.77777777777779,34.5
2022-11-02,30.71784782409668,33.06890074344984,18.00199223685125,59.72222222222222,59.72222222222222,31.8799991607666
2022-11-03,29.71576499938965,29.841025196936503,7.336145860907697,49.60317460317461,49.60317460317461,30.84000015258789
2022-11-04,31.006914138793945,31.151447525664896,7.8958337496020405,50.0,50.0,32.18000030517578
2022-11-07,31.903011322021484,31.334518987348403,12.323337936397964,52.77777777777778,52.77777777777778,33.11000061035156
2022-11-08,32.384788513183594,32.172807172043164,16.523816445135477,56.94444444444444,56.94444444444444,33.61000061035156
2022-11-09,30.361339569091797,31.797023119716542,10.27589555716587,51.19047619047619,51.19047619047619,31.510000228881836
2022-11-10,35.352508544921875,33.70484543485512,24.230396617348596,69.04761904761905,69.04761904761905,36.689998626708984
2022-11-11,36.40277099609375,35.622300996474756,31.724500381991334,83.13492063492063,83.13492063492063,37.779998779296875
2022-11-14,35.47776794433594,35.88245922720759,31.38274939207872,82.14285714285714,82.14285714285714,36.81999969482422
2022-11-15,36.37386703491211,37.06762143668244,33.04226589234444,85.51587301587301,85.51587301587301,37.75
2022-11-16,35.52594757080078,35.8728247929139,30.80667487550317,81.15079365079364,81.15079365079364,36.869998931884766
2022-11-17,35.14052200317383,34.11916197205921,28.08470295793975,75.0,75.0,36.470001220703125
2022-11-18,35.612667083740234,36.084806344507776,28.47112561540102,75.9920634920635,75.9920634920635,36.959999084472656
2022-11-21,35.20797348022461,35.22724484226326,26.38147544570569,72.02380952380952,72.02380952380952,36.540000915527344
2022-11-22,36.624385833740234,35.73792518144656,31.026161139317427,81.15079365079364,81.15079365079364,38.0099983215332
2022-11-23,37.26995849609375,36.47985109299689,35.969062820332475,92.06349206349206,92.06349206349206,38.68000030517578
2022-11-25,37.23142623901367,37.11580171903956,38.3286010311976,95.03968253968253,95.03968253968253,38.63999938964844
2022-11-28,35.47776794433594,36.32568956150392,31.755574922136258,82.53968253968253,82.53968253968253,36.81999969482422
2022-11-29,35.246517181396484,35.48740370010268,27.104759779272708,72.81746031746032,72.81746031746032,36.58000183105469
2022-11-30,38.53221130371094,35.323600930857786,34.74972015108819,88.4920634920635,88.4920634920635,39.9900016784668
2022-12-01,38.47439956665039,38.89835856598415,36.84730387778513,93.84920634920636,93.84920634920636,39.93000030517578
2022-12-02,38.31058883666992,36.99053179437148,37.36724351262757,94.64285714285714,94.64285714285714,39.7599983215332
2022-12-05,36.21969985961914,37.48194663705159,28.8543921078415,76.19047619047619,76.19047619047619,37.59000015258789
2022-12-06,34.66838836669922,36.171521611555164,16.17905265385749,56.74603174603175,56.74603174603175,35.97999954223633
2022-12-07,34.475677490234375,34.38895819619999,8.35991250808506,50.198412698412696,50.198412698412696,35.779998779296875
2022-12-08,35.265785217285156,34.94781692077772,8.492624155729331,50.39682539682539,50.39682539682539,36.599998474121094
2022-12-09,34.45640563964844,34.909273466041064,-2.346564352553998,41.86507936507937,41.86507936507937,35.7599983215332
2022-12-12,35.94026565551758,34.678022727181016,-0.7549847352762245,43.452380952380956,43.452380952380956,37.29999923706055
2022-12-13,36.72074508666992,38.98507711344046,5.263163950762138,48.01587301587302,48.01587301587302,38.11000061035156
2022-12-14,36.0462646484375,36.63402844223933,3.704560176992728,46.230158730158735,46.230158730158735,37.40999984741211
2022-12-15,33.36760711669922,34.62985033098655,-11.00488640015244,34.523809523809526,34.523809523809526,34.630001068115234
2022-12-16,32.153533935546875,32.66421589351468,-21.05311825610646,24.206349206349206,24.206349206349206,33.369998931884766
2022-12-19,31.334518432617188,32.18243999785187,-27.678578689520204,18.055555555555554,18.055555555555554,32.52000045776367
2022-12-20,31.430871963500977,31.122537513295086,-30.234346546889523,15.277777777777779,15.277777777777779,32.619998931884766
2022-12-21,32.8472900390625,32.12463039051372,-23.84286899167822,21.825396825396826,21.825396825396826,34.09000015258789
2022-12-22,31.431001663208008,31.992094851112324,-25.33196269898255,20.436507936507937,20.436507936507937,32.4900016784668
2022-12-23,31.905033111572266,31.13110944565585,-23.648271341439536,22.22222222222222,22.22222222222222,32.97999954223633
2022-12-27,31.54709815979004,31.905037209306062,-24.308470078996137,21.626984126984127,21.626984126984127,32.61000061035156
2022-12-28,30.366859436035156,31.527746826919728,-29.501938563679058,16.46825396825397,16.46825396825397,31.389999389648438
2022-12-29,31.914705276489258,31.03436652370998,-24.071240627407196,22.22222222222222,22.22222222222222,32.9900016784668
2022-12-30,31.701881408691406,31.247199603609506,-22.249409683390443,24.206349206349206,24.206349206349206,32.77000045776367
2023-01-03,31.285892486572266,32.18557985277287,-23.462338078607637,23.41269841269841,23.41269841269841,32.34000015258789
2023-01-04,31.972753524780273,31.83731733469922,-19.18053832021146,28.76984126984127,28.76984126984127,33.04999923706055
2023-01-05,30.869905471801758,31.46002334298129,-23.358848971122626,23.809523809523807,23.809523809523807,31.90999984741211
2023-01-06,32.95950698852539,31.64383484227378,-13.360643932835059,34.92063492063492,34.92063492063492,34.06999969482422
2023-01-09,32.92081069946289,33.53994968007332,-8.475672451611556,40.07936507936508,40.07936507936508,34.029998779296875
2023-01-10,33.58831787109375,32.746672485911645,-2.4343476114704736,45.03968253968254,45.03968253968254,34.720001220703125
2023-01-11,34.83626937866211,34.03332475690987,6.500895508110009,52.57936507936508,52.57936507936508,36.0099983215332
2023-01-12,35.1942138671875,35.116819654179274,12.341066819512408,57.53968253968254,57.53968253968254,36.380001068115234
2023-01-13,35.590850830078125,34.30419968588585,19.63191749283631,65.67460317460318,65.67460317460318,36.790000915527344
2023-01-17,35.397369384765625,35.61019978765856,27.062297570451555,75.39682539682539,75.39682539682539,36.59000015258789
2023-01-18,33.7237548828125,35.71660776602727,20.814777780998593,67.06349206349206,67.06349206349206,34.86000061035156
2023-01-19,32.940155029296875,33.12396442771397,11.981689808374366,57.14285714285714,57.14285714285714,34.04999923706055
2023-01-20,34.729862213134766,33.28842625795274,18.70045051582385,64.0873015873016,64.0873015873016,35.900001525878906
2023-01-23,35.99716567993164,34.971717986412486,27.263348135760474,76.38888888888889,76.38888888888889,37.209999084472656
2023-01-24,35.87140655517578,35.542488456469336,30.812585431506367,82.34126984126983,82.34126984126983,37.08000183105469
2023-01-25,35.910091400146484,34.71051063761306,32.78837112121676,85.9126984126984,85.9126984126984,37.119998931884766
2023-01-26,37.022605895996094,36.61629370028298,37.20377637735551,94.04761904761905,94.04761904761905,38.27000045776367
2023-01-27,37.293487548828125,36.75174273969431,37.946063655198806,94.84126984126983,94.84126984126983,38.54999923706055
2023-01-30,35.900421142578125,36.49053912826046,31.071579851229984,82.93650793650794,82.93650793650794,37.11000061035156
2023-01-31,37.44826889038086,36.006836651470884,34.51723084402596,87.89682539682539,87.89682539682539,38.709999084472656
2023-02-01,38.60914993286133,37.09032372780572,36.71775082928128,92.65873015873017,92.65873015873017,39.90999984741211
2023-02-02,40.273094177246094,39.76036672506116,39.38124522401869,96.23015873015873,96.23015873015873,41.630001068115234
2023-02-03,38.98644256591797,38.77361585633305,37.04683626076215,93.25396825396825,93.25396825396825,40.29999923706055
2023-02-06,38.29958724975586,38.26089014067769,32.83875221173568,85.11904761904762,85.11904761904762,39.59000015258789
2023-02-07,39.76035690307617,37.98033097887391,35.07002591877366,88.4920634920635,88.4920634920635,41.099998474121094
2023-02-08,38.454368591308594,39.17025028443939,29.87427421120199,78.17460317460318,78.17460317460318,39.75
2023-02-09,37.419246673583984,39.47014539007949,22.060456877667185,67.85714285714286,67.85714285714286,38.68000030517578
2023-02-10,37.622398376464844,37.041956566926956,18.749520890312034,63.095238095238095,63.095238095238095,38.88999938964844
2023-02-13,38.93807601928711,37.844906640600236,23.26423096335776,69.04761904761905,69.04761904761905,40.25
2023-02-14,38.880027770996094,38.51241631862908,25.283199156696824,72.42063492063492,72.42063492063492,40.189998626708984
2023-02-15,39.23796463012695,38.23186212132296,27.998819406014526,76.78571428571429,76.78571428571429,40.560001373291016
2023-02-16,37.59337615966797,37.73848476211196,20.36535713375354,65.87301587301587,65.87301587301587,38.86000061035156
2023-02-17,37.283809661865234,36.95489163713875,14.397969131443539,58.53174603174603,58.53174603174603,38.540000915527344
2023-02-21,35.049102783203125,36.13259597052553,-5.0013751792750325,42.26190476190476,42.26190476190476,36.22999954223633
2023-02-22,34.89432144165039,35.145848976829264,-16.333748440533835,32.53968253968254,32.53968253968254,36.06999969482422
2023-02-23,35.37801742553711,35.64888977379409,-18.38639354284867,30.357142857142854,30.357142857142854,36.56999969482422
2023-02-24,34.23648452758789,33.97528456561865,-25.185190749669733,20.833333333333336,20.833333333333336,35.38999938964844
2023-02-27,34.565391540527344,35.155509374473525,-26.372165037383212,19.841269841269842,19.841269841269842,35.72999954223633
2023-02-28,34.17844009399414,34.44931246899011,-29.258092030311367,16.865079365079367,16.865079365079367,35.33000183105469
2023-03-01,33.781795501708984,33.95592877257213,-32.48419502891567,13.095238095238097,13.095238095238097,34.91999816894531
2023-03-02,34.51702880859375,33.201356727716544,-28.30581113144795,18.055555555555554,18.055555555555554,35.68000030517578
2023-03-03,36.151947021484375,35.02975664880037,-15.945227939362084,33.92857142857143,33.92857142857143,37.369998931884766
2023-03-06,36.258358001708984,36.42281885707711,-8.180016764068567,41.46825396825397,41.46825396825397,37.47999954223633
2023-03-07,34.584747314453125,36.21966131351615,-13.89117248104203,35.714285714285715,35.714285714285715,35.75
2023-03-08,34.73953628540039,34.6041000866454,-15.672134580297211,33.92857142857143,33.92857142857143,35.90999984741211
2023-03-09,32.785369873046875,34.90399015506171,-26.47717536675601,20.436507936507937,20.436507936507937,33.88999938964844
2023-03-10,31.363283157348633,32.61123708307334,-33.791760309844065,11.904761904761903,11.904761904761903,32.41999816894531
2023-03-13,31.15045928955078,30.34751276094407,-36.28235966718228,7.5396825396825395,7.5396825396825395,32.20000076293945
2023-03-14,32.73700714111328,32.446786185980436,-29.595017968396153,17.063492063492063,17.063492063492063,33.84000015258789
2023-03-15,32.117862701416016,31.22784774007158,-28.635099599729696,18.253968253968253,18.253968253968253,33.20000076293945
2023-03-16,33.75277328491211,31.479372106795953,-18.73526361835799,31.349206349206348,31.349206349206348,34.88999938964844
2023-03-17,32.61124038696289,33.40451264716494,-18.87183840649726,31.349206349206348,31.349206349206348,33.709999084472656
2023-03-20,33.50125503540039,32.746676201334715,-11.59934623949463,39.285714285714285,39.285714285714285,34.630001068115234
2023-03-21,34.787906646728516,34.38159804091502,0.4870113359373319,49.2063492063492,49.2063492063492,35.959999084472656
2023-03-22,33.04545211791992,34.77141635708882,-2.9771715944017005,47.22222222222222,47.22222222222222,34.08000183105469
2023-03-23,33.25876998901367,33.75329022575081,-3.5260689398870273,46.230158730158735,46.230158730158735,34.29999923706055
2023-03-24,33.90843200683594,32.92909006895649,0.05766970185046236,49.60317460317461,49.60317460317461,34.970001220703125
2023-03-27,34.07327651977539,34.5193117012301,2.8859685014741294,51.19047619047619,51.19047619047619,35.13999938964844
2023-03-28,33.850257873535156,33.89873931367773,2.8983580633918447,51.19047619047619,51.19047619047619,34.90999984741211
2023-03-29,35.2950325012207,34.93626166554178,12.206070604427923,58.13492063492064,58.13492063492064,36.400001525878906
2023-03-30,35.89621353149414,36.02226825982162,20.293365175683046,66.66666666666666,66.66666666666666,37.02000045776367
2023-03-31,37.39916229248047,36.14832086186128,30.611368802439276,80.35714285714286,80.35714285714286,38.56999969482422
2023-04-03,37.787010192871094,37.24400847519787,35.934704110903745,90.67460317460318,90.67460317460318,38.970001220703125
2023-04-04,37.17613983154297,38.00033550198537,35.45093854628199,89.48412698412699,89.48412698412699,38.34000015258789
2023-04-05,36.83676528930664,36.90464005147135,32.986752055866916,85.51587301587301,85.51587301587301,37.9900016784668
2023-04-06,37.24400329589844,36.594343985521576,33.86989748379,86.90476190476191,86.90476190476191,38.40999984741211
2023-04-10,37.350669860839844,36.516775818897074,34.854158150149324,88.29365079365078,88.29365079365078,38.52000045776367
2023-04-11,37.350669860839844,37.49611417349945,35.37072894709022,89.88095238095238,89.88095238095238,38.52000045776367
2023-04-12,36.92403030395508,37.95185015935528,32.38852319691377,84.32539682539682,84.32539682539682,38.08000183105469
2023-04-13,38.31061553955078,37.185829154634064,37.03011639070419,93.65079365079364,93.65079365079364,39.5099983215332
2023-04-14,38.04880905151367,38.12637860091952,36.8183904186356,93.25396825396825,93.25396825396825,39.2400016784668
2023-04-17,38.426979064941406,38.01972680660997,38.189243822163526,95.83333333333334,95.83333333333334,39.630001068115234
2023-04-18,38.50454330444336,38.88270368554738,39.00519955390802,97.02380952380952,97.02380952380952,39.709999084472656
2023-04-19,38.465755462646484,37.94215078934634,39.025911520707226,97.22222222222221,97.22222222222221,39.66999816894531
2023-04-20,37.787010192871094,37.602775551731945,33.81108789726349,87.10317460317461,87.10317460317461,38.970001220703125
2023-04-21,37.87427520751953,37.86457670145356,31.94573749447279,83.53174603174604,83.53174603174604,39.060001373291016
2023-04-24,37.990631103515625,37.81609498459809,31.73096148422776,83.33333333333334,83.33333333333334,39.18000030517578
2023-04-25,36.15801239013672,37.41854838817234,16.154050494162036,62.10317460317461,62.10317460317461,37.290000915527344
2023-04-26,35.69257736206055,36.34223670966577,3.57513654339814,51.78571428571429,51.78571428571429,36.810001373291016
2023-04-27,37.75791549682617,36.3519354204727,11.564234632043068,57.936507936507944,57.936507936507944,38.939998626708984
2023-04-28,38.7469596862793,37.53490511376883,23.91971976712525,71.23015873015873,71.23015873015873,39.959999084472656
2023-05-01,38.61119842529297,38.60150361917552,26.993107511405174,75.79365079365078,75.79365079365078,39.81999969482422
2023-05-02,37.31188201904297,38.39788172031817,15.548934719554799,61.70634920634921,61.70634920634921,38.47999954223633
2023-05-03,36.51677322387695,37.41854195409042,1.2859656602706029,50.198412698412696,50.198412698412696,37.65999984741211
2023-05-04,35.71198272705078,36.158017984787186,-12.935891522827683,38.095238095238095,38.095238095238095,36.83000183105469
2023-05-05,37.64155960083008,36.70100424150475,-1.9873068272644612,48.61111111111111,48.61111111111111,38.81999969482422
2023-05-08,37.69004821777344,37.728834852103496,4.314933317505856,53.57142857142857,53.57142857142857,38.869998931884766
2023-05-09,37.17613983154297,37.21492646751365,2.6709323940873335,51.587301587301596,51.587301587301596,38.34000015258789
2023-05-10,37.680355072021484,37.980942254106104,6.455669069101293,55.158730158730165,55.158730158730165,38.86000061035156
2023-05-11,37.45732879638672,37.40884736199993,6.155057679508903,54.96031746031746,54.96031746031746,38.630001068115234
2023-05-12,37.31188201904297,37.79670377661717,4.540805347761581,53.769841269841265,53.769841269841265,38.47999954223633
2023-05-15,37.65126037597656,37.46702573636507,7.083044217295793,56.15079365079365,56.15079365079365,38.83000183105469
2023-05-16,36.89493179321289,37.34096688353764,0.3712599063100702,49.2063492063492,49.2063492063492,38.04999923706055
2023-05-17,38.203956604003906,37.44763213451398,10.08903447037308,58.333333333333336,58.333333333333336,39.400001525878906
2023-05-18,39.309349060058594,38.1166879782242,23.986896933017885,72.02380952380952,72.02380952380952,40.540000915527344
2023-05-19,39.115421295166016,39.542063129274,27.568509598603097,77.57936507936508,77.57936507936508,40.34000015258789
2023-05-22,39.115421295166016,39.115421295166016,29.35398134304637,79.96031746031747,79.96031746031747,40.34000015258789
2023-05-23,37.8257942199707,38.66938679313049,18.048862929646887,64.28571428571429,64.28571428571429,39.0099983215332
2023-05-24,36.98220443725586,37.34097151537602,3.9912412525773378,51.587301587301596,51.587301587301596,38.13999938964844
2023-05-25,37.854888916015625,37.9033703586495,4.7226471483179635,52.57936507936508,52.57936507936508,39.040000915527344
2023-05-26,39.34814453125,38.04882177874151,18.12894153091939,64.28571428571429,64.28571428571429,40.58000183105469
2023-05-30,39.367530822753906,39.891139282983,23.547630234226247,70.83333333333334,70.83333333333334,40.599998474121094
2023-05-31,38.68878173828125,38.82453125262871,20.295483111805826,67.06349206349206,67.06349206349206,39.900001525878906
2023-06-01,39.765079498291016,38.73725972480562,27.123212559184374,76.78571428571429,76.78571428571429,41.0099983215332
2023-06-02,41.49105453491211,40.531105650778876,34.399585957210775,88.09523809523809,88.09523809523809,42.790000915527344
2023-06-05,41.20985794067383,41.58801839818822,35.37201139965241,90.47619047619048,90.47619047619048,42.5
2023-06-06,41.481353759765625,41.1031933317684,37.223475393684666,94.84126984126983,94.84126984126983,42.779998779296875
2023-06-07,41.05471420288086,41.61710562267249,35.13109604537616,89.68253968253968,89.68253968253968,42.34000015258789
2023-06-08,41.76254653930664,41.03531389183941,38.182284126012306,95.83333333333334,95.83333333333334,43.06999969482422
2023-06-09,41.946781158447266,41.99526629831597,38.428674606011874,96.23015873015873,96.23015873015873,43.2599983215332
2023-06-12,43.08126449584961,42.2473704263771,41.19208651493246,98.4126984126984,98.4126984126984,44.43000030517578
2023-06-13,43.944244384765625,43.556385494080125,42.23888243013304,99.20634920634922,99.20634920634922,45.31999969482422
2023-06-14,44.06060791015625,44.03151978312435,41.799706344957514,98.4126984126984,98.4126984126984,45.439998626708984
2023-06-15,45.65082550048828,43.78910774120723,42.347685044249396,99.20634920634922,99.20634920634922,47.08000183105469
2023-06-16,45.20478057861328,46.30047880915982,40.93474338905562,97.61904761904762,97.61904761904762,46.619998931884766
2023-06-20,44.4969367980957,44.5357234233683,37.95991358453088,94.44444444444444,94.44444444444444,45.88999938964844
2023-06-21,43.77226638793945,44.14189989863371,33.433643817009155,85.11904761904762,85.11904761904762,45.0
2023-06-22,44.1905403137207,43.44154766477035,32.718814282604086,83.33333333333334,83.33333333333334,45.43000030517578
2023-06-23,43.1983642578125,43.091364788078764,25.608994746761,72.02380952380952,72.02380952380952,44.40999984741211
2023-06-26,42.643917083740234,43.00382136561636,17.587859547442086,61.30952380952381,61.30952380952381,43.84000015258789
2023-06-27,43.995994567871094,42.9065524404793,20.641791097275348,65.47619047619048,65.47619047619048,45.22999954223633
2023-06-28,44.0640869140625,43.64581823548738,22.34951637629981,67.85714285714286,67.85714285714286,45.29999923706055
2023-06-29,44.54071807861328,43.9181797118331,25.8367871731449,72.42063492063492,72.42063492063492,45.790000915527344
2023-06-30,46.08732986450195,45.52315225565379,33.55116339319192,85.11904761904762,85.11904761904762,47.380001068115234
2023-07-03,46.29159927368164,45.98033015006308,38.06157804461381,94.44444444444444,94.44444444444444,47.59000015258789
2023-07-05,46.01924133300781,45.63015305952099,38.730708994534986,95.43650793650794,95.43650793650794,47.310001373291016
2023-07-06,44.91035079956055,44.793625775946786,31.06940987991701,79.96031746031747,79.96031746031747,46.16999816894531
2023-07-07,44.521263122558594,44.540717910274616,22.762594047342866,68.05555555555556,68.05555555555556,45.77000045776367
2023-07-10,44.851985931396484,44.3850821701628,21.2802381017129,66.46825396825396,66.46825396825396,46.11000061035156
2023-07-11,45.71769714355469,45.075704098048746,26.522398993523144,73.4126984126984,73.4126984126984,47.0
2023-07-12,46.75851058959961,46.91414517680679,32.17387300151165,82.34126984126983,82.34126984126983,48.06999969482422
2023-07-13,47.83823013305664,47.34214230446881,36.74085071712508,91.46825396825396,91.46825396825396,49.18000030517578
2023-07-14,47.721500396728516,48.1300397816634,37.43318732867697,94.24603174603175,94.24603174603175,49.060001373291016
2023-07-17,48.207855224609375,47.64367759089846,39.20750170622388,96.62698412698413,96.62698412698413,49.560001373291016
2023-07-18,49.287574768066406,48.09113315382898,41.170222224971106,97.61904761904762,97.61904761904762,50.66999816894531
2023-07-19,49.56966781616211,49.53075823746008,41.65261195064414,98.01587301587301,98.01587301587301,50.959999084472656
2023-07-20,48.5677604675293,49.190298758453125,37.528023220061066,93.65079365079364,93.65079365079364,49.93000030517578
2023-07-21,48.548309326171875,49.13193809006522,35.156095997251796,87.5,87.5,49.90999984741211
2023-07-24,49.18057632446289,48.908213022031276,36.59542334532937,90.07936507936508,90.07936507936508,50.560001373291016
2023-07-25,49.559940338134766,49.0346721780695,38.61124853292006,95.03968253968253,95.03968253968253,50.95000076293945
2023-07-26,49.54047393798828,49.229204814748314,39.363663734653024,96.23015873015873,96.23015873015873,50.93000030517578
2023-07-27,48.538578033447266,50.649372066212266,31.27165685321004,79.36507936507937,79.36507936507937,49.900001525878906
2023-07-28,49.9295768737793,49.5793980795467,33.517578807974125,84.12698412698413,84.12698412698413,51.33000183105469
2023-07-31,50.21165466308594,50.09492965238441,35.72807474118713,87.89682539682539,87.89682539682539,51.619998931884766
2023-08-01,49.73501968383789,49.68638457749259,34.352278722930926,84.72222222222221,84.72222222222221,51.130001068115234
2023-08-02,47.67285919189453,48.66503099079196,17.65019542239978,60.317460317460316,60.317460317460316,49.0099983215332
2023-08-03,47.20595932006836,46.93359972151845,5.155785991360657,51.587301587301596,51.587301587301596,48.529998779296875
2023-08-04,46.54450607299805,47.76040229967637,-5.922305547413338,42.46031746031746,42.46031746031746,47.849998474121094
2023-08-07,47.721500396728516,47.10868760870507,-3.7082945051146767,44.047619047619044,44.047619047619044,49.060001373291016
2023-08-08,47.07950973510742,46.86551078293197,-8.430914111325333,41.07142857142857,41.07142857142857,48.400001525878906
2023-08-09,46.1359748840332,47.18650748021441,-21.249773928733358,27.380952380952383,27.380952380952383,47.43000030517578
2023-08-10,46.12624740600586,46.85578529909587,-27.240145499538336,20.238095238095237,20.238095238095237,47.41999816894531
2023-08-11,46.0386962890625,45.51342823108691,-29.224540701678286,17.857142857142858,17.857142857142858,47.33000183105469
2023-08-14,46.748783111572266,45.73715648138985,-25.04808445965182,23.015873015873016,23.015873015873016,48.060001373291016
2023-08-15,45.17298889160156,46.16516095685841,-31.992755560317605,13.88888888888889,13.88888888888889,46.439998626708984
2023-08-16,44.10299301147461,44.98816541499893,-37.71165362860652,6.15079365079365,6.15079365079365,45.34000015258789
2023-08-17,43.07191848754883,44.511539567091795,-41.03353027396088,2.1825396825396823,2.1825396825396823,44.279998779296875
2023-08-18,43.09136962890625,42.17701683044628,-40.660433394584636,2.579365079365079,2.579365079365079,44.29999923706055
2023-08-21,43.94736099243164,43.38318326614881,-36.69619937744188,7.738095238095238,7.738095238095238,45.18000030517578
2023-08-22,43.567996978759766,44.47262412003981,-35.88840285570637,9.523809523809524,9.523809523809524,44.790000915527344
2023-08-23,44.958984375,43.87926782850448,-27.7514391689218,21.03174603174603,21.03174603174603,46.220001220703125
2023-08-24,43.101097106933594,45.47452555403719,-32.14695342342683,14.880952380952381,14.880952380952381,44.310001373291016
2023-08-25,43.986270904541016,43.58745701970563,-29.55917154588395,18.650793650793652,18.650793650793652,45.220001220703125
2023-08-28,44.793617248535156,44.637982676471275,-23.35550269302736,27.77777777777778,27.77777777777778,46.04999923706055
2023-08-29,46.70986557006836,44.754702540416694,-9.124679636042709,43.452380952380956,43.452380952380956,48.02000045776367
2023-08-30,47.30323028564453,46.85577763103692,4.4600705773781115,53.96825396825397,53.96825396825397,48.630001068115234
2023-08-31,47.01141357421875,47.44913324811615,10.88391519787219,58.53174603174603,58.53174603174603,48.33000183105469
2023-09-01,47.2448616027832,47.91603495731897,15.403830575619438,61.30952380952381,61.30952380952381,48.56999969482422
2023-09-05,46.651512145996094,47.1378707055931,15.086202514480338,61.30952380952381,61.30952380952381,47.959999084472656
2023-09-06,45.67878723144531,46.340235056466945,7.762328703930119,57.341269841269835,57.341269841269835,46.959999084472656
2023-09-07,45.21189498901367,44.66717202145147,0.8544629659744655,50.595238095238095,50.595238095238095,46.47999954223633
2023-09-08,45.367523193359375,45.22161786038259,-1.8821147783851915,49.404761904761905,49.404761904761905,46.63999938964844
2023-09-11,46.27214431762695,46.204054429002284,3.0512346603815144,52.77777777777778,52.77777777777778,47.56999969482422
2023-09-12,45.474525451660156,45.77606909529164,-0.01293886789901295,50.0,50.0,46.75
2023-09-13,45.64960861206055,45.53288361229956,-0.2146873259181571,50.0,50.0,46.93000030517578
2023-09-14,46.76824188232422,46.398608330070985,8.039174265907782,58.53174603174603,58.53174603174603,48.08000183105469
2023-09-15,45.056251525878906,46.25269300076753,-0.4141047803731703,49.60317460317461,49.60317460317461,46.31999969482422
2023-09-18,45.12434768676758,44.92980351597131,-4.424465442397924,46.230158730158735,46.230158730158735,46.38999938964844
2023-09-19,44.842254638671875,44.81307431449388,-9.706232886867468,42.65873015873016,42.65873015873016,46.099998474121094
2023-09-20,43.56254959106445,45.208439368356416,-21.212725126575712,30.158730158730158,30.158730158730158,44.72999954223633
2023-09-21,41.3907585144043,42.64709066447377,-33.02203896040894,13.88888888888889,13.88888888888889,42.5
2023-09-22,41.049888610839844,41.653705601856636,-38.90989869033015,4.563492063492063,4.563492063492063,42.150001525878906
2023-09-25,41.585533142089844,40.699284239567625,-38.62466982113394,5.158730158730158,5.158730158730158,42.70000076293945
2023-09-26,39.70590591430664,40.650590161879826,-41.596838259507386,1.5873015873015872,1.5873015873015872,40.77000045776367
2023-09-27,39.774078369140625,40.075988723444006,-41.2639497211048,2.1825396825396823,2.1825396825396823,40.84000015258789
2023-09-28,40.41685485839844,39.550084348627735,-39.04875871895048,4.761904761904762,4.761904761904762,41.5
2023-09-29,40.09547424316406,41.29337490166195,-38.966471219553114,5.158730158730158,5.158730158730158,41.16999816894531
2023-10-02,40.056514739990234,39.842255515310995,-39.08402829992891,4.761904761904762,4.761904761904762,41.130001068115234
2023-10-03,38.42036056518555,39.37478223915945,-41.64979810376956,1.5873015873015872,1.5873015873015872,39.45000076293945
2023-10-04,39.23843002319336,38.52748350286294,-40.405590963450194,3.373015873015873,3.373015873015873,40.290000915527344
2023-10-05,39.141048431396484,39.111832613693984,-40.185573568939745,3.7698412698412698,3.7698412698412698,40.189998626708984
2023-10-06,40.514244079589844,38.4398394695148,-34.47749376583095,13.88888888888889,13.88888888888889,41.599998474121094
2023-10-09,41.26415252685547,39.968867127022996,-27.19645238662981,23.214285714285715,23.214285714285715,42.369998931884766
2023-10-10,41.89718246459961,41.488142493494934,-19.35206016161866,32.93650793650794,32.93650793650794,43.02000045776367
2023-10-11,42.432830810546875,42.238050030302844,-12.215325227835958,40.07936507936508,40.07936507936508,43.56999969482422
2023-10-12,41.62449645996094,42.57891821650315,-13.132786870690232,38.88888888888889,38.88888888888889,42.7400016784668
2023-10-13,40.991455078125,42.02379051453478,-16.847499386320735,35.51587301587302,35.51587301587302,42.09000015258789
2023-10-16,42.257530212402344,41.605018844236355,-9.45626527683403,42.65873015873016,42.65873015873016,43.38999938964844
2023-10-17,42.218570709228516,41.273890074518135,-5.499946502966508,45.23809523809524,45.23809523809524,43.349998474121094
2023-10-18,40.5434684753418,41.682929985352985,-14.150859555431003,37.301587301587304,37.301587301587304,41.630001068115234
2023-10-19,39.433223724365234,40.67007380288385,-21.575757562462904,28.968253968253972,28.968253968253972,40.4900016784668
2023-10-20,37.92367172241211,39.23843919624906,-32.796959709756976,15.674603174603174,15.674603174603174,38.939998626708984
2023-10-23,37.73863220214844,37.46594133895011,-35.83783889955218,11.507936507936508,11.507936507936508,38.75
2023-10-24,38.57618713378906,38.29375518695821,-33.53628114085735,14.880952380952381,14.880952380952381,39.61000061035156
2023-10-25,36.90107727050781,38.079495598103975,-38.670740373894915,6.547619047619048,6.547619047619048,37.88999938964844
2023-10-26,35.53762435913086,36.550477869787024,-41.50681157023928,2.1825396825396823,2.1825396825396823,36.4900016784668
2023-10-27,35.03118133544922,35.93690855888575,-42.7730836056569,0.7936507936507936,0.7936507936507936,35.970001220703125
2023-10-30,36.277774810791016,35.742130556611436,-38.888634756716264,6.746031746031746,6.746031746031746,37.25
2023-10-31,36.9302864074707,36.404383228256144,-34.41738039446744,14.880952380952381,14.880952380952381,37.91999816894531
2023-11-01,38.10871505737305,37.17376806171531,-26.18977083046013,25.793650793650798,25.793650793650798,39.130001068115234
2023-11-02,40.25129318237305,39.15078502185985,-9.492709694210587,44.44444444444444,44.44444444444444,41.33000183105469
2023-11-03,41.33232116699219,40.933022252760125,4.893630128298095,57.341269841269835,57.341269841269835,42.439998626708984
2023-11-06,41.595272064208984,41.55631516887198,13.823871366913446,63.49206349206349,63.49206349206349,42.709999084472656
2023-11-07,41.945884704589844,41.5952800098514,20.629635331514706,70.03968253968253,70.03968253968253,43.06999969482422
2023-11-08,42.04326629638672,42.121180089064396,24.74629790731326,74.60317460317461,74.60317460317461,43.16999816894531
2023-11-09,41.001197814941406,42.32570270982263,20.366458938722452,70.03968253968253,70.03968253968253,42.099998474121094
2023-11-10,42.91004180908203,41.6050154636544,27.969458011397137,78.57142857142857,78.57142857142857,44.060001373291016
2023-11-13,42.77368927001953,42.510739520567206,30.76814786773307,81.54761904761905,81.54761904761905,43.91999816894531
2023-11-14,45.2376594543457,44.57540710280352,35.206812966287046,89.68253968253968,89.68253968253968,46.45000076293945
2023-11-15,45.52982711791992,45.6564351640468,37.52452341660844,94.64285714285714,94.64285714285714,46.75
2023-11-16,45.64670181274414,45.3350540426847,39.02331630305655,97.02380952380952,97.02380952380952,46.869998931884766
2023-11-17,45.821998596191406,45.66617473004066,40.20734068236139,98.01587301587301,98.01587301587301,47.04999923706055
2023-11-20,46.83485412597656,45.734346015777966,41.52018787899404,98.80952380952381,98.80952380952381,48.09000015258789
2023-11-21,46.48424530029297,46.46476685500235,40.99332835201591,98.21428571428571,98.21428571428571,47.72999954223633
2023-11-22,47.019901275634766,46.99068545797544,41.54275885231794,98.80952380952381,98.80952380952381,48.279998779296875
2023-11-24,47.05885314941406,46.9809430722662,41.896137586297414,99.20634920634922,99.20634920634922,48.31999969482422
2023-11-27,46.81538009643555,46.834858545327855,40.922933968151185,97.42063492063492,97.42063492063492,48.06999969482422
2023-11-28,46.92250442504883,46.6595509673084,40.80915451166272,97.22222222222221,97.22222222222221,48.18000030517578
2023-11-29,46.78615951538086,47.60423570986359,38.98979360118277,95.23809523809523,95.23809523809523,48.040000915527344
2023-11-30,47.31206512451172,47.02963322487299,39.621954566233164,96.62698412698413,96.62698412698413,48.58000183105469
2023-12-01,48.110660552978516,47.10754104614247,41.38289876592449,98.21428571428571,98.21428571428571,49.400001525878906
2023-12-04,47.38024139404297,47.019895681819506,37.91872975627434,92.65873015873017,92.65873015873017,48.650001525878906
2023-12-05,47.32180404663086,46.87381091082748,35.72081220298283,88.09523809523809,88.09523809523809,48.59000015258789
2023-12-06,46.72772216796875,47.984054076103185,30.932456428967114,80.15873015873017,80.15873015873017,47.97999954223633
2023-12-07,47.7405891418457,47.351027568513,33.2362992143267,84.12698412698413,84.12698412698413,49.02000045776367
2023-12-08,48.35414505004883,47.487370775822285,36.52867686907241,89.0873015873016,89.0873015873016,49.650001525878906
2023-12-11,48.909263610839844,48.1690974634449,39.62259451914233,96.42857142857143,96.42857142857143,50.220001220703125
2023-12-12,49.561771392822266,48.772914754794215,41.708937436501465,98.80952380952381,98.80952380952381,50.88999938964844
2023-12-13,51.56801223754883,49.66890625534697,42.87490256407449,100.0,100.0,52.95000076293945
2023-12-14,52.02574157714844,52.21078497389972,42.210260962454754,99.40476190476191,99.40476190476191,53.41999816894531
2023-12-15,51.79199981689453,51.8017371817694,41.06553021376038,97.02380952380952,97.02380952380952,53.18000030517578
2023-12-18,52.61981964111328,52.27895610235685,41.96205852942158,99.0079365079365,99.0079365079365,54.029998779296875
2023-12-19,53.5352897644043,52.795123606843056,43.214891049007356,100.0,100.0,54.970001220703125
2023-12-20,51.230926513671875,53.23175251688415,32.91351860610393,81.74603174603175,81.74603174603175,52.4900016784668
2023-12-21,52.694942474365234,52.25573588834335,33.182469599158296,82.34126984126983,82.34126984126983,53.9900016784668
2023-12-22,52.98774337768555,53.065822476782756,34.57391818182472,84.12698412698413,84.12698412698413,54.290000915527344
2023-12-26,53.612396240234375,53.1146275080471,37.62991837702106,91.07142857142857,91.07142857142857,54.93000030517578
2023-12-27,53.90520095825195,53.563597875888156,40.08839946790632,95.23809523809523,95.23809523809523,55.22999954223633
2023-12-28,53.89543914794922,53.96375976021605,40.660167470743815,95.63492063492063,95.63492063492063,55.220001220703125
2023-12-29,53.42695236206055,53.80759682996484,38.055429357893885,91.26984126984127,91.26984126984127,54.7400016784668
2024-01-02,52.460697174072266,52.34357666008494,30.83652606437184,76.78571428571429,76.78571428571429,53.75
2024-01-03,51.19188690185547,51.73845184499847,18.327233236863076,63.69047619047619,63.69047619047619,52.45000076293945
2024-01-04,50.65508270263672,50.977165097989946,8.089808066974555,56.94444444444444,56.94444444444444,51.900001525878906
2024-01-05,50.850276947021484,50.674594305240156,3.7563132291607833,52.182539682539684,52.182539682539684,52.099998474121094
2024-01-08,52.968223571777344,50.97715624786276,13.74982330764198,59.92063492063492,59.92063492063492,54.27000045776367
2024-01-09,52.70470428466797,52.08005653330151,17.152636893068703,62.698412698412696,62.698412698412696,54.0
2024-01-10,53.612396240234375,52.80230363511143,23.801856329534914,68.65079365079364,68.65079365079364,54.93000030517578
2024-01-11,53.47575759887695,53.87592281313913,25.839114300197963,71.23015873015873,71.23015873015873,54.790000915527344
2024-01-12,53.553836822509766,53.934481329174304,26.522030088469272,71.62698412698413,71.62698412698413,54.869998931884766
2024-01-16,52.95846939086914,53.05607293519697,19.910714292100632,64.68253968253968,64.68253968253968,54.2599983215332
2024-01-17,52.02149200439453,51.89460927226839,6.926302652449035,54.761904761904766,54.761904761904766,53.29999923706055
2024-01-18,53.36839294433594,52.53878335553192,12.573911050623968,58.730158730158735,58.730158730158735,54.68000030517578
2024-01-19,55.36922073364258,53.739280702138274,24.325992419650213,69.24603174603175,69.24603174603175,56.72999954223633
2024-01-22,55.681541442871094,55.896265496366006,28.66489922328758,74.0079365079365,74.0079365079365,57.04999923706055
2024-01-23,56.1402702331543,55.87674626685916,33.35500818569061,81.54761904761905,81.54761904761905,57.52000045776367
2024-01-24,56.29642868041992,57.13580043440082,33.0245855938314,80.55555555555556,80.55555555555556,57.68000030517578
2024-01-25,57.19436264038086,57.02844221075571,36.779644692107254,87.5,87.5,58.599998474121094
2024-01-26,56.96011734008789,56.99915875232777,37.21819340326787,89.0873015873016,89.0873015873016,58.36000061035156
2024-01-29,58.28750228881836,57.018682307137986,40.24119428571951,95.23809523809523,95.23809523809523,59.720001220703125
2024-01-30,58.10205078125,57.99468875908181,40.90682351047084,95.83333333333334,95.83333333333334,59.529998779296875
2024-01-31,55.27162170410156,57.29196847969695,24.205224918698235,67.26190476190477,67.26190476190477,56.630001068115234
2024-02-01,57.360286712646484,55.76938441758519,25.15786591927258,68.45238095238095,68.45238095238095,58.77000045776367
2024-02-02,59.13663101196289,57.506687277894436,29.478429697986407,73.61111111111111,73.61111111111111,60.59000015258789
2024-02-05,58.472938537597656,58.8926244244234,28.86144644072925,73.01587301587301,73.01587301587301,59.90999984741211
2024-02-06,58.95118713378906,58.81454218527565,29.97510814143244,73.80952380952381,73.80952380952381,60.400001525878906
2024-02-07,60.395687103271484,59.77103936221951,34.048272919487,81.74603174603175,81.74603174603175,61.880001068115234
2024-02-08,60.46401596069336,60.37617462743232,36.43343431512635,85.9126984126984,85.9126984126984,61.95000076293945
2024-02-09,61.45954513549805,60.62017328693788,38.87164287998971,92.46031746031747,92.46031746031747,62.970001220703125
2024-02-12,61.3424186706543,61.449780701808386,38.43198656184979,91.66666666666666,91.66666666666666,62.849998474121094
2024-02-13,58.834068298339844,58.95119255068506,25.310075593858162,67.65873015873017,67.65873015873017,60.279998779296875
2024-02-14,60.385921478271484,59.7710359871903,24.320008810151307,65.67460317460318,65.67460317460318,61.869998931884766
2024-02-15,61.527870178222656,60.571377733207754,27.846360993456003,70.43650793650794,70.43650793650794,63.040000915527344
2024-02-16,60.58113098144531,61.4302613101929,24.437138978009884,65.87301587301587,65.87301587301587,62.06999969482422
2024-02-20,59.566078186035156,59.94672269858569,15.165457384259835,56.15079365079365,56.15079365079365,61.029998779296875
2024-02-21,59.70271301269531,59.05854458604866,10.723293746185039,52.77777777777778,52.77777777777778,61.16999816894531
2024-02-22,63.38228988647461,62.08419074209113,22.263136096077403,63.095238095238095,63.095238095238095,64.94000244140625
2024-02-23,63.46036148071289,63.98740939010302,26.949707100948388,69.04761904761905,69.04761904761905,65.0199966430664
2024-02-26,62.75764083862305,63.606767409454775,25.937469513042522,67.85714285714286,67.85714285714286,64.30000305175781
2024-02-27,63.06996536254883,63.001644747564235,26.608589234578396,68.65079365079364,68.65079365079364,64.62000274658203
2024-02-28,62.767391204833984,62.45507107803623,25.394913518748403,66.86507936507937,66.86507936507937,64.30999755859375
2024-02-29,63.38228988647461,63.421331302063805,27.1416043066959,69.84126984126983,69.84126984126983,64.94000244140625
2024-03-01,65.16839599609375,63.723900676431214,33.06609888722649,79.16666666666666,79.16666666666666,66.7699966430664
2024-03-04,64.91463470458984,64.82678965165611,33.13754788728116,79.36507936507937,79.36507936507937,66.51000213623047
2024-03-05,62.943084716796875,64.13382192772883,21.53013440725476,61.111111111111114,61.111111111111114,64.48999786376953
2024-03-06,63.91909408569336,64.2119009862401,19.96844670655208,58.730158730158735,58.730158730158735,65.48999786376953
2024-03-07,65.77352142333984,65.09031524010085,26.06610993115213,67.26190476190477,67.26190476190477,67.38999938964844
2024-03-08,64.55350494384766,65.99800758824406,20.849658677802367,60.317460317460316,60.317460317460316,66.13999938964844
2024-03-11,64.33877563476562,64.02645177037893,17.07923010187416,55.158730158730165,55.158730158730165,65.91999816894531
2024-03-12,66.3981704711914,65.1391126697198,23.85991122274244,62.5,62.5,68.02999877929688
2024-03-13,66.04679870605469,66.48600902909583,25.386878382982285,65.87301587301587,65.87301587301587,67.66999816894531
2024-03-14,65.58805847167969,66.38838868556815,23.112743441197637,61.50793650793651,61.50793650793651,67.19999694824219
2024-03-15,64.16307830810547,64.38756452474088,13.963982196982139,51.98412698412699,51.98412698412699,65.73999786376953
2024-03-18,65.31478881835938,65.74423692544777,14.437738955606127,52.57936507936508,52.57936507936508,66.91999816894531
2024-03-19,66.40792846679688,65.07078791461954,20.002738695250347,57.738095238095234,57.738095238095234,68.04000091552734
2024-03-20,68.20020294189453,66.43042228497085,27.183805761637032,69.44444444444444,69.44444444444444,69.75
2024-03-21,68.77708435058594,69.3050867738191,29.4852295221539,72.22222222222221,72.22222222222221,70.33999633789062
2024-03-22,68.45441436767578,68.76730382687622,28.504929738126307,70.63492063492063,70.63492063492063,70.01000213623047
2024-03-25,67.87753295898438,67.83842083663184,24.521177524381798,63.49206349206349,63.49206349206349,69.41999816894531
2024-03-26,67.3104248046875,68.38598962244203,18.2930886833077,55.55555555555556,55.55555555555556,68.83999633789062
2024-03-27,69.02153778076172,68.47398296205058,24.09150623427596,62.10317460317461,62.10317460317461,70.58999633789062
2024-03-28,68.98242950439453,69.0215341666478,26.886249096232017,67.46031746031747,67.46031746031747,70.55000305175781
2024-04-01,68.63041687011719,69.23663601629168,25.919609474810144,65.87301587301587,65.87301587301587,70.19000244140625
2024-04-02,67.24195861816406,67.00729339769302,15.611448695853843,52.77777777777778,52.77777777777778,68.7699966430664
2024-04-03,67.4375228881836,66.7921841716109,11.168339770627774,48.80952380952381,48.80952380952381,68.97000122070312
2024-04-04,64.86595916748047,68.97264202059075,-7.498956111423392,35.317460317460316,35.317460317460316,66.33999633789062
2024-04-05,66.88018798828125,65.4135172317833,-6.196770775394319,35.714285714285715,35.714285714285715,68.4000015258789
2024-04-08,66.93885040283203,67.17351562799578,-5.187275653045657,36.507936507936506,36.507936507936506,68.45999908447266
2024-04-09,67.17351531982422,67.66240555493174,-3.284924236848635,38.095238095238095,38.095238095238095,68.69999694824219
2024-04-10,65.19841003417969,64.9050728732545,-14.49740406566589,29.761904761904763,29.761904761904763,66.68000030517578
2024-04-11,66.58686065673828,65.67752435543137,-12.503371397533536,31.746031746031743,31.746031746031743,68.0999984741211
2024-04-12,63.75128936767578,65.13974342888692,-24.681368189205248,21.825396825396826,21.825396825396826,65.19999694824219
2024-04-15,61.37528610229492,65.36462884125551,-33.052372249296056,13.690476190476192,13.690476190476192,62.77000045776367
2024-04-16,60.98418045043945,61.52195908271321,-37.09014126153471,8.531746031746032,8.531746031746032,62.369998931884766
2024-04-17,59.89883041381836,61.89350348321436,-39.30675023899199,5.357142857142857,5.357142857142857,61.2599983215332
2024-04-18,59.429500579833984,60.35839284745252,-41.40795891012652,2.380952380952381,2.380952380952381,60.779998779296875
2024-04-19,57.84550094604492,59.40994843568586,-42.80552653320074,0.5952380952380952,0.5952380952380952,59.15999984741211
2024-04-22,59.400169372558594,58.81350252505128,-39.581673667480125,5.555555555555555,5.555555555555555,60.75
2024-04-23,61.531734466552734,60.19217606694375,-32.58503479640399,15.476190476190476,15.476190476190476,62.93000030517578
2024-04-24,61.482845306396484,61.88373520407283,-28.830149069004747,19.444444444444446,19.444444444444446,62.880001068115234
2024-04-25,60.6517333984375,59.087285827906705,-28.814491620973826,19.642857142857142,19.642857142857142,62.029998779296875
2024-04-26,62.40195846557617,61.697955230158975,-23.350212958746496,25.0,25.0,63.81999969482422
2024-04-29,63.00818634033203,63.06685079111751,-18.339634904302347,29.166666666666668,29.166666666666668,64.44000244140625
2024-04-30,60.03573226928711,62.42151566749741,-24.368478817438785,22.817460317460316,22.817460317460316,61.400001525878906
2024-05-01,59.35128402709961,59.77172998959471,-29.092994194388922,18.650793650793652,18.650793650793652,60.70000076293945
2024-05-02,60.98418045043945,60.71040305145005,-26.809698039425893,21.03174603174603,21.03174603174603,62.369998931884766
2024-05-03,63.25262451171875,63.22329228956597,-16.692647243301643,29.563492063492063,29.563492063492063,64.69000244140625
2024-05-06,65.20818328857422,64.17173089608991,-4.050229665053058,37.89682539682539,37.89682539682539,66.69000244140625
2024-05-07,65.40373992919922,65.5601883968298,3.5206777648618632,43.25396825396825,43.25396825396825,66.88999938964844
2024-05-08,65.37440490722656,64.6508494251008,8.51613003368223,48.61111111111111,48.61111111111111,66.86000061035156
2024-05-09,66.430419921875,65.40374725274052,15.428566568398422,53.17460317460318,53.17460317460318,67.94000244140625
2024-05-10,66.71395874023438,67.0561803819293,19.46010713282884,56.94444444444444,56.94444444444444,68.2300033569336
2024-05-13,66.67486572265625,67.32997697576465,21.38803773228913,59.72222222222222,59.72222222222222,68.19000244140625
2024-05-14,67.57443237304688,66.74332017655696,25.117970370050507,64.48412698412699,64.48412698412699,69.11000061035156
2024-05-15,70.0481948852539,68.54241201013686,31.143604852151935,75.39682539682539,75.39682539682539,71.63999938964844
2024-05-16,69.5788803100586,70.04821088281071,30.936242359216987,74.60317460317461,74.60317460317461,71.16000366210938
2024-05-17,69.85264587402344,69.58864094423419,31.90210790031322,76.5873015873016,76.5873015873016,71.44000244140625
2024-05-20,70.05797576904297,69.86241518906573,32.940868113802615,78.17460317460318,78.17460317460318,71.6500015258789
2024-05-21,70.53710174560547,69.71576950755406,35.34764843758785,83.53174603174604,83.53174603174604,72.13999938964844
2024-05-22,69.89176177978516,70.25353583372613,32.70682677326314,76.98412698412699,76.98412698412699,71.4800033569336
2024-05-23,68.26863861083984,71.06509161783329,22.745397549885123,59.12698412698413,59.12698412698413,69.81999969482422
2024-05-24,69.62775421142578,69.02152756622932,22.11345729072661,58.53174603174603,58.53174603174603,71.20999908447266
2024-05-28,69.75486755371094,69.93086836800444,22.19429375735534,58.53174603174603,58.53174603174603,71.33999633789062
2024-05-29,68.24909210205078,68.06331139207668,15.310579326333922,50.39682539682539,50.39682539682539,69.80000305175781
2024-05-30,66.85086822509766,67.61353596702807,6.770813078351222,43.65079365079365,43.65079365079365,68.37000274658203
2024-05-31,68.6108627319336,67.17352406011825,8.097259206750982,45.23809523809524,45.23809523809524,70.16999816894531
2024-06-03,68.77708435058594,69.26597465433434,7.514271114339961,44.047619047619044,44.047619047619044,70.33999633789062
2024-06-04,68.95309448242188,68.24909861612143,6.621347385432622,43.05555555555556,43.05555555555556,70.5199966430664
2024-06-05,71.39754486083984,69.90154155347388,18.326751947298323,53.96825396825397,53.96825396825397,73.0199966430664
2024-06-06,71.36820983886719,71.54421065989504,23.214469388862796,59.523809523809526,59.523809523809526,72.98999786376953
2024-06-07,71.02598571777344,70.9379890401388,21.63749691765598,57.738095238095234,57.738095238095234,72.63999938964844
2024-06-10,71.67131805419922,70.69353749389568,24.421487840486712,62.10317460317461,62.10317460317461,73.30000305175781
2024-06-11,72.16020965576172,71.0553128280665,28.368611514400584,69.64285714285714,69.64285714285714,73.80000305175781
2024-06-12,73.92022705078125,74.04734332920948,31.78605674115374,75.79365079365078,75.79365079365078,75.5999984741211
2024-06-13,74.37976837158203,74.65354574021589,35.2683416397843,83.33333333333334,83.33333333333334,76.06999969482422
2024-06-14,74.3895492553711,73.66598624593247,37.16225645561854,87.6984126984127,87.6984126984127,76.08000183105469
2024-06-17,76.13978576660156,74.11578001673963,39.40480114551405,94.04761904761905,94.04761904761905,77.87000274658203
2024-06-18,76.69711303710938,76.1593307204536,41.52755437311455,97.42063492063492,97.42063492063492,78.44000244140625
2024-06-20,76.02243041992188,77.08820753574516,39.72717530137111,94.24603174603175,94.24603174603175,77.75
2024-06-21,75.48464965820312,75.63131822137362,35.64749997078533,83.33333333333334,83.33333333333334,77.19999694824219
2024-06-24,74.8882064819336,75.56287742821624,29.31703927141602,69.44444444444444,69.44444444444444,76.58999633789062
2024-06-25,75.71932220458984,75.40643275167307,29.468132676796067,69.64285714285714,69.64285714285714,77.44000244140625
2024-06-26,76.02625274658203,75.2417737689693,30.88782868907682,72.02380952380952,72.02380952380952,77.52999877929688
2024-06-27,76.31062316894531,75.90857931291912,33.2056485497824,78.17460317460318,78.17460317460318,77.81999969482422
2024-06-28,75.3496322631836,76.59500393761476,26.656156243442382,64.28571428571429,64.28571428571429,76.83999633789062
2024-07-01,75.7811050415039,75.91838905574146,24.770943254476357,60.317460317460316,60.317460317460316,77.27999877929688
2024-07-02,77.26182556152344,75.11429942062838,30.65697226210261,70.83333333333334,70.83333333333334,78.79000091552734
2024-07-03,78.23261260986328,77.1049161288979,36.030101949961725,84.52380952380952,84.52380952380952,79.77999877929688
2024-07-05,79.54662322998047,78.3502847911547,39.40309857295814,93.45238095238095,93.45238095238095,81.12000274658203
2024-07-08,79.79179382324219,79.89966092076384,40.68343999982848,95.23809523809523,95.23809523809523,81.37000274658203
2024-07-09,79.98789978027344,80.18401766567501,41.041441738043446,96.23015873015873,96.23015873015873,81.56999969482422
2024-07-10,82.29230499267578,80.51741373460001,42.41994378711041,99.60317460317461,99.60317460317461,83.91999816894531
2024-07-11,80.1742172241211,82.38057710720548,34.73149903137088,79.56349206349206,79.56349206349206,81.76000213623047
2024-07-12,81.60589599609375,80.61548349818392,34.24697487873789,78.57142857142857,78.57142857142857,83.22000122070312
2024-07-15,82.272705078125,82.4884392285249,35.28671863830262,81.34920634920636,81.34920634920636,83.9000015258789
2024-07-16,83.71420288085938,82.83165739759211,39.04112388824944,91.86507936507937,91.86507936507937,85.37000274658203
2024-07-17,80.1447982788086,80.95869421827317,23.38682546744984,54.761904761904766,54.761904761904766,81.7300033569336
2024-07-18,78.24242401123047,80.80180202954752,5.671671949931027,36.904761904761905,36.904761904761905,79.79000091552734
2024-07-19,76.59500885009766,78.06591542259,-10.046257846668901,25.992063492063494,25.992063492063494,78.11000061035156
2024-07-22,78.97787475585938,78.28164656945708,-9.478246221621282,26.785714285714285,26.785714285714285,80.54000091552734
2024-07-23,78.56602478027344,78.89942667483412,-10.727236584802368,25.992063492063494,25.992063492063494,80.12000274658203
2024-07-24,73.19230651855469,76.41849565875715,-25.079263163760523,17.063492063492063,17.063492063492063,74.63999938964844
2024-07-25,71.99596405029297,73.20211059995316,-32.962824454821714,10.317460317460316,10.317460317460316,73.41999816894531
2024-07-26,74.36903381347656,73.49629649941014,-30.994882334158408,11.706349206349206,11.706349206349206,75.83999633789062
2024-07-29,74.43768310546875,74.97701103307062,-29.586560297155213,12.896825396825399,12.896825396825399,75.91000366210938
2024-07-30,73.29036712646484,75.05545795149466,-31.85989825895102,11.507936507936508,11.507936507936508,74.73999786376953
2024-07-31,76.71269226074219,76.09490664621968,-23.44652274746906,19.841269841269842,19.841269841269842,78.2300033569336
2024-08-01,73.55513763427734,77.56580601168733,-27.644073942520937,15.873015873015872,15.873015873015872,75.01000213623047
2024-08-02,69.3973617553711,70.51525751991664,-32.57629325127575,10.912698412698413,10.912698412698413,70.7699966430664
2024-08-05,63.278404235839844,61.00340220123247,-36.41482815311457,7.142857142857142,7.142857142857142,64.52999877929688
2024-08-06,65.01407623291016,63.945213521577706,-35.74475921883721,8.134920634920634,8.134920634920634,66.30000305175781
2024-08-07,63.65103530883789,67.35771875043564,-37.41012274367559,6.746031746031746,6.746031746031746,64.91000366210938
2024-08-08,68.04413604736328,65.60243328197525,-31.488826764081466,12.698412698412698,12.698412698412698,69.38999938964844
2024-08-09,68.87765502929688,67.68131639361114,-26.949989878463,17.658730158730158,17.658730158730158,70.23999786376953
2024-08-12,68.95610046386719,69.32872743907197,-24.343839650438,20.238095238095237,20.238095238095237,70.31999969482422
2024-08-13,72.33918762207031,70.24069467909355,-17.072932540047976,25.396825396825395,25.396825396825395,73.7699966430664
2024-08-14,73.0354232788086,72.70201387295585,-10.814264291638363,28.968253968253972,28.968253968253972,74.4800033569336
2024-08-15,76.74211120605469,75.29081323643004,0.20534446827724429,35.91269841269841,35.91269841269841,78.26000213623047
2024-08-16,77.14413452148438,75.99682934497763,8.42182953460969,43.84920634920635,43.84920634920635,78.66999816894531
2024-08-19,79.36031341552734,77.34027077041733,17.05614218444739,50.0,50.0,80.93000030517578
2024-08-20,78.92884826660156,79.15439057672742,20.369811062285894,54.563492063492056,54.563492063492056,80.48999786376953
2024-08-21,79.78197479248047,79.37012273893686,23.114328683101963,57.936507936507944,57.936507936507944,81.36000061035156
2024-08-22,77.84037780761719,80.56646443709006,19.25406282356637,52.77777777777778,52.77777777777778,79.37999725341797
2024-08-23,80.22323608398438,79.18379791103236,22.155442363851733,56.94444444444444,56.94444444444444,81.80999755859375
2024-08-26,79.59565734863281,80.64490375732565,21.891437700965106,56.34920634920635,56.34920634920635,81.16999816894531
2024-08-27,79.9290542602539,79.04650894175353,22.307595733381884,57.341269841269835,57.341269841269835,81.51000213623047
2024-08-28,78.51699829101562,79.78197893377708,18.688886265104532,51.78571428571429,51.78571428571429,80.06999969482422
2024-08-29,78.47777557373047,79.33090416721055,16.62866328357721,49.404761904761905,49.404761904761905,80.02999877929688
2024-08-30,80.60568237304688,79.4191518925641,20.759822762879057,54.761904761904766,54.761904761904766,82.19999694824219
2024-09-03,75.6438217163086,79.22302922048817,11.661699634962808,44.84126984126984,44.84126984126984,77.13999938964844
2024-09-04,75.08486938476562,74.81030138352243,4.434197486842508,38.492063492063494,38.492063492063494,76.56999969482422
2024-09-05,74.53573608398438,75.05545517394972,-0.633402474702918,34.32539682539682,34.32539682539682,76.01000213623047
2024-09-06,70.72118377685547,74.61417650663154,-12.02008120007231,27.579365079365083,27.579365079365083,72.12000274658203
2024-09-09,73.0354232788086,72.3784126064742,-14.85719556260233,25.595238095238095,25.595238095238095,74.4800033569336
2024-09-10,73.96698760986328,73.8002866632213,-14.876774997067416,25.396825396825395,25.396825396825395,75.43000030517578
2024-09-11,76.19294738769531,73.93756209694943,-10.840035739563033,27.976190476190478,27.976190476190478,77.69999694824219
2024-09-12,78.11495208740234,76.47733701175741,-3.0337512257997354,32.93650793650794,32.93650793650794,79.66000366210938
2024-09-13,79.26226043701172,78.33068170951917,5.197262181362925,39.48412698412698,39.48412698412698,80.83000183105469
2024-09-16,79.63487243652344,79.14457029802884,10.902901989854202,44.24603174603175,44.24603174603175,81.20999908447266
2024-09-17,79.70352935791016,80.55665793191459,13.610407153572194,45.83333333333333,45.83333333333333,81.27999877929688
2024-09-18,78.93865966796875,79.94868107290465,10.065171783198457,43.05555555555556,43.05555555555556,80.5
2024-09-19,82.94933319091797,82.98855826969401,18.38020013388554,51.388888888888886,51.388888888888886,84.58999633789062
2024-09-20,82.390380859375,82.32173884857954,20.62950052116841,54.166666666666664,54.166666666666664,84.0199966430664
2024-09-23,83.02777099609375,82.91010325869031,23.670235676959976,59.12698412698413,59.12698412698413,84.66999816894531
2024-09-24,83.73380279541016,83.37097650149387,27.437815156583856,67.65873015873017,67.65873015873017,85.38999938964844
2024-09-25,83.12425994873047,83.65514747879473,26.52869963023214,65.27777777777779,65.27777777777779,84.55000305175781
2024-09-26,84.12705993652344,85.05121141497021,27.236037145225346,67.26190476190477,67.26190476190477,85.56999969482422
2024-09-27,83.6551513671875,84.53015048694589,25.618175642846253,63.095238095238095,63.095238095238095,85.08999633789062
2024-09-30,84.73660278320312,83.18324411325956,28.039371973614628,68.45238095238095,68.45238095238095,86.19000244140625
2024-10-01,82.38690948486328,84.46132980667011,19.890101046737378,51.19047619047619,51.19047619047619,83.80000305175781
2024-10-02,82.39673614501953,81.92483443323243,15.482413942265893,46.03174603174603,46.03174603174603,83.80999755859375
2024-10-03,81.93466186523438,81.76753031853055,11.117125550624122,42.06349206349206,42.06349206349206,83.33999633789062
2024-10-04,84.0779037475586,83.83211940749813,16.110395785804076,46.62698412698413,46.62698412698413,85.5199966430664
2024-10-07,81.81668090820312,83.34053910359478,10.413516901007897,41.07142857142857,41.07142857142857,83.22000122070312
2024-10-08,84.08773040771484,82.87847575301957,14.377934492394479,44.24603174603175,44.24603174603175,85.52999877929688
2024-10-09,85.79838562011719,84.0582359653711,20.486773960106007,52.77777777777778,52.77777777777778,87.2699966430664
2024-10-10,85.32648468017578,85.19867953516801,21.099234784897263,53.96825396825397,53.96825396825397,86.79000091552734
2024-10-11,86.73237609863281,85.18885079686397,24.532480081939397,60.71428571428571,60.71428571428571,88.22000122070312
2024-10-14,88.86579132080078,87.48939742448879,29.00189559754648,70.03968253968253,70.03968253968253,90.38999938964844
2024-10-15,86.80118560791016,88.97391795285779,21.304772948875442,53.769841269841265,53.769841269841265,88.29000091552734
2024-10-16,87.86298370361328,86.75203374778646,21.442111118961236,53.96825396825397,53.96825396825397,89.37000274658203
2024-10-17,87.88264465332031,89.50482273550345,20.03843253716463,50.595238095238095,50.595238095238095,89.38999938964844
2024-10-18,88.78712463378906,88.59050017968656,23.337076159281857,57.14285714285714,57.14285714285714,90.30999755859375
2024-10-21,88.36438751220703,88.4627072535809,22.555416987550515,55.75396825396825,55.75396825396825,89.87999725341797
2024-10-22,88.17758178710938,87.13545120828974,20.826806166405774,52.38095238095239,52.38095238095239,89.69000244140625
2024-10-23,85.70008087158203,87.19445384177052,6.497473238758065,34.92063492063492,34.92063492063492,87.16999816894531
2024-10-24,86.23097229003906,86.60456176640216,0.8426455096464068,29.96031746031746,29.96031746031746,87.70999908447266
2024-10-25,86.06385040283203,87.19445993277454,-2.887230947282253,27.380952380952383,27.380952380952383,87.54000091552734
2024-10-28,86.84052276611328,87.61720216233155,-1.2460576434364803,28.373015873015873,28.373015873015873,88.33000183105469
2024-10-29,87.21410369873047,86.37843854451071,1.962857883919384,30.952380952380953,30.952380952380953,88.70999908447266
2024-10-30,86.41777038574219,87.01748474029773,-1.3377230630222183,28.373015873015873,28.373015873015873,87.9000015258789
2024-10-31,81.2661361694336,84.41217265886611,-22.072365279675502,16.666666666666664,16.666666666666664,82.66000366210938
2024-11-01,82.24928283691406,82.38692148013833,-29.88604179343942,9.126984126984127,9.126984126984127,83.66000366210938
2024-11-04,81.68887329101562,82.29842110709279,-34.82695702035358,5.753968253968254,5.753968253968254,83.08999633789062
2024-11-05,84.63829040527344,82.11162772941199,-27.591026964910558,12.3015873015873,12.3015873015873,86.08999633789062
2024-11-06,90.94020080566406,90.12419504149993,-1.7449263105027317,29.166666666666668,29.166666666666668,92.5
2024-11-07,92.9851303100586,91.86435435586485,14.771220786823458,44.24603174603175,44.24603174603175,94.58000183105469
2024-11-08,94.1648941040039,93.1620973081707,24.359044424582308,60.71428571428571,60.71428571428571,95.77999877929688
2024-11-11,94.36152648925781,94.90224753323717,29.31969733363423,70.63492063492063,70.63492063492063,95.9800033569336
2024-11-12,93.44720458984375,94.31236272491367,28.259779343223073,68.84920634920636,68.84920634920636,95.05000305175781
2024-11-13,93.565185546875,93.63400486557275,28.047630191944773,68.45238095238095,68.45238095238095,95.16999816894531
2024-11-14,91.72672271728516,93.59467778273864,19.316928450744083,49.2063492063492,49.2063492063492,93.30000305175781
2024-11-15,88.1087646484375,89.98655292971871,3.2222516558778764,33.13492063492063,33.13492063492063,89.62000274658203
2024-11-18,89.18038177490234,88.31522366870946,-2.712563466308532,28.373015873015873,28.373015873015873,90.70999908447266
2024-11-19,90.1536865234375,87.57787162323443,-3.0864877284081986,27.77777777777778,27.77777777777778,91.69999694824219
2024-11-20,90.2028579711914,90.15369810006513,-3.1119791737611044,27.77777777777778,27.77777777777778,91.75
2024-11-21,91.59890747070312,91.50059523330648,2.14021031001439,32.93650793650794,32.93650793650794,93.16999816894531
2024-11-22,92.35591888427734,91.53007966510712,6.939097974650512,38.492063492063494,38.492063492063494,93.94000244140625
2024-11-25,93.26041412353516,94.21405859919454,12.881378658383024,43.452380952380956,43.452380952380956,94.86000061035156
2024-11-26,94.75476837158203,93.84045040090678,21.618290124805696,55.952380952380956,55.952380952380956,96.37999725341797
2024-11-27,93.7814712524414,94.58764357972117,21.15349029078336,54.96031746031746,54.96031746031746,95.38999938964844
2024-11-29,95.4134750366211,94.07640774960241,25.684715653780398,64.88095238095238,64.88095238095238,97.05000305175781
2024-12-02,95.973876953125,95.63960633233317,29.615027250721436,73.01587301587301,73.01587301587301,97.62000274658203
2024-12-03,96.02302551269531,95.83623451215159,31.799524702869125,76.19047619047619,76.19047619047619,97.66999816894531
2024-12-04,97.76318359375,96.8291985810975,35.50508566488416,84.52380952380952,84.52380952380952,99.44000244140625
2024-12-05,97.29127502441406,97.76318427101991,34.28739063927906,81.34920634920636,81.34920634920636,98.95999908447266
2024-12-06,97.80250549316406,97.57638060553984,34.896898741582426,82.73809523809523,82.73809523809523,99.4800033569336
2024-12-09,96.20982360839844,97.66486271528206,26.199839279277214,66.07142857142857,66.07142857142857,97.86000061035156
2024-12-10,95.30532836914062,96.50475702626431,17.019047084930907,47.42063492063492,47.42063492063492,96.94000244140625
2024-12-11,97.50756072998047,96.66206202576944,21.709217020997222,56.34920634920635,56.34920634920635,99.18000030517578
2024-12-12,95.95419311523438,97.01598313451707,15.864667592247697,46.42857142857143,46.42857142857143,97.5999984741211
2024-12-13,95.81656646728516,96.80953730380597,12.010561622954787,42.26190476190476,42.26190476190476,97.45999908447266
2024-12-16,96.96683502197266,96.58341205200598,14.609938023774466,44.44444444444444,44.44444444444444,98.62999725341797
2024-12-17,95.72809600830078,95.7084290589252,9.63821887545781,39.682539682539684,39.682539682539684,97.37000274658203
2024-12-18,87.24359130859375,95.57076442861938,-17.233951508621107,19.444444444444446,19.444444444444446,88.73999786376953
2024-12-19,87.04698181152344,89.36718655604847,-31.080493481323966,8.928571428571429,8.928571428571429,88.54000091552734
2024-12-20,89.93741607666016,85.8770536595878,-28.837835660504595,11.11111111111111,11.11111111111111,91.4800033569336
2024-12-23,91.69720458984375,89.93246879372252,-23.35071789808007,17.063492063492063,17.063492063492063,93.01000213623047
2024-12-24,94.62528991699219,92.22958794435804,-12.94034307573591,22.22222222222222,22.22222222222222,95.9800033569336
2024-12-26,94.61542510986328,93.76756304559146,-7.330525962694748,25.793650793650798,25.793650793650798,95.97000122070312
2024-12-27,91.59862518310547,92.7521094099697,-12.297275842685497,22.42063492063492,22.42063492063492,92.91000366210938
2024-12-30,88.39449310302734,88.23674782052561,-22.659639194084058,16.666666666666664,16.666666666666664,89.66000366210938
2024-12-31,87.3888931274414,89.11419281185096,-29.93589498554407,9.325396825396826,9.325396825396826,88.63999938964844
2025-01-02,86.65933227539062,88.79870188967051,-34.1040982375867,6.349206349206349,6.349206349206349,87.9000015258789
2025-01-03,89.83387756347656,87.94097193781583,-29.090098437651125,11.11111111111111,11.11111111111111,91.12000274658203
2025-01-06,91.39158630371094,91.7859420229931,-22.735754286909074,16.666666666666664,16.666666666666664,92.69999694824219
2025-01-07,88.33533477783203,92.3380348178802,-26.21787420550422,14.087301587301587,14.087301587301587,89.5999984741211
2025-01-08,88.57195281982422,88.25646974961427,-27.08761123566733,13.293650793650794,13.293650793650794,89.83999633789062
2025-01-10,84.49038696289062,86.89595006447765,-34.30964979933526,6.349206349206349,6.349206349206349,85.69999694824219
2025-01-13,84.89460754394531,82.38059631667308,-35.32127999914217,5.753968253968254,5.753968253968254,86.11000061035156
2025-01-14,85.14105987548828,86.11708427104281,-35.29600608379986,5.952380952380952,5.952380952380952,86.36000061035156
2025-01-15,89.78458404541016,88.71982599671723,-25.346639372834716,15.277777777777779,15.277777777777779,91.06999969482422
2025-01-16,89.27193450927734,90.38598240991774,-20.758028859271054,18.650793650793652,18.650793650793652,90.55000305175781
2025-01-17,91.78592681884766,91.5197410774084,-12.026355084897235,23.41269841269841,23.41269841269841,93.0999984741211
2025-01-21,94.18164825439453,93.23519900019504,0.19383769861308664,31.746031746031743,31.746031746031743,95.52999877929688
2025-01-22,95.808349609375,95.6308899251404,11.621158677738403,42.06349206349206,42.06349206349206,97.18000030517578
2025-01-23,97.37590789794922,95.52244585867439,21.055525354055753,54.563492063492056,54.563492063492056,98.7699966430664
2025-01-24,96.45903015136719,97.3660504944079,21.69305794602908,56.34920634920635,56.34920634920635,97.83999633789062
2025-01-27,92.34789276123047,90.16908671399217,9.816140881087918,40.27777777777778,40.27777777777778,93.66999816894531
2025-01-28,94.65486907958984,92.8901331297752,9.240926095988586,40.07936507936508,40.07936507936508,96.01000213623047
2025-01-29,93.35350036621094,94.28022762109376,5.245716705487987,36.904761904761905,36.904761904761905,94.69000244140625
2025-01-30,94.8421859741211,94.37882608838724,7.135522403694596,38.88888888888889,38.88888888888889,96.19999694824219
2025-01-31,93.23518371582031,95.9266542175638,3.686990336678692,34.92063492063492,34.92063492063492,94.56999969482422
2025-02-03,91.3028564453125,89.00574143293744,-2.468640507650722,29.761904761904763,29.761904761904763,92.61000061035156
2025-02-04,93.14646911621094,91.30286044884366,-1.5339909484759573,30.555555555555557,30.555555555555557,94.4800033569336
2025-02-05,94.23092651367188,92.60421413080995,1.8164948131487537,33.53174603174603,33.53174603174603,95.58000183105469
2025-02-06,95.20695495605469,95.03935623942908,6.504335239723814,38.69047619047619,38.69047619047619,96.56999969482422
2025-02-07,92.51548767089844,95.40413236066561,1.5924471571268046,33.53174603174603,33.53174603174603,93.83999633789062
2025-02-10,94.2999496459961,93.98446658664147,3.24810884270815,35.317460317460316,35.317460317460316,95.6500015258789
2025-02-11,94.49711608886719,93.25489835245546,4.77531854083065,37.5,37.5,95.8499984741211
2025-02-12,93.61968231201172,91.64791139342249,2.5153741658727276,34.32539682539682,34.32539682539682,94.95999908447266
2025-02-13,96.53790283203125,94.10276453241822,9.95585419997255,42.857142857142854,42.857142857142854,97.91999816894531
2025-02-14,96.42945098876953,96.55762090788193,13.079455615333222,46.03174603174603,46.03174603174603,97.80999755859375
2025-02-18,97.16886901855469,96.95197301279215,18.04286101239351,51.587301587301596,51.587301587301596,98.55999755859375
2025-02-19,97.88856506347656,96.53789931909782,22.67343503675988,61.111111111111114,61.111111111111114,99.29000091552734
2025-02-20,96.63648986816406,97.19844428175497,19.13158257456205,53.17460317460318,53.17460317460318,98.0199966430664
2025-02-21,91.63805389404297,96.45903337035176,-0.7028629114018781,31.150793650793652,31.150793650793652,92.94999694824219
2025-02-24,90.31696319580078,92.48590809353514,-15.613797982822359,21.23015873015873,21.23015873015873,91.61000061035156
2025-02-25,88.88743591308594,90.26766952774764,-25.048484977550885,15.873015873015872,15.873015873015872,90.16000366210938
2025-02-26,88.98603057861328,89.65643304391025,-29.49912681003078,11.11111111111111,11.11111111111111,90.26000213623047
2025-02-27,84.73684692382812,90.07049053581765,-37.216413246383304,4.365079365079365,4.365079365079365,85.94999694824219
2025-02-28,88.5818099975586,84.87487843964752,-31.615435310670225,9.722222222222223,9.722222222222223,89.8499984741211
2025-03-03,84.04673767089844,89.47896880415183,-35.63584001369825,5.952380952380952,5.952380952380952,85.25
2025-03-04,80.94119262695312,82.15383502032348,-38.35389546207269,3.968253968253968,3.968253968253968,82.0999984741211
2025-03-05,83.47492980957031,80.82290272823344,-35.85279541155306,5.753968253968254,5.753968253968254,84.66999816894531
2025-03-06,79.07787322998047,80.2412183940386,-39.428515559208094,2.380952380952381,2.380952380952381,80.20999908447266
2025-03-07,80.24121856689453,78.22015032543413,-38.074103008031805,4.365079365079365,4.365079365079365,81.38999938964844
2025-03-10,73.90196990966797,76.77090008177062,-40.33260933254805,1.984126984126984,1.984126984126984,74.95999908447266
2025-03-11,72.04850769042969,73.34001517277733,-42.01148899970475,0.3968253968253968,0.3968253968253968,73.08000183105469
2025-03-12,73.1034164428711,74.37520972943722,-41.94573204835878,0.5952380952380952,0.5952380952380952,74.1500015258789
2025-03-13,70.18518829345703,72.92594866835832,-43.53489314481575,0.0,0.0,71.19000244140625
2025-03-14,74.41464233398438,71.89077028887546,-40.224372581109016,2.7777777777777777,2.7777777777777777,75.4800033569336
2025-03-17,76.09065246582031,74.36535263051756,-36.281599337220584,6.944444444444445,6.944444444444445,77.18000030517578
2025-03-18,73.67523193359375,75.14419932637514,-36.694574291118265,6.547619047619048,6.547619047619048,74.7300033569336
2025-03-19,75.97233581542969,74.32590880113092,-33.728547869722256,9.523809523809524,9.523809523809524,77.05999755859375
2025-03-20,75.42022705078125,74.434341729856,-32.740920020750224,10.714285714285714,10.714285714285714,76.5
2025-03-21,75.42022705078125,73.46817080579771,-32.001925525938255,11.507936507936508,11.507936507936508,76.5
2025-03-24,79.33419799804688,78.08211934909242,-24.3752391923929,18.055555555555554,18.055555555555554,80.47000122070312
2025-03-25,79.85671997070312,79.866580931099,-18.274913684347858,21.23015873015873,21.23015873015873,81.0
2025-03-26,77.08785247802734,79.755932989982,-19.834873977428362,20.833333333333336,20.833333333333336,78.01000213623047
2025-03-27,76.36647033691406,76.46528672703221,-21.667686755336625,20.03968253968254,20.03968253968254,77.27999877929688
2025-03-28,71.78131866455078,75.70439032088888,-29.831505640596212,13.293650793650794,13.293650793650794,72.63999938964844
2025-03-31,73.02643585205078,69.42946458762422,-30.821663475689874,12.896825396825399,12.896825396825399,73.9000015258789
2025-04-01,73.73793029785156,72.3347101862666,-27.71780223393543,15.674603174603174,15.674603174603174,74.62000274658203
2025-04-02,75.13125610351562,71.38605639302213,-22.774082426047897,20.03968253968254,20.03968253968254,76.02999877929688
2025-04-03,64.360107421875,67.32464496844295,-33.65102610685153,9.722222222222223,9.722222222222223,65.12999725341797
2025-04-04,53.183799743652344,59.261102817419456,-39.43536452902803,3.373015873015873,3.373015873015873,53.81999969482422
2025-04-07,52.42289733886719,47.60058256626584,-38.4273833544395,5.357142857142857,5.357142857142857,53.04999923706055
2025-04-08,50.05126953125,57.838117597479915,-39.37204588190605,3.7698412698412698,3.7698412698412698,50.650001525878906
2025-04-09,64.04388427734375,48.95439292163397,-26.947890962286174,17.857142857142858,17.857142857142858,64.80999755859375
2025-04-10,57.344024658203125,60.00222851096039,-26.655827834532097,18.253968253968253,18.253968253968253,58.029998779296875
2025-04-11,60.35797882080078,56.77088777593137,-22.71161634407871,21.626984126984127,21.626984126984127,61.08000183105469
2025-04-14,62.03787612915039,63.76718937121779,-18.6958055966199,23.61111111111111,23.61111111111111,62.779998779296875
2025-04-15,61.553672790527344,62.255278998343435,-17.136031828938687,24.404761904761905,24.404761904761905,62.290000915527344
2025-04-16,57.432960510253906,59.4784906705075,-20.986351356665736,23.015873015873016,23.015873015873016,58.119998931884766
2025-04-17,57.5910758972168,57.97646513742883,-22.805500762625503,21.23015873015873,21.23015873015873,58.279998779296875
2025-04-21,53.5000114440918,55.83211453026237,-27.79917745206238,16.26984126984127,16.26984126984127,54.13999938964844
2025-04-22,57.512020111083984,55.41708162985165,-25.29393588057904,19.246031746031747,19.246031746031747,58.20000076293945
2025-04-23,60.26904296875,61.899536167910796,-20.37935322960856,24.00793650793651,24.00793650793651,60.9900016784668
2025-04-24,64.00434875488281,60.68407057254068,-13.570709781222796,27.18253968253968,27.18253968253968,64.7699966430664
2025-04-25,65.35816955566406,64.00436138165237,-7.251995130505313,31.349206349206348,31.349206349206348,66.13999938964844
2025-04-28,65.49650573730469,65.61508993653158,-2.913216672914776,33.730158730158735,33.730158730158735,66.27999877929688
2025-04-29,66.603271484375,64.77514169464114,0.799270549909699,37.301587301587304,37.301587301587304,67.4000015258789
2025-04-30,66.67243957519531,64.23163619356657,2.816429037931093,39.285714285714285,39.285714285714285,67.47000122070312
2025-05-01,68.10530090332031,68.8365588563241,5.894346291037841,43.05555555555556,43.05555555555556,68.91999816894531
2025-05-02,71.0599594116211,70.38799735314686,16.418278760141554,53.769841269841265,53.769841269841265,71.91000366210938
2025-05-05,69.89390563964844,69.50850888446621,19.087240401084703,56.94444444444444,56.94444444444444,70.7300033569336
2025-05-06,68.11518096923828,67.74955201332693,16.975366943362932,54.166666666666664,54.166666666666664,68.93000030517578
2025-05-07,68.97489929199219,68.56974227097642,17.22663192637808,54.96031746031746,54.96031746031746,69.80000305175781
2025-05-08,70.31881713867188,70.43739378663142,19.504901592649144,57.936507936507944,57.936507936507944,71.16000366210938
2025-05-09,70.00260162353516,70.84255986348428,19.39430669452279,57.53968253968254,57.53968253968254,70.83999633789062
2025-05-12,76.87044525146484,76.39611601460379,28.29816857489184,75.9920634920635,75.9920634920635,77.79000091552734
2025-05-13,78.43177795410156,77.12738184245606,33.09013507686639,82.34126984126983,82.34126984126983,79.37000274658203
2025-05-14,78.69857025146484,78.83691470005661,35.98747918344279,87.6984126984127,87.6984126984127,79.63999938964844
2025-05-15,79.8250961303711,77.9080265126615,37.95204212533604,90.47619047619048,90.47619047619048,80.77999877929688
2025-05-16,81.31725311279297,80.12155739370658,39.85510482664499,94.24603174603175,94.24603174603175,82.29000091552734
2025-05-19,81.57418060302734,78.7776321846268,40.88717250556246,95.43650793650794,95.43650793650794,82.55000305175781
2025-05-20,80.68482208251953,80.80339874510508,39.652784947107925,93.65079365079364,93.65079365079364,81.6500015258789
2025-05-21,76.64317321777344,78.87646022979008,29.534093402065544,76.98412698412699,76.98412698412699,77.55999755859375
2025-05-22,76.62340545654297,76.50482125485756,23.65913472556839,65.07936507936508,65.07936507936508,77.54000091552734
2025-05-23,75.02255249023438,73.75768449862112,15.372328033922203,50.198412698412696,50.198412698412696,75.91999816894531
2025-05-27,79.60769653320312,77.68075053021413,21.758783499952212,61.904761904761905,61.904761904761905,80.55999755859375
2025-05-28,78.234130859375,79.81521577656892,21.88946802861037,62.10317460317461,62.10317460317461,79.16999816894531
2025-05-29,79.11360168457031,80.35870923100121,23.43348735404867,65.27777777777779,65.27777777777779,80.05999755859375
2025-05-30,78.83692169189453,78.62940500060277,22.496990767837875,63.29365079365079,63.29365079365079,79.77999877929688
2025-06-02,80.08203125,78.13531731198647,25.298252535165872,68.84920634920636,68.84920634920636,81.04000091552734
2025-06-03,81.5050048828125,79.96344056068267,30.22249293525501,77.38095238095238,77.38095238095238,82.4800033569336
2025-06-04,81.37654113769531,81.8311025841373,31.860600958199075,79.56349206349206,79.56349206349206,82.3499984741211
2025-06-05,80.15120697021484,82.06827682638286,27.989333201800775,73.61111111111111,73.61111111111111,81.11000061035156
2025-06-06,82.54258728027344,82.38448256714209,31.370474265525537,78.96825396825396,78.96825396825396,83.52999877929688
2025-06-09,82.740234375,82.79952270488114,33.33589728147007,82.34126984126983,82.34126984126983,83.7300033569336
2025-06-10,84.17308807373047,82.96750847954887,36.39618932327365,87.10317460317461,87.10317460317461,85.18000030517578
2025-06-11,83.44183349609375,84.59800106574315,34.05737666419882,83.53174603174604,83.53174603174604,84.44000244140625
2025-06-12,84.39049530029297,82.8489308022471,35.57330040465098,86.11111111111111,86.11111111111111,85.4000015258789
2025-06-13,81.44571685791016,82.13744672803921,24.4938091868803,67.06349206349206,67.06349206349206,82.41999816894531
2025-06-16,83.79757690429688,82.84891848992363,26.841303360403305,72.02380952380952,72.02380952380952,84.80000305175781
2025-06-17,81.60382080078125,82.71057641732507,19.256946462275597,54.96031746031746,54.96031746031746,82.58000183105469
2025-06-18,81.5445327758789,81.93980590802069,14.777628815206079,49.2063492063492,49.2063492063492,82.5199966430664
2025-06-20,80.83305358886719,82.56236701800009,9.326698366735513,44.44444444444444,44.44444444444444,81.80000305175781
2025-06-23,83.23432159423828,81.14926327337115,16.10146384687735,51.388888888888886,51.388888888888886,84.2300033569336
2025-06-24,85.9814682006836,84.95376100091717,26.047988426596074,71.42857142857143,71.42857142857143,87.01000213623047
2025-06-25,86.14889526367188,86.43622429616173,30.930365078475162,79.36507936507937,79.36507936507937,86.94999694824219
2025-06-26,88.10074615478516,86.8721728385681,35.80628641945371,88.29365079365078,88.29365079365078,88.91999816894531
2025-06-27,89.28970336914062,88.42771618754799,38.23879184387834,91.86507936507937,91.86507936507937,90.12000274658203
2025-06-30,90.59754180908203,90.37956751710328,40.01287482648602,95.03968253968253,95.03968253968253,91.44000244140625
2025-07-01,90.419189453125,89.88416376889325,40.55547043165936,95.63492063492063,95.63492063492063,91.26000213623047
2025-07-02,91.6180419921875,90.26066157141528,42.02732854610671,99.20634920634922,99.20634920634922,92.47000122070312
2025-07-03,93.7284164428711,92.45030074548757,42.47925772349579,99.60317460317461,99.60317460317461,94.5999984741211
2025-07-07,91.6279525756836,92.7871711401985,38.55707133359158,91.26984126984127,91.26984126984127,92.4800033569336
2025-07-08,91.40007781982422,91.86574880245487,35.6514787362481,86.5079365079365,86.5079365079365,92.25
2025-07-09,93.01505279541016,92.48993705318524,37.70622163719249,90.07936507936508,90.07936507936508,93.87999725341797
2025-07-10,93.78787231445312,93.08440710796238,39.860381855353594,94.24603174603175,94.24603174603175,94.66000366210938
2025-07-11,92.68810272216797,92.3215089064125,38.13912106149876,90.67460317460318,90.67460317460318,93.55000305175781
2025-07-14,93.19338989257812,92.48993227807611,38.48795176290541,91.07142857142857,91.07142857142857,94.05999755859375
2025-07-15,91.98463439941406,94.42197635461646,33.90490854795035,82.73809523809523,82.73809523809523,92.83999633789062
2025-07-16,92.86644744873047,92.65837557463739,34.195778094806705,83.13492063492063,83.13492063492063,93.7300033569336
2025-07-17,94.58049774169922,92.94569817026726,38.19131676779481,90.47619047619048,90.47619047619048,95.45999908447266
2025-07-18,94.29317474365234,95.04617480266162,38.846418894627824,91.46825396825396,91.46825396825396,95.16999816894531
2025-07-21,94.79846954345703,94.79846954345703,39.092564449672196,92.26190476190477,92.26190476190477,95.68000030517578
2025-07-22,94.78855895996094,94.91736606496154,39.138834781194085,92.46031746031747,92.46031746031747,95.66999816894531
2025-07-23,97.17636108398438,95.97751008736077,41.772813868209184,98.4126984126984,98.4126984126984,98.08000183105469
2025-07-24,97.30516052246094,97.36460530531751,41.912993796604276,98.61111111111111,98.61111111111111,98.20999908447266
2025-07-25,98.36529541015625,97.49340589709317,42.75971959309458,99.60317460317461,99.60317460317461,99.27999877929688
2025-07-28,98.30585479736328,98.59318383931239,42.64216771044048,99.40476190476191,99.40476190476191,99.22000122070312
2025-07-29,97.52313232421875,98.94986754930312,39.72993252253366,93.45238095238095,93.45238095238095,98.43000030517578
2025-07-30,97.13673400878906,97.8203792861289,36.56536602005016,87.5,87.5,98.04000091552734
2025-07-31,95.94776916503906,99.37589739764744,27.033105549027812,72.02380952380952,72.02380952380952,96.83999633789062
2025-08-01,91.17218780517578,93.28256829078902,-0.7390286977936319,35.317460317460316,35.317460317460316,92.0199966430664
2025-08-04,95.25422668457031,92.9060596334034,0.5386810471888055,36.904761904761905,36.904761904761905,96.13999938964844
2025-08-05,93.85722351074219,95.57128019730703,-5.474555383014085,31.944444444444443,31.944444444444443,94.7300033569336
2025-08-06,95.88834381103516,94.29317648298604,0.2545854564591847,37.10317460317461,37.10317460317461,96.77999877929688
2025-08-07,95.70999908447266,97.51323067740101,2.300340321407705,38.88888888888889,38.88888888888889,96.5999984741211
2025-08-08,97.84017944335938,96.45307665335463,12.741125359264997,48.214285714285715,48.214285714285715,98.75
2025-08-11,97.16645050048828,97.92935292668257,14.926299786296251,50.39682539682539,50.39682539682539,98.06999969482422
2025-08-12,100.27751922607422,98.28603587775332,26.376805742819414,71.23015873015873,71.23015873015873,101.20999908447266
2025-08-13,101.3178482055664,101.3178482055664,32.08138350610719,80.35714285714286,80.35714285714286,102.26000213623047
2025-08-14,101.30792999267578,100.30723340871793,34.913120536642154,84.52380952380952,84.52380952380952,102.25
2025-08-15,100.53512573242188,101.73397670936218,33.30779307791547,82.14285714285714,82.14285714285714,101.47000122070312
2025-08-18,100.39641571044922,100.20816382306421,31.58710734750505,78.96825396825396,78.96825396825396,101.33000183105469
2025-08-19,98.7021713256836,100.28742849452011,22.719034698049253,62.89682539682539,62.89682539682539,99.62000274658203
2025-08-20,97.87981414794922,98.51391699978697,13.78631363764136,47.61904761904761,47.61904761904761,98.79000091552734
2025-08-21,96.74040985107422,97.03764887570597,4.443904510316095,39.08730158730159,39.08730158730159,97.63999938964844
2025-08-22,101.0404281616211,97.622209606912,16.44416778243287,51.587301587301596,51.587301587301596,101.9800033569336
2025-08-25,99.74249267578125,100.45586029064914,17.200196677950828,52.77777777777778,52.77777777777778,100.66999816894531
2025-08-26,100.94134521484375,99.58397228792178,21.6936295077968,60.317460317460316,60.317460317460316,101.87999725341797
2025-08-27,101.575439453125,100.6540076077977,26.328478907090556,70.23809523809523,70.23809523809523,102.5199966430664
2025-08-28,102.64550018310547,101.89250017767505,30.495407969574334,76.98412698412699,76.98412698412699,103.5999984741211
2025-08-29,100.69365692138672,101.86278561476081,24.347259826768873,65.47619047619048,65.47619047619048,101.62999725341797
2025-09-02,98.46437072753906,97.1367202965257,10.070267248347967,43.25396825396825,43.25396825396825,99.37999725341797
2025-09-03,99.94065856933594,99.50470999623306,7.7219172933327975,40.67460317460318,40.67460317460318,100.87000274658203
2025-09-04,102.42752838134766,100.29734298085813,17.34181746803842,52.182539682539684,52.182539682539684,103.37999725341797
2025-09-05,101.43673706054688,103.50748514193468,15.049672347585377,47.817460317460316,47.817460317460316,102.37999725341797
2025-09-08,102.19965362548828,102.12038887219458,16.787791793933508,50.595238095238095,50.595238095238095,103.1500015258789
2025-09-09,102.90310668945312,102.26900380973858,20.665865263819498,56.94444444444444,56.94444444444444,103.86000061035156
2025-09-10,103.77499389648438,104.42891672829636,23.962704274472447,64.48412698412699,64.48412698412699,104.73999786376953
2025-09-11,106.2916030883789,104.66671339623495,31.147948769074713,78.57142857142857,78.57142857142857,107.27999877929688
2025-09-12,106.09344482421875,106.23215436164035,33.457455130693795,82.53968253968253,82.53968253968253,107.08000183105469
2025-09-15,107.72823333740234,107.17338768579582,37.7657840569188,88.88888888888889,88.88888888888889,108.7300033569336
2025-09-16,107.25265502929688,108.02546740804237,37.59778118987786,88.29365079365078,88.29365079365078,108.25
2025-09-17,106.86625671386719,107.29229530778451,35.53729804773537,85.11904761904762,85.11904761904762,107.86000061035156
2025-09-18,108.34252166748047,108.18399972982154,36.891312083932426,87.5,87.5,109.3499984741211
2025-09-19,109.78907012939453,109.19459963030461,39.57643673222232,92.46031746031747,92.46031746031747,110.80999755859375
2025-09-22,111.3545150756836,109.07570267340617,41.55670193736905,97.42063492063492,97.42063492063492,112.38999938964844
2025-09-23,109.58100891113281,111.30497567465582,37.637210469574015,88.09523809523809,88.09523809523809,110.5999984741211
2025-09-24,108.44532775878906,110.16274614706506,30.760068418431167,75.39682539682539,75.39682539682539,109.23999786376953
2025-09-25,106.89668273925781,106.87683156166065,20.852956485855557,55.35714285714286,55.35714285714286,107.68000030517578
2025-09-26,108.6240234375,107.5618074452346,21.12296282849662,55.75396825396825,55.75396825396825,109.41999816894531
2025-09-29,109.5174789428711,109.87486073558921,24.144959544535496,62.698412698412696,62.698412698412696,110.31999969482422
2025-09-30,110.678955078125,109.1402352197511,29.088887093313794,73.01587301587301,73.01587301587301,111.48999786376953
2025-10-01,111.88015747070312,109.22958228279714,34.18437151577181,81.74603174603175,81.74603174603175,112.69999694824219
2025-10-02,112.18791198730469,112.8530362611604,36.6199135497024,86.5079365079365,86.5079365079365,113.01000213623047
2025-10-03,112.05885314941406,112.50558417447554,35.901421864437054,85.11904761904762,85.11904761904762,112.87999725341797
2025-10-06,113.2799072265625,113.2898366022368,38.37448611502721,89.68253968253968,89.68253968253968,114.11000061035156
2025-10-07,112.00921630859375,113.7564076780781,33.72765342106564,80.35714285714286,80.35714285714286,112.83000183105469
2025-10-08,113.94503021240234,112.56514239106461,37.6614194569385,87.89682539682539,87.89682539682539,114.77999877929688
2025-10-09,112.96223449707031,114.13365087906712,33.60568210294396,79.96031746031747,79.96031746031747,113.79000091552734
2025-10-10,103.72988891601562,113.32955058494193,-1.753588366909703,28.174603174603174,28.174603174603174,104.48999786376953
2025-10-13,108.44532775878906,107.28384078158601,-7.064098566992576,25.396825396825395,25.396825396825395,109.23999786376953
2025-10-14,107.96882629394531,105.51679312452806,-11.317787336245878,23.214285714285715,23.214285714285715,108.76000213623047
2025-10-15,109.34871673583984,110.2024612826512,-9.005692331184814,24.6031746031746,24.6031746031746,110.1500015258789
2025-10-16,107.14486694335938,110.23224395297386,-14.662105212810877,21.03174603174603,21.03174603174603,107.93000030517578
2025-10-17,108.84242248535156,106.49958971512606,-12.378660675934624,22.22222222222222,22.22222222222222,109.63999938964844
2025-10-20,112.22762298583984,110.28187430299467,0.881997718413729,30.753968253968257,30.753968253968257,113.05000305175781
2025-10-21,112.19783020019531,112.28717943164766,7.829862596537716,36.507936507936506,36.507936507936506,113.0199966430664
2025-10-22,110.42086029052734,112.52543349547788,4.152920831622975,32.93650793650794,32.93650793650794,111.2300033569336
2025-10-23,112.2772445678711,110.52012389007241,9.156792708861513,37.301587301587304,37.301587301587304,113.0999984741211
2025-10-24,114.91790771484375,114.61015765500498,18.368469237047695,48.41269841269841,48.41269841269841,115.76000213623047
2025-10-27,119.02778625488281,117.78687940813444,28.063763482959743,70.03968253968253,70.03968253968253,119.9000015258789
2025-10-28,119.90138244628906,119.95102174992286,32.83259289280799,77.18253968253968,77.18253968253968,120.77999877929688
2025-10-29,120.03043365478516,120.77497771660376,34.9878113390227,82.34126984126983,82.34126984126983,120.91000366210938
2025-10-30,116.17866516113281,118.19389673352826,24.84175297768308,62.89682539682539,62.89682539682539,117.02999877929688
2025-10-31,117.08203887939453,118.68032741725241,21.206201285749383,53.37301587301587,53.37301587301587,117.94000244140625
2025-11-03,117.81665802001953,118.97814499170997,20.8377304106178,51.98412698412699,51.98412698412699,118.68000030517578
2025-11-04,113.62735748291016,113.99466863695365,8.735924713489402,35.714285714285715,35.714285714285715,114.45999908447266
2025-11-05,114.62007904052734,113.3891016086692,4.477581949850786,31.547619047619047,31.547619047619047,115.45999908447266
2025-11-06,110.94700622558594,114.12372485973303,-6.061206642065878,23.214285714285715,23.214285714285715,111.76000213623047
2025-11-07,111.23489379882812,109.68623688954324,-10.929639494477916,20.833333333333336,20.833333333333336,112.05000305175781
2025-11-10,116.26802062988281,114.25278137553252,-1.732200220869206,25.992063492063494,25.992063492063494,117.12000274658203
2025-11-11,117.07211303710938,115.56317368026544,5.380417201360456,32.53968253968254,32.53968253968254,117.93000030517578
2025-11-12,117.27066040039062,118.08469500612979,9.377748758897953,36.7063492063492,36.7063492063492,118.12999725341797
2025-11-13,111.43343353271484,115.77164654473293,-4.364432042428147,23.809523809523807,23.809523809523807,112.25
2025-11-14,111.26467895507812,108.00854043625812,-12.36743368954228,20.03968253968254,20.03968253968254,112.08000183105469
2025-11-17,108.11773681640625,110.12303897489898,-23.46295490512266,14.087301587301587,14.087301587301587,108.91000366210938
2025-11-18,105.41752624511719,106.32090253719893,-30.54127453485248,8.531746031746032,8.531746031746032,106.19000244140625
2025-11-19,106.539306640625,105.67563267808436,-31.692339715120855,7.5396825396825395,7.5396825396825395,107.31999969482422
2025-11-20,101.63523864746094,111.49300361973151,-37.761352332703,2.976190476190476,2.976190476190476,102.37999725341797
2025-11-21,104.61341094970703,102.71730917431789,-35.35911323200736,4.9603174603174605,4.9603174603174605,105.37999725341797
2025-11-24,109.20973205566406,106.32089727656444,-26.451314813595317,13.095238095238097,13.095238095238097,110.01000213623047
2025-11-25,112.19783020019531,109.08067280493268,-16.109598055992073,19.444444444444446,19.444444444444446,113.0199966430664
2025-11-26,114.4811019897461,113.44866658222797,-6.0085098167345645,25.0,25.0,115.31999969482422
2025-11-28,116.27793884277344,114.99732199755762,6.314123157023162,35.11904761904761,35.11904761904761,117.12999725341797
2025-12-01,114.64986419677734,113.89539828102056,8.150347393554929,37.698412698412696,37.698412698412696,115.48999786376953
2025-12-02,115.22564697265625,115.43411841605806,10.656274723140305,40.476190476190474,40.476190476190474,116.06999969482422
2025-12-03,116.35736083984375,114.75907209797597,15.997530192735177,46.42857142857143,46.42857142857143,117.20999908447266
2025-12-04,116.66510009765625,117.09197237538206,20.17683662789697,53.37301587301587,53.37301587301587,117.5199966430664
2025-12-05,117.17138671875,117.11182561383706,22.90899207990939,60.71428571428571,60.71428571428571,118.02999877929688
2025-12-08,116.0992431640625,117.65782188226092,20.511312580384747,53.96825396825397,53.96825396825397,116.94999694824219
2025-12-09,115.76171875,115.8212798551133,18.206744148564958,49.60317460317461,49.60317460317461,116.61000061035156
2025-12-10,117.98542785644531,115.52347278069858,23.32490010919158,61.904761904761905,61.904761904761905,118.8499984741211
2025-12-11,118.69025421142578,116.74451320824274,27.60059765030235,72.02380952380952,72.02380952380952,119.55999755859375
2025-12-12,114.87818908691406,118.26337889766009,18.264764956413263,49.801587301587304,49.801587301587304,115.72000122070312
2025-12-15,114.34211730957031,116.88349203071438,11.787397825632299,41.86507936507937,41.86507936507937,115.18000030517578
2025-12-16,113.36924743652344,113.52808714970354,6.375571203816348,35.317460317460316,35.317460317460316,114.19999694824219
2025-12-17,109.58697509765625,113.85569807943223,-4.0901767236697,25.793650793650798,25.793650793650798,110.38999938964844
2025-12-18,112.03900146484375,112.59492532580676,-4.57261318601794,25.595238095238095,25.595238095238095,112.86000061035156
2025-12-19,114.96753692626953,113.04165462000418,2.1344419830224677,31.746031746031743,31.746031746031743,115.80999755859375
2025-12-22,117.0423355102539,116.64524380380252,10.893412663782977,41.66666666666667,41.66666666666667,117.9000015258789
2025-12-23,118.640625,116.60553472332832,19.93381017563614,54.36507936507936,54.36507936507936,119.51000213623047
2025-12-24,119.78550720214844,118.61074876288083,25.496599149580064,69.24603174603175,69.24603174603175,120.31999969482422
2025-12-26,119.69591522216797,119.89502373995134,27.167888496043712,73.21428571428571,73.21428571428571,120.2300033569336
2025-12-29,118.39173126220703,118.26231148312479,22.38611655354754,61.70634920634921,61.70634920634921,118.91999816894531
2025-12-30,117.91386413574219,118.17270368592084,17.93513186298157,50.595238095238095,50.595238095238095,118.44000244140625
2025-12-31,115.24576568603516,117.9636340527754,5.353975281209869,35.11904761904761,35.11904761904761,115.76000213623047
2026-01-02,115.81324005126953,117.07759510819942,0.5279584140000494,30.357142857142854,30.357142857142854,116.33000183105469
2026-01-05,118.06319427490234,117.47581882661079,6.315435422121414,36.30952380952381,36.30952380952381,118.58999633789062
2026-01-06,120.11405181884766,118.16275941420773,17.495445059656085,51.19047619047619,51.19047619047619,120.6500015258789
2026-01-07,118.97911834716797,120.30320448800822,16.571454543314996,49.2063492063492,49.2063492063492,119.51000213623047
2026-01-08,118.82977294921875,118.53110258777305,15.360278202420687,47.22222222222222,47.22222222222222,119.36000061035156
2026-01-09,121.10960388183594,119.35742008507114,22.44948531481382,62.89682539682539,62.89682539682539,121.6500015258789
2026-01-12,121.68702697753906,119.33751008273674,27.268364156158693,75.0,75.0,122.2300033569336
2026-01-13,120.89057922363281,121.86622917144688,26.366699868695903,72.22222222222221,72.22222222222221,121.43000030517578
2026-01-14,119.13839721679688,119.43706758776248,18.10237104868189,51.388888888888886,51.388888888888886,119.66999816894531
2026-01-15,120.0045394897461,121.2390290490602,16.95605619327489,49.404761904761905,49.404761904761905,120.54000091552734
2026-01-16,119.59635162353516,120.65164801980484,14.08487173447519,44.84126984126984,44.84126984126984,120.12999725341797
2026-01-20,112.27900695800781,114.30994577223028,-11.693899775236623,22.22222222222222,22.22222222222222,112.77999877929688
2026-01-21,116.07207489013672,113.26460232774654,-14.53194440589957,20.436507936507937,20.436507936507937,116.58999633789062
2026-01-22,117.8740463256836,118.33200200722175,-10.347842673048167,23.61111111111111,23.61111111111111,118.4000015258789
2026-01-23,117.89395141601562,117.39617252208328,-7.991863472913457,24.404761904761905,24.404761904761905,118.41999816894531
2026-01-26,119.69591522216797,118.53110684707568,0.015054297510088818,30.555555555555557,30.555555555555557,120.2300033569336
2026-01-27,121.12950897216797,120.43262158909383,10.568860400131415,42.26190476190476,42.26190476190476,121.66999816894531
2026-01-28,121.05982971191406,121.90605234204334,15.192824120972439,47.42063492063492,47.42063492063492,121.5999984741211
2026-01-29,120.20364379882812,121.4779565373718,13.308522992777732,45.03968253968254,45.03968253968254,120.73999786376953
2026-01-30,119.07866668701172,119.03884346434681,7.957326728208606,39.285714285714285,39.285714285714285,119.61000061035156
2026-02-02,120.89057922363281,117.84417490549387,12.285737102361031,44.642857142857146,44.642857142857146,121.43000030517578
2026-02-03,117.72470092773438,121.24897618409263,2.3856783839445743,33.53174603174603,33.53174603174603,118.25
2026-02-04,115.97252655029297,118.13289275921474,-8.118891484294613,24.404761904761905,24.404761904761905,116.48999786376953
2026-02-05,111.53233337402344,113.28451713851462,-24.102513488542183,15.079365079365079,15.079365079365079,112.02999877929688
2026-02-06,117.95368957519531,113.40399080671965,-14.728047226411842,20.436507936507937,20.436507936507937,118.4800033569336
2026-02-09,119.60630798339844,117.28665659316361,-4.371475090679622,27.18253968253968,27.18253968253968,120.13999938964844
2026-02-10,118.62071228027344,120.12400667096205,-2.10881355774349,29.563492063492063,29.563492063492063,119.1500015258789
2026-02-11,118.47137451171875,120.83084915864414,-1.492178493074753,30.555555555555557,30.555555555555557,119.0
2026-02-12,112.98584747314453,119.69591220971195,-15.983666583634246,19.841269841269842,19.841269841269842,113.48999786376953
2026-02-13,113.00576782226562,113.06549885960814,-23.283630996772615,16.071428571428573,16.071428571428573,113.51000213623047
2026-02-17,113.55331420898438,112.26904380370488,-24.481782302411784,14.484126984126986,14.484126984126986,114.05999755859375
2026-02-18,115.2557144165039,114.18051784668974,-20.9349032308963,18.055555555555554,18.055555555555554,115.7699966430664
2026-02-19,114.37963104248047,114.02122963934852,-21.126427160113852,17.857142857142858,17.857142857142858,114.88999938964844
2026-02-20,116.71919250488281,113.14514370507838,-15.025808306490665,21.03174603174603,21.03174603174603,117.23999786376953
2026-02-23,113.15509796142578,115.87296637626676,-20.823629887331787,18.452380952380953,18.452380952380953,113.66000366210938
2026-02-24,115.55439758300781,112.84647905703395,-17.651826233513564,19.841269841269842,19.841269841269842,116.06999969482422
2026-02-25,118.42159271240234,116.94817147861292,-7.4832441151681515,26.984126984126984,26.984126984126984,118.94999694824219
2026-02-26,116.4603500366211,118.51119659042395,-8.382280716699741,26.38888888888889,26.38888888888889,116.9800033569336
2026-02-27,114.79776763916016,113.18496886215068,-12.979472616347849,23.015873015873016,23.015873015873016,115.30999755859375
2026-03-02,114.80772399902344,110.9947358417297,-15.190446595732976,21.428571428571427,21.428571428571427,115.31999969482422
2026-03-03,111.74140167236328,109.133045183221,-19.472086698606685,19.246031746031747,19.246031746031747,112.23999786376953
2026-03-04,114.10087585449219,112.36860747316634,-16.66590770507661,21.03174603174603,21.03174603174603,114.61000061035156
2026-03-05,112.19935607910156,112.55775747895323,-18.653477901450145,19.642857142857142,19.642857142857142,112.69999694824219
2026-03-06,107.67952728271484,108.14743303368094,-29.229132917039024,10.317460317460316,10.317460317460316,108.16000366210938
2026-03-09,110.47705078125,104.73267799577174,-24.942661999575254,14.484126984126986,14.484126984126986,110.97000122070312
2026-03-10,109.81997680664062,110.15847040312165,-24.132794457974967,15.674603174603174,15.674603174603174,110.30999755859375
2026-03-11,109.45162200927734,110.04895514314411,-24.422913687727743,15.079365079365079,15.079365079365079,109.94000244140625
2026-03-12,104.42405700683594,106.87312828273004,-32.76537318142551,6.944444444444445,6.944444444444445,104.88999938964844
2026-03-13,102.55240631103516,105.82779223139103,-38.558578443249026,2.380952380952381,2.380952380952381,103.01000213623047
2026-03-16,105.6286849975586,105.35988772356225,-36.510818666820235,4.166666666666666,4.166666666666666,106.0999984741211
2026-03-17,106.44503021240234,107.2215640231933,-33.572313944100976,6.944444444444445,6.944444444444445,106.91999816894531
2026-03-18,102.01480865478516,105.2702793083447,-39.16130114922671,2.380952380952381,2.380952380952381,102.47000122070312
2026-03-19,101.17853546142578,99.82457625941086,-39.90168662437506,1.3888888888888888,1.3888888888888888,101.62999725341797
2026-03-20,96.65869903564453,100.43186384825671,-41.340904438526444,0.992063492063492,0.992063492063492,97.08999633789062
2026-03-23,99.76484680175781,100.8997820926613,-38.72597080701508,2.976190476190476,2.976190476190476,100.20999908447266
2026-03-24,98.72946166992188,97.9031469025718,-38.421237938237866,3.571428571428571,3.571428571428571,99.16999816894531
2026-03-25,100.29798889160156,101.18603024745627,-36.15516140932883,5.753968253968254,5.753968253968254,100.5199966430664
2026-03-26,94.96978759765625,98.12280452425996,-40.64094793950741,1.1904761904761905,1.1904761904761905,95.18000030517578
2026-03-27,90.0107650756836,93.71257041226018,-42.85087009159362,0.1984126984126984,0.1984126984126984,90.20999908447266
2026-03-30,89.0927963256836,92.52520122801981,-43.48386991902061,0.1984126984126984,0.1984126984126984,89.29000091552734
2026-03-31,96.76581573486328,91.98639389615897,-35.58799840531346,7.142857142857142,7.142857142857142,96.9800033569336
2026-04-01,98.95097351074219,98.36228022567634,-28.17586791182876,14.285714285714285,14.285714285714285,99.16999816894531
2026-04-02,99.16050720214844,94.88996120185604,-23.539879226909335,19.246031746031747,19.246031746031747,99.37999725341797
2026-04-06,100.51750183105469,99.13057241714807,-18.818724705867236,23.41269841269841,23.41269841269841,100.73999786376953
2026-04-07,100.62726593017578,99.45985176393273,-15.85625588903926,25.992063492063494,25.992063492063494,100.8499984741211
2026-04-08,108.220458984375,108.44995436576362,-0.1050308940480179,39.08730158730159,39.08730158730159,108.45999908447266
2026-04-09,110.11626434326172,107.7315434016593,13.73970018368322,54.36507936507936,54.36507936507936,110.36000061035156
2026-04-10,109.76703643798828,110.74486776827625,20.344208825617137,64.68253968253968,64.68253968253968,110.01000213623047
2026-04-13,112.97992706298828,108.81913101087173,27.193170883989325,78.37301587301587,78.37301587301587,113.2300033569336
2026-04-14,117.08084106445312,113.77815391449366,32.60979032924857,85.11904761904762,85.11904761904762,117.33999633789062
2026-04-15,119.79483795166016,117.52985473046495,37.24676868277484,92.46031746031747,92.46031746031747,120.05999755859375
2026-04-16,120.6928482055664,120.42344787401656,39.60586221218303,96.23015873015873,96.23015873015873,120.95999908447266
2026-04-17,124.95342254638672,122.93787962028055,41.15912875186511,98.21428571428571,98.21428571428571,125.2300033569336
2026-04-20,124.21504974365234,124.21504974365234,41.28554615124707,98.21428571428571,98.21428571428571,124.48999786376953
2026-04-21,121.80039978027344,125.00330936297624,37.67642325176248,92.46031746031747,92.46031746031747,122.06999969482422
2026-04-22,125.41240692138672,124.33479035299486,39.6525377260403,95.83333333333334,95.83333333333334,125.69000244140625
2026-04-23,123.88578796386719,124.44454873028137,38.13528962953845,92.85714285714286,92.85714285714286,124.16000366210938
2026-04-24,126.70952606201172,125.00330370430727,40.0249164969716,97.02380952380952,97.02380952380952,126.98999786376953
2026-04-27,127.3082046508789,126.24056812736718,41.2391751049671,98.01587301587301,98.01587301587301,127.58999633789062
2026-04-28,125.41240692138672,125.47227197100479,38.05714045425738,92.26190476190477,92.26190476190477,125.69000244140625
2026-04-29,125.34255981445312,125.0033067761248,36.1029296134988,89.48412698412699,89.48412698412699,125.62000274658203
2026-04-30,128.89468383789062,126.90908872530981,38.682143296876724,93.65079365079364,93.65079365079364,129.17999267578125
2026-05-01,130.01222229003906,130.32153518760862,39.6536868641628,95.63492063492063,95.63492063492063,130.3000030517578
2026-05-04,128.5654296875,129.63305858263305,37.20266440338465,90.07936507936508,90.07936507936508,128.85000610351562
2026-05-05,131.55880737304688,130.51112331667403,39.59582099602127,94.84126984126983,94.84126984126983,131.85000610351562
2026-05-06,136.99676513671875,133.92356573328829,41.78869028205289,98.80952380952381,98.80952380952381,137.3000030517578
2026-05-07,135.71958923339844,137.69521192406683,40.940441121687925,97.22222222222221,97.22222222222221,136.02000427246094
2026-05-08,138.9125213623047,137.5056318197368,42.515767238607445,99.60317460317461,99.60317460317461,139.22000122070312
2026-05-11,139.7805938720703,138.32382695099238,43.00119163248991,100.0,100.0,140.08999633789062
2026-05-12,139.22183227539062,138.5333537760894,42.29490868804828,98.80952380952381,98.80952380952381,139.52999877929688
2026-05-13,141.51675415039062,139.33158857831077,42.77704705848298,99.8015873015873,99.8015873015873,141.8300018310547
2026-05-14,144.779541015625,142.2750748093819,43.09253190445935,100.0,100.0,145.10000610351562
2026-05-15,139.42138671875,141.0378191242718,34.24590355694722,83.53174603174604,83.53174603174604,139.72999572753906
2026-05-18,139.05221557617188,139.85045177255117,28.423767827055585,75.79365079365078,75.79365079365078,139.36000061035156
2026-05-19,136.3382110595703,136.92690430897764,19.857683372733177,58.730158730158735,58.730158730158735,136.63999938964844
2026-05-20,140.5189666748047,137.40586233483907,21.991170841534935,64.68253968253968,64.68253968253968,140.8300018310547
2026-05-21,141.26730346679688,138.94244775632325,24.2274111901541,69.24603174603175,69.24603174603175,141.5800018310547
2026-05-22,142.7639923095703,143.1631027710658,28.078577237659356,75.39682539682539,75.39682539682539,143.0800018310547
2026-05-26,145.53785705566406,145.28840920079182,33.813149752689526,82.53968253968253,82.53968253968253,145.86000061035156
2026-05-27,145.5178985595703,145.7274414589993,36.58265570673672,87.6984126984127,87.6984126984127,145.83999633789062
2026-05-28,147.8627166748047,145.2684528276946,39.36421114868167,92.65873015873017,92.65873015873017,148.19000244140625
2026-05-29,148.8505096435547,148.52125188870266,40.48962121489957,95.43650793650794,95.43650793650794,149.17999267578125
2026-06-01,149.95806884765625,148.17202886874892,41.121517417820804,96.42857142857143,96.42857142857143,150.2899932861328
2026-06-02,150.5367889404297,149.10995449628965,42.14105419529448,98.21428571428571,98.21428571428571,150.8699951171875
2026-06-03,147.3937530517578,149.66871632184268,35.075706983817554,83.92857142857143,83.92857142857143,147.72000122070312
2026-06-04,149.0001983642578,146.08664917078528,34.26888761686273,82.73809523809523,82.73809523809523,149.3300018310547
2026-06-05,137.22625732421875,146.0666902075197,3.0683623222222773,38.2936507936508,38.2936507936508,137.52999877929688
2026-06-08,138.2639617919922,140.5289373109746,-12.275869157320498,25.793650793650798,25.793650793650798,138.57000732421875
2026-06-09,136.92691040039062,140.64868330732463,-17.039118277260275,22.22222222222222,22.22222222222222,137.22999572753906
2026-06-10,130.4013671875,134.88144105913014,-28.969860953787922,12.103174603174603,12.103174603174603,130.69000244140625
2026-06-11,136.9867706298828,132.13750395766596,-24.999206988687547,15.476190476190476,15.476190476190476,137.2899932861328
2026-06-12,139.1020965576172,138.56328069946886,-19.418466214990726,21.03174603174603,21.03174603174603,139.41000366210938
2026-06-15,146.41592407226562,144.81945164894668,-2.5418964987381774,33.13492063492063,33.13492063492063,146.74000549316406
2026-06-16,143.8216552734375,146.3161338339072,0.17881316018382387,36.11111111111111,36.11111111111111,144.13999938964844
2026-06-17,138.43357849121094,144.31056898088087,-7.595471345229404,29.761904761904763,29.761904761904763,138.74000549316406
2026-06-18,142.4945831298828,143.13316899775188,-4.8589854662002665,31.349206349206348,31.349206349206348,142.80999755859375
2026-06-22,141.107666015625,143.06334397029696,-5.676037177006197,31.150793650793652,31.150793650793652,141.4199981689453
2026-06-23,135.0810089111328,134.99119611120184,-16.18517350158701,23.214285714285715,23.214285714285715,135.3800048828125
2026-06-24,134.6999969482422,135.72000122070312,-22.181837762054805,19.047619047619047,19.047619047619047,134.6999969482422
2026-06-25,134.72999572753906,137.82000732421875,-25.17423369909542,15.079365079365079,15.079365079365079,134.72999572753906
2026-06-26,132.0800018310547,132.19000244140625,-30.165725792329013,10.714285714285714,10.714285714285714,132.0800018310547
2026-06-29,138.75999450683594,136.39999389648438,-22.54105364335941,19.444444444444446,19.444444444444446,138.75999450683594
2026-06-30,141.7899932861328,138.86000061035156,-12.950877334031574,26.785714285714285,26.785714285714285,141.7899932861328
2026-07-01,141.38999938964844,140.94000244140625,-8.400907254945674,30.357142857142854,30.357142857142854,141.38999938964844
2026-07-02,140.77000427246094,142.24000549316406,-6.301671421353324,32.142857142857146,32.142857142857146,140.77000427246094
2026-07-06,144.41000366210938,142.80999755859375,2.1134844569443865,40.67460317460318,40.67460317460318,144.41000366210938
2026-07-07,142.2100067138672,143.75,3.770973053987635,42.857142857142854,42.857142857142854,142.2100067138672
2026-07-08,140.8300018310547,139.6699981689453,1.6690536788984178,40.27777777777778,40.27777777777778,140.8300018310547
2026-07-09,144.38999938964844,141.9199981689453,8.099525000207766,47.42063492063492,47.42063492063492,144.38999938964844
2026-07-10,146.16000366210938,144.47000122070312,15.879091954678817,55.952380952380956,55.952380952380956,146.16000366210938
2026-07-13,142.72999572753906,144.67999267578125,11.099069454580459,50.99206349206349,50.99206349206349,142.72999572753906
2026-07-14,144.27999877929688,143.75999450683594,11.572348646350083,51.388888888888886,51.388888888888886,144.27999877929688
2026-07-15,145.8699951171875,145.60000610351562,15.882287643214072,56.547619047619044,56.547619047619044,145.8699951171875
2026-07-16,143.61000061035156,144.74000549316406,13.026300785859585,52.976190476190474,52.976190476190474,143.61000061035156
2026-07-17,139.0500030517578,138.47000122070312,0.9814128248524355,40.07936507936508,40.07936507936508,139.0500030517578
2026-07-20,138.47000122070312,141.1199951171875,-7.285812003252495,31.746031746031743,31.746031746031743,138.47000122070312
2026-07-21,141.88999938964844,140.74000549316406,-2.6334475870317813,35.51587301587302,35.51587301587302,141.88999938964844
2026-07-22,141.27000427246094,140.88999938964844,-2.119784141874403,36.11111111111111,36.11111111111111,141.27000427246094
2026-07-23,136.1300048828125,136.69000244140625,-13.594924875140094,26.38888888888889,26.38888888888889,136.1300048828125
2026-07-24,136.27000427246094,136.1199951171875,-19.063518717709762,22.023809523809522,22.023809523809522,136.27000427246094
2026-07-27,136.36000061035156,139.55999755859375,-21.683503248116306,20.03968253968254,20.03968253968254,136.36000061035156
2026-07-28,137.3000030517578,136.38999938964844,-24.149405953553718,17.063492063492063,17.063492063492063,137.3000030517578
2026-07-29,131.00999450683594,136.75999450683594,-33.85538992931977,7.5396825396825395,7.5396825396825395,131.00999450683594
2026-07-30,137.57000732421875,134.44000244140625,-25.314922458066057,15.277777777777779,15.277777777777779,137.57000732421875
2026-07-31,140.27999877929688,139.11000061035156,-14.078843376474733,26.984126984126984,26.984126984126984,140.27999877929688
2026-08-03,146.32000732421875,141.66000366210938,6.7084443066314,47.22222222222222,47.22222222222222,146.32000732421875
2026-08-04,154.13999938964844,148.0,20.146262839781905,64.68253968253968,64.68253968253968,154.13999938964844
2026-08-05,153.24000549316406,156.8699951171875,23.933359128707135,72.81746031746032,72.81746031746032,153.24000549316406
2026-08-06,152.42999267578125,153.4600067138672,24.866607663252754,74.40476190476191,74.40476190476191,152.42999267578125
2026-08-07,155.05999755859375,153.8000030517578,28.31643024969625,79.36507936507937,79.36507936507937,155.05999755859375
2026-08-10,154.97999572753906,154.67999267578125,29.888522785156198,80.55555555555556,80.55555555555556,154.97999572753906
2026-08-11,153.36000061035156,155.8699951171875,28.46074825278031,79.36507936507937,79.36507936507937,153.36000061035156
2026-08-12,154.5500030517578,155.7899932861328,29.057419272809582,79.56349206349206,79.56349206349206,154.5500030517578
2026-08-13,157.67999267578125,155.92999267578125,32.490599523297895,82.53968253968253,82.53968253968253,157.67999267578125
2026-08-14,156.6300048828125,158.0,32.45272434459311,82.34126984126983,82.34126984126983,156.6300048828125
2026-08-17,154.39999389648438,156.50999450683594,28.996178252784155,78.76984126984127,78.76984126984127,154.39999389648438
2026-08-18,151.19000244140625,151.97000122070312,20.284800472156228,63.095238095238095,63.095238095238095,151.19000244140625
2026-08-19,152.16000366210938,152.9199981689453,17.7007717273378,58.730158730158735,58.730158730158735,152.16000366210938
2026-08-20,148.27999877929688,150.25,8.15697204810688,46.230158730158735,46.230158730158735,148.27999877929688
2026-08-21,149.8800048828125,150.1300048828125,6.418075404370151,44.047619047619044,44.047619047619044,149.8800048828125
2026-08-24,148.5800018310547,149.42999267578125,2.6480841069135375,40.27777777777778,40.27777777777778,148.5800018310547
2026-08-25,149.94000244140625,150.08999633789062,3.6457819184636566,41.269841269841265,41.269841269841265,149.94000244140625
2026-08-26,149.97000122070312,149.17999267578125,4.365253532492413,42.06349206349206,42.06349206349206,149.97000122070312
2026-08-27,152.91000366210938,151.44000244140625,10.197452641636307,49.007936507936506,49.007936507936506,152.91000366210938
2026-08-28,151.77999877929688,153.22999572753906,9.703277183205948,48.214285714285715,48.214285714285715,151.77999877929688
2026-08-31,150.27000427246094,150.57000732421875,2.621925027352987,40.27777777777778,40.27777777777778,150.27000427246094
2026-09-01,147.14999389648438,147.35000610351562,-15.501330056090678,23.015873015873016,23.015873015873016,147.14999389648438
2026-09-02,149.13999938964844,147.5800018310547,-18.71032670548407,20.436507936507937,20.436507936507937,149.13999938964844
2026-09-03,153.72999572753906,150.6999969482422,-5.460966578132112,31.349206349206348,31.349206349206348,153.72999572753906
2026-09-04,151.8800048828125,152.92999267578125,-4.896679665212309,31.547619047619047,31.547619047619047,151.8800048828125
2026-09-08,149.3000030517578,151.16000366210938,-13.201865184544895,25.396825396825395,25.396825396825395,149.3000030517578
2026-09-09,147.19000244140625,148.19000244140625,-23.651378666388258,15.476190476190476,15.476190476190476,147.19000244140625
2026-09-10,144.5,144.6199951171875,-31.469096400102902,8.73015873015873,8.73015873015873,144.5
2026-09-11,148.02000427246094,148.27000427246094,-26.95153603812584,12.3015873015873,12.3015873015873,148.02000427246094
2026-09-14,145.99000549316406,144.9499969482422,-29.502691190608093,10.317460317460316,10.317460317460316,145.99000549316406
2026-09-15,143.97000122070312,145.5800018310547,-34.1938857437886,6.746031746031746,6.746031746031746,143.97000122070312
2026-09-16,142.10000610351562,145.14999389648438,-35.05083409557601,6.349206349206349,6.349206349206349,142.10000610351562
2026-09-17,146.8800048828125,147.14999389648438,-24.450111095922576,15.476190476190476,15.476190476190476,146.8800048828125
2026-09-18,147.19000244140625,147.0800018310547,-17.700164098037256,22.61904761904762,22.61904761904762,147.19000244140625
2026-09-21,154.07000400626964,149.8899961617172,4.479363083499525,44.24603174603175,44.24603174603175,154.07000732421875
2026-09-22,154.00999279177353,154.30000133346587,15.974620118211408,57.341269841269835,57.341269841269835,154.00999450683594
2026-09-23,150.56396420551565,153.58927229564742,12.280676070074321,52.77777777777778,52.77777777777778,150.3000030517578
2026-09-24,150.25342222036457,148.3601035598621,9.241581485013143,49.007936507936506,49.007936507936506,149.99000549316406
2026-09-25,152.46729492549213,150.99471204670274,13.480483998145768,54.166666666666664,54.166666666666664,152.1999969482422
2026-09-28,149.0112360063532,150.70420399862704,5.732453952116293,45.23809523809524,45.23809523809524,148.75
2026-09-29,148.2198486016808,149.73250047643438,0.0977290886631581,37.89682539682539,37.89682539682539,147.9600067138672
2026-09-30,147.22810995531918,149.46202630015392,-5.512306628812646,32.142857142857146,32.142857142857146,146.97000122070312
2026-10-01,148.0094797979071,148.2098310395963,-6.350887975733565,31.349206349206348,31.349206349206348,147.75
2026-10-02,151.1449767303433,151.68592508290416,2.947800162344133,42.857142857142854,42.857142857142854,150.8800048828125
2026-10-05,154.16026291776598,151.13495916825886,16.142019129474555,59.32539682539682,59.32539682539682,153.88999938964844
2026-10-06,156.6846885630501,156.0936524000669,24.362162506834366,73.21428571428571,73.21428571428571,156.41000366210938
2026-10-07,155.4324933318108,154.60103386399754,25.977975115213386,74.60317460317461,74.60317460317461,155.16000366210938
2026-10-08,153.3989294991251,153.98996197972934,20.82257954772799,66.07142857142857,66.07142857142857,153.1300048828125
2026-10-09,155.9934743497122,154.68117619306722,24.85909115357891,73.61111111111111,73.61111111111111,155.72000122070312
