date,strategy_id,scenario,multiple
2025-08-11,t5_v0_2_baseline,base,1.5240855969122726
2025-08-12,t5_v0_2_baseline,base,1.571675115549677
2025-08-13,t5_v0_2_baseline,base,1.589077867276252
2025-08-14,t5_v0_2_baseline,base,1.5946306223872437
2025-08-15,t5_v0_2_baseline,base,1.6233649658018074
2025-08-18,t5_v0_2_baseline,base,1.6487489569495275
2025-08-19,t5_v0_2_baseline,base,1.6705282972136322
2025-08-20,t5_v0_2_baseline,base,1.7242299644053096
2025-08-21,t5_v0_2_baseline,base,1.7464833773675956
2025-08-22,t5_v0_2_baseline,base,1.804398239005564
2025-08-25,t5_v0_2_baseline,base,1.8192313464471448
2025-08-26,t5_v0_2_baseline,base,1.8352537490779586
2025-08-27,t5_v0_2_baseline,base,1.8642942696746092
2025-08-28,t5_v0_2_baseline,base,1.8927800921201707
2025-08-29,t5_v0_2_baseline,base,1.9447821456131706
2025-09-01,t5_v0_2_baseline,base,1.9445660751840503
2025-09-02,t5_v0_2_baseline,base,1.9296754593731174
2025-09-03,t5_v0_2_baseline,base,1.9028159915405716
2025-09-04,t5_v0_2_baseline,base,1.8373691111458066
2025-09-05,t5_v0_2_baseline,base,1.8194428187028728
2025-09-08,t5_v0_2_baseline,base,1.7921221798054416
2025-09-09,t5_v0_2_baseline,base,1.8161264068633136
2025-09-10,t5_v0_2_baseline,base,1.8861059944935943
2025-09-11,t5_v0_2_baseline,base,1.9323438070213488
2025-09-12,t5_v0_2_baseline,base,1.9116815537437981
2025-09-15,t5_v0_2_baseline,base,1.883692446763821
2025-09-16,t5_v0_2_baseline,base,1.879394240846348
2025-09-17,t5_v0_2_baseline,base,1.8934057920915255
2025-09-18,t5_v0_2_baseline,base,1.894769394389506
2025-09-19,t5_v0_2_baseline,base,1.8774274997370037
2025-09-22,t5_v0_2_baseline,base,1.903221354289687
2025-09-23,t5_v0_2_baseline,base,1.9977112546223446
2025-09-24,t5_v0_2_baseline,base,2.0236729028619362
2025-09-25,t5_v0_2_baseline,base,1.995835158900834
2025-09-26,t5_v0_2_baseline,base,1.968135005486755
2025-09-29,t5_v0_2_baseline,base,2.0033642761193997
2025-09-30,t5_v0_2_baseline,base,2.055096462176772
2025-10-09,t5_v0_2_baseline,base,2.0042787959307398
2025-10-10,t5_v0_2_baseline,base,1.9973766691490404
2025-10-13,t5_v0_2_baseline,base,2.0722242006725624
2025-10-14,t5_v0_2_baseline,base,2.0285769847554307
2025-10-15,t5_v0_2_baseline,base,2.0776710909384013
2025-10-16,t5_v0_2_baseline,base,1.9943412110676786
2025-10-17,t5_v0_2_baseline,base,2.007511630179022
2025-10-20,t5_v0_2_baseline,base,2.0606641021675554
2025-10-21,t5_v0_2_baseline,base,2.068552498386037
2025-10-22,t5_v0_2_baseline,base,2.0367640081599965
2025-10-23,t5_v0_2_baseline,base,2.0827439022179237
2025-10-24,t5_v0_2_baseline,base,2.174029600227117
2025-10-27,t5_v0_2_baseline,base,2.1888386801763513
2025-10-28,t5_v0_2_baseline,base,2.2292105875784514
2025-10-29,t5_v0_2_baseline,base,2.2176540383720544
2025-10-30,t5_v0_2_baseline,base,2.145774826580262
2025-10-31,t5_v0_2_baseline,base,2.1183035115755398
2025-11-03,t5_v0_2_baseline,base,2.137658851588942
2025-11-04,t5_v0_2_baseline,base,2.109213621864153
2025-11-05,t5_v0_2_baseline,base,2.191314991705041
2025-11-06,t5_v0_2_baseline,base,2.1929811350561654
2025-11-07,t5_v0_2_baseline,base,2.1792402938248925
2025-11-10,t5_v0_2_baseline,base,2.1617610554356523
2025-11-11,t5_v0_2_baseline,base,2.1113980332680873
2025-11-12,t5_v0_2_baseline,base,2.114482079960984
2025-11-13,t5_v0_2_baseline,base,2.087801264890097
2025-11-14,t5_v0_2_baseline,base,2.063594863730492
2025-11-17,t5_v0_2_baseline,base,2.0417412390508654
2025-11-18,t5_v0_2_baseline,base,2.0275879919136264
2025-11-19,t5_v0_2_baseline,base,2.0222283626696638
2025-11-20,t5_v0_2_baseline,base,1.9579411377165197
2025-11-21,t5_v0_2_baseline,base,1.956106160551404
2025-11-24,t5_v0_2_baseline,base,1.9972122144768507
2025-11-25,t5_v0_2_baseline,base,1.9966516192518067
2025-11-26,t5_v0_2_baseline,base,1.9921357747943744
2025-11-27,t5_v0_2_baseline,base,2.0146024942676326
2025-11-28,t5_v0_2_baseline,base,2.0639943777600873
2025-12-01,t5_v0_2_baseline,base,2.082899577088845
2025-12-02,t5_v0_2_baseline,base,2.0781468888905508
2025-12-03,t5_v0_2_baseline,base,2.067399714447041
2025-12-04,t5_v0_2_baseline,base,2.1258462852054696
2025-12-05,t5_v0_2_baseline,base,2.2044356491029142
2025-12-08,t5_v0_2_baseline,base,2.234735103017526
2025-12-09,t5_v0_2_baseline,base,2.2593621350472124
2025-12-10,t5_v0_2_baseline,base,2.264934785666122
2025-12-11,t5_v0_2_baseline,base,2.255357326087735
2025-12-12,t5_v0_2_baseline,base,2.266473510004117
2025-12-15,t5_v0_2_baseline,base,2.2393125316674354
2025-12-16,t5_v0_2_baseline,base,2.2539910561250998
2025-12-17,t5_v0_2_baseline,base,2.286886536511942
2025-12-18,t5_v0_2_baseline,base,2.3240770159433355
2025-12-19,t5_v0_2_baseline,base,2.370709311644983
2025-12-22,t5_v0_2_baseline,base,2.353617107423712
2025-12-23,t5_v0_2_baseline,base,2.362200242375864
2025-12-24,t5_v0_2_baseline,base,2.453416451763982
2025-12-25,t5_v0_2_baseline,base,2.5033300326804757
2025-12-26,t5_v0_2_baseline,base,2.518930336135017
2025-12-29,t5_v0_2_baseline,base,2.532860306263274
2025-12-30,t5_v0_2_baseline,base,2.560620381376719
2025-12-31,t5_v0_2_baseline,base,2.6244340689457477
2026-01-05,t5_v0_2_baseline,base,2.659809985651996
2026-01-06,t5_v0_2_baseline,base,2.760354346350633
2026-01-07,t5_v0_2_baseline,base,2.8292201702170683
2026-01-08,t5_v0_2_baseline,base,2.919808697383156
2026-01-09,t5_v0_2_baseline,base,3.077113915179079
2026-01-12,t5_v0_2_baseline,base,3.0638841409019593
2026-01-13,t5_v0_2_baseline,base,3.0502654422615483
2026-01-14,t5_v0_2_baseline,base,2.9960029460306754
2026-01-15,t5_v0_2_baseline,base,3.0632633918646586
2026-01-16,t5_v0_2_baseline,base,3.069113219622701
2026-01-19,t5_v0_2_baseline,base,3.04784259542652
2026-01-20,t5_v0_2_baseline,base,3.030496137591332
2026-01-21,t5_v0_2_baseline,base,3.0397746175165756
2026-01-22,t5_v0_2_baseline,base,3.1392576161368724
2026-01-23,t5_v0_2_baseline,base,3.115708641104522
2026-01-26,t5_v0_2_baseline,base,3.0549454672364154
2026-01-27,t5_v0_2_baseline,base,3.0749172288299897
2026-01-28,t5_v0_2_baseline,base,3.024776426109006
2026-01-29,t5_v0_2_baseline,base,2.953022104938256
2026-01-30,t5_v0_2_baseline,base,3.000442485299245
2026-02-02,t5_v0_2_baseline,base,3.011779231112781
2026-02-03,t5_v0_2_baseline,base,3.0130221933813153
2026-02-04,t5_v0_2_baseline,base,2.9359311781361033
2026-02-05,t5_v0_2_baseline,base,2.8915026851795678
2026-02-06,t5_v0_2_baseline,base,2.998750496108802
2026-02-09,t5_v0_2_baseline,base,3.04716545691342
2026-02-10,t5_v0_2_baseline,base,3.057540512404238
2026-02-11,t5_v0_2_baseline,base,3.0750021558102754
2026-02-12,t5_v0_2_baseline,base,3.0106869121572917
2026-02-13,t5_v0_2_baseline,base,3.0415830409272804
2026-02-24,t5_v0_2_baseline,base,3.055097359989857
2026-02-25,t5_v0_2_baseline,base,3.106249700511009
2026-02-26,t5_v0_2_baseline,base,3.094693201360186
2026-02-27,t5_v0_2_baseline,base,3.125000968613579
2026-03-02,t5_v0_2_baseline,base,3.139786514558762
2026-03-03,t5_v0_2_baseline,base,3.055211477968217
2026-03-04,t5_v0_2_baseline,base,3.1653597089125154
2026-03-05,t5_v0_2_baseline,base,3.1381948452636674
2026-03-06,t5_v0_2_baseline,base,3.035361364115895
2026-03-09,t5_v0_2_baseline,base,3.1135363557580247
2026-03-10,t5_v0_2_baseline,base,3.1456899393551025
2026-03-11,t5_v0_2_baseline,base,3.0341268501325467
2026-03-12,t5_v0_2_baseline,base,2.9523474485271692
2026-03-13,t5_v0_2_baseline,base,2.900086400017824
2026-03-16,t5_v0_2_baseline,base,2.823356549303172
2026-03-17,t5_v0_2_baseline,base,2.767967266683754
2026-03-18,t5_v0_2_baseline,base,2.766992193282239
2026-03-19,t5_v0_2_baseline,base,2.7755908468134485
2026-03-20,t5_v0_2_baseline,base,2.6537613757160305
2026-03-23,t5_v0_2_baseline,base,2.65363759911182
2026-03-24,t5_v0_2_baseline,base,2.746467340657761
2026-03-25,t5_v0_2_baseline,base,2.686835047912009
2026-03-26,t5_v0_2_baseline,base,2.6356411427943076
2026-03-27,t5_v0_2_baseline,base,2.6483625745474346
2026-03-30,t5_v0_2_baseline,base,2.63956966940393
2026-03-31,t5_v0_2_baseline,base,2.6817424978163342
2026-04-01,t5_v0_2_baseline,base,2.738179485039126
2026-04-02,t5_v0_2_baseline,base,2.7555741427898623
2026-04-03,t5_v0_2_baseline,base,2.710094464304379
2026-04-07,t5_v0_2_baseline,base,2.711866875986303
2026-04-08,t5_v0_2_baseline,base,2.718780482434979
2026-04-09,t5_v0_2_baseline,base,2.774924044923445
2026-04-10,t5_v0_2_baseline,base,2.7673899172495036
2026-04-13,t5_v0_2_baseline,base,2.8052609880139956
2026-04-14,t5_v0_2_baseline,base,2.771574992669427
2026-04-15,t5_v0_2_baseline,base,2.723483449836924
2026-04-16,t5_v0_2_baseline,base,2.814826196061336
2026-04-17,t5_v0_2_baseline,base,2.856302373391487
2026-04-20,t5_v0_2_baseline,base,2.8886392676065906
2026-04-21,t5_v0_2_baseline,base,2.962011081309293
2026-04-22,t5_v0_2_baseline,base,2.9760429444851373
2026-04-23,t5_v0_2_baseline,base,2.8996340781313155
2026-04-24,t5_v0_2_baseline,base,2.8840789410393364
2026-04-27,t5_v0_2_baseline,base,2.84793190958978
2026-04-28,t5_v0_2_baseline,base,2.8052971952781838
2026-04-29,t5_v0_2_baseline,base,2.889835853605439
2026-04-30,t5_v0_2_baseline,base,2.95248201927462
2026-05-06,t5_v0_2_baseline,base,2.924873786330584
2026-05-07,t5_v0_2_baseline,base,2.9421854480749228
2026-05-08,t5_v0_2_baseline,base,2.998557653294406
2026-05-11,t5_v0_2_baseline,base,2.9550786498911115
2026-05-12,t5_v0_2_baseline,base,2.9480812546159574
2026-05-13,t5_v0_2_baseline,base,2.989251131351249
2026-05-14,t5_v0_2_baseline,base,3.000000581073994
2026-05-15,t5_v0_2_baseline,base,3.0540304375140255
2026-05-18,t5_v0_2_baseline,base,3.1190555752916254
2026-05-19,t5_v0_2_baseline,base,3.1944508622832215
2026-05-20,t5_v0_2_baseline,base,3.151488007028345
2026-05-21,t5_v0_2_baseline,base,3.049718013140373
2026-05-22,t5_v0_2_baseline,base,3.1169914769312004
2026-05-25,t5_v0_2_baseline,base,3.054434555330354
2026-05-26,t5_v0_2_baseline,base,3.004964317576393
2026-05-27,t5_v0_2_baseline,base,2.994226040445173
2026-05-28,t5_v0_2_baseline,base,2.9710785491366067
2026-05-29,t5_v0_2_baseline,base,2.868472176415128
2026-06-01,t5_v0_2_baseline,base,2.922022822984707
2026-06-02,t5_v0_2_baseline,base,3.0769647728902285
2026-06-03,t5_v0_2_baseline,base,3.0728747489687924
2026-06-04,t5_v0_2_baseline,base,3.075771757531469
2026-06-05,t5_v0_2_baseline,base,2.9064214904035683
2026-06-08,t5_v0_2_baseline,base,3.066027572557272
2026-06-09,t5_v0_2_baseline,base,3.074337697281463
2026-06-10,t5_v0_2_baseline,base,3.033917340562391
2026-06-11,t5_v0_2_baseline,base,3.103075019854132
2026-06-12,t5_v0_2_baseline,base,3.1510592405629096
2026-06-15,t5_v0_2_baseline,base,3.212777187420128
2026-06-16,t5_v0_2_baseline,base,3.2532981549997615
2026-06-17,t5_v0_2_baseline,base,3.445672248882374
2026-06-18,t5_v0_2_baseline,base,3.5592669405166824
2026-06-22,t5_v0_2_baseline,base,3.531924514423778
2026-06-23,t5_v0_2_baseline,base,3.580968738176852
2026-06-24,t5_v0_2_baseline,base,3.7410255733496682
2026-06-25,t5_v0_2_baseline,base,3.757121622669739
2026-06-26,t5_v0_2_baseline,base,3.8013304777887984
2026-06-29,t5_v0_2_baseline,base,3.9393927470462438
2026-06-30,t5_v0_2_baseline,base,4.013223464796688
2026-07-01,t5_v0_2_baseline,base,3.566617815950606
2026-07-02,t5_v0_2_baseline,base,3.4318682576865362
2026-07-03,t5_v0_2_baseline,base,3.464608460372558
2026-07-06,t5_v0_2_baseline,base,3.4058348409017554
2026-07-07,t5_v0_2_baseline,base,3.423140625654105
2026-07-08,t5_v0_2_baseline,base,3.510586454950667
2026-07-09,t5_v0_2_baseline,base,3.625762426427052
2026-07-10,t5_v0_2_baseline,base,3.383265425471358
2026-07-13,t5_v0_2_baseline,base,3.1734204411908555
2026-07-14,t5_v0_2_baseline,base,3.070270336456845
2026-07-15,t5_v0_2_baseline,base,2.8580943782949912
2026-07-16,t5_v0_2_baseline,base,2.6564204961493467
2025-08-11,t5_v0_2_baseline,stress,1.4969874069591254
2025-08-12,t5_v0_2_baseline,stress,1.5277504779580608
2025-08-13,t5_v0_2_baseline,stress,1.5752774661037212
2025-08-14,t5_v0_2_baseline,stress,1.5653174850212082
2025-08-15,t5_v0_2_baseline,stress,1.6044696032366639
2025-08-18,t5_v0_2_baseline,stress,1.6148101408050648
2025-08-19,t5_v0_2_baseline,stress,1.6432535592775142
2025-08-20,t5_v0_2_baseline,stress,1.7055767328770468
2025-08-21,t5_v0_2_baseline,stress,1.7261523166070012
2025-08-22,t5_v0_2_baseline,stress,1.7790182192411867
2025-08-25,t5_v0_2_baseline,stress,1.8207802101775492
2025-08-26,t5_v0_2_baseline,stress,1.8043495742812758
2025-08-27,t5_v0_2_baseline,stress,1.8034806586967698
2025-08-28,t5_v0_2_baseline,stress,1.9012076597690566
2025-08-29,t5_v0_2_baseline,stress,1.8925336723474766
2025-09-01,t5_v0_2_baseline,stress,1.9693892418221008
2025-09-02,t5_v0_2_baseline,stress,1.8901833770927554
2025-09-03,t5_v0_2_baseline,stress,1.9798649081654383
2025-09-04,t5_v0_2_baseline,stress,1.7968448917230753
2025-09-05,t5_v0_2_baseline,stress,1.8452642139312991
2025-09-08,t5_v0_2_baseline,stress,1.7849813961309355
2025-09-09,t5_v0_2_baseline,stress,1.81920572115173
2025-09-10,t5_v0_2_baseline,stress,1.7990602091008219
2025-09-11,t5_v0_2_baseline,stress,1.9347167900621958
2025-09-12,t5_v0_2_baseline,stress,1.9053067155062604
2025-09-15,t5_v0_2_baseline,stress,1.8850619458447941
2025-09-16,t5_v0_2_baseline,stress,1.848724655775441
2025-09-17,t5_v0_2_baseline,stress,1.859271043987549
2025-09-18,t5_v0_2_baseline,stress,1.9056832958856003
2025-09-19,t5_v0_2_baseline,stress,1.8774668184716723
2025-09-22,t5_v0_2_baseline,stress,1.915387019546185
2025-09-23,t5_v0_2_baseline,stress,1.8897404919770255
2025-09-24,t5_v0_2_baseline,stress,1.9698556510520269
2025-09-25,t5_v0_2_baseline,stress,1.9832393571101283
2025-09-26,t5_v0_2_baseline,stress,1.9472423394076748
2025-09-29,t5_v0_2_baseline,stress,1.9749037306759265
2025-09-30,t5_v0_2_baseline,stress,2.0125746493108867
2025-10-09,t5_v0_2_baseline,stress,1.9999343733873833
2025-10-10,t5_v0_2_baseline,stress,1.879088360704843
2025-10-13,t5_v0_2_baseline,stress,2.0579620284614863
2025-10-14,t5_v0_2_baseline,stress,1.9743309749526543
2025-10-15,t5_v0_2_baseline,stress,2.053770171283344
2025-10-16,t5_v0_2_baseline,stress,1.9992171372447627
2025-10-17,t5_v0_2_baseline,stress,1.9337067442711204
2025-10-20,t5_v0_2_baseline,stress,2.0016427209666854
2025-10-21,t5_v0_2_baseline,stress,2.045646021745379
2025-10-22,t5_v0_2_baseline,stress,2.0206734919708085
2025-10-23,t5_v0_2_baseline,stress,2.050355448897029
2025-10-24,t5_v0_2_baseline,stress,2.1362982490715483
2025-10-27,t5_v0_2_baseline,stress,2.1577970318375232
2025-10-28,t5_v0_2_baseline,stress,2.192561060828223
2025-10-29,t5_v0_2_baseline,stress,2.2179383177280934
2025-10-30,t5_v0_2_baseline,stress,2.1537095630557315
2025-10-31,t5_v0_2_baseline,stress,2.07952917961483
2025-11-03,t5_v0_2_baseline,stress,2.124131963251198
2025-11-04,t5_v0_2_baseline,stress,2.058126375755153
2025-11-05,t5_v0_2_baseline,stress,2.1469270779274052
2025-11-06,t5_v0_2_baseline,stress,2.1689632621979276
2025-11-07,t5_v0_2_baseline,stress,2.1787187191493427
2025-11-10,t5_v0_2_baseline,stress,2.1673310415322504
2025-11-11,t5_v0_2_baseline,stress,2.09083270348817
2025-11-12,t5_v0_2_baseline,stress,2.092698854574777
2025-11-13,t5_v0_2_baseline,stress,2.0808980332859925
2025-11-14,t5_v0_2_baseline,stress,2.0571420209308062
2025-11-17,t5_v0_2_baseline,stress,2.023598561364982
2025-11-18,t5_v0_2_baseline,stress,1.9896209832390814
2025-11-19,t5_v0_2_baseline,stress,1.9871558874790687
2025-11-20,t5_v0_2_baseline,stress,1.9436393845979854
2025-11-21,t5_v0_2_baseline,stress,1.9048668000307254
2025-11-24,t5_v0_2_baseline,stress,1.940809269708854
2025-11-25,t5_v0_2_baseline,stress,1.981773599151538
2025-11-26,t5_v0_2_baseline,stress,1.9604266627376927
2025-11-27,t5_v0_2_baseline,stress,1.9642830395913902
2025-11-28,t5_v0_2_baseline,stress,2.0201725349002015
2025-12-01,t5_v0_2_baseline,stress,2.043240379800633
2025-12-02,t5_v0_2_baseline,stress,2.053287289620929
2025-12-03,t5_v0_2_baseline,stress,2.0083337466815783
2025-12-04,t5_v0_2_baseline,stress,2.0742521981226787
2025-12-05,t5_v0_2_baseline,stress,2.138430346821064
2025-12-08,t5_v0_2_baseline,stress,2.170670806316249
2025-12-09,t5_v0_2_baseline,stress,2.217765703350991
2025-12-10,t5_v0_2_baseline,stress,2.256397951840668
2025-12-11,t5_v0_2_baseline,stress,2.1999387982706056
2025-12-12,t5_v0_2_baseline,stress,2.2227015379520862
2025-12-15,t5_v0_2_baseline,stress,2.2271617160008454
2025-12-16,t5_v0_2_baseline,stress,2.189564446958883
2025-12-17,t5_v0_2_baseline,stress,2.2242347105230302
2025-12-18,t5_v0_2_baseline,stress,2.287967070314383
2025-12-19,t5_v0_2_baseline,stress,2.329584526888521
2025-12-22,t5_v0_2_baseline,stress,2.3452709334259776
2025-12-23,t5_v0_2_baseline,stress,2.2866148081536917
2025-12-24,t5_v0_2_baseline,stress,2.37636094490665
2025-12-25,t5_v0_2_baseline,stress,2.460837559758832
2025-12-26,t5_v0_2_baseline,stress,2.4593030051125995
2025-12-29,t5_v0_2_baseline,stress,2.475068082329839
2025-12-30,t5_v0_2_baseline,stress,2.493368383046618
2025-12-31,t5_v0_2_baseline,stress,2.6087971494720366
2026-01-05,t5_v0_2_baseline,stress,2.6065555050750553
2026-01-06,t5_v0_2_baseline,stress,2.654365721489833
2026-01-07,t5_v0_2_baseline,stress,2.6924074748665
2026-01-08,t5_v0_2_baseline,stress,2.7874274587763987
2026-01-09,t5_v0_2_baseline,stress,2.9391650961284386
2026-01-12,t5_v0_2_baseline,stress,3.044123028140961
2026-01-13,t5_v0_2_baseline,stress,2.906200470071195
2026-01-14,t5_v0_2_baseline,stress,2.8899511829726934
2026-01-15,t5_v0_2_baseline,stress,2.9555868455561667
2026-01-16,t5_v0_2_baseline,stress,2.968473854286327
2026-01-19,t5_v0_2_baseline,stress,2.982690920957279
2026-01-20,t5_v0_2_baseline,stress,2.9068876756788193
2026-01-21,t5_v0_2_baseline,stress,2.950520148678104
2026-01-22,t5_v0_2_baseline,stress,2.9751811265081036
2026-01-23,t5_v0_2_baseline,stress,3.103723185573408
2026-01-26,t5_v0_2_baseline,stress,2.9212354117499615
2026-01-27,t5_v0_2_baseline,stress,3.0306080206824952
2026-01-28,t5_v0_2_baseline,stress,2.9858148607574106
2026-01-29,t5_v0_2_baseline,stress,2.900926901678156
2026-01-30,t5_v0_2_baseline,stress,2.9271261994624482
2026-02-02,t5_v0_2_baseline,stress,2.93186455016624
2026-02-03,t5_v0_2_baseline,stress,2.9735804889478215
2026-02-04,t5_v0_2_baseline,stress,2.91933484742014
2026-02-05,t5_v0_2_baseline,stress,2.813494189641525
2026-02-06,t5_v0_2_baseline,stress,2.9374640406900454
2026-02-09,t5_v0_2_baseline,stress,2.979549797416772
2026-02-10,t5_v0_2_baseline,stress,3.04108302256441
2026-02-11,t5_v0_2_baseline,stress,3.005447951778845
2026-02-12,t5_v0_2_baseline,stress,3.0277517188973366
2026-02-13,t5_v0_2_baseline,stress,2.9615982567356975
2026-02-24,t5_v0_2_baseline,stress,3.036677539022049
2026-02-25,t5_v0_2_baseline,stress,3.0270064840256574
2026-02-26,t5_v0_2_baseline,stress,3.0655205870041327
2026-02-27,t5_v0_2_baseline,stress,3.0257670996125947
2026-03-02,t5_v0_2_baseline,stress,3.143463261394617
2026-03-03,t5_v0_2_baseline,stress,2.9685140394649885
2026-03-04,t5_v0_2_baseline,stress,3.0916975229240675
2026-03-05,t5_v0_2_baseline,stress,3.1307407331747834
2026-03-06,t5_v0_2_baseline,stress,3.005133169452516
2026-03-09,t5_v0_2_baseline,stress,3.0505945904886667
2026-03-10,t5_v0_2_baseline,stress,3.1202417370268827
2026-03-11,t5_v0_2_baseline,stress,2.9925467334322864
2026-03-12,t5_v0_2_baseline,stress,2.9280578311157988
2026-03-13,t5_v0_2_baseline,stress,2.8789801254293876
2026-03-16,t5_v0_2_baseline,stress,2.87163518466429
2026-03-17,t5_v0_2_baseline,stress,2.703924043797783
2026-03-18,t5_v0_2_baseline,stress,2.716416532020081
2026-03-19,t5_v0_2_baseline,stress,2.7505379120326414
2026-03-20,t5_v0_2_baseline,stress,2.6416413174755635
2026-03-23,t5_v0_2_baseline,stress,2.6142431092306673
2026-03-24,t5_v0_2_baseline,stress,2.7302753359776966
2026-03-25,t5_v0_2_baseline,stress,2.68152770488068
2026-03-26,t5_v0_2_baseline,stress,2.570899841715808
2026-03-27,t5_v0_2_baseline,stress,2.576556080245729
2026-03-30,t5_v0_2_baseline,stress,2.651953300793502
2026-03-31,t5_v0_2_baseline,stress,2.6146140120364905
2026-04-01,t5_v0_2_baseline,stress,2.654668288193115
2026-04-02,t5_v0_2_baseline,stress,2.7151013552392165
2026-04-03,t5_v0_2_baseline,stress,2.655545329188023
2026-04-07,t5_v0_2_baseline,stress,2.643690450286364
2026-04-08,t5_v0_2_baseline,stress,2.643690450286364
2026-04-09,t5_v0_2_baseline,stress,2.646950241223832
2026-04-10,t5_v0_2_baseline,stress,2.6390852839453487
2026-04-13,t5_v0_2_baseline,stress,2.6658289826641677
2026-04-14,t5_v0_2_baseline,stress,2.710095245241412
2026-04-15,t5_v0_2_baseline,stress,2.5819332188859914
2026-04-16,t5_v0_2_baseline,stress,2.6571512514148194
2026-04-17,t5_v0_2_baseline,stress,2.712339658568538
2026-04-20,t5_v0_2_baseline,stress,2.7231007101929054
2026-04-21,t5_v0_2_baseline,stress,2.8142952863966912
2026-04-22,t5_v0_2_baseline,stress,2.8881919041250645
2026-04-23,t5_v0_2_baseline,stress,2.810877889180179
2026-04-24,t5_v0_2_baseline,stress,2.7816271485753683
2026-04-27,t5_v0_2_baseline,stress,2.7465646709798865
2026-04-28,t5_v0_2_baseline,stress,2.6798840700395394
2026-04-29,t5_v0_2_baseline,stress,2.7457374249511584
2026-04-30,t5_v0_2_baseline,stress,2.8582034257209536
2026-05-06,t5_v0_2_baseline,stress,2.7711220496382984
2026-05-07,t5_v0_2_baseline,stress,2.819706773808947
2026-05-08,t5_v0_2_baseline,stress,2.870578164265329
2026-05-11,t5_v0_2_baseline,stress,2.890499550466803
2026-05-12,t5_v0_2_baseline,stress,2.7555070427383668
2026-05-13,t5_v0_2_baseline,stress,2.9058264857744094
2026-05-14,t5_v0_2_baseline,stress,2.8292147818552618
2026-05-15,t5_v0_2_baseline,stress,2.897629312768588
2026-05-18,t5_v0_2_baseline,stress,2.897853229006555
2026-05-19,t5_v0_2_baseline,stress,3.0068465238296187
2026-05-20,t5_v0_2_baseline,stress,3.0691811360860153
2026-05-21,t5_v0_2_baseline,stress,2.8765996367017634
2026-05-22,t5_v0_2_baseline,stress,2.979310190382359
2026-05-25,t5_v0_2_baseline,stress,2.963992971340114
2026-05-26,t5_v0_2_baseline,stress,2.865658348396135
2026-05-27,t5_v0_2_baseline,stress,2.8292375961649165
2026-05-28,t5_v0_2_baseline,stress,2.892606375657563
2026-05-29,t5_v0_2_baseline,stress,2.7059601098187294
2026-06-01,t5_v0_2_baseline,stress,2.6946013542534915
2026-06-02,t5_v0_2_baseline,stress,2.8270238838201616
2026-06-03,t5_v0_2_baseline,stress,2.8503062215025103
2026-06-04,t5_v0_2_baseline,stress,2.8957470650434094
2026-06-05,t5_v0_2_baseline,stress,2.730075642965201
2026-06-08,t5_v0_2_baseline,stress,2.7668854677076102
2026-06-09,t5_v0_2_baseline,stress,2.9614341437390768
2026-06-10,t5_v0_2_baseline,stress,2.8463573995586744
2026-06-11,t5_v0_2_baseline,stress,2.960061136743546
2026-06-12,t5_v0_2_baseline,stress,2.967708135056527
2026-06-15,t5_v0_2_baseline,stress,3.092724990440229
2026-06-16,t5_v0_2_baseline,stress,3.000460270901064
2026-06-17,t5_v0_2_baseline,stress,3.190582527752637
2026-06-18,t5_v0_2_baseline,stress,3.422027062152564
2026-06-22,t5_v0_2_baseline,stress,3.388192238874435
2026-06-23,t5_v0_2_baseline,stress,3.3489273452271684
2026-06-24,t5_v0_2_baseline,stress,3.54213308440307
2026-06-25,t5_v0_2_baseline,stress,3.5810519951782513
2026-06-26,t5_v0_2_baseline,stress,3.598208957476488
2026-06-29,t5_v0_2_baseline,stress,3.6652119246300736
2026-06-30,t5_v0_2_baseline,stress,3.8020939712171757
2026-07-01,t5_v0_2_baseline,stress,3.447302135820589
2026-07-02,t5_v0_2_baseline,stress,3.1471660283320126
2026-07-03,t5_v0_2_baseline,stress,3.2827200537260426
2026-07-06,t5_v0_2_baseline,stress,3.1198314029048806
2026-07-07,t5_v0_2_baseline,stress,3.197554512129166
2026-07-08,t5_v0_2_baseline,stress,3.175240448853879
2026-07-09,t5_v0_2_baseline,stress,3.367627431641044
2026-07-10,t5_v0_2_baseline,stress,3.1988028313608834
2026-07-13,t5_v0_2_baseline,stress,3.0238033823290213
2026-07-14,t5_v0_2_baseline,stress,2.9327174155286353
2026-07-15,t5_v0_2_baseline,stress,2.7216720233170024
2026-07-16,t5_v0_2_baseline,stress,2.547706518543678
2025-08-11,t5_neighbor_10d,base,1.5749891341780944
2025-08-12,t5_neighbor_10d,base,1.6241681139588424
2025-08-13,t5_neighbor_10d,base,1.642152107068996
2025-08-14,t5_neighbor_10d,base,1.647890320842738
2025-08-15,t5_neighbor_10d,base,1.6775843739506255
2025-08-18,t5_neighbor_10d,base,1.7038161750520393
2025-08-19,t5_neighbor_10d,base,1.7263229321101907
2025-08-20,t5_neighbor_10d,base,1.7818182025106817
2025-08-21,t5_neighbor_10d,base,1.8048148660084444
2025-08-22,t5_neighbor_10d,base,1.8646640490018573
2025-08-25,t5_neighbor_10d,base,1.8537625032625016
2025-08-26,t5_neighbor_10d,base,1.8711329032185193
2025-08-27,t5_neighbor_10d,base,1.8914260425809426
2025-08-28,t5_neighbor_10d,base,1.9056465145582786
2025-08-29,t5_neighbor_10d,base,1.940650999009155
2025-09-01,t5_neighbor_10d,base,1.938494952173764
2025-09-02,t5_neighbor_10d,base,1.9236508263028957
2025-09-03,t5_neighbor_10d,base,1.8968752163218692
2025-09-04,t5_neighbor_10d,base,1.8316326674057755
2025-09-05,t5_neighbor_10d,base,1.813762342578408
2025-09-08,t5_neighbor_10d,base,1.786527001353081
2025-09-09,t5_neighbor_10d,base,1.81045628489677
2025-09-10,t5_neighbor_10d,base,1.8802173894988141
2025-09-11,t5_neighbor_10d,base,1.9263108431121736
2025-09-12,t5_neighbor_10d,base,1.9057130993840379
2025-09-15,t5_neighbor_10d,base,1.8778113770980511
2025-09-16,t5_neighbor_10d,base,1.893403903285585
2025-09-17,t5_neighbor_10d,base,1.9042202456478472
2025-09-18,t5_neighbor_10d,base,1.8972472486690575
2025-09-19,t5_neighbor_10d,base,1.8795204281498576
2025-09-22,t5_neighbor_10d,base,1.9167129628830188
2025-09-23,t5_neighbor_10d,base,1.9803251626383573
2025-09-24,t5_neighbor_10d,base,2.008068935446658
2025-09-25,t5_neighbor_10d,base,2.004256747660282
2025-09-26,t5_neighbor_10d,base,1.981077369089656
2025-09-29,t5_neighbor_10d,base,2.022957107599664
2025-09-30,t5_neighbor_10d,base,2.112870600799526
2025-10-09,t5_neighbor_10d,base,2.079232854821505
2025-10-10,t5_neighbor_10d,base,2.0741467558062188
2025-10-13,t5_neighbor_10d,base,2.151871086468275
2025-10-14,t5_neighbor_10d,base,2.1065462698261235
2025-10-15,t5_neighbor_10d,base,2.1575273304550118
2025-10-16,t5_neighbor_10d,base,2.0709946285038985
2025-10-17,t5_neighbor_10d,base,2.0856672103601928
2025-10-20,t5_neighbor_10d,base,2.147339724613055
2025-10-21,t5_neighbor_10d,base,2.1488688933126974
2025-10-22,t5_neighbor_10d,base,2.110032092063427
2025-10-23,t5_neighbor_10d,base,2.1616138588771503
2025-10-24,t5_neighbor_10d,base,2.258615005465022
2025-10-27,t5_neighbor_10d,base,2.274000265254943
2025-10-28,t5_neighbor_10d,base,2.315942930547127
2025-10-29,t5_neighbor_10d,base,2.3039367483653224
2025-10-30,t5_neighbor_10d,base,2.2292609176788485
2025-10-31,t5_neighbor_10d,base,2.2007207707171705
2025-11-03,t5_neighbor_10d,base,2.2208291728224503
2025-11-04,t5_neighbor_10d,base,2.1912772188455603
2025-11-05,t5_neighbor_10d,base,2.276572923132425
2025-11-06,t5_neighbor_10d,base,2.278303891456735
2025-11-07,t5_neighbor_10d,base,2.264028432562604
2025-11-10,t5_neighbor_10d,base,2.238490614910414
2025-11-11,t5_neighbor_10d,base,2.203599848013527
2025-11-12,t5_neighbor_10d,base,2.2166057117231537
2025-11-13,t5_neighbor_10d,base,2.201489050340343
2025-11-14,t5_neighbor_10d,base,2.1807032078624107
2025-11-17,t5_neighbor_10d,base,2.159769166184284
2025-11-18,t5_neighbor_10d,base,2.1447977554179496
2025-11-19,t5_neighbor_10d,base,2.13063580168785
2025-11-20,t5_neighbor_10d,base,2.0511071948497883
2025-11-21,t5_neighbor_10d,base,2.0637191737528235
2025-11-24,t5_neighbor_10d,base,2.0968924137909895
2025-11-25,t5_neighbor_10d,base,2.099509970193339
2025-11-26,t5_neighbor_10d,base,2.092373078415242
2025-11-27,t5_neighbor_10d,base,2.107668062332762
2025-11-28,t5_neighbor_10d,base,2.1615031316750017
2025-12-01,t5_neighbor_10d,base,2.1813014644584445
2025-12-02,t5_neighbor_10d,base,2.176324246237707
2025-12-03,t5_neighbor_10d,base,2.165069345804541
2025-12-04,t5_neighbor_10d,base,2.2262770928271407
2025-12-05,t5_neighbor_10d,base,2.3085792337685427
2025-12-08,t5_neighbor_10d,base,2.3403101169677263
2025-12-09,t5_neighbor_10d,base,2.3661005975182574
2025-12-10,t5_neighbor_10d,base,2.3719365154327123
2025-12-11,t5_neighbor_10d,base,2.3619065904022767
2025-12-12,t5_neighbor_10d,base,2.3735479333276435
2025-12-15,t5_neighbor_10d,base,2.345103795898449
2025-12-16,t5_neighbor_10d,base,2.3604757741002698
2025-12-17,t5_neighbor_10d,base,2.3807131123223044
2025-12-18,t5_neighbor_10d,base,2.4063968949109866
2025-12-19,t5_neighbor_10d,base,2.4522262470891047
2025-12-22,t5_neighbor_10d,base,2.4345463267352576
2025-12-23,t5_neighbor_10d,base,2.443424593129449
2025-12-24,t5_neighbor_10d,base,2.5261391221472245
2025-12-25,t5_neighbor_10d,base,2.581239914128022
2025-12-26,t5_neighbor_10d,base,2.5796592630541784
2025-12-29,t5_neighbor_10d,base,2.593302866671532
2025-12-30,t5_neighbor_10d,base,2.6191036650944195
2025-12-31,t5_neighbor_10d,base,2.6923764043968497
2026-01-05,t5_neighbor_10d,base,2.72593947798309
2026-01-06,t5_neighbor_10d,base,2.7342356196439948
2026-01-07,t5_neighbor_10d,base,2.799647378922374
2026-01-08,t5_neighbor_10d,base,2.8892890177424158
2026-01-09,t5_neighbor_10d,base,3.04494998231817
2026-01-12,t5_neighbor_10d,base,3.0318584939749944
2026-01-13,t5_neighbor_10d,base,3.0183821465509504
2026-01-14,t5_neighbor_10d,base,2.964686836109666
2026-01-15,t5_neighbor_10d,base,3.0312442333976306
2026-01-16,t5_neighbor_10d,base,3.0370329150712436
2026-01-19,t5_neighbor_10d,base,3.0159846248371496
2026-01-20,t5_neighbor_10d,base,3.0120752418338532
2026-01-21,t5_neighbor_10d,base,3.002480071621396
2026-01-22,t5_neighbor_10d,base,2.9891691367950934
2026-01-23,t5_neighbor_10d,base,2.9852854077684596
2026-01-26,t5_neighbor_10d,base,2.948939219012109
2026-01-27,t5_neighbor_10d,base,2.9913371525796975
2026-01-28,t5_neighbor_10d,base,2.94037382719016
2026-01-29,t5_neighbor_10d,base,2.8684296371306526
2026-01-30,t5_neighbor_10d,base,2.9326583298528828
2026-02-02,t5_neighbor_10d,base,2.9466856485101527
2026-02-03,t5_neighbor_10d,base,2.947901746635969
2026-02-04,t5_neighbor_10d,base,2.878738732178208
2026-02-05,t5_neighbor_10d,base,2.8450410510173474
2026-02-06,t5_neighbor_10d,base,2.9253993303983177
2026-02-09,t5_neighbor_10d,base,2.96965740332037
2026-02-10,t5_neighbor_10d,base,2.979768557697716
2026-02-11,t5_neighbor_10d,base,2.9967860447190495
2026-02-12,t5_neighbor_10d,base,2.9341067310549
2026-02-13,t5_neighbor_10d,base,2.964216982314008
2026-02-24,t5_neighbor_10d,base,2.9486491224871427
2026-02-25,t5_neighbor_10d,base,2.9979512401963606
2026-02-26,t5_neighbor_10d,base,2.984597093397677
2026-02-27,t5_neighbor_10d,base,2.978519265997667
2026-03-02,t5_neighbor_10d,base,2.940387221524481
2026-03-03,t5_neighbor_10d,base,2.8583221319252643
2026-03-04,t5_neighbor_10d,base,2.9613719955994737
2026-03-05,t5_neighbor_10d,base,2.9359577381779647
2026-03-06,t5_neighbor_10d,base,2.839751234246176
2026-03-09,t5_neighbor_10d,base,2.9128883347006322
2026-03-10,t5_neighbor_10d,base,2.9429698201490164
2026-03-11,t5_neighbor_10d,base,2.8385962769981345
2026-03-12,t5_neighbor_10d,base,2.7620870483473876
2026-03-13,t5_neighbor_10d,base,2.7131938988325066
2026-03-16,t5_neighbor_10d,base,2.6414088089758585
2026-03-17,t5_neighbor_10d,base,2.5895890205506618
2026-03-18,t5_neighbor_10d,base,2.5573359746398494
2026-03-19,t5_neighbor_10d,base,2.557206889960437
2026-03-20,t5_neighbor_10d,base,2.4312835305069784
2026-03-23,t5_neighbor_10d,base,2.4151995894199674
2026-03-24,t5_neighbor_10d,base,2.498480770329133
2026-03-25,t5_neighbor_10d,base,2.43535902594769
2026-03-26,t5_neighbor_10d,base,2.406309341715958
2026-03-27,t5_neighbor_10d,base,2.4380384664155086
2026-03-30,t5_neighbor_10d,base,2.432376240664196
2026-03-31,t5_neighbor_10d,base,2.471238706399039
2026-04-01,t5_neighbor_10d,base,2.523245663596114
2026-04-02,t5_neighbor_10d,base,2.5392749250010347
2026-04-03,t5_neighbor_10d,base,2.497365180900165
2026-04-07,t5_neighbor_10d,base,2.4989984668534624
2026-04-08,t5_neighbor_10d,base,2.5053693886965136
2026-04-09,t5_neighbor_10d,base,2.557105953579088
2026-04-10,t5_neighbor_10d,base,2.5501632184201544
2026-04-13,t5_neighbor_10d,base,2.585061593637833
2026-04-14,t5_neighbor_10d,base,2.5540197856988307
2026-04-15,t5_neighbor_10d,base,2.509703195946123
2026-04-16,t5_neighbor_10d,base,2.593875979202665
2026-04-17,t5_neighbor_10d,base,2.632096477589516
2026-04-20,t5_neighbor_10d,base,2.661895082300507
2026-04-21,t5_neighbor_10d,base,2.7295075641582773
2026-04-22,t5_neighbor_10d,base,2.7424379940676653
2026-04-23,t5_neighbor_10d,base,2.672026853475536
2026-04-24,t5_neighbor_10d,base,2.657692719271247
2026-04-27,t5_neighbor_10d,base,2.6243830546362927
2026-04-28,t5_neighbor_10d,base,2.585094958807229
2026-04-29,t5_neighbor_10d,base,2.662997742096628
2026-04-30,t5_neighbor_10d,base,2.720726487319268
2026-05-06,t5_neighbor_10d,base,2.695285366882784
2026-05-07,t5_neighbor_10d,base,2.711238147065644
2026-05-08,t5_neighbor_10d,base,2.7405495170318304
2026-05-11,t5_neighbor_10d,base,2.718250096333266
2026-05-12,t5_neighbor_10d,base,2.7069285672313548
2026-05-13,t5_neighbor_10d,base,2.712928666035394
2026-05-14,t5_neighbor_10d,base,2.763590320985025
2026-05-15,t5_neighbor_10d,base,2.8105490783377793
2026-05-18,t5_neighbor_10d,base,2.870390112927593
2026-05-19,t5_neighbor_10d,base,2.9397745407192595
2026-05-20,t5_neighbor_10d,base,2.9002368819729236
2026-05-21,t5_neighbor_10d,base,2.8065804602782176
2026-05-22,t5_neighbor_10d,base,2.8684905739861235
2026-05-25,t5_neighbor_10d,base,2.810920978022298
2026-05-26,t5_neighbor_10d,base,2.765394735252523
2026-05-27,t5_neighbor_10d,base,2.7555125629848973
2026-05-28,t5_neighbor_10d,base,2.6891316250382897
2026-05-29,t5_neighbor_10d,base,2.5986585219960876
2026-06-01,t5_neighbor_10d,base,2.6445249262923443
2026-06-02,t5_neighbor_10d,base,2.765683177083287
2026-06-03,t5_neighbor_10d,base,2.741410851640391
2026-06-04,t5_neighbor_10d,base,2.730963374839372
2026-06-05,t5_neighbor_10d,base,2.6042183543800497
2026-06-08,t5_neighbor_10d,base,2.6959627055870605
2026-06-09,t5_neighbor_10d,base,2.7196278011355712
2026-06-10,t5_neighbor_10d,base,2.707171565334443
2026-06-11,t5_neighbor_10d,base,2.8205925049054574
2026-06-12,t5_neighbor_10d,base,2.867075649266872
2026-06-15,t5_neighbor_10d,base,2.9232313762932756
2026-06-16,t5_neighbor_10d,base,2.9601004639755324
2026-06-17,t5_neighbor_10d,base,3.135137185919893
2026-06-18,t5_neighbor_10d,base,3.2384943586693726
2026-06-22,t5_neighbor_10d,base,3.213616119938183
2026-06-23,t5_neighbor_10d,base,3.2582403205401738
2026-06-24,t5_neighbor_10d,base,3.403872319048943
2026-06-25,t5_neighbor_10d,base,3.4185177406458815
2026-06-26,t5_neighbor_10d,base,3.4587423515837514
2026-06-29,t5_neighbor_10d,base,3.5843620051831024
2026-06-30,t5_neighbor_10d,base,3.651538861240045
2026-07-01,t5_neighbor_10d,base,3.2451827495717382
2026-07-02,t5_neighbor_10d,base,3.1225772547986956
2026-07-03,t5_neighbor_10d,base,3.152366805139357
2026-07-06,t5_neighbor_10d,base,3.0988900532475347
2026-07-07,t5_neighbor_10d,base,3.1146361850295743
2026-07-08,t5_neighbor_10d,base,3.194201114999387
2026-07-09,t5_neighbor_10d,base,3.2989970575668166
2026-07-10,t5_neighbor_10d,base,3.078354666109868
2026-07-13,t5_neighbor_10d,base,2.8874215865896184
2026-07-14,t5_neighbor_10d,base,2.8237874870461974
2026-07-15,t5_neighbor_10d,base,2.73688024483027
2026-07-16,t5_neighbor_10d,base,2.5580686568838282
2025-08-11,t5_neighbor_10d,stress,1.4484255147754521
2025-08-12,t5_neighbor_10d,stress,1.4781906395457525
2025-08-13,t5_neighbor_10d,stress,1.524175864238083
2025-08-14,t5_neighbor_10d,stress,1.5145389824182838
2025-08-15,t5_neighbor_10d,stress,1.552421015838969
2025-08-18,t5_neighbor_10d,stress,1.5624261089886773
2025-08-19,t5_neighbor_10d,stress,1.5899468301727104
2025-08-20,t5_neighbor_10d,stress,1.6502482558117624
2025-08-21,t5_neighbor_10d,stress,1.6701563728188404
2025-08-22,t5_neighbor_10d,stress,1.7213073189664319
2025-08-25,t5_neighbor_10d,stress,1.7617145614982324
2025-08-26,t5_neighbor_10d,stress,1.7583492447937668
2025-08-27,t5_neighbor_10d,stress,1.7248080179928291
2025-08-28,t5_neighbor_10d,stress,1.8433027153161314
2025-08-29,t5_neighbor_10d,stress,1.8117374342158699
2025-09-01,t5_neighbor_10d,stress,1.86179990190685
2025-09-02,t5_neighbor_10d,stress,1.783347275907579
2025-09-03,t5_neighbor_10d,stress,1.8679598675089713
2025-09-04,t5_neighbor_10d,stress,1.6952844267477378
2025-09-05,t5_neighbor_10d,stress,1.7409670136373434
2025-09-08,t5_neighbor_10d,stress,1.6840914743583648
2025-09-09,t5_neighbor_10d,stress,1.7163813873558458
2025-09-10,t5_neighbor_10d,stress,1.6973745309454333
2025-09-11,t5_neighbor_10d,stress,1.825363591185979
2025-09-12,t5_neighbor_10d,stress,1.7976158197373504
2025-09-15,t5_neighbor_10d,stress,1.7785153159107419
2025-09-16,t5_neighbor_10d,stress,1.7442318659320868
2025-09-17,t5_neighbor_10d,stress,1.767167614636885
2025-09-18,t5_neighbor_10d,stress,1.8020240755464134
2025-09-19,t5_neighbor_10d,stress,1.7639017611886316
2025-09-22,t5_neighbor_10d,stress,1.7903764025492053
2025-09-23,t5_neighbor_10d,stress,1.84982850689719
2025-09-24,t5_neighbor_10d,stress,1.900794779314352
2025-09-25,t5_neighbor_10d,stress,1.9175443567567891
2025-09-26,t5_neighbor_10d,stress,1.8787290082988093
2025-09-29,t5_neighbor_10d,stress,1.8891522543746537
2025-09-30,t5_neighbor_10d,stress,1.9476856704051486
2025-10-09,t5_neighbor_10d,stress,1.98328723663452
2025-10-10,t5_neighbor_10d,stress,1.8881354368565455
2025-10-13,t5_neighbor_10d,stress,2.0720143401038746
2025-10-14,t5_neighbor_10d,stress,1.9878122315363809
2025-10-15,t5_neighbor_10d,stress,2.0677938598109167
2025-10-16,t5_neighbor_10d,stress,2.012868323158222
2025-10-17,t5_neighbor_10d,stress,1.9469106078116933
2025-10-20,t5_neighbor_10d,stress,2.036644402602456
2025-10-21,t5_neighbor_10d,stress,2.073011624634132
2025-10-22,t5_neighbor_10d,stress,2.040813485652113
2025-10-23,t5_neighbor_10d,stress,2.075752305388003
2025-10-24,t5_neighbor_10d,stress,2.169287814156166
2025-10-27,t5_neighbor_10d,stress,2.1955096088724573
2025-10-28,t5_neighbor_10d,stress,2.2308812210148674
2025-10-29,t5_neighbor_10d,stress,2.2567020051518463
2025-10-30,t5_neighbor_10d,stress,2.191350701962316
2025-10-31,t5_neighbor_10d,stress,2.115873841890981
2025-11-03,t5_neighbor_10d,stress,2.1612561640516126
2025-11-04,t5_neighbor_10d,stress,2.0940969737067117
2025-11-05,t5_neighbor_10d,stress,2.1844496769578496
2025-11-06,t5_neighbor_10d,stress,2.2068709953649916
2025-11-07,t5_neighbor_10d,stress,2.2167969518658834
2025-11-10,t5_neighbor_10d,stress,2.205210247805133
2025-11-11,t5_neighbor_10d,stress,2.159135640851877
2025-11-12,t5_neighbor_10d,stress,2.1465377782547104
2025-11-13,t5_neighbor_10d,stress,2.1614632763111
2025-11-14,t5_neighbor_10d,stress,2.1250944328255312
2025-11-17,t5_neighbor_10d,stress,2.1258431354290503
2025-11-18,t5_neighbor_10d,stress,2.0943374772304337
2025-11-19,t5_neighbor_10d,stress,2.091742640083737
2025-11-20,t5_neighbor_10d,stress,2.009965404640332
2025-11-21,t5_neighbor_10d,stress,1.9775752595036886
2025-11-24,t5_neighbor_10d,stress,2.027487874454446
2025-11-25,t5_neighbor_10d,stress,2.050376404783007
2025-11-26,t5_neighbor_10d,stress,2.0223802951034324
2025-11-27,t5_neighbor_10d,stress,2.03655625878385
2025-11-28,t5_neighbor_10d,stress,2.079783408208477
2025-12-01,t5_neighbor_10d,stress,2.10774742962088
2025-12-02,t5_neighbor_10d,stress,2.1181115299777002
2025-12-03,t5_neighbor_10d,stress,2.0717387607629427
2025-12-04,t5_neighbor_10d,stress,2.1397383206596223
2025-12-05,t5_neighbor_10d,stress,2.205942634794236
2025-12-08,t5_neighbor_10d,stress,2.239200956381148
2025-12-09,t5_neighbor_10d,stress,2.287782684284804
2025-12-10,t5_neighbor_10d,stress,2.3276345897480937
2025-12-11,t5_neighbor_10d,stress,2.2693929667886454
2025-12-12,t5_neighbor_10d,stress,2.2928743478973383
2025-12-15,t5_neighbor_10d,stress,2.2974753380259894
2025-12-16,t5_neighbor_10d,stress,2.25869108729985
2025-12-17,t5_neighbor_10d,stress,2.2944559241903284
2025-12-18,t5_neighbor_10d,stress,2.3360117122419592
2025-12-19,t5_neighbor_10d,stress,2.3542463188177263
2025-12-22,t5_neighbor_10d,stress,2.365358589535615
2025-12-23,t5_neighbor_10d,stress,2.3062000642819878
2025-12-24,t5_neighbor_10d,stress,2.3967148924072594
2025-12-25,t5_neighbor_10d,stress,2.4830780584681547
2025-12-26,t5_neighbor_10d,stress,2.475382652520428
2025-12-29,t5_neighbor_10d,stress,2.4841333880749095
2025-12-30,t5_neighbor_10d,stress,2.5064657288416465
2025-12-31,t5_neighbor_10d,stress,2.6172558261849606
2026-01-05,t5_neighbor_10d,stress,2.589539332935057
2026-01-06,t5_neighbor_10d,stress,2.631763358791529
2026-01-07,t5_neighbor_10d,stress,2.621470771107476
2026-01-08,t5_neighbor_10d,stress,2.7085592944681536
2026-01-09,t5_neighbor_10d,stress,2.856003629450388
2026-01-12,t5_neighbor_10d,stress,2.9579918556858673
2026-01-13,t5_neighbor_10d,stress,2.823971712704038
2026-01-14,t5_neighbor_10d,stress,2.8081821869674837
2026-01-15,t5_neighbor_10d,stress,2.8719607378242236
2026-01-16,t5_neighbor_10d,stress,2.884483118331048
2026-01-19,t5_neighbor_10d,stress,2.898297923789191
2026-01-20,t5_neighbor_10d,stress,2.824639474345649
2026-01-21,t5_neighbor_10d,stress,2.8872004975915884
2026-01-22,t5_neighbor_10d,stress,2.8119321904326764
2026-01-23,t5_neighbor_10d,stress,2.8625397712346237
2026-01-26,t5_neighbor_10d,stress,2.797983064677649
2026-01-27,t5_neighbor_10d,stress,2.8421293229391202
2026-01-28,t5_neighbor_10d,stress,2.8495019022463555
2026-01-29,t5_neighbor_10d,stress,2.7352728777376223
2026-01-30,t5_neighbor_10d,stress,2.7475227504358783
2026-02-02,t5_neighbor_10d,stress,2.7374965047492394
2026-02-03,t5_neighbor_10d,stress,2.782010905970911
2026-02-04,t5_neighbor_10d,stress,2.7312599789681586
2026-02-05,t5_neighbor_10d,stress,2.6805753553317615
2026-02-06,t5_neighbor_10d,stress,2.76313081542259
2026-02-09,t5_neighbor_10d,stress,2.7994030247675825
2026-02-10,t5_neighbor_10d,stress,2.8515014534337895
2026-02-11,t5_neighbor_10d,stress,2.8180878782751053
2026-02-12,t5_neighbor_10d,stress,2.8390012252253634
2026-02-13,t5_neighbor_10d,stress,2.7769717797600686
2026-02-24,t5_neighbor_10d,stress,2.847370608392431
2026-02-25,t5_neighbor_10d,stress,2.8222102429470497
2026-02-26,t5_neighbor_10d,stress,2.854283893960778
2026-02-27,t5_neighbor_10d,stress,2.7914331778116632
2026-03-02,t5_neighbor_10d,stress,2.8411693659366404
2026-03-03,t5_neighbor_10d,stress,2.6690492868686966
2026-03-04,t5_neighbor_10d,stress,2.774246364730316
2026-03-05,t5_neighbor_10d,stress,2.8092806730034643
2026-03-06,t5_neighbor_10d,stress,2.696570317460804
2026-03-09,t5_neighbor_10d,stress,2.7373638236527467
2026-03-10,t5_neighbor_10d,stress,2.7998596990302134
2026-03-11,t5_neighbor_10d,stress,2.685276239008716
2026-03-12,t5_neighbor_10d,stress,2.6274089665829976
2026-03-13,t5_neighbor_10d,stress,2.5833704907682424
2026-03-16,t5_neighbor_10d,stress,2.5767797182021535
2026-03-17,t5_neighbor_10d,stress,2.426288921666005
2026-03-18,t5_neighbor_10d,stress,2.4374986987480685
2026-03-19,t5_neighbor_10d,stress,2.3975915415116402
2026-03-20,t5_neighbor_10d,stress,2.2962218302421453
2026-03-23,t5_neighbor_10d,stress,2.2419970893554524
2026-03-24,t5_neighbor_10d,stress,2.3309626288585816
2026-03-25,t5_neighbor_10d,stress,2.270450608394688
2026-03-26,t5_neighbor_10d,stress,2.190770476976712
2026-03-27,t5_neighbor_10d,stress,2.200780728442364
2026-03-30,t5_neighbor_10d,stress,2.2934519797306967
2026-03-31,t5_neighbor_10d,stress,2.265691744171343
2026-04-01,t5_neighbor_10d,stress,2.300400746107785
2026-04-02,t5_neighbor_10d,stress,2.3527689734832125
2026-04-03,t5_neighbor_10d,stress,2.301160745301668
2026-04-07,t5_neighbor_10d,stress,2.2908879091843706
2026-04-08,t5_neighbor_10d,stress,2.2908879091843706
2026-04-09,t5_neighbor_10d,stress,2.293712678492859
2026-04-10,t5_neighbor_10d,stress,2.2868973058634436
2026-04-13,t5_neighbor_10d,stress,2.3100720372451664
2026-04-14,t5_neighbor_10d,stress,2.3484309327474766
2026-04-15,t5_neighbor_10d,stress,2.2373722282148036
2026-04-16,t5_neighbor_10d,stress,2.302552355961705
2026-04-17,t5_neighbor_10d,stress,2.350375827375275
2026-04-20,t5_neighbor_10d,stress,2.359700808313834
2026-04-21,t5_neighbor_10d,stress,2.438725397590471
2026-04-22,t5_neighbor_10d,stress,2.50276045436696
2026-04-23,t5_neighbor_10d,stress,2.435764054683119
2026-04-24,t5_neighbor_10d,stress,2.410416848099614
2026-04-27,t5_neighbor_10d,stress,2.3800334853345686
2026-04-28,t5_neighbor_10d,stress,2.3222514623088233
2026-04-29,t5_neighbor_10d,stress,2.3793166359300066
2026-04-30,t5_neighbor_10d,stress,2.4767739616656788
2026-05-06,t5_neighbor_10d,stress,2.4013136627637093
2026-05-07,t5_neighbor_10d,stress,2.443414717810279
2026-05-08,t5_neighbor_10d,stress,2.4874972817531558
2026-05-11,t5_neighbor_10d,stress,2.5120905039345236
2026-05-12,t5_neighbor_10d,stress,2.417641555503948
2026-05-13,t5_neighbor_10d,stress,2.510395664730981
2026-05-14,t5_neighbor_10d,stress,2.4333175766603095
2026-05-15,t5_neighbor_10d,stress,2.581332114659803
2026-05-18,t5_neighbor_10d,stress,2.5763685256431628
2026-05-19,t5_neighbor_10d,stress,2.6732702222085734
2026-05-20,t5_neighbor_10d,stress,2.728689499992565
2026-05-21,t5_neighbor_10d,stress,2.55747278388412
2026-05-22,t5_neighbor_10d,stress,2.6487887398149828
2026-05-25,t5_neighbor_10d,stress,2.635170796488587
2026-05-26,t5_neighbor_10d,stress,2.54774531027074
2026-05-27,t5_neighbor_10d,stress,2.515365036905092
2026-05-28,t5_neighbor_10d,stress,2.5717037525305364
2026-05-29,t5_neighbor_10d,stress,2.3809909360106865
2026-06-01,t5_neighbor_10d,stress,2.401429139408919
2026-06-02,t5_neighbor_10d,stress,2.514405229794339
2026-06-03,t5_neighbor_10d,stress,2.5284536535763515
2026-06-04,t5_neighbor_10d,stress,2.5274604031610663
2026-06-05,t5_neighbor_10d,stress,2.4065883700455446
2026-06-08,t5_neighbor_10d,stress,2.406778598387581
2026-06-09,t5_neighbor_10d,stress,2.5442515166571926
2026-06-10,t5_neighbor_10d,stress,2.4668318930019204
2026-06-11,t5_neighbor_10d,stress,2.5837061530771765
2026-06-12,t5_neighbor_10d,stress,2.5224204302447166
2026-06-15,t5_neighbor_10d,stress,2.633947112664118
2026-06-16,t5_neighbor_10d,stress,2.555369032691881
2026-06-17,t5_neighbor_10d,stress,2.7172883663006884
2026-06-18,t5_neighbor_10d,stress,2.9144001900189056
2026-06-22,t5_neighbor_10d,stress,2.8855844578227354
2026-06-23,t5_neighbor_10d,stress,2.8521441572557715
2026-06-24,t5_neighbor_10d,stress,3.016689566377346
2026-06-25,t5_neighbor_10d,stress,3.0498352075129738
2026-06-26,t5_neighbor_10d,stress,3.0644470890889997
2026-06-29,t5_neighbor_10d,stress,3.1215107699593108
2026-06-30,t5_neighbor_10d,stress,3.2380875986453725
2026-07-01,t5_neighbor_10d,stress,2.9359259343110913
2026-07-02,t5_neighbor_10d,stress,2.6803123132586566
2026-07-03,t5_neighbor_10d,stress,2.795758120726259
2026-07-06,t5_neighbor_10d,stress,2.6570325331482048
2026-07-07,t5_neighbor_10d,stress,2.7232261196330616
2026-07-08,t5_neighbor_10d,stress,2.704222146529271
2026-07-09,t5_neighbor_10d,stress,2.8680702543929724
2026-07-10,t5_neighbor_10d,stress,2.724289261957785
2026-07-13,t5_neighbor_10d,stress,2.5752494039296474
2026-07-14,t5_neighbor_10d,stress,2.4976752193514233
2026-07-15,t5_neighbor_10d,stress,2.4355704254608392
2026-07-16,t5_neighbor_10d,stress,2.3259348162445
2025-08-11,t5_neighbor_20d,base,1.5172790572094834
2025-08-12,t5_neighbor_20d,base,1.5646560418863948
2025-08-13,t5_neighbor_20d,base,1.5819810732271826
2025-08-14,t5_neighbor_20d,base,1.5790866046305585
2025-08-15,t5_neighbor_20d,base,1.6091500036256305
2025-08-18,t5_neighbor_20d,base,1.6343117203731716
2025-08-19,t5_neighbor_20d,base,1.6559003502889578
2025-08-20,t5_neighbor_20d,base,1.6985545638546078
2025-08-21,t5_neighbor_20d,base,1.719740808639992
2025-08-22,t5_neighbor_20d,base,1.768724487886839
2025-08-25,t5_neighbor_20d,base,1.7668616854780874
2025-08-26,t5_neighbor_20d,base,1.7806404332081471
2025-08-27,t5_neighbor_20d,base,1.808816768606884
2025-08-28,t5_neighbor_20d,base,1.8364549125121823
2025-08-29,t5_neighbor_20d,base,1.8869094935781572
2025-09-01,t5_neighbor_20d,base,1.8866998529534176
2025-09-02,t5_neighbor_20d,base,1.8722523507474491
2025-09-03,t5_neighbor_20d,base,1.8461921645409842
2025-09-04,t5_neighbor_20d,base,1.7826928465219882
2025-09-05,t5_neighbor_20d,base,1.765300003075986
2025-09-08,t5_neighbor_20d,base,1.7387923692916734
2025-09-09,t5_neighbor_20d,base,1.762082280721431
2025-09-10,t5_neighbor_20d,base,1.8299794220820271
2025-09-11,t5_neighbor_20d,base,1.8748412939465486
2025-09-12,t5_neighbor_20d,base,1.854793906142176
2025-09-15,t5_neighbor_20d,base,1.8276376964883478
2025-09-16,t5_neighbor_20d,base,1.823467396195676
2025-09-17,t5_neighbor_20d,base,1.8370619929601104
2025-09-18,t5_neighbor_20d,base,1.8608422216085068
2025-09-19,t5_neighbor_20d,base,1.8445403651362797
2025-09-22,t5_neighbor_20d,base,1.877508722926045
2025-09-23,t5_neighbor_20d,base,1.9398198056170692
2025-09-24,t5_neighbor_20d,base,1.9669961102923992
2025-09-25,t5_neighbor_20d,base,1.9632618965833273
2025-09-26,t5_neighbor_20d,base,1.9379517785577016
2025-09-29,t5_neighbor_20d,base,1.972640774734028
2025-09-30,t5_neighbor_20d,base,2.03559631930914
2025-10-09,t5_neighbor_20d,base,1.9862981327071965
2025-10-10,t5_neighbor_20d,base,1.9638347581481976
2025-10-13,t5_neighbor_20d,base,2.035387951025142
2025-10-14,t5_neighbor_20d,base,1.9925166162802386
2025-10-15,t5_neighbor_20d,base,2.0407380163385604
2025-10-16,t5_neighbor_20d,base,1.9588894241861314
2025-10-17,t5_neighbor_20d,base,1.9718257234342913
2025-10-20,t5_neighbor_20d,base,2.0240333470193983
2025-10-21,t5_neighbor_20d,base,2.0317815176134864
2025-10-22,t5_neighbor_20d,base,2.0005581056070234
2025-10-23,t5_neighbor_20d,base,2.045720652364533
2025-10-24,t5_neighbor_20d,base,2.124911349903263
2025-10-27,t5_neighbor_20d,base,2.1304191109901724
2025-10-28,t5_neighbor_20d,base,2.150525476093895
2025-10-29,t5_neighbor_20d,base,2.1618226962832527
2025-10-30,t5_neighbor_20d,base,2.1002894519246436
2025-10-31,t5_neighbor_20d,base,2.0713270636598424
2025-11-03,t5_neighbor_20d,base,2.074106852755903
2025-11-04,t5_neighbor_20d,base,2.054808815286614
2025-11-05,t5_neighbor_20d,base,2.1130427361043114
2025-11-06,t5_neighbor_20d,base,2.1125347166015676
2025-11-07,t5_neighbor_20d,base,2.0992979387413553
2025-11-10,t5_neighbor_20d,base,2.082459901547716
2025-11-11,t5_neighbor_20d,base,2.0339443757818136
2025-11-12,t5_neighbor_20d,base,2.0401973177544814
2025-11-13,t5_neighbor_20d,base,2.010124726197597
2025-11-14,t5_neighbor_20d,base,1.9919470227744676
2025-11-17,t5_neighbor_20d,base,1.9791465471977958
2025-11-18,t5_neighbor_20d,base,1.9634617760994142
2025-11-19,t5_neighbor_20d,base,1.9582716550311527
2025-11-20,t5_neighbor_20d,base,1.8960176323251532
2025-11-21,t5_neighbor_20d,base,1.8942406897026436
2025-11-24,t5_neighbor_20d,base,1.9340466887373495
2025-11-25,t5_neighbor_20d,base,1.945943340836016
2025-11-26,t5_neighbor_20d,base,1.9424844039453077
2025-11-27,t5_neighbor_20d,base,1.9650052373947426
2025-11-28,t5_neighbor_20d,base,2.012709633848557
2025-12-01,t5_neighbor_20d,base,2.016002279373316
2025-12-02,t5_neighbor_20d,base,2.0093908328795607
2025-12-03,t5_neighbor_20d,base,1.9989992316305873
2025-12-04,t5_neighbor_20d,base,2.055512081671679
2025-12-05,t5_neighbor_20d,base,2.1315012950528693
2025-12-08,t5_neighbor_20d,base,2.1607982832796164
2025-12-09,t5_neighbor_20d,base,2.184610523244955
2025-12-10,t5_neighbor_20d,base,2.189998801199867
2025-12-11,t5_neighbor_20d,base,2.180738214481014
2025-12-12,t5_neighbor_20d,base,2.191486616423913
2025-12-15,t5_neighbor_20d,base,2.1652242664555215
2025-12-16,t5_neighbor_20d,base,2.1794171479323325
2025-12-17,t5_neighbor_20d,base,2.2112242723881885
2025-12-18,t5_neighbor_20d,base,2.2471842946750313
2025-12-19,t5_neighbor_20d,base,2.2922737481684
2025-12-22,t5_neighbor_20d,base,2.275747044180569
2025-12-23,t5_neighbor_20d,base,2.2840462037743494
2025-12-24,t5_neighbor_20d,base,2.3722445000229646
2025-12-25,t5_neighbor_20d,base,2.420506676515859
2025-12-26,t5_neighbor_20d,base,2.435590839680297
2025-12-29,t5_neighbor_20d,base,2.4490599329516347
2025-12-30,t5_neighbor_20d,base,2.475901558416706
2025-12-31,t5_neighbor_20d,base,2.54516803757373
2026-01-05,t5_neighbor_20d,base,2.5588214343769455
2026-01-06,t5_neighbor_20d,base,2.585419746590721
2026-01-07,t5_neighbor_20d,base,2.647271348874938
2026-01-08,t5_neighbor_20d,base,2.7320340743171094
2026-01-09,t5_neighbor_20d,base,2.879222900582168
2026-01-12,t5_neighbor_20d,base,2.8668439409081974
2026-01-13,t5_neighbor_20d,base,2.8541010688266106
2026-01-14,t5_neighbor_20d,base,2.8033282257999033
2026-01-15,t5_neighbor_20d,base,2.8662631126083755
2026-01-16,t5_neighbor_20d,base,2.8717367344857894
2026-01-19,t5_neighbor_20d,base,2.851834036703553
2026-01-20,t5_neighbor_20d,base,2.8356031398242774
2026-01-21,t5_neighbor_20d,base,2.844284915221533
2026-01-22,t5_neighbor_20d,base,2.9373701034016637
2026-01-23,t5_neighbor_20d,base,2.9153355768721396
2026-01-26,t5_neighbor_20d,base,2.8584801186292403
2026-01-27,t5_neighbor_20d,base,2.899736553352605
2026-01-28,t5_neighbor_20d,base,2.841475313412592
2026-01-29,t5_neighbor_20d,base,2.7650414518453648
2026-01-30,t5_neighbor_20d,base,2.7440225890882335
2026-02-02,t5_neighbor_20d,base,2.76345739345243
2026-02-03,t5_neighbor_20d,base,2.7926202000410756
2026-02-04,t5_neighbor_20d,base,2.7424579518388925
2026-02-05,t5_neighbor_20d,base,2.6981204713760616
2026-02-06,t5_neighbor_20d,base,2.7577286266842402
2026-02-09,t5_neighbor_20d,base,2.7843641719479977
2026-02-10,t5_neighbor_20d,base,2.7977315550995554
2026-02-11,t5_neighbor_20d,base,2.8138240236835426
2026-02-12,t5_neighbor_20d,base,2.780718750043589
2026-02-13,t5_neighbor_20d,base,2.8064456555115664
2026-02-24,t5_neighbor_20d,base,2.8189152154446733
2026-02-25,t5_neighbor_20d,base,2.8661130929621215
2026-02-26,t5_neighbor_20d,base,2.85544999864632
2026-02-27,t5_neighbor_20d,base,2.883414746145244
2026-03-02,t5_neighbor_20d,base,2.8970572575032683
2026-03-03,t5_neighbor_20d,base,2.8190205112397484
2026-03-04,t5_neighbor_20d,base,2.920653450415287
2026-03-05,t5_neighbor_20d,base,2.895588636289209
2026-03-06,t5_neighbor_20d,base,2.800704961398547
2026-03-09,t5_neighbor_20d,base,2.872836434618762
2026-03-10,t5_neighbor_20d,base,2.9025043028902915
2026-03-11,t5_neighbor_20d,base,2.7995658846879596
2026-03-12,t5_neighbor_20d,base,2.7241086496700464
2026-03-13,t5_neighbor_20d,base,2.6758877756817383
2026-03-16,t5_neighbor_20d,base,2.6050897230595957
2026-03-17,t5_neighbor_20d,base,2.553982451129983
2026-03-18,t5_neighbor_20d,base,2.5530827582810076
2026-03-19,t5_neighbor_20d,base,2.561016670826284
2026-03-20,t5_neighbor_20d,base,2.448605539756069
2026-03-23,t5_neighbor_20d,base,2.448491332020009
2026-03-24,t5_neighbor_20d,base,2.5341446320806393
2026-03-25,t5_neighbor_20d,base,2.4791223668152838
2026-03-26,t5_neighbor_20d,base,2.4318861379591272
2026-03-27,t5_neighbor_20d,base,2.4436241067717646
2026-03-30,t5_neighbor_20d,base,2.4398197458303628
2026-03-31,t5_neighbor_20d,base,2.473305502791516
2026-04-01,t5_neighbor_20d,base,2.525355955500068
2026-04-02,t5_neighbor_20d,base,2.541398622821447
2026-04-03,t5_neighbor_20d,base,2.499453827914804
2026-04-07,t5_neighbor_20d,base,2.501088479850881
2026-04-08,t5_neighbor_20d,base,2.5074647299522863
2026-04-09,t5_neighbor_20d,base,2.559244564206363
2026-04-10,t5_neighbor_20d,base,2.5522960225585853
2026-04-13,t5_neighbor_20d,base,2.587223584692047
2026-04-14,t5_neighbor_20d,base,2.5561558152396957
2026-04-15,t5_neighbor_20d,base,2.5118021617393254
2026-04-16,t5_neighbor_20d,base,2.596045342082288
2026-04-17,t5_neighbor_20d,base,2.634297805810237
2026-04-20,t5_neighbor_20d,base,2.6641213322936808
2026-04-21,t5_neighbor_20d,base,2.7317903611912935
2026-04-22,t5_neighbor_20d,base,2.744731605339638
2026-04-23,t5_neighbor_20d,base,2.6742615770767264
2026-04-24,t5_neighbor_20d,base,2.659915454659083
2026-04-27,t5_neighbor_20d,base,2.626577931810948
2026-04-28,t5_neighbor_20d,base,2.587256977766077
2026-04-29,t5_neighbor_20d,base,2.665224914288569
2026-04-30,t5_neighbor_20d,base,2.7230019403843033
2026-05-06,t5_neighbor_20d,base,2.697539542514845
2026-05-07,t5_neighbor_20d,base,2.7225583523414008
2026-05-08,t5_neighbor_20d,base,2.7717919133265236
2026-05-11,t5_neighbor_20d,base,2.7854018726746785
2026-05-12,t5_neighbor_20d,base,2.781587846592695
2026-05-13,t5_neighbor_20d,base,2.820432647289182
2026-05-14,t5_neighbor_20d,base,2.8305750199458144
2026-05-15,t5_neighbor_20d,base,2.8815535307285223
2026-05-18,t5_neighbor_20d,base,2.912763420345963
2026-05-19,t5_neighbor_20d,base,3.0006229373339806
2026-05-20,t5_neighbor_20d,base,2.9257724316670424
2026-05-21,t5_neighbor_20d,base,2.828460107237562
2026-05-22,t5_neighbor_20d,base,2.8908528621703726
2026-05-25,t5_neighbor_20d,base,2.832834462955364
2026-05-26,t5_neighbor_20d,base,2.7869533049664152
2026-05-27,t5_neighbor_20d,base,2.7769940928834456
2026-05-28,t5_neighbor_20d,base,2.7100956598898733
2026-05-29,t5_neighbor_20d,base,2.61388584427648
2026-06-01,t5_neighbor_20d,base,2.662683694982848
2026-06-02,t5_neighbor_20d,base,2.8038740376581552
2026-06-03,t5_neighbor_20d,base,2.8001470168005382
2026-06-04,t5_neighbor_20d,base,2.802786906333018
2026-06-05,t5_neighbor_20d,base,2.6484670319379746
2026-06-08,t5_neighbor_20d,base,2.7939075497969905
2026-06-09,t5_neighbor_20d,base,2.88602446093651
2026-06-10,t5_neighbor_20d,base,2.964374687709957
2026-06-11,t5_neighbor_20d,base,3.0916631940690276
2026-06-12,t5_neighbor_20d,base,3.1426135622334637
2026-06-15,t5_neighbor_20d,base,3.204166088549043
2026-06-16,t5_neighbor_20d,base,3.244578449139201
2026-06-17,t5_neighbor_20d,base,3.436436929194268
2026-06-18,t5_neighbor_20d,base,3.5497271567889523
2026-06-22,t5_neighbor_20d,base,3.5224580156830627
2026-06-23,t5_neighbor_20d,base,3.5713707878491903
2026-06-24,t5_neighbor_20d,base,3.730998628058377
2026-06-25,t5_neighbor_20d,base,3.7470515356776564
2026-06-26,t5_neighbor_20d,base,3.791141899286038
2026-06-29,t5_neighbor_20d,base,3.928834124876715
2026-06-30,t5_neighbor_20d,base,4.0024669566322135
2026-07-01,t5_neighbor_20d,base,3.5570583299181537
2026-07-02,t5_neighbor_20d,base,3.4226699363727544
2026-07-03,t5_neighbor_20d,base,3.455322386592315
2026-07-06,t5_neighbor_20d,base,3.3967062960812715
2026-07-07,t5_neighbor_20d,base,3.413965696719551
2026-07-08,t5_neighbor_20d,base,3.501177147894628
2026-07-09,t5_neighbor_20d,base,3.616044417080097
2026-07-10,t5_neighbor_20d,base,3.3741973726975973
2026-07-13,t5_neighbor_20d,base,3.1649148288858324
2026-07-14,t5_neighbor_20d,base,3.0620411939157086
2026-07-15,t5_neighbor_20d,base,2.850433923853657
2026-07-16,t5_neighbor_20d,base,2.649300581445929
2025-08-11,t5_neighbor_20d,stress,1.3655162041323043
2025-08-12,t5_neighbor_20d,stress,1.3935775436884263
2025-08-13,t5_neighbor_20d,stress,1.4369305285864984
2025-08-14,t5_neighbor_20d,stress,1.4278452714241485
2025-08-15,t5_neighbor_20d,stress,1.448027316247814
2025-08-18,t5_neighbor_20d,stress,1.4602801698472412
2025-08-19,t5_neighbor_20d,stress,1.4860016828031093
2025-08-20,t5_neighbor_20d,stress,1.5423608127278021
2025-08-21,t5_neighbor_20d,stress,1.5444445650481233
2025-08-22,t5_neighbor_20d,stress,1.6099915858501046
2025-08-25,t5_neighbor_20d,stress,1.6086623338102208
2025-08-26,t5_neighbor_20d,stress,1.6069586836183993
2025-08-27,t5_neighbor_20d,stress,1.6029724553637221
2025-08-28,t5_neighbor_20d,stress,1.6898343188989695
2025-08-29,t5_neighbor_20d,stress,1.6821246920460753
2025-09-01,t5_neighbor_20d,stress,1.750435577618943
2025-09-02,t5_neighbor_20d,stress,1.6800356989996996
2025-09-03,t5_neighbor_20d,stress,1.7597465755046011
2025-09-04,t5_neighbor_20d,stress,1.5970744427469796
2025-09-05,t5_neighbor_20d,stress,1.6401105792494082
2025-09-08,t5_neighbor_20d,stress,1.5865299123319596
2025-09-09,t5_neighbor_20d,stress,1.6169492295822994
2025-09-10,t5_neighbor_20d,stress,1.599043464548956
2025-09-11,t5_neighbor_20d,stress,1.7196179556704951
2025-09-12,t5_neighbor_20d,stress,1.693477647929449
2025-09-15,t5_neighbor_20d,stress,1.675483660593891
2025-09-16,t5_neighbor_20d,stress,1.643186294496366
2025-09-17,t5_neighbor_20d,stress,1.652560151502295
2025-09-18,t5_neighbor_20d,stress,1.6938123606819264
2025-09-19,t5_neighbor_20d,stress,1.6914323771352242
2025-09-22,t5_neighbor_20d,stress,1.7113908170902046
2025-09-23,t5_neighbor_20d,stress,1.7133301533202852
2025-09-24,t5_neighbor_20d,stress,1.7605356380498556
2025-09-25,t5_neighbor_20d,stress,1.7760492686272307
2025-09-26,t5_neighbor_20d,stress,1.740098094409335
2025-09-29,t5_neighbor_20d,stress,1.768353622347523
2025-09-30,t5_neighbor_20d,stress,1.8020846363663634
2025-10-09,t5_neighbor_20d,stress,1.792086474171601
2025-10-10,t5_neighbor_20d,stress,1.6831698239729176
2025-10-13,t5_neighbor_20d,stress,1.8560699457112673
2025-10-14,t5_neighbor_20d,stress,1.7770820560083505
2025-10-15,t5_neighbor_20d,stress,1.8485847433155678
2025-10-16,t5_neighbor_20d,stress,1.7994819236157957
2025-10-17,t5_neighbor_20d,stress,1.7405164587001134
2025-10-20,t5_neighbor_20d,stress,1.8016651752398947
2025-10-21,t5_neighbor_20d,stress,1.8412722508574113
2025-10-22,t5_neighbor_20d,stress,1.8187946444588245
2025-10-23,t5_neighbor_20d,stress,1.8455111746201691
2025-10-24,t5_neighbor_20d,stress,1.9228677120856827
2025-10-27,t5_neighbor_20d,stress,1.9400640899986439
2025-10-28,t5_neighbor_20d,stress,1.9446230938085867
2025-10-29,t5_neighbor_20d,stress,1.994310283849852
2025-10-30,t5_neighbor_20d,stress,1.9384141044799128
2025-10-31,t5_neighbor_20d,stress,1.8794166914071389
2025-11-03,t5_neighbor_20d,stress,1.9158879074207977
2025-11-04,t5_neighbor_20d,stress,1.8663279183346442
2025-11-05,t5_neighbor_20d,stress,1.9272930698587276
2025-11-06,t5_neighbor_20d,stress,1.9449476628650673
2025-11-07,t5_neighbor_20d,stress,1.9497881622958857
2025-11-10,t5_neighbor_20d,stress,1.9395970537242766
2025-11-11,t5_neighbor_20d,stress,1.871136837798885
2025-11-12,t5_neighbor_20d,stress,1.8728069016147144
2025-11-13,t5_neighbor_20d,stress,1.8615288581074014
2025-11-14,t5_neighbor_20d,stress,1.8276752753548247
2025-11-17,t5_neighbor_20d,stress,1.8204683539220377
2025-11-18,t5_neighbor_20d,stress,1.8117480431842399
2025-11-19,t5_neighbor_20d,stress,1.805884321350267
2025-11-20,t5_neighbor_20d,stress,1.7663374640714267
2025-11-21,t5_neighbor_20d,stress,1.7311017772239954
2025-11-24,t5_neighbor_20d,stress,1.7637655168285828
2025-11-25,t5_neighbor_20d,stress,1.8009930140477457
2025-11-26,t5_neighbor_20d,stress,1.7773559338464415
2025-11-27,t5_neighbor_20d,stress,1.7994888032754321
2025-11-28,t5_neighbor_20d,stress,1.8345732383690128
2025-12-01,t5_neighbor_20d,stress,1.8579458084438705
2025-12-02,t5_neighbor_20d,stress,1.8520210389635752
2025-12-03,t5_neighbor_20d,stress,1.8078509608345652
2025-12-04,t5_neighbor_20d,stress,1.8671890743186557
2025-12-05,t5_neighbor_20d,stress,1.924960611534853
2025-12-08,t5_neighbor_20d,stress,1.9539826532011975
2025-12-09,t5_neighbor_20d,stress,1.9963762817479183
2025-12-10,t5_neighbor_20d,stress,2.0311520493048105
2025-12-11,t5_neighbor_20d,stress,1.980328955186019
2025-12-12,t5_neighbor_20d,stress,2.0008193945228014
2025-12-15,t5_neighbor_20d,stress,2.0048343333666394
2025-12-16,t5_neighbor_20d,stress,1.9709902279859597
2025-12-17,t5_neighbor_20d,stress,2.002199517478006
2025-12-18,t5_neighbor_20d,stress,2.059569766857836
2025-12-19,t5_neighbor_20d,stress,2.0970327428095987
2025-12-22,t5_neighbor_20d,stress,2.1111532470224277
2025-12-23,t5_neighbor_20d,stress,2.058352494852849
2025-12-24,t5_neighbor_20d,stress,2.139139684645438
2025-12-25,t5_neighbor_20d,stress,2.215183384842635
2025-12-26,t5_neighbor_20d,stress,2.213802017778407
2025-12-29,t5_neighbor_20d,stress,2.2279933393363454
2025-12-30,t5_neighbor_20d,stress,2.2444668046102603
2025-12-31,t5_neighbor_20d,stress,2.3483728444479843
2026-01-05,t5_neighbor_20d,stress,2.3235037967071395
2026-01-06,t5_neighbor_20d,stress,2.3739556676550206
2026-01-07,t5_neighbor_20d,stress,2.3737932459481477
2026-01-08,t5_neighbor_20d,stress,2.4526536135065613
2026-01-09,t5_neighbor_20d,stress,2.586167353347453
2026-01-12,t5_neighbor_20d,stress,2.678519694358577
2026-01-13,t5_neighbor_20d,stress,2.5571618239075287
2026-01-14,t5_neighbor_20d,stress,2.542864098385179
2026-01-15,t5_neighbor_20d,stress,2.600616828237715
2026-01-16,t5_neighbor_20d,stress,2.6119560896164464
2026-01-19,t5_neighbor_20d,stress,2.6244656671604956
2026-01-20,t5_neighbor_20d,stress,2.5577664951829933
2026-01-21,t5_neighbor_20d,stress,2.5961586485755337
2026-01-22,t5_neighbor_20d,stress,2.6178578092826266
2026-01-23,t5_neighbor_20d,stress,2.7309617914728888
2026-01-26,t5_neighbor_20d,stress,2.5703910485537813
2026-01-27,t5_neighbor_20d,stress,2.666627857756621
2026-01-28,t5_neighbor_20d,stress,2.6255620536878403
2026-01-29,t5_neighbor_20d,stress,2.530359916027612
2026-01-30,t5_neighbor_20d,stress,2.530806533480775
2026-02-02,t5_neighbor_20d,stress,2.5118480908839995
2026-02-03,t5_neighbor_20d,stress,2.5644428113478366
2026-02-04,t5_neighbor_20d,stress,2.5390469355059753
2026-02-05,t5_neighbor_20d,stress,2.4798802349453877
2026-02-06,t5_neighbor_20d,stress,2.552161416674432
2026-02-09,t5_neighbor_20d,stress,2.5688574216411104
2026-02-10,t5_neighbor_20d,stress,2.610112083148567
2026-02-11,t5_neighbor_20d,stress,2.5965028044538827
2026-02-12,t5_neighbor_20d,stress,2.61004447661033
2026-02-13,t5_neighbor_20d,stress,2.580039790503678
2026-02-24,t5_neighbor_20d,stress,2.6401553168324474
2026-02-25,t5_neighbor_20d,stress,2.6317470854875
2026-02-26,t5_neighbor_20d,stress,2.665232107339508
2026-02-27,t5_neighbor_20d,stress,2.63066953698072
2026-03-02,t5_neighbor_20d,stress,2.7329972103363995
2026-03-03,t5_neighbor_20d,stress,2.5808924469831065
2026-03-04,t5_neighbor_20d,stress,2.6879909204368158
2026-03-05,t5_neighbor_20d,stress,2.7219359599759274
2026-03-06,t5_neighbor_20d,stress,2.6127299369674675
2026-03-09,t5_neighbor_20d,stress,2.6522551123991684
2026-03-10,t5_neighbor_20d,stress,2.712807898090828
2026-03-11,t5_neighbor_20d,stress,2.601787008206753
2026-03-12,t5_neighbor_20d,stress,2.5457189153191577
2026-03-13,t5_neighbor_20d,stress,2.5030496611949133
2026-03-16,t5_neighbor_20d,stress,2.4966638055472186
2026-03-17,t5_neighbor_20d,stress,2.350851991628596
2026-03-18,t5_neighbor_20d,stress,2.3617132400742205
2026-03-19,t5_neighbor_20d,stress,2.3913791304100225
2026-03-20,t5_neighbor_20d,stress,2.2967019974545737
2026-03-23,t5_neighbor_20d,stress,2.272881382904653
2026-03-24,t5_neighbor_20d,stress,2.3737623939548858
2026-03-25,t5_neighbor_20d,stress,2.3313801140552486
2026-03-26,t5_neighbor_20d,stress,2.235197777481372
2026-03-27,t5_neighbor_20d,stress,2.2401154376662764
2026-03-30,t5_neighbor_20d,stress,2.305667466205895
2026-03-31,t5_neighbor_20d,stress,2.2828463934290593
2026-04-01,t5_neighbor_20d,stress,2.3203659934919996
2026-04-02,t5_neighbor_20d,stress,2.3731887262906195
2026-04-03,t5_neighbor_20d,stress,2.3211325887417837
2026-04-07,t5_neighbor_20d,stress,2.310770594370314
2026-04-08,t5_neighbor_20d,stress,2.310770594370314
2026-04-09,t5_neighbor_20d,stress,2.3136198799367382
2026-04-10,t5_neighbor_20d,stress,2.306745356482932
2026-04-13,t5_neighbor_20d,stress,2.3301212220565475
2026-04-14,t5_neighbor_20d,stress,2.3688130355686368
2026-04-15,t5_neighbor_20d,stress,2.256790449193239
2026-04-16,t5_neighbor_20d,stress,2.322536277232667
2026-04-17,t5_neighbor_20d,stress,2.3707748099955084
2026-04-20,t5_neighbor_20d,stress,2.3801807227245857
2026-04-21,t5_neighbor_20d,stress,2.459891168792485
2026-04-22,t5_neighbor_20d,stress,2.5244819877560487
2026-04-23,t5_neighbor_20d,stress,2.4569041243008187
2026-04-24,t5_neighbor_20d,stress,2.4313369285476893
2026-04-27,t5_neighbor_20d,stress,2.4006898676617863
2026-04-28,t5_neighbor_20d,stress,2.342406352717287
2026-04-29,t5_neighbor_20d,stress,2.399966796699644
2026-04-30,t5_neighbor_20d,stress,2.498269957501667
2026-05-06,t5_neighbor_20d,stress,2.4221547363919846
2026-05-07,t5_neighbor_20d,stress,2.4646211877637656
2026-05-08,t5_neighbor_20d,stress,2.505030361332417
2026-05-11,t5_neighbor_20d,stress,2.5500130708989728
2026-05-12,t5_neighbor_20d,stress,2.4581392709640704
2026-05-13,t5_neighbor_20d,stress,2.5974314598514603
2026-05-14,t5_neighbor_20d,stress,2.528950547131241
2026-05-15,t5_neighbor_20d,stress,2.5901042518604127
2026-05-18,t5_neighbor_20d,stress,2.590304403894167
2026-05-19,t5_neighbor_20d,stress,2.684444361713498
2026-05-20,t5_neighbor_20d,stress,2.76604679308388
2026-05-21,t5_neighbor_20d,stress,2.531375636254439
2026-05-22,t5_neighbor_20d,stress,2.616516259784699
2026-05-25,t5_neighbor_20d,stress,2.6030642356188043
2026-05-26,t5_neighbor_20d,stress,2.5167039295777274
2026-05-27,t5_neighbor_20d,stress,2.4847181730377743
2026-05-28,t5_neighbor_20d,stress,2.5403704654511206
2026-05-29,t5_neighbor_20d,stress,2.3519812678255
2026-06-01,t5_neighbor_20d,stress,2.337424185482993
2026-06-02,t5_neighbor_20d,stress,2.452293727437083
2026-06-03,t5_neighbor_20d,stress,2.4724899242167666
2026-06-04,t5_neighbor_20d,stress,2.511907453096719
2026-06-05,t5_neighbor_20d,stress,2.3681962550756492
2026-06-08,t5_neighbor_20d,stress,2.400126831552382
2026-06-09,t5_neighbor_20d,stress,2.568887520361442
2026-06-10,t5_neighbor_20d,stress,2.579839515542923
2026-06-11,t5_neighbor_20d,stress,2.8337327650835578
2026-06-12,t5_neighbor_20d,stress,2.772060511436527
2026-06-15,t5_neighbor_20d,stress,2.894624818559726
2026-06-16,t5_neighbor_20d,stress,2.8082699865326135
2026-06-17,t5_neighbor_20d,stress,2.986214228243162
2026-06-18,t5_neighbor_20d,stress,3.2028339068323883
2026-06-22,t5_neighbor_20d,stress,3.171166325817203
2026-06-23,t5_neighbor_20d,stress,3.1344164899925477
2026-06-24,t5_neighbor_20d,stress,3.3152467058815898
2026-06-25,t5_neighbor_20d,stress,3.351672720282927
2026-06-26,t5_neighbor_20d,stress,3.367730717367401
2026-06-29,t5_neighbor_20d,stress,3.4304419032114115
2026-06-30,t5_neighbor_20d,stress,3.558556161831566
2026-07-01,t5_neighbor_20d,stress,3.226490021021829
2026-07-02,t5_neighbor_20d,stress,2.94557871194398
2026-07-03,t5_neighbor_20d,stress,3.0724500139104
2026-07-06,t5_neighbor_20d,stress,2.9199949677016104
2026-07-07,t5_neighbor_20d,stress,2.9927396319157475
2026-07-08,t5_neighbor_20d,stress,2.9718548647414234
2026-07-09,t5_neighbor_20d,stress,3.1519187685365946
2026-07-10,t5_neighbor_20d,stress,2.9939079918057425
2026-07-13,t5_neighbor_20d,stress,2.8301178876200477
2026-07-14,t5_neighbor_20d,stress,2.7448663049743582
2026-07-15,t5_neighbor_20d,stress,2.5473391300633077
2026-07-16,t5_neighbor_20d,stress,2.384516742283379
2025-08-11,t5_neighbor_0p,base,1.4576673109806688
2025-08-12,t5_neighbor_0p,base,1.5031829209986292
2025-08-13,t5_neighbor_0p,base,1.5198272763841363
2025-08-14,t5_neighbor_0p,base,1.5251380473982918
2025-08-15,t5_neighbor_0p,base,1.5526201738502177
2025-08-18,t5_neighbor_0p,base,1.576897953387809
2025-08-19,t5_neighbor_0p,base,1.5977281695003611
2025-08-20,t5_neighbor_0p,base,1.6490895661102765
2025-08-21,t5_neighbor_0p,base,1.667989170091112
2025-08-22,t5_neighbor_0p,base,1.7215777965224328
2025-08-25,t5_neighbor_0p,base,1.7115127882424188
2025-08-26,t5_neighbor_0p,base,1.724859901454386
2025-08-27,t5_neighbor_0p,base,1.7521535819711478
2025-08-28,t5_neighbor_0p,base,1.7789259304384828
2025-08-29,t5_neighbor_0p,base,1.8277999659272675
2025-09-01,t5_neighbor_0p,base,1.827596892527054
2025-09-02,t5_neighbor_0p,base,1.813601974313077
2025-09-03,t5_neighbor_0p,base,1.7883581522737335
2025-09-04,t5_neighbor_0p,base,1.7268480206502859
2025-09-05,t5_neighbor_0p,base,1.7100000272694817
2025-09-08,t5_neighbor_0p,base,1.6843227744427436
2025-09-09,t5_neighbor_0p,base,1.706883103627921
2025-09-10,t5_neighbor_0p,base,1.772653291910837
2025-09-11,t5_neighbor_0p,base,1.8161098160019375
2025-09-12,t5_neighbor_0p,base,1.7966904348019006
2025-09-15,t5_neighbor_0p,base,1.7703849234623739
2025-09-16,t5_neighbor_0p,base,1.7663452624405844
2025-09-17,t5_neighbor_0p,base,1.7764357640263073
2025-09-18,t5_neighbor_0p,base,1.7794946208949356
2025-09-19,t5_neighbor_0p,base,1.7632077796879624
2025-09-22,t5_neighbor_0p,base,1.8232921496744254
2025-09-23,t5_neighbor_0p,base,1.9138137766579313
2025-09-24,t5_neighbor_0p,base,1.9386851187754237
2025-09-25,t5_neighbor_0p,base,1.9120164709512895
2025-09-26,t5_neighbor_0p,base,1.8854796353116343
2025-09-29,t5_neighbor_0p,base,1.9234131107204424
2025-09-30,t5_neighbor_0p,base,1.9711076646110193
2025-10-09,t5_neighbor_0p,base,1.9223668423290805
2025-10-10,t5_neighbor_0p,base,1.915746795410643
2025-10-13,t5_neighbor_0p,base,1.9875354173943343
2025-10-14,t5_neighbor_0p,base,1.9456719995856815
2025-10-15,t5_neighbor_0p,base,1.9927597011926326
2025-10-16,t5_neighbor_0p,base,1.9128353920775654
2025-10-17,t5_neighbor_0p,base,1.925467555352768
2025-10-20,t5_neighbor_0p,base,1.976447763268969
2025-10-21,t5_neighbor_0p,base,1.984013772229574
2025-10-22,t5_neighbor_0p,base,1.953524431274458
2025-10-23,t5_neighbor_0p,base,1.9976251940676486
2025-10-24,t5_neighbor_0p,base,2.085180178627692
2025-10-27,t5_neighbor_0p,base,2.099384033060323
2025-10-28,t5_neighbor_0p,base,2.138105999439924
2025-10-29,t5_neighbor_0p,base,2.127021749558507
2025-10-30,t5_neighbor_0p,base,2.0580801364047714
2025-10-31,t5_neighbor_0p,base,2.0317315340109956
2025-11-03,t5_neighbor_0p,base,2.0502958494841286
2025-11-04,t5_neighbor_0p,base,2.023013134845632
2025-11-05,t5_neighbor_0p,base,2.101759141345505
2025-11-06,t5_neighbor_0p,base,2.1033571918459004
2025-11-07,t5_neighbor_0p,base,2.0901779187715475
2025-11-10,t5_neighbor_0p,base,2.073413031383195
2025-11-11,t5_neighbor_0p,base,2.0245107531864455
2025-11-12,t5_neighbor_0p,base,2.02949738399328
2025-11-13,t5_neighbor_0p,base,2.003888917077272
2025-11-14,t5_neighbor_0p,base,1.9829837909054209
2025-11-17,t5_neighbor_0p,base,1.9639477913360184
2025-11-18,t5_neighbor_0p,base,1.9503338044488578
2025-11-19,t5_neighbor_0p,base,1.9451783852337605
2025-11-20,t5_neighbor_0p,base,1.8833406013642717
2025-11-21,t5_neighbor_0p,base,1.8815755396210627
2025-11-24,t5_neighbor_0p,base,1.9211153903491347
2025-11-25,t5_neighbor_0p,base,1.9205761546551101
2025-11-26,t5_neighbor_0p,base,1.9162323707423583
2025-11-27,t5_neighbor_0p,base,1.930239788250776
2025-11-28,t5_neighbor_0p,base,1.9795428994497082
2025-12-01,t5_neighbor_0p,base,1.9976745637106044
2025-12-02,t5_neighbor_0p,base,1.9931163389995266
2025-12-03,t5_neighbor_0p,base,1.9828089015917347
2025-12-04,t5_neighbor_0p,base,2.0388640417552413
2025-12-05,t5_neighbor_0p,base,2.114237801951375
2025-12-08,t5_neighbor_0p,base,2.1432975074913507
2025-12-09,t5_neighbor_0p,base,2.1669168869403355
2025-12-10,t5_neighbor_0p,base,2.1722615240588476
2025-12-11,t5_neighbor_0p,base,2.1630759408482296
2025-12-12,t5_neighbor_0p,base,2.1737372891434372
2025-12-15,t5_neighbor_0p,base,2.147687643665801
2025-12-16,t5_neighbor_0p,base,2.1617655739051758
2025-12-17,t5_neighbor_0p,base,2.1933150855343833
2025-12-18,t5_neighbor_0p,base,2.228983859770794
2025-12-19,t5_neighbor_0p,base,2.273708123962547
2025-12-22,t5_neighbor_0p,base,2.2573152733488357
2025-12-23,t5_neighbor_0p,base,2.2655472162420085
2025-12-24,t5_neighbor_0p,base,2.3422402607034227
2025-12-25,t5_neighbor_0p,base,2.3875021233237197
2025-12-26,t5_neighbor_0p,base,2.4023806080364722
2025-12-29,t5_neighbor_0p,base,2.4156660449644347
2025-12-30,t5_neighbor_0p,base,2.4421416743907347
2025-12-31,t5_neighbor_0p,base,2.503002732493024
2026-01-05,t5_neighbor_0p,base,2.5367418220849203
2026-01-06,t5_neighbor_0p,base,2.6326340422566186
2026-01-07,t5_neighbor_0p,base,2.698313476673622
2026-01-08,t5_neighbor_0p,base,2.7847105150721974
2026-01-09,t5_neighbor_0p,base,2.934737294040499
2026-01-12,t5_neighbor_0p,base,2.922119655229249
2026-01-13,t5_neighbor_0p,base,2.9091310874030287
2026-01-14,t5_neighbor_0p,base,2.7583963400420757
2026-01-15,t5_neighbor_0p,base,2.8175021808170198
2026-01-16,t5_neighbor_0p,base,2.8228826853173707
2026-01-19,t5_neighbor_0p,base,2.803318572672261
2026-01-20,t5_neighbor_0p,base,2.787363796171524
2026-01-21,t5_neighbor_0p,base,2.795897877012717
2026-01-22,t5_neighbor_0p,base,2.780719282990975
2026-01-23,t5_neighbor_0p,base,2.757100004444197
2026-01-26,t5_neighbor_0p,base,2.7033304880229148
2026-01-27,t5_neighbor_0p,base,2.721003560290315
2026-01-28,t5_neighbor_0p,base,2.6719712546690495
2026-01-29,t5_neighbor_0p,base,2.6059776585730523
2026-01-30,t5_neighbor_0p,base,2.6412461078034637
2026-02-02,t5_neighbor_0p,base,2.6512256811170225
2026-02-03,t5_neighbor_0p,base,2.6523198428181707
2026-02-04,t5_neighbor_0p,base,2.5844577374918205
2026-02-05,t5_neighbor_0p,base,2.563661730561075
2026-02-06,t5_neighbor_0p,base,2.65609094670851
2026-02-09,t5_neighbor_0p,base,2.6989736537710884
2026-02-10,t5_neighbor_0p,base,2.7081631782068554
2026-02-11,t5_neighbor_0p,base,2.723629524281866
2026-02-12,t5_neighbor_0p,base,2.6666634190244562
2026-02-13,t5_neighbor_0p,base,2.6940291261817517
2026-02-24,t5_neighbor_0p,base,2.7059991985701073
2026-02-25,t5_neighbor_0p,base,2.7513064919703023
2026-02-26,t5_neighbor_0p,base,2.7410705244198263
2026-02-27,t5_neighbor_0p,base,2.7679151006261975
2026-03-02,t5_neighbor_0p,base,2.7810111400526525
2026-03-03,t5_neighbor_0p,base,2.7061002765789555
2026-03-04,t5_neighbor_0p,base,2.8036621508951893
2026-03-05,t5_neighbor_0p,base,2.7796013467369565
2026-03-06,t5_neighbor_0p,base,2.688518384466658
2026-03-09,t5_neighbor_0p,base,2.7577605197590427
2026-03-10,t5_neighbor_0p,base,2.78623999559648
2026-03-11,t5_neighbor_0p,base,2.6874249352387167
2026-03-12,t5_neighbor_0p,base,2.614990256690721
2026-03-13,t5_neighbor_0p,base,2.568700944528443
2026-03-16,t5_neighbor_0p,base,2.5007388176059346
2026-03-17,t5_neighbor_0p,base,2.4516787266443765
2026-03-18,t5_neighbor_0p,base,2.4508150723865443
2026-03-19,t5_neighbor_0p,base,2.4584311797711917
2026-03-20,t5_neighbor_0p,base,2.3505228507374722
2026-03-23,t5_neighbor_0p,base,2.350413217769246
2026-03-24,t5_neighbor_0p,base,2.4326355421758312
2026-03-25,t5_neighbor_0p,base,2.3798172790028893
2026-03-26,t5_neighbor_0p,base,2.334473170486284
2026-03-27,t5_neighbor_0p,base,2.3345349022219737
2026-03-30,t5_neighbor_0p,base,2.3267839454055923
2026-03-31,t5_neighbor_0p,base,2.3639593460853883
2026-04-01,t5_neighbor_0p,base,2.4137086204914344
2026-04-02,t5_neighbor_0p,base,2.4290420329258096
2026-04-03,t5_neighbor_0p,base,2.3889516397951267
2026-04-07,t5_neighbor_0p,base,2.390514022896415
2026-04-08,t5_neighbor_0p,base,2.396608375576738
2026-04-09,t5_neighbor_0p,base,2.4460989957146557
2026-04-10,t5_neighbor_0p,base,2.439457652802756
2026-04-13,t5_neighbor_0p,base,2.472841048767462
2026-04-14,t5_neighbor_0p,base,2.4431468019888007
2026-04-15,t5_neighbor_0p,base,2.4007540471888404
2026-04-16,t5_neighbor_0p,base,2.481272791553794
2026-04-17,t5_neighbor_0p,base,2.5495827142688143
2026-04-20,t5_neighbor_0p,base,2.6041869681043015
2026-04-21,t5_neighbor_0p,base,2.6730066630068103
2026-04-22,t5_neighbor_0p,base,2.6856694325690538
2026-04-23,t5_neighbor_0p,base,2.6167158050268227
2026-04-24,t5_neighbor_0p,base,2.6026783878972197
2026-04-27,t5_neighbor_0p,base,2.594181122415529
2026-04-28,t5_neighbor_0p,base,2.557903065022968
2026-04-29,t5_neighbor_0p,base,2.634986410635044
2026-04-30,t5_neighbor_0p,base,2.692107923267235
2026-05-06,t5_neighbor_0p,base,2.6535668951529003
2026-05-07,t5_neighbor_0p,base,2.671944697901687
2026-05-08,t5_neighbor_0p,base,2.717542720592277
2026-05-11,t5_neighbor_0p,base,2.7308863073804166
2026-05-12,t5_neighbor_0p,base,2.7271469289785206
2026-05-13,t5_neighbor_0p,base,2.7652314637006477
2026-05-14,t5_neighbor_0p,base,2.7751753310054217
2026-05-15,t5_neighbor_0p,base,2.8251560962346276
2026-05-18,t5_neighbor_0p,base,2.8853081373355733
2026-05-19,t5_neighbor_0p,base,2.9550531706709484
2026-05-20,t5_neighbor_0p,base,2.915310026351221
2026-05-21,t5_neighbor_0p,base,2.82116685242778
2026-05-22,t5_neighbor_0p,base,2.8833987260885356
2026-05-25,t5_neighbor_0p,base,2.8255299287604507
2026-05-26,t5_neighbor_0p,base,2.7797670764797298
2026-05-27,t5_neighbor_0p,base,2.8128178683628247
2026-05-28,t5_neighbor_0p,base,2.7938666575676474
2026-05-29,t5_neighbor_0p,base,2.697380307961103
2026-06-01,t5_neighbor_0p,base,2.747736891763108
2026-06-02,t5_neighbor_0p,base,2.8934372293813606
2026-06-03,t5_neighbor_0p,base,2.8895911575681215
2026-06-04,t5_neighbor_0p,base,2.8923153721912263
2026-06-05,t5_neighbor_0p,base,2.7330661107012153
2026-06-08,t5_neighbor_0p,base,2.883152385398941
2026-06-09,t5_neighbor_0p,base,2.890966847387465
2026-06-10,t5_neighbor_0p,base,2.9664817995619166
2026-06-11,t5_neighbor_0p,base,3.0938607840651575
2026-06-12,t5_neighbor_0p,base,3.14484736834123
2026-06-15,t5_neighbor_0p,base,3.206443646905219
2026-06-16,t5_neighbor_0p,base,3.246884733069212
2026-06-17,t5_neighbor_0p,base,3.438879588353395
2026-06-18,t5_neighbor_0p,base,3.5522503439536206
2026-06-22,t5_neighbor_0p,base,3.5249618196264882
2026-06-23,t5_neighbor_0p,base,3.573909359557423
2026-06-24,t5_neighbor_0p,base,3.7336506650837307
2026-06-25,t5_neighbor_0p,base,3.749714983295619
2026-06-26,t5_neighbor_0p,base,3.7938366868449678
2026-06-29,t5_neighbor_0p,base,3.9316267856639073
2026-06-30,t5_neighbor_0p,base,4.005311956488798
2026-07-01,t5_neighbor_0p,base,3.559586728165568
2026-07-02,t5_neighbor_0p,base,3.425102809793979
2026-07-03,t5_neighbor_0p,base,3.4577784697532317
2026-07-06,t5_neighbor_0p,base,3.3991207142463487
2026-07-07,t5_neighbor_0p,base,3.416392383066445
2026-07-08,t5_neighbor_0p,base,3.503665825150822
2026-07-09,t5_neighbor_0p,base,3.6186147433212557
2026-07-10,t5_neighbor_0p,base,3.376595791259307
2026-07-13,t5_neighbor_0p,base,3.1671644869921574
2026-07-14,t5_neighbor_0p,base,3.0642177282511422
2026-07-15,t5_neighbor_0p,base,2.85246004529137
2026-07-16,t5_neighbor_0p,base,2.685026851359844
2025-08-11,t5_neighbor_0p,stress,1.340258219711097
2025-08-12,t5_neighbor_0p,stress,1.3678005080284261
2025-08-13,t5_neighbor_0p,stress,1.4103515917744984
2025-08-14,t5_neighbor_0p,stress,1.401434384821421
2025-08-15,t5_neighbor_0p,stress,1.436487417340884
2025-08-18,t5_neighbor_0p,stress,1.4457453378870782
2025-08-19,t5_neighbor_0p,stress,1.4712108329387834
2025-08-20,t5_neighbor_0p,stress,1.5270089948384418
2025-08-21,t5_neighbor_0p,stress,1.5454303890941505
2025-08-22,t5_neighbor_0p,stress,1.6077972102775642
2025-08-25,t5_neighbor_0p,stress,1.6422487528055316
2025-08-26,t5_neighbor_0p,stress,1.6391116457613553
2025-08-27,t5_neighbor_0p,stress,1.6350456587378484
2025-08-28,t5_neighbor_0p,stress,1.723645504859945
2025-08-29,t5_neighbor_0p,stress,1.715781619317724
2025-09-01,t5_neighbor_0p,stress,1.7854593087419706
2025-09-02,t5_neighbor_0p,stress,1.713650828485866
2025-09-03,t5_neighbor_0p,stress,1.7949566064781366
2025-09-04,t5_neighbor_0p,stress,1.6290296352610145
2025-09-05,t5_neighbor_0p,stress,1.6729268637640324
2025-09-08,t5_neighbor_0p,stress,1.6182741237606026
2025-09-09,t5_neighbor_0p,stress,1.649302088368174
2025-09-10,t5_neighbor_0p,stress,1.631038054394175
2025-09-11,t5_neighbor_0p,stress,1.7540250699246849
2025-09-12,t5_neighbor_0p,stress,1.727361731732532
2025-09-15,t5_neighbor_0p,stress,1.7090077102532846
2025-09-16,t5_neighbor_0p,stress,1.676064119707031
2025-09-17,t5_neighbor_0p,stress,1.6856255342852347
2025-09-18,t5_neighbor_0p,stress,1.718873620124556
2025-09-19,t5_neighbor_0p,stress,1.6968167715311822
2025-09-22,t5_neighbor_0p,stress,1.7310882870274968
2025-09-23,t5_neighbor_0p,stress,1.7561324651817904
2025-09-24,t5_neighbor_0p,stress,1.8305833394696256
2025-09-25,t5_neighbor_0p,stress,1.8430207936136564
2025-09-26,t5_neighbor_0p,stress,1.809568829333171
2025-09-29,t5_neighbor_0p,stress,1.8352745108510877
2025-09-30,t5_neighbor_0p,stress,1.8883543039220354
2025-10-09,t5_neighbor_0p,stress,1.8727412240212407
2025-10-10,t5_neighbor_0p,stress,1.7595808560008295
2025-10-13,t5_neighbor_0p,stress,1.9270783978988502
2025-10-14,t5_neighbor_0p,stress,1.848766167458487
2025-10-15,t5_neighbor_0p,stress,1.9231531372267112
2025-10-16,t5_neighbor_0p,stress,1.8720696031373172
2025-10-17,t5_neighbor_0p,stress,1.810725583475424
2025-10-20,t5_neighbor_0p,stress,1.8743409229810104
2025-10-21,t5_neighbor_0p,stress,1.9155456727257179
2025-10-22,t5_neighbor_0p,stress,1.8921613624207128
2025-10-23,t5_neighbor_0p,stress,1.919955586613783
2025-10-24,t5_neighbor_0p,stress,2.000432539726017
2025-10-27,t5_neighbor_0p,stress,2.0205640286827897
2025-10-28,t5_neighbor_0p,stress,2.053117111959059
2025-10-29,t5_neighbor_0p,stress,2.0768804092858955
2025-10-30,t5_neighbor_0p,stress,2.01673651744471
2025-10-31,t5_neighbor_0p,stress,1.9472739071050609
2025-11-03,t5_neighbor_0p,stress,1.989040013400063
2025-11-04,t5_neighbor_0p,stress,1.9272322929246066
2025-11-05,t5_neighbor_0p,stress,2.010385389292633
2025-11-06,t5_neighbor_0p,stress,2.031020101737541
2025-11-07,t5_neighbor_0p,stress,2.0401551246838863
2025-11-10,t5_neighbor_0p,stress,2.0294916881215803
2025-11-11,t5_neighbor_0p,stress,1.9578585419890835
2025-11-12,t5_neighbor_0p,stress,1.9401582030268125
2025-11-13,t5_neighbor_0p,stress,1.9330837326761512
2025-11-14,t5_neighbor_0p,stress,1.911015202501923
2025-11-17,t5_neighbor_0p,stress,1.9078651048220283
2025-11-18,t5_neighbor_0p,stress,1.8795899490121624
2025-11-19,t5_neighbor_0p,stress,1.8772611792349512
2025-11-20,t5_neighbor_0p,stress,1.836151248187539
2025-11-21,t5_neighbor_0p,stress,1.7995228848641873
2025-11-24,t5_neighbor_0p,stress,1.83347764575523
2025-11-25,t5_neighbor_0p,stress,1.87217654496122
2025-11-26,t5_neighbor_0p,stress,1.8520101477108528
2025-11-27,t5_neighbor_0p,stress,1.855653257245219
2025-11-28,t5_neighbor_0p,stress,1.895040630064046
2025-12-01,t5_neighbor_0p,stress,1.9205206663732752
2025-12-02,t5_neighbor_0p,stress,1.9299641455320757
2025-12-03,t5_neighbor_0p,stress,1.887710571701401
2025-12-04,t5_neighbor_0p,stress,1.949669873964363
2025-12-05,t5_neighbor_0p,stress,2.009993398363804
2025-12-08,t5_neighbor_0p,stress,2.0402974533178844
2025-12-09,t5_neighbor_0p,stress,2.0845637686912952
2025-12-10,t5_neighbor_0p,stress,2.1208757133583886
2025-12-11,t5_neighbor_0p,stress,2.0678075710540424
2025-12-12,t5_neighbor_0p,stress,2.0892031505530264
2025-12-15,t5_neighbor_0p,stress,2.093395444422621
2025-12-16,t5_neighbor_0p,stress,2.0580563169718755
2025-12-17,t5_neighbor_0p,stress,2.0906442387562176
2025-12-18,t5_neighbor_0p,stress,2.1505487489186357
2025-12-19,t5_neighbor_0p,stress,2.1896666061334207
2025-12-22,t5_neighbor_0p,stress,2.2044108663947894
2025-12-23,t5_neighbor_0p,stress,2.1492777054077314
2025-12-24,t5_neighbor_0p,stress,2.2336335707602144
2025-12-25,t5_neighbor_0p,stress,2.314120268448733
2025-12-26,t5_neighbor_0p,stress,2.3080518508843784
2025-12-29,t5_neighbor_0p,stress,2.322847350086771
2025-12-30,t5_neighbor_0p,stress,2.340022152399985
2025-12-31,t5_neighbor_0p,stress,2.4483518610367985
2026-01-05,t5_neighbor_0p,stress,2.4462480814339105
2026-01-06,t5_neighbor_0p,stress,2.491117891399543
2026-01-07,t5_neighbor_0p,stress,2.526820014769202
2026-01-08,t5_neighbor_0p,stress,2.615996114370725
2026-01-09,t5_neighbor_0p,stress,2.758401639030003
2026-01-12,t5_neighbor_0p,stress,2.8569044866835425
2026-01-13,t5_neighbor_0p,stress,2.727464391351712
2026-01-14,t5_neighbor_0p,stress,2.7122144619671333
2026-01-15,t5_neighbor_0p,stress,2.781363942561073
2026-01-16,t5_neighbor_0p,stress,2.7879043185114893
2026-01-19,t5_neighbor_0p,stress,2.8012565740859428
2026-01-20,t5_neighbor_0p,stress,2.7300643705353362
2026-01-21,t5_neighbor_0p,stress,2.771042720311399
2026-01-22,t5_neighbor_0p,stress,2.7942035935297014
2026-01-23,t5_neighbor_0p,stress,2.838803120763157
2026-01-26,t5_neighbor_0p,stress,2.6665479116894555
2026-01-27,t5_neighbor_0p,stress,2.7663848850371
2026-01-28,t5_neighbor_0p,stress,2.7254970104838288
2026-01-29,t5_neighbor_0p,stress,2.611006537375489
2026-01-30,t5_neighbor_0p,stress,2.62931828679381
2026-02-02,t5_neighbor_0p,stress,2.6363299354165854
2026-02-03,t5_neighbor_0p,stress,2.6738408696061104
2026-02-04,t5_neighbor_0p,stress,2.625063238109732
2026-02-05,t5_neighbor_0p,stress,2.5298914149536715
2026-02-06,t5_neighbor_0p,stress,2.620962831250282
2026-02-09,t5_neighbor_0p,stress,2.6531969707149385
2026-02-10,t5_neighbor_0p,stress,2.7079904051799626
2026-02-11,t5_neighbor_0p,stress,2.6762584764364177
2026-02-12,t5_neighbor_0p,stress,2.6961192914513634
2026-02-13,t5_neighbor_0p,stress,2.637211678777214
2026-02-24,t5_neighbor_0p,stress,2.70406745829743
2026-02-25,t5_neighbor_0p,stress,2.695455682839846
2026-02-26,t5_neighbor_0p,stress,2.72975130073517
2026-02-27,t5_neighbor_0p,stress,2.6943520493402016
2026-03-02,t5_neighbor_0p,stress,2.799156842391679
2026-03-03,t5_neighbor_0p,stress,2.643369969470455
2026-03-04,t5_neighbor_0p,stress,2.753061052814354
2026-03-05,t5_neighbor_0p,stress,2.787827824376285
2026-03-06,t5_neighbor_0p,stress,2.67597817250749
2026-03-09,t5_neighbor_0p,stress,2.716460162330948
2026-03-10,t5_neighbor_0p,stress,2.7784787929221677
2026-03-11,t5_neighbor_0p,stress,2.664770340388046
2026-03-12,t5_neighbor_0p,stress,2.6073449667899347
2026-03-13,t5_neighbor_0p,stress,2.563642787296335
2026-03-16,t5_neighbor_0p,stress,2.5571023446412284
2026-03-17,t5_neighbor_0p,stress,2.4077607591144665
2026-03-18,t5_neighbor_0p,stress,2.4188849336245988
2026-03-19,t5_neighbor_0p,stress,2.449268967536174
2026-03-20,t5_neighbor_0p,stress,2.352299917027099
2026-03-23,t5_neighbor_0p,stress,2.3279026597027204
2026-03-24,t5_neighbor_0p,stress,2.431225770052289
2026-03-25,t5_neighbor_0p,stress,2.38781751177506
2026-03-26,t5_neighbor_0p,stress,2.2893068200993643
2026-03-27,t5_neighbor_0p,stress,2.2943435256265676
2026-03-30,t5_neighbor_0p,stress,2.354244072013339
2026-03-31,t5_neighbor_0p,stress,2.3210965052054746
2026-04-01,t5_neighbor_0p,stress,2.3566542739536285
2026-04-02,t5_neighbor_0p,stress,2.410303103216308
2026-04-03,t5_neighbor_0p,stress,2.3574328580118613
2026-04-07,t5_neighbor_0p,stress,2.346908812067946
2026-04-08,t5_neighbor_0p,stress,2.346908812067946
2026-04-09,t5_neighbor_0p,stress,2.3498026577055144
2026-04-10,t5_neighbor_0p,stress,2.3428206233522073
2026-04-13,t5_neighbor_0p,stress,2.3665620648601142
2026-04-14,t5_neighbor_0p,stress,2.4058589809225053
2026-04-15,t5_neighbor_0p,stress,2.292084469616373
2026-04-16,t5_neighbor_0p,stress,2.3588584988334462
2026-04-17,t5_neighbor_0p,stress,2.4078514356044765
2026-04-20,t5_neighbor_0p,stress,2.4421850241667933
2026-04-21,t5_neighbor_0p,stress,2.5227436332958444
2026-04-22,t5_neighbor_0p,stress,2.5941731529418
2026-04-23,t5_neighbor_0p,stress,2.5247297265442317
2026-04-24,t5_neighbor_0p,stress,2.498456719590543
2026-04-27,t5_neighbor_0p,stress,2.466963612112501
2026-04-28,t5_neighbor_0p,stress,2.4345988383220485
2026-04-29,t5_neighbor_0p,stress,2.4994235948336327
2026-04-30,t5_neighbor_0p,stress,2.601800527670029
2026-05-06,t5_neighbor_0p,stress,2.5225310228464055
2026-05-07,t5_neighbor_0p,stress,2.533484816106254
2026-05-08,t5_neighbor_0p,stress,2.5843610907512202
2026-05-11,t5_neighbor_0p,stress,2.625506801728898
2026-05-12,t5_neighbor_0p,stress,2.530913056550671
2026-05-13,t5_neighbor_0p,stress,2.67432902312947
2026-05-14,t5_neighbor_0p,stress,2.6038207170398255
2026-05-15,t5_neighbor_0p,stress,2.666784891439433
2026-05-18,t5_neighbor_0p,stress,2.66699096902076
2026-05-19,t5_neighbor_0p,stress,2.7673011331337234
2026-05-20,t5_neighbor_0p,stress,2.824669755630251
2026-05-21,t5_neighbor_0p,stress,2.647430579222978
2026-05-22,t5_neighbor_0p,stress,2.7419585271353646
2026-05-25,t5_neighbor_0p,stress,2.7278615796270236
2026-05-26,t5_neighbor_0p,stress,2.6373609467072665
2026-05-27,t5_neighbor_0p,stress,2.60384171380985
2026-05-28,t5_neighbor_0p,stress,2.7248857490696454
2026-05-29,t5_neighbor_0p,stress,2.554170045425653
2026-06-01,t5_neighbor_0p,stress,2.5434484560301667
2026-06-02,t5_neighbor_0p,stress,2.6684427813830776
2026-06-03,t5_neighbor_0p,stress,2.690419102940798
2026-06-04,t5_neighbor_0p,stress,2.733310955259646
2026-06-05,t5_neighbor_0p,stress,2.576932824584402
2026-06-08,t5_neighbor_0p,stress,2.611677812654728
2026-06-09,t5_neighbor_0p,stress,2.7953133359182547
2026-06-10,t5_neighbor_0p,stress,2.686691789043203
2026-06-11,t5_neighbor_0p,stress,2.9451986348030976
2026-06-12,t5_neighbor_0p,stress,2.8811004814823096
2026-06-15,t5_neighbor_0p,stress,3.008485898506342
2026-06-16,t5_neighbor_0p,stress,2.9187342689494873
2026-06-17,t5_neighbor_0p,stress,3.1036780096629935
2026-06-18,t5_neighbor_0p,stress,3.3288184990957226
2026-06-22,t5_neighbor_0p,stress,3.2959052627021386
2026-06-23,t5_neighbor_0p,stress,3.257709859228085
2026-06-24,t5_neighbor_0p,stress,3.4456530949240776
2026-06-25,t5_neighbor_0p,stress,3.4835119393458354
2026-06-26,t5_neighbor_0p,stress,3.5002015833636513
2026-06-29,t5_neighbor_0p,stress,3.565379535642866
2026-06-30,t5_neighbor_0p,stress,3.698533213447683
2026-07-01,t5_neighbor_0p,stress,3.3534051348130935
2026-07-02,t5_neighbor_0p,stress,3.061444081113509
2026-07-03,t5_neighbor_0p,stress,3.1933059101297583
2026-07-06,t5_neighbor_0p,stress,3.0348539913406793
2026-07-07,t5_neighbor_0p,stress,3.110460092372006
2026-07-08,t5_neighbor_0p,stress,3.08875381557417
2026-07-09,t5_neighbor_0p,stress,3.2759005960219785
2026-07-10,t5_neighbor_0p,stress,3.111674410107034
2026-07-13,t5_neighbor_0p,stress,2.941441564869865
2026-07-14,t5_neighbor_0p,stress,2.8528365813948318
2026-07-15,t5_neighbor_0p,stress,2.64753960595213
2026-07-16,t5_neighbor_0p,stress,2.4783125425841113
2025-08-11,t5_neighbor_4p,base,1.4870968623319143
2025-08-12,t5_neighbor_4p,base,1.5335314090456602
2025-08-13,t5_neighbor_4p,base,1.5505118053836098
2025-08-14,t5_neighbor_4p,base,1.555929798126001
2025-08-15,t5_neighbor_4p,base,1.597095462435498
2025-08-18,t5_neighbor_4p,base,1.6195920857512285
2025-08-19,t5_neighbor_4p,base,1.6502545299204685
2025-08-20,t5_neighbor_4p,base,1.6944577709915094
2025-08-21,t5_neighbor_4p,base,1.7155929160605348
2025-08-22,t5_neighbor_4p,base,1.7644584501551346
2025-08-25,t5_neighbor_4p,base,1.762600140693372
2025-08-26,t5_neighbor_4p,base,1.7763456550633947
2025-08-27,t5_neighbor_4p,base,1.8044540311441173
2025-08-28,t5_neighbor_4p,base,1.832025513811025
2025-08-29,t5_neighbor_4p,base,1.8823584020141269
2025-09-01,t5_neighbor_4p,base,1.8821492670276714
2025-09-02,t5_neighbor_4p,base,1.867736611169996
2025-09-03,t5_neighbor_4p,base,1.8417392802801242
2025-09-04,t5_neighbor_4p,base,1.7783931181022228
2025-09-05,t5_neighbor_4p,base,1.7610422249582096
2025-09-08,t5_neighbor_4p,base,1.73459852570224
2025-09-09,t5_neighbor_4p,base,1.7578322635212358
2025-09-10,t5_neighbor_4p,base,1.8255656418034651
2025-09-11,t5_neighbor_4p,base,1.8703193100221391
2025-09-12,t5_neighbor_4p,base,1.8503202750920447
2025-09-15,t5_neighbor_4p,base,1.8232295642854517
2025-09-16,t5_neighbor_4p,base,1.8190693224606322
2025-09-17,t5_neighbor_4p,base,1.8326311300240679
2025-09-18,t5_neighbor_4p,base,1.8563540024514262
2025-09-19,t5_neighbor_4p,base,1.837524341328887
2025-09-22,t5_neighbor_4p,base,1.8627699689783659
2025-09-23,t5_neighbor_4p,base,1.9552515651493612
2025-09-24,t5_neighbor_4p,base,1.9895935293818952
2025-09-25,t5_neighbor_4p,base,1.9641887717298872
2025-09-26,t5_neighbor_4p,base,1.9434161984837803
2025-09-29,t5_neighbor_4p,base,1.9844997843540357
2025-09-30,t5_neighbor_4p,base,2.033709094295393
2025-10-09,t5_neighbor_4p,base,1.9834202869826905
2025-10-10,t5_neighbor_4p,base,1.9765899905638769
2025-10-13,t5_neighbor_4p,base,2.050658584591681
2025-10-14,t5_neighbor_4p,base,2.0074656048045796
2025-10-15,t5_neighbor_4p,base,2.056048789126184
2025-10-16,t5_neighbor_4p,base,1.9735861224637494
2025-10-17,t5_neighbor_4p,base,1.986619477157986
2025-10-20,t5_neighbor_4p,base,2.0392187919136857
2025-10-21,t5_neighbor_4p,base,2.047025093673331
2025-10-22,t5_neighbor_4p,base,2.0155674259402345
2025-10-23,t5_neighbor_4p,base,2.0610688077105577
2025-10-24,t5_neighbor_4p,base,2.151404496393394
2025-10-27,t5_neighbor_4p,base,2.166059458398927
2025-10-28,t5_neighbor_4p,base,2.206011215773243
2025-10-29,t5_neighbor_4p,base,2.1945749354563433
2025-10-30,t5_neighbor_4p,base,2.123443769887153
2025-10-31,t5_neighbor_4p,base,2.096258348576963
2025-11-03,t5_neighbor_4p,base,2.115412257764633
2025-11-04,t5_neighbor_4p,base,2.087263057254915
2025-11-05,t5_neighbor_4p,base,2.1685099989788417
2025-11-06,t5_neighbor_4p,base,2.170158802793137
2025-11-07,t5_neighbor_4p,base,2.156560962356144
2025-11-10,t5_neighbor_4p,base,2.139263630222205
2025-11-11,t5_neighbor_4p,base,2.0894247355116913
2025-11-12,t5_neighbor_4p,base,2.09247668656217
2025-11-13,t5_neighbor_4p,base,2.066073538461082
2025-11-14,t5_neighbor_4p,base,2.042119053070986
2025-11-17,t5_neighbor_4p,base,2.029102456099762
2025-11-18,t5_neighbor_4p,base,2.013021783547166
2025-11-19,t5_neighbor_4p,base,2.0077006579226007
2025-11-20,t5_neighbor_4p,base,1.9438752729081932
2025-11-21,t5_neighbor_4p,base,1.9420534782337222
2025-11-24,t5_neighbor_4p,base,1.9828642259386795
2025-11-25,t5_neighbor_4p,base,1.9950611630613735
2025-11-26,t5_neighbor_4p,base,1.9915149186711503
2025-11-27,t5_neighbor_4p,base,2.0060726421320383
2025-11-28,t5_neighbor_4p,base,2.05731271248506
2025-12-01,t5_neighbor_4p,base,2.0761567109620938
2025-12-02,t5_neighbor_4p,base,2.0714194084024617
2025-12-03,t5_neighbor_4p,base,2.0607070252466895
2025-12-04,t5_neighbor_4p,base,2.1189643898587787
2025-12-05,t5_neighbor_4p,base,2.1972993403579126
2025-12-08,t5_neighbor_4p,base,2.2275007073730375
2025-12-09,t5_neighbor_4p,base,2.2520480155495424
2025-12-10,t5_neighbor_4p,base,2.257602626106652
2025-12-11,t5_neighbor_4p,base,2.248056171156852
2025-12-12,t5_neighbor_4p,base,2.259136369209674
2025-12-15,t5_neighbor_4p,base,2.2320633177432128
2025-12-16,t5_neighbor_4p,base,2.246694324151305
2025-12-17,t5_neighbor_4p,base,2.279483313652623
2025-12-18,t5_neighbor_4p,base,2.3165533982139253
2025-12-19,t5_neighbor_4p,base,2.36303473352816
2025-12-22,t5_neighbor_4p,base,2.3459978610406615
2025-12-23,t5_neighbor_4p,base,2.35455321024137
2025-12-24,t5_neighbor_4p,base,2.4454741299788205
2025-12-25,t5_neighbor_4p,base,2.495226128168173
2025-12-26,t5_neighbor_4p,base,2.5107759295443195
2025-12-29,t5_neighbor_4p,base,2.5246608048803183
2025-12-30,t5_neighbor_4p,base,2.552331013697655
2025-12-31,t5_neighbor_4p,base,2.623735703581678
2026-01-05,t5_neighbor_4p,base,2.6564431045031647
2026-01-06,t5_neighbor_4p,base,2.6645277404560503
2026-01-07,t5_neighbor_4p,base,2.7136292103330177
2026-01-08,t5_neighbor_4p,base,2.797716125085532
2026-01-09,t5_neighbor_4p,base,2.9484435836283382
2026-01-12,t5_neighbor_4p,base,2.935767015858843
2026-01-13,t5_neighbor_4p,base,2.9227177867010883
2026-01-14,t5_neighbor_4p,base,2.870724291090035
2026-01-15,t5_neighbor_4p,base,2.935172223606582
2026-01-16,t5_neighbor_4p,base,2.940777439270991
2026-01-19,t5_neighbor_4p,base,2.9203962518467512
2026-01-20,t5_neighbor_4p,base,2.9037751407300827
2026-01-21,t5_neighbor_4p,base,2.9126656385652328
2026-01-22,t5_neighbor_4p,base,3.007988729307894
2026-01-23,t5_neighbor_4p,base,2.985424460889799
2026-01-26,t5_neighbor_4p,base,2.927202115194844
2026-01-27,t5_neighbor_4p,base,2.9694504142823828
2026-01-28,t5_neighbor_4p,base,2.9097884898649884
2026-01-29,t5_neighbor_4p,base,2.837921172434316
2026-01-30,t5_neighbor_4p,base,2.883493232733591
2026-02-02,t5_neighbor_4p,base,2.894388102405219
2026-02-03,t5_neighbor_4p,base,2.8955826173167436
2026-02-04,t5_neighbor_4p,base,2.8214964044153956
2026-02-05,t5_neighbor_4p,base,2.7787996157222623
2026-02-06,t5_neighbor_4p,base,2.881867192773017
2026-02-09,t5_neighbor_4p,base,2.9283950674205643
2026-02-10,t5_neighbor_4p,base,2.9383657308955637
2026-02-11,t5_neighbor_4p,base,2.955146765973027
2026-02-12,t5_neighbor_4p,base,2.8933383591318287
2026-02-13,t5_neighbor_4p,base,2.9230302391336687
2026-02-24,t5_neighbor_4p,base,2.936017806051838
2026-02-25,t5_neighbor_4p,base,2.985176364649076
2026-02-26,t5_neighbor_4p,base,2.974070307039655
2026-02-27,t5_neighbor_4p,base,3.003196758288964
2026-03-02,t5_neighbor_4p,base,3.017406003053392
2026-03-03,t5_neighbor_4p,base,2.9361274760155007
2026-03-04,t5_neighbor_4p,base,3.0419824224381062
2026-03-05,t5_neighbor_4p,base,3.015876372785976
2026-03-06,t5_neighbor_4p,base,2.917051066705008
2026-03-09,t5_neighbor_4p,base,2.9921790054918773
2026-03-10,t5_neighbor_4p,base,3.0230793280824844
2026-03-11,t5_neighbor_4p,base,2.915864670787025
2026-03-12,t5_neighbor_4p,base,2.837272812332324
2026-03-13,t5_neighbor_4p,base,2.787048760229813
2026-03-16,t5_neighbor_4p,base,2.713309634628046
2026-03-17,t5_neighbor_4p,base,2.660079278645024
2026-03-18,t5_neighbor_4p,base,2.6591422110063467
2026-03-19,t5_neighbor_4p,base,2.667405711936407
2026-03-20,t5_neighbor_4p,base,2.5503248289739457
2026-03-23,t5_neighbor_4p,base,2.5502058768519302
2026-03-24,t5_neighbor_4p,base,2.639417362443008
2026-03-25,t5_neighbor_4p,base,2.5821093775616997
2026-03-26,t5_neighbor_4p,base,2.532910874445125
2026-03-27,t5_neighbor_4p,base,2.545136458688299
2026-03-30,t5_neighbor_4p,base,2.536686277556153
2026-03-31,t5_neighbor_4p,base,2.577215321498242
2026-04-01,t5_neighbor_4p,base,2.6314525453510975
2026-04-02,t5_neighbor_4p,base,2.6481692056956008
2026-04-03,t5_neighbor_4p,base,2.6044622038842626
2026-04-07,t5_neighbor_4p,base,2.6061655316819077
2026-04-08,t5_neighbor_4p,base,2.6128096641744363
2026-04-09,t5_neighbor_4p,base,2.6667649002071983
2026-04-10,t5_neighbor_4p,base,2.6595244327532144
2026-04-13,t5_neighbor_4p,base,2.6959193900972798
2026-04-14,t5_neighbor_4p,base,2.663546385085564
2026-04-15,t5_neighbor_4p,base,2.617329322439416
2026-04-16,t5_neighbor_4p,base,2.7051117718240856
2026-04-17,t5_neighbor_4p,base,2.7449713182866873
2026-04-20,t5_neighbor_4p,base,2.7760478065359107
2026-04-21,t5_neighbor_4p,base,2.8465597824600324
2026-04-22,t5_neighbor_4p,base,2.860044721001074
2026-04-23,t5_neighbor_4p,base,2.7866140686451044
2026-04-24,t5_neighbor_4p,base,2.7716652293459925
2026-04-27,t5_neighbor_4p,base,2.7369271128585475
2026-04-28,t5_neighbor_4p,base,2.6959541860987946
2026-04-29,t5_neighbor_4p,base,2.7771977528011593
2026-04-30,t5_neighbor_4p,base,2.837402137870642
2026-05-06,t5_neighbor_4p,base,2.8108700002769695
2026-05-07,t5_neighbor_4p,base,2.8369399135723046
2026-05-08,t5_neighbor_4p,base,2.888241900957028
2026-05-11,t5_neighbor_4p,base,2.902423649114482
2026-05-12,t5_neighbor_4p,base,2.898449386151824
2026-05-13,t5_neighbor_4p,base,2.938926155156923
2026-05-14,t5_neighbor_4p,base,2.949494634537054
2026-05-15,t5_neighbor_4p,base,3.0026148814730163
2026-05-18,t5_neighbor_4p,base,3.0351359774773523
2026-05-19,t5_neighbor_4p,base,3.1053942175279596
2026-05-20,t5_neighbor_4p,base,3.0636291042021515
2026-05-21,t5_neighbor_4p,base,2.9646963097525667
2026-05-22,t5_neighbor_4p,base,3.0300942872001815
2026-05-25,t5_neighbor_4p,base,2.969281361604961
2026-05-26,t5_neighbor_4p,base,2.921190282141281
2026-05-27,t5_neighbor_4p,base,2.9107513725611636
2026-05-28,t5_neighbor_4p,base,2.840630695618692
2026-05-29,t5_neighbor_4p,base,2.7397868178559697
2026-06-01,t5_neighbor_4p,base,2.7909350760699843
2026-06-02,t5_neighbor_4p,base,2.9389260223913025
2026-06-03,t5_neighbor_4p,base,2.935019485065683
2026-06-04,t5_neighbor_4p,base,2.9377865280708404
2026-06-05,t5_neighbor_4p,base,2.7760336502523515
2026-06-08,t5_neighbor_4p,base,2.9284794865863315
2026-06-09,t5_neighbor_4p,base,3.02503332018021
2026-06-10,t5_neighbor_4p,base,3.1071573804026382
2026-06-11,t5_neighbor_4p,base,3.240576891645177
2026-06-12,t5_neighbor_4p,base,3.293981345924423
2026-06-15,t5_neighbor_4p,base,3.3584986241270736
2026-06-16,t5_neighbor_4p,base,3.4008574949499137
2026-06-17,t5_neighbor_4p,base,3.6019570707786563
2026-06-18,t5_neighbor_4p,base,3.720704059227088
2026-06-22,t5_neighbor_4p,base,3.692121466953686
2026-06-23,t5_neighbor_4p,base,3.7433901819585835
2026-06-24,t5_neighbor_4p,base,3.91070669018544
2026-06-25,t5_neighbor_4p,base,3.92753280551862
2026-06-26,t5_neighbor_4p,base,3.9737468348241567
2026-06-29,t5_neighbor_4p,base,4.118071173019962
2026-06-30,t5_neighbor_4p,base,4.195250619187001
2026-07-01,t5_neighbor_4p,base,3.7283883471782193
2026-07-02,t5_neighbor_4p,base,3.5875269740946365
2026-07-03,t5_neighbor_4p,base,3.621752169077094
2026-07-06,t5_neighbor_4p,base,3.560312763661568
2026-07-07,t5_neighbor_4p,base,3.578403484209443
2026-07-08,t5_neighbor_4p,base,3.669815580425796
2026-07-09,t5_neighbor_4p,base,3.7902155705809037
2026-07-10,t5_neighbor_4p,base,3.5367196707551742
2026-07-13,t5_neighbor_4p,base,3.3173567800618544
2026-07-14,t5_neighbor_4p,base,3.2095281120221877
2026-07-15,t5_neighbor_4p,base,2.9877285218266283
2026-07-16,t5_neighbor_4p,base,2.776907348680661
2025-08-11,t5_neighbor_4p,stress,1.459302876378352
2025-08-12,t5_neighbor_4p,stress,1.4892915307827128
2025-08-13,t5_neighbor_4p,stress,1.5356220945430634
2025-08-14,t5_neighbor_4p,stress,1.5259128418300365
2025-08-15,t5_neighbor_4p,stress,1.5640793611090325
2025-08-18,t5_neighbor_4p,stress,1.5853356265890828
2025-08-19,t5_neighbor_4p,stress,1.6053177144304658
2025-08-20,t5_neighbor_4p,stress,1.6779096369599389
2025-08-21,t5_neighbor_4p,stress,1.6835436049609518
2025-08-22,t5_neighbor_4p,stress,1.7549940604792305
2025-08-25,t5_neighbor_4p,stress,1.753545090524742
2025-08-26,t5_neighbor_4p,stress,1.7516880025784083
2025-08-27,t5_neighbor_4p,stress,1.747342758185731
2025-08-28,t5_neighbor_4p,stress,1.8420277589809522
2025-08-29,t5_neighbor_4p,stress,1.8336237713736527
2025-09-01,t5_neighbor_4p,stress,1.9080870167099058
2025-09-02,t5_neighbor_4p,stress,1.8313466350078524
2025-09-03,t5_neighbor_4p,stress,1.9182366014220744
2025-09-04,t5_neighbor_4p,stress,1.740913546255689
2025-09-05,t5_neighbor_4p,stress,1.7878256945001503
2025-09-08,t5_neighbor_4p,stress,1.7294193319929905
2025-09-09,t5_neighbor_4p,stress,1.7625783382681637
2025-09-10,t5_neighbor_4p,stress,1.7430599062725942
2025-09-11,t5_neighbor_4p,stress,1.8744938327746847
2025-09-12,t5_neighbor_4p,stress,1.8459992212327172
2025-09-15,t5_neighbor_4p,stress,1.8263846212709614
2025-09-16,t5_neighbor_4p,stress,1.7911784213327484
2025-09-17,t5_neighbor_4p,stress,1.8013965265165095
2025-09-18,t5_neighbor_4p,stress,1.8463640795945417
2025-09-19,t5_neighbor_4p,stress,1.8437697449252115
2025-09-22,t5_neighbor_4p,stress,1.8772473294936083
2025-09-23,t5_neighbor_4p,stress,1.8521114823260754
2025-09-24,t5_neighbor_4p,stress,1.9306313672844353
2025-09-25,t5_neighbor_4p,stress,1.918709783221527
2025-09-26,t5_neighbor_4p,stress,1.887659335762059
2025-09-29,t5_neighbor_4p,stress,1.9019359995673037
2025-09-30,t5_neighbor_4p,stress,1.9608655066349592
2025-10-09,t5_neighbor_4p,stress,1.9446528977160622
2025-10-10,t5_neighbor_4p,stress,1.827147267597561
2025-10-13,t5_neighbor_4p,stress,2.0010765729571625
2025-10-14,t5_neighbor_4p,stress,1.9197572193278043
2025-10-15,t5_neighbor_4p,stress,1.997000585606398
2025-10-16,t5_neighbor_4p,stress,1.9439554871601694
2025-10-17,t5_neighbor_4p,stress,1.8802559092030504
2025-10-20,t5_neighbor_4p,stress,1.946314023758298
2025-10-21,t5_neighbor_4p,stress,1.9891010009246648
2025-10-22,t5_neighbor_4p,stress,1.9648187529491143
2025-10-23,t5_neighbor_4p,stress,1.9936802517635446
2025-10-24,t5_neighbor_4p,stress,2.077247451578275
2025-10-27,t5_neighbor_4p,stress,2.098151972626338
2025-10-28,t5_neighbor_4p,stress,2.131955066674142
2025-10-29,t5_neighbor_4p,stress,2.1566308544515334
2025-10-30,t5_neighbor_4p,stress,2.0941774882049455
2025-10-31,t5_neighbor_4p,stress,2.0220475725779115
2025-11-03,t5_neighbor_4p,stress,2.0654174619097074
2025-11-04,t5_neighbor_4p,stress,2.001236377421305
2025-11-05,t5_neighbor_4p,stress,2.087582482121733
2025-11-06,t5_neighbor_4p,stress,2.109009550012813
2025-11-07,t5_neighbor_4p,stress,2.118495350087833
2025-11-10,t5_neighbor_4p,stress,2.1074224466110922
2025-11-11,t5_neighbor_4p,stress,2.0330386484587972
2025-11-12,t5_neighbor_4p,stress,2.0348532160598327
2025-11-13,t5_neighbor_4p,stress,2.023378588882044
2025-11-14,t5_neighbor_4p,stress,2.000279231783418
2025-11-17,t5_neighbor_4p,stress,1.9676629686139335
2025-11-18,t5_neighbor_4p,stress,1.975756738902887
2025-11-19,t5_neighbor_4p,stress,1.9693622029892937
2025-11-20,t5_neighbor_4p,stress,1.9262353619999841
2025-11-21,t5_neighbor_4p,stress,1.8878099606310783
2025-11-24,t5_neighbor_4p,stress,1.9234305889432295
2025-11-25,t5_neighbor_4p,stress,1.9640281095421628
2025-11-26,t5_neighbor_4p,stress,1.93825127999271
2025-11-27,t5_neighbor_4p,stress,1.962387729920223
2025-11-28,t5_neighbor_4p,stress,2.00404060705752
2025-12-01,t5_neighbor_4p,stress,2.030986217944643
2025-12-02,t5_neighbor_4p,stress,2.0409728722706237
2025-12-03,t5_neighbor_4p,stress,1.9962889344137806
2025-12-04,t5_neighbor_4p,stress,2.061812045501763
2025-12-05,t5_neighbor_4p,stress,2.125605291165957
2025-12-08,t5_neighbor_4p,stress,2.157652391224401
2025-12-09,t5_neighbor_4p,stress,2.2044648405860445
2025-12-10,t5_neighbor_4p,stress,2.242865395423553
2025-12-11,t5_neighbor_4p,stress,2.1867448508654017
2025-12-12,t5_neighbor_4p,stress,2.2093710729353955
2025-12-15,t5_neighbor_4p,stress,2.2138045014424677
2025-12-16,t5_neighbor_4p,stress,2.1764327188507235
2025-12-17,t5_neighbor_4p,stress,2.2108950504331495
2025-12-18,t5_neighbor_4p,stress,2.274245180771684
2025-12-19,t5_neighbor_4p,stress,2.3156130401599317
2025-12-22,t5_neighbor_4p,stress,2.3312053687971335
2025-12-23,t5_neighbor_4p,stress,2.2729010286892546
2025-12-24,t5_neighbor_4p,stress,2.362108920556005
2025-12-25,t5_neighbor_4p,stress,2.4460788940351605
2025-12-26,t5_neighbor_4p,stress,2.4445535427509983
2025-12-29,t5_neighbor_4p,stress,2.460224070247216
2025-12-30,t5_neighbor_4p,stress,2.4784146164538474
2025-12-31,t5_neighbor_4p,stress,2.593151108587608
2026-01-05,t5_neighbor_4p,stress,2.565689882031886
2026-01-06,t5_neighbor_4p,stress,2.6075250279749347
2026-01-07,t5_neighbor_4p,stress,2.5973272342032647
2026-01-08,t5_neighbor_4p,stress,2.7261536573916603
2026-01-09,t5_neighbor_4p,stress,2.868806655383151
2026-01-12,t5_neighbor_4p,stress,2.9712520791837393
2026-01-13,t5_neighbor_4p,stress,2.83663114447027
2026-01-14,t5_neighbor_4p,stress,2.8207708367132076
2026-01-15,t5_neighbor_4p,stress,2.884835297024737
2026-01-16,t5_neighbor_4p,stress,2.897413813441444
2026-01-19,t5_neighbor_4p,stress,2.9112905485521665
2026-01-20,t5_neighbor_4p,stress,2.8373018995848325
2026-01-21,t5_neighbor_4p,stress,2.879889887954746
2026-01-22,t5_neighbor_4p,stress,2.903960525368122
2026-01-23,t5_neighbor_4p,stress,3.0294255137176864
2026-01-26,t5_neighbor_4p,stress,2.8513061761002243
2026-01-27,t5_neighbor_4p,stress,2.9580605972232767
2026-01-28,t5_neighbor_4p,stress,2.9125067579217756
2026-01-29,t5_neighbor_4p,stress,2.8069000864227895
2026-01-30,t5_neighbor_4p,stress,2.826585694363282
2026-02-02,t5_neighbor_4p,stress,2.8311612928860495
2026-02-03,t5_neighbor_4p,stress,2.871444378667799
2026-02-04,t5_neighbor_4p,stress,2.8190619585480707
2026-02-05,t5_neighbor_4p,stress,2.7168567002937554
2026-02-06,t5_neighbor_4p,stress,2.8365684529235
2026-02-09,t5_neighbor_4p,stress,2.8772086541973865
2026-02-10,t5_neighbor_4p,stress,2.936628345074496
2026-02-11,t5_neighbor_4p,stress,2.902217262518985
2026-02-12,t5_neighbor_4p,stress,2.923754943087426
2026-02-13,t5_neighbor_4p,stress,2.859873710425496
2026-02-24,t5_neighbor_4p,stress,2.9323741804402963
2026-02-25,t5_neighbor_4p,stress,2.923035305434763
2026-02-26,t5_neighbor_4p,stress,2.9602265316040293
2026-02-27,t5_neighbor_4p,stress,2.9218384912173154
2026-03-02,t5_neighbor_4p,stress,3.0354920423473026
2026-03-03,t5_neighbor_4p,stress,2.8665519508551456
2026-03-04,t5_neighbor_4p,stress,2.9855043459350745
2026-03-05,t5_neighbor_4p,stress,3.023206505676926
2026-03-06,t5_neighbor_4p,stress,2.90191329229023
2026-03-09,t5_neighbor_4p,stress,2.9458132110466577
2026-03-10,t5_neighbor_4p,stress,3.0130681275221742
2026-03-11,t5_neighbor_4p,stress,2.889759173344374
2026-03-12,t5_neighbor_4p,stress,2.8274853264680586
2026-03-13,t5_neighbor_4p,stress,2.7800933346807364
2026-03-16,t5_neighbor_4p,stress,2.773000676873094
2026-03-17,t5_neighbor_4p,stress,2.61105005388811
2026-03-18,t5_neighbor_4p,stress,2.623113451941338
2026-03-19,t5_neighbor_4p,stress,2.6560628357544274
2026-03-20,t5_neighbor_4p,stress,2.550906605593787
2026-03-23,t5_neighbor_4p,stress,2.5244494670220257
2026-03-24,t5_neighbor_4p,stress,2.636496235715668
2026-03-25,t5_neighbor_4p,stress,2.589422981163736
2026-03-26,t5_neighbor_4p,stress,2.482594947757718
2026-03-27,t5_neighbor_4p,stress,2.488056906629022
2026-03-30,t5_neighbor_4p,stress,2.5608643944080685
2026-03-31,t5_neighbor_4p,stress,2.5248076301122033
2026-04-01,t5_neighbor_4p,stress,2.563486127815235
2026-04-02,t5_neighbor_4p,stress,2.6218434486613185
2026-04-03,t5_neighbor_4p,stress,2.56433304433357
2026-04-07,t5_neighbor_4p,stress,2.5528853550887427
2026-04-08,t5_neighbor_4p,stress,2.5528853550887427
2026-04-09,t5_neighbor_4p,stress,2.556033179201059
2026-04-10,t5_neighbor_4p,stress,2.5484383663316237
2026-04-13,t5_neighbor_4p,stress,2.5742634763753443
2026-04-14,t5_neighbor_4p,stress,2.617009287801837
2026-04-15,t5_neighbor_4p,stress,2.4932493520930965
2026-04-16,t5_neighbor_4p,stress,2.565883806577219
2026-04-17,t5_neighbor_4p,stress,2.619176610346338
2026-04-20,t5_neighbor_4p,stress,2.6295680429341526
2026-04-21,t5_neighbor_4p,stress,2.7176302810940522
2026-04-22,t5_neighbor_4p,stress,2.788988708541154
2026-04-23,t5_neighbor_4p,stress,2.7143302641402483
2026-04-24,t5_neighbor_4p,stress,2.686084223720716
2026-04-27,t5_neighbor_4p,stress,2.6522260670076494
2026-04-28,t5_neighbor_4p,stress,2.587835801653137
2026-04-29,t5_neighbor_4p,stress,2.6514272351052357
2026-04-30,t5_neighbor_4p,stress,2.760030270032986
2026-05-06,t5_neighbor_4p,stress,2.6759399523945104
2026-05-07,t5_neighbor_4p,stress,2.722855895523495
2026-05-08,t5_neighbor_4p,stress,2.7674990062095906
2026-05-11,t5_neighbor_4p,stress,2.817194852592803
2026-05-12,t5_neighbor_4p,stress,2.715694825311177
2026-05-13,t5_neighbor_4p,stress,2.8695815806451797
2026-05-14,t5_neighbor_4p,stress,2.7939254685185673
2026-05-15,t5_neighbor_4p,stress,2.861486652477231
2026-05-18,t5_neighbor_4p,stress,2.8617077757670155
2026-05-19,t5_neighbor_4p,stress,2.9657114013242856
2026-05-20,t5_neighbor_4p,stress,3.0211388592836688
2026-05-21,t5_neighbor_4p,stress,2.831571862234143
2026-05-22,t5_neighbor_4p,stress,2.9326746747513295
2026-05-25,t5_neighbor_4p,stress,2.917597218057555
2026-05-26,t5_neighbor_4p,stress,2.8208018392849876
2026-05-27,t5_neighbor_4p,stress,2.7849511856509066
2026-05-28,t5_neighbor_4p,stress,2.8473280456998884
2026-05-29,t5_neighbor_4p,stress,2.6361754389437424
2026-06-01,t5_neighbor_4p,stress,2.6198593978855254
2026-06-02,t5_neighbor_4p,stress,2.7486088353595988
2026-06-03,t5_neighbor_4p,stress,2.7712453753010498
2026-06-04,t5_neighbor_4p,stress,2.8154257958335895
2026-06-05,t5_neighbor_4p,stress,2.6543497125726954
2026-06-08,t5_neighbor_4p,stress,2.6901385186362314
2026-06-09,t5_neighbor_4p,stress,2.8792908681823586
2026-06-10,t5_neighbor_4p,stress,2.891566212845942
2026-06-11,t5_neighbor_4p,stress,3.1761378451580633
2026-06-12,t5_neighbor_4p,stress,3.107013621018761
2026-06-15,t5_neighbor_4p,stress,3.2443875961219106
2026-06-16,t5_neighbor_4p,stress,3.1475983527983638
2026-06-17,t5_neighbor_4p,stress,3.3470439206333964
2026-06-18,t5_neighbor_4p,stress,3.5898381486744904
2026-06-22,t5_neighbor_4p,stress,3.554344116292092
2026-06-23,t5_neighbor_4p,stress,3.5131537310150276
2026-06-24,t5_neighbor_4p,stress,3.7158339905335547
2026-06-25,t5_neighbor_4p,stress,3.756661426456203
2026-06-26,t5_neighbor_4p,stress,3.7746597405124445
2026-06-29,t5_neighbor_4p,stress,3.844948432914259
2026-06-30,t5_neighbor_4p,stress,3.988542970240309
2026-07-01,t5_neighbor_4p,stress,3.616352674134426
2026-07-02,t5_neighbor_4p,stress,3.301498341048172
2026-07-03,t5_neighbor_4p,stress,3.4436997330090477
2026-07-06,t5_neighbor_4p,stress,3.2728232664927064
2026-07-07,t5_neighbor_4p,stress,3.3543578006911083
2026-07-08,t5_neighbor_4p,stress,3.3309494891428137
2026-07-09,t5_neighbor_4p,stress,3.53277084168446
2026-07-10,t5_neighbor_4p,stress,3.355667335630006
2026-07-13,t5_neighbor_4p,stress,3.1720861754809024
2026-07-14,t5_neighbor_4p,stress,3.0765334891665983
2026-07-15,t5_neighbor_4p,stress,2.855138746722124
2026-07-16,t5_neighbor_4p,stress,2.6726422339108376
2025-08-11,t5_neighbor_top1,base,1.8978074303230064
2025-08-12,t5_neighbor_top1,base,1.9918671309996823
2025-08-13,t5_neighbor_top1,base,2.0217550182579855
2025-08-14,t5_neighbor_top1,base,2.017906421047916
2025-08-15,t5_neighbor_top1,base,2.0699660994625995
2025-08-18,t5_neighbor_top1,base,2.1383379718655635
2025-08-19,t5_neighbor_top1,base,2.178119007481706
2025-08-20,t5_neighbor_top1,base,2.2549277958276956
2025-08-21,t5_neighbor_top1,base,2.2887213405043902
2025-08-22,t5_neighbor_top1,base,2.387459421189403
2025-08-25,t5_neighbor_top1,base,2.4127568141228792
2025-08-26,t5_neighbor_top1,base,2.4360800851881312
2025-08-27,t5_neighbor_top1,base,2.500517544551171
2025-08-28,t5_neighbor_top1,base,2.558723735111475
2025-08-29,t5_neighbor_top1,base,2.663455656646112
2025-09-01,t5_neighbor_top1,base,2.667910931452833
2025-09-02,t5_neighbor_top1,base,2.651927909324764
2025-09-03,t5_neighbor_top1,base,2.6126529200991375
2025-09-04,t5_neighbor_top1,base,2.521733903256219
2025-09-05,t5_neighbor_top1,base,2.4667475101864533
2025-09-08,t5_neighbor_top1,base,2.4002664079654936
2025-09-09,t5_neighbor_top1,base,2.502621956044989
2025-09-10,t5_neighbor_top1,base,2.6417062739176007
2025-09-11,t5_neighbor_top1,base,2.715366605237291
2025-09-12,t5_neighbor_top1,base,2.7076721017823306
2025-09-15,t5_neighbor_top1,base,2.6971530630376597
2025-09-16,t5_neighbor_top1,base,2.699428629749814
2025-09-17,t5_neighbor_top1,base,2.7144546511080008
2025-09-18,t5_neighbor_top1,base,2.783137400844774
2025-09-19,t5_neighbor_top1,base,2.7639931648890497
2025-09-22,t5_neighbor_top1,base,2.7525652918058543
2025-09-23,t5_neighbor_top1,base,2.816350887097783
2025-09-24,t5_neighbor_top1,base,2.8808536418711395
2025-09-25,t5_neighbor_top1,base,2.8870202612102926
2025-09-26,t5_neighbor_top1,base,2.865294365559607
2025-09-29,t5_neighbor_top1,base,2.9269609031880806
2025-09-30,t5_neighbor_top1,base,3.0284484255413
2025-10-09,t5_neighbor_top1,base,2.937159132121912
2025-10-10,t5_neighbor_top1,base,2.969163651658605
2025-10-13,t5_neighbor_top1,base,3.06915034919812
2025-10-14,t5_neighbor_top1,base,2.929545295597431
2025-10-15,t5_neighbor_top1,base,2.9487239882036334
2025-10-16,t5_neighbor_top1,base,2.814929095362039
2025-10-17,t5_neighbor_top1,base,2.8258316235439946
2025-10-20,t5_neighbor_top1,base,2.8772924970036358
2025-10-21,t5_neighbor_top1,base,2.876141637245495
2025-10-22,t5_neighbor_top1,base,2.836302568957916
2025-10-23,t5_neighbor_top1,base,2.871496493384795
2025-10-24,t5_neighbor_top1,base,2.9499396922934857
2025-10-27,t5_neighbor_top1,base,2.959447958827872
2025-10-28,t5_neighbor_top1,base,3.0153090247173937
2025-10-29,t5_neighbor_top1,base,2.9484234338334194
2025-10-30,t5_neighbor_top1,base,2.825192113843478
2025-10-31,t5_neighbor_top1,base,2.7460806491585776
2025-11-03,t5_neighbor_top1,base,2.7689012639715296
2025-11-04,t5_neighbor_top1,base,2.6973966708909467
2025-11-05,t5_neighbor_top1,base,2.7795508842175742
2025-11-06,t5_neighbor_top1,base,2.762815766688076
2025-11-07,t5_neighbor_top1,base,2.735431028912533
2025-11-10,t5_neighbor_top1,base,2.7074239103178215
2025-11-11,t5_neighbor_top1,base,2.6510832689756043
2025-11-12,t5_neighbor_top1,base,2.655180770164129
2025-11-13,t5_neighbor_top1,base,2.6346932642215046
2025-11-14,t5_neighbor_top1,base,2.5916695017419933
2025-11-17,t5_neighbor_top1,base,2.5568407416395313
2025-11-18,t5_neighbor_top1,base,2.538401986291169
2025-11-19,t5_neighbor_top1,base,2.534304485102645
2025-11-20,t5_neighbor_top1,base,2.4380132071723093
2025-11-21,t5_neighbor_top1,base,2.4052331976641104
2025-11-24,t5_neighbor_top1,base,2.4523544613321464
2025-11-25,t5_neighbor_top1,base,2.4351774398974
2025-11-26,t5_neighbor_top1,base,2.4105653857378555
2025-11-27,t5_neighbor_top1,base,2.461478189143526
2025-11-28,t5_neighbor_top1,base,2.5373278758499325
2025-12-01,t5_neighbor_top1,base,2.544601133479314
2025-12-02,t5_neighbor_top1,base,2.5274570262100577
2025-12-03,t5_neighbor_top1,base,2.5342107654373405
2025-12-04,t5_neighbor_top1,base,2.6287631146193
2025-12-05,t5_neighbor_top1,base,2.735264387049529
2025-12-08,t5_neighbor_top1,base,2.7020152093152134
2025-12-09,t5_neighbor_top1,base,2.7290841685069793
2025-12-10,t5_neighbor_top1,base,2.7020233438316494
2025-12-11,t5_neighbor_top1,base,2.661432106818655
2025-12-12,t5_neighbor_top1,base,2.7065980876936706
2025-12-15,t5_neighbor_top1,base,2.7056081103389915
2025-12-16,t5_neighbor_top1,base,2.692738404728158
2025-12-17,t5_neighbor_top1,base,2.740752306430112
2025-12-18,t5_neighbor_top1,base,2.814505619353732
2025-12-19,t5_neighbor_top1,base,2.8417299966074183
2025-12-22,t5_neighbor_top1,base,2.769956638393156
2025-12-23,t5_neighbor_top1,base,2.764511762942419
2025-12-24,t5_neighbor_top1,base,2.9486475509128005
2025-12-25,t5_neighbor_top1,base,3.09961909750142
2025-12-26,t5_neighbor_top1,base,3.1352582822698807
2025-12-29,t5_neighbor_top1,base,3.168422523651643
2025-12-30,t5_neighbor_top1,base,3.2500956554126987
2025-12-31,t5_neighbor_top1,base,3.4020571793559973
2026-01-05,t5_neighbor_top1,base,3.456505933863369
2026-01-06,t5_neighbor_top1,base,3.486700243181092
2026-01-07,t5_neighbor_top1,base,3.600052650291892
2026-01-08,t5_neighbor_top1,base,3.8841761510848998
2026-01-09,t5_neighbor_top1,base,4.233143168609414
2026-01-12,t5_neighbor_top1,base,4.254922670412362
2026-01-13,t5_neighbor_top1,base,4.212353644161144
2026-01-14,t5_neighbor_top1,base,3.956939486653841
2026-01-15,t5_neighbor_top1,base,3.908925584951887
2026-01-16,t5_neighbor_top1,base,3.88368116240756
2026-01-19,t5_neighbor_top1,base,3.8689795322520326
2026-01-20,t5_neighbor_top1,base,3.8080944527744207
2026-01-21,t5_neighbor_top1,base,3.7846930379373505
2026-01-22,t5_neighbor_top1,base,3.747472971829271
2026-01-23,t5_neighbor_top1,base,3.7063350040256045
2026-01-26,t5_neighbor_top1,base,3.6847865446998744
2026-01-27,t5_neighbor_top1,base,3.7049586812643462
2026-01-28,t5_neighbor_top1,base,3.655862590142227
2026-01-29,t5_neighbor_top1,base,3.5780273237291103
2026-01-30,t5_neighbor_top1,base,3.6735568967075163
2026-02-02,t5_neighbor_top1,base,3.716955481515168
2026-02-03,t5_neighbor_top1,base,3.789176119109375
2026-02-04,t5_neighbor_top1,base,3.6868635491842485
2026-02-05,t5_neighbor_top1,base,3.6182539434697523
2026-02-06,t5_neighbor_top1,base,3.7301959317407727
2026-02-09,t5_neighbor_top1,base,3.8029405268906387
2026-02-10,t5_neighbor_top1,base,3.7697916081699896
2026-02-11,t5_neighbor_top1,base,3.7811234296437544
2026-02-12,t5_neighbor_top1,base,3.70270038374516
2026-02-13,t5_neighbor_top1,base,3.7524236135157065
2026-02-24,t5_neighbor_top1,base,3.7885717607482743
2026-02-25,t5_neighbor_top1,base,3.8696752845967084
2026-02-26,t5_neighbor_top1,base,3.909876719729058
2026-02-27,t5_neighbor_top1,base,3.9720154347089944
2026-03-02,t5_neighbor_top1,base,3.9573207376941832
2026-03-03,t5_neighbor_top1,base,3.88452592852297
2026-03-04,t5_neighbor_top1,base,4.081942527879873
2026-03-05,t5_neighbor_top1,base,4.105590992407274
2026-03-06,t5_neighbor_top1,base,4.037150193646941
2026-03-09,t5_neighbor_top1,base,4.088485952959925
2026-03-10,t5_neighbor_top1,base,4.120885228033488
2026-03-11,t5_neighbor_top1,base,4.026398607444853
2026-03-12,t5_neighbor_top1,base,3.9196465209076634
2026-03-13,t5_neighbor_top1,base,3.79640499414747
2026-03-16,t5_neighbor_top1,base,3.6852330098951773
2026-03-17,t5_neighbor_top1,base,3.573779782918561
2026-03-18,t5_neighbor_top1,base,3.530957335542255
2026-03-19,t5_neighbor_top1,base,3.479769162288577
2026-03-20,t5_neighbor_top1,base,3.3385324151949414
2026-03-23,t5_neighbor_top1,base,3.310372709173992
2026-03-24,t5_neighbor_top1,base,3.4671572513686946
2026-03-25,t5_neighbor_top1,base,3.414923615662456
2026-03-26,t5_neighbor_top1,base,3.352676112461865
2026-03-27,t5_neighbor_top1,base,3.3542227053556233
2026-03-30,t5_neighbor_top1,base,3.373093156581254
2026-03-31,t5_neighbor_top1,base,3.4760700171295777
2026-04-01,t5_neighbor_top1,base,3.546548343731191
2026-04-02,t5_neighbor_top1,base,3.611540193152485
2026-04-03,t5_neighbor_top1,base,3.560089944332367
2026-04-07,t5_neighbor_top1,base,3.558992506001808
2026-04-08,t5_neighbor_top1,base,3.565587303727567
2026-04-09,t5_neighbor_top1,base,3.630854255288745
2026-04-10,t5_neighbor_top1,base,3.636644154833957
2026-04-13,t5_neighbor_top1,base,3.6625611324745395
2026-04-14,t5_neighbor_top1,base,3.618881668377815
2026-04-15,t5_neighbor_top1,base,3.5685059848133984
2026-04-16,t5_neighbor_top1,base,3.7615272649344926
2026-04-17,t5_neighbor_top1,base,3.839784719975489
2026-04-20,t5_neighbor_top1,base,3.876092542562642
2026-04-21,t5_neighbor_top1,base,4.0433934786699695
2026-04-22,t5_neighbor_top1,base,4.072184512228801
2026-04-23,t5_neighbor_top1,base,3.9384611380649606
2026-04-24,t5_neighbor_top1,base,3.953439268750828
2026-04-27,t5_neighbor_top1,base,3.8550989840844028
2026-04-28,t5_neighbor_top1,base,3.8075407536265393
2026-04-29,t5_neighbor_top1,base,3.879302237732263
2026-04-30,t5_neighbor_top1,base,3.8698613626907035
2026-05-06,t5_neighbor_top1,base,3.7277674287317497
2026-05-07,t5_neighbor_top1,base,3.717180150497708
2026-05-08,t5_neighbor_top1,base,3.7623575436680214
2026-05-11,t5_neighbor_top1,base,3.73247475133506
2026-05-12,t5_neighbor_top1,base,3.7758135703857088
2026-05-13,t5_neighbor_top1,base,3.8433348843151975
2026-05-14,t5_neighbor_top1,base,3.958490486747346
2026-05-15,t5_neighbor_top1,base,4.10632813376439
2026-05-18,t5_neighbor_top1,base,4.208304062627423
2026-05-19,t5_neighbor_top1,base,4.457267940101722
2026-05-20,t5_neighbor_top1,base,4.3893008501786275
2026-05-21,t5_neighbor_top1,base,4.136257554854331
2026-05-22,t5_neighbor_top1,base,4.178077699170364
2026-05-25,t5_neighbor_top1,base,4.0847439085931985
2026-05-26,t5_neighbor_top1,base,4.051426902916759
2026-05-27,t5_neighbor_top1,base,4.037315510224348
2026-05-28,t5_neighbor_top1,base,3.906612561457128
2026-05-29,t5_neighbor_top1,base,3.726085433155975
2026-06-01,t5_neighbor_top1,base,3.7497218560098204
2026-06-02,t5_neighbor_top1,base,3.879195262851718
2026-06-03,t5_neighbor_top1,base,3.7875526206644006
2026-06-04,t5_neighbor_top1,base,3.7357831701717186
2026-06-05,t5_neighbor_top1,base,3.487480993458408
2026-06-08,t5_neighbor_top1,base,3.630409068468555
2026-06-09,t5_neighbor_top1,base,3.6313659524346638
2026-06-10,t5_neighbor_top1,base,3.6306797716370713
2026-06-11,t5_neighbor_top1,base,3.76885910697965
2026-06-12,t5_neighbor_top1,base,3.9479797468361015
2026-06-15,t5_neighbor_top1,base,4.064250371849608
2026-06-16,t5_neighbor_top1,base,4.1068245194865804
2026-06-17,t5_neighbor_top1,base,4.3425111058483905
2026-06-18,t5_neighbor_top1,base,4.492301285872917
2026-06-22,t5_neighbor_top1,base,4.528863509460762
2026-06-23,t5_neighbor_top1,base,4.621403100584793
2026-06-24,t5_neighbor_top1,base,4.875310372175037
2026-06-25,t5_neighbor_top1,base,5.030316628829801
2026-06-26,t5_neighbor_top1,base,5.379240325627242
2026-06-29,t5_neighbor_top1,base,5.636392549618351
2026-06-30,t5_neighbor_top1,base,5.863208876325672
2026-07-01,t5_neighbor_top1,base,5.279104297376999
2026-07-02,t5_neighbor_top1,base,4.897333874961952
2026-07-03,t5_neighbor_top1,base,4.868062298647366
2026-07-06,t5_neighbor_top1,base,4.854018882739058
2026-07-07,t5_neighbor_top1,base,4.996355016861187
2026-07-08,t5_neighbor_top1,base,5.359967674682851
2026-07-09,t5_neighbor_top1,base,5.425659695973249
2026-07-10,t5_neighbor_top1,base,5.0602261325453695
2026-07-13,t5_neighbor_top1,base,4.864630491631835
2026-07-14,t5_neighbor_top1,base,4.740841125917358
2026-07-15,t5_neighbor_top1,base,4.279960213507152
2026-07-16,t5_neighbor_top1,base,3.999215126839123
2025-08-11,t5_neighbor_top1,stress,1.6730609841620097
2025-08-12,t5_neighbor_top1,stress,1.7398693692352263
2025-08-13,t5_neighbor_top1,stress,1.8178092960271786
2025-08-14,t5_neighbor_top1,stress,1.793993238177119
2025-08-15,t5_neighbor_top1,stress,1.814362379232957
2025-08-18,t5_neighbor_top1,stress,1.8777769866624587
2025-08-19,t5_neighbor_top1,stress,1.9213292797492176
2025-08-20,t5_neighbor_top1,stress,2.028851968096471
2025-08-21,t5_neighbor_top1,stress,2.0280543454583846
2025-08-22,t5_neighbor_top1,stress,2.1256005507278335
2025-08-25,t5_neighbor_top1,stress,2.1788180983584007
2025-08-26,t5_neighbor_top1,stress,2.172020670638798
2025-08-27,t5_neighbor_top1,stress,2.1634985807489704
2025-08-28,t5_neighbor_top1,stress,2.345127902141547
2025-08-29,t5_neighbor_top1,stress,2.34280818723554
2025-09-01,t5_neighbor_top1,stress,2.456098847175137
2025-09-02,t5_neighbor_top1,stress,2.33799963928744
2025-09-03,t5_neighbor_top1,stress,2.5132475543799506
2025-09-04,t5_neighbor_top1,stress,2.216832919506556
2025-09-05,t5_neighbor_top1,stress,2.2973232352282875
2025-09-08,t5_neighbor_top1,stress,2.180226662558885
2025-09-09,t5_neighbor_top1,stress,2.3043364100889847
2025-09-10,t5_neighbor_top1,stress,2.2870056240648955
2025-09-11,t5_neighbor_top1,stress,2.4609741812339365
2025-09-12,t5_neighbor_top1,stress,2.490728787062245
2025-09-15,t5_neighbor_top1,stress,2.446931484970729
2025-09-16,t5_neighbor_top1,stress,2.4468779281350925
2025-09-17,t5_neighbor_top1,stress,2.407203833875769
2025-09-18,t5_neighbor_top1,stress,2.543335106087502
2025-09-19,t5_neighbor_top1,stress,2.531728911276574
2025-09-22,t5_neighbor_top1,stress,2.568911601553259
2025-09-23,t5_neighbor_top1,stress,2.5667467772918435
2025-09-24,t5_neighbor_top1,stress,2.667255920052423
2025-09-25,t5_neighbor_top1,stress,2.666155852462764
2025-09-26,t5_neighbor_top1,stress,2.6540839392573727
2025-09-29,t5_neighbor_top1,stress,2.6876863346806212
2025-09-30,t5_neighbor_top1,stress,2.744406167556707
2025-10-09,t5_neighbor_top1,stress,2.706853603549291
2025-10-10,t5_neighbor_top1,stress,2.602843444356788
2025-10-13,t5_neighbor_top1,stress,2.9337018351041464
2025-10-14,t5_neighbor_top1,stress,2.7292843465292163
2025-10-15,t5_neighbor_top1,stress,2.7505258091072986
2025-10-16,t5_neighbor_top1,stress,2.6677089706991297
2025-10-17,t5_neighbor_top1,stress,2.58300194893896
2025-10-20,t5_neighbor_top1,stress,2.6638109484588384
2025-10-21,t5_neighbor_top1,stress,2.661077815315191
2025-10-22,t5_neighbor_top1,stress,2.651472761873587
2025-10-23,t5_neighbor_top1,stress,2.696635699721472
2025-10-24,t5_neighbor_top1,stress,2.7402441165566076
2025-10-27,t5_neighbor_top1,stress,2.7892566129503025
2025-10-28,t5_neighbor_top1,stress,2.780345249969631
2025-10-29,t5_neighbor_top1,stress,2.9006486502087014
2025-10-30,t5_neighbor_top1,stress,2.82379039521426
2025-10-31,t5_neighbor_top1,stress,2.6517527450856604
2025-11-03,t5_neighbor_top1,stress,2.7229407382423223
2025-11-04,t5_neighbor_top1,stress,2.5924294174551084
2025-11-05,t5_neighbor_top1,stress,2.6873467416639913
2025-11-06,t5_neighbor_top1,stress,2.6932790744270463
2025-11-07,t5_neighbor_top1,stress,2.6932790744270463
2025-11-10,t5_neighbor_top1,stress,2.7051437399531566
2025-11-11,t5_neighbor_top1,stress,2.657748642391624
2025-11-12,t5_neighbor_top1,stress,2.6130464481006332
2025-11-13,t5_neighbor_top1,stress,2.629301791479175
2025-11-14,t5_neighbor_top1,stress,2.5764719254989132
2025-11-17,t5_neighbor_top1,stress,2.5561527462757354
2025-11-18,t5_neighbor_top1,stress,2.519578223674016
2025-11-19,t5_neighbor_top1,stress,2.51551438782938
2025-11-20,t5_neighbor_top1,stress,2.4423653426259406
2025-11-21,t5_neighbor_top1,stress,2.381407804956408
2025-11-24,t5_neighbor_top1,stress,2.413918491713492
2025-11-25,t5_neighbor_top1,stress,2.446429178470576
2025-11-26,t5_neighbor_top1,stress,2.45777042818811
2025-11-27,t5_neighbor_top1,stress,2.492640847584908
2025-11-28,t5_neighbor_top1,stress,2.569271992344136
2025-12-01,t5_neighbor_top1,stress,2.5926870643538997
2025-12-02,t5_neighbor_top1,stress,2.6012016359938137
2025-12-03,t5_neighbor_top1,stress,2.5437282774243926
2025-12-04,t5_neighbor_top1,stress,2.63738856546345
2025-12-05,t5_neighbor_top1,stress,2.794908140801864
2025-12-08,t5_neighbor_top1,stress,2.7289202105925283
2025-12-09,t5_neighbor_top1,stress,2.7693644258821206
2025-12-10,t5_neighbor_top1,stress,2.780178134592708
2025-12-11,t5_neighbor_top1,stress,2.659776719315071
2025-12-12,t5_neighbor_top1,stress,2.670722302522129
2025-12-15,t5_neighbor_top1,stress,2.7034203377693165
2025-12-16,t5_neighbor_top1,stress,2.673842434730265
2025-12-17,t5_neighbor_top1,stress,2.662011273514644
2025-12-18,t5_neighbor_top1,stress,2.7763791652656433
2025-12-19,t5_neighbor_top1,stress,2.849337992761971
2025-12-22,t5_neighbor_top1,stress,2.8079289285072986
2025-12-23,t5_neighbor_top1,stress,2.662011273514644
2025-12-24,t5_neighbor_top1,stress,2.8296193907359366
2025-12-25,t5_neighbor_top1,stress,3.052439593630125
2025-12-26,t5_neighbor_top1,stress,3.07215819565616
2025-12-29,t5_neighbor_top1,stress,3.117510980316039
2025-12-30,t5_neighbor_top1,stress,3.133285861936866
2025-12-31,t5_neighbor_top1,stress,3.4113181505039507
2026-01-05,t5_neighbor_top1,stress,3.3521623444258473
2026-01-06,t5_neighbor_top1,stress,3.478361397392467
2026-01-07,t5_neighbor_top1,stress,3.464558375974243
2026-01-08,t5_neighbor_top1,stress,3.77808414818819
2026-01-09,t5_neighbor_top1,stress,4.121187823441188
2026-01-12,t5_neighbor_top1,stress,4.39724825180567
2026-01-13,t5_neighbor_top1,stress,4.115272242833378
2026-01-14,t5_neighbor_top1,stress,4.0225948133110165
2026-01-15,t5_neighbor_top1,stress,3.8806208787235685
2026-01-16,t5_neighbor_top1,stress,3.801746470619431
2026-01-19,t5_neighbor_top1,stress,3.937804824599069
2026-01-20,t5_neighbor_top1,stress,3.766116875491205
2026-01-21,t5_neighbor_top1,stress,3.7823670450179487
2026-01-22,t5_neighbor_top1,stress,3.6213405189799883
2026-01-23,t5_neighbor_top1,stress,3.6903915034520645
2026-01-26,t5_neighbor_top1,stress,3.5522895345079126
2026-01-27,t5_neighbor_top1,stress,3.6827191718440564
2026-01-28,t5_neighbor_top1,stress,3.6870180658189713
2026-01-29,t5_neighbor_top1,stress,3.5680819991796495
2026-01-30,t5_neighbor_top1,stress,3.615656425835378
2026-02-02,t5_neighbor_top1,stress,3.6701990466774825
2026-02-03,t5_neighbor_top1,stress,3.823296063375336
2026-02-04,t5_neighbor_top1,stress,3.79900574531069
2026-02-05,t5_neighbor_top1,stress,3.604683200793519
2026-02-06,t5_neighbor_top1,stress,3.7649993000201842
2026-02-09,t5_neighbor_top1,stress,3.7941476816977606
2026-02-10,t5_neighbor_top1,stress,3.9012941505473075
2026-02-11,t5_neighbor_top1,stress,3.818247109243801
2026-02-12,t5_neighbor_top1,stress,3.840414001024607
2026-02-13,t5_neighbor_top1,stress,3.7816894241552967
2026-02-24,t5_neighbor_top1,stress,3.908434969776619
2026-02-25,t5_neighbor_top1,stress,3.8680242544677372
2026-02-26,t5_neighbor_top1,stress,4.014886553247268
2026-02-27,t5_neighbor_top1,stress,4.005505977188279
2026-03-02,t5_neighbor_top1,stress,4.128384870670213
2026-03-03,t5_neighbor_top1,stress,3.873313036555577
2026-03-04,t5_neighbor_top1,stress,4.118937765703004
2026-03-05,t5_neighbor_top1,stress,4.232303025309509
2026-03-06,t5_neighbor_top1,stress,4.098590155004401
2026-03-09,t5_neighbor_top1,stress,4.176506061596932
2026-03-10,t5_neighbor_top1,stress,4.23831481937955
2026-03-11,t5_neighbor_top1,stress,4.161482314279468
2026-03-12,t5_neighbor_top1,stress,4.014248418821487
2026-03-13,t5_neighbor_top1,stress,3.903385192806363
2026-03-16,t5_neighbor_top1,stress,3.827683683282264
2026-03-17,t5_neighbor_top1,stress,3.6035200935465084
2026-03-18,t5_neighbor_top1,stress,3.577591997508535
2026-03-19,t5_neighbor_top1,stress,3.542146272001921
2026-03-20,t5_neighbor_top1,stress,3.4108608046208277
2026-03-23,t5_neighbor_top1,stress,3.378815991339142
2026-03-24,t5_neighbor_top1,stress,3.5568962191286624
2026-03-25,t5_neighbor_top1,stress,3.4915120974535037
2026-03-26,t5_neighbor_top1,stress,3.40075388283526
2026-03-27,t5_neighbor_top1,stress,3.3425731628009
2026-03-30,t5_neighbor_top1,stress,3.461454871882265
2026-03-31,t5_neighbor_top1,stress,3.498152976097967
2026-04-01,t5_neighbor_top1,stress,3.563274629872817
2026-04-02,t5_neighbor_top1,stress,3.614592992178141
2026-04-03,t5_neighbor_top1,stress,3.5570566358803313
2026-04-07,t5_neighbor_top1,stress,3.5324551210193653
2026-04-08,t5_neighbor_top1,stress,3.5324551210193653
2026-04-09,t5_neighbor_top1,stress,3.54117723242929
2026-04-10,t5_neighbor_top1,stress,3.5718255957901417
2026-04-13,t5_neighbor_top1,stress,3.5608866630104017
2026-04-14,t5_neighbor_top1,stress,3.636477973848606
2026-04-15,t5_neighbor_top1,stress,3.4652033838448966
2026-04-16,t5_neighbor_top1,stress,3.607899473664678
2026-04-17,t5_neighbor_top1,stress,3.7663782873236036
2026-04-20,t5_neighbor_top1,stress,3.720470440081673
2026-04-21,t5_neighbor_top1,stress,3.901351515665344
2026-04-22,t5_neighbor_top1,stress,4.054941580489636
2026-04-23,t5_neighbor_top1,stress,3.89835380682551
2026-04-24,t5_neighbor_top1,stress,3.9152326441582566
2026-04-27,t5_neighbor_top1,stress,3.7992701165735703
2026-04-28,t5_neighbor_top1,stress,3.703584795119125
2026-04-29,t5_neighbor_top1,stress,3.842731059304182
2026-04-30,t5_neighbor_top1,stress,3.8542018982871795
2026-05-06,t5_neighbor_top1,stress,3.756595486577309
2026-05-07,t5_neighbor_top1,stress,3.740735929756545
2026-05-08,t5_neighbor_top1,stress,3.768681292509101
2026-05-11,t5_neighbor_top1,stress,3.7748459838272734
2026-05-12,t5_neighbor_top1,stress,3.663316443396013
2026-05-13,t5_neighbor_top1,stress,3.92355203773562
2026-05-14,t5_neighbor_top1,stress,3.838111558975216
2026-05-15,t5_neighbor_top1,stress,4.121913434819657
2026-05-18,t5_neighbor_top1,stress,4.0400211149225775
2026-05-19,t5_neighbor_top1,stress,4.3625701756666295
2026-05-20,t5_neighbor_top1,stress,4.600775305404274
2026-05-21,t5_neighbor_top1,stress,4.161144181874178
2026-05-22,t5_neighbor_top1,stress,4.184007611444915
2026-05-25,t5_neighbor_top1,stress,4.210061418042208
2026-05-26,t5_neighbor_top1,stress,4.067599971795134
2026-05-27,t5_neighbor_top1,stress,3.9886376985165675
2026-05-28,t5_neighbor_top1,stress,4.136365020683848
2026-05-29,t5_neighbor_top1,stress,3.7604724627084636
2026-06-01,t5_neighbor_top1,stress,3.7266169933705116
2026-06-02,t5_neighbor_top1,stress,3.791540634369998
2026-06-03,t5_neighbor_top1,stress,3.85923151252684
2026-06-04,t5_neighbor_top1,stress,3.770623135944303
2026-06-05,t5_neighbor_top1,stress,3.546114273652198
2026-06-08,t5_neighbor_top1,stress,3.5125522184040006
2026-06-09,t5_neighbor_top1,stress,3.745694817024348
2026-06-10,t5_neighbor_top1,stress,3.6076197299471624
2026-06-11,t5_neighbor_top1,stress,3.8259792962283576
2026-06-12,t5_neighbor_top1,stress,3.886455101394174
2026-06-15,t5_neighbor_top1,stress,4.128660364441604
2026-06-16,t5_neighbor_top1,stress,4.035743310921761
2026-06-17,t5_neighbor_top1,stress,4.206631586780316
2026-06-18,t5_neighbor_top1,stress,4.569496664213349
2026-06-22,t5_neighbor_top1,stress,4.538667528234917
2026-06-23,t5_neighbor_top1,stress,4.5674961703099335
2026-06-24,t5_neighbor_top1,stress,4.895307293436351
2026-06-25,t5_neighbor_top1,stress,4.9682817300717455
2026-06-26,t5_neighbor_top1,stress,5.308972821334274
2026-06-29,t5_neighbor_top1,stress,5.626317300290955
2026-06-30,t5_neighbor_top1,stress,5.820210423655529
2026-07-01,t5_neighbor_top1,stress,5.416600079592463
2026-07-02,t5_neighbor_top1,stress,4.885026364077815
2026-07-03,t5_neighbor_top1,stress,4.983739967960964
2026-07-06,t5_neighbor_top1,stress,4.7394721449158475
2026-07-07,t5_neighbor_top1,stress,4.993955781683026
2026-07-08,t5_neighbor_top1,stress,5.202917048773982
2026-07-09,t5_neighbor_top1,stress,5.592193215058464
2026-07-10,t5_neighbor_top1,stress,5.004912348462667
2026-07-13,t5_neighbor_top1,stress,4.977356001782225
2026-07-14,t5_neighbor_top1,stress,5.06615962569022
2026-07-15,t5_neighbor_top1,stress,4.431270610981627
2026-07-16,t5_neighbor_top1,stress,4.152788771672302
2025-08-11,t5_neighbor_top3,base,1.5401024394099467
2025-08-12,t5_neighbor_top3,base,1.5883531877498056
2025-08-13,t5_neighbor_top3,base,1.6118315733733066
2025-08-14,t5_neighbor_top3,base,1.6163929261593633
2025-08-15,t5_neighbor_top3,base,1.6499111506053339
2025-08-18,t5_neighbor_top3,base,1.6671253785173383
2025-08-19,t5_neighbor_top3,base,1.6917079368818615
2025-08-20,t5_neighbor_top3,base,1.7397792601299857
2025-08-21,t5_neighbor_top3,base,1.7612047543991725
2025-08-22,t5_neighbor_top3,base,1.8054634744482594
2025-08-25,t5_neighbor_top3,base,1.8100449228179216
2025-08-26,t5_neighbor_top3,base,1.8223614861608237
2025-08-27,t5_neighbor_top3,base,1.8369169469985909
2025-08-28,t5_neighbor_top3,base,1.8501858093446621
2025-08-29,t5_neighbor_top3,base,1.884547981882646
2025-09-01,t5_neighbor_top3,base,1.8815175287546755
2025-09-02,t5_neighbor_top3,base,1.8719153422341117
2025-09-03,t5_neighbor_top3,base,1.831355440240874
2025-09-04,t5_neighbor_top3,base,1.7754862539782466
2025-09-05,t5_neighbor_top3,base,1.7657607694185944
2025-09-08,t5_neighbor_top3,base,1.7455265816825618
2025-09-09,t5_neighbor_top3,base,1.7569006489152867
2025-09-10,t5_neighbor_top3,base,1.8107131614771315
2025-09-11,t5_neighbor_top3,base,1.86003398142048
2025-09-12,t5_neighbor_top3,base,1.8563198788425752
2025-09-15,t5_neighbor_top3,base,1.8418825325969543
2025-09-16,t5_neighbor_top3,base,1.8504315741392314
2025-09-17,t5_neighbor_top3,base,1.8625325697968969
2025-09-18,t5_neighbor_top3,base,1.8666492701817163
2025-09-19,t5_neighbor_top3,base,1.8496102185457823
2025-09-22,t5_neighbor_top3,base,1.8906674572739532
2025-09-23,t5_neighbor_top3,base,1.9458459748196364
2025-09-24,t5_neighbor_top3,base,1.9733590260409035
2025-09-25,t5_neighbor_top3,base,1.9543128182057883
2025-09-26,t5_neighbor_top3,base,1.9257242228075075
2025-09-29,t5_neighbor_top3,base,1.9608831243560607
2025-09-30,t5_neighbor_top3,base,2.0275097906581183
2025-10-09,t5_neighbor_top3,base,1.9944568942130512
2025-10-10,t5_neighbor_top3,base,1.9715389455067363
2025-10-13,t5_neighbor_top3,base,2.037409701600463
2025-10-14,t5_neighbor_top3,base,2.001528868318708
2025-10-15,t5_neighbor_top3,base,2.040206361566288
2025-10-16,t5_neighbor_top3,base,1.964526805290775
2025-10-17,t5_neighbor_top3,base,1.9799051311386004
2025-10-20,t5_neighbor_top3,base,2.0325508464880295
2025-10-21,t5_neighbor_top3,base,2.033244803166478
2025-10-22,t5_neighbor_top3,base,2.0017531802826105
2025-10-23,t5_neighbor_top3,base,2.0533641586735905
2025-10-24,t5_neighbor_top3,base,2.1274117649345095
2025-10-27,t5_neighbor_top3,base,2.145623835782339
2025-10-28,t5_neighbor_top3,base,2.176492057922138
2025-10-29,t5_neighbor_top3,base,2.170627655049957
2025-10-30,t5_neighbor_top3,base,2.114427000880878
2025-10-31,t5_neighbor_top3,base,2.092828924354648
2025-11-03,t5_neighbor_top3,base,2.1018971547982748
2025-11-04,t5_neighbor_top3,base,2.0707661637198322
2025-11-05,t5_neighbor_top3,base,2.13091327514785
2025-11-06,t5_neighbor_top3,base,2.1362494706562964
2025-11-07,t5_neighbor_top3,base,2.1403527254128014
2025-11-10,t5_neighbor_top3,base,2.1201145233003977
2025-11-11,t5_neighbor_top3,base,2.068557975538869
2025-11-12,t5_neighbor_top3,base,2.0776422110904016
2025-11-13,t5_neighbor_top3,base,2.05606265306133
2025-11-14,t5_neighbor_top3,base,2.038420162048368
2025-11-17,t5_neighbor_top3,base,2.0258439644881534
2025-11-18,t5_neighbor_top3,base,2.0206762263885096
2025-11-19,t5_neighbor_top3,base,2.012033601474798
2025-11-20,t5_neighbor_top3,base,1.936483339899319
2025-11-21,t5_neighbor_top3,base,1.9357425379190363
2025-11-24,t5_neighbor_top3,base,1.9717644873869495
2025-11-25,t5_neighbor_top3,base,1.9765545708041359
2025-11-26,t5_neighbor_top3,base,1.9765840140833542
2025-11-27,t5_neighbor_top3,base,1.9871647062273499
2025-11-28,t5_neighbor_top3,base,2.03191605596565
2025-12-01,t5_neighbor_top3,base,2.0452782642854768
2025-12-02,t5_neighbor_top3,base,2.034012205378291
2025-12-03,t5_neighbor_top3,base,2.034367240818955
2025-12-04,t5_neighbor_top3,base,2.0780430033467563
2025-12-05,t5_neighbor_top3,base,2.139889448927132
2025-12-08,t5_neighbor_top3,base,2.1573045651264007
2025-12-09,t5_neighbor_top3,base,2.1696423059465113
2025-12-10,t5_neighbor_top3,base,2.175159498357819
2025-12-11,t5_neighbor_top3,base,2.174966029639334
2025-12-12,t5_neighbor_top3,base,2.19136783893534
2025-12-15,t5_neighbor_top3,base,2.1565617506372976
2025-12-16,t5_neighbor_top3,base,2.1631733993488576
2025-12-17,t5_neighbor_top3,base,2.183726010069992
2025-12-18,t5_neighbor_top3,base,2.203519051796954
2025-12-19,t5_neighbor_top3,base,2.24677889742425
2025-12-22,t5_neighbor_top3,base,2.2601227843991576
2025-12-23,t5_neighbor_top3,base,2.270419192452216
2025-12-24,t5_neighbor_top3,base,2.3312637262210374
2025-12-25,t5_neighbor_top3,base,2.3569956581470652
2025-12-26,t5_neighbor_top3,base,2.356792166707263
2025-12-29,t5_neighbor_top3,base,2.3654810518290637
2025-12-30,t5_neighbor_top3,base,2.3847969876218333
2025-12-31,t5_neighbor_top3,base,2.445364241804398
2026-01-05,t5_neighbor_top3,base,2.5035779723875526
2026-01-06,t5_neighbor_top3,base,2.5661938402283453
2026-01-07,t5_neighbor_top3,base,2.6125924140161523
2026-01-08,t5_neighbor_top3,base,2.6794557874013467
2026-01-09,t5_neighbor_top3,base,2.799437120258239
2026-01-12,t5_neighbor_top3,base,2.7993961489417427
2026-01-13,t5_neighbor_top3,base,2.7872501535834653
2026-01-14,t5_neighbor_top3,base,2.7142022339761036
2026-01-15,t5_neighbor_top3,base,2.7697586920541064
2026-01-16,t5_neighbor_top3,base,2.784003304513491
2026-01-19,t5_neighbor_top3,base,2.7717000783743355
2026-01-20,t5_neighbor_top3,base,2.7512871702081148
2026-01-21,t5_neighbor_top3,base,2.754869121230719
2026-01-22,t5_neighbor_top3,base,2.8158637012366037
2026-01-23,t5_neighbor_top3,base,2.80964636224354
2026-01-26,t5_neighbor_top3,base,2.7557567136992143
2026-01-27,t5_neighbor_top3,base,2.789152269634771
2026-01-28,t5_neighbor_top3,base,2.739472567777126
2026-01-29,t5_neighbor_top3,base,2.670904254451817
2026-01-30,t5_neighbor_top3,base,2.683006592268776
2026-02-02,t5_neighbor_top3,base,2.693671176160065
2026-02-03,t5_neighbor_top3,base,2.6959171397063977
2026-02-04,t5_neighbor_top3,base,2.641912996197365
2026-02-05,t5_neighbor_top3,base,2.619224792670226
2026-02-06,t5_neighbor_top3,base,2.7020880360420074
2026-02-09,t5_neighbor_top3,base,2.7405914820498376
2026-02-10,t5_neighbor_top3,base,2.750314586125262
2026-02-11,t5_neighbor_top3,base,2.7598519315669434
2026-02-12,t5_neighbor_top3,base,2.7128897163879104
2026-02-13,t5_neighbor_top3,base,2.7318029451172436
2026-02-24,t5_neighbor_top3,base,2.7235237262159715
2026-02-25,t5_neighbor_top3,base,2.7542870380508817
2026-02-26,t5_neighbor_top3,base,2.7313394377931757
2026-02-27,t5_neighbor_top3,base,2.733266094158837
2026-03-02,t5_neighbor_top3,base,2.722118732634266
2026-03-03,t5_neighbor_top3,base,2.639539813472092
2026-03-04,t5_neighbor_top3,base,2.721540986363001
2026-03-05,t5_neighbor_top3,base,2.6855275274713057
2026-03-06,t5_neighbor_top3,base,2.5823186160111553
2026-03-09,t5_neighbor_top3,base,2.649445044952409
2026-03-10,t5_neighbor_top3,base,2.661227358851127
2026-03-11,t5_neighbor_top3,base,2.5645807381463652
2026-03-12,t5_neighbor_top3,base,2.4997803054316283
2026-03-13,t5_neighbor_top3,base,2.4663973978741334
2026-03-16,t5_neighbor_top3,base,2.4183121218618573
2026-03-17,t5_neighbor_top3,base,2.374050101821553
2026-03-18,t5_neighbor_top3,base,2.369630023016653
2026-03-19,t5_neighbor_top3,base,2.3615189839314743
2026-03-20,t5_neighbor_top3,base,2.251018289934751
2026-03-23,t5_neighbor_top3,base,2.240572452429581
2026-03-24,t5_neighbor_top3,base,2.3031844837235163
2026-03-25,t5_neighbor_top3,base,2.257025109160816
2026-03-26,t5_neighbor_top3,base,2.219274720535506
2026-03-27,t5_neighbor_top3,base,2.2244840421490313
2026-03-30,t5_neighbor_top3,base,2.2205928844477674
2026-03-31,t5_neighbor_top3,base,2.256148797736781
2026-04-01,t5_neighbor_top3,base,2.3036292105557856
2026-04-02,t5_neighbor_top3,base,2.3085650659507824
2026-04-03,t5_neighbor_top3,base,2.270463098258503
2026-04-07,t5_neighbor_top3,base,2.2719479894206875
2026-04-08,t5_neighbor_top3,base,2.2777400710342075
2026-04-09,t5_neighbor_top3,base,2.3164827480976022
2026-04-10,t5_neighbor_top3,base,2.3108686403275542
2026-04-13,t5_neighbor_top3,base,2.3472403593155846
2026-04-14,t5_neighbor_top3,base,2.3422388851526033
2026-04-15,t5_neighbor_top3,base,2.301751495950811
2026-04-16,t5_neighbor_top3,base,2.369096107978451
2026-04-17,t5_neighbor_top3,base,2.415810866529775
2026-04-20,t5_neighbor_top3,base,2.463914772689842
2026-04-21,t5_neighbor_top3,base,2.526580193865533
2026-04-22,t5_neighbor_top3,base,2.5260831422335515
2026-04-23,t5_neighbor_top3,base,2.4790085741088554
2026-04-24,t5_neighbor_top3,base,2.4614537720629293
2026-04-27,t5_neighbor_top3,base,2.4510436660989763
2026-04-28,t5_neighbor_top3,base,2.413249342442534
2026-04-29,t5_neighbor_top3,base,2.486941302587919
2026-04-30,t5_neighbor_top3,base,2.549516823378175
2026-05-06,t5_neighbor_top3,base,2.5306415899240844
2026-05-07,t5_neighbor_top3,base,2.5600702665624877
2026-05-08,t5_neighbor_top3,base,2.605358371504344
2026-05-11,t5_neighbor_top3,base,2.583443508594224
2026-05-12,t5_neighbor_top3,base,2.557512059750078
2026-05-13,t5_neighbor_top3,base,2.5599313169586257
2026-05-14,t5_neighbor_top3,base,2.5758394616816394
2026-05-15,t5_neighbor_top3,base,2.629146015784944
2026-05-18,t5_neighbor_top3,base,2.6703929994405295
2026-05-19,t5_neighbor_top3,base,2.716692206298964
2026-05-20,t5_neighbor_top3,base,2.656659384225265
2026-05-21,t5_neighbor_top3,base,2.58658715447839
2026-05-22,t5_neighbor_top3,base,2.6551115359215482
2026-05-25,t5_neighbor_top3,base,2.603706827746441
2026-05-26,t5_neighbor_top3,base,2.5839730491399076
2026-05-27,t5_neighbor_top3,base,2.6065369697773333
2026-05-28,t5_neighbor_top3,base,2.5749260848618367
2026-05-29,t5_neighbor_top3,base,2.4993663099667622
2026-06-01,t5_neighbor_top3,base,2.5463800386829063
2026-06-02,t5_neighbor_top3,base,2.6452067872706886
2026-06-03,t5_neighbor_top3,base,2.6352872396118174
2026-06-04,t5_neighbor_top3,base,2.65217953346787
2026-06-05,t5_neighbor_top3,base,2.5555498613165937
2026-06-08,t5_neighbor_top3,base,2.6692829741743624
2026-06-09,t5_neighbor_top3,base,2.726305484033576
2026-06-10,t5_neighbor_top3,base,2.755224314293605
2026-06-11,t5_neighbor_top3,base,2.8528874465338885
2026-06-12,t5_neighbor_top3,base,2.9130483349422422
2026-06-15,t5_neighbor_top3,base,2.9647896677390775
2026-06-16,t5_neighbor_top3,base,2.9965130644990294
2026-06-17,t5_neighbor_top3,base,3.1420408427474458
2026-06-18,t5_neighbor_top3,base,3.2467188001922245
2026-06-22,t5_neighbor_top3,base,3.2283079863156177
2026-06-23,t5_neighbor_top3,base,3.2430665517480937
2026-06-24,t5_neighbor_top3,base,3.3581229515760307
2026-06-25,t5_neighbor_top3,base,3.3451300137782236
2026-06-26,t5_neighbor_top3,base,3.33263131248876
2026-06-29,t5_neighbor_top3,base,3.4538527290893026
2026-06-30,t5_neighbor_top3,base,3.488121328497075
2026-07-01,t5_neighbor_top3,base,3.1666806569132846
2026-07-02,t5_neighbor_top3,base,3.0577433345393925
2026-07-03,t5_neighbor_top3,base,3.087076708837024
2026-07-06,t5_neighbor_top3,base,3.035197271168398
2026-07-07,t5_neighbor_top3,base,3.0171813070238644
2026-07-08,t5_neighbor_top3,base,3.04531115238982
2026-07-09,t5_neighbor_top3,base,3.131312128849441
2026-07-10,t5_neighbor_top3,base,2.9335421177176024
2026-07-13,t5_neighbor_top3,base,2.783346620074291
2026-07-14,t5_neighbor_top3,base,2.721912203533485
2026-07-15,t5_neighbor_top3,base,2.5775889838473294
2026-07-16,t5_neighbor_top3,base,2.4136322562071726
2025-08-11,t5_neighbor_top3,stress,1.40689465655838
2025-08-12,t5_neighbor_top3,stress,1.4403801578251585
2025-08-13,t5_neighbor_top3,stress,1.482629361980375
2025-08-14,t5_neighbor_top3,stress,1.4843201571377838
2025-08-15,t5_neighbor_top3,stress,1.5159514017137625
2025-08-18,t5_neighbor_top3,stress,1.5244820147721245
2025-08-19,t5_neighbor_top3,stress,1.5440393668576178
2025-08-20,t5_neighbor_top3,stress,1.6024753332499546
2025-08-21,t5_neighbor_top3,stress,1.6205173688047165
2025-08-22,t5_neighbor_top3,stress,1.6689425777521905
2025-08-25,t5_neighbor_top3,stress,1.6816858291648684
2025-08-26,t5_neighbor_top3,stress,1.6749001937877166
2025-08-27,t5_neighbor_top3,stress,1.6528138591657604
2025-08-28,t5_neighbor_top3,stress,1.7347306959300637
2025-08-29,t5_neighbor_top3,stress,1.7135515779039523
2025-09-01,t5_neighbor_top3,stress,1.7664921558937965
2025-09-02,t5_neighbor_top3,stress,1.7082400132358826
2025-09-03,t5_neighbor_top3,stress,1.7637101263491477
2025-09-04,t5_neighbor_top3,stress,1.6210110579252985
2025-09-05,t5_neighbor_top3,stress,1.6478214511363805
2025-09-08,t5_neighbor_top3,stress,1.620504064943893
2025-09-09,t5_neighbor_top3,stress,1.6388888278346492
2025-09-10,t5_neighbor_top3,stress,1.6126679261418682
2025-09-11,t5_neighbor_top3,stress,1.726821915254517
2025-09-12,t5_neighbor_top3,stress,1.7247975892325647
2025-09-15,t5_neighbor_top3,stress,1.6972480016575795
2025-09-16,t5_neighbor_top3,stress,1.685503205448141
2025-09-17,t5_neighbor_top3,stress,1.6977552906616673
2025-09-18,t5_neighbor_top3,stress,1.7225988464264246
2025-09-19,t5_neighbor_top3,stress,1.7082005662110946
2025-09-22,t5_neighbor_top3,stress,1.725203445634568
2025-09-23,t5_neighbor_top3,stress,1.7437600946976273
2025-09-24,t5_neighbor_top3,stress,1.7940019893160866
2025-09-25,t5_neighbor_top3,stress,1.800013489719667
2025-09-26,t5_neighbor_top3,stress,1.7563449139499714
2025-09-29,t5_neighbor_top3,stress,1.7747615697215007
2025-09-30,t5_neighbor_top3,stress,1.8179576218917932
2025-10-09,t5_neighbor_top3,stress,1.8386190644069058
2025-10-10,t5_neighbor_top3,stress,1.7368414714906322
2025-10-13,t5_neighbor_top3,stress,1.9025720896973304
2025-10-14,t5_neighbor_top3,stress,1.8314691624880102
2025-10-15,t5_neighbor_top3,stress,1.8957076652457587
2025-10-16,t5_neighbor_top3,stress,1.849252174354244
2025-10-17,t5_neighbor_top3,stress,1.7890661954283271
2025-10-20,t5_neighbor_top3,stress,1.8622797229970942
2025-10-21,t5_neighbor_top3,stress,1.8883231638883748
2025-10-22,t5_neighbor_top3,stress,1.8664981904269151
2025-10-23,t5_neighbor_top3,stress,1.8980248580059629
2025-10-24,t5_neighbor_top3,stress,1.9678337450471992
2025-10-27,t5_neighbor_top3,stress,1.990540370701368
2025-10-28,t5_neighbor_top3,stress,2.016380549001496
2025-10-29,t5_neighbor_top3,stress,2.039793852562415
2025-10-30,t5_neighbor_top3,stress,1.9936819190110344
2025-10-31,t5_neighbor_top3,stress,1.9373806828562798
2025-11-03,t5_neighbor_top3,stress,1.9700046639531388
2025-11-04,t5_neighbor_top3,stress,1.9071209737370483
2025-11-05,t5_neighbor_top3,stress,1.9719280806238837
2025-11-06,t5_neighbor_top3,stress,1.985421403553384
2025-11-07,t5_neighbor_top3,stress,2.0106396248305387
2025-11-10,t5_neighbor_top3,stress,1.9991728607869548
2025-11-11,t5_neighbor_top3,stress,1.935945479398529
2025-11-12,t5_neighbor_top3,stress,1.936261111382221
2025-11-13,t5_neighbor_top3,stress,1.9339327837922504
2025-11-14,t5_neighbor_top3,stress,1.9104730292312755
2025-11-17,t5_neighbor_top3,stress,1.8951760979088925
2025-11-18,t5_neighbor_top3,stress,1.8906874286471755
2025-11-19,t5_neighbor_top3,stress,1.89954275973633
2025-11-20,t5_neighbor_top3,stress,1.834060220539411
2025-11-21,t5_neighbor_top3,stress,1.7990981678782954
2025-11-24,t5_neighbor_top3,stress,1.837557175670285
2025-11-25,t5_neighbor_top3,stress,1.8564136279558379
2025-11-26,t5_neighbor_top3,stress,1.8455360209756921
2025-11-27,t5_neighbor_top3,stress,1.8520438363859213
2025-11-28,t5_neighbor_top3,stress,1.8944001758719158
2025-12-01,t5_neighbor_top3,stress,1.9167476986027485
2025-12-02,t5_neighbor_top3,stress,1.919441568055545
2025-12-03,t5_neighbor_top3,stress,1.8916030849806604
2025-12-04,t5_neighbor_top3,stress,1.9349835284471215
2025-12-05,t5_neighbor_top3,stress,1.9870659850440182
2025-12-08,t5_neighbor_top3,stress,2.009082548522618
2025-12-09,t5_neighbor_top3,stress,2.031273274547104
2025-12-10,t5_neighbor_top3,stress,2.0611772162866995
2025-12-11,t5_neighbor_top3,stress,2.018739775759704
2025-12-12,t5_neighbor_top3,stress,2.054883860186117
2025-12-15,t5_neighbor_top3,stress,2.0482497802998023
2025-12-16,t5_neighbor_top3,stress,2.007286789451106
2025-12-17,t5_neighbor_top3,stress,2.036959123645995
2025-12-18,t5_neighbor_top3,stress,2.0712987150882274
2025-12-19,t5_neighbor_top3,stress,2.0890516455105392
2025-12-22,t5_neighbor_top3,stress,2.132214689313569
2025-12-23,t5_neighbor_top3,stress,2.107625561425563
2025-12-24,t5_neighbor_top3,stress,2.16455153663398
2025-12-25,t5_neighbor_top3,stress,2.214027563073065
2025-12-26,t5_neighbor_top3,stress,2.203765243751357
2025-12-29,t5_neighbor_top3,stress,2.207532551625793
2025-12-30,t5_neighbor_top3,stress,2.227921036508639
2025-12-31,t5_neighbor_top3,stress,2.2928920984448693
2026-01-05,t5_neighbor_top3,stress,2.326808026832792
2026-01-06,t5_neighbor_top3,stress,2.408488331404038
2026-01-07,t5_neighbor_top3,stress,2.431670376160943
2026-01-08,t5_neighbor_top3,stress,2.4959375758732683
2026-01-09,t5_neighbor_top3,stress,2.6072572062892037
2026-01-12,t5_neighbor_top3,stress,2.6912782298741162
2026-01-13,t5_neighbor_top3,stress,2.5985283948018165
2026-01-14,t5_neighbor_top3,stress,2.5784354618547853
2026-01-15,t5_neighbor_top3,stress,2.6915752843164436
2026-01-16,t5_neighbor_top3,stress,2.713917548413235
2026-01-19,t5_neighbor_top3,stress,2.7242128001742234
2026-01-20,t5_neighbor_top3,stress,2.663093937946746
2026-01-21,t5_neighbor_top3,stress,2.7043805394199567
2026-01-22,t5_neighbor_top3,stress,2.707359794357788
2026-01-23,t5_neighbor_top3,stress,2.8006162934133303
2026-01-26,t5_neighbor_top3,stress,2.6836669690937853
2026-01-27,t5_neighbor_top3,stress,2.7460351876216977
2026-01-28,t5_neighbor_top3,stress,2.7225916135019923
2026-01-29,t5_neighbor_top3,stress,2.6275028334869077
2026-01-30,t5_neighbor_top3,stress,2.6394897995385267
2026-02-02,t5_neighbor_top3,stress,2.6320224229579403
2026-02-03,t5_neighbor_top3,stress,2.6607365979165114
2026-02-04,t5_neighbor_top3,stress,2.6164459927445782
2026-02-05,t5_neighbor_top3,stress,2.5571707019114465
2026-02-06,t5_neighbor_top3,stress,2.659286536523399
2026-02-09,t5_neighbor_top3,stress,2.6866306197255083
2026-02-10,t5_neighbor_top3,stress,2.7425606185389135
2026-02-11,t5_neighbor_top3,stress,2.705686459642508
2026-02-12,t5_neighbor_top3,stress,2.7242724058162584
2026-02-13,t5_neighbor_top3,stress,2.6877634644270203
2026-02-24,t5_neighbor_top3,stress,2.7107931698950503
2026-02-25,t5_neighbor_top3,stress,2.699432477067483
2026-02-26,t5_neighbor_top3,stress,2.7193904377841114
2026-02-27,t5_neighbor_top3,stress,2.6602300960593874
2026-03-02,t5_neighbor_top3,stress,2.737476525980254
2026-03-03,t5_neighbor_top3,stress,2.577538687584912
2026-03-04,t5_neighbor_top3,stress,2.674742513621808
2026-03-05,t5_neighbor_top3,stress,2.684003613077848
2026-03-06,t5_neighbor_top3,stress,2.5661889634893527
2026-03-09,t5_neighbor_top3,stress,2.610864274847958
2026-03-10,t5_neighbor_top3,stress,2.6544298157882213
2026-03-11,t5_neighbor_top3,stress,2.5367957627214923
2026-03-12,t5_neighbor_top3,stress,2.482372314767452
2026-03-13,t5_neighbor_top3,stress,2.4484162570265253
2026-03-16,t5_neighbor_top3,stress,2.4616643945146515
2026-03-17,t5_neighbor_top3,stress,2.327117087851142
2026-03-18,t5_neighbor_top3,stress,2.338856328887024
2026-03-19,t5_neighbor_top3,stress,2.3538739559669914
2026-03-20,t5_neighbor_top3,stress,2.248580694561047
2026-03-23,t5_neighbor_top3,stress,2.210709730160015
2026-03-24,t5_neighbor_top3,stress,2.2956334749035583
2026-03-25,t5_neighbor_top3,stress,2.2561700086836125
2026-03-26,t5_neighbor_top3,stress,2.1690848236434155
2026-03-27,t5_neighbor_top3,stress,2.1736557325036654
2026-03-30,t5_neighbor_top3,stress,2.2318765460168195
2026-03-31,t5_neighbor_top3,stress,2.201253253845857
2026-04-01,t5_neighbor_top3,stress,2.2449832727097703
2026-04-02,t5_neighbor_top3,stress,2.2960899308336704
2026-04-03,t5_neighbor_top3,stress,2.232307305566316
2026-04-07,t5_neighbor_top3,stress,2.2223418448046766
2026-04-08,t5_neighbor_top3,stress,2.2223418448046766
2026-04-09,t5_neighbor_top3,stress,2.2250820936885294
2026-04-10,t5_neighbor_top3,stress,2.2095255935805524
2026-04-13,t5_neighbor_top3,stress,2.239311829274835
2026-04-14,t5_neighbor_top3,stress,2.2935395437006916
2026-04-15,t5_neighbor_top3,stress,2.198217670632714
2026-04-16,t5_neighbor_top3,stress,2.2482618783580604
2026-04-17,t5_neighbor_top3,stress,2.296183934798364
2026-04-20,t5_neighbor_top3,stress,2.3341701988232653
2026-04-21,t5_neighbor_top3,stress,2.403194895512452
2026-04-22,t5_neighbor_top3,stress,2.468149805766979
2026-04-23,t5_neighbor_top3,stress,2.4101915344310725
2026-04-24,t5_neighbor_top3,stress,2.4001594388864054
2026-04-27,t5_neighbor_top3,stress,2.3536305630523655
2026-04-28,t5_neighbor_top3,stress,2.310386097451761
2026-04-29,t5_neighbor_top3,stress,2.3608973987866544
2026-04-30,t5_neighbor_top3,stress,2.4688138541082068
2026-05-06,t5_neighbor_top3,stress,2.4172572845497986
2026-05-07,t5_neighbor_top3,stress,2.4463692321144075
2026-05-08,t5_neighbor_top3,stress,2.5061131605300226
2026-05-11,t5_neighbor_top3,stress,2.5236263845079403
2026-05-12,t5_neighbor_top3,stress,2.4089356643987214
2026-05-13,t5_neighbor_top3,stress,2.5089172883263946
2026-05-14,t5_neighbor_top3,stress,2.416185109894255
2026-05-15,t5_neighbor_top3,stress,2.4887933606763855
2026-05-18,t5_neighbor_top3,stress,2.5114950474308313
2026-05-19,t5_neighbor_top3,stress,2.5771293631267684
2026-05-20,t5_neighbor_top3,stress,2.620054956025076
2026-05-21,t5_neighbor_top3,stress,2.4417698115463553
2026-05-22,t5_neighbor_top3,stress,2.5550163881057317
2026-05-25,t5_neighbor_top3,stress,2.532529765860021
2026-05-26,t5_neighbor_top3,stress,2.460156902133521
2026-05-27,t5_neighbor_top3,stress,2.460806138932438
2026-05-28,t5_neighbor_top3,stress,2.546873962889903
2026-05-29,t5_neighbor_top3,stress,2.386312493205908
2026-06-01,t5_neighbor_top3,stress,2.4021679903695046
2026-06-02,t5_neighbor_top3,stress,2.4856487395924742
2026-06-03,t5_neighbor_top3,stress,2.4965774959977414
2026-06-04,t5_neighbor_top3,stress,2.528900462991831
2026-06-05,t5_neighbor_top3,stress,2.4395341476514676
2026-06-08,t5_neighbor_top3,stress,2.469468329573884
2026-06-09,t5_neighbor_top3,stress,2.6163700068335904
2026-06-10,t5_neighbor_top3,stress,2.5833250297303594
2026-06-11,t5_neighbor_top3,stress,2.7750650847152065
2026-06-12,t5_neighbor_top3,stress,2.7449681583067442
2026-06-15,t5_neighbor_top3,stress,2.8489827965883268
2026-06-16,t5_neighbor_top3,stress,2.789979895448088
2026-06-17,t5_neighbor_top3,stress,2.9189313884423598
2026-06-18,t5_neighbor_top3,stress,3.107672968832606
2026-06-22,t5_neighbor_top3,stress,3.1074674696724496
2026-06-23,t5_neighbor_top3,stress,3.0616061211740515
2026-06-24,t5_neighbor_top3,stress,3.193310824484503
2026-06-25,t5_neighbor_top3,stress,3.2190350172654196
2026-06-26,t5_neighbor_top3,stress,3.178156893340556
2026-06-29,t5_neighbor_top3,stress,3.1966148310598914
2026-06-30,t5_neighbor_top3,stress,3.324740664240043
2026-07-01,t5_neighbor_top3,stress,3.0324416760443706
2026-07-02,t5_neighbor_top3,stress,2.802080839179055
2026-07-03,t5_neighbor_top3,stress,2.9088236661119886
2026-07-06,t5_neighbor_top3,stress,2.772790827673781
2026-07-07,t5_neighbor_top3,stress,2.8198457493668556
2026-07-08,t5_neighbor_top3,stress,2.755942630377907
2026-07-09,t5_neighbor_top3,stress,2.8898761247339655
2026-07-10,t5_neighbor_top3,stress,2.762377334679605
2026-07-13,t5_neighbor_top3,stress,2.624682191865266
2026-07-14,t5_neighbor_top3,stress,2.5650031589448927
2026-07-15,t5_neighbor_top3,stress,2.424886409427547
2026-07-16,t5_neighbor_top3,stress,2.2976948659371996
2025-08-11,t5_neighbor_40i1,base,1.367263891655151
2025-08-12,t5_neighbor_40i1,base,1.4099566581152478
2025-08-13,t5_neighbor_40i1,base,1.4255687432234538
2025-08-14,t5_neighbor_40i1,base,1.4305501442535824
2025-08-15,t5_neighbor_40i1,base,1.4563278500994654
2025-08-18,t5_neighbor_40i1,base,1.479099940192493
2025-08-19,t5_neighbor_40i1,base,1.498638282125197
2025-08-20,t5_neighbor_40i1,base,1.5468142839335055
2025-08-21,t5_neighbor_40i1,base,1.566777918568638
2025-08-22,t5_neighbor_40i1,base,1.618733595643615
2025-08-25,t5_neighbor_40i1,base,1.6320404415629013
2025-08-26,t5_neighbor_40i1,base,1.6464142094267629
2025-08-27,t5_neighbor_40i1,base,1.6724665881692107
2025-08-28,t5_neighbor_40i1,base,1.6980213447608496
2025-08-29,t5_neighbor_40i1,base,1.744672615645467
2025-09-01,t5_neighbor_40i1,base,1.744478777913263
2025-09-02,t5_neighbor_40i1,base,1.731120340982919
2025-09-03,t5_neighbor_40i1,base,1.7070245942670432
2025-09-04,t5_neighbor_40i1,base,1.6483119100408263
2025-09-05,t5_neighbor_40i1,base,1.6322301542535331
2025-09-08,t5_neighbor_40i1,base,1.6077206889471978
2025-09-09,t5_neighbor_40i1,base,1.6292549866072585
2025-09-10,t5_neighbor_40i1,base,1.6920339824285198
2025-09-11,t5_neighbor_40i1,base,1.7335141273930796
2025-09-12,t5_neighbor_40i1,base,1.7149779291087688
2025-09-15,t5_neighbor_40i1,base,1.6898687781457744
2025-09-16,t5_neighbor_40i1,base,1.6860128387144424
2025-09-17,t5_neighbor_40i1,base,1.6985826629568728
2025-09-18,t5_neighbor_40i1,base,1.6998059565752786
2025-09-19,t5_neighbor_40i1,base,1.684248466615862
2025-09-22,t5_neighbor_40i1,base,1.70738824697199
2025-09-23,t5_neighbor_40i1,base,1.7921555521106747
2025-09-24,t5_neighbor_40i1,base,1.8154458609212558
2025-09-25,t5_neighbor_40i1,base,1.7904724983881628
2025-09-26,t5_neighbor_40i1,base,1.7656225689399034
2025-09-29,t5_neighbor_40i1,base,1.797226902556695
2025-09-30,t5_neighbor_40i1,base,1.8436360741779807
2025-10-09,t5_neighbor_40i1,base,1.7980473223013484
2025-10-10,t5_neighbor_40i1,base,1.7918553940111244
2025-10-13,t5_neighbor_40i1,base,1.8073783246091013
2025-10-14,t5_neighbor_40i1,base,1.7555827587707953
2025-10-15,t5_neighbor_40i1,base,1.782933965025014
2025-10-16,t5_neighbor_40i1,base,1.7262424546382211
2025-10-17,t5_neighbor_40i1,base,1.7094248932062148
2025-10-20,t5_neighbor_40i1,base,1.7276794456561093
2025-10-21,t5_neighbor_40i1,base,1.7325588553384361
2025-10-22,t5_neighbor_40i1,base,1.7092252788349793
2025-10-23,t5_neighbor_40i1,base,1.7460631836753813
2025-10-24,t5_neighbor_40i1,base,1.8225923221451783
2025-10-27,t5_neighbor_40i1,base,1.8350074775831213
2025-10-28,t5_neighbor_40i1,base,1.8688531660014096
2025-10-29,t5_neighbor_40i1,base,1.8591647616430367
2025-10-30,t5_neighbor_40i1,base,1.8251588503082476
2025-10-31,t5_neighbor_40i1,base,1.8035958220608195
2025-11-03,t5_neighbor_40i1,base,1.8200756183657287
2025-11-04,t5_neighbor_40i1,base,1.7958563800890421
2025-11-05,t5_neighbor_40i1,base,1.865760285181641
2025-11-06,t5_neighbor_40i1,base,1.8671788964290952
2025-11-07,t5_neighbor_40i1,base,1.8554794757838016
2025-11-10,t5_neighbor_40i1,base,1.8405970563574225
2025-11-11,t5_neighbor_40i1,base,1.7977162624242546
2025-11-12,t5_neighbor_40i1,base,1.800342124912776
2025-11-13,t5_neighbor_40i1,base,1.777625169420767
2025-11-14,t5_neighbor_40i1,base,1.7570150142848204
2025-11-17,t5_neighbor_40i1,base,1.7384080932493433
2025-11-18,t5_neighbor_40i1,base,1.7263575361569214
2025-11-19,t5_neighbor_40i1,base,1.7217941651105242
2025-11-20,t5_neighbor_40i1,base,1.6670578302539882
2025-11-21,t5_neighbor_40i1,base,1.6654954681418102
2025-11-24,t5_neighbor_40i1,base,1.700494563746481
2025-11-25,t5_neighbor_40i1,base,1.7000172538613623
2025-11-26,t5_neighbor_40i1,base,1.6961723099465766
2025-11-27,t5_neighbor_40i1,base,1.7153012407895618
2025-11-28,t5_neighbor_40i1,base,1.7573551741489262
2025-12-01,t5_neighbor_40i1,base,1.7734517053297736
2025-12-02,t5_neighbor_40i1,base,1.7694051045800887
2025-12-03,t5_neighbor_40i1,base,1.760254593891063
2025-12-04,t5_neighbor_40i1,base,1.758494339297172
2025-12-05,t5_neighbor_40i1,base,1.758494339297172
2025-12-08,t5_neighbor_40i1,base,1.780881769469715
2025-12-09,t5_neighbor_40i1,base,1.8005072867485168
2025-12-10,t5_neighbor_40i1,base,1.8049481853057734
2025-12-11,t5_neighbor_40i1,base,1.797315816199497
2025-12-12,t5_neighbor_40i1,base,1.8061744094421706
2025-12-15,t5_neighbor_40i1,base,1.7845295661247484
2025-12-16,t5_neighbor_40i1,base,1.7956490647670342
2025-12-17,t5_neighbor_40i1,base,1.802476281449883
2025-12-18,t5_neighbor_40i1,base,1.8364611048348642
2025-12-19,t5_neighbor_40i1,base,1.9019800824620876
2025-12-22,t5_neighbor_40i1,base,1.8688955567368346
2025-12-23,t5_neighbor_40i1,base,1.8707663230598948
2025-12-24,t5_neighbor_40i1,base,1.8707663230598948
2025-12-25,t5_neighbor_40i1,base,1.8707663230598948
2025-12-26,t5_neighbor_40i1,base,1.8937550253554605
2025-12-29,t5_neighbor_40i1,base,1.8895925178836832
2025-12-30,t5_neighbor_40i1,base,1.9222415850584833
2025-12-31,t5_neighbor_40i1,base,1.9773941474046866
2026-01-05,t5_neighbor_40i1,base,2.0346455063272013
2026-01-06,t5_neighbor_40i1,base,2.1090179827260247
2026-01-07,t5_neighbor_40i1,base,2.203203699840595
2026-01-08,t5_neighbor_40i1,base,2.31098831987714
2026-01-09,t5_neighbor_40i1,base,2.4131036482303587
2026-01-12,t5_neighbor_40i1,base,2.384611932447935
2026-01-13,t5_neighbor_40i1,base,2.3345496733904696
2026-01-14,t5_neighbor_40i1,base,2.299998051056583
2026-01-15,t5_neighbor_40i1,base,2.333515066334454
2026-01-16,t5_neighbor_40i1,base,2.3312127935144495
2026-01-19,t5_neighbor_40i1,base,2.3127411644651237
2026-01-20,t5_neighbor_40i1,base,2.299578454831333
2026-01-21,t5_neighbor_40i1,base,2.315050225924451
2026-01-22,t5_neighbor_40i1,base,2.395371640477913
2026-01-23,t5_neighbor_40i1,base,2.391032944500396
2026-01-26,t5_neighbor_40i1,base,2.3575539161782517
2026-01-27,t5_neighbor_40i1,base,2.3701087228160778
2026-01-28,t5_neighbor_40i1,base,2.3467267832770373
2026-01-29,t5_neighbor_40i1,base,2.3180555288151905
2026-01-30,t5_neighbor_40i1,base,2.3529241748744862
2026-02-02,t5_neighbor_40i1,base,2.384916677018227
2026-02-03,t5_neighbor_40i1,base,2.4108706888056775
2026-02-04,t5_neighbor_40i1,base,2.3846187169326347
2026-02-05,t5_neighbor_40i1,base,2.3124388212851525
2026-02-06,t5_neighbor_40i1,base,2.370393212450576
2026-02-09,t5_neighbor_40i1,base,2.406254653505973
2026-02-10,t5_neighbor_40i1,base,2.4144475218973245
2026-02-11,t5_neighbor_40i1,base,2.4282364550214877
2026-02-12,t5_neighbor_40i1,base,2.3774486469685163
2026-02-13,t5_neighbor_40i1,base,2.40184638797711
2026-02-24,t5_neighbor_40i1,base,2.4125182381254207
2026-02-25,t5_neighbor_40i1,base,2.4529116985912727
2026-02-26,t5_neighbor_40i1,base,2.4437858797760152
2026-02-27,t5_neighbor_40i1,base,2.467719009440961
2026-03-02,t5_neighbor_40i1,base,2.479394709116049
2026-03-03,t5_neighbor_40i1,base,2.4126083536509353
2026-03-04,t5_neighbor_40i1,base,2.499589089365117
2026-03-05,t5_neighbor_40i1,base,2.4781378158812326
2026-03-06,t5_neighbor_40i1,base,2.3969333174557717
2026-03-09,t5_neighbor_40i1,base,2.458665750461627
2026-03-10,t5_neighbor_40i1,base,2.484056465620145
2026-03-11,t5_neighbor_40i1,base,2.3959584589982144
2026-03-12,t5_neighbor_40i1,base,2.3313797321596654
2026-03-13,t5_neighbor_40i1,base,2.2901107584361013
2026-03-16,t5_neighbor_40i1,base,2.2295195096327065
2026-03-17,t5_neighbor_40i1,base,2.1857802637854076
2026-03-18,t5_neighbor_40i1,base,2.1949638496609434
2026-03-19,t5_neighbor_40i1,base,2.1995830936608325
2026-03-20,t5_neighbor_40i1,base,2.180089159422099
2026-03-23,t5_neighbor_40i1,base,2.1730382011057787
2026-03-24,t5_neighbor_40i1,base,2.169125655643298
2026-03-25,t5_neighbor_40i1,base,2.130042334998805
2026-03-26,t5_neighbor_40i1,base,2.0873678833246183
2026-03-27,t5_neighbor_40i1,base,2.083224997654966
2026-03-30,t5_neighbor_40i1,base,2.0731772886630613
2026-03-31,t5_neighbor_40i1,base,2.079013693060967
2026-04-01,t5_neighbor_40i1,base,2.12489120754492
2026-04-02,t5_neighbor_40i1,base,2.1312469174800044
2026-04-03,t5_neighbor_40i1,base,2.0981696864850066
2026-04-07,t5_neighbor_40i1,base,2.099541897126358
2026-04-08,t5_neighbor_40i1,base,2.1048944483624714
2026-04-09,t5_neighbor_40i1,base,2.148361095911531
2026-04-10,t5_neighbor_40i1,base,2.1567091911901626
2026-04-13,t5_neighbor_40i1,base,2.1840370186748492
2026-04-14,t5_neighbor_40i1,base,2.1578107740730834
2026-04-15,t5_neighbor_40i1,base,2.1203690849467773
2026-04-16,t5_neighbor_40i1,base,2.1914840150705426
2026-04-17,t5_neighbor_40i1,base,2.223775308846493
2026-04-20,t5_neighbor_40i1,base,2.248951210246226
2026-04-21,t5_neighbor_40i1,base,2.306074863959268
2026-04-22,t5_neighbor_40i1,base,2.316999376419237
2026-04-23,t5_neighbor_40i1,base,2.257511224199265
2026-04-24,t5_neighbor_40i1,base,2.245400766247366
2026-04-27,t5_neighbor_40i1,base,2.217258481041694
2026-04-28,t5_neighbor_40i1,base,2.1840652078542777
2026-04-29,t5_neighbor_40i1,base,2.2498828127347936
2026-04-30,t5_neighbor_40i1,base,2.298656009055608
2026-05-06,t5_neighbor_40i1,base,2.277161608702983
2026-05-07,t5_neighbor_40i1,base,2.2906396095970036
2026-05-08,t5_neighbor_40i1,base,2.3345282116022132
2026-05-11,t5_neighbor_40i1,base,2.300677616818477
2026-05-12,t5_neighbor_40i1,base,2.2952297920419107
2026-05-13,t5_neighbor_40i1,base,2.3272826153721966
2026-05-14,t5_neighbor_40i1,base,2.3356516035787025
2026-05-15,t5_neighbor_40i1,base,2.3777165690428457
2026-05-18,t5_neighbor_40i1,base,2.428341915011548
2026-05-19,t5_neighbor_40i1,base,2.4870409446301207
2026-05-20,t5_neighbor_40i1,base,2.453592197185396
2026-05-21,t5_neighbor_40i1,base,2.3743591293919417
2026-05-22,t5_neighbor_40i1,base,2.426734910440987
2026-05-25,t5_neighbor_40i1,base,2.3780311951238198
2026-05-26,t5_neighbor_40i1,base,2.339516122537369
2026-05-27,t5_neighbor_40i1,base,2.3311558327562825
2026-05-28,t5_neighbor_40i1,base,2.3131343445156634
2026-05-29,t5_neighbor_40i1,base,2.233250113660441
2026-06-01,t5_neighbor_40i1,base,2.2749419900960572
2026-06-02,t5_neighbor_40i1,base,2.3955721046505305
2026-06-03,t5_neighbor_40i1,base,2.3923878149570403
2026-06-04,t5_neighbor_40i1,base,2.394643282085175
2026-06-05,t5_neighbor_40i1,base,2.2627955666283466
2026-06-08,t5_neighbor_40i1,base,2.3870569431343993
2026-06-09,t5_neighbor_40i1,base,2.393526793927244
2026-06-10,t5_neighbor_40i1,base,2.362057509693197
2026-06-11,t5_neighbor_40i1,base,2.415900247443505
2026-06-12,t5_neighbor_40i1,base,2.453258380889202
2026-06-15,t5_neighbor_40i1,base,2.501308912097779
2026-06-16,t5_neighbor_40i1,base,2.5328565269559236
2026-06-17,t5_neighbor_40i1,base,2.682629451567514
2026-06-18,t5_neighbor_40i1,base,2.771068642328843
2026-06-22,t5_neighbor_40i1,base,2.7497811860021635
2026-06-23,t5_neighbor_40i1,base,2.7879645852247497
2026-06-24,t5_neighbor_40i1,base,2.9125768956667986
2026-06-25,t5_neighbor_40i1,base,2.9251084810414407
2026-06-26,t5_neighbor_40i1,base,2.95952730215855
2026-06-29,t5_neighbor_40i1,base,3.0546724023938436
2026-06-30,t5_neighbor_40i1,base,3.1088100796179705
2026-07-01,t5_neighbor_40i1,base,2.7628507392209216
2026-07-02,t5_neighbor_40i1,base,2.6584681179614713
2026-07-03,t5_neighbor_40i1,base,2.6838300428609605
2026-07-06,t5_neighbor_40i1,base,2.638301548813914
2026-07-07,t5_neighbor_40i1,base,2.651707330611447
2026-07-08,t5_neighbor_40i1,base,2.7506627846670346
2026-07-09,t5_neighbor_40i1,base,2.8534587399724365
2026-07-10,t5_neighbor_40i1,base,2.694066538342373
2026-07-13,t5_neighbor_40i1,base,2.5361754034915345
2026-07-14,t5_neighbor_40i1,base,2.4803502665913424
2026-07-15,t5_neighbor_40i1,base,2.3283346449259255
2026-07-16,t5_neighbor_40i1,base,2.1876281758439307
2025-08-11,t5_neighbor_40i1,stress,1.298838611961841
2025-08-12,t5_neighbor_40i1,stress,1.3255297278992189
2025-08-13,t5_neighbor_40i1,stress,1.366765804453283
2025-08-14,t5_neighbor_40i1,stress,1.358124176645167
2025-08-15,t5_neighbor_40i1,stress,1.392093923245525
2025-08-18,t5_neighbor_40i1,stress,1.4010657351658158
2025-08-19,t5_neighbor_40i1,stress,1.4257442394715067
2025-08-20,t5_neighbor_40i1,stress,1.4798180038296886
2025-08-21,t5_neighbor_40i1,stress,1.497670099637498
2025-08-22,t5_neighbor_40i1,stress,1.543538405060972
2025-08-25,t5_neighbor_40i1,stress,1.5797725684803767
2025-08-26,t5_neighbor_40i1,stress,1.565516774328764
2025-08-27,t5_neighbor_40i1,stress,1.5647628727886136
2025-08-28,t5_neighbor_40i1,stress,1.6495542356510189
2025-08-29,t5_neighbor_40i1,stress,1.6420283809040477
2025-09-01,t5_neighbor_40i1,stress,1.7087109600051844
2025-09-02,t5_neighbor_40i1,stress,1.6399891825700124
2025-09-03,t5_neighbor_40i1,stress,1.7178000143749834
2025-09-04,t5_neighbor_40i1,stress,1.5590054493625052
2025-09-05,t5_neighbor_40i1,stress,1.601015746147039
2025-09-08,t5_neighbor_40i1,stress,1.5487122658151498
2025-09-09,t5_neighbor_40i1,stress,1.5784064867542795
2025-09-10,t5_neighbor_40i1,stress,1.5609275361713797
2025-09-11,t5_neighbor_40i1,stress,1.678627928639792
2025-09-12,t5_neighbor_40i1,stress,1.653110719719832
2025-09-15,t5_neighbor_40i1,stress,1.6355456497637666
2025-09-16,t5_neighbor_40i1,stress,1.6040181464750083
2025-09-17,t5_neighbor_40i1,stress,1.6131685616107312
2025-09-18,t5_neighbor_40i1,stress,1.6534374540229528
2025-09-19,t5_neighbor_40i1,stress,1.6289558517139497
2025-09-22,t5_neighbor_40i1,stress,1.6618567439325302
2025-09-23,t5_neighbor_40i1,stress,1.6396049199594525
2025-09-24,t5_neighbor_40i1,stress,1.709115632959671
2025-09-25,t5_neighbor_40i1,stress,1.720727804256904
2025-09-26,t5_neighbor_40i1,stress,1.6894955331702728
2025-09-29,t5_neighbor_40i1,stress,1.7134955233323612
2025-09-30,t5_neighbor_40i1,stress,1.7461801293909711
2025-10-09,t5_neighbor_40i1,stress,1.7352129840703252
2025-10-10,t5_neighbor_40i1,stress,1.6303627584478195
2025-10-13,t5_neighbor_40i1,stress,1.785559806375896
2025-10-14,t5_neighbor_40i1,stress,1.685520589026032
2025-10-15,t5_neighbor_40i1,stress,1.7320537883310063
2025-10-16,t5_neighbor_40i1,stress,1.7006716290999218
2025-10-17,t5_neighbor_40i1,stress,1.6483561134557523
2025-10-20,t5_neighbor_40i1,stress,1.648457910236217
2025-10-21,t5_neighbor_40i1,stress,1.6836799309009793
2025-10-22,t5_neighbor_40i1,stress,1.6597999040064626
2025-10-23,t5_neighbor_40i1,stress,1.6709557384717681
2025-10-24,t5_neighbor_40i1,stress,1.7375136104586033
2025-10-27,t5_neighbor_40i1,stress,1.7549991968838174
2025-10-28,t5_neighbor_40i1,stress,1.7832737945679047
2025-10-29,t5_neighbor_40i1,stress,1.8039138570118038
2025-10-30,t5_neighbor_40i1,stress,1.7516747394286025
2025-10-31,t5_neighbor_40i1,stress,1.7036157013712983
2025-11-03,t5_neighbor_40i1,stress,1.7436429903838375
2025-11-04,t5_neighbor_40i1,stress,1.6894607729158186
2025-11-05,t5_neighbor_40i1,stress,1.762354888988917
2025-11-06,t5_neighbor_40i1,stress,1.7804438019674174
2025-11-07,t5_neighbor_40i1,stress,1.7884517950797145
2025-11-10,t5_neighbor_40i1,stress,1.7791039557753232
2025-11-11,t5_neighbor_40i1,stress,1.7163085206450062
2025-11-12,t5_neighbor_40i1,stress,1.717840394049038
2025-11-13,t5_neighbor_40i1,stress,1.708153416179044
2025-11-14,t5_neighbor_40i1,stress,1.6886527424265565
2025-11-17,t5_neighbor_40i1,stress,1.661117815615488
2025-11-18,t5_neighbor_40i1,stress,1.6332265325151833
2025-11-19,t5_neighbor_40i1,stress,1.6312030014837158
2025-11-20,t5_neighbor_40i1,stress,1.5954814707467642
2025-11-21,t5_neighbor_40i1,stress,1.5636540953909082
2025-11-24,t5_neighbor_40i1,stress,1.593158305296694
2025-11-25,t5_neighbor_40i1,stress,1.6267848252701438
2025-11-26,t5_neighbor_40i1,stress,1.6092616973816112
2025-11-27,t5_neighbor_40i1,stress,1.612427293769011
2025-11-28,t5_neighbor_40i1,stress,1.6583054823266279
2025-12-01,t5_neighbor_40i1,stress,1.677241257862125
2025-12-02,t5_neighbor_40i1,stress,1.68548849682197
2025-12-03,t5_neighbor_40i1,stress,1.6485873384216487
2025-12-04,t5_neighbor_40i1,stress,1.702698028237882
2025-12-05,t5_neighbor_40i1,stress,1.6992926321814064
2025-12-08,t5_neighbor_40i1,stress,1.6992926321814064
2025-12-09,t5_neighbor_40i1,stress,1.7326881823009024
2025-12-10,t5_neighbor_40i1,stress,1.7628706494175292
2025-12-11,t5_neighbor_40i1,stress,1.718760440649423
2025-12-12,t5_neighbor_40i1,stress,1.7365444337841798
2025-12-15,t5_neighbor_40i1,stress,1.740029065990533
2025-12-16,t5_neighbor_40i1,stress,1.710655203973746
2025-12-17,t5_neighbor_40i1,stress,1.7575823090880034
2025-12-18,t5_neighbor_40i1,stress,1.7538836804962632
2025-12-19,t5_neighbor_40i1,stress,1.8054653053805803
2025-12-22,t5_neighbor_40i1,stress,1.7931197649445023
2025-12-23,t5_neighbor_40i1,stress,1.8052931885280123
2025-12-24,t5_neighbor_40i1,stress,1.8089110105491106
2025-12-25,t5_neighbor_40i1,stress,1.8089110105491106
2025-12-26,t5_neighbor_40i1,stress,1.8089110105491106
2025-12-29,t5_neighbor_40i1,stress,1.791952840626265
2025-12-30,t5_neighbor_40i1,stress,1.8124373888902636
2025-12-31,t5_neighbor_40i1,stress,1.8988646580645545
2026-01-05,t5_neighbor_40i1,stress,1.924276475580294
2026-01-06,t5_neighbor_40i1,stress,1.963625272159746
2026-01-07,t5_neighbor_40i1,stress,2.019394450063802
2026-01-08,t5_neighbor_40i1,stress,2.132215350954237
2026-01-09,t5_neighbor_40i1,stress,2.256130252411442
2026-01-12,t5_neighbor_40i1,stress,2.2942657507043362
2026-01-13,t5_neighbor_40i1,stress,2.153039366975034
2026-01-14,t5_neighbor_40i1,stress,2.164241366009152
2026-01-15,t5_neighbor_40i1,stress,2.1844876222547605
2026-01-16,t5_neighbor_40i1,stress,2.188042366811646
2026-01-19,t5_neighbor_40i1,stress,2.2075074556525798
2026-01-20,t5_neighbor_40i1,stress,2.1471022087386125
2026-01-21,t5_neighbor_40i1,stress,2.1793302786201276
2026-01-22,t5_neighbor_40i1,stress,2.2084041891343222
2026-01-23,t5_neighbor_40i1,stress,2.2925961238892048
2026-01-26,t5_neighbor_40i1,stress,2.1848937292548873
2026-01-27,t5_neighbor_40i1,stress,2.2747068447475587
2026-01-28,t5_neighbor_40i1,stress,2.231748238362928
2026-01-29,t5_neighbor_40i1,stress,2.196022841215553
2026-01-30,t5_neighbor_40i1,stress,2.2319128277100995
2026-02-02,t5_neighbor_40i1,stress,2.2310547347178233
2026-02-03,t5_neighbor_40i1,stress,2.27956369146955
2026-02-04,t5_neighbor_40i1,stress,2.2897722967847325
2026-02-05,t5_neighbor_40i1,stress,2.1856954721802286
2026-02-06,t5_neighbor_40i1,stress,2.24532328464838
2026-02-09,t5_neighbor_40i1,stress,2.2675340669907533
2026-02-10,t5_neighbor_40i1,stress,2.3097341220711107
2026-02-11,t5_neighbor_40i1,stress,2.282668915917537
2026-02-12,t5_neighbor_40i1,stress,2.299608858557073
2026-02-13,t5_neighbor_40i1,stress,2.2493646173725526
2026-02-24,t5_neighbor_40i1,stress,2.3063881115917804
2026-02-25,t5_neighbor_40i1,stress,2.299042844936497
2026-02-26,t5_neighbor_40i1,stress,2.3282947059249324
2026-02-27,t5_neighbor_40i1,stress,2.2981015196099692
2026-03-02,t5_neighbor_40i1,stress,2.3874929761692516
2026-03-03,t5_neighbor_40i1,stress,2.2546172261412547
2026-03-04,t5_neighbor_40i1,stress,2.3481763604726456
2026-03-05,t5_neighbor_40i1,stress,2.3778300839264803
2026-03-06,t5_neighbor_40i1,stress,2.2824298354732506
2026-03-09,t5_neighbor_40i1,stress,2.3169582566396327
2026-03-10,t5_neighbor_40i1,stress,2.369855987372598
2026-03-11,t5_neighbor_40i1,stress,2.272870306668715
2026-03-12,t5_neighbor_40i1,stress,2.2238903159647134
2026-03-13,t5_neighbor_40i1,stress,2.1866152890694335
2026-03-16,t5_neighbor_40i1,stress,2.1810367303178766
2026-03-17,t5_neighbor_40i1,stress,2.053658377988582
2026-03-18,t5_neighbor_40i1,stress,2.063146552465411
2026-03-19,t5_neighbor_40i1,stress,2.0469552967707254
2026-03-20,t5_neighbor_40i1,stress,1.961982425326051
2026-03-23,t5_neighbor_40i1,stress,1.9223572411521226
2026-03-24,t5_neighbor_40i1,stress,1.9646344870802874
2026-03-25,t5_neighbor_40i1,stress,1.908090947758858
2026-03-26,t5_neighbor_40i1,stress,1.8992494266027384
2026-03-27,t5_neighbor_40i1,stress,1.8996211106540355
2026-03-30,t5_neighbor_40i1,stress,1.910096745851418
2026-03-31,t5_neighbor_40i1,stress,1.873159980744462
2026-04-01,t5_neighbor_40i1,stress,1.919194597065563
2026-04-02,t5_neighbor_40i1,stress,1.966818368753196
2026-04-03,t5_neighbor_40i1,stress,1.92057247280047
2026-04-07,t5_neighbor_40i1,stress,1.9158303185466417
2026-04-08,t5_neighbor_40i1,stress,1.9158303185466417
2026-04-09,t5_neighbor_40i1,stress,1.9181926247347387
2026-04-10,t5_neighbor_40i1,stress,1.9124930453431506
2026-04-13,t5_neighbor_40i1,stress,1.9033929539050427
2026-04-14,t5_neighbor_40i1,stress,1.9311289191067325
2026-04-15,t5_neighbor_40i1,stress,1.8398046765876377
2026-04-16,t5_neighbor_40i1,stress,1.8934026887275366
2026-04-17,t5_neighbor_40i1,stress,1.9327282176886005
2026-04-20,t5_neighbor_40i1,stress,1.9403962057522322
2026-04-21,t5_neighbor_40i1,stress,2.005378602102337
2026-04-22,t5_neighbor_40i1,stress,2.0580350154774787
2026-04-23,t5_neighbor_40i1,stress,2.0029434719701142
2026-04-24,t5_neighbor_40i1,stress,1.982100311130501
2026-04-27,t5_neighbor_40i1,stress,1.957115888690346
2026-04-28,t5_neighbor_40i1,stress,1.9096013826797462
2026-04-29,t5_neighbor_40i1,stress,1.9565264191017406
2026-04-30,t5_neighbor_40i1,stress,2.036666165807759
2026-05-06,t5_neighbor_40i1,stress,1.974614706928554
2026-05-07,t5_neighbor_40i1,stress,2.009234658399819
2026-05-08,t5_neighbor_40i1,stress,2.0454840165867623
2026-05-11,t5_neighbor_40i1,stress,2.0596793719234094
2026-05-12,t5_neighbor_40i1,stress,1.9634879424912315
2026-05-13,t5_neighbor_40i1,stress,2.0706008655741477
2026-05-14,t5_neighbor_40i1,stress,2.0160097668885624
2026-05-15,t5_neighbor_40i1,stress,2.064759817044854
2026-05-18,t5_neighbor_40i1,stress,2.0649193727369846
2026-05-19,t5_neighbor_40i1,stress,2.1425845780433743
2026-05-20,t5_neighbor_40i1,stress,2.1870022687503696
2026-05-21,t5_neighbor_40i1,stress,2.049774729091432
2026-05-22,t5_neighbor_40i1,stress,2.122963050003155
2026-05-25,t5_neighbor_40i1,stress,2.1120484798585406
2026-05-26,t5_neighbor_40i1,stress,2.0419783100185653
2026-05-27,t5_neighbor_40i1,stress,2.016026023650468
2026-05-28,t5_neighbor_40i1,stress,2.061180629512243
2026-05-29,t5_neighbor_40i1,stress,1.928182351227545
2026-06-01,t5_neighbor_40i1,stress,1.9200884580717192
2026-06-02,t5_neighbor_40i1,stress,2.014448601626262
2026-06-03,t5_neighbor_40i1,stress,2.031038865633307
2026-06-04,t5_neighbor_40i1,stress,2.063418586318223
2026-06-05,t5_neighbor_40i1,stress,1.945366324204362
2026-06-08,t5_neighbor_40i1,stress,1.97159585144778
2026-06-09,t5_neighbor_40i1,stress,2.1102251395209475
2026-06-10,t5_neighbor_40i1,stress,2.0282250588988266
2026-06-11,t5_neighbor_40i1,stress,2.109246777775226
2026-06-12,t5_neighbor_40i1,stress,2.1146957890645846
2026-06-15,t5_neighbor_40i1,stress,2.2037788813400905
2026-06-16,t5_neighbor_40i1,stress,2.1380339343946995
2026-06-17,t5_neighbor_40i1,stress,2.273509094914088
2026-06-18,t5_neighbor_40i1,stress,2.438429215095723
2026-06-22,t5_neighbor_40i1,stress,2.4143195806391526
2026-06-23,t5_neighbor_40i1,stress,2.3863406482525407
2026-06-24,t5_neighbor_40i1,stress,2.524013001619126
2026-06-25,t5_neighbor_40i1,stress,2.551745397456524
2026-06-26,t5_neighbor_40i1,stress,2.5639709109754034
2026-06-29,t5_neighbor_40i1,stress,2.611715125044426
2026-06-30,t5_neighbor_40i1,stress,2.755484379702249
2026-07-01,t5_neighbor_40i1,stress,2.493360049688156
2026-07-02,t5_neighbor_40i1,stress,2.276278009763393
2026-07-03,t5_neighbor_40i1,stress,2.3743213428324377
2026-07-06,t5_neighbor_40i1,stress,2.256507458669246
2026-07-07,t5_neighbor_40i1,stress,2.312722924515338
2026-07-08,t5_neighbor_40i1,stress,2.2965836388581007
2026-07-09,t5_neighbor_40i1,stress,2.443680363723294
2026-07-10,t5_neighbor_40i1,stress,2.3570546937921857
2026-07-13,t5_neighbor_40i1,stress,2.214764494045542
2026-07-14,t5_neighbor_40i1,stress,2.1944482046582587
2026-07-15,t5_neighbor_40i1,stress,2.030678457471254
2026-07-16,t5_neighbor_40i1,stress,1.951095571181935
2025-08-11,t5_neighbor_120i1,base,1.2899343438175244
2025-08-12,t5_neighbor_120i1,base,1.3224314005142133
2025-08-13,t5_neighbor_120i1,base,1.333113208784509
2025-08-14,t5_neighbor_120i1,base,1.3316918838322704
2025-08-15,t5_neighbor_120i1,base,1.3596424837184908
2025-08-18,t5_neighbor_120i1,base,1.392546733952298
2025-08-19,t5_neighbor_120i1,base,1.392233151628699
2025-08-20,t5_neighbor_120i1,base,1.4096326352886333
2025-08-21,t5_neighbor_120i1,base,1.4213837690650872
2025-08-22,t5_neighbor_120i1,base,1.4951484001251003
2025-08-25,t5_neighbor_120i1,base,1.5141761230308577
2025-08-26,t5_neighbor_120i1,base,1.530351942139323
2025-08-27,t5_neighbor_120i1,base,1.5811105066250568
2025-08-28,t5_neighbor_120i1,base,1.6274286303424923
2025-08-29,t5_neighbor_120i1,base,1.6828091399417229
2025-09-01,t5_neighbor_120i1,base,1.6757253854328242
2025-09-02,t5_neighbor_120i1,base,1.6403782019437867
2025-09-03,t5_neighbor_120i1,base,1.6026938274620262
2025-09-04,t5_neighbor_120i1,base,1.5701691347416091
2025-09-05,t5_neighbor_120i1,base,1.5844627869556918
2025-09-08,t5_neighbor_120i1,base,1.559631897894989
2025-09-09,t5_neighbor_120i1,base,1.5786927717657215
2025-09-10,t5_neighbor_120i1,base,1.6401784501817733
2025-09-11,t5_neighbor_120i1,base,1.669238151073576
2025-09-12,t5_neighbor_120i1,base,1.6435261767614409
2025-09-15,t5_neighbor_120i1,base,1.6383606463168319
2025-09-16,t5_neighbor_120i1,base,1.6461606445948354
2025-09-17,t5_neighbor_120i1,base,1.6688595920931848
2025-09-18,t5_neighbor_120i1,base,1.6684276229290975
2025-09-19,t5_neighbor_120i1,base,1.6653674164072747
2025-09-22,t5_neighbor_120i1,base,1.6873897366654254
2025-09-23,t5_neighbor_120i1,base,1.750098230524188
2025-09-24,t5_neighbor_120i1,base,1.788509351952071
2025-09-25,t5_neighbor_120i1,base,1.7738451331421232
2025-09-26,t5_neighbor_120i1,base,1.7683292146932559
2025-09-29,t5_neighbor_120i1,base,1.8017837805738226
2025-09-30,t5_neighbor_120i1,base,1.8233611634017188
2025-10-09,t5_neighbor_120i1,base,1.7851596877291747
2025-10-10,t5_neighbor_120i1,base,1.7418856528481672
2025-10-13,t5_neighbor_120i1,base,1.7552187174502096
2025-10-14,t5_neighbor_120i1,base,1.7049179334901152
2025-10-15,t5_neighbor_120i1,base,1.731479804078349
2025-10-16,t5_neighbor_120i1,base,1.676424368923154
2025-10-17,t5_neighbor_120i1,base,1.660092149926497
2025-10-20,t5_neighbor_120i1,base,1.6778198894387328
2025-10-21,t5_neighbor_120i1,base,1.682558482951732
2025-10-22,t5_neighbor_120i1,base,1.6598982962789823
2025-10-23,t5_neighbor_120i1,base,1.6956730863199703
2025-10-24,t5_neighbor_120i1,base,1.7699936502238107
2025-10-27,t5_neighbor_120i1,base,1.7861405330919642
2025-10-28,t5_neighbor_120i1,base,1.8349909373437696
2025-10-29,t5_neighbor_120i1,base,1.8180844183379115
2025-10-30,t5_neighbor_120i1,base,1.7830450760806247
2025-10-31,t5_neighbor_120i1,base,1.7972844009820392
2025-11-03,t5_neighbor_120i1,base,1.8155220506889855
2025-11-04,t5_neighbor_120i1,base,1.791363405466488
2025-11-05,t5_neighbor_120i1,base,1.861092421032797
2025-11-06,t5_neighbor_120i1,base,1.8625074831187456
2025-11-07,t5_neighbor_120i1,base,1.850837332742857
2025-11-10,t5_neighbor_120i1,base,1.835992146991479
2025-11-11,t5_neighbor_120i1,base,1.793218634643338
2025-11-12,t5_neighbor_120i1,base,1.7958379276012142
2025-11-13,t5_neighbor_120i1,base,1.7731778066677248
2025-11-14,t5_neighbor_120i1,base,1.752619215178526
2025-11-17,t5_neighbor_120i1,base,1.734058845985915
2025-11-18,t5_neighbor_120i1,base,1.7220384376558355
2025-11-19,t5_neighbor_120i1,base,1.717486483508101
2025-11-20,t5_neighbor_120i1,base,1.6628870910965003
2025-11-21,t5_neighbor_120i1,base,1.6613286377898364
2025-11-24,t5_neighbor_120i1,base,1.696240170686204
2025-11-25,t5_neighbor_120i1,base,1.695764054961835
2025-11-26,t5_neighbor_120i1,base,1.6919287305442574
2025-11-27,t5_neighbor_120i1,base,1.7110098035508436
2025-11-28,t5_neighbor_120i1,base,1.752958524011528
2025-12-01,t5_neighbor_120i1,base,1.7605214845399515
2025-12-02,t5_neighbor_120i1,base,1.7498792883143732
2025-12-03,t5_neighbor_120i1,base,1.751099773295344
2025-12-04,t5_neighbor_120i1,base,1.784302886032029
2025-12-05,t5_neighbor_120i1,base,1.8398580702501377
2025-12-08,t5_neighbor_120i1,base,1.9096676708268578
2025-12-09,t5_neighbor_120i1,base,1.9492034758174077
2025-12-10,t5_neighbor_120i1,base,1.922797456067196
2025-12-11,t5_neighbor_120i1,base,1.8878450770904953
2025-12-12,t5_neighbor_120i1,base,1.888229159926661
2025-12-15,t5_neighbor_120i1,base,1.841118588529729
2025-12-16,t5_neighbor_120i1,base,1.8507381056841032
2025-12-17,t5_neighbor_120i1,base,1.8867745211028517
2025-12-18,t5_neighbor_120i1,base,1.9242730202734881
2025-12-19,t5_neighbor_120i1,base,1.9929248423197303
2025-12-22,t5_neighbor_120i1,base,1.946085899456618
2025-12-23,t5_neighbor_120i1,base,1.9677250354446945
2025-12-24,t5_neighbor_120i1,base,2.024692447565432
2025-12-25,t5_neighbor_120i1,base,2.067951796052377
2025-12-26,t5_neighbor_120i1,base,2.106409056099324
2025-12-29,t5_neighbor_120i1,base,2.120177914729208
2025-12-30,t5_neighbor_120i1,base,2.158970090394553
2025-12-31,t5_neighbor_120i1,base,2.2209148185908534
2026-01-05,t5_neighbor_120i1,base,2.2852168150250805
2026-01-06,t5_neighbor_120i1,base,2.3687484342251452
2026-01-07,t5_neighbor_120i1,base,2.474533340645497
2026-01-08,t5_neighbor_120i1,base,2.556321506004522
2026-01-09,t5_neighbor_120i1,base,2.6940437861041877
2026-01-12,t5_neighbor_120i1,base,2.682460987363127
2026-01-13,t5_neighbor_120i1,base,2.6705376814802873
2026-01-14,t5_neighbor_120i1,base,2.623030327245474
2026-01-15,t5_neighbor_120i1,base,2.681917515417412
2026-01-16,t5_neighbor_120i1,base,2.6870390977038503
2026-01-19,t5_neighbor_120i1,base,2.6530054157119
2026-01-20,t5_neighbor_120i1,base,2.6206764583765634
2026-01-21,t5_neighbor_120i1,base,2.626071491859003
2026-01-22,t5_neighbor_120i1,base,2.712015188176477
2026-01-23,t5_neighbor_120i1,base,2.6916711496288177
2026-01-26,t5_neighbor_120i1,base,2.6391776398368747
2026-01-27,t5_neighbor_120i1,base,2.6564313116916445
2026-01-28,t5_neighbor_120i1,base,2.613114503976448
2026-01-29,t5_neighbor_120i1,base,2.5511257051495972
2026-01-30,t5_neighbor_120i1,base,2.576033320251471
2026-02-02,t5_neighbor_120i1,base,2.5831807298123524
2026-02-03,t5_neighbor_120i1,base,2.584246809339959
2026-02-04,t5_neighbor_120i1,base,2.518126416793948
2026-02-05,t5_neighbor_120i1,base,2.4800204275918363
2026-02-06,t5_neighbor_120i1,base,2.5720060803398948
2026-02-09,t5_neighbor_120i1,base,2.6049267942880836
2026-02-10,t5_neighbor_120i1,base,2.5995738708117035
2026-02-11,t5_neighbor_120i1,base,2.6207449902754383
2026-02-12,t5_neighbor_120i1,base,2.600046053449361
2026-02-13,t5_neighbor_120i1,base,2.65551945014615
2026-02-24,t5_neighbor_120i1,base,2.6763169299000595
2026-02-25,t5_neighbor_120i1,base,2.730793771486808
2026-02-26,t5_neighbor_120i1,base,2.7307105421777584
2026-02-27,t5_neighbor_120i1,base,2.7593667686884746
2026-03-02,t5_neighbor_120i1,base,2.758301146857364
2026-03-03,t5_neighbor_120i1,base,2.689710758678244
2026-03-04,t5_neighbor_120i1,base,2.789587810668382
2026-03-05,t5_neighbor_120i1,base,2.794805903498858
2026-03-06,t5_neighbor_120i1,base,2.729510805390996
2026-03-09,t5_neighbor_120i1,base,2.812384692846097
2026-03-10,t5_neighbor_120i1,base,2.850962796367915
2026-03-11,t5_neighbor_120i1,base,2.812820185222167
2026-03-12,t5_neighbor_120i1,base,2.7641712161825422
2026-03-13,t5_neighbor_120i1,base,2.7199393691688245
2026-03-16,t5_neighbor_120i1,base,2.6628154541788995
2026-03-17,t5_neighbor_120i1,base,2.6131888939730743
2026-03-18,t5_neighbor_120i1,base,2.6122683444368437
2026-03-19,t5_neighbor_120i1,base,2.620386181010034
2026-03-20,t5_neighbor_120i1,base,2.5053691341459605
2026-03-23,t5_neighbor_120i1,base,2.5052522788451945
2026-03-24,t5_neighbor_120i1,base,2.5928911944342787
2026-03-25,t5_neighbor_120i1,base,2.585722093139679
2026-03-26,t5_neighbor_120i1,base,2.538993748500657
2026-03-27,t5_neighbor_120i1,base,2.5512486929119906
2026-03-30,t5_neighbor_120i1,base,2.5427782183743046
2026-03-31,t5_neighbor_120i1,base,2.583404594232955
2026-04-01,t5_neighbor_120i1,base,2.6002250914314193
2026-04-02,t5_neighbor_120i1,base,2.6141655561564683
2026-04-03,t5_neighbor_120i1,base,2.617634846791955
2026-04-07,t5_neighbor_120i1,base,2.7612941157868787
2026-04-08,t5_neighbor_120i1,base,2.8192565254989783
2026-04-09,t5_neighbor_120i1,base,2.8803553011297285
2026-04-10,t5_neighbor_120i1,base,2.872534919658486
2026-04-13,t5_neighbor_120i1,base,2.911844874695101
2026-04-14,t5_neighbor_120i1,base,2.8768790040284555
2026-04-15,t5_neighbor_120i1,base,2.8269602573908594
2026-04-16,t5_neighbor_120i1,base,2.9217735059871797
2026-04-17,t5_neighbor_120i1,base,2.964825541037311
2026-04-20,t5_neighbor_120i1,base,2.998391052441107
2026-04-21,t5_neighbor_120i1,base,3.0745505757760654
2026-04-22,t5_neighbor_120i1,base,3.089115569566511
2026-04-23,t5_neighbor_120i1,base,3.0098036029351447
2026-04-24,t5_neighbor_120i1,base,2.993657459524607
2026-04-27,t5_neighbor_120i1,base,2.9782639668040916
2026-04-28,t5_neighbor_120i1,base,2.9366147426291387
2026-04-29,t5_neighbor_120i1,base,2.9882236775748567
2026-04-30,t5_neighbor_120i1,base,3.092215444683171
2026-05-06,t5_neighbor_120i1,base,3.125355174168064
2026-05-07,t5_neighbor_120i1,base,3.1470004400234965
2026-05-08,t5_neighbor_120i1,base,3.2072968957574086
2026-05-11,t5_neighbor_120i1,base,3.1607911790863272
2026-05-12,t5_neighbor_120i1,base,3.1533066726204497
2026-05-13,t5_neighbor_120i1,base,3.197342516889357
2026-05-14,t5_neighbor_120i1,base,3.208840270380601
2026-05-15,t5_neighbor_120i1,base,3.2666313189028617
2026-05-18,t5_neighbor_120i1,base,3.336183065660561
2026-05-19,t5_neighbor_120i1,base,3.416826861072402
2026-05-20,t5_neighbor_120i1,base,3.37087322328243
2026-05-21,t5_neighbor_120i1,base,3.262018692798571
2026-05-22,t5_neighbor_120i1,base,3.333975278774537
2026-05-25,t5_neighbor_120i1,base,3.267063568660142
2026-05-26,t5_neighbor_120i1,base,3.2141495485457248
2026-05-27,t5_neighbor_120i1,base,3.202663745406037
2026-05-28,t5_neighbor_120i1,base,3.177904882778544
2026-05-29,t5_neighbor_120i1,base,3.0681557504405452
2026-06-01,t5_neighbor_120i1,base,3.125434229751995
2026-06-02,t5_neighbor_120i1,base,3.291162187127969
2026-06-03,t5_neighbor_120i1,base,3.286787443486678
2026-06-04,t5_neighbor_120i1,base,3.289886122133009
2026-06-05,t5_neighbor_120i1,base,3.108746838231544
2026-06-08,t5_neighbor_120i1,base,3.2794636131026786
2026-06-09,t5_neighbor_120i1,base,3.2883522323366536
2026-06-10,t5_neighbor_120i1,base,3.2451180845829644
2026-06-11,t5_neighbor_120i1,base,3.319090052361038
2026-06-12,t5_neighbor_120i1,base,3.3704146090043015
2026-06-15,t5_neighbor_120i1,base,3.436428940644781
2026-06-16,t5_neighbor_120i1,base,3.479770703104629
2026-06-17,t5_neighbor_120i1,base,3.6855365763923986
2026-06-18,t5_neighbor_120i1,base,3.8070389598643186
2026-06-22,t5_neighbor_120i1,base,3.7777931395500413
2026-06-23,t5_neighbor_120i1,base,3.830251489458787
2026-06-24,t5_neighbor_120i1,base,4.001450395716443
2026-06-25,t5_neighbor_120i1,base,4.018666942799173
2026-06-26,t5_neighbor_120i1,base,4.065953318511364
2026-06-29,t5_neighbor_120i1,base,4.19666863097347
2026-06-30,t5_neighbor_120i1,base,4.271045802018788
2026-07-01,t5_neighbor_120i1,base,3.795748774979561
2026-07-02,t5_neighbor_120i1,base,3.6523424732383254
2026-07-03,t5_neighbor_120i1,base,3.6871860114728614
2026-07-06,t5_neighbor_120i1,base,3.6246365863256775
2026-07-07,t5_neighbor_120i1,base,3.64305415015324
2026-07-08,t5_neighbor_120i1,base,3.7361177797759804
2026-07-09,t5_neighbor_120i1,base,3.858693024783567
2026-07-10,t5_neighbor_120i1,base,3.600617239316078
2026-07-13,t5_neighbor_120i1,base,3.377291140720334
2026-07-14,t5_neighbor_120i1,base,3.2675143426759434
2026-07-15,t5_neighbor_120i1,base,3.0417075209662516
2026-07-16,t5_neighbor_120i1,base,2.827077462293796
2025-08-11,t5_neighbor_120i1,stress,1.1257168557861654
2025-08-12,t5_neighbor_120i1,stress,1.141438384410717
2025-08-13,t5_neighbor_120i1,stress,1.1787067342061617
2025-08-14,t5_neighbor_120i1,stress,1.1550909892072878
2025-08-15,t5_neighbor_120i1,stress,1.1844255181757
2025-08-18,t5_neighbor_120i1,stress,1.2068869923001828
2025-08-19,t5_neighbor_120i1,stress,1.2266547463802402
2025-08-20,t5_neighbor_120i1,stress,1.2444323514002438
2025-08-21,t5_neighbor_120i1,stress,1.2311269686133632
2025-08-22,t5_neighbor_120i1,stress,1.2877693852334635
2025-08-25,t5_neighbor_120i1,stress,1.3412549071937596
2025-08-26,t5_neighbor_120i1,stress,1.3225958676359906
2025-08-27,t5_neighbor_120i1,stress,1.3534616777000457
2025-08-28,t5_neighbor_120i1,stress,1.4333982278409512
2025-08-29,t5_neighbor_120i1,stress,1.4534114339217348
2025-09-01,t5_neighbor_120i1,stress,1.5094851888103238
2025-09-02,t5_neighbor_120i1,stress,1.4344261362108088
2025-09-03,t5_neighbor_120i1,stress,1.469693456715798
2025-09-04,t5_neighbor_120i1,stress,1.34587045708239
2025-09-05,t5_neighbor_120i1,stress,1.4168906781958357
2025-09-08,t5_neighbor_120i1,stress,1.3769921224829202
2025-09-09,t5_neighbor_120i1,stress,1.381375337239057
2025-09-10,t5_neighbor_120i1,stress,1.402328450829957
2025-09-11,t5_neighbor_120i1,stress,1.4736038942932341
2025-09-12,t5_neighbor_120i1,stress,1.4501549619580771
2025-09-15,t5_neighbor_120i1,stress,1.4458883883507272
2025-09-16,t5_neighbor_120i1,stress,1.442409685851282
2025-09-17,t5_neighbor_120i1,stress,1.4529435963059263
2025-09-18,t5_neighbor_120i1,stress,1.488671717526564
2025-09-19,t5_neighbor_120i1,stress,1.4683470821747535
2025-09-22,t5_neighbor_120i1,stress,1.5166128194604378
2025-09-23,t5_neighbor_120i1,stress,1.4570282765227653
2025-09-24,t5_neighbor_120i1,stress,1.539876104935854
2025-09-25,t5_neighbor_120i1,stress,1.5536833796444036
2025-09-26,t5_neighbor_120i1,stress,1.5376657451850817
2025-09-29,t5_neighbor_120i1,stress,1.5829425350343416
2025-09-30,t5_neighbor_120i1,stress,1.6163696065152477
2025-10-09,t5_neighbor_120i1,stress,1.6134584109072576
2025-10-10,t5_neighbor_120i1,stress,1.5073650694280227
2025-10-13,t5_neighbor_120i1,stress,1.592273517903027
2025-10-14,t5_neighbor_120i1,stress,1.5000573873956389
2025-10-15,t5_neighbor_120i1,stress,1.5414703904945302
2025-10-16,t5_neighbor_120i1,stress,1.5135413102486364
2025-10-17,t5_neighbor_120i1,stress,1.4669822375037607
2025-10-20,t5_neighbor_120i1,stress,1.4670728332600766
2025-10-21,t5_neighbor_120i1,stress,1.4984192627496797
2025-10-22,t5_neighbor_120i1,stress,1.477166831312443
2025-10-23,t5_neighbor_120i1,stress,1.4870951537614228
2025-10-24,t5_neighbor_120i1,stress,1.5463294509947054
2025-10-27,t5_neighbor_120i1,stress,1.5618910426245316
2025-10-28,t5_neighbor_120i1,stress,1.6056543841104658
2025-10-29,t5_neighbor_120i1,stress,1.629461266787785
2025-10-30,t5_neighbor_120i1,stress,1.594635701554577
2025-10-31,t5_neighbor_120i1,stress,1.5477834242113586
2025-11-03,t5_neighbor_120i1,stress,1.6413183445063861
2025-11-04,t5_neighbor_120i1,stress,1.5935027836269864
2025-11-05,t5_neighbor_120i1,stress,1.6622566598546287
2025-11-06,t5_neighbor_120i1,stress,1.6793181587932982
2025-11-07,t5_neighbor_120i1,stress,1.6868713139302995
2025-11-10,t5_neighbor_120i1,stress,1.6780544131822952
2025-11-11,t5_neighbor_120i1,stress,1.6188256330393105
2025-11-12,t5_neighbor_120i1,stress,1.6202704991010874
2025-11-13,t5_neighbor_120i1,stress,1.6111337221789883
2025-11-14,t5_neighbor_120i1,stress,1.592740647651688
2025-11-17,t5_neighbor_120i1,stress,1.5667696495534746
2025-11-18,t5_neighbor_120i1,stress,1.5404625354897623
2025-11-19,t5_neighbor_120i1,stress,1.5385539369693988
2025-11-20,t5_neighbor_120i1,stress,1.504861317657198
2025-11-21,t5_neighbor_120i1,stress,1.4748416734972656
2025-11-24,t5_neighbor_120i1,stress,1.502670103353285
2025-11-25,t5_neighbor_120i1,stress,1.5343867043187522
2025-11-26,t5_neighbor_120i1,stress,1.517858855009747
2025-11-27,t5_neighbor_120i1,stress,1.5208446518604515
2025-11-28,t5_neighbor_120i1,stress,1.5641170511646103
2025-12-01,t5_neighbor_120i1,stress,1.5819773125626142
2025-12-02,t5_neighbor_120i1,stress,1.5884744103545057
2025-12-03,t5_neighbor_120i1,stress,1.5569705363656
2025-12-04,t5_neighbor_120i1,stress,1.6104049138234744
2025-12-05,t5_neighbor_120i1,stress,1.6373660591950507
2025-12-08,t5_neighbor_120i1,stress,1.6758745769421088
2025-12-09,t5_neighbor_120i1,stress,1.7830783391815201
2025-12-10,t5_neighbor_120i1,stress,1.7623019042758286
2025-12-11,t5_neighbor_120i1,stress,1.706290490155001
2025-12-12,t5_neighbor_120i1,stress,1.705204259908759
2025-12-15,t5_neighbor_120i1,stress,1.6945078804711864
2025-12-16,t5_neighbor_120i1,stress,1.640354300147777
2025-12-17,t5_neighbor_120i1,stress,1.6819821881669919
2025-12-18,t5_neighbor_120i1,stress,1.7299960890095754
2025-12-19,t5_neighbor_120i1,stress,1.7844440692491976
2025-12-22,t5_neighbor_120i1,stress,1.7722422693324766
2025-12-23,t5_neighbor_120i1,stress,1.7431348502952655
2025-12-24,t5_neighbor_120i1,stress,1.8262384743652986
2025-12-25,t5_neighbor_120i1,stress,1.82721582250301
2025-12-26,t5_neighbor_120i1,stress,1.8297358600011262
2025-12-29,t5_neighbor_120i1,stress,1.8242018114216352
2025-12-30,t5_neighbor_120i1,stress,1.8413724445654132
2025-12-31,t5_neighbor_120i1,stress,1.9330455920882472
2026-01-05,t5_neighbor_120i1,stress,1.9589148406558725
2026-01-06,t5_neighbor_120i1,stress,1.9989719439669718
2026-01-07,t5_neighbor_120i1,stress,2.0557450073151
2026-01-08,t5_neighbor_120i1,stress,2.170596765830618
2026-01-09,t5_neighbor_120i1,stress,2.293343020061152
2026-01-12,t5_neighbor_120i1,stress,2.375238569616376
2026-01-13,t5_neighbor_120i1,stress,2.267621703767321
2026-01-14,t5_neighbor_120i1,stress,2.2549428688160607
2026-01-15,t5_neighbor_120i1,stress,2.3061564222333812
2026-01-16,t5_neighbor_120i1,stress,2.3162117714751473
2026-01-19,t5_neighbor_120i1,stress,2.3273049253297984
2026-01-20,t5_neighbor_120i1,stress,2.254310555666048
2026-01-21,t5_neighbor_120i1,stress,2.27708974209326
2026-01-22,t5_neighbor_120i1,stress,2.291529823384583
2026-01-23,t5_neighbor_120i1,stress,2.3905348753066233
2026-01-26,t5_neighbor_120i1,stress,2.2499800121442943
2026-01-27,t5_neighbor_120i1,stress,2.3342204615734823
2026-01-28,t5_neighbor_120i1,stress,2.299720087482834
2026-01-29,t5_neighbor_120i1,stress,2.2343380883355524
2026-01-30,t5_neighbor_120i1,stress,2.254517186572473
2026-02-02,t5_neighbor_120i1,stress,2.2347386513555425
2026-02-03,t5_neighbor_120i1,stress,2.26200248599112
2026-02-04,t5_neighbor_120i1,stress,2.220737829982694
2026-02-05,t5_neighbor_120i1,stress,2.1402248484427604
2026-02-06,t5_neighbor_120i1,stress,2.2345287061328296
2026-02-09,t5_neighbor_120i1,stress,2.266543338558118
2026-02-10,t5_neighbor_120i1,stress,2.2753820561221727
2026-02-11,t5_neighbor_120i1,stress,2.261936494344898
2026-02-12,t5_neighbor_120i1,stress,2.280523835954559
2026-02-13,t5_neighbor_120i1,stress,2.2891621838180236
2026-02-24,t5_neighbor_120i1,stress,2.3355418444550806
2026-02-25,t5_neighbor_120i1,stress,2.3513686822111284
2026-02-26,t5_neighbor_120i1,stress,2.384654466774273
2026-02-27,t5_neighbor_120i1,stress,2.368669461015772
2026-03-02,t5_neighbor_120i1,stress,2.453854710122787
2026-03-03,t5_neighbor_120i1,stress,2.3060053527563937
2026-03-04,t5_neighbor_120i1,stress,2.4118164333531555
2026-03-05,t5_neighbor_120i1,stress,2.4405730816663755
2026-03-06,t5_neighbor_120i1,stress,2.3805075804801343
2026-03-09,t5_neighbor_120i1,stress,2.4365551372045346
2026-03-10,t5_neighbor_120i1,stress,2.486911455772527
2026-03-11,t5_neighbor_120i1,stress,2.467978686765396
2026-03-12,t5_neighbor_120i1,stress,2.4159684448267664
2026-03-13,t5_neighbor_120i1,stress,2.3878140862290427
2026-03-16,t5_neighbor_120i1,stress,2.3705597874341824
2026-03-17,t5_neighbor_120i1,stress,2.2881244405283865
2026-03-18,t5_neighbor_120i1,stress,2.3033024843249947
2026-03-19,t5_neighbor_120i1,stress,2.3322346670094674
2026-03-20,t5_neighbor_120i1,stress,2.239899123538407
2026-03-23,t5_neighbor_120i1,stress,2.216667649140924
2026-03-24,t5_neighbor_120i1,stress,2.3150536341244
2026-03-25,t5_neighbor_120i1,stress,2.273719568274338
2026-03-26,t5_neighbor_120i1,stress,2.194453054938557
2026-03-27,t5_neighbor_120i1,stress,2.2036884495301163
2026-03-30,t5_neighbor_120i1,stress,2.2681745227507526
2026-03-31,t5_neighbor_120i1,stress,2.23623880826025
2026-04-01,t5_neighbor_120i1,stress,2.2704966093604786
2026-04-02,t5_neighbor_120i1,stress,2.3075900109666367
2026-04-03,t5_neighbor_120i1,stress,2.320592028396497
2026-04-07,t5_neighbor_120i1,stress,2.403429628317634
2026-04-08,t5_neighbor_120i1,stress,2.471345475433804
2026-04-09,t5_neighbor_120i1,stress,2.544911630978994
2026-04-10,t5_neighbor_120i1,stress,2.542434733343512
2026-04-13,t5_neighbor_120i1,stress,2.5681990043712184
2026-04-14,t5_neighbor_120i1,stress,2.6108441148480734
2026-04-15,t5_neighbor_120i1,stress,2.4873757338586637
2026-04-16,t5_neighbor_120i1,stress,2.559839075471164
2026-04-17,t5_neighbor_120i1,stress,2.6130063315955114
2026-04-20,t5_neighbor_120i1,stress,2.6233732839571995
2026-04-21,t5_neighbor_120i1,stress,2.711228064340208
2026-04-22,t5_neighbor_120i1,stress,2.7824183849911392
2026-04-23,t5_neighbor_120i1,stress,2.707935821594683
2026-04-24,t5_neighbor_120i1,stress,2.679756323439734
2026-04-27,t5_neighbor_120i1,stress,2.645977930063009
2026-04-28,t5_neighbor_120i1,stress,2.5723070224639892
2026-04-29,t5_neighbor_120i1,stress,2.6407984608806743
2026-04-30,t5_neighbor_120i1,stress,2.736975247352853
2026-05-06,t5_neighbor_120i1,stress,2.74822863787235
2026-05-07,t5_neighbor_120i1,stress,2.780356029109679
2026-05-08,t5_neighbor_120i1,stress,2.836189857695703
2026-05-11,t5_neighbor_120i1,stress,2.8558725941559793
2026-05-12,t5_neighbor_120i1,stress,2.7224972393057185
2026-05-13,t5_neighbor_120i1,stress,2.8710159192917084
2026-05-14,t5_neighbor_120i1,stress,2.79532199102974
2026-05-15,t5_neighbor_120i1,stress,2.862916944935148
2026-05-18,t5_neighbor_120i1,stress,2.863138178751736
2026-05-19,t5_neighbor_120i1,stress,2.9708257802189912
2026-05-20,t5_neighbor_120i1,stress,3.0324136503093477
2026-05-21,t5_neighbor_120i1,stress,2.8421391954511446
2026-05-22,t5_neighbor_120i1,stress,2.943619320344999
2026-05-25,t5_neighbor_120i1,stress,2.9284855950779014
2026-05-26,t5_neighbor_120i1,stress,2.831328979129969
2026-05-27,t5_neighbor_120i1,stress,2.7953445320336594
2026-05-28,t5_neighbor_120i1,stress,2.8579541804762396
2026-05-29,t5_neighbor_120i1,stress,2.6735438575877293
2026-06-01,t5_neighbor_120i1,stress,2.6623211750873153
2026-06-02,t5_neighbor_120i1,stress,2.793157339022088
2026-06-03,t5_neighbor_120i1,stress,2.8161607641927193
2026-06-04,t5_neighbor_120i1,stress,2.861057245737865
2026-06-05,t5_neighbor_120i1,stress,2.697370496894886
2026-06-08,t5_neighbor_120i1,stress,2.7337393555790372
2026-06-09,t5_neighbor_120i1,stress,2.925957421144164
2026-06-10,t5_neighbor_120i1,stress,2.8122592474577384
2026-06-11,t5_neighbor_120i1,stress,2.9246008621889863
2026-06-12,t5_neighbor_120i1,stress,2.9321562527117324
2026-06-15,t5_neighbor_120i1,stress,3.0556754592932442
2026-06-16,t5_neighbor_120i1,stress,2.964516031886714
2026-06-17,t5_neighbor_120i1,stress,3.1523607048927365
2026-06-18,t5_neighbor_120i1,stress,3.381032632121785
2026-06-22,t5_neighbor_120i1,stress,3.3476031356485842
2026-06-23,t5_neighbor_120i1,stress,3.3088086187417853
2026-06-24,t5_neighbor_120i1,stress,3.4996998352642024
2026-06-25,t5_neighbor_120i1,stress,3.5381525140266987
2026-06-26,t5_neighbor_120i1,stress,3.5551039432073703
2026-06-29,t5_neighbor_120i1,stress,3.621304243287042
2026-06-30,t5_neighbor_120i1,stress,3.820649189814367
2026-07-01,t5_neighbor_120i1,stress,3.457197625190656
2026-07-02,t5_neighbor_120i1,stress,3.1561999762577235
2026-07-03,t5_neighbor_120i1,stress,3.29214310981939
2026-07-06,t5_neighbor_120i1,stress,3.128786886720197
2026-07-07,t5_neighbor_120i1,stress,3.2067331003231634
2026-07-08,t5_neighbor_120i1,stress,3.184354984473648
2026-07-09,t5_neighbor_120i1,stress,3.3772942145742486
2026-07-10,t5_neighbor_120i1,stress,3.2079850028583463
2026-07-13,t5_neighbor_120i1,stress,3.0324832174720147
2026-07-14,t5_neighbor_120i1,stress,2.941135788176981
2026-07-15,t5_neighbor_120i1,stress,2.7294845896411704
2026-07-16,t5_neighbor_120i1,stress,2.555019716452947
2025-08-11,t5_neighbor_60i2,base,1.4772622693943418
2025-08-12,t5_neighbor_60i2,base,1.5233897312928766
2025-08-13,t5_neighbor_60i2,base,1.5402578314582416
2025-08-14,t5_neighbor_60i2,base,1.545639993479373
2025-08-15,t5_neighbor_60i2,base,1.5734915534233502
2025-08-18,t5_neighbor_60i2,base,1.5980956914357674
2025-08-19,t5_neighbor_60i2,base,1.6192059215236612
2025-08-20,t5_neighbor_60i2,base,1.6712577530655108
2025-08-21,t5_neighbor_60i2,base,1.6928274912751218
2025-08-22,t5_neighbor_60i2,base,1.7489630784811785
2025-08-25,t5_neighbor_60i2,base,1.7633404795967809
2025-08-26,t5_neighbor_60i2,base,1.7788706380862374
2025-08-27,t5_neighbor_60i2,base,1.8070189687626217
2025-08-28,t5_neighbor_60i2,base,1.8346296428591085
2025-08-29,t5_neighbor_60i2,base,1.8850340766467317
2025-09-01,t5_neighbor_60i2,base,1.884824644385763
2025-09-02,t5_neighbor_60i2,base,1.870391501686886
2025-09-03,t5_neighbor_60i2,base,1.8443572169423692
2025-09-04,t5_neighbor_60i2,base,1.780921011487358
2025-09-05,t5_neighbor_60i2,base,1.7635454549505558
2025-09-08,t5_neighbor_60i2,base,1.7370641673505092
2025-09-09,t5_neighbor_60i2,base,1.7603309307202375
2025-09-10,t5_neighbor_60i2,base,1.8281605884792427
2025-09-11,t5_neighbor_60i2,base,1.8729778717112109
2025-09-12,t5_neighbor_60i2,base,1.8529504091924163
2025-09-15,t5_neighbor_60i2,base,1.8258211903484554
2025-09-16,t5_neighbor_60i2,base,1.8216550349561111
2025-09-17,t5_neighbor_60i2,base,1.8352361199241214
2025-09-18,t5_neighbor_60i2,base,1.836557829301434
2025-09-19,t5_neighbor_60i2,base,1.8197487165443453
2025-09-22,t5_neighbor_60i2,base,1.8447501260387476
2025-09-23,t5_neighbor_60i2,base,1.9363370847260173
2025-09-24,t5_neighbor_60i2,base,1.9615011329089649
2025-09-25,t5_neighbor_60i2,base,1.9345186268724859
2025-09-26,t5_neighbor_60i2,base,1.9076694842928588
2025-09-29,t5_neighbor_60i2,base,1.941816432724971
2025-09-30,t5_neighbor_60i2,base,1.9919592900098055
2025-10-09,t5_neighbor_60i2,base,1.9427028564367645
2025-10-10,t5_neighbor_60i2,base,1.9360127784688093
2025-10-13,t5_neighbor_60i2,base,2.0085608259675927
2025-10-14,t5_neighbor_60i2,base,1.966254550408584
2025-10-15,t5_neighbor_60i2,base,2.0138403755490315
2025-10-16,t5_neighbor_60i2,base,1.9330705764671576
2025-10-17,t5_neighbor_60i2,base,1.9458363707668447
2025-10-20,t5_neighbor_60i2,base,1.99735587961384
2025-10-21,t5_neighbor_60i2,base,2.0050019266096286
2025-10-22,t5_neighbor_60i2,base,1.97799916956044
2025-10-23,t5_neighbor_60i2,base,2.0206297964795126
2025-10-24,t5_neighbor_60i2,base,2.109193062079944
2025-10-27,t5_neighbor_60i2,base,2.1235604877495167
2025-10-28,t5_neighbor_60i2,base,2.162728375337867
2025-10-29,t5_neighbor_60i2,base,2.1515164795084947
2025-10-30,t5_neighbor_60i2,base,2.0817809364399062
2025-10-31,t5_neighbor_60i2,base,2.055128904191533
2025-11-03,t5_neighbor_60i2,base,2.073907005863286
2025-11-04,t5_neighbor_60i2,base,2.046310104156645
2025-11-05,t5_neighbor_60i2,base,2.125962947723067
2025-11-06,t5_neighbor_60i2,base,2.1275794013335676
2025-11-07,t5_neighbor_60i2,base,2.1142483560758976
2025-11-10,t5_neighbor_60i2,base,2.0972904046583194
2025-11-11,t5_neighbor_60i2,base,2.0484293694037357
2025-11-12,t5_neighbor_60i2,base,2.0514214399289523
2025-11-13,t5_neighbor_60i2,base,2.0255363323700335
2025-11-14,t5_neighbor_60i2,base,2.0020518437602974
2025-11-17,t5_neighbor_60i2,base,1.9808499642869208
2025-11-18,t5_neighbor_60i2,base,1.9671188123906227
2025-11-19,t5_neighbor_60i2,base,1.9619190244873184
2025-11-20,t5_neighbor_60i2,base,1.8995490508506305
2025-11-21,t5_neighbor_60i2,base,1.8977687985921825
2025-11-24,t5_neighbor_60i2,base,1.9376489380990127
2025-11-25,t5_neighbor_60i2,base,1.9371050616222738
2025-11-26,t5_neighbor_60i2,base,1.932723894135845
2025-11-27,t5_neighbor_60i2,base,1.9545205839489654
2025-11-28,t5_neighbor_60i2,base,2.0024394429996715
2025-12-01,t5_neighbor_60i2,base,2.0207808286262923
2025-12-02,t5_neighbor_60i2,base,2.0161698808392776
2025-12-03,t5_neighbor_60i2,base,2.00574322162045
2025-12-04,t5_neighbor_60i2,base,2.062446728110501
2025-12-05,t5_neighbor_60i2,base,2.138692305019136
2025-12-08,t5_neighbor_60i2,base,2.1680881320009004
2025-12-09,t5_neighbor_60i2,base,2.1919807069185593
2025-12-10,t5_neighbor_60i2,base,2.197387163215922
2025-12-11,t5_neighbor_60i2,base,2.1880953342118574
2025-12-12,t5_neighbor_60i2,base,2.1988799978570936
2025-12-15,t5_neighbor_60i2,base,2.172529047041591
2025-12-16,t5_neighbor_60i2,base,2.186769810803244
2025-12-17,t5_neighbor_60i2,base,2.1845830409924405
2025-12-18,t5_neighbor_60i2,base,2.2178897005932208
2025-12-19,t5_neighbor_60i2,base,2.2156718108926277
2025-12-22,t5_neighbor_60i2,base,2.197497689777902
2025-12-23,t5_neighbor_60i2,base,2.2055114908200992
2025-12-24,t5_neighbor_60i2,base,2.2906771742137324
2025-12-25,t5_neighbor_60i2,base,2.3372799025872526
2025-12-26,t5_neighbor_60i2,base,2.351845411434489
2025-12-29,t5_neighbor_60i2,base,2.3648513830001137
2025-12-30,t5_neighbor_60i2,base,2.3907700852127394
2025-12-31,t5_neighbor_60i2,base,2.450350902571195
2026-01-05,t5_neighbor_60i2,base,2.447900551668624
2026-01-06,t5_neighbor_60i2,base,2.540434453469519
2026-01-07,t5_neighbor_60i2,base,2.6038136757234125
2026-01-08,t5_neighbor_60i2,base,2.687184934129436
2026-01-09,t5_neighbor_60i2,base,2.8319575049146386
2026-01-12,t5_neighbor_60i2,base,2.8197817585545186
2026-01-13,t5_neighbor_60i2,base,2.807248073782034
2026-01-14,t5_neighbor_60i2,base,2.7573087190254904
2026-01-15,t5_neighbor_60i2,base,2.819210465146699
2026-01-16,t5_neighbor_60i2,base,2.8245942319094848
2026-01-19,t5_neighbor_60i2,base,2.7888182947721156
2026-01-20,t5_neighbor_60i2,base,2.7548343507010853
2026-01-21,t5_neighbor_60i2,base,2.7605055671967738
2026-01-22,t5_neighbor_60i2,base,2.850848900531506
2026-01-23,t5_neighbor_60i2,base,2.829463408230866
2026-01-26,t5_neighbor_60i2,base,2.7742826462175
2026-01-27,t5_neighbor_60i2,base,2.792419569510461
2026-01-28,t5_neighbor_60i2,base,2.7468852840876585
2026-01-29,t5_neighbor_60i2,base,2.681723149394888
2026-01-30,t5_neighbor_60i2,base,2.7247869420954283
2026-02-02,t5_neighbor_60i2,base,2.735082162587048
2026-02-03,t5_neighbor_60i2,base,2.7362109318853802
2026-02-04,t5_neighbor_60i2,base,2.6662023939039954
2026-02-05,t5_neighbor_60i2,base,2.625855619033931
2026-02-06,t5_neighbor_60i2,base,2.723250398710619
2026-02-09,t5_neighbor_60i2,base,2.7672173981278165
2026-02-10,t5_neighbor_60i2,base,2.764295275263743
2026-02-11,t5_neighbor_60i2,base,2.782865057344697
2026-02-12,t5_neighbor_60i2,base,2.7246600106008074
2026-02-13,t5_neighbor_60i2,base,2.75262088763589
2026-02-24,t5_neighbor_60i2,base,2.76485129411609
2026-02-25,t5_neighbor_60i2,base,2.811143964437877
2026-02-26,t5_neighbor_60i2,base,2.80068537740525
2026-02-27,t5_neighbor_60i2,base,2.8281137895435102
2026-03-02,t5_neighbor_60i2,base,2.8414946514355472
2026-03-03,t5_neighbor_60i2,base,2.7649545704451137
2026-03-04,t5_neighbor_60i2,base,2.864638293412278
2026-03-05,t5_neighbor_60i2,base,2.8400541968798345
2026-03-06,t5_neighbor_60i2,base,2.746990294186133
2026-03-09,t5_neighbor_60i2,base,2.8177383592526986
2026-03-10,t5_neighbor_60i2,base,2.8468372280426437
2026-03-11,t5_neighbor_60i2,base,2.745873063806125
2026-03-12,t5_neighbor_60i2,base,2.671863021664156
2026-03-13,t5_neighbor_60i2,base,2.624566974901376
2026-03-16,t5_neighbor_60i2,base,2.5551267567845803
2026-03-17,t5_neighbor_60i2,base,2.504999670251741
2026-03-18,t5_neighbor_60i2,base,2.504117232594813
2026-03-19,t5_neighbor_60i2,base,2.5118989807822096
2026-03-20,t5_neighbor_60i2,base,2.40164378065782
2026-03-23,t5_neighbor_60i2,base,2.4015317633097593
2026-03-24,t5_neighbor_60i2,base,2.4855423203568225
2026-03-25,t5_neighbor_60i2,base,2.431575326071001
2026-03-26,t5_neighbor_60i2,base,2.3852450399501017
2026-03-27,t5_neighbor_60i2,base,2.396757886482024
2026-03-30,t5_neighbor_60i2,base,2.3888003413368373
2026-03-31,t5_neighbor_60i2,base,2.4269665879316626
2026-04-01,t5_neighbor_60i2,base,2.4780418430781848
2026-04-02,t5_neighbor_60i2,base,2.4937839410625804
2026-04-03,t5_neighbor_60i2,base,2.452625007942037
2026-04-07,t5_neighbor_60i2,base,2.4542290336587467
2026-04-08,t5_neighbor_60i2,base,2.4604858207539677
2026-04-09,t5_neighbor_60i2,base,2.5112955276508497
2026-04-10,t5_neighbor_60i2,base,2.5210539124854696
2026-04-13,t5_neighbor_60i2,base,2.552998379862631
2026-04-14,t5_neighbor_60i2,base,2.5223415918111107
2026-04-15,t5_neighbor_60i2,base,2.4785746726328006
2026-04-16,t5_neighbor_60i2,base,2.5617034382341157
2026-04-17,t5_neighbor_60i2,base,2.5994498775063257
2026-04-20,t5_neighbor_60i2,base,2.628878882113627
2026-04-21,t5_neighbor_60i2,base,2.695652748185602
2026-04-22,t5_neighbor_60i2,base,2.7084227984973004
2026-04-23,t5_neighbor_60i2,base,2.6388849862074895
2026-04-24,t5_neighbor_60i2,base,2.624728642122557
2026-04-27,t5_neighbor_60i2,base,2.5918321262112536
2026-04-28,t5_neighbor_60i2,base,2.5530313311948625
2026-04-29,t5_neighbor_60i2,base,2.6299678653239167
2026-04-30,t5_neighbor_60i2,base,2.686980585402861
2026-05-06,t5_neighbor_60i2,base,2.661855018021377
2026-05-07,t5_neighbor_60i2,base,2.6776099315837394
2026-05-08,t5_neighbor_60i2,base,2.7289128760190495
2026-05-11,t5_neighbor_60i2,base,2.6893437144612027
2026-05-12,t5_neighbor_60i2,base,2.6829755587434083
2026-05-13,t5_neighbor_60i2,base,2.7204432414486646
2026-05-14,t5_neighbor_60i2,base,2.7302260487681402
2026-05-15,t5_neighbor_60i2,base,2.779397279732025
2026-05-18,t5_neighbor_60i2,base,2.8385750432648527
2026-05-19,t5_neighbor_60i2,base,2.9071904221409164
2026-05-20,t5_neighbor_60i2,base,2.868090994198697
2026-05-21,t5_neighbor_60i2,base,2.7754726493727624
2026-05-22,t5_neighbor_60i2,base,2.836696558591748
2026-05-25,t5_neighbor_60i2,base,2.7797650573237607
2026-05-26,t5_neighbor_60i2,base,2.734743422125855
2026-05-27,t5_neighbor_60i2,base,2.7249707827045477
2026-05-28,t5_neighbor_60i2,base,2.7039048255400813
2026-05-29,t5_neighbor_60i2,base,2.6105253131022854
2026-06-01,t5_neighbor_60i2,base,2.6592604270602633
2026-06-02,t5_neighbor_60i2,base,2.8002692489744043
2026-06-03,t5_neighbor_60i2,base,2.7965470197452373
2026-06-04,t5_neighbor_60i2,base,2.799183515315012
2026-06-05,t5_neighbor_60i2,base,2.6450620416075266
2026-06-08,t5_neighbor_60i2,base,2.7903155744858
2026-06-09,t5_neighbor_60i2,base,2.7978784126844434
2026-06-10,t5_neighbor_60i2,base,2.7610928495378513
2026-06-11,t5_neighbor_60i2,base,2.824031536505395
2026-06-12,t5_neighbor_60i2,base,2.815855047567102
2026-06-15,t5_neighbor_60i2,base,2.8738814281759435
2026-06-16,t5_neighbor_60i2,base,2.910128092474609
2026-06-17,t5_neighbor_60i2,base,3.0822098471123667
2026-06-18,t5_neighbor_60i2,base,3.183822145626401
2026-06-22,t5_neighbor_60i2,base,3.159363900947201
2026-06-23,t5_neighbor_60i2,base,3.203234756465957
2026-06-24,t5_neighbor_60i2,base,3.346408197766797
2026-06-25,t5_neighbor_60i2,base,3.3394150844390915
2026-06-26,t5_neighbor_60i2,base,3.3820910105918807
2026-06-29,t5_neighbor_60i2,base,3.50492672889784
2026-06-30,t5_neighbor_60i2,base,3.5706148368559183
2026-07-01,t5_neighbor_60i2,base,3.173264235778869
2026-07-02,t5_neighbor_60i2,base,3.053375877650313
2026-07-03,t5_neighbor_60i2,base,3.0825052432333244
2026-07-06,t5_neighbor_60i2,base,3.004732384572213
2026-07-07,t5_neighbor_60i2,base,2.9977059499419183
2026-07-08,t5_neighbor_60i2,base,3.106463681942176
2026-07-09,t5_neighbor_60i2,base,3.2225563937012573
2026-07-10,t5_neighbor_60i2,base,3.0425466562995376
2026-07-13,t5_neighbor_60i2,base,2.8642321501198436
2026-07-14,t5_neighbor_60i2,base,2.8011859776531276
2026-07-15,t5_neighbor_60i2,base,2.6295069879842274
2026-07-16,t5_neighbor_60i2,base,2.470600000746805
2025-08-11,t5_neighbor_60i2,stress,1.2717244737180942
2025-08-12,t5_neighbor_60i2,stress,1.2978583944806898
2025-08-13,t5_neighbor_60i2,stress,1.3382336399276251
2025-08-14,t5_neighbor_60i2,stress,1.3297724119697156
2025-08-15,t5_neighbor_60i2,stress,1.3630330170362874
2025-08-18,t5_neighbor_60i2,stress,1.371817536288757
2025-08-19,t5_neighbor_60i2,stress,1.3959808600545174
2025-08-20,t5_neighbor_60i2,stress,1.448925797852829
2025-08-21,t5_neighbor_60i2,stress,1.466405219034849
2025-08-22,t5_neighbor_60i2,stress,1.5113159924271646
2025-08-25,t5_neighbor_60i2,stress,1.5467937430736103
2025-08-26,t5_neighbor_60i2,stress,1.5328355483079732
2025-08-27,t5_neighbor_60i2,stress,1.5320973849745512
2025-08-28,t5_neighbor_60i2,stress,1.6151186705437859
2025-08-29,t5_neighbor_60i2,stress,1.6077499231264956
2025-09-01,t5_neighbor_60i2,stress,1.6730404580956313
2025-09-02,t5_neighbor_60i2,stress,1.6057532944427817
2025-09-03,t5_neighbor_60i2,stress,1.6819397722818399
2025-09-04,t5_neighbor_60i2,stress,1.5264601516731169
2025-09-05,t5_neighbor_60i2,stress,1.567593454977332
2025-09-08,t5_neighbor_60i2,stress,1.516381845323822
2025-09-09,t5_neighbor_60i2,stress,1.5454561792314385
2025-09-10,t5_neighbor_60i2,stress,1.5283421136143038
2025-09-11,t5_neighbor_60i2,stress,1.6435854304434945
2025-09-12,t5_neighbor_60i2,stress,1.618600910591967
2025-09-15,t5_neighbor_60i2,stress,1.6014025234020772
2025-09-16,t5_neighbor_60i2,stress,1.5705331781591139
2025-09-17,t5_neighbor_60i2,stress,1.5794925721635793
2025-09-18,t5_neighbor_60i2,stress,1.6189208240945803
2025-09-19,t5_neighbor_60i2,stress,1.594950291862584
2025-09-22,t5_neighbor_60i2,stress,1.6271643556086033
2025-09-23,t5_neighbor_60i2,stress,1.6053770535752223
2025-09-24,t5_neighbor_60i2,stress,1.6734366832273238
2025-09-25,t5_neighbor_60i2,stress,1.6848064425613125
2025-09-26,t5_neighbor_60i2,stress,1.654226166347724
2025-09-29,t5_neighbor_60i2,stress,1.6777251404135012
2025-09-30,t5_neighbor_60i2,stress,1.7097274331200487
2025-10-09,t5_neighbor_60i2,stress,1.6989892344072604
2025-10-10,t5_neighbor_60i2,stress,1.5963278284627616
2025-10-13,t5_neighbor_60i2,stress,1.7482850325997856
2025-10-14,t5_neighbor_60i2,stress,1.6772385715436753
2025-10-15,t5_neighbor_60i2,stress,1.7447239556401584
2025-10-16,t5_neighbor_60i2,stress,1.6983799261714227
2025-10-17,t5_neighbor_60i2,stress,1.642727373825172
2025-10-20,t5_neighbor_60i2,stress,1.7004405141014756
2025-10-21,t5_neighbor_60i2,stress,1.7378223078724175
2025-10-22,t5_neighbor_60i2,stress,1.716607582125668
2025-10-23,t5_neighbor_60i2,stress,1.7281452319242114
2025-10-24,t5_neighbor_60i2,stress,1.7969810882385555
2025-10-27,t5_neighbor_60i2,stress,1.815065129672094
2025-10-28,t5_neighbor_60i2,stress,1.8443074429466635
2025-10-29,t5_neighbor_60i2,stress,1.8656539242913246
2025-10-30,t5_neighbor_60i2,stress,1.8116268906046613
2025-10-31,t5_neighbor_60i2,stress,1.749228886852368
2025-11-03,t5_neighbor_60i2,stress,1.7867472243374
2025-11-04,t5_neighbor_60i2,stress,1.7312255795951375
2025-11-05,t5_neighbor_60i2,stress,1.8059216958772126
2025-11-06,t5_neighbor_60i2,stress,1.824457781092972
2025-11-07,t5_neighbor_60i2,stress,1.8326637381293722
2025-11-10,t5_neighbor_60i2,stress,1.8230848128431838
2025-11-11,t5_neighbor_60i2,stress,1.7587370248849077
2025-11-12,t5_neighbor_60i2,stress,1.7603067674112076
2025-11-13,t5_neighbor_60i2,stress,1.750380319785814
2025-11-14,t5_neighbor_60i2,stress,1.730397573953024
2025-11-17,t5_neighbor_60i2,stress,1.702181961970906
2025-11-18,t5_neighbor_60i2,stress,1.673601184290202
2025-11-19,t5_neighbor_60i2,stress,1.6715276299710122
2025-11-20,t5_neighbor_60i2,stress,1.6349230347383144
2025-11-21,t5_neighbor_60i2,stress,1.6023088614880312
2025-11-24,t5_neighbor_60i2,stress,1.6325424388006815
2025-11-25,t5_neighbor_60i2,stress,1.667000232946639
2025-11-26,t5_neighbor_60i2,stress,1.6490439194758104
2025-11-27,t5_neighbor_60i2,stress,1.652287771909911
2025-11-28,t5_neighbor_60i2,stress,1.699300105578574
2025-12-01,t5_neighbor_60i2,stress,1.7187039884636117
2025-12-02,t5_neighbor_60i2,stress,1.7271551056941559
2025-12-03,t5_neighbor_60i2,stress,1.6893417214691575
2025-12-04,t5_neighbor_60i2,stress,1.7447900703395036
2025-12-05,t5_neighbor_60i2,stress,1.798774536010101
2025-12-08,t5_neighbor_60i2,stress,1.8258941088572673
2025-12-09,t5_neighbor_60i2,stress,1.865508726975666
2025-12-10,t5_neighbor_60i2,stress,1.898004854312873
2025-12-11,t5_neighbor_60i2,stress,1.8505133435804872
2025-12-12,t5_neighbor_60i2,stress,1.869660582381013
2025-12-15,t5_neighbor_60i2,stress,1.8734123317480689
2025-12-16,t5_neighbor_60i2,stress,1.8417867937562715
2025-12-17,t5_neighbor_60i2,stress,1.8709502347580582
2025-12-18,t5_neighbor_60i2,stress,1.8672083342885422
2025-12-19,t5_neighbor_60i2,stress,1.8973699670211175
2025-12-22,t5_neighbor_60i2,stress,1.8935752270870752
2025-12-23,t5_neighbor_60i2,stress,1.8425237522509308
2025-12-24,t5_neighbor_60i2,stress,1.9148399937317613
2025-12-25,t5_neighbor_60i2,stress,1.9829101246606242
2025-12-26,t5_neighbor_60i2,stress,1.9816736009686022
2025-12-29,t5_neighbor_60i2,stress,1.9943768901825334
2025-12-30,t5_neighbor_60i2,stress,2.0091230287204995
2025-12-31,t5_neighbor_60i2,stress,2.1021339910712533
2026-01-05,t5_neighbor_60i2,stress,2.100327703877271
2026-01-06,t5_neighbor_60i2,stress,2.096127048469517
2026-01-07,t5_neighbor_60i2,stress,2.1261682547654157
2026-01-08,t5_neighbor_60i2,stress,2.2012046210077
2026-01-09,t5_neighbor_60i2,stress,2.3210303719769185
2026-01-12,t5_neighbor_60i2,stress,2.403914640132472
2026-01-13,t5_neighbor_60i2,stress,2.2949985242319553
2026-01-14,t5_neighbor_60i2,stress,2.2821666186924285
2026-01-15,t5_neighbor_60i2,stress,2.3339984693570073
2026-01-16,t5_neighbor_60i2,stress,2.3441752160481113
2026-01-19,t5_neighbor_60i2,stress,2.355402296686476
2026-01-20,t5_neighbor_60i2,stress,2.281526671674934
2026-01-21,t5_neighbor_60i2,stress,2.3045808694482233
2026-01-22,t5_neighbor_60i2,stress,2.319195284717895
2026-01-23,t5_neighbor_60i2,stress,2.4193956169316433
2026-01-26,t5_neighbor_60i2,stress,2.2771438458380517
2026-01-27,t5_neighbor_60i2,stress,2.3624013236613726
2026-01-28,t5_neighbor_60i2,stress,2.3274844292376042
2026-01-29,t5_neighbor_60i2,stress,2.2613130782997217
2026-01-30,t5_neighbor_60i2,stress,2.2817357972202217
2026-02-02,t5_neighbor_60i2,stress,2.28542940784166
2026-02-03,t5_neighbor_60i2,stress,2.31794756536082
2026-02-04,t5_neighbor_60i2,stress,2.275662329370784
2026-02-05,t5_neighbor_60i2,stress,2.1931580568528615
2026-02-06,t5_neighbor_60i2,stress,2.2897942889925673
2026-02-09,t5_neighbor_60i2,stress,2.322600724770468
2026-02-10,t5_neighbor_60i2,stress,2.3705667340814296
2026-02-11,t5_neighbor_60i2,stress,2.36128127482019
2026-02-12,t5_neighbor_60i2,stress,2.38357175211687
2026-02-13,t5_neighbor_60i2,stress,2.3314930024858924
2026-02-24,t5_neighbor_60i2,stress,2.3905985279852318
2026-02-25,t5_neighbor_60i2,stress,2.3829850723116066
2026-02-26,t5_neighbor_60i2,stress,2.4133049718412307
2026-02-27,t5_neighbor_60i2,stress,2.382009377488761
2026-03-02,t5_neighbor_60i2,stress,2.4746646783858814
2026-03-03,t5_neighbor_60i2,stress,2.3369373935350097
2026-03-04,t5_neighbor_60i2,stress,2.433912541684656
2026-03-05,t5_neighbor_60i2,stress,2.464648976407731
2026-03-06,t5_neighbor_60i2,stress,2.3657654917177604
2026-03-09,t5_neighbor_60i2,stress,2.4015546082151737
2026-03-10,t5_neighbor_60i2,stress,2.4563837311144887
2026-03-11,t5_neighbor_60i2,stress,2.3558569271645964
2026-03-12,t5_neighbor_60i2,stress,2.3050885880939864
2026-03-13,t5_neighbor_60i2,stress,2.2664525823070134
2026-03-16,t5_neighbor_60i2,stress,2.2606703402495194
2026-03-17,t5_neighbor_60i2,stress,2.1286411730659296
2026-03-18,t5_neighbor_60i2,stress,2.1384757780153625
2026-03-19,t5_neighbor_60i2,stress,2.1653375438046667
2026-03-20,t5_neighbor_60i2,stress,2.0796096272559144
2026-03-23,t5_neighbor_60i2,stress,2.058040621176732
2026-03-24,t5_neighbor_60i2,stress,2.1493860033899614
2026-03-25,t5_neighbor_60i2,stress,2.1110098460121107
2026-03-26,t5_neighbor_60i2,stress,2.0239190029977863
2026-03-27,t5_neighbor_60i2,stress,2.028371828603997
2026-03-30,t5_neighbor_60i2,stress,2.087727648291632
2026-03-31,t5_neighbor_60i2,stress,2.0583326112514877
2026-04-01,t5_neighbor_60i2,stress,2.0898649989973324
2026-04-02,t5_neighbor_60i2,stress,2.1374404162965193
2026-04-03,t5_neighbor_60i2,stress,2.090555442050461
2026-04-07,t5_neighbor_60i2,stress,2.0812227896079247
2026-04-08,t5_neighbor_60i2,stress,2.0812227896079247
2026-04-09,t5_neighbor_60i2,stress,2.083789032258489
2026-04-10,t5_neighbor_60i2,stress,2.077597411630023
2026-04-13,t5_neighbor_60i2,stress,2.0677117148096107
2026-04-14,t5_neighbor_60i2,stress,2.0978421090886408
2026-04-15,t5_neighbor_60i2,stress,1.9986339000241733
2026-04-16,t5_neighbor_60i2,stress,2.05685899609002
2026-04-17,t5_neighbor_60i2,stress,2.099579474148453
2026-04-20,t5_neighbor_60i2,stress,2.1079094349774357
2026-04-21,t5_neighbor_60i2,stress,2.1785017222473075
2026-04-22,t5_neighbor_60i2,stress,2.2357039318973224
2026-04-23,t5_neighbor_60i2,stress,2.1758563688056274
2026-04-24,t5_neighbor_60i2,stress,2.1532138305145665
2026-04-27,t5_neighbor_60i2,stress,2.1260725180171804
2026-04-28,t5_neighbor_60i2,stress,2.0744561134802484
2026-04-29,t5_neighbor_60i2,stress,2.125432159876008
2026-04-30,t5_neighbor_60i2,stress,2.212490322377841
2026-05-06,t5_neighbor_60i2,stress,2.145081998635587
2026-05-07,t5_neighbor_60i2,stress,2.182690669549499
2026-05-08,t5_neighbor_60i2,stress,2.222069412873991
2026-05-11,t5_neighbor_60i2,stress,2.2374902446393135
2026-05-12,t5_neighbor_60i2,stress,2.132994667363409
2026-05-13,t5_neighbor_60i2,stress,2.2493545842222247
2026-05-14,t5_neighbor_60i2,stress,2.190050669050674
2026-05-15,t5_neighbor_60i2,stress,2.2430092815110774
2026-05-18,t5_neighbor_60i2,stress,2.2431826115494737
2026-05-19,t5_neighbor_60i2,stress,2.327552606991375
2026-05-20,t5_neighbor_60i2,stress,2.3758048500351556
2026-05-21,t5_neighbor_60i2,stress,2.2267305399904824
2026-05-22,t5_neighbor_60i2,stress,2.306237164319388
2026-05-25,t5_neighbor_60i2,stress,2.2943803459446914
2026-05-26,t5_neighbor_60i2,stress,2.2182610607810225
2026-05-27,t5_neighbor_60i2,stress,2.190068329248988
2026-05-28,t5_neighbor_60i2,stress,2.239121104886542
2026-05-29,t5_neighbor_60i2,stress,2.0946411657890587
2026-06-01,t5_neighbor_60i2,stress,2.0858485317392255
2026-06-02,t5_neighbor_60i2,stress,2.188354729336812
2026-06-03,t5_neighbor_60i2,stress,2.2063772207875516
2026-06-04,t5_neighbor_60i2,stress,2.241552263148144
2026-06-05,t5_neighbor_60i2,stress,2.1133086207453458
2026-06-08,t5_neighbor_60i2,stress,2.1418025271895527
2026-06-09,t5_neighbor_60i2,stress,2.2923995977400744
2026-06-10,t5_neighbor_60i2,stress,2.203320499821889
2026-06-11,t5_neighbor_60i2,stress,2.291336774617398
2026-06-12,t5_neighbor_60i2,stress,2.297256195751127
2026-06-15,t5_neighbor_60i2,stress,2.4028694325004816
2026-06-16,t5_neighbor_60i2,stress,2.3358567657640665
2026-06-17,t5_neighbor_60i2,stress,2.4838668441830403
2026-06-18,t5_neighbor_60i2,stress,2.6640462942561554
2026-06-22,t5_neighbor_60i2,stress,2.6377059018706515
2026-06-23,t5_neighbor_60i2,stress,2.6071382025171683
2026-06-24,t5_neighbor_60i2,stress,2.757548770327469
2026-06-25,t5_neighbor_60i2,stress,2.7878471221943553
2026-06-26,t5_neighbor_60i2,stress,2.7961180121687765
2026-06-29,t5_neighbor_60i2,stress,2.8538928694816734
2026-06-30,t5_neighbor_60i2,stress,2.96047516397053
2026-07-01,t5_neighbor_60i2,stress,2.6842188628315906
2026-07-02,t5_neighbor_60i2,stress,2.450519880439983
2026-07-03,t5_neighbor_60i2,stress,2.5560681200661555
2026-07-06,t5_neighbor_60i2,stress,2.4292359562902712
2026-07-07,t5_neighbor_60i2,stress,2.4506501174241446
2026-07-08,t5_neighbor_60i2,stress,2.471924666235419
2026-07-09,t5_neighbor_60i2,stress,2.624991521295196
2026-07-10,t5_neighbor_60i2,stress,2.531938578499841
2026-07-13,t5_neighbor_60i2,stress,2.3790910238674328
2026-07-14,t5_neighbor_60i2,stress,2.3572673483256197
2026-07-15,t5_neighbor_60i2,stress,2.181346551075549
2026-07-16,t5_neighbor_60i2,stress,2.0958589378627615
2025-08-11,t5_volatility_control_30,base,1.3504238804787618
2025-08-12,t5_volatility_control_30,base,1.39259081818793
2025-08-13,t5_volatility_control_30,base,1.4080106158457664
2025-08-14,t5_volatility_control_30,base,1.4129306630659
2025-08-15,t5_volatility_control_30,base,1.43839087580954
2025-08-18,t5_volatility_control_30,base,1.4608824916985628
2025-08-19,t5_volatility_control_30,base,1.4801801881358927
2025-08-20,t5_volatility_control_30,base,1.5277628265021932
2025-08-21,t5_volatility_control_30,base,1.5474805774915796
2025-08-22,t5_volatility_control_30,base,1.5987963384626067
2025-08-25,t5_volatility_control_30,base,1.6119392895877929
2025-08-26,t5_volatility_control_30,base,1.6261360218311343
2025-08-27,t5_volatility_control_30,base,1.6382003507379648
2025-08-28,t5_volatility_control_30,base,1.651397253301216
2025-08-29,t5_volatility_control_30,base,1.682807609577237
2025-09-01,t5_volatility_control_30,base,1.6843988708800786
2025-09-02,t5_volatility_control_30,base,1.6805049521367688
2025-09-03,t5_volatility_control_30,base,1.6761765591548345
2025-09-04,t5_volatility_control_30,base,1.6352880554773426
2025-09-05,t5_volatility_control_30,base,1.6120292547257284
2025-09-08,t5_volatility_control_30,base,1.6004629855544947
2025-09-09,t5_volatility_control_30,base,1.6121087955294073
2025-09-10,t5_volatility_control_30,base,1.6428460751620004
2025-09-11,t5_volatility_control_30,base,1.6684696925223468
2025-09-12,t5_volatility_control_30,base,1.663540551193254
2025-09-15,t5_volatility_control_30,base,1.6426498304608033
2025-09-16,t5_volatility_control_30,base,1.633077432935701
2025-09-17,t5_volatility_control_30,base,1.6284692116486255
2025-09-18,t5_volatility_control_30,base,1.6299586828148593
2025-09-19,t5_volatility_control_30,base,1.6172662666248065
2025-09-22,t5_volatility_control_30,base,1.6234379427555317
2025-09-23,t5_volatility_control_30,base,1.6735239950780614
2025-09-24,t5_volatility_control_30,base,1.6770777746671237
2025-09-25,t5_volatility_control_30,base,1.6608415730635475
2025-09-26,t5_volatility_control_30,base,1.6403442872326959
2025-09-29,t5_volatility_control_30,base,1.660233020129986
2025-09-30,t5_volatility_control_30,base,1.693869820774092
2025-10-09,t5_volatility_control_30,base,1.6696602312338757
2025-10-10,t5_volatility_control_30,base,1.6845689511492266
2025-10-13,t5_volatility_control_30,base,1.7410567097606755
2025-10-14,t5_volatility_control_30,base,1.716526893077634
2025-10-15,t5_volatility_control_30,base,1.7441479679621048
2025-10-16,t5_volatility_control_30,base,1.687518384954218
2025-10-17,t5_volatility_control_30,base,1.7028404985358472
2025-10-20,t5_volatility_control_30,base,1.743309135975223
2025-10-21,t5_volatility_control_30,base,1.7487505504767964
2025-10-22,t5_volatility_control_30,base,1.7277531899137537
2025-10-23,t5_volatility_control_30,base,1.757438547788153
2025-10-24,t5_volatility_control_30,base,1.8152241213386313
2025-10-27,t5_volatility_control_30,base,1.82449784482055
2025-10-28,t5_volatility_control_30,base,1.8408634359336469
2025-10-29,t5_volatility_control_30,base,1.8360917851532839
2025-10-30,t5_volatility_control_30,base,1.8063358295329277
2025-10-31,t5_volatility_control_30,base,1.7885443500896328
2025-11-03,t5_volatility_control_30,base,1.7962663052973156
2025-11-04,t5_volatility_control_30,base,1.7843150981009237
2025-11-05,t5_volatility_control_30,base,1.8190424278183353
2025-11-06,t5_volatility_control_30,base,1.8197339727258441
2025-11-07,t5_volatility_control_30,base,1.8140329032540956
2025-11-10,t5_volatility_control_30,base,1.8067579107597498
2025-11-11,t5_volatility_control_30,base,1.7857116927972658
2025-11-12,t5_volatility_control_30,base,1.7876687633734216
2025-11-13,t5_volatility_control_30,base,1.7707509823708345
2025-11-14,t5_volatility_control_30,base,1.7553531415823498
2025-11-17,t5_volatility_control_30,base,1.7414079907947153
2025-11-18,t5_volatility_control_30,base,1.7323544766217083
2025-11-19,t5_volatility_control_30,base,1.728920059317438
2025-11-20,t5_volatility_control_30,base,1.6876979074955447
2025-11-21,t5_volatility_control_30,base,1.6865116280427774
2025-11-24,t5_volatility_control_30,base,1.7130921784723654
2025-11-25,t5_volatility_control_30,base,1.712731775328369
2025-11-26,t5_volatility_control_30,base,1.7098264999838464
2025-11-27,t5_volatility_control_30,base,1.7286771413986104
2025-11-28,t5_volatility_control_30,base,1.771059010877566
2025-12-01,t5_volatility_control_30,base,1.7872810626352693
2025-12-02,t5_volatility_control_30,base,1.7832029065365036
2025-12-03,t5_volatility_control_30,base,1.7739810402636378
2025-12-04,t5_volatility_control_30,base,1.8241324975117639
2025-12-05,t5_volatility_control_30,base,1.891567953048593
2025-12-08,t5_volatility_control_30,base,1.9175671134428085
2025-12-09,t5_volatility_control_30,base,1.932932613301067
2025-12-10,t5_volatility_control_30,base,1.936508254614848
2025-12-11,t5_volatility_control_30,base,1.9278374932420084
2025-12-12,t5_volatility_control_30,base,1.934480182701142
2025-12-15,t5_volatility_control_30,base,1.9108199234802723
2025-12-16,t5_volatility_control_30,base,1.9233452037099648
2025-12-17,t5_volatility_control_30,base,1.9514151307195855
2025-12-18,t5_volatility_control_30,base,1.9831500083020253
2025-12-19,t5_volatility_control_30,base,2.0229416490150713
2025-12-22,t5_volatility_control_30,base,2.0083567601706904
2025-12-23,t5_volatility_control_30,base,2.0156808049570065
2025-12-24,t5_volatility_control_30,base,2.093516188709081
2025-12-25,t5_volatility_control_30,base,2.136107771401856
2025-12-26,t5_volatility_control_30,base,2.1494196116348396
2025-12-29,t5_volatility_control_30,base,2.1613061455947684
2025-12-30,t5_volatility_control_30,base,2.1849939979396047
2025-12-31,t5_volatility_control_30,base,2.239446631894566
2026-01-05,t5_volatility_control_30,base,2.269633131321399
2026-01-06,t5_volatility_control_30,base,2.3554282871558927
2026-01-07,t5_volatility_control_30,base,2.414191941817747
2026-01-08,t5_volatility_control_30,base,2.4914917202541234
2026-01-09,t5_volatility_control_30,base,2.625721284006903
2026-01-12,t5_volatility_control_30,base,2.6144322317132316
2026-01-13,t5_volatility_control_30,base,2.6050651095948885
2026-01-14,t5_volatility_control_30,base,2.5703081339235103
2026-01-15,t5_volatility_control_30,base,2.6135858127507596
2026-01-16,t5_volatility_control_30,base,2.617329131120654
2026-01-19,t5_volatility_control_30,base,2.592466072542641
2026-01-20,t5_volatility_control_30,base,2.5687726441699983
2026-01-21,t5_volatility_control_30,base,2.5727387807698947
2026-01-22,t5_volatility_control_30,base,2.6358874844030975
2026-01-23,t5_volatility_control_30,base,2.621057756451044
2026-01-26,t5_volatility_control_30,base,2.5827204615081367
2026-01-27,t5_volatility_control_30,base,2.590519508253368
2026-01-28,t5_volatility_control_30,base,2.5693984962159777
2026-01-29,t5_volatility_control_30,base,2.5389226165242205
2026-01-30,t5_volatility_control_30,base,2.5672217803327615
2026-02-02,t5_volatility_control_30,base,2.5733590449693406
2026-02-03,t5_volatility_control_30,base,2.573890058026879
2026-02-04,t5_volatility_control_30,base,2.540962355380226
2026-02-05,t5_volatility_control_30,base,2.5217365763583044
2026-02-06,t5_volatility_control_30,base,2.5685030429676567
2026-02-09,t5_volatility_control_30,base,2.593479404398488
2026-02-10,t5_volatility_control_30,base,2.604989018236406
2026-02-11,t5_volatility_control_30,base,2.6092841257731667
2026-02-12,t5_volatility_control_30,base,2.5648786200111324
2026-02-13,t5_volatility_control_30,base,2.5641349115590706
2026-02-24,t5_volatility_control_30,base,2.565520712556839
2026-02-25,t5_volatility_control_30,base,2.582457579550304
2026-02-26,t5_volatility_control_30,base,2.572889006851906
2026-02-27,t5_volatility_control_30,base,2.5845958438209196
2026-03-02,t5_volatility_control_30,base,2.5973261504921146
2026-03-03,t5_volatility_control_30,base,2.559588306491844
2026-03-04,t5_volatility_control_30,base,2.627474464564294
2026-03-05,t5_volatility_control_30,base,2.6037097956403072
2026-03-06,t5_volatility_control_30,base,2.533451684684458
2026-03-09,t5_volatility_control_30,base,2.579555829543199
2026-03-10,t5_volatility_control_30,base,2.597378479678913
2026-03-11,t5_volatility_control_30,base,2.5137544724514673
2026-03-12,t5_volatility_control_30,base,2.456763072191961
2026-03-13,t5_volatility_control_30,base,2.4230858330808402
2026-03-16,t5_volatility_control_30,base,2.3716278143892784
2026-03-17,t5_volatility_control_30,base,2.3284739078015644
2026-03-18,t5_volatility_control_30,base,2.330889646383412
2026-03-19,t5_volatility_control_30,base,2.3324217133950724
2026-03-20,t5_volatility_control_30,base,2.2510493925464496
2026-03-23,t5_volatility_control_30,base,2.2491505321444185
2026-03-24,t5_volatility_control_30,base,2.307148095187355
2026-03-25,t5_volatility_control_30,base,2.259185316979374
2026-03-26,t5_volatility_control_30,base,2.2265915066012503
2026-03-27,t5_volatility_control_30,base,2.234103109556906
2026-03-30,t5_volatility_control_30,base,2.225847170115406
2026-03-31,t5_volatility_control_30,base,2.254085758409265
2026-04-01,t5_volatility_control_30,base,2.3020987114291676
2026-04-02,t5_volatility_control_30,base,2.314790331458569
2026-04-03,t5_volatility_control_30,base,2.2771553343032376
2026-04-07,t5_volatility_control_30,base,2.278644602212248
2026-04-08,t5_volatility_control_30,base,2.284453756103832
2026-04-09,t5_volatility_control_30,base,2.3194465649397915
2026-04-10,t5_volatility_control_30,base,2.3175593831559125
2026-04-13,t5_volatility_control_30,base,2.337073960136316
2026-04-14,t5_volatility_control_30,base,2.309388487351007
2026-04-15,t5_volatility_control_30,base,2.2698332014946563
2026-04-16,t5_volatility_control_30,base,2.330494901674751
2026-04-17,t5_volatility_control_30,base,2.3554864241229576
2026-04-20,t5_volatility_control_30,base,2.384441490229766
2026-04-21,t5_volatility_control_30,base,2.4384693475302734
2026-04-22,t5_volatility_control_30,base,2.4494085439003443
2026-04-23,t5_volatility_control_30,base,2.3865208324096185
2026-04-24,t5_volatility_control_30,base,2.373718300186339
2026-04-27,t5_volatility_control_30,base,2.3439677726164168
2026-04-28,t5_volatility_control_30,base,2.3162306422192116
2026-04-29,t5_volatility_control_30,base,2.3854345930903285
2026-04-30,t5_volatility_control_30,base,2.4371462951668628
2026-05-06,t5_volatility_control_30,base,2.4143568921505523
2026-05-07,t5_volatility_control_30,base,2.4286469206784016
2026-05-08,t5_volatility_control_30,base,2.4751797395759083
2026-05-11,t5_volatility_control_30,base,2.43928970150959
2026-05-12,t5_volatility_control_30,base,2.423741203001365
2026-05-13,t5_volatility_control_30,base,2.4424872273981153
2026-05-14,t5_volatility_control_30,base,2.4548753966695
2026-05-15,t5_volatility_control_30,base,2.4930044564973546
2026-05-18,t5_volatility_control_30,base,2.5383152405760123
2026-05-19,t5_volatility_control_30,base,2.5801172255700067
2026-05-20,t5_volatility_control_30,base,2.537428527476669
2026-05-21,t5_volatility_control_30,base,2.4699157917038566
2026-05-22,t5_volatility_control_30,base,2.51050905968517
2026-05-25,t5_volatility_control_30,base,2.4574643750739593
2026-05-26,t5_volatility_control_30,base,2.4319410617711394
2026-05-27,t5_volatility_control_30,base,2.4359010073206986
2026-05-28,t5_volatility_control_30,base,2.4149779768772968
2026-05-29,t5_volatility_control_30,base,2.3582887817063467
2026-06-01,t5_volatility_control_30,base,2.4005459785957872
2026-06-02,t5_volatility_control_30,base,2.4646228092648856
2026-06-03,t5_volatility_control_30,base,2.4557286019239317
2026-06-04,t5_volatility_control_30,base,2.456344503879836
2026-06-05,t5_volatility_control_30,base,2.380394959396695
2026-06-08,t5_volatility_control_30,base,2.4562354063724454
2026-06-09,t5_volatility_control_30,base,2.4722069633503794
2026-06-10,t5_volatility_control_30,base,2.4662340926162485
2026-06-11,t5_volatility_control_30,base,2.506890634555136
2026-06-12,t5_volatility_control_30,base,2.538296961667844
2026-06-15,t5_volatility_control_30,base,2.551795379839696
2026-06-16,t5_volatility_control_30,base,2.5640860675324415
2026-06-17,t5_volatility_control_30,base,2.6497081937269886
2026-06-18,t5_volatility_control_30,base,2.694666368899865
2026-06-22,t5_volatility_control_30,base,2.6809196651606326
2026-06-23,t5_volatility_control_30,base,2.7040834078786977
2026-06-24,t5_volatility_control_30,base,2.7659453908517495
2026-06-25,t5_volatility_control_30,base,2.777001313689799
2026-06-26,t5_volatility_control_30,base,2.7923073356315866
2026-06-29,t5_volatility_control_30,base,2.8437007969476626
2026-06-30,t5_volatility_control_30,base,2.872178327486039
2026-07-01,t5_volatility_control_30,base,2.687190492955606
2026-07-02,t5_volatility_control_30,base,2.6281028151610544
2026-07-03,t5_volatility_control_30,base,2.6451991662355963
2026-07-06,t5_volatility_control_30,base,2.6290764782813514
2026-07-07,t5_volatility_control_30,base,2.6406226170302216
2026-07-08,t5_volatility_control_30,base,2.66758189424058
2026-07-09,t5_volatility_control_30,base,2.706150656870653
2026-07-10,t5_volatility_control_30,base,2.5998582738437688
2026-07-13,t5_volatility_control_30,base,2.5145120155022167
2026-07-14,t5_volatility_control_30,base,2.473226712692947
2026-07-15,t5_volatility_control_30,base,2.376874302285014
2026-07-16,t5_volatility_control_30,base,2.3151458751599887
2025-08-11,t5_volatility_control_30,stress,1.221230251457055
2025-08-12,t5_volatility_control_30,stress,1.2463265166340185
2025-08-13,t5_volatility_control_30,stress,1.2850986501965995
2025-08-14,t5_volatility_control_30,stress,1.2769733779696189
2025-08-15,t5_volatility_control_30,stress,1.3089133601973
2025-08-18,t5_volatility_control_30,stress,1.317349087335788
2025-08-19,t5_volatility_control_30,stress,1.3405529986926428
2025-08-20,t5_volatility_control_30,stress,1.3913957409981144
2025-08-21,t5_volatility_control_30,stress,1.4081811362363081
2025-08-22,t5_volatility_control_30,stress,1.4513087131733753
2025-08-25,t5_volatility_control_30,stress,1.4853778085147724
2025-08-26,t5_volatility_control_30,stress,1.4719738282849286
2025-08-27,t5_volatility_control_30,stress,1.471264973960017
2025-08-28,t5_volatility_control_30,stress,1.5286016143941425
2025-08-29,t5_volatility_control_30,stress,1.516389456171701
2025-09-01,t5_volatility_control_30,stress,1.563315404355038
2025-09-02,t5_volatility_control_30,stress,1.5200695709033296
2025-09-03,t5_volatility_control_30,stress,1.5826390010528566
2025-09-04,t5_volatility_control_30,stress,1.5016607452509558
2025-09-05,t5_volatility_control_30,stress,1.503477030077787
2025-09-08,t5_volatility_control_30,stress,1.4754301871520912
2025-09-09,t5_volatility_control_30,stress,1.5013336237664385
2025-09-10,t5_volatility_control_30,stress,1.4736161607273188
2025-09-11,t5_volatility_control_30,stress,1.5464076419793467
2025-09-12,t5_volatility_control_30,stress,1.5352129547639095
2025-09-15,t5_volatility_control_30,stress,1.521141613564109
2025-09-16,t5_volatility_control_30,stress,1.4937705533682093
2025-09-17,t5_volatility_control_30,stress,1.49412327415199
2025-09-18,t5_volatility_control_30,stress,1.503854917123238
2025-09-19,t5_volatility_control_30,stress,1.4969624665360493
2025-09-22,t5_volatility_control_30,stress,1.4907454761291672
2025-09-23,t5_volatility_control_30,stress,1.515895119075227
2025-09-24,t5_volatility_control_30,stress,1.5376976561181257
2025-09-25,t5_volatility_control_30,stress,1.5412745709888072
2025-09-26,t5_volatility_control_30,stress,1.5211750285993446
2025-09-29,t5_volatility_control_30,stress,1.5207434971233982
2025-09-30,t5_volatility_control_30,stress,1.5538766060878622
2025-10-09,t5_volatility_control_30,stress,1.547060296108005
2025-10-10,t5_volatility_control_30,stress,1.5047330514172927
2025-10-13,t5_volatility_control_30,stress,1.6040775094820896
2025-10-14,t5_volatility_control_30,stress,1.5861930499477643
2025-10-15,t5_volatility_control_30,stress,1.638113370299836
2025-10-16,t5_volatility_control_30,stress,1.6085089464165945
2025-10-17,t5_volatility_control_30,stress,1.5673617183007018
2025-10-20,t5_volatility_control_30,stress,1.6224020264030208
2025-10-21,t5_volatility_control_30,stress,1.6493966955115766
2025-10-22,t5_volatility_control_30,stress,1.6351216039178031
2025-10-23,t5_volatility_control_30,stress,1.656370897541504
2025-10-24,t5_volatility_control_30,stress,1.7092721358890606
2025-10-27,t5_volatility_control_30,stress,1.7221809161736759
2025-10-28,t5_volatility_control_30,stress,1.7429903156724698
2025-10-29,t5_volatility_control_30,stress,1.7522006826912786
2025-10-30,t5_volatility_control_30,stress,1.7268298987326418
2025-10-31,t5_volatility_control_30,stress,1.6970912314994766
2025-11-03,t5_volatility_control_30,stress,1.7235290830601506
2025-11-04,t5_volatility_control_30,stress,1.695902110333292
2025-11-05,t5_volatility_control_30,stress,1.7324881285649822
2025-11-06,t5_volatility_control_30,stress,1.7413793079720643
2025-11-07,t5_volatility_control_30,stress,1.7452954533423166
2025-11-10,t5_volatility_control_30,stress,1.7407343179845134
2025-11-11,t5_volatility_control_30,stress,1.710013749748669
2025-11-12,t5_volatility_control_30,stress,1.7107768772843828
2025-11-13,t5_volatility_control_30,stress,1.7035391782184057
2025-11-14,t5_volatility_control_30,stress,1.6889531808084097
2025-11-17,t5_volatility_control_30,stress,1.6682983115215837
2025-11-18,t5_volatility_control_30,stress,1.6472801534239268
2025-11-19,t5_volatility_control_30,stress,1.6457494460595719
2025-11-20,t5_volatility_control_30,stress,1.6187193847937769
2025-11-21,t5_volatility_control_30,stress,1.5945011830783797
2025-11-24,t5_volatility_control_30,stress,1.6170658751700826
2025-11-25,t5_volatility_control_30,stress,1.642664224892616
2025-11-26,t5_volatility_control_30,stress,1.6293881795406713
2025-11-27,t5_volatility_control_30,stress,1.6317920700995614
2025-11-28,t5_volatility_control_30,stress,1.677382131552249
2025-12-01,t5_volatility_control_30,stress,1.696535738573896
2025-12-02,t5_volatility_control_30,stress,1.7048778512987943
2025-12-03,t5_volatility_control_30,stress,1.6675521930326014
2025-12-04,t5_volatility_control_30,stress,1.7222853560059106
2025-12-05,t5_volatility_control_30,stress,1.7755735172906562
2025-12-08,t5_volatility_control_30,stress,1.8023432954833536
2025-12-09,t5_volatility_control_30,stress,1.8414469549028554
2025-12-10,t5_volatility_control_30,stress,1.8645719410161734
2025-12-11,t5_volatility_control_30,stress,1.8295807218893398
2025-12-12,t5_volatility_control_30,stress,1.8475871154251904
2025-12-15,t5_volatility_control_30,stress,1.8494425233496632
2025-12-16,t5_volatility_control_30,stress,1.8173125148227454
2025-12-17,t5_volatility_control_30,stress,1.8460884222662728
2025-12-18,t5_volatility_control_30,stress,1.898985524796814
2025-12-19,t5_volatility_control_30,stress,1.9335275200197992
2025-12-22,t5_volatility_control_30,stress,1.9465470513483754
2025-12-23,t5_volatility_control_30,stress,1.89786316324616
2025-12-24,t5_volatility_control_30,stress,1.972351392037357
2025-12-25,t5_volatility_control_30,stress,2.0424659801664973
2025-12-26,t5_volatility_control_30,stress,2.0411923180154923
2025-12-29,t5_volatility_control_30,stress,2.0542771450749693
2025-12-30,t5_volatility_control_30,stress,2.0694661775621443
2025-12-31,t5_volatility_control_30,stress,2.165270684292612
2026-01-05,t5_volatility_control_30,stress,2.163410146037127
2026-01-06,t5_volatility_control_30,stress,2.203092058459316
2026-01-07,t5_volatility_control_30,stress,2.2346662624491724
2026-01-08,t5_volatility_control_30,stress,2.3135317218137295
2026-01-09,t5_volatility_control_30,stress,2.439472160658769
2026-01-12,t5_volatility_control_30,stress,2.526585999048497
2026-01-13,t5_volatility_control_30,stress,2.412111912110941
2026-01-14,t5_volatility_control_30,stress,2.400795877035871
2026-01-15,t5_volatility_control_30,stress,2.441690467845576
2026-01-16,t5_volatility_control_30,stress,2.4496751984641634
2026-01-19,t5_volatility_control_30,stress,2.458474466369569
2026-01-20,t5_volatility_control_30,stress,2.4006431551217613
2026-01-21,t5_volatility_control_30,stress,2.418836532861448
2026-01-22,t5_volatility_control_30,stress,2.4303407553957896
2026-01-23,t5_volatility_control_30,stress,2.5090925166277755
2026-01-26,t5_volatility_control_30,stress,2.3984482966942537
2026-01-27,t5_volatility_control_30,stress,2.46579768247401
2026-01-28,t5_volatility_control_30,stress,2.4463343299671845
2026-01-29,t5_volatility_control_30,stress,2.411559178428862
2026-01-30,t5_volatility_control_30,stress,2.4224490007479895
2026-02-02,t5_volatility_control_30,stress,2.437107679154091
2026-02-03,t5_volatility_control_30,stress,2.4569051971345646
2026-02-04,t5_volatility_control_30,stress,2.4344951095168557
2026-02-05,t5_volatility_control_30,stress,2.3903637273326934
2026-02-06,t5_volatility_control_30,stress,2.4430265400586326
2026-02-09,t5_volatility_control_30,stress,2.4605274556813637
2026-02-10,t5_volatility_control_30,stress,2.5064642560029946
2026-02-11,t5_volatility_control_30,stress,2.48445604557693
2026-02-12,t5_volatility_control_30,stress,2.492693593832472
2026-02-13,t5_volatility_control_30,stress,2.433630201778354
2026-02-24,t5_volatility_control_30,stress,2.4705486673102204
2026-02-25,t5_volatility_control_30,stress,2.454392556746815
2026-02-26,t5_volatility_control_30,stress,2.4682734548335548
2026-02-27,t5_volatility_control_30,stress,2.444485620291079
2026-03-02,t5_volatility_control_30,stress,2.4954906778720565
2026-03-03,t5_volatility_control_30,stress,2.432151076775626
2026-03-04,t5_volatility_control_30,stress,2.477511761977436
2026-03-05,t5_volatility_control_30,stress,2.500157947429677
2026-03-06,t5_volatility_control_30,stress,2.4149882045649926
2026-03-09,t5_volatility_control_30,stress,2.4374239996088165
2026-03-10,t5_volatility_control_30,stress,2.4804517797049246
2026-03-11,t5_volatility_control_30,stress,2.3835024278754227
2026-03-12,t5_volatility_control_30,stress,2.3446897258221986
2026-03-13,t5_volatility_control_30,stress,2.312185585228998
2026-03-16,t5_volatility_control_30,stress,2.3104832882651234
2026-03-17,t5_volatility_control_30,stress,2.195139759965753
2026-03-18,t5_volatility_control_30,stress,2.2059803261270328
2026-03-19,t5_volatility_control_30,stress,2.2235310815816796
2026-03-20,t5_volatility_control_30,stress,2.1568123346785684
2026-03-23,t5_volatility_control_30,stress,2.130203766746132
2026-03-24,t5_volatility_control_30,stress,2.2128270769455263
2026-03-25,t5_volatility_control_30,stress,2.167273755215992
2026-03-26,t5_volatility_control_30,stress,2.0977041005129657
2026-03-27,t5_volatility_control_30,stress,2.0993051683714135
2026-03-30,t5_volatility_control_30,stress,2.149330572651382
2026-03-31,t5_volatility_control_30,stress,2.1162488561777346
2026-04-01,t5_volatility_control_30,stress,2.1535657647163373
2026-04-02,t5_volatility_control_30,stress,2.2036948216570513
2026-04-03,t5_volatility_control_30,stress,2.154490145973305
2026-04-07,t5_volatility_control_30,stress,2.1459466615919887
2026-04-08,t5_volatility_control_30,stress,2.1459466615919887
2026-04-09,t5_volatility_control_30,stress,2.1485927117295867
2026-04-10,t5_volatility_control_30,stress,2.1451313776662206
2026-04-13,t5_volatility_control_30,stress,2.1599528077012407
2026-04-14,t5_volatility_control_30,stress,2.185213221014668
2026-04-15,t5_volatility_control_30,stress,2.0948967369992992
2026-04-16,t5_volatility_control_30,stress,2.140537593799743
2026-04-17,t5_volatility_control_30,stress,2.1755485263066463
2026-04-20,t5_volatility_control_30,stress,2.180327696627987
2026-04-21,t5_volatility_control_30,stress,2.257486505346541
2026-04-22,t5_volatility_control_30,stress,2.293354327551493
2026-04-23,t5_volatility_control_30,stress,2.2308475391410436
2026-04-24,t5_volatility_control_30,stress,2.2076327481508433
2026-04-27,t5_volatility_control_30,stress,2.179805483878299
2026-04-28,t5_volatility_control_30,stress,2.1268845601025586
2026-04-29,t5_volatility_control_30,stress,2.170353209845873
2026-04-30,t5_volatility_control_30,stress,2.2581217226284958
2026-05-06,t5_volatility_control_30,stress,2.1893231391550243
2026-05-07,t5_volatility_control_30,stress,2.227707468293522
2026-05-08,t5_volatility_control_30,stress,2.267898376615905
2026-05-11,t5_volatility_control_30,stress,2.283637254584352
2026-05-12,t5_volatility_control_30,stress,2.176986513300328
2026-05-13,t5_volatility_control_30,stress,2.256782829187303
2026-05-14,t5_volatility_control_30,stress,2.211715368701549
2026-05-15,t5_volatility_control_30,stress,2.262193833441756
2026-05-18,t5_volatility_control_30,stress,2.26300632652961
2026-05-19,t5_volatility_control_30,stress,2.330104726235497
2026-05-20,t5_volatility_control_30,stress,2.355204408093032
2026-05-21,t5_volatility_control_30,stress,2.227910108144471
2026-05-22,t5_volatility_control_30,stress,2.300971824508134
2026-05-25,t5_volatility_control_30,stress,2.271843704417572
2026-05-26,t5_volatility_control_30,stress,2.209398095626786
2026-05-27,t5_volatility_control_30,stress,2.203556319655952
2026-05-28,t5_volatility_control_30,stress,2.240572477659751
2026-05-29,t5_volatility_control_30,stress,2.1242225232928744
2026-06-01,t5_volatility_control_30,stress,2.133564620458931
2026-06-02,t5_volatility_control_30,stress,2.210587617684577
2026-06-03,t5_volatility_control_30,stress,2.2213396932729625
2026-06-04,t5_volatility_control_30,stress,2.230056233360779
2026-06-05,t5_volatility_control_30,stress,2.1756405677765507
2026-06-08,t5_volatility_control_30,stress,2.1643371637107274
2026-06-09,t5_volatility_control_30,stress,2.2842639544236114
2026-06-10,t5_volatility_control_30,stress,2.2403982989382203
2026-06-11,t5_volatility_control_30,stress,2.3027545165493275
2026-06-12,t5_volatility_control_30,stress,2.3194249422855395
2026-06-15,t5_volatility_control_30,stress,2.3673766540620886
2026-06-16,t5_volatility_control_30,stress,2.3173827456903697
2026-06-17,t5_volatility_control_30,stress,2.3937887283059625
2026-06-18,t5_volatility_control_30,stress,2.4946025326251355
2026-06-22,t5_volatility_control_30,stress,2.472238843705434
2026-06-23,t5_volatility_control_30,stress,2.466730906640956
2026-06-24,t5_volatility_control_30,stress,2.534686369083106
2026-06-25,t5_volatility_control_30,stress,2.553290602718429
2026-06-26,t5_volatility_control_30,stress,2.561841442198807
2026-06-29,t5_volatility_control_30,stress,2.577236584196767
2026-06-30,t5_volatility_control_30,stress,2.626628144720924
2026-07-01,t5_volatility_control_30,stress,2.485602834324661
2026-07-02,t5_volatility_control_30,stress,2.3603942307091272
2026-07-03,t5_volatility_control_30,stress,2.4117769359754564
2026-07-06,t5_volatility_control_30,stress,2.3585537464229844
2026-07-07,t5_volatility_control_30,stress,2.3983627409134645
2026-07-08,t5_volatility_control_30,stress,2.3806168255644673
2026-07-09,t5_volatility_control_30,stress,2.452012951125804
2026-07-10,t5_volatility_control_30,stress,2.373075073437592
2026-07-13,t5_volatility_control_30,stress,2.315309491527094
2026-07-14,t5_volatility_control_30,stress,2.2559602391046227
2026-07-15,t5_volatility_control_30,stress,2.2191399306609347
2026-07-16,t5_volatility_control_30,stress,2.1186009684716516
2025-08-11,challenger_a_dual_momentum,base,1.1136932604561312
2025-08-12,challenger_a_dual_momentum,base,1.1543252215762232
2025-08-13,challenger_a_dual_momentum,base,1.1744081628097667
2025-08-14,challenger_a_dual_momentum,base,1.1681000418460998
2025-08-15,challenger_a_dual_momentum,base,1.1938108579461006
2025-08-18,challenger_a_dual_momentum,base,1.2227018728063186
2025-08-19,challenger_a_dual_momentum,base,1.2224265372035734
2025-08-20,challenger_a_dual_momentum,base,1.2377038566199812
2025-08-21,challenger_a_dual_momentum,base,1.2480217389041102
2025-08-22,challenger_a_dual_momentum,base,1.3127895131876803
2025-08-25,challenger_a_dual_momentum,base,1.3294964802609348
2025-08-26,challenger_a_dual_momentum,base,1.343699381920086
2025-08-27,challenger_a_dual_momentum,base,1.3882670724287716
2025-08-28,challenger_a_dual_momentum,base,1.4289359097707313
2025-08-29,challenger_a_dual_momentum,base,1.4775618202360579
2025-09-01,challenger_a_dual_momentum,base,1.4713420505914527
2025-09-02,challenger_a_dual_momentum,base,1.4403060599157134
2025-09-03,challenger_a_dual_momentum,base,1.4072179386117991
2025-09-04,challenger_a_dual_momentum,base,1.37866018774276
2025-09-05,challenger_a_dual_momentum,base,1.3912104849107398
2025-09-08,challenger_a_dual_momentum,base,1.3694081469225576
2025-09-09,challenger_a_dual_momentum,base,1.3861442216343367
2025-09-10,challenger_a_dual_momentum,base,1.4401306712931592
2025-09-11,challenger_a_dual_momentum,base,1.4656460452747233
2025-09-12,challenger_a_dual_momentum,base,1.4430700854318756
2025-09-15,challenger_a_dual_momentum,base,1.4385345796605642
2025-09-16,challenger_a_dual_momentum,base,1.445383234912035
2025-09-17,challenger_a_dual_momentum,base,1.4653136580283874
2025-09-18,challenger_a_dual_momentum,base,1.4828296091454316
2025-09-19,challenger_a_dual_momentum,base,1.480695441911223
2025-09-22,challenger_a_dual_momentum,base,1.5063946075170147
2025-09-23,challenger_a_dual_momentum,base,1.4901049350606375
2025-09-24,challenger_a_dual_momentum,base,1.5132259638059058
2025-09-25,challenger_a_dual_momentum,base,1.5204210734341168
2025-09-26,challenger_a_dual_momentum,base,1.5154716526157714
2025-09-29,challenger_a_dual_momentum,base,1.533932637183001
2025-09-30,challenger_a_dual_momentum,base,1.5611289145949605
2025-10-09,challenger_a_dual_momentum,base,1.5542313249226136
2025-10-10,challenger_a_dual_momentum,base,1.490307369916425
2025-10-13,challenger_a_dual_momentum,base,1.4914190192550836
2025-10-14,challenger_a_dual_momentum,base,1.4621194553958343
2025-10-15,challenger_a_dual_momentum,base,1.499163212672134
2025-10-16,challenger_a_dual_momentum,base,1.4670699014411803
2025-10-17,challenger_a_dual_momentum,base,1.4762447050055725
2025-10-20,challenger_a_dual_momentum,base,1.5127620097606622
2025-10-21,challenger_a_dual_momentum,base,1.5336440048840465
2025-10-22,challenger_a_dual_momentum,base,1.5027024081501883
2025-10-23,challenger_a_dual_momentum,base,1.539437415877878
2025-10-24,challenger_a_dual_momentum,base,1.608518761663657
2025-10-27,challenger_a_dual_momentum,base,1.6194756883489387
2025-10-28,challenger_a_dual_momentum,base,1.649346013248674
2025-10-29,challenger_a_dual_momentum,base,1.6407955656298203
2025-10-30,challenger_a_dual_momentum,base,1.5876136490962938
2025-10-31,challenger_a_dual_momentum,base,1.5672882010950104
2025-11-03,challenger_a_dual_momentum,base,1.5816088099527208
2025-11-04,challenger_a_dual_momentum,base,1.560562782940312
2025-11-05,challenger_a_dual_momentum,base,1.6213078591497427
2025-11-06,challenger_a_dual_momentum,base,1.622540603561146
2025-11-07,challenger_a_dual_momentum,base,1.6123740442285432
2025-11-10,challenger_a_dual_momentum,base,1.5994415234911312
2025-11-11,challenger_a_dual_momentum,base,1.5621789829801151
2025-11-12,challenger_a_dual_momentum,base,1.566981579672437
2025-11-13,challenger_a_dual_momentum,base,1.5438842073680186
2025-11-14,challenger_a_dual_momentum,base,1.529922750710413
2025-11-17,challenger_a_dual_momentum,base,1.5200912950638739
2025-11-18,challenger_a_dual_momentum,base,1.5204018692220829
2025-11-19,challenger_a_dual_momentum,base,1.5359796562917114
2025-11-20,challenger_a_dual_momentum,base,1.4644007848009566
2025-11-21,challenger_a_dual_momentum,base,1.440000282709368
2025-11-24,challenger_a_dual_momentum,base,1.4735773308982314
2025-11-25,challenger_a_dual_momentum,base,1.5003733028145723
2025-11-26,challenger_a_dual_momentum,base,1.530810439830621
2025-11-27,challenger_a_dual_momentum,base,1.5289601989187638
2025-11-28,challenger_a_dual_momentum,base,1.558017739047399
2025-12-01,challenger_a_dual_momentum,base,1.5703711754325833
2025-12-02,challenger_a_dual_momentum,base,1.5711236610920112
2025-12-03,challenger_a_dual_momentum,base,1.5599433700011907
2025-12-04,challenger_a_dual_momentum,base,1.5869813811399822
2025-12-05,challenger_a_dual_momentum,base,1.6287373850487046
2025-12-08,challenger_a_dual_momentum,base,1.6651782014481913
2025-12-09,challenger_a_dual_momentum,base,1.672278434103018
2025-12-10,challenger_a_dual_momentum,base,1.6679192038554214
2025-12-11,challenger_a_dual_momentum,base,1.6622214199029253
2025-12-12,challenger_a_dual_momentum,base,1.6652258569359464
2025-12-15,challenger_a_dual_momentum,base,1.625856547882087
2025-12-16,challenger_a_dual_momentum,base,1.6372002819058455
2025-12-17,challenger_a_dual_momentum,base,1.645854705792648
2025-12-18,challenger_a_dual_momentum,base,1.655974654657297
2025-12-19,challenger_a_dual_momentum,base,1.6944480993867426
2025-12-22,challenger_a_dual_momentum,base,1.7094907267473636
2025-12-23,challenger_a_dual_momentum,base,1.7229510933687702
2025-12-24,challenger_a_dual_momentum,base,1.7419030831104254
2025-12-25,challenger_a_dual_momentum,base,1.7373202370677288
2025-12-26,challenger_a_dual_momentum,base,1.733947038792672
2025-12-29,challenger_a_dual_momentum,base,1.741792426393571
2025-12-30,challenger_a_dual_momentum,base,1.7608824206064966
2025-12-31,challenger_a_dual_momentum,base,1.8101453345823282
2026-01-05,challenger_a_dual_momentum,base,1.8198557474743988
2026-01-06,challenger_a_dual_momentum,base,1.8387726952164534
2026-01-07,challenger_a_dual_momentum,base,1.8629677371530842
2026-01-08,challenger_a_dual_momentum,base,1.9320169378343042
2026-01-09,challenger_a_dual_momentum,base,2.0392804482675744
2026-01-12,challenger_a_dual_momentum,base,2.043083605341988
2026-01-13,challenger_a_dual_momentum,base,2.027555469727547
2026-01-14,challenger_a_dual_momentum,base,1.9631972597613008
2026-01-15,challenger_a_dual_momentum,base,1.9713858437782272
2026-01-16,challenger_a_dual_momentum,base,1.9512213113638506
2026-01-19,challenger_a_dual_momentum,base,1.9182051612456643
2026-01-20,challenger_a_dual_momentum,base,1.8803479235517577
2026-01-21,challenger_a_dual_momentum,base,1.9139715332140517
2026-01-22,challenger_a_dual_momentum,base,1.991968468130244
2026-01-23,challenger_a_dual_momentum,base,1.9780230762823097
2026-01-26,challenger_a_dual_momentum,base,1.9375078268572232
2026-01-27,challenger_a_dual_momentum,base,1.9654718713379926
2026-01-28,challenger_a_dual_momentum,base,1.9259817913998771
2026-01-29,challenger_a_dual_momentum,base,1.874174117783998
2026-01-30,challenger_a_dual_momentum,base,1.8484043457487782
2026-02-02,challenger_a_dual_momentum,base,1.8496547240456909
2026-02-03,challenger_a_dual_momentum,base,1.834996033196283
2026-02-04,challenger_a_dual_momentum,base,1.7937375023118625
2026-02-05,challenger_a_dual_momentum,base,1.7727405310467945
2026-02-06,challenger_a_dual_momentum,base,1.822811646475125
2026-02-09,challenger_a_dual_momentum,base,1.8288173347752568
2026-02-10,challenger_a_dual_momentum,base,1.8085555324748066
2026-02-11,challenger_a_dual_momentum,base,1.7963396410891153
2026-02-12,challenger_a_dual_momentum,base,1.7827948936252562
2026-02-13,challenger_a_dual_momentum,base,1.795698787432609
2026-02-24,challenger_a_dual_momentum,base,1.8047044894629052
2026-02-25,challenger_a_dual_momentum,base,1.8394290315891821
2026-02-26,challenger_a_dual_momentum,base,1.8438138586122157
2026-02-27,challenger_a_dual_momentum,base,1.8738523371725255
2026-03-02,challenger_a_dual_momentum,base,1.829499298332439
2026-03-03,challenger_a_dual_momentum,base,1.772261486488373
2026-03-04,challenger_a_dual_momentum,base,1.8389569928452043
2026-03-05,challenger_a_dual_momentum,base,1.8532468818208003
2026-03-06,challenger_a_dual_momentum,base,1.822912550910455
2026-03-09,challenger_a_dual_momentum,base,1.8643879659656077
2026-03-10,challenger_a_dual_momentum,base,1.8665845727986812
2026-03-11,challenger_a_dual_momentum,base,1.8311585871795355
2026-03-12,challenger_a_dual_momentum,base,1.7886384869737058
2026-03-13,challenger_a_dual_momentum,base,1.7462226005702435
2026-03-16,challenger_a_dual_momentum,base,1.7211440293763987
2026-03-17,challenger_a_dual_momentum,base,1.7169025230596346
2026-03-18,challenger_a_dual_momentum,base,1.705936776449198
2026-03-19,challenger_a_dual_momentum,base,1.6911063641575534
2026-03-20,challenger_a_dual_momentum,base,1.628827202614242
2026-03-23,challenger_a_dual_momentum,base,1.6253802664912211
2026-03-24,challenger_a_dual_momentum,base,1.664931683212407
2026-03-25,challenger_a_dual_momentum,base,1.661327678422487
2026-03-26,challenger_a_dual_momentum,base,1.6322264109863975
2026-03-27,challenger_a_dual_momentum,base,1.6564863740892213
2026-03-30,challenger_a_dual_momentum,base,1.6637242896631637
2026-03-31,challenger_a_dual_momentum,base,1.65565751821144
2026-04-01,challenger_a_dual_momentum,base,1.6681573663909333
2026-04-02,challenger_a_dual_momentum,base,1.669376737452958
2026-04-03,challenger_a_dual_momentum,base,1.6530119194915653
2026-04-07,challenger_a_dual_momentum,base,1.7125494899877183
2026-04-08,challenger_a_dual_momentum,base,1.7239155960699766
2026-04-09,challenger_a_dual_momentum,base,1.741006003812534
2026-04-10,challenger_a_dual_momentum,base,1.716676483314708
2026-04-13,challenger_a_dual_momentum,base,1.7366032843180093
2026-04-14,challenger_a_dual_momentum,base,1.7502649911873394
2026-04-15,challenger_a_dual_momentum,base,1.7561347280632378
2026-04-16,challenger_a_dual_momentum,base,1.808831549950533
2026-04-17,challenger_a_dual_momentum,base,1.8565905843338202
2026-04-20,challenger_a_dual_momentum,base,1.8562054625898243
2026-04-21,challenger_a_dual_momentum,base,1.895666970283022
2026-04-22,challenger_a_dual_momentum,base,1.9385108538212452
2026-04-23,challenger_a_dual_momentum,base,1.8889898566408068
2026-04-24,challenger_a_dual_momentum,base,1.8828876640641592
2026-04-27,challenger_a_dual_momentum,base,1.8354444210564584
2026-04-28,challenger_a_dual_momentum,base,1.8186830224970634
2026-04-29,challenger_a_dual_momentum,base,1.8501459598926768
2026-04-30,challenger_a_dual_momentum,base,1.8484091627887855
2026-05-06,challenger_a_dual_momentum,base,1.8425907252210398
2026-05-07,challenger_a_dual_momentum,base,1.8686757937085656
2026-05-08,challenger_a_dual_momentum,base,1.8830313157686946
2026-05-11,challenger_a_dual_momentum,base,1.8730458018511567
2026-05-12,challenger_a_dual_momentum,base,1.863880676430335
2026-05-13,challenger_a_dual_momentum,base,1.8718071043214675
2026-05-14,challenger_a_dual_momentum,base,1.830355912834532
2026-05-15,challenger_a_dual_momentum,base,1.8293749950292666
2026-05-18,challenger_a_dual_momentum,base,1.847339629225413
2026-05-19,challenger_a_dual_momentum,base,1.9030620975875334
2026-05-20,challenger_a_dual_momentum,base,1.8555902348127415
2026-05-21,challenger_a_dual_momentum,base,1.7946739339455842
2026-05-22,challenger_a_dual_momentum,base,1.8536202682301322
2026-05-25,challenger_a_dual_momentum,base,1.823810057257694
2026-05-26,challenger_a_dual_momentum,base,1.8209432974621393
2026-05-27,challenger_a_dual_momentum,base,1.8444383332373584
2026-05-28,challenger_a_dual_momentum,base,1.832011528059165
2026-05-29,challenger_a_dual_momentum,base,1.7687429020133436
2026-06-01,challenger_a_dual_momentum,base,1.8017630326588292
2026-06-02,challenger_a_dual_momentum,base,1.897302559370221
2026-06-03,challenger_a_dual_momentum,base,1.8947805893683556
2026-06-04,challenger_a_dual_momentum,base,1.8965669282334963
2026-06-05,challenger_a_dual_momentum,base,1.7921430173448485
2026-06-08,challenger_a_dual_momentum,base,1.8905585178501836
2026-06-09,challenger_a_dual_momentum,base,1.9528914361335825
2026-06-10,challenger_a_dual_momentum,base,2.005908826996353
2026-06-11,challenger_a_dual_momentum,base,2.0920413727704803
2026-06-12,challenger_a_dual_momentum,base,2.1265180513305406
2026-06-15,challenger_a_dual_momentum,base,2.1681689115852296
2026-06-16,challenger_a_dual_momentum,base,2.195514817338521
2026-06-17,challenger_a_dual_momentum,base,2.3253400449901127
2026-06-18,challenger_a_dual_momentum,base,2.402000349939673
2026-06-22,challenger_a_dual_momentum,base,2.3770196127463237
2026-06-23,challenger_a_dual_momentum,base,2.428991488722317
2026-06-24,challenger_a_dual_momentum,base,2.5471252511821296
2026-06-25,challenger_a_dual_momentum,base,2.558267068460085
2026-06-26,challenger_a_dual_momentum,base,2.5845061454697444
2026-06-29,challenger_a_dual_momentum,base,2.663768317538194
2026-06-30,challenger_a_dual_momentum,base,2.706658442379756
2026-07-01,challenger_a_dual_momentum,base,2.377853472204603
2026-07-02,challenger_a_dual_momentum,base,2.259665174646728
2026-07-03,challenger_a_dual_momentum,base,2.2554188115798106
2026-07-06,challenger_a_dual_momentum,base,2.26754089465016
2026-07-07,challenger_a_dual_momentum,base,2.315736153516497
2026-07-08,challenger_a_dual_momentum,base,2.3595195964231532
2026-07-09,challenger_a_dual_momentum,base,2.379686168556006
2026-07-10,challenger_a_dual_momentum,base,2.16850520118211
2026-07-13,challenger_a_dual_momentum,base,2.1210130840715595
2026-07-14,challenger_a_dual_momentum,base,2.101265664438429
2026-07-15,challenger_a_dual_momentum,base,1.9461432614734637
2026-07-16,challenger_a_dual_momentum,base,1.8055544607610434
2025-08-11,challenger_a_dual_momentum,stress,1.0541613199844904
2025-08-12,challenger_a_dual_momentum,stress,1.084140880118797
2025-08-13,challenger_a_dual_momentum,stress,1.1285761849778908
2025-08-14,challenger_a_dual_momentum,stress,1.1142466336242853
2025-08-15,challenger_a_dual_momentum,stress,1.1326843466168592
2025-08-18,challenger_a_dual_momentum,stress,1.156477555024666
2025-08-19,challenger_a_dual_momentum,stress,1.1754196465814433
2025-08-20,challenger_a_dual_momentum,stress,1.1924547139232033
2025-08-21,challenger_a_dual_momentum,stress,1.17970507236421
2025-08-22,challenger_a_dual_momentum,stress,1.2339816400142234
2025-08-25,challenger_a_dual_momentum,stress,1.285233170655028
2025-08-26,challenger_a_dual_momentum,stress,1.267353484665745
2025-08-27,challenger_a_dual_momentum,stress,1.2969300869362712
2025-08-28,challenger_a_dual_momentum,stress,1.3735278352373546
2025-08-29,challenger_a_dual_momentum,stress,1.392705126718803
2025-09-01,challenger_a_dual_momentum,stress,1.4464367845859702
2025-09-02,challenger_a_dual_momentum,stress,1.3745128097759371
2025-09-03,challenger_a_dual_momentum,stress,1.4083070795378045
2025-09-04,challenger_a_dual_momentum,stress,1.2896559375622463
2025-09-05,challenger_a_dual_momentum,stress,1.3577097754067096
2025-09-08,challenger_a_dual_momentum,stress,1.3194777085651015
2025-09-09,challenger_a_dual_momentum,stress,1.3236778445485575
2025-09-10,challenger_a_dual_momentum,stress,1.3437557853419828
2025-09-11,challenger_a_dual_momentum,stress,1.412054185370813
2025-09-12,challenger_a_dual_momentum,stress,1.3895846715655336
2025-09-15,challenger_a_dual_momentum,stress,1.385496304845832
2025-09-16,challenger_a_dual_momentum,stress,1.3821629013151924
2025-09-17,challenger_a_dual_momentum,stress,1.3922568298148423
2025-09-18,challenger_a_dual_momentum,stress,1.426492653498814
2025-09-19,challenger_a_dual_momentum,stress,1.4261563011691722
2025-09-22,challenger_a_dual_momentum,stress,1.4609098298868743
2025-09-23,challenger_a_dual_momentum,stress,1.4241735008312395
2025-09-24,challenger_a_dual_momentum,stress,1.4371997179889928
2025-09-25,challenger_a_dual_momentum,stress,1.464846639700082
2025-09-26,challenger_a_dual_momentum,stress,1.4383549650363014
2025-09-29,challenger_a_dual_momentum,stress,1.477119469232063
2025-09-30,challenger_a_dual_momentum,stress,1.4723796192617695
2025-10-09,challenger_a_dual_momentum,stress,1.511643075775417
2025-10-10,challenger_a_dual_momentum,stress,1.4163937366102477
2025-10-13,challenger_a_dual_momentum,stress,1.471461562640928
2025-10-14,challenger_a_dual_momentum,stress,1.3876816965709005
2025-10-15,challenger_a_dual_momentum,stress,1.4451895076536652
2025-10-16,challenger_a_dual_momentum,stress,1.4390852635669924
2025-10-17,challenger_a_dual_momentum,stress,1.4120424250869021
2025-10-20,challenger_a_dual_momentum,stress,1.4230651149722608
2025-10-21,challenger_a_dual_momentum,stress,1.4829464979472864
2025-10-22,challenger_a_dual_momentum,stress,1.4577362720161646
2025-10-23,challenger_a_dual_momentum,stress,1.4696571413560338
2025-10-24,challenger_a_dual_momentum,stress,1.5358813859707132
2025-10-27,challenger_a_dual_momentum,stress,1.5544467262398483
2025-10-28,challenger_a_dual_momentum,stress,1.5794902452818047
2025-10-29,challenger_a_dual_momentum,stress,1.5977716653259126
2025-10-30,challenger_a_dual_momentum,stress,1.5515021710417842
2025-10-31,challenger_a_dual_momentum,stress,1.4980636629293085
2025-11-03,challenger_a_dual_momentum,stress,1.5301948828641578
2025-11-04,challenger_a_dual_momentum,stress,1.482645383127664
2025-11-05,challenger_a_dual_momentum,stress,1.54661616385578
2025-11-06,challenger_a_dual_momentum,stress,1.56249072202447
2025-11-07,challenger_a_dual_momentum,stress,1.569518416426379
2025-11-10,challenger_a_dual_momentum,stress,1.5613148931430563
2025-11-11,challenger_a_dual_momentum,stress,1.5062065630355914
2025-11-12,challenger_a_dual_momentum,stress,1.507550912112193
2025-11-13,challenger_a_dual_momentum,stress,1.498472440241104
2025-11-14,challenger_a_dual_momentum,stress,1.471221366191286
2025-11-17,challenger_a_dual_momentum,stress,1.4654200201100902
2025-11-18,challenger_a_dual_momentum,stress,1.4584004430275121
2025-11-19,challenger_a_dual_momentum,stress,1.493255383406889
2025-11-20,challenger_a_dual_momentum,stress,1.428018696216967
2025-11-21,challenger_a_dual_momentum,stress,1.3999980298578725
2025-11-24,challenger_a_dual_momentum,stress,1.4061726926496976
2025-11-25,challenger_a_dual_momentum,stress,1.4207614298053872
2025-11-26,challenger_a_dual_momentum,stress,1.463555448775429
2025-11-27,challenger_a_dual_momentum,stress,1.473407152811848
2025-11-28,challenger_a_dual_momentum,stress,1.4911264794582992
2025-12-01,challenger_a_dual_momentum,stress,1.5165832814025701
2025-12-02,challenger_a_dual_momentum,stress,1.514223767932886
2025-12-03,challenger_a_dual_momentum,stress,1.4978005166537876
2025-12-04,challenger_a_dual_momentum,stress,1.5206051660573854
2025-12-05,challenger_a_dual_momentum,stress,1.5444603831301342
2025-12-08,challenger_a_dual_momentum,stress,1.593286307524737
2025-12-09,challenger_a_dual_momentum,stress,1.6110685207783615
2025-12-10,challenger_a_dual_momentum,stress,1.6237944663415627
2025-12-11,challenger_a_dual_momentum,stress,1.582300510802026
2025-12-12,challenger_a_dual_momentum,stress,1.6116791589614743
2025-12-15,challenger_a_dual_momentum,stress,1.590732396930283
2025-12-16,challenger_a_dual_momentum,stress,1.5517147976369485
2025-12-17,challenger_a_dual_momentum,stress,1.5895546871254558
2025-12-18,challenger_a_dual_momentum,stress,1.5984676157871673
2025-12-19,challenger_a_dual_momentum,stress,1.615323473651501
2025-12-22,challenger_a_dual_momentum,stress,1.6529875998632262
2025-12-23,challenger_a_dual_momentum,stress,1.654595564454533
2025-12-24,challenger_a_dual_momentum,stress,1.6787969141518808
2025-12-25,challenger_a_dual_momentum,stress,1.6786883072697565
2025-12-26,challenger_a_dual_momentum,stress,1.6747248784592759
2025-12-29,challenger_a_dual_momentum,stress,1.6631303315083152
2025-12-30,challenger_a_dual_momentum,stress,1.6720764256319232
2025-12-31,challenger_a_dual_momentum,stress,1.7494840483851581
2026-01-05,challenger_a_dual_momentum,stress,1.730957176715696
2026-01-06,challenger_a_dual_momentum,stress,1.768542666448802
2026-01-07,challenger_a_dual_momentum,stress,1.7684216659926957
2026-01-08,challenger_a_dual_momentum,stress,1.8349390667205663
2026-01-09,challenger_a_dual_momentum,stress,1.9289265753572702
2026-01-12,challenger_a_dual_momentum,stress,2.0267891264086413
2026-01-13,challenger_a_dual_momentum,stress,1.9261481566248806
2026-01-14,challenger_a_dual_momentum,stress,1.9026108669621804
2026-01-15,challenger_a_dual_momentum,stress,1.9001357510153405
2026-01-16,challenger_a_dual_momentum,stress,1.8613640752128404
2026-01-19,challenger_a_dual_momentum,stress,1.892902321769865
2026-01-20,challenger_a_dual_momentum,stress,1.795988178337609
2026-01-21,challenger_a_dual_momentum,stress,1.8204323888898115
2026-01-22,challenger_a_dual_momentum,stress,1.8901041275129578
2026-01-23,challenger_a_dual_momentum,stress,1.943026681263
2026-01-26,challenger_a_dual_momentum,stress,1.853994232383285
2026-01-27,challenger_a_dual_momentum,stress,1.919561945888774
2026-01-28,challenger_a_dual_momentum,stress,1.8900008826386239
2026-01-29,challenger_a_dual_momentum,stress,1.8214699850526441
2026-01-30,challenger_a_dual_momentum,stress,1.8217914809317817
2026-02-02,challenger_a_dual_momentum,stress,1.789385136769499
2026-02-03,challenger_a_dual_momentum,stress,1.796661045975008
2026-02-04,challenger_a_dual_momentum,stress,1.7374762264619246
2026-02-05,challenger_a_dual_momentum,stress,1.7086507795116392
2026-02-06,challenger_a_dual_momentum,stress,1.7612732327310818
2026-02-09,challenger_a_dual_momentum,stress,1.7843938432554818
2026-02-10,challenger_a_dual_momentum,stress,1.765900757613936
2026-02-11,challenger_a_dual_momentum,stress,1.7352573168339216
2026-02-12,challenger_a_dual_momentum,stress,1.7357366696838759
2026-02-13,challenger_a_dual_momentum,stress,1.7389568862602058
2026-02-24,challenger_a_dual_momentum,stress,1.7422038590901934
2026-02-25,challenger_a_dual_momentum,stress,1.7684745741487808
2026-02-26,challenger_a_dual_momentum,stress,1.7776889709394577
2026-02-27,challenger_a_dual_momentum,stress,1.7822630584482075
2026-03-02,challenger_a_dual_momentum,stress,1.84918989447917
2026-03-03,challenger_a_dual_momentum,stress,1.6904679080374392
2026-03-04,challenger_a_dual_momentum,stress,1.7866973007240243
2026-03-05,challenger_a_dual_momentum,stress,1.8014245178776518
2026-03-06,challenger_a_dual_momentum,stress,1.7667430748716366
2026-03-09,challenger_a_dual_momentum,stress,1.8119784012366402
2026-03-10,challenger_a_dual_momentum,stress,1.834613393912093
2026-03-11,challenger_a_dual_momentum,stress,1.8045157310755602
2026-03-12,challenger_a_dual_momentum,stress,1.7627777043569561
2026-03-13,challenger_a_dual_momentum,stress,1.7189843390128976
2026-03-16,challenger_a_dual_momentum,stress,1.7072858161312656
2026-03-17,challenger_a_dual_momentum,stress,1.6560056580857023
2026-03-18,challenger_a_dual_momentum,stress,1.6579763084817436
2026-03-19,challenger_a_dual_momentum,stress,1.6667681857230174
2026-03-20,challenger_a_dual_momentum,stress,1.5962193342976125
2026-03-23,challenger_a_dual_momentum,stress,1.5980852015435865
2026-03-24,challenger_a_dual_momentum,stress,1.6106812830859056
2026-03-25,challenger_a_dual_momentum,stress,1.6443757206883272
2026-03-26,challenger_a_dual_momentum,stress,1.5729691677169402
2026-03-27,challenger_a_dual_momentum,stress,1.587049454384483
2026-03-30,challenger_a_dual_momentum,stress,1.6478544256336252
2026-03-31,challenger_a_dual_momentum,stress,1.6154177583562723
2026-04-01,challenger_a_dual_momentum,stress,1.6207853188131895
2026-04-02,challenger_a_dual_momentum,stress,1.6544843026747629
2026-04-03,challenger_a_dual_momentum,stress,1.5958450574249816
2026-04-07,challenger_a_dual_momentum,stress,1.6254674133494893
2026-04-08,challenger_a_dual_momentum,stress,1.6553784062276669
2026-04-09,challenger_a_dual_momentum,stress,1.676152643158336
2026-04-10,challenger_a_dual_momentum,stress,1.6528203339656198
2026-04-13,challenger_a_dual_momentum,stress,1.667697717964451
2026-04-14,challenger_a_dual_momentum,stress,1.687034853941392
2026-04-15,challenger_a_dual_momentum,stress,1.6764213125569776
2026-04-16,challenger_a_dual_momentum,stress,1.7301542414030984
2026-04-17,challenger_a_dual_momentum,stress,1.7720156717004354
2026-04-20,challenger_a_dual_momentum,stress,1.794407364715435
2026-04-21,challenger_a_dual_momentum,stress,1.781418368870916
2026-04-22,challenger_a_dual_momentum,stress,1.8796707179577898
2026-04-23,challenger_a_dual_momentum,stress,1.8394732712616457
2026-04-24,challenger_a_dual_momentum,stress,1.809112132473026
2026-04-27,challenger_a_dual_momentum,stress,1.8072766063655405
2026-04-28,challenger_a_dual_momentum,stress,1.7700067929746566
2026-04-29,challenger_a_dual_momentum,stress,1.831955190211889
2026-04-30,challenger_a_dual_momentum,stress,1.8314374602279024
2026-05-06,challenger_a_dual_momentum,stress,1.811055042061085
2026-05-07,challenger_a_dual_momentum,stress,1.8220587605946952
2026-05-08,challenger_a_dual_momentum,stress,1.85764831686697
2026-05-11,challenger_a_dual_momentum,stress,1.853906885549018
2026-05-12,challenger_a_dual_momentum,stress,1.7976691042741504
2026-05-13,challenger_a_dual_momentum,stress,1.8626554531802664
2026-05-14,challenger_a_dual_momentum,stress,1.805422768941547
2026-05-15,challenger_a_dual_momentum,stress,1.765364432396383
2026-05-18,challenger_a_dual_momentum,stress,1.809169381552949
2026-05-19,challenger_a_dual_momentum,stress,1.8711705501934326
2026-05-20,challenger_a_dual_momentum,stress,1.9280508746964056
2026-05-21,challenger_a_dual_momentum,stress,1.76447521490557
2026-05-22,challenger_a_dual_momentum,stress,1.8454507723199332
2026-05-25,challenger_a_dual_momentum,stress,1.8528464051400775
2026-05-26,challenger_a_dual_momentum,stress,1.8034463917455212
2026-05-27,challenger_a_dual_momentum,stress,1.801154370036734
2026-05-28,challenger_a_dual_momentum,stress,1.8886614342019175
2026-05-29,challenger_a_dual_momentum,stress,1.7703356784174271
2026-06-01,challenger_a_dual_momentum,stress,1.7629043751374573
2026-06-02,challenger_a_dual_momentum,stress,1.8495399200841516
2026-06-03,challenger_a_dual_momentum,stress,1.8647720563327475
2026-06-04,challenger_a_dual_momentum,stress,1.894501077941727
2026-06-05,challenger_a_dual_momentum,stress,1.7861129208750464
2026-06-08,challenger_a_dual_momentum,stress,1.8101952219486366
2026-06-09,challenger_a_dual_momentum,stress,1.9374759091685418
2026-06-10,challenger_a_dual_momentum,stress,1.9457359932139748
2026-06-11,challenger_a_dual_momentum,stress,2.1372243517296816
2026-06-12,challenger_a_dual_momentum,stress,2.0907106352831
2026-06-15,challenger_a_dual_momentum,stress,2.1831496348472856
2026-06-16,challenger_a_dual_momentum,stress,2.1180201165765573
2026-06-17,challenger_a_dual_momentum,stress,2.252227114258162
2026-06-18,challenger_a_dual_momentum,stress,2.415603441711926
2026-06-22,challenger_a_dual_momentum,stress,2.391719493959347
2026-06-23,challenger_a_dual_momentum,stress,2.363135228277463
2026-06-24,challenger_a_dual_momentum,stress,2.527833773975171
2026-06-25,challenger_a_dual_momentum,stress,2.551926939699167
2026-06-26,challenger_a_dual_momentum,stress,2.5543789138848854
2026-06-29,challenger_a_dual_momentum,stress,2.5904408497620004
2026-06-30,challenger_a_dual_momentum,stress,2.746431745258231
2026-07-01,challenger_a_dual_momentum,stress,2.454839096127952
2026-07-02,challenger_a_dual_momentum,stress,2.249060435318507
2026-07-03,challenger_a_dual_momentum,stress,2.2764174133910133
2026-07-06,challenger_a_dual_momentum,stress,2.20301228449633
2026-07-07,challenger_a_dual_momentum,stress,2.3292614435423533
2026-07-08,challenger_a_dual_momentum,stress,2.291061619010917
2026-07-09,challenger_a_dual_momentum,stress,2.4499665559762906
2026-07-10,challenger_a_dual_momentum,stress,2.180945771114582
2026-07-13,challenger_a_dual_momentum,stress,2.1156161417089754
2026-07-14,challenger_a_dual_momentum,stress,2.1677999686426928
2026-07-15,challenger_a_dual_momentum,stress,1.9653243048568536
2026-07-16,challenger_a_dual_momentum,stress,1.856740967532204
2025-08-11,challenger_b_vol_adjusted_trend,base,1.2678860706738588
2025-08-12,challenger_b_vol_adjusted_trend,base,1.3024068405896811
2025-08-13,challenger_b_vol_adjusted_trend,base,1.314782352743658
2025-08-14,challenger_b_vol_adjusted_trend,base,1.3107368685813698
2025-08-15,challenger_b_vol_adjusted_trend,base,1.3500115943178128
2025-08-18,challenger_b_vol_adjusted_trend,base,1.369891554684927
2025-08-19,challenger_b_vol_adjusted_trend,base,1.3763365732391502
2025-08-20,challenger_b_vol_adjusted_trend,base,1.3992826308220847
2025-08-21,challenger_b_vol_adjusted_trend,base,1.4295479904267099
2025-08-22,challenger_b_vol_adjusted_trend,base,1.4969634341627607
2025-08-25,challenger_b_vol_adjusted_trend,base,1.4979318702170858
2025-08-26,challenger_b_vol_adjusted_trend,base,1.5126832651790596
2025-08-27,challenger_b_vol_adjusted_trend,base,1.5276553278049378
2025-08-28,challenger_b_vol_adjusted_trend,base,1.5638509869969985
2025-08-29,challenger_b_vol_adjusted_trend,base,1.5925476897023563
2025-09-01,challenger_b_vol_adjusted_trend,base,1.5822867228954778
2025-09-02,challenger_b_vol_adjusted_trend,base,1.565146758711906
2025-09-03,challenger_b_vol_adjusted_trend,base,1.5157791084328551
2025-09-04,challenger_b_vol_adjusted_trend,base,1.4973701824847043
2025-09-05,challenger_b_vol_adjusted_trend,base,1.5291094082864012
2025-09-08,challenger_b_vol_adjusted_trend,base,1.5171057444691591
2025-09-09,challenger_b_vol_adjusted_trend,base,1.536625050858881
2025-09-10,challenger_b_vol_adjusted_trend,base,1.5865886866099992
2025-09-11,challenger_b_vol_adjusted_trend,base,1.60678035738856
2025-09-12,challenger_b_vol_adjusted_trend,base,1.591599331642551
2025-09-15,challenger_b_vol_adjusted_trend,base,1.611521200314853
2025-09-16,challenger_b_vol_adjusted_trend,base,1.6378470951893034
2025-09-17,challenger_b_vol_adjusted_trend,base,1.6585553668721176
2025-09-18,challenger_b_vol_adjusted_trend,base,1.652833192035018
2025-09-19,challenger_b_vol_adjusted_trend,base,1.6495648225667288
2025-09-22,challenger_b_vol_adjusted_trend,base,1.6663253092699255
2025-09-23,challenger_b_vol_adjusted_trend,base,1.656267974359665
2025-09-24,challenger_b_vol_adjusted_trend,base,1.6902129738509863
2025-09-25,challenger_b_vol_adjusted_trend,base,1.6717555848522143
2025-09-26,challenger_b_vol_adjusted_trend,base,1.656289196475473
2025-09-29,challenger_b_vol_adjusted_trend,base,1.6744616439143523
2025-09-30,challenger_b_vol_adjusted_trend,base,1.6956082344523025
2025-10-09,challenger_b_vol_adjusted_trend,base,1.6586049157722824
2025-10-10,challenger_b_vol_adjusted_trend,base,1.6088623595354137
2025-10-13,challenger_b_vol_adjusted_trend,base,1.6132655298589678
2025-10-14,challenger_b_vol_adjusted_trend,base,1.5507222237162752
2025-10-15,challenger_b_vol_adjusted_trend,base,1.5646014820776295
2025-10-16,challenger_b_vol_adjusted_trend,base,1.532967160495071
2025-10-17,challenger_b_vol_adjusted_trend,base,1.541575569357981
2025-10-20,challenger_b_vol_adjusted_trend,base,1.5747245350282273
2025-10-21,challenger_b_vol_adjusted_trend,base,1.5932684534526598
2025-10-22,challenger_b_vol_adjusted_trend,base,1.5670460079112856
2025-10-23,challenger_b_vol_adjusted_trend,base,1.6190002525002192
2025-10-24,challenger_b_vol_adjusted_trend,base,1.7120923526258367
2025-10-27,challenger_b_vol_adjusted_trend,base,1.7205529637272827
2025-10-28,challenger_b_vol_adjusted_trend,base,1.752427064713557
2025-10-29,challenger_b_vol_adjusted_trend,base,1.7482977487025504
2025-10-30,challenger_b_vol_adjusted_trend,base,1.6947162315091315
2025-10-31,challenger_b_vol_adjusted_trend,base,1.6778633385202426
2025-11-03,challenger_b_vol_adjusted_trend,base,1.693444107968189
2025-11-04,challenger_b_vol_adjusted_trend,base,1.6748196213707922
2025-11-05,challenger_b_vol_adjusted_trend,base,1.7426280428978103
2025-11-06,challenger_b_vol_adjusted_trend,base,1.7461325677043107
2025-11-07,challenger_b_vol_adjusted_trend,base,1.7363658469851504
2025-11-10,challenger_b_vol_adjusted_trend,base,1.7223612419992924
2025-11-11,challenger_b_vol_adjusted_trend,base,1.6830170471373156
2025-11-12,challenger_b_vol_adjusted_trend,base,1.6877215200447158
2025-11-13,challenger_b_vol_adjusted_trend,base,1.6650082345387796
2025-11-14,challenger_b_vol_adjusted_trend,base,1.6477369466174672
2025-11-17,challenger_b_vol_adjusted_trend,base,1.6354996999491072
2025-11-18,challenger_b_vol_adjusted_trend,base,1.6345748449619404
2025-11-19,challenger_b_vol_adjusted_trend,base,1.6271366484997694
2025-11-20,challenger_b_vol_adjusted_trend,base,1.556393267393905
2025-11-21,challenger_b_vol_adjusted_trend,base,1.5463883484908987
2025-11-24,challenger_b_vol_adjusted_trend,base,1.5805038972464318
2025-11-25,challenger_b_vol_adjusted_trend,base,1.6079736204615769
2025-11-26,challenger_b_vol_adjusted_trend,base,1.6389464710161556
2025-11-27,challenger_b_vol_adjusted_trend,base,1.63731539317132
2025-11-28,challenger_b_vol_adjusted_trend,base,1.6682971685293702
2025-12-01,challenger_b_vol_adjusted_trend,base,1.6681393880118147
2025-12-02,challenger_b_vol_adjusted_trend,base,1.6653630542599014
2025-12-03,challenger_b_vol_adjusted_trend,base,1.6714135142306137
2025-12-04,challenger_b_vol_adjusted_trend,base,1.69189834281401
2025-12-05,challenger_b_vol_adjusted_trend,base,1.7192683028086926
2025-12-08,challenger_b_vol_adjusted_trend,base,1.7283261369346186
2025-12-09,challenger_b_vol_adjusted_trend,base,1.7229283242760154
2025-12-10,challenger_b_vol_adjusted_trend,base,1.7357277744555761
2025-12-11,challenger_b_vol_adjusted_trend,base,1.7504468069625572
2025-12-12,challenger_b_vol_adjusted_trend,base,1.7762175758250627
2025-12-15,challenger_b_vol_adjusted_trend,base,1.7413095235919025
2025-12-16,challenger_b_vol_adjusted_trend,base,1.738845497223484
2025-12-17,challenger_b_vol_adjusted_trend,base,1.739233871189675
2025-12-18,challenger_b_vol_adjusted_trend,base,1.7409138744669597
2025-12-19,challenger_b_vol_adjusted_trend,base,1.7710685729128646
2025-12-22,challenger_b_vol_adjusted_trend,base,1.806024524407594
2025-12-23,challenger_b_vol_adjusted_trend,base,1.8176372315246418
2025-12-24,challenger_b_vol_adjusted_trend,base,1.830720077904573
2025-12-25,challenger_b_vol_adjusted_trend,base,1.828379398529998
2025-12-26,challenger_b_vol_adjusted_trend,base,1.812186158382601
2025-12-29,challenger_b_vol_adjusted_trend,base,1.8048731356326615
2025-12-30,challenger_b_vol_adjusted_trend,base,1.8059864529368497
2025-12-31,challenger_b_vol_adjusted_trend,base,1.836365973947946
2026-01-05,challenger_b_vol_adjusted_trend,base,1.8406680328659226
2026-01-06,challenger_b_vol_adjusted_trend,base,1.863496781462134
2026-01-07,challenger_b_vol_adjusted_trend,base,1.866676123252952
2026-01-08,challenger_b_vol_adjusted_trend,base,1.874117150767964
2026-01-09,challenger_b_vol_adjusted_trend,base,1.9139477877278497
2026-01-12,challenger_b_vol_adjusted_trend,base,1.9666293394967973
2026-01-13,challenger_b_vol_adjusted_trend,base,1.9743377420053765
2026-01-14,challenger_b_vol_adjusted_trend,base,1.8777702112061851
2026-01-15,challenger_b_vol_adjusted_trend,base,1.9295037963131543
2026-01-16,challenger_b_vol_adjusted_trend,base,1.9455685196907953
2026-01-19,challenger_b_vol_adjusted_trend,base,1.9082842711280152
2026-01-20,challenger_b_vol_adjusted_trend,base,1.8729826146734565
2026-01-21,challenger_b_vol_adjusted_trend,base,1.9097016608755746
2026-01-22,challenger_b_vol_adjusted_trend,base,1.9743334405256212
2026-01-23,challenger_b_vol_adjusted_trend,base,1.9593366069980156
2026-01-26,challenger_b_vol_adjusted_trend,base,1.9241774216594651
2026-01-27,challenger_b_vol_adjusted_trend,base,1.9545783751168928
2026-01-28,challenger_b_vol_adjusted_trend,base,1.9150215710006395
2026-01-29,challenger_b_vol_adjusted_trend,base,1.863223186041536
2026-01-30,challenger_b_vol_adjusted_trend,base,1.8335594253174514
2026-02-02,challenger_b_vol_adjusted_trend,base,1.8326291352930952
2026-02-03,challenger_b_vol_adjusted_trend,base,1.8141910409962603
2026-02-04,challenger_b_vol_adjusted_trend,base,1.7727884211570644
2026-02-05,challenger_b_vol_adjusted_trend,base,1.7520542479040313
2026-02-06,challenger_b_vol_adjusted_trend,base,1.8067966140443112
2026-02-09,challenger_b_vol_adjusted_trend,base,1.8024960499919316
2026-02-10,challenger_b_vol_adjusted_trend,base,1.785167653935894
2026-02-11,challenger_b_vol_adjusted_trend,base,1.775777214382083
2026-02-12,challenger_b_vol_adjusted_trend,base,1.7809829192793045
2026-02-13,challenger_b_vol_adjusted_trend,base,1.7836708685646976
2026-02-24,challenger_b_vol_adjusted_trend,base,1.8162016127125453
2026-02-25,challenger_b_vol_adjusted_trend,base,1.854087434600695
2026-02-26,challenger_b_vol_adjusted_trend,base,1.852109106132374
2026-02-27,challenger_b_vol_adjusted_trend,base,1.8524886409508088
2026-03-02,challenger_b_vol_adjusted_trend,base,1.8133532851378849
2026-03-03,challenger_b_vol_adjusted_trend,base,1.762560485937619
2026-03-04,challenger_b_vol_adjusted_trend,base,1.832884323237295
2026-03-05,challenger_b_vol_adjusted_trend,base,1.8496708447853147
2026-03-06,challenger_b_vol_adjusted_trend,base,1.8218405897861973
2026-03-09,challenger_b_vol_adjusted_trend,base,1.8625164951214388
2026-03-10,challenger_b_vol_adjusted_trend,base,1.8650708690827016
2026-03-11,challenger_b_vol_adjusted_trend,base,1.8305580509100672
2026-03-12,challenger_b_vol_adjusted_trend,base,1.7883069605516773
2026-03-13,challenger_b_vol_adjusted_trend,base,1.7451981717412353
2026-03-16,challenger_b_vol_adjusted_trend,base,1.709487159881667
2026-03-17,challenger_b_vol_adjusted_trend,base,1.6817976423967789
2026-03-18,challenger_b_vol_adjusted_trend,base,1.6783652427126383
2026-03-19,challenger_b_vol_adjusted_trend,base,1.6521301813486293
2026-03-20,challenger_b_vol_adjusted_trend,base,1.580477510098207
2026-03-23,challenger_b_vol_adjusted_trend,base,1.5734996132636443
2026-03-24,challenger_b_vol_adjusted_trend,base,1.6088365591640301
2026-03-25,challenger_b_vol_adjusted_trend,base,1.575292392632437
2026-03-26,challenger_b_vol_adjusted_trend,base,1.546587662785949
2026-03-27,challenger_b_vol_adjusted_trend,base,1.5610550813435868
2026-03-30,challenger_b_vol_adjusted_trend,base,1.5521733636172357
2026-03-31,challenger_b_vol_adjusted_trend,base,1.5604091842593077
2026-04-01,challenger_b_vol_adjusted_trend,base,1.5689096890332557
2026-04-02,challenger_b_vol_adjusted_trend,base,1.5583851942932623
2026-04-03,challenger_b_vol_adjusted_trend,base,1.5301374911492942
2026-04-07,challenger_b_vol_adjusted_trend,base,1.5891882680105367
2026-04-08,challenger_b_vol_adjusted_trend,base,1.6039512276089654
2026-04-09,challenger_b_vol_adjusted_trend,base,1.6243136973773362
2026-04-10,challenger_b_vol_adjusted_trend,base,1.6105927008572685
2026-04-13,challenger_b_vol_adjusted_trend,base,1.6173614387855864
2026-04-14,challenger_b_vol_adjusted_trend,base,1.6138947116132092
2026-04-15,challenger_b_vol_adjusted_trend,base,1.5924357430947276
2026-04-16,challenger_b_vol_adjusted_trend,base,1.6457805007797073
2026-04-17,challenger_b_vol_adjusted_trend,base,1.6868426944621142
2026-04-20,challenger_b_vol_adjusted_trend,base,1.7143219700653178
2026-04-21,challenger_b_vol_adjusted_trend,base,1.7734117707397876
2026-04-22,challenger_b_vol_adjusted_trend,base,1.7954119178170038
2026-04-23,challenger_b_vol_adjusted_trend,base,1.7646171831834045
2026-04-24,challenger_b_vol_adjusted_trend,base,1.7572757491784188
2026-04-27,challenger_b_vol_adjusted_trend,base,1.722869716275114
2026-04-28,challenger_b_vol_adjusted_trend,base,1.7054569319147763
2026-04-29,challenger_b_vol_adjusted_trend,base,1.732704992898055
2026-04-30,challenger_b_vol_adjusted_trend,base,1.746732236375927
2026-05-06,challenger_b_vol_adjusted_trend,base,1.7668538539825054
2026-05-07,challenger_b_vol_adjusted_trend,base,1.7874828501681546
2026-05-08,challenger_b_vol_adjusted_trend,base,1.8017900671257923
2026-05-11,challenger_b_vol_adjusted_trend,base,1.7941326598316747
2026-05-12,challenger_b_vol_adjusted_trend,base,1.7841569473429317
2026-05-13,challenger_b_vol_adjusted_trend,base,1.784638740325358
2026-05-14,challenger_b_vol_adjusted_trend,base,1.7414058458703556
2026-05-15,challenger_b_vol_adjusted_trend,base,1.7423057869251286
2026-05-18,challenger_b_vol_adjusted_trend,base,1.7574935497397108
2026-05-19,challenger_b_vol_adjusted_trend,base,1.8106245749031251
2026-05-20,challenger_b_vol_adjusted_trend,base,1.767712426452643
2026-05-21,challenger_b_vol_adjusted_trend,base,1.7113787830947544
2026-05-22,challenger_b_vol_adjusted_trend,base,1.774604277013266
2026-05-25,challenger_b_vol_adjusted_trend,base,1.748828826566896
2026-05-26,challenger_b_vol_adjusted_trend,base,1.7448491168888562
2026-05-27,challenger_b_vol_adjusted_trend,base,1.7666556891230554
2026-05-28,challenger_b_vol_adjusted_trend,base,1.7580045533424455
2026-05-29,challenger_b_vol_adjusted_trend,base,1.6970364872420296
2026-06-01,challenger_b_vol_adjusted_trend,base,1.7311693927732934
2026-06-02,challenger_b_vol_adjusted_trend,base,1.8270344581838107
2026-06-03,challenger_b_vol_adjusted_trend,base,1.8245560446896691
2026-06-04,challenger_b_vol_adjusted_trend,base,1.829705076388484
2026-06-05,challenger_b_vol_adjusted_trend,base,1.7305181501474984
2026-06-08,challenger_b_vol_adjusted_trend,base,1.8250928069618433
2026-06-09,challenger_b_vol_adjusted_trend,base,1.8846245811960731
2026-06-10,challenger_b_vol_adjusted_trend,base,1.9289317716169416
2026-06-11,challenger_b_vol_adjusted_trend,base,2.0035565935784048
2026-06-12,challenger_b_vol_adjusted_trend,base,2.033474514247109
2026-06-15,challenger_b_vol_adjusted_trend,base,2.074240709867603
2026-06-16,challenger_b_vol_adjusted_trend,base,2.095792478153152
2026-06-17,challenger_b_vol_adjusted_trend,base,2.2140968550087172
2026-06-18,challenger_b_vol_adjusted_trend,base,2.285385976199897
2026-06-22,challenger_b_vol_adjusted_trend,base,2.267715772968167
2026-06-23,challenger_b_vol_adjusted_trend,base,2.3017638254156254
2026-06-24,challenger_b_vol_adjusted_trend,base,2.4060758014536088
2026-06-25,challenger_b_vol_adjusted_trend,base,2.4055311599069586
2026-06-26,challenger_b_vol_adjusted_trend,base,2.42525715418672
2026-06-29,challenger_b_vol_adjusted_trend,base,2.503898988126708
2026-06-30,challenger_b_vol_adjusted_trend,base,2.5441062445783453
2026-07-01,challenger_b_vol_adjusted_trend,base,2.2751144733275077
2026-07-02,challenger_b_vol_adjusted_trend,base,2.171898846964485
2026-07-03,challenger_b_vol_adjusted_trend,base,2.1567377462788904
2026-07-06,challenger_b_vol_adjusted_trend,base,2.1507336500907623
2026-07-07,challenger_b_vol_adjusted_trend,base,2.1907442231414453
2026-07-08,challenger_b_vol_adjusted_trend,base,2.252568053784523
2026-07-09,challenger_b_vol_adjusted_trend,base,2.2801151589081035
2026-07-10,challenger_b_vol_adjusted_trend,base,2.100424340551376
2026-07-13,challenger_b_vol_adjusted_trend,base,2.06437564044342
2026-07-14,challenger_b_vol_adjusted_trend,base,2.057885245146879
2026-07-15,challenger_b_vol_adjusted_trend,base,1.9161028548233827
2026-07-16,challenger_b_vol_adjusted_trend,base,1.784156713804953
2025-08-11,challenger_b_vol_adjusted_trend,stress,1.0623236858412515
2025-08-12,challenger_b_vol_adjusted_trend,stress,1.083242939222752
2025-08-13,challenger_b_vol_adjusted_trend,stress,1.1140183112627808
2025-08-14,challenger_b_vol_adjusted_trend,stress,1.0945782128147927
2025-08-15,challenger_b_vol_adjusted_trend,stress,1.1243068198236557
2025-08-18,challenger_b_vol_adjusted_trend,stress,1.1541722094319293
2025-08-19,challenger_b_vol_adjusted_trend,stress,1.1493561676579642
2025-08-20,challenger_b_vol_adjusted_trend,stress,1.1846132140259225
2025-08-21,challenger_b_vol_adjusted_trend,stress,1.1726002349541103
2025-08-22,challenger_b_vol_adjusted_trend,stress,1.2619078235193657
2025-08-25,challenger_b_vol_adjusted_trend,stress,1.2606833307526084
2025-08-26,challenger_b_vol_adjusted_trend,stress,1.2518818543129655
2025-08-27,challenger_b_vol_adjusted_trend,stress,1.2492996184671077
2025-08-28,challenger_b_vol_adjusted_trend,stress,1.3161594945447617
2025-08-29,challenger_b_vol_adjusted_trend,stress,1.320034087675064
2025-09-01,challenger_b_vol_adjusted_trend,stress,1.3397675925629
2025-09-02,challenger_b_vol_adjusted_trend,stress,1.3161936764111748
2025-09-03,challenger_b_vol_adjusted_trend,stress,1.315917108046913
2025-09-04,challenger_b_vol_adjusted_trend,stress,1.2283639625413845
2025-09-05,challenger_b_vol_adjusted_trend,stress,1.2786841255005559
2025-09-08,challenger_b_vol_adjusted_trend,stress,1.27798254968214
2025-09-09,challenger_b_vol_adjusted_trend,stress,1.2838227303053882
2025-09-10,challenger_b_vol_adjusted_trend,stress,1.3003471812895169
2025-09-11,challenger_b_vol_adjusted_trend,stress,1.3453574520027354
2025-09-12,challenger_b_vol_adjusted_trend,stress,1.332687824036481
2025-09-15,challenger_b_vol_adjusted_trend,stress,1.335303527617017
2025-09-16,challenger_b_vol_adjusted_trend,stress,1.368073006158517
2025-09-17,challenger_b_vol_adjusted_trend,stress,1.3741082853868707
2025-09-18,challenger_b_vol_adjusted_trend,stress,1.3958741803585217
2025-09-19,challenger_b_vol_adjusted_trend,stress,1.376939100408017
2025-09-22,challenger_b_vol_adjusted_trend,stress,1.4183147185906944
2025-09-23,challenger_b_vol_adjusted_trend,stress,1.367206631432147
2025-09-24,challenger_b_vol_adjusted_trend,stress,1.4074121773244674
2025-09-25,challenger_b_vol_adjusted_trend,stress,1.4166806647375905
2025-09-26,challenger_b_vol_adjusted_trend,stress,1.3772387024865431
2025-09-29,challenger_b_vol_adjusted_trend,stress,1.4062111303140694
2025-09-30,challenger_b_vol_adjusted_trend,stress,1.3968577838015734
2025-10-09,challenger_b_vol_adjusted_trend,stress,1.3908531976518017
2025-10-10,challenger_b_vol_adjusted_trend,stress,1.3008242661825307
2025-10-13,challenger_b_vol_adjusted_trend,stress,1.397722531096532
2025-10-14,challenger_b_vol_adjusted_trend,stress,1.2847344526951014
2025-10-15,challenger_b_vol_adjusted_trend,stress,1.2941135646588178
2025-10-16,challenger_b_vol_adjusted_trend,stress,1.2965811139670318
2025-10-17,challenger_b_vol_adjusted_trend,stress,1.2859531987667892
2025-10-20,challenger_b_vol_adjusted_trend,stress,1.284313382207213
2025-10-21,challenger_b_vol_adjusted_trend,stress,1.3227225354083862
2025-10-22,challenger_b_vol_adjusted_trend,stress,1.3108412207196394
2025-10-23,challenger_b_vol_adjusted_trend,stress,1.3242097870743539
2025-10-24,challenger_b_vol_adjusted_trend,stress,1.4138946399939285
2025-10-27,challenger_b_vol_adjusted_trend,stress,1.4192300914656037
2025-10-28,challenger_b_vol_adjusted_trend,stress,1.4335286855808278
2025-10-29,challenger_b_vol_adjusted_trend,stress,1.4586644329236997
2025-10-30,challenger_b_vol_adjusted_trend,stress,1.4146756917066252
2025-10-31,challenger_b_vol_adjusted_trend,stress,1.3729943476358903
2025-11-03,challenger_b_vol_adjusted_trend,stress,1.4010495967599463
2025-11-04,challenger_b_vol_adjusted_trend,stress,1.361859176084925
2025-11-05,challenger_b_vol_adjusted_trend,stress,1.4222594697068534
2025-11-06,challenger_b_vol_adjusted_trend,stress,1.4389710385098526
2025-11-07,challenger_b_vol_adjusted_trend,stress,1.446636896796421
2025-11-10,challenger_b_vol_adjusted_trend,stress,1.436505633307144
2025-11-11,challenger_b_vol_adjusted_trend,stress,1.391492713382174
2025-11-12,challenger_b_vol_adjusted_trend,stress,1.38823601424672
2025-11-13,challenger_b_vol_adjusted_trend,stress,1.3829783119575723
2025-11-14,challenger_b_vol_adjusted_trend,stress,1.3573462538973442
2025-11-17,challenger_b_vol_adjusted_trend,stress,1.3510169896756234
2025-11-18,challenger_b_vol_adjusted_trend,stress,1.3536457977686334
2025-11-19,challenger_b_vol_adjusted_trend,stress,1.363621817667591
2025-11-20,challenger_b_vol_adjusted_trend,stress,1.3033479906033885
2025-11-21,challenger_b_vol_adjusted_trend,stress,1.275766488196314
2025-11-24,challenger_b_vol_adjusted_trend,stress,1.3012313326454485
2025-11-25,challenger_b_vol_adjusted_trend,stress,1.312389235163776
2025-11-26,challenger_b_vol_adjusted_trend,stress,1.3493429313701226
2025-11-27,challenger_b_vol_adjusted_trend,stress,1.3584181954429237
2025-11-28,challenger_b_vol_adjusted_trend,stress,1.3744204448765986
2025-12-01,challenger_b_vol_adjusted_trend,stress,1.3978216202943066
2025-12-02,challenger_b_vol_adjusted_trend,stress,1.3843682077066453
2025-12-03,challenger_b_vol_adjusted_trend,stress,1.3804492201179115
2025-12-04,challenger_b_vol_adjusted_trend,stress,1.3972895315136953
2025-12-05,challenger_b_vol_adjusted_trend,stress,1.4234953833103179
2025-12-08,challenger_b_vol_adjusted_trend,stress,1.4361115572098222
2025-12-09,challenger_b_vol_adjusted_trend,stress,1.429581370757386
2025-12-10,challenger_b_vol_adjusted_trend,stress,1.446866152484976
2025-12-11,challenger_b_vol_adjusted_trend,stress,1.43345310372394
2025-12-12,challenger_b_vol_adjusted_trend,stress,1.4805569827094232
2025-12-15,challenger_b_vol_adjusted_trend,stress,1.4606448035787418
2025-12-16,challenger_b_vol_adjusted_trend,stress,1.4367400030824953
2025-12-17,challenger_b_vol_adjusted_trend,stress,1.453639211536298
2025-12-18,challenger_b_vol_adjusted_trend,stress,1.4494147339500087
2025-12-19,challenger_b_vol_adjusted_trend,stress,1.4504095906861596
2025-12-22,challenger_b_vol_adjusted_trend,stress,1.4980566438835716
2025-12-23,challenger_b_vol_adjusted_trend,stress,1.5096168118672062
2025-12-24,challenger_b_vol_adjusted_trend,stress,1.5217314180597903
2025-12-25,challenger_b_vol_adjusted_trend,stress,1.5253933664044135
2025-12-26,challenger_b_vol_adjusted_trend,stress,1.5178010664274153
2025-12-29,challenger_b_vol_adjusted_trend,stress,1.5029863449252325
2025-12-30,challenger_b_vol_adjusted_trend,stress,1.513113868490512
2025-12-31,challenger_b_vol_adjusted_trend,stress,1.510675387373766
2026-01-05,challenger_b_vol_adjusted_trend,stress,1.5483514847480355
2026-01-06,challenger_b_vol_adjusted_trend,stress,1.560075639450742
2026-01-07,challenger_b_vol_adjusted_trend,stress,1.574891941170138
2026-01-08,challenger_b_vol_adjusted_trend,stress,1.5625233775066931
2026-01-09,challenger_b_vol_adjusted_trend,stress,1.6026381348677712
2026-01-12,challenger_b_vol_adjusted_trend,stress,1.6342372545543329
2026-01-13,challenger_b_vol_adjusted_trend,stress,1.680011565266755
2026-01-14,challenger_b_vol_adjusted_trend,stress,1.5694909304650744
2026-01-15,challenger_b_vol_adjusted_trend,stress,1.6324583432685784
2026-01-16,challenger_b_vol_adjusted_trend,stress,1.5836613240014068
2026-01-19,challenger_b_vol_adjusted_trend,stress,1.6778521832331064
2026-01-20,challenger_b_vol_adjusted_trend,stress,1.5906012909569636
2026-01-21,challenger_b_vol_adjusted_trend,stress,1.6174259181364063
2026-01-22,challenger_b_vol_adjusted_trend,stress,1.6744560848746681
2026-01-23,challenger_b_vol_adjusted_trend,stress,1.7081652566503633
2026-01-26,challenger_b_vol_adjusted_trend,stress,1.641629356342068
2026-01-27,challenger_b_vol_adjusted_trend,stress,1.6987684468201185
2026-01-28,challenger_b_vol_adjusted_trend,stress,1.6778397545791157
2026-01-29,challenger_b_vol_adjusted_trend,stress,1.613090060872322
2026-01-30,challenger_b_vol_adjusted_trend,stress,1.6119059387216914
2026-02-02,challenger_b_vol_adjusted_trend,stress,1.5818823470266177
2026-02-03,challenger_b_vol_adjusted_trend,stress,1.5822330528273403
2026-02-04,challenger_b_vol_adjusted_trend,stress,1.5310009570340855
2026-02-05,challenger_b_vol_adjusted_trend,stress,1.5041408090896717
2026-02-06,challenger_b_vol_adjusted_trend,stress,1.5543314161388808
2026-02-09,challenger_b_vol_adjusted_trend,stress,1.5771556548825798
2026-02-10,challenger_b_vol_adjusted_trend,stress,1.55440677846964
2026-02-11,challenger_b_vol_adjusted_trend,stress,1.5409632603855783
2026-02-12,challenger_b_vol_adjusted_trend,stress,1.537221782870698
2026-02-13,challenger_b_vol_adjusted_trend,stress,1.561431170675779
2026-02-24,challenger_b_vol_adjusted_trend,stress,1.5494882338506029
2026-02-25,challenger_b_vol_adjusted_trend,stress,1.5995977083189037
2026-02-26,challenger_b_vol_adjusted_trend,stress,1.6057883534860522
2026-02-27,challenger_b_vol_adjusted_trend,stress,1.5879854031099612
2026-03-02,challenger_b_vol_adjusted_trend,stress,1.6110391530468933
2026-03-03,challenger_b_vol_adjusted_trend,stress,1.4793092410216495
2026-03-04,challenger_b_vol_adjusted_trend,stress,1.5654386095996482
2026-03-05,challenger_b_vol_adjusted_trend,stress,1.5843784606512477
2026-03-06,challenger_b_vol_adjusted_trend,stress,1.5543177086076414
2026-03-09,challenger_b_vol_adjusted_trend,stress,1.594279695952684
2026-03-10,challenger_b_vol_adjusted_trend,stress,1.6132920017185057
2026-03-11,challenger_b_vol_adjusted_trend,stress,1.5879786488973777
2026-03-12,challenger_b_vol_adjusted_trend,stress,1.551348779879096
2026-03-13,challenger_b_vol_adjusted_trend,stress,1.5131219040048651
2026-03-16,challenger_b_vol_adjusted_trend,stress,1.5120193810234892
2026-03-17,challenger_b_vol_adjusted_trend,stress,1.431507070918368
2026-03-18,challenger_b_vol_adjusted_trend,stress,1.4404108310915968
2026-03-19,challenger_b_vol_adjusted_trend,stress,1.4383018552152562
2026-03-20,challenger_b_vol_adjusted_trend,stress,1.376765451572479
2026-03-23,challenger_b_vol_adjusted_trend,stress,1.355287103396136
2026-03-24,challenger_b_vol_adjusted_trend,stress,1.3961700247638056
2026-03-25,challenger_b_vol_adjusted_trend,stress,1.3832461204146649
2026-03-26,challenger_b_vol_adjusted_trend,stress,1.3160383591376295
2026-03-27,challenger_b_vol_adjusted_trend,stress,1.324895460973145
2026-03-30,challenger_b_vol_adjusted_trend,stress,1.3731628871357173
2026-03-31,challenger_b_vol_adjusted_trend,stress,1.3341792724894233
2026-04-01,challenger_b_vol_adjusted_trend,stress,1.3586065141905181
2026-04-02,challenger_b_vol_adjusted_trend,stress,1.3611649089666307
2026-04-03,challenger_b_vol_adjusted_trend,stress,1.325732675599733
2026-04-07,challenger_b_vol_adjusted_trend,stress,1.3571171094874686
2026-04-08,challenger_b_vol_adjusted_trend,stress,1.3747853226574438
2026-04-09,challenger_b_vol_adjusted_trend,stress,1.396976760074905
2026-04-10,challenger_b_vol_adjusted_trend,stress,1.3940011134080155
2026-04-13,challenger_b_vol_adjusted_trend,stress,1.3920134592171916
2026-04-14,challenger_b_vol_adjusted_trend,stress,1.405883320592107
2026-04-15,challenger_b_vol_adjusted_trend,stress,1.3676608929095282
2026-04-16,challenger_b_vol_adjusted_trend,stress,1.407276049959707
2026-04-17,challenger_b_vol_adjusted_trend,stress,1.4428822839494209
2026-04-20,challenger_b_vol_adjusted_trend,stress,1.4607022170650545
2026-04-21,challenger_b_vol_adjusted_trend,stress,1.5064916970714082
2026-04-22,challenger_b_vol_adjusted_trend,stress,1.563895962680278
2026-04-23,challenger_b_vol_adjusted_trend,stress,1.5322672026209803
2026-04-24,challenger_b_vol_adjusted_trend,stress,1.5290715655539984
2026-04-27,challenger_b_vol_adjusted_trend,stress,1.4885592615244791
2026-04-28,challenger_b_vol_adjusted_trend,stress,1.4652650973832644
2026-04-29,challenger_b_vol_adjusted_trend,stress,1.5005974151060202
2026-04-30,challenger_b_vol_adjusted_trend,stress,1.5101753281309171
2026-05-06,challenger_b_vol_adjusted_trend,stress,1.5119722959780895
2026-05-07,challenger_b_vol_adjusted_trend,stress,1.540227467951457
2026-05-08,challenger_b_vol_adjusted_trend,stress,1.5602323893823875
2026-05-11,challenger_b_vol_adjusted_trend,stress,1.5622303503743014
2026-05-12,challenger_b_vol_adjusted_trend,stress,1.5182739856939904
2026-05-13,challenger_b_vol_adjusted_trend,stress,1.5628986238427252
2026-05-14,challenger_b_vol_adjusted_trend,stress,1.5114664744779391
2026-05-15,challenger_b_vol_adjusted_trend,stress,1.4798131422226666
2026-05-18,challenger_b_vol_adjusted_trend,stress,1.5184215390479558
2026-05-19,challenger_b_vol_adjusted_trend,stress,1.569305490179457
2026-05-20,challenger_b_vol_adjusted_trend,stress,1.6170190066002306
2026-05-21,challenger_b_vol_adjusted_trend,stress,1.4811025457029772
2026-05-22,challenger_b_vol_adjusted_trend,stress,1.554135817055147
2026-05-25,challenger_b_vol_adjusted_trend,stress,1.5665947031032994
2026-05-26,challenger_b_vol_adjusted_trend,stress,1.5249007724481947
2026-05-27,challenger_b_vol_adjusted_trend,stress,1.5209246763979598
2026-05-28,challenger_b_vol_adjusted_trend,stress,1.5951771583814793
2026-05-29,challenger_b_vol_adjusted_trend,stress,1.498056958962446
2026-06-01,challenger_b_vol_adjusted_trend,stress,1.4913330620343082
2026-06-02,challenger_b_vol_adjusted_trend,stress,1.570709562293215
2026-06-03,challenger_b_vol_adjusted_trend,stress,1.5807984071097205
2026-06-04,challenger_b_vol_adjusted_trend,stress,1.6108148692098558
2026-06-05,challenger_b_vol_adjusted_trend,stress,1.5169443460402412
2026-06-08,challenger_b_vol_adjusted_trend,stress,1.5417774870787353
2026-06-09,challenger_b_vol_adjusted_trend,stress,1.64582484208912
2026-06-10,challenger_b_vol_adjusted_trend,stress,1.651191292504006
2026-06-11,challenger_b_vol_adjusted_trend,stress,1.8046438619366652
2026-06-12,challenger_b_vol_adjusted_trend,stress,1.7605591273774062
2026-06-15,challenger_b_vol_adjusted_trend,stress,1.8373387964298784
2026-06-16,challenger_b_vol_adjusted_trend,stress,1.7854850106171507
2026-06-17,challenger_b_vol_adjusted_trend,stress,1.889713802424982
2026-06-18,challenger_b_vol_adjusted_trend,stress,2.0259341666088604
2026-06-22,challenger_b_vol_adjusted_trend,stress,2.0037458758622693
2026-06-23,challenger_b_vol_adjusted_trend,stress,1.968272839886753
2026-06-24,challenger_b_vol_adjusted_trend,stress,2.097427804697254
2026-06-25,challenger_b_vol_adjusted_trend,stress,2.1120600202810995
2026-06-26,challenger_b_vol_adjusted_trend,stress,2.106766558349206
2026-06-29,challenger_b_vol_adjusted_trend,stress,2.147208770166587
2026-06-30,challenger_b_vol_adjusted_trend,stress,2.2545371104507184
2026-07-01,challenger_b_vol_adjusted_trend,stress,2.0482598141860446
2026-07-02,challenger_b_vol_adjusted_trend,stress,1.8937168837618685
2026-07-03,challenger_b_vol_adjusted_trend,stress,1.9210900862241183
2026-07-06,challenger_b_vol_adjusted_trend,stress,1.8421766887616058
2026-07-07,challenger_b_vol_adjusted_trend,stress,1.9285487144070577
2026-07-08,challenger_b_vol_adjusted_trend,stress,1.921013605385753
2026-07-09,challenger_b_vol_adjusted_trend,stress,2.0533504308862502
2026-07-10,challenger_b_vol_adjusted_trend,stress,1.8504248597319632
2026-07-13,challenger_b_vol_adjusted_trend,stress,1.7987707165451907
2026-07-14,challenger_b_vol_adjusted_trend,stress,1.8567191142720134
2026-07-15,challenger_b_vol_adjusted_trend,stress,1.6918691510241552
2026-07-16,challenger_b_vol_adjusted_trend,stress,1.6130470216898503
